MSW3_ID,Scientific,MSWFamilyLatin,Diet-Inv,Diet-Vend,Diet-Vect,Diet-Vfish,Diet-Vunk,Diet-Scav,Diet-Fruit,Diet-Nect,Diet-Seed,Diet-PlantO,ForStrat-Value,Activity-Nocturnal,Activity-Crepuscular,Activity-Diurnal,BodyMass-Value
1,Tachyglossus aculeatus,Tachyglossidae,100,0,0,0,0,0,0,0,0,0,G,1,1,0,3025
2,Zaglossus attenboroughi,Tachyglossidae,100,0,0,0,0,0,0,0,0,0,G,1,0,0,8532.39
3,Zaglossus bartoni,Tachyglossidae,100,0,0,0,0,0,0,0,0,0,G,1,0,0,7180
4,Zaglossus bruijni,Tachyglossidae,100,0,0,0,0,0,0,0,0,0,G,1,0,0,10139.5
5,Ornithorhynchus anatinus,Ornithorhynchidae,80,0,0,20,0,0,0,0,0,0,G,1,1,1,1484.25
6,Caluromys philander,Didelphidae,20,0,0,0,10,0,20,0,10,40,Ar,1,1,0,229.25
7,Caluromys derbianus,Didelphidae,20,0,0,0,10,0,20,0,10,40,Ar,1,1,0,297
8,Caluromys lanatus,Didelphidae,20,0,0,0,10,0,20,0,10,40,Ar,1,1,0,325
9,Caluromysiops irrupta,Didelphidae,20,0,0,0,0,0,20,40,0,20,Ar,1,0,0,250
10,Glironia venusta,Didelphidae,40,0,0,0,20,0,20,0,20,0,Ar,1,0,0,114
11,Chironectes minimus,Didelphidae,50,0,0,30,0,0,0,0,0,20,G,1,0,0,946
12,Didelphis aurita,Didelphidae,20,0,0,0,30,30,0,0,0,20,S,1,0,0,1163.99
13,Didelphis imperfecta,Didelphidae,50,0,0,0,0,0,50,0,0,0,S,1,0,0,1260.04
14,Didelphis marsupialis,Didelphidae,20,0,0,0,30,30,0,0,0,20,S,1,0,0,1091.16
15,Didelphis pernigra,Didelphidae,20,0,0,0,30,30,0,0,0,20,S,1,0,0,1260.04
16,Didelphis virginiana,Didelphidae,20,0,0,0,30,30,0,0,0,20,S,1,0,0,2195.48
17,Didelphis albiventris,Didelphidae,20,0,0,0,30,30,0,0,0,20,S,1,0,0,904
18,Gracilinanus formosus,Didelphidae,50,0,0,0,0,0,30,20,0,0,S,1,1,0,18.9
19,Gracilinanus emiliae,Didelphidae,50,0,0,0,0,0,30,20,0,0,S,1,1,0,7.6
20,Gracilinanus microtarsus,Didelphidae,50,0,0,0,0,0,30,20,0,0,S,1,1,0,31
21,Gracilinanus marica,Didelphidae,50,0,0,0,0,0,30,20,0,0,S,1,1,0,23.8
22,Gracilinanus dryas,Didelphidae,50,0,0,0,0,0,30,20,0,0,S,1,1,0,18
23,Gracilinanus aceramarcae,Didelphidae,50,0,0,0,0,0,30,20,0,0,S,1,1,0,20.5
24,Gracilinanus agricolai,Didelphidae,50,0,0,0,0,0,30,20,0,0,S,1,1,0,18.9
25,Gracilinanus agilis,Didelphidae,50,0,0,0,0,0,30,20,0,0,S,1,1,0,22
26,Gracilinanus ignitus,Didelphidae,50,0,0,0,0,0,30,20,0,0,S,1,1,0,18.9
27,Hyladelphys kalinowskii,Didelphidae,60,10,0,0,0,10,20,0,0,0,Ar,1,0,0,16.75
28,Lestodelphys halli,Didelphidae,0,100,0,0,0,0,0,0,0,0,S,1,0,0,76
29,Lutreolina crassicaudata,Didelphidae,20,40,20,20,0,0,0,0,0,0,S,1,0,0,537.3
30,Marmosa murina,Didelphidae,40,10,10,0,10,0,30,0,0,0,Ar,1,0,0,26
31,Marmosa xerophila,Didelphidae,40,10,10,0,10,0,30,0,0,0,Ar,1,0,0,46.2
32,Marmosa tyleriana,Didelphidae,40,10,10,0,10,0,30,0,0,0,Ar,1,0,0,32.4
33,Marmosa rubra,Didelphidae,40,10,10,0,10,0,30,0,0,0,Ar,1,0,0,63
34,Marmosa quichua,Didelphidae,40,10,10,0,10,0,30,0,0,0,Ar,1,0,0,38.23
35,Marmosa mexicana,Didelphidae,40,10,10,0,10,0,30,0,0,0,Ar,1,0,0,49.45
36,Marmosa lepida,Didelphidae,40,10,10,0,10,0,30,0,0,0,Ar,1,0,0,14
37,Marmosa andersoni,Didelphidae,40,10,10,0,10,0,30,0,0,0,Ar,1,0,0,47.4
38,Marmosa robinsoni,Didelphidae,40,10,10,0,10,0,30,0,0,0,Ar,1,0,0,56.67
39,Marmosops handleyi,Didelphidae,50,0,0,0,0,0,50,0,0,0,Ar,1,0,0,30.7
40,Marmosops juninensis,Didelphidae,50,0,0,0,0,0,50,0,0,0,Ar,1,0,0,31.57
41,Marmosops pinheiroi,Didelphidae,50,0,0,0,0,0,50,0,0,0,Ar,1,0,0,31.57
42,Marmosops paulensis,Didelphidae,50,0,0,0,0,0,50,0,0,0,Ar,1,0,0,38.89
43,Marmosops parvidens,Didelphidae,50,0,0,0,0,0,50,0,0,0,Ar,1,0,0,15
44,Marmosops noctivagus,Didelphidae,50,0,0,0,0,0,50,0,0,0,Ar,1,0,0,21
45,Marmosops neblina,Didelphidae,50,0,0,0,0,0,50,0,0,0,Ar,1,0,0,31.57
46,Marmosops bishopi,Didelphidae,50,0,0,0,0,0,50,0,0,0,Ar,1,0,0,19.5
47,Marmosops impavidus,Didelphidae,50,0,0,0,0,0,50,0,0,0,Ar,1,0,0,40.5
48,Marmosops incanus,Didelphidae,50,0,0,0,0,0,50,0,0,0,Ar,1,0,0,62.3
49,Marmosops fuscatus,Didelphidae,50,0,0,0,0,0,50,0,0,0,Ar,1,0,0,60
50,Marmosops dorothea,Didelphidae,50,0,0,0,0,0,50,0,0,0,Ar,1,0,0,37.5
51,Marmosops cracens,Didelphidae,50,0,0,0,0,0,50,0,0,0,Ar,1,0,0,25.5
52,Marmosops invictus,Didelphidae,50,0,0,0,0,0,50,0,0,0,Ar,1,0,0,29.2
53,Metachirus nudicaudatus,Didelphidae,30,20,20,0,10,0,20,0,0,0,S,1,0,0,375
54,Micoureus demerarae,Didelphidae,90,0,0,0,0,0,10,0,0,0,S,1,0,0,75.75
55,Micoureus regina,Didelphidae,90,0,0,0,0,0,10,0,0,0,S,1,0,0,118.6
56,Micoureus paraguayanus,Didelphidae,30,0,0,0,30,0,20,20,0,0,S,1,0,0,112.43
57,Micoureus constantiae,Didelphidae,90,0,0,0,0,0,10,0,0,0,S,1,0,0,90
58,Micoureus alstoni,Didelphidae,90,0,0,0,0,0,10,0,0,0,S,1,0,0,132.3
59,Micoureus phaeus,Didelphidae,90,0,0,0,0,0,10,0,0,0,S,1,0,0,103.76
60,Monodelphis emiliae,Didelphidae,20,20,0,0,0,20,20,0,20,0,G,1,0,0,40
61,Monodelphis osgoodi,Didelphidae,20,20,0,0,0,20,20,0,20,0,G,1,0,0,112
62,Monodelphis umbristriata,Didelphidae,20,20,0,0,0,20,20,0,20,0,G,1,0,0,61.54
63,Monodelphis theresa,Didelphidae,20,20,0,0,0,20,20,0,20,0,G,1,0,0,112
64,Monodelphis sorex,Didelphidae,20,20,0,0,0,20,20,0,20,0,G,1,0,0,48
65,Monodelphis scalops,Didelphidae,20,20,0,0,0,20,20,0,20,0,G,1,0,0,741
66,Monodelphis rubida,Didelphidae,20,20,0,0,0,20,20,0,20,0,G,1,0,0,45.5
67,Monodelphis palliolata,Didelphidae,20,20,0,0,0,20,20,0,20,0,G,1,0,0,61.54
68,Monodelphis unistriata,Didelphidae,20,20,0,0,0,20,20,0,20,0,G,1,0,0,55.3
69,Monodelphis kunsi,Didelphidae,20,20,0,0,0,20,20,0,20,0,G,1,0,0,11.3
70,Monodelphis glirina,Didelphidae,20,20,0,0,0,20,20,0,20,0,G,1,0,0,61.54
71,Monodelphis domestica,Didelphidae,20,20,0,0,0,20,20,0,20,0,G,1,0,0,71.4
72,Monodelphis dimidiata,Didelphidae,20,20,0,0,0,20,20,0,20,0,G,1,0,0,58
73,Monodelphis brevicaudata,Didelphidae,20,20,0,0,0,20,20,0,20,0,G,1,0,0,69.63
74,Monodelphis americana,Didelphidae,20,20,0,0,0,20,20,0,20,0,G,1,0,0,19.5
75,Monodelphis adusta,Didelphidae,20,20,0,0,0,20,20,0,20,0,G,1,0,0,35
76,Monodelphis maraxina,Didelphidae,20,20,0,0,0,20,20,0,20,0,G,1,0,0,61.57
77,Monodelphis iheringi,Didelphidae,20,20,0,0,0,20,20,0,20,0,G,1,0,0,112
78,Philander andersoni,Didelphidae,30,30,20,0,10,0,10,0,0,0,S,1,1,1,325
79,Philander opossum,Didelphidae,30,30,20,0,10,0,10,0,0,0,S,1,1,1,585.5
80,Philander mcilhennyi,Didelphidae,30,30,20,0,10,0,10,0,0,0,S,1,1,1,325
81,Philander frenatus,Didelphidae,30,30,20,0,10,0,10,0,0,0,S,1,1,1,395.45
82,Thylamys pusillus,Didelphidae,80,0,0,0,10,0,10,0,0,0,S,1,0,0,28.21
83,Thylamys venustus,Didelphidae,80,0,0,0,20,0,0,0,0,0,S,1,0,0,24.41
84,Thylamys tatei,Didelphidae,80,0,0,0,20,0,0,0,0,0,S,1,0,0,24.41
85,Thylamys sponsorius,Didelphidae,80,0,0,0,20,0,0,0,0,0,S,1,0,0,24.41
86,Thylamys velutinus,Didelphidae,80,0,0,0,10,0,10,0,0,0,S,1,0,0,20.7
87,Thylamys macrurus,Didelphidae,80,0,0,0,10,0,10,0,0,0,S,1,0,0,34.43
88,Thylamys karimii,Didelphidae,80,0,0,0,20,0,0,0,0,0,S,1,0,0,24.41
89,Thylamys cinderella,Didelphidae,80,0,0,0,20,0,0,0,0,0,S,1,0,0,24.41
90,Thylamys elegans,Didelphidae,80,0,0,0,10,0,10,0,0,0,S,1,1,0,28.9
91,Thylamys pallidior,Didelphidae,80,0,0,0,10,0,10,0,0,0,S,1,0,0,14.9
92,Tlacuatzin canescens,Didelphidae,40,10,10,0,10,0,30,0,0,0,Ar,1,0,0,47.73
93,Caenolestes caniventer,Caenolestidae,70,0,0,0,10,0,10,0,0,10,G,1,0,0,40
94,Caenolestes condorensis,Caenolestidae,70,0,0,0,10,0,10,0,0,10,G,1,0,0,47.81
95,Caenolestes convelatus,Caenolestidae,70,0,0,0,10,0,10,0,0,10,G,1,0,0,40
96,Caenolestes fuliginosus,Caenolestidae,70,0,0,0,10,0,10,0,0,10,G,1,0,0,27.8
97,Lestoros inca,Caenolestidae,70,0,0,0,10,0,10,0,0,10,G,1,1,1,21.1
98,Rhyncholestes raphanurus,Caenolestidae,80,0,0,0,0,0,0,0,0,20,G,1,0,0,21
99,Dromiciops gliroides,Microbiotheriidae,100,0,0,0,0,0,0,0,0,0,S,1,0,0,22.3
100,Notoryctes caurinus,Notoryctidae,90,0,0,0,0,0,0,0,10,0,G,1,1,1,34
101,Notoryctes typhlops,Notoryctidae,90,0,0,0,0,0,0,0,10,0,G,1,1,1,55
103,Myrmecobius fasciatus,Myrmecobiidae,100,0,0,0,0,0,0,0,0,0,G,0,0,1,471.5
104,Dasycercus cristicauda,Dasyuridae,30,70,0,0,0,0,0,0,0,0,G,1,1,1,100
105,Dasykaluta rosamondae,Dasyuridae,60,0,0,0,40,0,0,0,0,0,G,1,0,0,28.75
106,Dasyuroides byrnei,Dasyuridae,30,70,0,0,0,0,0,0,0,0,G,1,0,0,109.47
107,Dasyurus spartacus,Dasyuridae,80,20,0,0,0,0,0,0,0,0,G,1,0,0,885.67
108,Dasyurus albopunctatus,Dasyuridae,80,20,0,0,0,0,0,0,0,0,G,1,0,0,637
109,Dasyurus viverrinus,Dasyuridae,70,20,0,0,0,10,0,0,0,0,G,1,1,1,1090
110,Dasyurus geoffroii,Dasyuridae,60,20,10,0,0,10,0,0,0,0,G,1,0,0,1100
111,Dasyurus maculatus,Dasyuridae,30,60,10,0,0,0,0,0,0,0,G,1,0,0,5500
112,Dasyurus hallucatus,Dasyuridae,40,30,20,0,0,0,10,0,0,0,G,1,1,1,525
113,Myoictis melas,Dasyuridae,50,50,0,0,0,0,0,0,0,0,G,1,0,0,200
114,Myoictis wallacii,Dasyuridae,50,50,0,0,0,0,0,0,0,0,G,1,0,0,200
115,Neophascogale lorentzi,Dasyuridae,80,0,0,0,20,0,0,0,0,0,Ar,0,1,1,212
116,Parantechinus apicalis,Dasyuridae,70,0,0,0,0,0,0,30,0,0,Ar,1,1,1,68.75
117,Phascolosorex doriae,Dasyuridae,70,0,0,0,0,0,30,0,0,0,S,1,1,0,168.31
118,Phascolosorex dorsalis,Dasyuridae,70,0,0,0,0,0,30,0,0,0,S,1,1,0,138.5
119,Pseudantechinus bilarni,Dasyuridae,70,0,0,0,0,0,0,30,0,0,Ar,1,0,0,23.05
120,Pseudantechinus woolleyae,Dasyuridae,100,0,0,0,0,0,0,0,0,0,G,1,0,0,40
121,Pseudantechinus roryi,Dasyuridae,100,0,0,0,0,0,0,0,0,0,G,1,0,0,25.06
122,Pseudantechinus ningbing,Dasyuridae,100,0,0,0,0,0,0,0,0,0,G,1,0,0,20
123,Pseudantechinus macdonnellensis,Dasyuridae,100,0,0,0,0,0,0,0,0,0,G,1,0,0,32.5
124,Pseudantechinus mimulus,Dasyuridae,90,0,0,0,10,0,0,0,0,0,G,1,0,0,16.5
125,Sarcophilus harrisii,Dasyuridae,0,0,0,0,0,100,0,0,0,0,G,1,0,0,10000
126,Antechinus leo,Dasyuridae,90,0,0,0,10,0,0,0,0,0,G,1,0,0,74
127,Antechinus subtropicus,Dasyuridae,90,0,0,0,10,0,0,0,0,0,G,1,0,0,59.5
128,Antechinus stuartii,Dasyuridae,90,10,0,0,0,0,0,0,0,0,G,1,0,0,27.5
129,Antechinus minimus,Dasyuridae,90,10,0,0,0,0,0,0,0,0,G,1,0,0,53.5
130,Antechinus flavipes,Dasyuridae,90,10,0,0,0,0,0,0,0,0,G,1,0,0,45
131,Antechinus bellus,Dasyuridae,90,10,0,0,0,0,0,0,0,0,G,1,0,0,44.5
132,Antechinus agilis,Dasyuridae,80,0,0,0,10,0,10,0,0,0,G,1,0,0,22.13
133,Antechinus adustus,Dasyuridae,80,0,0,0,10,10,0,0,0,0,G,1,0,0,36
134,Antechinus swainsonii,Dasyuridae,90,10,0,0,0,0,0,0,0,0,G,1,0,0,53
135,Antechinus godmani,Dasyuridae,90,10,0,0,0,0,0,0,0,0,G,1,0,0,76.5
136,Micromurexia habbema,Dasyuridae,70,10,20,0,0,0,0,0,0,0,G,1,0,0,46.97
137,Murexechinus melanurus,Dasyuridae,90,10,0,0,0,0,0,0,0,0,G,1,1,1,38.02
138,Murexia longicaudata,Dasyuridae,60,20,20,0,0,0,0,0,0,0,S,0,1,1,335.83
139,Paramurexia rothschildi,Dasyuridae,60,20,20,0,0,0,0,0,0,0,G,1,1,1,53.77
140,Phascomurexia naso,Dasyuridae,90,10,0,0,0,0,0,0,0,0,G,1,1,1,52.62
141,Phascogale calura,Dasyuridae,30,40,30,0,0,0,0,0,0,0,Ar,1,0,0,51.5
142,Phascogale tapoatafa,Dasyuridae,30,40,30,0,0,0,0,0,0,0,Ar,1,0,0,193.5
143,Antechinomys laniger,Dasyuridae,80,10,10,0,0,0,0,0,0,0,G,1,0,0,25.57
144,Ningaui yvonnae,Dasyuridae,80,0,0,0,20,0,0,0,0,0,G,1,0,0,7
145,Ningaui ridei,Dasyuridae,80,0,0,0,20,0,0,0,0,0,G,1,0,0,8.5
146,Ningaui timealeyi,Dasyuridae,80,0,0,0,20,0,0,0,0,0,G,1,0,0,5.7
147,Sminthopsis griseoventer,Dasyuridae,80,10,10,0,0,0,0,0,0,0,G,1,0,0,17.5
148,Sminthopsis virginiae,Dasyuridae,80,10,10,0,0,0,0,0,0,0,G,1,0,0,35.25
149,Sminthopsis psammophila,Dasyuridae,80,10,10,0,0,0,0,0,0,0,G,1,0,0,33.5
150,Sminthopsis ooldea,Dasyuridae,80,10,10,0,0,0,0,0,0,0,G,1,0,0,11
151,Sminthopsis murina,Dasyuridae,80,10,10,0,0,0,0,0,0,0,G,1,0,0,17
152,Sminthopsis macroura,Dasyuridae,80,10,10,0,0,0,0,0,0,0,G,1,0,0,20
153,Sminthopsis longicaudata,Dasyuridae,80,10,10,0,0,0,0,0,0,0,G,1,0,0,18
154,Sminthopsis leucopus,Dasyuridae,80,10,10,0,0,0,0,0,0,0,G,1,0,0,26
155,Sminthopsis douglasi,Dasyuridae,80,10,10,0,0,0,0,0,0,0,G,1,0,0,55
156,Sminthopsis hirtipes,Dasyuridae,80,10,10,0,0,0,0,0,0,0,G,1,0,0,15
157,Sminthopsis youngsoni,Dasyuridae,80,10,10,0,0,0,0,0,0,0,G,1,0,0,10.1
158,Sminthopsis fuliginosus,Dasyuridae,80,10,10,0,0,0,0,0,0,0,G,1,0,0,19.89
159,Sminthopsis dolichura,Dasyuridae,80,10,10,0,0,0,0,0,0,0,G,1,0,0,13.6
160,Sminthopsis crassicaudata,Dasyuridae,80,10,10,0,0,0,0,0,0,0,G,1,0,0,15
161,Sminthopsis butleri,Dasyuridae,80,10,10,0,0,0,0,0,0,0,G,1,0,0,25
162,Sminthopsis boullangerensis,Dasyuridae,80,10,10,0,0,0,0,0,0,0,G,1,0,0,19.89
163,Sminthopsis bindi,Dasyuridae,80,10,10,0,0,0,0,0,0,0,G,1,0,0,17.5
164,Sminthopsis archeri,Dasyuridae,80,10,10,0,0,0,0,0,0,0,G,1,0,0,16
165,Sminthopsis aitkeni,Dasyuridae,80,10,10,0,0,0,0,0,0,0,G,1,0,0,22.5
166,Sminthopsis granulipes,Dasyuridae,80,10,10,0,0,0,0,0,0,0,G,1,0,0,25
167,Sminthopsis gilberti,Dasyuridae,80,10,10,0,0,0,0,0,0,0,G,1,0,0,19.5
168,Planigale gilesi,Dasyuridae,40,30,30,0,0,0,0,0,0,0,G,1,1,1,9.2
169,Planigale tenuirostris,Dasyuridae,40,30,30,0,0,0,0,0,0,0,G,1,0,0,6.05
170,Planigale novaeguineae,Dasyuridae,40,30,30,0,0,0,0,0,0,0,G,1,0,0,14.9
171,Planigale ingrami,Dasyuridae,40,30,30,0,0,0,0,0,0,0,G,1,0,0,4.25
172,Planigale maculata,Dasyuridae,40,30,30,0,0,0,0,0,0,0,G,1,0,0,11
173,Macrotis lagotis,Thylacomyidae,70,0,0,0,20,0,0,0,0,10,G,1,0,0,1350
174,Macrotis leucura,Thylacomyidae,70,0,0,0,20,0,0,0,0,10,G,1,0,0,354
176,Isoodon auratus,Peramelidae,100,0,0,0,0,0,0,0,0,0,G,1,0,0,425
177,Isoodon macrourus,Peramelidae,100,0,0,0,0,0,0,0,0,0,G,1,0,0,1600
178,Isoodon obesulus,Peramelidae,100,0,0,0,0,0,0,0,0,0,G,1,0,0,775
179,Perameles nasuta,Peramelidae,70,10,10,0,0,0,0,0,0,10,G,1,0,0,975
180,Perameles gunnii,Peramelidae,70,10,10,0,0,0,0,0,0,10,G,1,0,0,870
181,Perameles eremiana,Peramelidae,70,10,10,0,0,0,0,0,0,10,G,1,0,0,500
182,Perameles bougainville,Peramelidae,70,10,10,0,0,0,0,0,0,10,G,1,0,0,226
183,Peroryctes raffrayana,Peramelidae,60,0,0,0,0,0,40,0,0,0,G,1,0,0,838.5
184,Peroryctes broadbenti,Peramelidae,60,0,0,0,0,0,40,0,0,0,G,1,0,0,4800
185,Echymipera clara,Peramelidae,60,0,0,0,0,0,40,0,0,0,G,1,0,0,1236.5
186,Echymipera davidi,Peramelidae,60,0,0,0,0,0,40,0,0,0,G,1,0,0,950
187,Echymipera echinista,Peramelidae,60,0,0,0,0,0,40,0,0,0,G,1,0,0,1000
188,Echymipera kalubu,Peramelidae,60,0,0,0,0,0,40,0,0,0,G,1,0,0,782.17
189,Echymipera rufescens,Peramelidae,60,0,0,0,0,0,40,0,0,0,G,1,0,0,1100
190,Microperoryctes longicauda,Peramelidae,60,0,0,0,10,0,0,0,0,30,G,1,0,0,538
191,Microperoryctes murina,Peramelidae,60,0,0,0,10,0,0,0,0,30,G,1,0,0,817.52
192,Microperoryctes papuensis,Peramelidae,60,0,0,0,10,0,0,0,0,30,G,1,0,0,158
193,Rhynchomeles prattorum,Peramelidae,60,0,0,0,10,0,0,0,0,30,G,1,0,0,817.52
194,Phascolarctos cinereus,Phascolarctidae,0,0,0,0,0,0,0,0,0,100,Ar,1,0,0,10250
195,Lasiorhinus krefftii,Vombatidae,0,0,0,0,0,0,0,0,0,100,G,1,0,0,2900
196,Lasiorhinus latifrons,Vombatidae,0,0,0,0,0,0,0,0,0,100,G,1,0,0,25500
197,Vombatus ursinus,Vombatidae,0,0,0,0,0,0,0,0,0,100,G,1,0,0,26000
198,Burramys parvus,Burramyidae,40,0,0,0,0,0,30,0,30,0,Ar,1,0,0,41.5
199,Cercartetus nanus,Burramyidae,20,0,10,0,0,0,20,20,10,20,Ar,1,0,0,24
200,Cercartetus caudatus,Burramyidae,20,0,10,0,0,0,20,20,10,20,Ar,1,0,0,25
201,Cercartetus concinnus,Burramyidae,20,0,10,0,0,0,20,20,10,20,Ar,1,0,0,13
202,Cercartetus lepidus,Burramyidae,20,0,10,0,0,0,20,20,10,20,Ar,1,0,0,7
203,Ailurops melanotis,Phalangeridae,0,0,0,0,0,0,0,0,0,100,Ar,0,0,1,10000
204,Ailurops ursinus,Phalangeridae,0,0,0,0,0,0,0,0,0,100,Ar,0,0,1,10000
205,Phalanger lullulae,Phalangeridae,10,0,0,0,10,0,40,0,0,40,Ar,1,0,0,1632.5
206,Phalanger vestitus,Phalangeridae,10,0,0,0,10,0,40,0,0,40,Ar,1,0,0,1850
207,Phalanger sericeus,Phalangeridae,10,0,0,0,10,0,40,0,0,40,Ar,1,0,0,2003
208,Phalanger rothschildi,Phalangeridae,10,0,0,0,10,0,40,0,0,40,Ar,1,0,0,1365
209,Phalanger ornatus,Phalangeridae,10,0,0,0,10,0,40,0,0,40,Ar,1,0,0,1787.5
210,Phalanger orientalis,Phalangeridae,10,0,0,0,10,0,40,0,0,40,Ar,1,0,0,2168.75
211,Phalanger mimicus,Phalangeridae,10,0,0,0,10,0,40,0,0,40,Ar,1,0,0,1846.67
212,Phalanger matabiru,Phalangeridae,10,0,0,0,10,0,40,0,0,40,Ar,1,0,0,1846.67
213,Phalanger intercastellanus,Phalangeridae,10,0,0,0,10,0,40,0,0,40,Ar,1,0,0,1747.5
214,Phalanger gymnotis,Phalangeridae,0,0,0,0,0,0,100,0,0,0,Ar,1,0,0,2597.89
215,Phalanger carmelitae,Phalangeridae,10,0,0,0,10,0,40,0,0,40,Ar,1,0,0,2047.5
216,Phalanger alexandrae,Phalangeridae,10,0,0,0,10,0,40,0,0,40,Ar,1,0,0,1846.67
217,Phalanger matanim,Phalangeridae,10,0,0,0,10,0,40,0,0,40,Ar,1,0,0,1550
218,Spilocuscus rufoniger,Phalangeridae,0,0,0,0,0,0,40,0,0,60,Ar,1,0,0,6000
219,Spilocuscus kraemeri,Phalangeridae,0,0,0,0,0,0,40,0,0,60,Ar,1,0,0,5535.39
220,Spilocuscus maculatus,Phalangeridae,0,0,0,0,0,0,40,0,0,60,Ar,1,0,0,5106.75
221,Spilocuscus papuensis,Phalangeridae,0,0,0,0,0,0,40,0,0,60,Ar,1,0,0,5535.39
222,Strigocuscus celebensis,Phalangeridae,0,0,0,0,0,0,100,0,0,0,Ar,1,0,0,500
223,Strigocuscus pelengensis,Phalangeridae,10,0,0,0,10,0,40,0,0,40,Ar,1,0,0,500
224,Trichosurus arnhemensis,Phalangeridae,0,0,0,0,0,0,20,0,20,60,Ar,1,0,0,1300
225,Trichosurus caninus,Phalangeridae,0,0,0,0,0,0,20,0,20,60,Ar,1,0,0,3500
226,Trichosurus cunninghami,Phalangeridae,0,0,0,0,0,0,0,0,0,100,Ar,1,0,0,2293.08
227,Trichosurus johnstonii,Phalangeridae,0,0,0,0,0,0,20,0,0,80,Ar,1,0,0,2293.08
228,Trichosurus vulpecula,Phalangeridae,0,0,0,0,0,0,20,0,20,60,Ar,1,0,0,2650
229,Wyulda squamicaudata,Phalangeridae,20,0,0,0,10,0,20,0,0,50,Ar,1,0,0,1675
230,Hemibelideus lemuroides,Pseudocheiridae,0,0,0,0,0,0,0,0,0,100,Ar,1,0,0,952.5
231,Petauroides volans,Pseudocheiridae,0,0,0,0,0,0,0,0,0,100,Ar,1,0,0,1300
232,Petropseudes dahli,Pseudocheiridae,0,0,0,0,0,0,30,0,0,70,Ar,1,0,0,1640
233,Pseudocheirus peregrinus,Pseudocheiridae,0,0,0,0,0,0,20,10,0,70,Ar,1,0,0,900
234,Pseudochirulus caroli,Pseudocheiridae,0,0,0,0,0,0,20,0,0,80,Ar,1,0,0,456.02
235,Pseudochirulus schlegeli,Pseudocheiridae,0,0,0,0,0,0,20,0,0,80,Ar,1,0,0,255.44
236,Pseudochirulus mayeri,Pseudocheiridae,0,0,0,0,0,0,20,0,0,80,Ar,1,0,0,151.75
237,Pseudochirulus larvatus,Pseudocheiridae,0,0,0,0,0,0,20,0,0,80,Ar,1,0,0,448.3
238,Pseudochirulus herbertensis,Pseudocheiridae,0,0,0,0,0,0,20,0,0,80,Ar,1,0,0,1098.34
239,Pseudochirulus forbesi,Pseudocheiridae,0,0,0,0,0,0,20,0,0,80,Ar,1,0,0,639.16
240,Pseudochirulus cinereus,Pseudocheiridae,0,0,0,0,0,0,20,0,0,80,Ar,1,0,0,977.48
241,Pseudochirulus canescens,Pseudocheiridae,0,0,0,0,0,0,20,0,0,80,Ar,1,0,0,300
242,Pseudochirops albertisii,Pseudocheiridae,0,0,0,0,0,0,10,0,0,90,Ar,1,0,0,784.85
243,Pseudochirops archeri,Pseudocheiridae,0,0,0,0,0,0,10,0,0,90,Ar,1,0,0,1091.5
244,Pseudochirops corinnae,Pseudocheiridae,0,0,0,0,0,0,10,0,0,90,Ar,1,0,0,1123
245,Pseudochirops coronatus,Pseudocheiridae,0,0,0,0,0,0,10,0,0,90,Ar,1,0,0,1500
246,Pseudochirops cupreus,Pseudocheiridae,0,0,0,0,0,0,10,0,0,90,Ar,1,0,0,1724.5
247,Dactylopsila tatei,Petauridae,80,0,0,0,0,0,10,0,0,10,Ar,1,0,0,252
248,Dactylopsila trivirgata,Petauridae,80,0,0,0,0,0,10,0,0,10,Ar,1,0,0,413.53
249,Dactylopsila palpator,Petauridae,80,0,0,0,0,0,10,0,0,10,Ar,1,0,0,398
250,Dactylopsila megalura,Petauridae,80,0,0,0,0,0,10,0,0,10,Ar,1,0,0,277.74
251,Gymnobelideus leadbeateri,Petauridae,50,0,0,0,0,0,0,50,0,0,Ar,1,0,0,127
252,Petaurus abidi,Petauridae,40,0,0,0,10,0,0,30,20,0,Ar,1,0,0,278
253,Petaurus breviceps,Petauridae,40,0,0,0,10,0,0,30,20,0,Ar,1,0,0,106.28
254,Petaurus norfolcensis,Petauridae,40,0,0,0,10,0,0,30,20,0,Ar,1,0,0,230
255,Petaurus australis,Petauridae,40,0,0,0,10,0,0,30,20,0,Ar,1,0,0,575
256,Petaurus gracilis,Petauridae,40,0,0,0,10,0,0,30,20,0,Ar,1,0,0,353
257,Petaurus biacensis,Petauridae,40,0,0,0,10,0,0,30,20,0,Ar,1,0,0,90.98
258,Tarsipes rostratus,Tarsipedidae,0,0,0,0,0,0,0,100,0,0,Ar,1,0,0,9
259,Acrobates pygmaeus,Acrobatidae,80,0,0,0,0,0,0,10,0,10,Ar,1,0,0,12
260,Distoechurus pennatus,Acrobatidae,40,0,0,0,0,0,40,20,0,0,Ar,1,0,0,44.1
261,Lagorchestes leporides,Macropodidae,0,0,0,0,0,0,0,0,0,100,G,1,0,0,3000
262,Lagorchestes hirsutus,Macropodidae,0,0,0,0,0,0,0,0,0,100,G,1,0,0,1265
263,Lagorchestes conspicillatus,Macropodidae,0,0,0,0,0,0,0,0,0,100,G,1,0,0,3050
264,Lagorchestes asomatus,Macropodidae,0,0,0,0,0,0,0,0,0,100,G,1,0,0,1500
265,Macropus fuliginosus,Macropodidae,0,0,0,0,0,0,0,0,0,100,G,1,1,0,22000
266,Macropus giganteus,Macropodidae,0,0,0,0,0,0,0,0,0,100,G,1,1,0,25875
267,Macropus parryi,Macropodidae,0,0,0,0,0,0,0,0,0,100,G,1,1,0,13500
268,Macropus dorsalis,Macropodidae,0,0,0,0,0,0,0,0,0,100,G,1,1,0,11250
269,Macropus eugenii,Macropodidae,0,0,0,0,0,0,0,0,0,100,G,1,1,0,6500
270,Macropus greyi,Macropodidae,0,0,0,0,0,0,0,0,0,100,G,1,1,0,10000
271,Macropus parma,Macropodidae,0,0,0,0,0,0,0,0,0,100,G,1,1,0,4500
272,Macropus agilis,Macropodidae,0,0,0,0,0,0,0,0,0,100,G,1,1,0,15000
273,Macropus rufogriseus,Macropodidae,0,0,0,0,0,0,0,0,0,100,G,1,1,0,16850
274,Macropus irma,Macropodidae,0,0,0,0,0,0,0,0,0,100,G,1,1,0,8000
275,Macropus antilopinus,Macropodidae,0,0,0,0,0,0,0,0,0,100,G,1,1,0,27250
276,Macropus robustus,Macropodidae,0,0,0,0,0,0,0,0,0,100,G,1,1,0,21262.5
277,Macropus bernardus,Macropodidae,0,0,0,0,0,0,0,0,0,100,G,1,1,0,17000
278,Macropus rufus,Macropodidae,0,0,0,0,0,0,0,0,0,100,G,1,1,0,46250
279,Dendrolagus inustus,Macropodidae,0,0,0,0,0,0,50,0,0,50,Ar,1,1,1,13031.25
280,Dendrolagus lumholtzi,Macropodidae,0,0,0,0,0,0,50,0,0,50,Ar,1,1,1,6750
281,Dendrolagus matschiei,Macropodidae,0,0,0,0,0,0,50,0,0,50,Ar,1,1,1,6960
282,Dendrolagus mbaiso,Macropodidae,0,0,0,0,0,0,50,0,0,50,Ar,1,1,1,9395.06
283,Dendrolagus pulcherrimus,Macropodidae,0,0,0,0,0,0,50,0,0,50,Ar,1,1,1,9511.11
284,Dendrolagus scottae,Macropodidae,0,0,0,0,0,0,50,0,0,50,Ar,1,1,1,10375
285,Dendrolagus spadix,Macropodidae,0,0,0,0,0,0,50,0,0,50,Ar,1,1,1,9100
286,Dendrolagus stellarum,Macropodidae,0,0,0,0,0,0,50,0,0,50,Ar,1,1,1,9511.11
287,Dendrolagus ursinus,Macropodidae,0,0,0,0,0,0,50,0,0,50,Ar,1,1,1,13250
288,Dendrolagus bennettianus,Macropodidae,0,0,0,0,0,0,50,0,0,50,Ar,1,1,1,10950
289,Dendrolagus dorianus,Macropodidae,0,0,0,0,0,0,50,0,0,50,Ar,1,1,1,9581
290,Dendrolagus goodfellowi,Macropodidae,0,0,0,0,0,0,50,0,0,50,Ar,1,1,1,8025
291,Dorcopsis luctuosa,Macropodidae,0,0,0,0,0,0,20,0,0,80,G,1,1,0,6352
292,Dorcopsis muelleri,Macropodidae,0,0,0,0,0,0,20,0,0,80,G,1,1,0,5500
293,Dorcopsis hageni,Macropodidae,0,0,0,0,0,0,20,0,0,80,G,1,1,0,5500
294,Dorcopsis atrata,Macropodidae,0,0,0,0,0,0,20,0,0,80,G,1,1,0,5916.5
295,Dorcopsulus vanheurni,Macropodidae,0,0,0,0,0,0,50,0,0,50,G,1,1,1,1785.75
296,Dorcopsulus macleayi,Macropodidae,0,0,0,0,0,0,50,0,0,50,G,1,0,0,2988
297,Onychogalea unguifera,Macropodidae,0,0,0,0,0,0,0,0,0,100,G,1,0,0,6650
298,Onychogalea lunata,Macropodidae,0,0,0,0,0,0,0,0,0,100,G,1,0,0,3500
299,Onychogalea fraenata,Macropodidae,0,0,0,0,0,0,0,0,0,100,G,1,0,0,5500
300,Petrogale purpureicollis,Macropodidae,0,0,0,0,0,0,10,0,0,90,G,1,0,0,5850
301,Petrogale coenensis,Macropodidae,0,0,0,0,0,0,10,0,0,90,G,1,0,0,4123.14
302,Petrogale burbidgei,Macropodidae,0,0,0,0,0,0,0,0,0,100,G,1,0,0,1258
303,Petrogale brachyotis,Macropodidae,0,0,0,0,0,0,10,0,10,80,G,1,0,0,4050
304,Petrogale assimilis,Macropodidae,0,0,0,0,0,0,10,0,0,90,G,1,0,0,4500
305,Petrogale godmani,Macropodidae,0,0,0,0,0,0,0,0,0,100,G,1,0,0,4750
306,Petrogale xanthopus,Macropodidae,0,0,0,0,0,0,0,0,0,100,G,1,0,0,8500
307,Petrogale sharmani,Macropodidae,0,0,0,0,0,0,0,0,0,100,G,1,0,0,4123.14
308,Petrogale herberti,Macropodidae,0,0,0,0,0,0,0,0,0,100,G,1,0,0,4123.14
309,Petrogale inornata,Macropodidae,0,0,0,0,0,0,0,0,0,100,G,1,0,0,4600
310,Petrogale lateralis,Macropodidae,0,0,0,0,0,0,0,0,0,100,G,1,0,0,4625
311,Petrogale mareeba,Macropodidae,0,0,0,0,0,0,0,0,0,100,G,1,0,0,4123.14
312,Petrogale concinna,Macropodidae,0,0,0,0,0,0,0,0,0,100,G,1,0,0,1400
313,Petrogale persephone,Macropodidae,0,0,0,0,0,0,0,0,0,100,G,1,0,0,6200
314,Petrogale rothschildi,Macropodidae,0,0,0,0,0,0,0,0,0,100,G,1,0,0,3400
315,Petrogale penicillata,Macropodidae,0,0,0,0,0,0,20,0,10,70,G,1,0,0,7100
316,Setonix brachyurus,Macropodidae,0,0,0,0,0,0,0,0,0,100,G,1,0,0,3250
317,Thylogale calabyi,Macropodidae,0,0,0,0,0,0,0,0,0,100,G,1,1,0,4326.13
318,Thylogale browni,Macropodidae,0,0,0,0,0,0,0,0,0,100,G,1,1,0,5478
319,Thylogale thetis,Macropodidae,0,0,0,0,0,0,0,0,0,100,G,1,1,0,5400
320,Thylogale stigmatica,Macropodidae,0,0,0,0,0,0,0,0,0,100,G,1,1,0,4600
321,Thylogale lanatus,Macropodidae,0,0,0,0,0,0,0,0,0,100,G,1,1,0,4758.79
322,Thylogale brunii,Macropodidae,0,0,0,0,0,0,0,0,0,100,G,1,1,0,3620
323,Thylogale billardierii,Macropodidae,0,0,0,0,0,0,0,0,0,100,G,1,1,0,5450
324,Wallabia bicolor,Macropodidae,0,0,0,0,0,0,0,0,0,100,G,1,0,0,15000
325,Lagostrophus fasciatus,Macropodidae,0,0,0,0,0,0,50,0,0,50,G,1,0,0,1700
326,Hypsiprymnodon moschatus,Hypsiprymnodontidae,70,0,0,0,0,0,20,0,0,10,G,0,0,1,520
327,Aepyprymnus rufescens,Potoroidae,0,0,0,0,0,0,0,0,0,100,G,1,0,0,3250
328,Bettongia lesueur,Potoroidae,0,0,0,0,0,0,0,0,30,70,G,1,0,0,1500
329,Bettongia penicillata,Potoroidae,0,0,0,0,0,0,0,0,30,70,G,1,0,0,1300
330,Bettongia tropica,Potoroidae,10,0,0,0,0,0,0,0,10,80,G,1,0,0,1256.58
331,Bettongia gaimardi,Potoroidae,0,0,0,0,0,0,0,0,30,70,G,1,0,0,1660
332,Caloprymnus campestris,Potoroidae,30,0,0,0,0,0,0,0,0,70,G,1,0,0,900
333,Potorous platyops,Potoroidae,20,0,0,0,0,0,0,0,0,80,G,1,0,0,500
334,Potorous gilbertii,Potoroidae,20,0,0,0,0,0,0,0,0,80,G,1,0,0,1569.46
335,Potorous longipes,Potoroidae,20,0,0,0,0,0,0,0,0,80,G,1,0,0,1900
336,Potorous tridactylus,Potoroidae,20,0,0,0,0,0,0,0,0,80,G,1,0,0,1100
337,Geogale aurita,Tenrecidae,70,30,0,0,0,0,0,0,0,0,G,1,0,0,7
338,Limnogale mergulus,Tenrecidae,60,0,20,20,0,0,0,0,0,0,G,1,0,0,78.6
339,Microgale longicaudata,Tenrecidae,100,0,0,0,0,0,0,0,0,0,G,1,1,1,7.3
340,Microgale thomasi,Tenrecidae,100,0,0,0,0,0,0,0,0,0,G,1,1,1,22.9
341,Microgale talazaci,Tenrecidae,100,0,0,0,0,0,0,0,0,0,G,1,1,1,48
342,Microgale taiva,Tenrecidae,100,0,0,0,0,0,0,0,0,0,G,1,1,1,12.4
343,Microgale soricoides,Tenrecidae,100,0,0,0,0,0,0,0,0,0,G,1,1,1,18.7
344,Microgale pusilla,Tenrecidae,100,0,0,0,0,0,0,0,0,0,G,1,1,1,3.4
345,Microgale principula,Tenrecidae,100,0,0,0,0,0,0,0,0,0,G,1,1,1,10.2
346,Microgale parvula,Tenrecidae,100,0,0,0,0,0,0,0,0,0,G,1,1,1,3.4
347,Microgale monticola,Tenrecidae,100,0,0,0,0,0,0,0,0,0,G,1,1,1,13.9
348,Microgale gymnorhyncha,Tenrecidae,100,0,0,0,0,0,0,0,0,0,G,1,1,1,18.2
349,Microgale gracilis,Tenrecidae,100,0,0,0,0,0,0,0,0,0,G,1,1,1,23.3
350,Microgale fotsifotsy,Tenrecidae,100,0,0,0,0,0,0,0,0,0,G,1,1,1,7.7
351,Microgale dryas,Tenrecidae,100,0,0,0,0,0,0,0,0,0,G,1,1,1,40
352,Microgale drouhardi,Tenrecidae,100,0,0,0,0,0,0,0,0,0,G,1,1,1,10.5
353,Microgale dobsoni,Tenrecidae,100,0,0,0,0,0,0,0,0,0,G,1,1,1,38
354,Microgale cowani,Tenrecidae,100,0,0,0,0,0,0,0,0,0,G,1,1,1,13.8
355,Microgale brevicaudata,Tenrecidae,100,0,0,0,0,0,0,0,0,0,G,1,1,1,11.3
356,Microgale nasoloi,Tenrecidae,100,0,0,0,0,0,0,0,0,0,G,1,1,1,13.83
357,Oryzorictes hova,Tenrecidae,100,0,0,0,0,0,0,0,0,0,G,1,0,0,36.5
358,Oryzorictes tetradactylus,Tenrecidae,100,0,0,0,0,0,0,0,0,0,G,1,0,0,36
359,Micropotamogale lamottei,Tenrecidae,60,0,20,20,0,0,0,0,0,0,G,1,0,0,69.6
360,Micropotamogale ruwenzorii,Tenrecidae,60,0,20,20,0,0,0,0,0,0,G,1,0,0,98.5
361,Potamogale velox,Tenrecidae,70,0,10,20,0,0,0,0,0,0,G,1,1,0,659.99
362,Echinops telfairi,Tenrecidae,60,0,0,0,0,0,40,0,0,0,G,1,0,0,180
363,Hemicentetes semispinosus,Tenrecidae,100,0,0,0,0,0,0,0,0,0,G,1,0,0,137.8
364,Hemicentetes nigriceps,Tenrecidae,100,0,0,0,0,0,0,0,0,0,G,1,0,0,102.99
365,Setifer setosus,Tenrecidae,40,0,0,0,0,60,0,0,0,0,G,1,0,0,294
366,Tenrec ecaudatus,Tenrecidae,90,0,0,0,0,0,0,0,0,10,G,1,1,0,868
367,Carpitalpa arendsi,Chrysochloridae,100,0,0,0,0,0,0,0,0,0,G,1,1,1,52.34
368,Chlorotalpa duthieae,Chrysochloridae,100,0,0,0,0,0,0,0,0,0,G,1,1,1,49.7
369,Chlorotalpa sclateri,Chrysochloridae,100,0,0,0,0,0,0,0,0,0,G,1,1,1,41
370,Chrysochloris asiatica,Chrysochloridae,100,0,0,0,0,0,0,0,0,0,G,1,0,0,49
371,Chrysochloris visagiei,Chrysochloridae,100,0,0,0,0,0,0,0,0,0,G,1,0,0,30
372,Chrysochloris stuhlmanni,Chrysochloridae,100,0,0,0,0,0,0,0,0,0,G,1,0,0,39.8
373,Chrysospalax trevelyani,Chrysochloridae,100,0,0,0,0,0,0,0,0,0,G,1,0,0,426.5
374,Chrysospalax villosus,Chrysochloridae,100,0,0,0,0,0,0,0,0,0,G,1,0,0,119.88
375,Cryptochloris zyli,Chrysochloridae,40,0,60,0,0,0,0,0,0,0,G,1,0,0,25
376,Cryptochloris wintoni,Chrysochloridae,40,0,60,0,0,0,0,0,0,0,G,1,0,0,25
377,Eremitalpa granti,Chrysochloridae,90,10,0,0,0,0,0,0,0,0,G,1,0,0,26.1
378,Amblysomus corriae,Chrysochloridae,100,0,0,0,0,0,0,0,0,0,G,0,0,1,52.6
379,Amblysomus hottentotus,Chrysochloridae,100,0,0,0,0,0,0,0,0,0,G,0,0,1,52.6
380,Amblysomus marleyi,Chrysochloridae,100,0,0,0,0,0,0,0,0,0,G,0,0,1,52.6
381,Amblysomus robustus,Chrysochloridae,100,0,0,0,0,0,0,0,0,0,G,0,0,1,52.6
382,Amblysomus septentrionalis,Chrysochloridae,100,0,0,0,0,0,0,0,0,0,G,0,0,1,52.6
383,Calcochloris obtusirostris,Chrysochloridae,100,0,0,0,0,0,0,0,0,0,G,1,1,1,24.05
384,Calcochloris leucorhinus,Chrysochloridae,100,0,0,0,0,0,0,0,0,0,G,1,1,1,49.7
385,Calcochloris tytonis,Chrysochloridae,100,0,0,0,0,0,0,0,0,0,G,1,1,1,49.7
386,Neamblysomus julianae,Chrysochloridae,100,0,0,0,0,0,0,0,0,0,G,0,0,1,21.99
387,Neamblysomus gunningi,Chrysochloridae,100,0,0,0,0,0,0,0,0,0,G,0,0,1,35.84
388,Elephantulus rupestris,Macroscelididae,100,0,0,0,0,0,0,0,0,0,G,0,0,1,66.4
389,Elephantulus brachyrhynchus,Macroscelididae,100,0,0,0,0,0,0,0,0,0,G,0,0,1,47.5
390,Elephantulus edwardii,Macroscelididae,100,0,0,0,0,0,0,0,0,0,G,0,0,1,48
391,Elephantulus fuscipes,Macroscelididae,100,0,0,0,0,0,0,0,0,0,G,0,0,1,57
392,Elephantulus fuscus,Macroscelididae,100,0,0,0,0,0,0,0,0,0,G,0,0,1,52.56
393,Elephantulus intufi,Macroscelididae,100,0,0,0,0,0,0,0,0,0,G,0,0,1,49.5
394,Elephantulus myurus,Macroscelididae,100,0,0,0,0,0,0,0,0,0,G,0,0,1,52.4
395,Elephantulus revoili,Macroscelididae,100,0,0,0,0,0,0,0,0,0,G,0,0,1,32.5
396,Elephantulus rozeti,Macroscelididae,100,0,0,0,0,0,0,0,0,0,G,0,0,1,48
397,Elephantulus rufescens,Macroscelididae,100,0,0,0,0,0,0,0,0,0,G,0,0,1,37.5
398,Macroscelides proboscideus,Macroscelididae,80,0,0,0,0,0,10,0,0,10,G,0,0,1,38.2
399,Petrodromus tetradactylus,Macroscelididae,100,0,0,0,0,0,0,0,0,0,G,0,0,1,187.5
400,Rhynchocyon chrysopygus,Macroscelididae,100,0,0,0,0,0,0,0,0,0,G,0,0,1,540
401,Rhynchocyon cirnei,Macroscelididae,100,0,0,0,0,0,0,0,0,0,G,0,0,1,490
402,Rhynchocyon petersi,Macroscelididae,100,0,0,0,0,0,0,0,0,0,G,0,0,1,424
403,Orycteropus afer,Orycteropodidae,100,0,0,0,0,0,0,0,0,0,G,1,1,0,52350.4
404,Dendrohyrax arboreus,Procaviidae,0,0,0,0,0,0,30,0,0,70,Ar,1,1,0,2949.99
405,Dendrohyrax dorsalis,Procaviidae,0,0,0,0,0,0,30,0,0,70,Ar,1,1,0,3175
406,Heterohyrax brucei,Procaviidae,0,0,0,0,0,0,0,0,0,100,S,0,0,1,2625
407,Procavia capensis,Procaviidae,0,0,0,0,0,0,0,0,0,100,G,0,1,1,3029.98
408,Elephas maximus,Elephantidae,0,0,0,0,0,0,0,0,0,100,G,1,1,1,2915040
409,Loxodonta africana,Elephantidae,0,0,0,0,0,0,0,0,0,100,G,1,1,1,3940034.28
410,Loxodonta cyclotis,Elephantidae,0,0,0,0,0,0,10,0,0,90,G,1,1,1,4750000.01
411,Dugong dugon,Dugongidae,0,0,0,0,0,0,0,0,0,100,M,1,1,1,310000
413,Trichechus inunguis,Trichechidae,0,0,0,0,0,0,0,0,0,100,M,1,1,1,480000
414,Trichechus manatus,Trichechidae,0,0,0,0,0,0,0,0,0,100,M,1,1,1,433333
415,Trichechus senegalensis,Trichechidae,0,0,0,0,0,0,0,0,0,100,M,1,1,1,454000
416,Dasypus septemcinctus,Dasypodidae,100,0,0,0,0,0,0,0,0,0,G,1,0,0,1526.65
417,Dasypus yepesi,Dasypodidae,100,0,0,0,0,0,0,0,0,0,G,1,0,0,2785.87
418,Dasypus sabanicola,Dasypodidae,100,0,0,0,0,0,0,0,0,0,G,1,0,0,1150.01
419,Dasypus pilosus,Dasypodidae,100,0,0,0,0,0,0,0,0,0,G,1,0,0,4444.98
420,Dasypus novemcinctus,Dasypodidae,100,0,0,0,0,0,0,0,0,0,G,1,0,0,4203.78
421,Dasypus kappleri,Dasypodidae,100,0,0,0,0,0,0,0,0,0,G,1,0,0,9500
422,Dasypus hybridus,Dasypodidae,100,0,0,0,0,0,0,0,0,0,G,1,0,0,1500
423,Calyptophractus retusus,Dasypodidae,100,0,0,0,0,0,0,0,0,0,G,1,0,0,129.99
424,Chaetophractus nationi,Dasypodidae,50,10,10,0,0,0,0,0,0,30,G,1,1,1,2150.01
425,Chaetophractus vellerosus,Dasypodidae,50,10,10,0,0,0,0,0,0,30,G,1,1,1,1030.01
426,Chaetophractus villosus,Dasypodidae,50,10,10,0,0,0,0,0,0,30,G,1,1,1,4540.04
427,Chlamyphorus truncatus,Dasypodidae,100,0,0,0,0,0,0,0,0,0,G,1,0,0,44.3
428,Euphractus sexcinctus,Dasypodidae,50,0,0,0,0,0,0,0,0,50,G,1,1,1,4782.89
429,Zaedyus pichiy,Dasypodidae,100,0,0,0,0,0,0,0,0,0,G,1,1,1,1380
430,Cabassous unicinctus,Dasypodidae,100,0,0,0,0,0,0,0,0,0,G,1,1,0,4799.99
431,Cabassous centralis,Dasypodidae,100,0,0,0,0,0,0,0,0,0,G,1,1,0,3809.96
432,Cabassous chacoensis,Dasypodidae,100,0,0,0,0,0,0,0,0,0,G,1,1,0,1490.01
433,Cabassous tatouay,Dasypodidae,100,0,0,0,0,0,0,0,0,0,G,1,1,0,5349.95
434,Priodontes maximus,Dasypodidae,90,0,0,0,10,0,0,0,0,0,G,1,0,0,45359.68
435,Tolypeutes matacus,Dasypodidae,80,0,0,0,0,0,20,0,0,0,G,1,1,1,1200
436,Tolypeutes tricinctus,Dasypodidae,80,0,0,0,0,0,20,0,0,0,G,1,1,1,1487
437,Bradypus pygmaeus,Bradypodidae,0,0,0,0,0,0,0,0,0,100,Ar,1,1,1,4022.57
438,Bradypus torquatus,Bradypodidae,0,0,0,0,0,0,0,0,0,100,Ar,1,1,1,3899.96
439,Bradypus tridactylus,Bradypodidae,0,0,0,0,0,0,0,0,0,100,Ar,1,1,1,3849.99
440,Bradypus variegatus,Bradypodidae,0,0,0,0,0,0,0,0,0,100,Ar,1,1,1,4335.01
441,Choloepus didactylus,Megalonychidae,0,0,0,0,0,0,30,0,0,70,Ar,1,0,0,5160
442,Choloepus hoffmanni,Megalonychidae,0,0,0,0,0,0,30,0,0,70,Ar,1,0,0,4750.01
443,Cyclopes didactylus,Cyclopedidae,100,0,0,0,0,0,0,0,0,0,Ar,1,0,0,329.5
444,Myrmecophaga tridactyla,Myrmecophagidae,100,0,0,0,0,0,0,0,0,0,G,1,1,1,22333.15
445,Tamandua mexicana,Myrmecophagidae,100,0,0,0,0,0,0,0,0,0,S,1,1,1,4209.98
446,Tamandua tetradactyla,Myrmecophagidae,100,0,0,0,0,0,0,0,0,0,S,1,1,1,5515.06
447,Anathana ellioti,Tupaiidae,80,0,0,0,0,0,20,0,0,0,G,0,0,1,160
448,Dendrogale melanura,Tupaiidae,100,0,0,0,0,0,0,0,0,0,Ar,0,0,1,60
449,Dendrogale murina,Tupaiidae,100,0,0,0,0,0,0,0,0,0,Ar,0,0,1,50
450,Tupaia moellendorffi,Tupaiidae,90,0,0,0,0,0,0,0,0,10,G,0,0,1,150.45
451,Tupaia gracilis,Tupaiidae,90,0,0,0,0,0,0,0,0,10,G,0,0,1,74.58
452,Tupaia tana,Tupaiidae,90,0,0,0,0,0,0,0,0,10,G,0,0,1,197.83
453,Tupaia splendidula,Tupaiidae,90,0,0,0,0,0,0,0,0,10,G,0,0,1,160
454,Tupaia picta,Tupaiidae,90,0,0,0,0,0,0,0,0,10,G,0,0,1,147.5
455,Tupaia palawanensis,Tupaiidae,90,0,0,0,0,0,0,0,0,10,G,0,0,1,168.05
456,Tupaia nicobarica,Tupaiidae,90,0,0,0,0,0,0,0,0,10,G,0,0,1,170.25
457,Tupaia montana,Tupaiidae,90,0,0,0,0,0,0,0,0,10,G,0,0,1,199
458,Tupaia belangeri,Tupaiidae,90,0,0,0,0,0,0,0,0,10,G,0,0,1,200
459,Tupaia javanica,Tupaiidae,90,0,0,0,0,0,0,0,0,10,G,0,0,1,105
460,Tupaia minor,Tupaiidae,90,0,0,0,0,0,0,0,0,10,G,0,0,1,64.28
461,Tupaia glis,Tupaiidae,90,0,0,0,0,0,0,0,0,10,G,0,0,1,169.83
462,Tupaia dorsalis,Tupaiidae,90,0,0,0,0,0,0,0,0,10,G,0,0,1,265
463,Tupaia chrysogaster,Tupaiidae,90,0,0,0,0,0,0,0,0,10,G,0,0,1,131.08
464,Tupaia longipes,Tupaiidae,90,0,0,0,0,0,0,0,0,10,G,0,0,1,168.05
465,Urogale everetti,Tupaiidae,60,0,0,0,20,0,10,0,0,10,S,0,0,1,350
466,Ptilocercus lowii,Ptilocercidae,40,0,0,0,30,0,30,0,0,0,Ar,1,0,0,41.88
467,Cynocephalus volans,Cynocephalidae,0,0,0,0,0,0,0,0,0,100,Ar,1,0,0,1250
468,Galeopterus variegates,Cynocephalidae,0,0,0,0,0,0,0,0,0,100,Ar,1,0,0,1112.2
469,Allocebus trichotis,Cheirogaleidae,0,0,0,0,0,0,50,0,0,50,Ar,1,0,0,77.5
470,Cheirogaleus crossleyi,Cheirogaleidae,10,0,0,0,0,0,50,0,0,40,Ar,1,0,0,285.39
471,Cheirogaleus major,Cheirogaleidae,20,0,0,0,0,0,30,20,0,30,Ar,1,0,0,450
472,Cheirogaleus medius,Cheirogaleidae,20,0,0,0,0,0,30,20,0,30,Ar,1,0,0,181
473,Cheirogaleus minusculus,Cheirogaleidae,10,0,0,0,0,0,50,0,0,40,Ar,1,0,0,285.39
474,Cheirogaleus ravus,Cheirogaleidae,10,0,0,0,0,0,50,0,0,40,Ar,1,0,0,285.39
475,Cheirogaleus sibreei,Cheirogaleidae,10,0,0,0,0,0,50,0,0,40,Ar,1,0,0,285.39
476,Cheirogaleus adipicaudatus,Cheirogaleidae,10,0,0,0,0,0,50,0,0,40,Ar,1,0,0,285.39
477,Microcebus murinus,Cheirogaleidae,20,0,20,0,0,0,30,10,0,20,Ar,1,0,0,69
478,Microcebus tavaratra,Cheirogaleidae,20,0,20,0,0,0,30,10,0,20,Ar,1,0,0,68.01
479,Microcebus sambiranensis,Cheirogaleidae,20,0,20,0,0,0,30,10,0,20,Ar,1,0,0,49.06
480,Microcebus rufus,Cheirogaleidae,20,0,20,0,0,0,30,10,0,20,Ar,1,0,0,42.5
481,Microcebus griseorufus,Cheirogaleidae,20,0,20,0,0,0,30,10,0,20,Ar,1,0,0,70.24
482,Microcebus berthae,Cheirogaleidae,20,0,20,0,0,0,30,10,0,20,Ar,1,0,0,33.45
483,Microcebus myoxinus,Cheirogaleidae,20,0,20,0,0,0,30,10,0,20,Ar,1,0,0,30
484,Microcebus ravelobensis,Cheirogaleidae,20,0,20,0,0,0,30,10,0,20,Ar,1,0,0,55
485,Mirza coquereli,Cheirogaleidae,60,0,0,0,10,0,10,0,10,10,Ar,1,0,0,308
486,Phaner electromontis,Cheirogaleidae,0,0,0,0,0,0,0,100,0,0,Ar,1,0,0,425
487,Phaner furcifer,Cheirogaleidae,0,0,0,0,0,0,0,100,0,0,Ar,1,0,0,400
488,Phaner pallescens,Cheirogaleidae,0,0,0,0,0,0,0,100,0,0,Ar,1,0,0,425
489,Phaner parienti,Cheirogaleidae,0,0,0,0,0,0,0,100,0,0,Ar,1,0,0,425
490,Eulemur albocollaris,Lemuridae,0,0,0,0,0,0,80,0,0,20,Ar,0,0,1,2397.37
491,Eulemur sanfordi,Lemuridae,0,0,0,0,0,0,80,0,0,20,Ar,0,0,1,2394.03
492,Eulemur rufus,Lemuridae,0,0,0,0,0,0,30,0,0,70,Ar,0,0,1,2394.62
493,Eulemur rubriventer,Lemuridae,0,0,0,0,0,0,30,0,0,70,Ar,0,0,1,1400
494,Eulemur mongoz,Lemuridae,0,0,0,0,0,0,20,50,0,30,Ar,1,1,1,1600
495,Eulemur macaco,Lemuridae,0,0,0,0,0,0,30,0,0,70,Ar,0,0,1,2040
496,Eulemur fulvus,Lemuridae,0,0,0,0,0,0,30,0,0,70,Ar,0,0,1,3150
497,Eulemur coronatus,Lemuridae,0,0,0,0,0,0,30,0,0,70,Ar,0,0,1,1650
498,Eulemur cinereiceps,Lemuridae,0,0,0,0,0,0,80,10,0,10,Ar,0,0,1,2114.06
499,Eulemur albifrons,Lemuridae,20,0,0,0,0,0,40,0,0,40,Ar,0,0,1,2300
500,Eulemur collaris,Lemuridae,0,0,0,0,0,0,100,0,0,0,Ar,0,0,1,2375
501,Hapalemur alaotrensis,Lemuridae,0,0,0,0,0,0,0,0,0,100,Ar,0,0,1,1616.83
502,Hapalemur occidentalis,Lemuridae,0,0,0,0,0,0,0,0,0,100,Ar,0,0,1,750
503,Hapalemur griseus,Lemuridae,0,0,0,0,0,0,0,0,0,100,Ar,0,0,1,1400
504,Hapalemur aureus,Lemuridae,0,0,0,0,0,0,0,0,0,100,Ar,0,0,1,1575
505,Lemur catta,Lemuridae,0,0,0,0,0,0,80,0,0,20,S,0,0,1,2900
506,Prolemur simus,Lemuridae,0,0,0,0,0,0,10,0,0,90,Ar,0,1,0,2030.41
507,Varecia rubra,Lemuridae,0,0,0,0,0,0,90,0,0,10,Ar,0,1,0,3872.6
508,Varecia variegata,Lemuridae,0,0,0,0,0,0,100,0,0,0,Ar,0,1,0,3850
509,Lepilemur leucopus,Lepilemuridae,0,0,0,0,0,0,0,0,0,100,Ar,1,0,0,650
510,Lepilemur septentrionalis,Lepilemuridae,0,0,0,0,0,0,0,0,0,100,Ar,1,0,0,750
511,Lepilemur ruficaudatus,Lepilemuridae,0,0,0,0,0,0,0,0,0,100,Ar,1,0,0,700
512,Lepilemur microdon,Lepilemuridae,0,0,0,0,0,0,0,0,0,100,Ar,1,0,0,900
513,Lepilemur edwardsi,Lepilemuridae,0,0,0,0,0,0,0,0,0,100,Ar,1,0,0,700
514,Lepilemur dorsalis,Lepilemuridae,0,0,0,0,0,0,0,0,0,100,Ar,1,0,0,500
515,Lepilemur ankaranensis,Lepilemuridae,0,0,0,0,0,0,0,0,0,100,Ar,1,0,0,700.89
516,Lepilemur mustelinus,Lepilemuridae,0,0,0,0,0,0,0,0,0,100,Ar,1,0,0,773
517,Avahi laniger,Indriidae,0,0,0,0,0,0,20,0,0,80,Ar,1,0,0,900
518,Avahi occidentalis,Indriidae,0,0,0,0,0,0,0,0,0,100,Ar,1,0,0,800
519,Avahi unicolor,Indriidae,0,0,0,0,0,0,0,0,0,100,Ar,1,0,0,848.53
520,Indri indri,Indriidae,0,0,0,0,0,0,30,0,0,70,Ar,0,0,1,8000
521,Propithecus edwardsi,Indriidae,0,0,0,0,0,0,40,0,10,50,Ar,0,0,1,6573.27
522,Propithecus verreauxi,Indriidae,0,0,0,0,0,0,30,0,0,70,Ar,0,0,1,3480
523,Propithecus perrieri,Indriidae,0,0,0,0,0,0,30,0,0,70,Ar,0,0,1,5250
524,Propithecus deckenii,Indriidae,0,0,0,0,0,0,30,0,0,70,Ar,0,0,1,4000
525,Propithecus coquereli,Indriidae,0,0,0,0,0,0,30,0,0,70,Ar,0,0,1,4189.27
526,Propithecus tattersalli,Indriidae,0,0,0,0,0,0,30,0,0,70,Ar,0,0,1,3500
527,Propithecus diadema,Indriidae,0,0,0,0,0,0,30,0,0,70,Ar,0,0,1,7500
528,Daubentonia madagascariensis,Daubentoniidae,40,0,0,0,0,0,0,20,40,0,Ar,1,0,0,2500
529,Arctocebus aureus,Lorisidae,70,0,0,0,0,0,30,0,0,0,Ar,1,0,0,235
530,Arctocebus calabarensis,Lorisidae,70,0,0,0,0,0,30,0,0,0,Ar,1,0,0,210
531,Loris lydekkerianus,Lorisidae,100,0,0,0,0,0,0,0,0,0,Ar,1,0,0,254.06
532,Loris tardigradus,Lorisidae,70,0,0,0,10,0,10,0,0,10,Ar,1,0,0,227.67
533,Nycticebus coucang,Lorisidae,40,30,10,0,0,0,20,0,0,0,Ar,1,0,0,803.5
534,Nycticebus pygmaeus,Lorisidae,40,30,10,0,0,0,20,0,0,0,Ar,1,0,0,900
535,Nycticebus bengalensis,Lorisidae,40,30,10,0,0,0,20,0,0,0,Ar,1,0,0,1137.36
536,Perodicticus potto,Lorisidae,10,0,0,0,0,0,80,10,0,0,Ar,1,0,0,1099.99
537,Pseudopotto martini,Lorisidae,10,0,0,0,0,0,80,10,0,0,Ar,1,0,0,474.8
538,Euoticus elegantulus,Galagidae,20,0,0,0,0,0,20,60,0,0,Ar,1,0,0,300
539,Euoticus pallidus,Galagidae,20,0,0,0,0,0,20,60,0,0,Ar,1,0,0,230
540,Galago gabonensis,Galagidae,20,0,0,0,0,0,80,0,0,0,Ar,1,0,0,165.68
541,Galago thomasi,Galagidae,80,0,0,0,0,0,20,0,0,0,Ar,1,0,0,117.35
542,Galago senegalensis,Galagidae,40,0,0,0,0,0,0,60,0,0,Ar,1,0,0,227.67
543,Galago rondoensis,Galagidae,50,0,0,0,0,0,50,0,0,0,Ar,1,0,0,165.68
544,Galago nyasae,Galagidae,90,0,0,0,0,0,10,0,0,0,Ar,1,0,0,165.68
545,Galago orinus,Galagidae,80,0,0,0,0,0,20,0,0,0,Ar,1,0,0,165.68
546,Galago zanzibaricus,Galagidae,80,0,0,0,0,0,10,10,0,0,Ar,1,0,0,147.35
547,Galago matschiei,Galagidae,40,0,0,0,0,0,0,60,0,0,Ar,1,0,0,210
548,Galago granti,Galagidae,80,0,0,0,0,0,20,0,0,0,Ar,1,0,0,165.68
549,Galago alleni,Galagidae,40,0,0,0,0,0,0,60,0,0,Ar,1,0,0,260
550,Galago cameronensis,Galagidae,50,0,0,0,0,0,50,0,0,0,Ar,1,0,0,165.68
551,Galago gallarum,Galagidae,40,0,0,0,0,0,0,60,0,0,Ar,1,0,0,250
552,Galago moholi,Galagidae,40,0,0,0,0,0,0,60,0,0,Ar,1,0,0,160
553,Galago demidoff,Galagidae,80,0,0,0,0,0,10,10,0,0,Ar,1,0,0,66.04
554,Otolemur monteiri,Galagidae,20,0,0,0,0,0,20,60,0,0,Ar,1,0,0,1577.16
555,Otolemur garnettii,Galagidae,20,0,0,0,0,0,20,60,0,0,Ar,1,0,0,760
556,Otolemur crassicaudatus,Galagidae,20,0,0,0,0,0,20,60,0,0,Ar,1,0,0,1500
557,Saguinus niger,Cebidae,10,0,0,0,20,0,30,20,0,20,Ar,0,0,1,462.13
558,Saguinus midas,Cebidae,40,0,0,0,0,0,30,30,0,0,Ar,0,0,1,540
559,Saguinus mystax,Cebidae,40,0,0,0,0,0,30,30,0,0,Ar,0,0,1,618
560,Saguinus pileatus,Cebidae,40,0,0,0,0,0,30,30,0,0,Ar,0,0,1,462.13
561,Saguinus nigricollis,Cebidae,40,0,0,0,0,0,30,30,0,0,Ar,0,0,1,462
562,Saguinus bicolor,Cebidae,40,0,0,0,0,0,30,30,0,0,Ar,0,0,1,465
563,Saguinus fuscicollis,Cebidae,40,0,0,0,0,0,30,30,0,0,Ar,0,0,1,387
564,Saguinus leucopus,Cebidae,40,0,0,0,0,0,30,30,0,0,Ar,0,0,1,440
565,Saguinus tripartitus,Cebidae,40,0,0,0,0,0,30,30,0,0,Ar,0,0,1,393.5
566,Saguinus geoffroyi,Cebidae,40,0,0,0,0,0,30,30,0,0,Ar,0,0,1,486.5
567,Saguinus oedipus,Cebidae,40,0,0,0,0,0,30,30,0,0,Ar,0,0,1,430
568,Saguinus martinsi,Cebidae,10,0,0,0,20,0,30,20,0,20,Ar,0,0,1,462.13
569,Saguinus labiatus,Cebidae,40,0,0,0,0,0,30,30,0,0,Ar,0,0,1,575
570,Saguinus inustus,Cebidae,40,0,0,0,0,0,30,30,0,0,Ar,0,0,1,410.5
571,Saguinus imperator,Cebidae,40,0,0,0,0,0,30,30,0,0,Ar,0,0,1,400
572,Saguinus graellsi,Cebidae,10,0,0,0,10,0,40,40,0,0,Ar,0,0,1,462.13
573,Saguinus melanoleucus,Cebidae,40,0,0,0,0,0,30,30,0,0,Ar,0,0,1,462.13
574,Callimico goeldii,Cebidae,40,0,0,0,10,0,50,0,0,0,Ar,0,0,1,480
575,Callithrix flaviceps,Cebidae,20,0,0,0,10,0,30,40,0,0,Ar,0,0,1,342
576,Callithrix kuhlii,Cebidae,20,0,0,0,10,0,30,40,0,0,Ar,0,0,1,342
577,Callithrix geoffroyi,Cebidae,20,0,0,0,10,0,30,40,0,0,Ar,0,0,1,342
578,Callithrix aurita,Cebidae,20,0,0,0,10,0,30,40,0,0,Ar,0,0,1,342
579,Callithrix penicillata,Cebidae,20,0,0,0,10,0,30,40,0,0,Ar,0,0,1,342
580,Callithrix jacchus,Cebidae,20,0,0,0,10,0,30,40,0,0,Ar,0,0,1,292
581,Callithrix nigriceps,Cebidae,20,0,0,0,0,0,0,70,10,0,Ar,0,0,1,401.12
582,Callithrix intermedia,Cebidae,50,0,0,0,0,0,30,20,0,0,Ar,0,0,1,335.61
583,Callithrix leucippe,Cebidae,20,0,0,0,0,0,40,40,0,0,Ar,0,0,1,335.61
584,Callithrix manicorensis,Cebidae,20,0,0,0,10,0,30,40,0,0,Ar,0,0,1,335.61
585,Callithrix marcai,Cebidae,20,0,0,0,10,0,30,40,0,0,Ar,0,0,1,335.61
586,Callithrix melanura,Cebidae,20,0,0,0,0,0,40,20,0,20,Ar,0,0,1,335.61
587,Callithrix humeralifera,Cebidae,20,0,0,0,20,0,60,0,0,0,Ar,0,0,1,374.99
588,Callithrix saterei,Cebidae,20,0,0,0,10,0,30,40,0,0,Ar,0,0,1,441.25
589,Callithrix mauesi,Cebidae,20,0,0,0,10,0,30,40,0,0,Ar,0,0,1,443.79
590,Callithrix emiliae,Cebidae,20,0,0,0,10,0,30,40,0,0,Ar,0,0,1,309.58
591,Callithrix chrysoleuca,Cebidae,20,0,0,0,10,0,30,40,0,0,Ar,0,0,1,335.61
592,Callithrix argentata,Cebidae,20,0,0,0,20,0,60,0,0,0,Ar,0,0,1,440
593,Callithrix acariensis,Cebidae,20,0,0,0,10,0,30,40,0,0,Ar,0,0,1,335.61
594,Callithrix pygmaea,Cebidae,20,0,0,0,20,0,0,60,0,0,Ar,0,0,1,125
595,Callithrix humilis,Cebidae,20,0,0,0,10,0,30,40,0,0,Ar,0,0,1,335.61
596,Leontopithecus rosalia,Cebidae,50,0,0,0,0,0,50,0,0,0,Ar,0,0,1,535.5
597,Leontopithecus chrysopygus,Cebidae,50,0,0,0,0,0,50,0,0,0,Ar,0,0,1,700
598,Leontopithecus chrysomelas,Cebidae,50,0,0,0,0,0,50,0,0,0,Ar,0,0,1,572.8
599,Leontopithecus caissara,Cebidae,50,0,0,0,0,0,50,0,0,0,Ar,0,0,1,572
600,Cebus apella,Cebidae,20,0,0,0,10,0,20,10,20,20,Ar,0,0,1,2500
601,Cebus capucinus,Cebidae,20,0,0,0,10,0,20,10,20,20,Ar,0,0,1,2733.32
602,Cebus kaapori,Cebidae,10,0,0,0,0,0,70,0,10,10,Ar,0,0,1,3000
603,Cebus nigritus,Cebidae,20,0,0,0,10,0,40,20,0,10,Ar,0,0,1,2687.21
604,Cebus olivaceus,Cebidae,20,0,0,0,10,0,20,10,20,20,Ar,0,0,1,2599.98
605,Cebus xanthosternos,Cebidae,20,0,0,0,10,0,40,20,0,10,Ar,0,0,1,2687.21
606,Cebus albifrons,Cebidae,20,0,0,0,10,0,20,10,20,20,Ar,0,0,1,2629
607,Cebus libidinosus,Cebidae,20,0,0,0,10,0,40,20,0,10,Ar,0,0,1,2687.21
608,Saimiri boliviensis,Cebidae,20,0,0,0,20,0,20,0,20,20,Ar,0,0,1,615.01
609,Saimiri oerstedii,Cebidae,20,0,0,0,20,0,20,0,20,20,Ar,0,0,1,278.5
610,Saimiri sciureus,Cebidae,20,0,0,0,20,0,20,0,20,20,Ar,0,0,1,743.24
611,Saimiri ustus,Cebidae,20,0,0,0,20,0,20,0,20,20,Ar,0,0,1,1000
612,Saimiri vanzolinii,Cebidae,20,0,0,0,20,0,20,0,20,20,Ar,0,0,1,769.61
613,Ateles paniscus,Atelidae,10,0,0,0,10,0,60,0,10,10,Ar,0,0,1,7900.05
614,Ateles geoffroyi,Atelidae,10,0,0,0,10,0,60,0,10,10,Ar,0,0,1,5284.94
615,Ateles hybridus,Atelidae,10,0,0,0,10,0,60,0,10,10,Ar,0,0,1,6394.85
616,Ateles fusciceps,Atelidae,10,0,0,0,10,0,60,0,10,10,Ar,0,0,1,9100
617,Ateles marginatus,Atelidae,10,0,0,0,10,0,60,0,10,10,Ar,0,0,1,5999.98
618,Ateles chamek,Atelidae,10,0,0,0,10,0,60,0,10,10,Ar,0,0,1,5999.98
619,Ateles belzebuth,Atelidae,10,0,0,0,10,0,60,0,10,10,Ar,0,0,1,5000
620,Brachyteles hypoxanthus,Atelidae,0,0,0,0,0,0,20,10,0,70,Ar,0,1,1,13499.88
621,Brachyteles arachnoides,Atelidae,0,0,0,0,0,0,20,10,20,50,Ar,0,1,1,13499.88
622,Lagothrix lagotricha,Atelidae,10,0,0,0,0,0,70,0,10,10,Ar,0,0,1,6299.99
623,Lagothrix lugens,Atelidae,0,0,0,0,0,0,70,10,0,20,Ar,0,0,1,6
624,Lagothrix poeppigii,Atelidae,0,0,0,0,0,0,70,10,0,20,Ar,0,0,1,62.31
625,Lagothrix cana,Atelidae,0,0,0,0,0,0,70,10,0,20,Ar,0,0,1,6.4
626,Oreonax flavicauda,Atelidae,0,0,0,0,0,0,70,10,0,20,Ar,0,0,1,8229.12
627,Alouatta seniculus,Atelidae,0,0,0,0,0,0,40,0,0,60,Ar,0,0,1,6145.54
628,Alouatta guariba,Atelidae,0,0,0,0,0,0,40,0,0,60,Ar,0,0,1,5188.33
629,Alouatta belzebul,Atelidae,0,0,0,0,0,0,40,0,0,60,Ar,0,0,1,6400
630,Alouatta caraya,Atelidae,0,0,0,0,0,0,40,0,0,60,Ar,0,0,1,5862.46
631,Alouatta coibensis,Atelidae,0,0,0,0,0,0,40,0,0,60,Ar,0,0,1,6320.06
632,Alouatta macconnelli,Atelidae,0,0,0,0,0,0,40,0,0,60,Ar,0,0,1,6320.06
633,Alouatta nigerrima,Atelidae,0,0,0,0,0,0,40,0,0,60,Ar,0,0,1,6320.06
634,Alouatta palliata,Atelidae,0,0,0,0,0,0,40,0,0,60,Ar,0,0,1,7274.95
635,Alouatta sara,Atelidae,0,0,0,0,0,0,40,0,0,60,Ar,0,0,1,6611.04
636,Alouatta pigra,Atelidae,0,0,0,0,0,0,40,0,0,60,Ar,0,0,1,7000.03
637,Aotus nigriceps,Aotidae,20,0,0,0,10,0,20,10,20,20,Ar,1,0,0,1060.01
638,Aotus miconax,Aotidae,20,0,0,0,10,0,20,10,20,20,Ar,1,0,0,800
639,Aotus azarae,Aotidae,20,0,0,0,10,0,20,10,20,20,Ar,1,0,0,929.57
640,Aotus vociferans,Aotidae,20,0,0,0,10,0,20,10,20,20,Ar,1,0,0,872.99
641,Aotus lemurinus,Aotidae,20,0,0,0,10,0,20,10,20,20,Ar,1,0,0,872.99
642,Aotus nancymaae,Aotidae,20,0,0,0,10,0,20,10,20,20,Ar,1,0,0,788.01
643,Aotus trivirgatus,Aotidae,20,0,0,0,10,0,20,10,20,20,Ar,1,0,0,899.99
644,Aotus hershkovitzi,Aotidae,20,0,0,0,10,0,20,10,20,20,Ar,1,0,0,800
645,Callicebus ornatus,Pitheciidae,20,0,0,0,0,0,70,0,0,10,Ar,0,0,1,1170.5
646,Callicebus caligatus,Pitheciidae,20,0,0,0,0,0,50,0,0,30,Ar,0,0,1,992.41
647,Callicebus baptista,Pitheciidae,10,0,0,0,0,0,70,0,10,10,Ar,0,0,1,1011.32
648,Callicebus brunneus,Pitheciidae,20,0,0,0,0,0,50,0,0,30,Ar,0,0,1,992.41
649,Callicebus bernhardi,Pitheciidae,20,0,0,0,0,0,50,0,0,30,Ar,0,0,1,950
650,Callicebus coimbrai,Pitheciidae,20,0,0,0,0,0,50,0,0,30,Ar,0,0,1,1011.32
651,Callicebus barbarabrownae,Pitheciidae,20,0,0,0,0,0,50,0,0,30,Ar,0,0,1,1011.32
652,Callicebus stephennashi,Pitheciidae,20,0,0,0,0,0,50,0,0,30,Ar,0,0,1,690
653,Callicebus cinerascens,Pitheciidae,20,0,0,0,0,0,50,0,0,30,Ar,0,0,1,992.41
654,Callicebus pallescens,Pitheciidae,20,0,0,0,0,0,50,0,0,30,Ar,0,0,1,800
655,Callicebus olallae,Pitheciidae,20,0,0,0,0,0,50,0,0,30,Ar,0,0,1,992.41
656,Callicebus oenanthe,Pitheciidae,20,0,0,0,0,0,50,0,0,30,Ar,0,0,1,992.41
657,Callicebus nigrifrons,Pitheciidae,20,0,0,0,0,0,50,0,0,30,Ar,0,0,1,1011.32
658,Callicebus dubius,Pitheciidae,20,0,0,0,0,0,50,0,0,30,Ar,0,0,1,992.41
659,Callicebus hoffmannsi,Pitheciidae,20,0,0,0,0,0,50,0,0,30,Ar,0,0,1,992.41
660,Callicebus personatus,Pitheciidae,20,0,0,0,0,0,50,0,0,30,Ar,0,0,1,1349.99
661,Callicebus donacophilus,Pitheciidae,20,0,0,0,0,0,50,0,0,30,Ar,0,0,1,795.01
662,Callicebus discolor,Pitheciidae,20,0,0,0,0,0,50,0,0,30,Ar,0,0,1,1005
663,Callicebus melanochir,Pitheciidae,20,0,0,0,0,0,50,0,0,30,Ar,0,0,1,1370
664,Callicebus modestus,Pitheciidae,20,0,0,0,0,0,50,0,0,30,Ar,0,0,1,992.41
665,Callicebus cupreus,Pitheciidae,20,0,0,0,0,0,50,0,0,30,Ar,0,0,1,915
666,Callicebus moloch,Pitheciidae,20,0,0,0,0,0,50,0,0,30,Ar,0,0,1,854.73
667,Callicebus regulus,Pitheciidae,20,0,0,0,0,0,50,0,0,30,Ar,0,0,1,1011.32
668,Callicebus torquatus,Pitheciidae,20,0,0,0,0,0,50,0,0,30,Ar,0,0,1,1050
669,Callicebus purinus,Pitheciidae,20,0,0,0,0,0,50,0,0,30,Ar,0,0,1,1011.32
670,Callicebus lugens,Pitheciidae,20,0,0,0,0,0,50,0,0,30,Ar,0,0,1,1011.32
671,Callicebus lucifer,Pitheciidae,20,0,0,0,0,0,50,0,0,30,Ar,0,0,1,1500
672,Callicebus medemi,Pitheciidae,20,0,0,0,0,0,50,0,0,30,Ar,0,0,1,1205
673,Cacajao calvus,Pitheciidae,10,0,0,0,10,0,70,0,0,10,Ar,0,0,1,5796.02
674,Cacajao melanocephalus,Pitheciidae,10,0,0,0,10,0,70,0,0,10,Ar,0,0,1,3100
675,Chiropotes chiropotes,Pitheciidae,10,0,0,0,0,0,70,0,20,0,Ar,0,0,1,2949.58
676,Chiropotes albinasus,Pitheciidae,10,0,0,0,0,0,40,0,20,30,Ar,0,0,1,2900.01
677,Chiropotes utahickae,Pitheciidae,0,0,0,0,0,0,30,0,50,20,Ar,0,0,1,2949.58
678,Chiropotes israelita,Pitheciidae,10,0,0,0,0,0,70,0,20,0,Ar,0,0,1,2949.58
679,Chiropotes satanas,Pitheciidae,10,0,0,0,0,0,40,0,20,30,Ar,0,0,1,2999.99
680,Pithecia pithecia,Pitheciidae,0,30,0,0,0,0,30,10,0,30,Ar,0,0,1,1375.5
681,Pithecia irrorata,Pitheciidae,0,30,0,0,0,0,30,10,0,30,Ar,0,0,1,2240.99
682,Pithecia albicans,Pitheciidae,0,30,0,0,0,0,30,10,0,30,Ar,0,0,1,2800.01
683,Pithecia aequatorialis,Pitheciidae,0,30,0,0,0,0,30,10,0,30,Ar,0,0,1,2249.99
684,Pithecia monachus,Pitheciidae,0,30,0,0,0,0,30,10,0,30,Ar,0,0,1,1537.52
685,Allenopithecus nigroviridis,Cercopithecidae,50,0,0,0,0,0,50,0,0,0,S,0,0,1,4749.96
686,Macaca leonina,Cercopithecidae,10,0,0,0,0,0,80,0,0,10,S,0,0,1,5786.96
687,Macaca maura,Cercopithecidae,10,0,0,0,0,0,30,0,20,40,S,0,0,1,7300
688,Macaca mulatta,Cercopithecidae,10,0,0,0,0,0,30,0,20,40,S,0,0,1,3713
689,Macaca nemestrina,Cercopithecidae,10,0,0,0,0,0,70,0,10,10,S,0,0,1,6296.5
690,Macaca nigra,Cercopithecidae,10,0,0,0,0,0,70,0,10,10,S,0,0,1,6400
691,Macaca nigrescens,Cercopithecidae,10,0,0,0,0,0,80,0,0,10,S,0,0,1,5786.96
692,Macaca ochreata,Cercopithecidae,10,0,0,0,0,0,30,0,20,40,S,0,0,1,2600
693,Macaca radiata,Cercopithecidae,10,0,0,0,0,0,30,0,20,40,S,0,0,1,3690
694,Macaca arctoides,Cercopithecidae,10,0,0,0,0,0,30,0,20,40,S,0,0,1,5000
695,Macaca hecki,Cercopithecidae,10,0,0,0,0,0,60,0,10,20,S,0,0,1,5786.96
696,Macaca pagensis,Cercopithecidae,10,0,0,0,0,0,60,0,10,20,S,0,0,1,4534.66
697,Macaca fascicularis,Cercopithecidae,50,0,0,0,0,0,40,0,0,10,S,0,0,1,3991.5
698,Macaca cyclopis,Cercopithecidae,10,0,0,0,0,0,30,0,20,40,S,0,0,1,6000
699,Macaca assamensis,Cercopithecidae,10,0,0,0,0,0,30,0,20,40,S,0,0,1,12000
700,Macaca siberu,Cercopithecidae,10,0,0,0,0,0,60,0,10,20,S,0,0,1,5786.96
701,Macaca silenus,Cercopithecidae,10,0,0,0,0,0,30,0,20,40,S,0,0,1,4750
702,Macaca tonkeana,Cercopithecidae,10,0,0,0,0,0,30,0,20,40,S,0,0,1,9000
703,Macaca thibetana,Cercopithecidae,10,0,0,0,0,0,30,0,20,40,S,0,0,1,12000
704,Macaca sylvanus,Cercopithecidae,10,0,0,0,0,0,30,0,20,40,S,0,0,1,7000.03
705,Macaca sinica,Cercopithecidae,10,0,0,0,0,0,30,0,20,40,S,0,0,1,3590
706,Macaca fuscata,Cercopithecidae,10,0,0,0,0,0,30,0,20,40,S,0,0,1,10400
707,Cercocebus galeritus,Cercopithecidae,20,0,0,0,10,0,70,0,0,0,Ar,0,0,1,7835.02
708,Cercocebus sanjei,Cercopithecidae,0,0,0,0,0,0,70,0,0,30,Ar,0,0,1,8000
709,Cercocebus atys,Cercopithecidae,10,0,0,0,0,0,40,0,50,0,Ar,0,0,1,6941.24
710,Cercocebus agilis,Cercopithecidae,20,0,0,0,10,0,70,0,0,0,Ar,0,0,1,8000
711,Cercocebus chrysogaster,Cercopithecidae,20,0,0,0,10,0,70,0,0,0,Ar,0,0,1,12000
712,Cercocebus torquatus,Cercopithecidae,20,0,0,0,10,0,70,0,0,0,Ar,0,0,1,7749.97
713,Cercopithecus sclateri,Cercopithecidae,20,0,0,0,10,0,50,0,10,10,Ar,0,0,1,3375
714,Cercopithecus mona,Cercopithecidae,20,0,0,0,10,0,50,0,10,10,Ar,0,0,1,4208.33
715,Cercopithecus neglectus,Cercopithecidae,20,0,0,0,10,0,50,0,10,10,Ar,0,0,1,5479.99
716,Cercopithecus nictitans,Cercopithecidae,20,0,0,0,10,0,50,0,10,10,Ar,0,0,1,5803.34
717,Cercopithecus petaurista,Cercopithecidae,20,0,0,0,0,0,30,0,20,30,Ar,0,0,1,2774.98
718,Cercopithecus pogonias,Cercopithecidae,20,0,0,0,10,0,50,0,10,10,Ar,0,0,1,3764.96
719,Cercopithecus roloway,Cercopithecidae,40,0,0,0,0,0,50,0,0,10,Ar,0,0,1,5500
720,Cercopithecus solatus,Cercopithecidae,0,0,0,0,10,0,50,0,30,10,Ar,0,0,1,6500
721,Cercopithecus wolfi,Cercopithecidae,0,0,0,0,0,0,70,0,20,10,Ar,0,0,1,4000
722,Cercopithecus mitis,Cercopithecidae,0,0,0,0,10,0,50,0,30,10,Ar,0,0,1,5000
723,Cercopithecus kandti,Cercopithecidae,10,0,0,0,0,0,60,0,0,30,Ar,0,0,1,4291.5
724,Cercopithecus preussi,Cercopithecidae,0,0,0,0,10,0,50,0,30,10,Ar,0,0,1,5250
725,Cercopithecus doggetti,Cercopithecidae,0,0,0,0,10,0,50,0,30,10,Ar,0,0,1,4291.5
726,Cercopithecus albogularis,Cercopithecidae,20,0,0,0,10,0,50,0,10,10,Ar,0,0,1,4291.5
727,Cercopithecus ascanius,Cercopithecidae,20,0,0,0,10,0,50,0,10,10,Ar,0,0,1,3550
728,Cercopithecus campbelli,Cercopithecidae,20,0,0,0,10,0,50,0,10,10,Ar,0,0,1,4099.96
729,Cercopithecus cephus,Cercopithecidae,20,0,0,0,10,0,50,0,10,10,Ar,0,0,1,3484.98
730,Cercopithecus diana,Cercopithecidae,30,0,0,0,10,0,50,0,0,10,Ar,0,0,1,4175.03
731,Cercopithecus dryas,Cercopithecidae,20,0,0,0,10,0,50,0,10,10,Ar,0,0,1,3075
732,Cercopithecus erythrogaster,Cercopithecidae,20,0,0,0,10,0,50,0,10,10,Ar,0,0,1,2500
733,Cercopithecus erythrotis,Cercopithecidae,20,0,0,0,10,0,50,0,10,10,Ar,0,0,1,3918.33
734,Cercopithecus hamlyni,Cercopithecidae,20,0,0,0,10,0,50,0,10,10,Ar,0,0,1,6875
735,Cercopithecus lhoesti,Cercopithecidae,0,0,0,0,10,0,50,0,30,10,Ar,0,0,1,5375.02
736,Cercopithecus lowei,Cercopithecidae,20,0,0,0,10,0,50,0,10,10,Ar,0,0,1,4400
737,Cercopithecus denti,Cercopithecidae,20,0,0,0,10,0,50,0,10,10,Ar,0,0,1,4500
738,Chlorocebus cynosuros,Cercopithecidae,10,0,0,0,20,0,40,0,10,20,S,0,0,1,4993
739,Chlorocebus sabaeus,Cercopithecidae,20,0,0,0,20,0,40,0,0,20,S,0,0,1,4993
740,Chlorocebus tantalus,Cercopithecidae,20,0,0,0,0,0,50,0,0,30,S,0,0,1,4993
741,Chlorocebus djamdjamensis,Cercopithecidae,10,0,0,0,0,0,10,0,0,80,S,0,0,1,6000
742,Chlorocebus aethiops,Cercopithecidae,20,0,0,0,20,0,40,0,0,20,S,0,0,1,4155
743,Chlorocebus pygerythrus,Cercopithecidae,20,0,0,0,20,0,40,0,0,20,S,0,0,1,4993
744,Erythrocebus patas,Cercopithecidae,0,0,0,0,0,0,40,0,20,40,G,0,0,1,8090
745,Lophocebus albigena,Cercopithecidae,0,0,0,0,0,0,50,0,0,50,Ar,0,0,1,7690.06
746,Lophocebus aterrimus,Cercopithecidae,0,0,0,0,0,0,40,20,40,0,Ar,0,0,1,6510.37
747,Lophocebus opdenboschi,Cercopithecidae,0,0,0,0,0,0,40,20,40,0,Ar,0,0,1,7075.67
748,Mandrillus leucophaeus,Cercopithecidae,10,0,0,0,10,0,40,0,30,10,S,0,0,1,14999.96
749,Mandrillus sphinx,Cercopithecidae,10,0,0,0,10,0,40,0,30,10,S,0,0,1,18249.88
750,Miopithecus talapoin,Cercopithecidae,50,0,0,0,0,0,50,0,0,0,Ar,0,0,1,1250
751,Miopithecus ogouensis,Cercopithecidae,20,0,0,0,0,0,80,0,0,0,Ar,0,0,1,1250
752,Papio cynocephalus,Cercopithecidae,10,0,0,0,10,0,20,0,0,60,G,0,0,1,15822.15
753,Papio ursinus,Cercopithecidae,20,0,0,0,10,0,40,0,20,10,G,0,0,1,17729.44
754,Papio hamadryas,Cercopithecidae,10,0,0,0,10,0,0,0,0,80,G,0,0,1,21250.05
755,Papio anubis,Cercopithecidae,10,40,0,0,0,0,20,0,0,30,G,0,0,1,17728.56
756,Papio papio,Cercopithecidae,10,0,0,0,20,0,20,0,10,40,G,0,0,1,18026.05
757,Theropithecus gelada,Cercopithecidae,0,0,0,0,0,0,0,0,0,100,G,0,0,1,17049.83
758,Colobus angolensis,Cercopithecidae,0,0,0,0,0,0,30,0,0,70,Ar,0,0,1,9850
759,Colobus guereza,Cercopithecidae,0,0,0,0,0,0,30,0,0,70,Ar,0,0,1,10600
760,Colobus polykomos,Cercopithecidae,0,0,0,0,0,0,30,0,0,70,Ar,0,0,1,9917.45
761,Colobus satanas,Cercopithecidae,0,0,0,0,0,0,30,0,0,70,Ar,0,0,1,4319.96
762,Colobus vellerosus,Cercopithecidae,0,0,0,0,0,0,30,0,0,70,Ar,0,0,1,7700.18
763,Nasalis larvatus,Cercopithecidae,0,0,0,0,0,0,20,0,0,80,S,0,0,1,9000
764,Piliocolobus preussi,Cercopithecidae,0,0,0,0,0,0,20,0,0,80,Ar,0,0,1,8865.71
765,Piliocolobus tholloni,Cercopithecidae,0,0,0,0,0,0,20,0,0,80,Ar,0,0,1,8591.69
766,Piliocolobus rufomitratus,Cercopithecidae,0,0,0,0,0,0,20,0,10,70,Ar,0,0,1,8030.75
767,Piliocolobus pennantii,Cercopithecidae,0,0,0,0,0,0,20,0,0,80,Ar,0,0,1,10896
768,Piliocolobus kirkii,Cercopithecidae,0,0,0,0,0,0,20,0,0,80,Ar,0,0,1,7158.29
769,Piliocolobus gordonorum,Cercopithecidae,0,0,0,0,0,0,20,0,0,80,Ar,0,0,1,8591.69
770,Piliocolobus foai,Cercopithecidae,0,0,0,0,0,0,20,0,0,80,Ar,0,0,1,8591.69
771,Piliocolobus tephrosceles,Cercopithecidae,0,0,0,0,0,0,20,0,0,80,Ar,0,0,1,8591.69
772,Piliocolobus badius,Cercopithecidae,0,0,0,0,0,0,20,0,0,80,Ar,0,0,1,8430.4
773,Presbytis frontata,Cercopithecidae,0,0,0,0,0,0,40,0,40,20,Ar,0,0,1,6050
774,Presbytis thomasi,Cercopithecidae,0,0,0,0,0,0,40,0,40,20,Ar,0,0,1,6690
775,Presbytis siamensis,Cercopithecidae,0,0,0,0,0,0,50,0,30,20,Ar,0,0,1,5895.06
776,Presbytis rubicunda,Cercopithecidae,0,0,0,0,0,0,40,0,40,20,Ar,0,0,1,6300
777,Presbytis potenziani,Cercopithecidae,0,0,0,0,0,0,40,0,40,20,Ar,0,0,1,6450
778,Presbytis natunae,Cercopithecidae,0,0,0,0,0,0,40,0,40,20,Ar,0,0,1,6374.15
779,Presbytis hosei,Cercopithecidae,0,0,0,0,0,0,40,0,40,20,Ar,0,0,1,6500
780,Presbytis femoralis,Cercopithecidae,0,0,0,0,0,0,40,0,40,20,Ar,0,0,1,7000
781,Presbytis chrysomelas,Cercopithecidae,0,0,0,0,0,0,40,0,40,20,Ar,0,0,1,6374.15
782,Presbytis comata,Cercopithecidae,0,0,0,0,0,0,40,0,40,20,Ar,0,0,1,6250
783,Presbytis melalophos,Cercopithecidae,0,0,0,0,0,0,40,0,40,20,Ar,0,0,1,6300
784,Procolobus verus,Cercopithecidae,0,0,0,0,0,0,10,0,10,80,Ar,0,0,1,4000
785,Pygathrix nigripes,Cercopithecidae,0,0,0,0,0,0,30,0,0,70,Ar,0,0,1,10333.32
786,Pygathrix nemaeus,Cercopithecidae,0,0,0,0,0,0,20,0,0,80,Ar,0,0,1,8310
787,Pygathrix cinerea,Cercopithecidae,0,0,0,0,0,0,20,0,10,70,Ar,0,0,1,9266.6
788,Rhinopithecus brelichi,Cercopithecidae,0,0,0,0,0,0,20,0,10,70,Ar,0,0,1,12267.15
789,Rhinopithecus bieti,Cercopithecidae,0,0,0,0,0,0,0,0,0,100,Ar,0,0,1,11000.54
790,Rhinopithecus avunculus,Cercopithecidae,0,0,0,0,0,0,20,0,10,70,Ar,0,0,1,9086.19
791,Rhinopithecus roxellana,Cercopithecidae,0,0,0,0,0,0,10,0,10,80,Ar,0,0,1,13456.8
792,Semnopithecus priam,Cercopithecidae,0,0,0,0,0,0,40,0,0,60,S,0,1,1,10752
793,Semnopithecus ajax,Cercopithecidae,0,0,0,0,0,0,20,0,10,70,S,0,1,1,10752
794,Semnopithecus hypoleucos,Cercopithecidae,0,0,0,0,0,0,20,0,10,70,S,0,1,1,10026.65
795,Semnopithecus hector,Cercopithecidae,0,0,0,0,0,0,20,0,10,70,S,0,1,1,10752
796,Semnopithecus entellus,Cercopithecidae,0,0,0,0,0,0,10,0,0,90,S,0,1,1,11529.83
797,Semnopithecus schistaceus,Cercopithecidae,0,0,0,0,0,0,10,0,10,80,S,0,1,1,10752
798,Semnopithecus dussumieri,Cercopithecidae,0,0,0,0,0,0,10,0,10,80,S,0,1,1,10752
799,Simias concolor,Cercopithecidae,0,0,0,0,0,0,10,0,10,80,Ar,0,0,1,7393.9
800,Trachypithecus geei,Cercopithecidae,0,0,0,0,0,0,30,0,0,70,Ar,0,0,1,8350
801,Trachypithecus shortridgei,Cercopithecidae,0,0,0,0,0,0,30,0,0,70,Ar,0,0,1,8516.46
802,Trachypithecus poliocephalus,Cercopithecidae,0,0,0,0,0,0,30,0,0,70,Ar,0,0,1,8516.46
803,Trachypithecus pileatus,Cercopithecidae,0,0,0,0,0,0,30,0,0,70,Ar,0,0,1,11450
804,Trachypithecus phayrei,Cercopithecidae,0,0,0,0,0,0,30,0,0,70,Ar,0,0,1,8400
805,Trachypithecus obscurus,Cercopithecidae,0,0,0,0,0,0,30,0,0,70,Ar,0,0,1,6420
806,Trachypithecus laotum,Cercopithecidae,0,0,0,0,0,0,30,0,0,70,Ar,0,0,1,8516.46
807,Trachypithecus germaini,Cercopithecidae,0,0,0,0,0,0,30,0,0,70,Ar,0,0,1,8516.46
808,Trachypithecus francoisi,Cercopithecidae,0,0,0,0,0,0,30,0,0,70,Ar,0,0,1,7325
809,Trachypithecus ebenus,Cercopithecidae,0,0,0,0,0,0,30,0,0,70,Ar,0,0,1,8516.46
810,Trachypithecus delacouri,Cercopithecidae,0,0,0,0,0,0,30,0,0,70,Ar,0,0,1,8516.46
811,Trachypithecus cristatus,Cercopithecidae,0,0,0,0,0,0,30,0,0,70,Ar,0,0,1,8350
812,Trachypithecus barbei,Cercopithecidae,0,0,0,0,0,0,30,0,0,70,Ar,0,0,1,8516.46
813,Trachypithecus auratus,Cercopithecidae,0,0,0,0,0,0,30,0,0,70,Ar,0,0,1,7100
814,Trachypithecus hatinhensis,Cercopithecidae,0,0,0,0,0,0,30,0,0,70,Ar,0,0,1,8516.46
815,Trachypithecus vetulus,Cercopithecidae,0,0,0,0,0,0,30,0,0,70,Ar,0,0,1,8830
816,Trachypithecus johnii,Cercopithecidae,0,0,0,0,0,0,30,0,0,70,Ar,0,0,1,11921
817,Bunopithecus hoolock,Hylobatidae,10,0,0,0,0,0,70,0,0,20,Ar,0,0,1,6699
818,Hylobates albibarbis,Hylobatidae,0,0,0,0,0,0,70,0,0,30,Ar,0,0,1,5692.08
819,Hylobates klossii,Hylobatidae,10,0,0,0,0,0,70,0,0,20,Ar,0,0,1,5800
820,Hylobates agilis,Hylobatidae,10,0,0,0,0,0,70,0,0,20,Ar,0,0,1,5650
821,Hylobates muelleri,Hylobatidae,10,0,0,0,0,0,70,0,0,20,Ar,0,0,1,6000
822,Hylobates moloch,Hylobatidae,10,0,0,0,0,0,70,0,0,20,Ar,0,0,1,6500
823,Hylobates lar,Hylobatidae,10,0,0,0,0,0,70,0,0,20,Ar,0,0,1,4892
824,Hylobates pileatus,Hylobatidae,10,0,0,0,0,0,70,0,0,20,Ar,0,0,1,5440
825,Nomascus concolor,Hylobatidae,10,0,0,0,0,0,80,0,0,10,Ar,0,0,1,6410.47
826,Nomascus siki,Hylobatidae,10,0,0,0,0,0,80,0,0,10,Ar,0,0,1,6850.16
827,Nomascus gabriellae,Hylobatidae,10,0,0,0,0,0,80,0,0,10,Ar,0,0,1,6850.16
828,Nomascus leucogenys,Hylobatidae,10,0,0,0,0,0,80,0,0,10,Ar,0,0,1,7320
829,Nomascus hainanus,Hylobatidae,10,0,0,0,0,0,80,0,0,10,Ar,0,0,1,6850.16
830,Symphalangus syndactylus,Hylobatidae,10,0,0,0,0,0,80,0,0,10,Ar,0,0,1,10839
831,Gorilla gorilla,Hominidae,0,0,0,0,0,0,10,0,0,90,G,0,0,1,131625.52
832,Gorilla beringei,Hominidae,0,0,0,0,0,0,10,0,0,90,G,0,0,1,149325.19
833,Homo sapiens,Hominidae,10,0,0,0,0,0,60,0,0,30,G,0,0,1,58540.63
834,Pan paniscus,Hominidae,10,0,0,0,0,0,60,0,10,20,S,0,0,1,34000.08
835,Pan troglodytes,Hominidae,10,0,0,0,0,0,60,0,0,30,S,0,0,1,42500
836,Pongo abelii,Hominidae,10,0,0,0,10,0,80,0,0,0,Ar,0,0,1,39696.12
837,Pongo pygmaeus,Hominidae,10,0,0,0,10,0,80,0,0,0,Ar,0,0,1,37000
838,Tarsius pelengensis,Tarsiidae,100,0,0,0,0,0,0,0,0,0,Ar,1,1,0,165
839,Tarsius pumilus,Tarsiidae,100,0,0,0,0,0,0,0,0,0,Ar,1,1,0,27.5
840,Tarsius sangirensis,Tarsiidae,100,0,0,0,0,0,0,0,0,0,Ar,1,1,0,165
841,Tarsius syrichta,Tarsiidae,100,0,0,0,0,0,0,0,0,0,Ar,1,1,0,113.5
842,Tarsius bancanus,Tarsiidae,100,0,0,0,0,0,0,0,0,0,Ar,1,1,0,94.25
843,Tarsius dentatus,Tarsiidae,100,0,0,0,0,0,0,0,0,0,Ar,1,1,0,110.42
844,Tarsius tarsier,Tarsiidae,100,0,0,0,0,0,0,0,0,0,Ar,1,1,0,168.04
845,Aplodontia rufa,Aplodontiidae,0,0,0,0,0,0,0,0,0,100,G,1,1,1,1003.99
846,Ratufa affinis,Sciuridae,10,0,0,0,10,0,30,0,30,20,Ar,0,0,1,1156.25
847,Ratufa bicolor,Sciuridae,10,0,0,0,10,0,30,0,30,20,Ar,0,0,1,2050
848,Ratufa indica,Sciuridae,10,0,0,0,10,0,30,0,30,20,Ar,0,0,1,1060
849,Ratufa macroura,Sciuridae,10,0,0,0,10,0,30,0,30,20,Ar,0,0,1,1327.08
850,Sciurillus pusillus,Sciuridae,0,0,0,0,0,0,30,20,20,30,Ar,0,0,1,39
851,Microsciurus alfari,Sciuridae,0,0,0,0,0,0,50,0,50,0,Ar,0,0,1,87.5
852,Microsciurus santanderensis,Sciuridae,0,0,0,0,0,0,50,0,50,0,Ar,0,0,1,99.8
853,Microsciurus mimulus,Sciuridae,0,0,0,0,0,0,50,0,50,0,Ar,0,0,1,120
854,Microsciurus flaviventer,Sciuridae,0,0,0,0,0,0,50,0,50,0,Ar,0,0,1,92
855,Rheithrosciurus macrotis,Sciuridae,0,0,0,0,0,0,100,0,0,0,Ar,0,0,1,1225
856,Sciurus carolinensis,Sciuridae,0,0,0,0,0,0,20,0,50,30,Ar,0,0,1,506.5
857,Sciurus nayaritensis,Sciuridae,0,0,0,0,0,0,20,0,50,30,Ar,0,0,1,697
858,Sciurus niger,Sciuridae,0,0,0,0,0,0,20,0,50,30,Ar,0,0,1,761.9
859,Sciurus oculatus,Sciuridae,0,0,0,0,0,0,20,0,50,30,Ar,0,0,1,649.99
860,Sciurus variegatoides,Sciuridae,0,0,0,0,0,0,20,0,50,30,Ar,0,0,1,485
861,Sciurus vulgaris,Sciuridae,0,0,0,0,0,0,20,0,50,30,Ar,0,0,1,333
862,Sciurus colliaei,Sciuridae,0,0,0,0,0,0,20,0,50,30,Ar,0,0,1,498
863,Sciurus aureogaster,Sciuridae,0,0,0,0,0,0,20,0,50,30,Ar,0,0,1,595
864,Sciurus arizonensis,Sciuridae,0,0,0,0,0,0,20,0,50,30,Ar,0,0,1,646.99
865,Sciurus yucatanensis,Sciuridae,0,0,0,0,0,0,20,0,50,30,Ar,0,0,1,225
866,Sciurus alleni,Sciuridae,0,0,0,0,0,0,20,0,50,30,Ar,0,0,1,434.5
867,Sciurus lis,Sciuridae,0,0,0,0,0,0,20,0,50,30,Ar,0,0,1,264.3
868,Sciurus deppei,Sciuridae,0,0,0,0,0,0,20,0,50,30,Ar,0,0,1,190
869,Sciurus aberti,Sciuridae,0,0,0,0,0,0,20,0,50,30,Ar,0,0,1,623.99
870,Sciurus stramineus,Sciuridae,0,0,0,0,0,0,20,0,50,30,Ar,0,0,1,433.3
871,Sciurus richmondi,Sciuridae,0,0,0,0,0,0,20,0,50,30,Ar,0,0,1,205
872,Sciurus pucheranii,Sciuridae,0,0,0,0,0,0,20,0,50,30,Ar,0,0,1,803.01
873,Sciurus sanborni,Sciuridae,0,0,0,0,0,0,20,0,50,30,Ar,0,0,1,136
874,Sciurus gilvigularis,Sciuridae,0,0,0,0,0,0,20,0,50,30,Ar,0,0,1,803.01
875,Sciurus granatensis,Sciuridae,0,0,0,0,0,0,20,0,50,30,Ar,0,0,1,250
876,Sciurus ignitus,Sciuridae,0,0,0,0,0,0,20,0,50,30,Ar,0,0,1,190
877,Sciurus aestuans,Sciuridae,0,0,0,0,0,0,20,0,50,30,Ar,0,0,1,185
878,Sciurus anomalus,Sciuridae,0,0,0,0,0,0,20,0,50,30,Ar,0,0,1,256
879,Sciurus flammifer,Sciuridae,0,0,0,0,0,0,20,0,50,30,Ar,0,0,1,4292.99
880,Sciurus pyrrhinus,Sciuridae,0,0,0,0,0,0,20,0,50,30,Ar,0,0,1,482
881,Sciurus griseus,Sciuridae,0,0,0,0,0,0,20,0,50,30,Ar,0,0,1,731
882,Sciurus spadiceus,Sciuridae,0,0,0,0,0,0,20,0,50,30,Ar,0,0,1,403.33
883,Sciurus igniventris,Sciuridae,0,0,0,0,0,0,20,0,50,30,Ar,0,0,1,700
884,Syntheosciurus brochus,Sciuridae,0,0,0,0,0,0,0,30,0,70,Ar,1,1,1,132.84
885,Tamiasciurus hudsonicus,Sciuridae,0,20,0,0,10,0,20,10,20,20,Ar,0,0,1,201.17
886,Tamiasciurus mearnsi,Sciuridae,0,20,0,0,10,0,20,10,20,20,Ar,0,0,1,231.58
887,Tamiasciurus douglasii,Sciuridae,0,20,0,0,10,0,20,10,20,20,Ar,0,0,1,225
888,Aeretes melanopterus,Sciuridae,10,0,0,0,0,0,20,0,50,20,Ar,1,0,0,753.23
889,Aeromys thomasi,Sciuridae,10,0,0,0,0,0,30,0,30,30,Ar,1,0,0,1435
890,Aeromys tephromelas,Sciuridae,10,0,0,0,0,0,30,0,30,30,Ar,1,0,0,1075
891,Belomys pearsonii,Sciuridae,10,0,0,0,0,0,20,0,50,20,Ar,1,0,0,217
892,Biswamoyopterus biswasi,Sciuridae,0,0,0,0,0,0,30,20,40,10,Ar,1,0,0,1613.3
893,Eoglaucomys fimbriatus,Sciuridae,20,0,20,0,0,0,0,0,20,40,Ar,1,0,0,510
894,Eupetaurus cinereus,Sciuridae,0,0,0,0,0,0,0,0,0,100,Ar,1,0,0,2500
895,Glaucomys volans,Sciuridae,0,0,0,0,0,0,30,0,40,30,Ar,1,0,0,63.87
896,Glaucomys sabrinus,Sciuridae,0,0,0,0,0,0,30,0,40,30,Ar,1,0,0,166
897,Hylopetes winstoni,Sciuridae,20,0,20,0,0,0,0,0,20,40,Ar,1,0,0,170.82
898,Hylopetes spadiceus,Sciuridae,20,0,20,0,0,0,0,0,20,40,Ar,1,0,0,84.25
899,Hylopetes sipora,Sciuridae,20,0,20,0,0,0,0,0,20,40,Ar,1,0,0,89.2
900,Hylopetes platyurus,Sciuridae,20,0,20,0,0,0,0,0,20,40,Ar,1,0,0,56.98
901,Hylopetes phayrei,Sciuridae,20,0,20,0,0,0,0,0,20,40,Ar,1,0,0,227
902,Hylopetes nigripes,Sciuridae,20,0,20,0,0,0,0,0,20,40,Ar,1,0,0,534
903,Hylopetes lepidus,Sciuridae,20,0,20,0,0,0,0,0,20,40,Ar,1,0,0,50
904,Hylopetes alboniger,Sciuridae,20,0,20,0,0,0,0,0,20,40,Ar,1,0,0,255.38
905,Hylopetes bartelsi,Sciuridae,20,0,20,0,0,0,0,0,20,40,Ar,1,0,0,146.63
906,Iomys horsfieldii,Sciuridae,20,0,20,0,0,0,0,0,20,40,Ar,1,0,0,155.5
907,Iomys sipora,Sciuridae,20,0,20,0,0,0,0,0,20,40,Ar,1,0,0,154.67
908,Petaurillus hosei,Sciuridae,20,0,20,0,0,0,0,0,20,40,Ar,1,0,0,21.1
909,Petaurillus kinlochii,Sciuridae,20,0,20,0,0,0,0,0,20,40,Ar,1,0,0,40
910,Petaurillus emiliae,Sciuridae,20,0,20,0,0,0,0,0,20,40,Ar,1,0,0,13.5
911,Petaurista leucogenys,Sciuridae,10,0,0,0,0,0,30,0,30,30,Ar,1,0,0,1150
912,Petaurista alborufus,Sciuridae,10,0,0,0,0,0,30,0,30,30,Ar,1,0,0,4290
913,Petaurista elegans,Sciuridae,10,0,0,0,0,0,30,0,30,30,Ar,1,0,0,997
914,Petaurista magnificus,Sciuridae,10,0,0,0,0,0,30,0,30,30,Ar,1,0,0,1475.5
915,Petaurista petaurista,Sciuridae,10,0,0,0,0,0,30,0,30,30,Ar,1,0,0,1660.13
916,Petaurista philippensis,Sciuridae,10,0,0,0,0,0,30,0,30,30,Ar,1,0,0,1676
917,Petaurista xanthotis,Sciuridae,10,0,0,0,0,0,30,0,30,30,Ar,1,0,0,1900
918,Petaurista nobilis,Sciuridae,10,0,0,0,0,0,30,0,30,30,Ar,1,0,0,2710
919,Petinomys crinitus,Sciuridae,0,0,0,0,0,0,30,0,30,40,Ar,1,0,0,113
920,Petinomys vordermanni,Sciuridae,0,0,0,0,0,0,30,0,30,40,Ar,1,0,0,40.39
921,Petinomys setosus,Sciuridae,0,0,0,0,0,0,30,0,30,40,Ar,1,0,0,38.44
922,Petinomys sagitta,Sciuridae,0,0,0,0,0,0,30,0,30,40,Ar,1,0,0,50
923,Petinomys mindanensis,Sciuridae,0,0,0,0,0,0,30,0,30,40,Ar,1,0,0,137.64
924,Petinomys lugens,Sciuridae,0,0,0,0,0,0,30,0,30,40,Ar,1,0,0,433
925,Petinomys hageni,Sciuridae,0,0,0,0,0,0,30,0,30,40,Ar,1,0,0,388
926,Petinomys fuscocapillus,Sciuridae,0,0,0,0,0,0,30,0,30,40,Ar,1,0,0,794.5
927,Petinomys genibarbis,Sciuridae,0,0,0,0,0,0,30,0,30,40,Ar,1,0,0,110
928,Pteromys momonga,Sciuridae,10,0,0,0,0,0,30,0,30,30,Ar,1,0,0,297.41
929,Pteromys volans,Sciuridae,10,0,0,0,0,0,30,0,30,30,Ar,1,0,0,143.75
930,Pteromyscus pulverulentus,Sciuridae,0,0,0,0,0,0,30,0,20,50,Ar,1,1,1,334.25
931,Trogopterus xanthipes,Sciuridae,0,0,0,0,0,0,30,0,40,30,Ar,1,0,0,744.94
932,Callosciurus albescens,Sciuridae,20,0,0,0,10,0,20,0,20,30,Ar,0,0,1,220.89
933,Callosciurus caniceps,Sciuridae,20,0,0,0,10,0,20,0,20,30,Ar,0,0,1,257
934,Callosciurus baluensis,Sciuridae,20,0,0,0,10,0,20,0,20,30,Ar,0,0,1,356
935,Callosciurus erythraeus,Sciuridae,20,0,0,0,10,0,20,0,20,30,Ar,0,0,1,280
936,Callosciurus phayrei,Sciuridae,20,0,0,0,10,0,20,0,20,30,Ar,0,0,1,269
937,Callosciurus prevostii,Sciuridae,20,0,0,0,10,0,20,0,20,30,Ar,0,0,1,361.46
938,Callosciurus pygerythrus,Sciuridae,20,0,0,0,10,0,20,0,20,30,Ar,0,0,1,252
939,Callosciurus quinquestriatus,Sciuridae,20,0,0,0,10,0,20,0,20,30,Ar,0,0,1,207.77
940,Callosciurus notatus,Sciuridae,20,0,0,0,10,0,20,0,20,30,Ar,0,0,1,197.5
941,Callosciurus orestes,Sciuridae,20,0,0,0,10,0,20,0,20,30,Ar,0,0,1,278
942,Callosciurus nigrovittatus,Sciuridae,20,0,0,0,10,0,20,0,20,30,Ar,0,0,1,202
943,Callosciurus adamsi,Sciuridae,20,0,0,0,10,0,20,0,20,30,Ar,0,0,1,134.5
944,Callosciurus melanogaster,Sciuridae,20,0,0,0,10,0,20,0,20,30,Ar,0,0,1,278
945,Callosciurus inornatus,Sciuridae,20,0,0,0,10,0,20,0,20,30,Ar,0,0,1,325
946,Callosciurus finlaysonii,Sciuridae,20,0,0,0,10,0,20,0,20,30,Ar,0,0,1,278
947,Sundasciurus hippurus,Sciuridae,10,0,0,0,0,0,60,0,0,30,G,0,0,1,406.25
948,Sundasciurus mindanensis,Sciuridae,10,0,0,0,0,0,60,0,0,30,G,0,0,1,164.46
949,Sundasciurus moellendorffi,Sciuridae,10,0,0,0,0,0,60,0,0,30,G,0,0,1,252
950,Sundasciurus rabori,Sciuridae,10,0,0,0,0,0,60,0,0,30,G,0,0,1,163
951,Sundasciurus juvencus,Sciuridae,10,0,0,0,0,0,60,0,0,30,G,0,0,1,159.09
952,Sundasciurus hoogstraali,Sciuridae,10,0,0,0,0,0,60,0,0,30,G,0,0,1,159.18
953,Sundasciurus davensis,Sciuridae,10,0,0,0,0,0,60,0,0,30,G,0,0,1,165.02
954,Sundasciurus philippinensis,Sciuridae,10,0,0,0,0,0,60,0,0,30,G,0,0,1,244
955,Sundasciurus steerii,Sciuridae,10,0,0,0,0,0,60,0,0,30,G,0,0,1,252
956,Sundasciurus samarensis,Sciuridae,10,0,0,0,0,0,60,0,0,30,G,0,0,1,225
957,Sundasciurus jentinki,Sciuridae,10,0,0,0,0,0,60,0,0,30,G,0,0,1,76
958,Sundasciurus brookei,Sciuridae,10,0,0,0,0,0,60,0,0,30,Ar,0,0,1,115.5
959,Sundasciurus tenuis,Sciuridae,10,0,0,0,0,0,60,0,0,30,Ar,0,0,1,73.75
960,Sundasciurus lowii,Sciuridae,10,0,0,0,0,0,60,0,0,30,Ar,0,0,1,87.5
961,Sundasciurus fraterculus,Sciuridae,10,0,0,0,0,0,60,0,0,30,Ar,0,0,1,155.51
962,Dremomys pyrrhomerus,Sciuridae,20,0,0,0,0,0,30,0,30,20,S,0,0,1,167.73
963,Dremomys rufigenis,Sciuridae,20,0,0,0,0,0,30,0,30,20,S,0,0,1,200
964,Dremomys pernyi,Sciuridae,20,0,0,0,0,0,30,0,30,20,S,0,0,1,198.63
965,Dremomys lokriah,Sciuridae,20,0,0,0,0,0,30,0,30,20,S,0,0,1,227
966,Dremomys gularis,Sciuridae,20,0,0,0,0,0,30,0,30,20,S,0,0,1,190.97
967,Dremomys everetti,Sciuridae,20,0,0,0,0,0,30,0,30,20,S,0,0,1,147.5
968,Exilisciurus whiteheadi,Sciuridae,20,0,0,0,0,0,0,0,0,80,Ar,0,0,1,20
969,Exilisciurus exilis,Sciuridae,20,0,0,0,0,0,0,0,0,80,Ar,0,0,1,19
970,Exilisciurus concinnus,Sciuridae,20,0,0,0,0,0,0,0,0,80,Ar,0,0,1,30.85
971,Funambulus sublineatus,Sciuridae,20,0,0,0,0,0,0,0,20,60,S,0,0,1,70.94
972,Funambulus palmarum,Sciuridae,20,0,0,0,0,0,0,0,20,60,S,0,0,1,136.4
973,Funambulus layardi,Sciuridae,20,0,0,0,0,0,0,0,20,60,S,0,0,1,113.79
974,Funambulus tristriatus,Sciuridae,20,0,0,0,0,0,0,0,20,60,S,0,0,1,139
975,Funambulus pennantii,Sciuridae,20,0,0,0,0,0,0,0,20,60,S,0,0,1,200
976,Glyphotes simus,Sciuridae,10,0,0,0,0,0,20,0,50,20,Ar,0,0,1,50
977,Hyosciurus ileile,Sciuridae,10,0,0,0,0,0,20,0,50,20,G,0,0,1,315
978,Hyosciurus heinrichi,Sciuridae,10,0,0,0,0,0,20,0,50,20,G,0,0,1,296
979,Lariscus insignis,Sciuridae,0,0,0,0,0,0,50,0,50,0,G,0,0,1,200
980,Lariscus niobe,Sciuridae,0,0,0,0,0,0,50,0,50,0,G,0,0,1,190.2
981,Lariscus obscurus,Sciuridae,0,0,0,0,0,0,50,0,50,0,G,0,0,1,241.19
982,Lariscus hosei,Sciuridae,0,0,0,0,0,0,50,0,50,0,G,0,0,1,180
983,Menetes berdmorei,Sciuridae,10,0,0,0,0,0,20,0,50,20,S,0,0,1,190
984,Nannosciurus melanotis,Sciuridae,10,0,0,0,0,0,20,0,50,20,S,0,0,1,50
985,Prosciurillus weberi,Sciuridae,0,0,0,0,0,0,30,0,30,40,S,0,0,1,106.26
986,Prosciurillus rosenbergii,Sciuridae,0,0,0,0,0,0,30,0,30,40,S,0,0,1,90.41
987,Prosciurillus abstrusus,Sciuridae,0,0,0,0,0,0,30,0,30,40,S,0,0,1,79.2
988,Prosciurillus murinus,Sciuridae,0,0,0,0,0,0,30,0,30,40,S,0,0,1,72.9
989,Prosciurillus leucomus,Sciuridae,0,0,0,0,0,0,30,0,30,40,S,0,0,1,128
990,Rhinosciurus laticaudatus,Sciuridae,80,0,0,0,0,0,20,0,0,0,G,0,0,1,228.25
991,Rubrisciurus rubriventer,Sciuridae,10,0,0,0,0,0,20,0,50,20,Ar,0,0,1,129.52
992,Tamiops rodolphii,Sciuridae,20,0,0,0,0,0,40,0,40,0,Ar,0,0,1,64.95
993,Tamiops swinhoei,Sciuridae,20,0,0,0,0,0,40,0,40,0,Ar,0,0,1,85
994,Tamiops mcclellandii,Sciuridae,20,0,0,0,0,0,40,0,40,0,Ar,0,0,1,45.84
995,Tamiops maritimus,Sciuridae,20,0,0,0,0,0,40,0,40,0,Ar,0,0,1,70.33
996,Atlantoxerus getulus,Sciuridae,0,0,0,0,0,0,50,0,50,0,G,0,1,1,251
997,Spermophilopsis leptodactylus,Sciuridae,20,0,0,0,0,0,20,0,20,40,G,0,0,1,600
998,Xerus rutilus,Sciuridae,10,0,0,0,20,0,20,0,30,20,G,0,0,1,317.5
999,Xerus erythropus,Sciuridae,10,0,0,0,20,0,20,0,30,20,G,0,0,1,502.4
1000,Xerus inauris,Sciuridae,10,0,0,0,20,0,20,0,30,20,G,0,0,1,529
1001,Xerus princeps,Sciuridae,10,0,0,0,20,0,20,0,30,20,G,0,0,1,636
1002,Epixerus ebii,Sciuridae,20,0,0,0,0,0,80,0,0,0,G,0,1,1,592
1003,Funisciurus substriatus,Sciuridae,10,0,0,0,0,0,40,0,50,0,Ar,0,1,1,186
1004,Funisciurus pyrropus,Sciuridae,10,0,0,0,0,0,40,0,50,0,Ar,0,1,1,297
1005,Funisciurus leucogenys,Sciuridae,10,0,0,0,0,0,40,0,50,0,Ar,0,1,1,250
1006,Funisciurus lemniscatus,Sciuridae,10,0,0,0,0,0,40,0,50,0,Ar,0,1,1,141
1007,Funisciurus carruthersi,Sciuridae,10,0,0,0,0,0,40,0,50,0,Ar,0,1,1,286
1008,Funisciurus congicus,Sciuridae,10,0,0,0,0,0,40,0,50,0,Ar,0,1,1,112
1009,Funisciurus anerythrus,Sciuridae,10,0,0,0,0,0,40,0,50,0,Ar,0,1,1,218
1010,Funisciurus isabella,Sciuridae,10,0,0,0,0,0,40,0,50,0,Ar,0,1,1,109
1011,Funisciurus bayonii,Sciuridae,10,0,0,0,0,0,40,0,50,0,Ar,0,1,1,135
1012,Heliosciurus undulatus,Sciuridae,20,0,0,0,20,0,30,0,30,0,S,0,1,1,347.33
1013,Heliosciurus ruwenzorii,Sciuridae,20,0,0,0,20,0,30,0,30,0,S,0,1,1,291
1014,Heliosciurus mutabilis,Sciuridae,20,0,0,0,20,0,30,0,30,0,S,0,1,1,390
1015,Heliosciurus gambianus,Sciuridae,20,0,0,0,20,0,30,0,30,0,S,0,1,1,295
1016,Heliosciurus punctatus,Sciuridae,20,0,0,0,20,0,30,0,30,0,S,0,1,1,174
1017,Heliosciurus rufobrachium,Sciuridae,20,0,0,0,20,0,30,0,30,0,S,0,1,1,371.5
1018,Myosciurus pumilio,Sciuridae,0,0,0,0,0,0,0,0,0,100,Ar,0,1,1,165
1019,Paraxerus ochraceus,Sciuridae,0,0,0,0,0,0,40,0,40,20,S,0,0,1,104.3
1020,Paraxerus cooperi,Sciuridae,0,0,0,0,0,0,40,0,40,20,S,0,0,1,250
1021,Paraxerus vexillarius,Sciuridae,0,0,0,0,0,0,40,0,40,20,S,0,0,1,675
1022,Paraxerus vincenti,Sciuridae,0,0,0,0,0,0,40,0,40,20,S,0,0,1,190.19
1023,Paraxerus lucifer,Sciuridae,0,0,0,0,0,0,40,0,40,20,S,0,0,1,700
1024,Paraxerus flavovittis,Sciuridae,0,0,0,0,0,0,40,0,40,20,S,0,0,1,160
1025,Paraxerus palliatus,Sciuridae,0,0,0,0,0,0,40,0,40,20,S,0,0,1,309.31
1026,Paraxerus boehmi,Sciuridae,0,0,0,0,0,0,40,0,40,20,S,0,0,1,70
1027,Paraxerus alexandri,Sciuridae,0,0,0,0,0,0,40,0,40,20,S,0,0,1,52
1028,Paraxerus poensis,Sciuridae,0,0,0,0,0,0,40,0,40,20,S,0,0,1,124.5
1029,Paraxerus cepapi,Sciuridae,0,0,0,0,0,0,40,0,40,20,S,0,0,1,180
1030,Protoxerus stangeri,Sciuridae,0,0,0,0,0,0,30,0,70,0,S,0,0,1,621.5
1031,Protoxerus aubinnii,Sciuridae,0,0,0,0,0,0,30,0,70,0,S,0,0,1,350
1032,Sciurotamias davidianus,Sciuridae,10,0,0,0,0,0,20,0,50,20,G,0,0,1,433.51
1033,Sciurotamias forresti,Sciuridae,10,0,0,0,0,0,20,0,50,20,G,0,0,1,433.51
1034,Spermophilus pygmaeus,Sciuridae,20,0,0,0,0,0,0,0,40,40,G,0,0,1,136
1035,Spermophilus mollis,Sciuridae,20,0,0,0,0,0,0,0,40,40,G,0,0,1,165.4
1036,Spermophilus canus,Sciuridae,20,0,0,0,0,0,0,0,40,40,G,0,0,1,272.85
1037,Spermophilus citellus,Sciuridae,20,0,0,0,0,0,0,0,40,40,G,0,0,1,290
1038,Spermophilus beldingi,Sciuridae,20,0,0,0,0,0,0,0,40,40,G,0,0,1,280.5
1039,Spermophilus dauricus,Sciuridae,20,0,0,0,0,0,0,0,40,40,G,0,0,1,161.3
1040,Spermophilus armatus,Sciuridae,20,0,0,0,0,0,0,0,40,40,G,0,0,1,313
1041,Spermophilus elegans,Sciuridae,20,0,0,0,0,0,0,0,40,40,G,0,0,1,453.6
1042,Spermophilus brunneus,Sciuridae,20,0,0,0,0,0,0,0,40,40,G,0,0,1,300
1043,Spermophilus musicus,Sciuridae,20,0,0,0,0,0,0,0,40,40,G,0,0,1,284.72
1044,Spermophilus pallidicauda,Sciuridae,20,0,0,0,0,0,0,0,40,40,G,0,0,1,284.72
1045,Spermophilus ralli,Sciuridae,20,0,0,0,0,0,0,0,40,40,G,0,0,1,284.72
1046,Spermophilus relictus,Sciuridae,20,0,0,0,0,0,0,0,40,40,G,0,0,1,600
1047,Spermophilus richardsonii,Sciuridae,20,0,0,0,0,0,0,0,40,40,G,0,0,1,406
1048,Spermophilus suslicus,Sciuridae,20,0,0,0,0,0,0,0,40,40,G,0,0,1,252
1049,Spermophilus alashanicus,Sciuridae,20,0,0,0,0,0,0,0,40,40,G,0,0,1,267.76
1050,Spermophilus washingtoni,Sciuridae,20,0,0,0,0,0,0,0,40,40,G,0,0,1,207.5
1051,Spermophilus xanthoprymnus,Sciuridae,20,0,0,0,0,0,0,0,40,40,G,0,0,1,289.67
1052,Spermophilus townsendii,Sciuridae,20,0,0,0,0,0,0,0,40,40,G,0,0,1,213
1053,Spermophilus variegatus,Sciuridae,20,0,0,0,0,0,0,0,40,40,G,0,0,1,691.64
1054,Spermophilus beecheyi,Sciuridae,20,0,0,0,0,0,0,0,40,40,G,0,0,1,578.5
1055,Spermophilus atricapillus,Sciuridae,20,0,0,0,0,0,0,0,40,40,G,0,0,1,551
1056,Spermophilus mexicanus,Sciuridae,20,0,0,0,0,0,0,0,40,40,G,0,0,1,189.64
1057,Spermophilus perotensis,Sciuridae,20,0,0,0,0,0,0,0,40,40,G,0,0,1,140
1058,Spermophilus tridecemlineatus,Sciuridae,20,0,0,0,0,0,0,0,40,40,G,0,0,1,131.67
1059,Spermophilus spilosoma,Sciuridae,20,0,0,0,0,0,0,0,40,40,G,0,0,1,89
1060,Spermophilus tereticaudus,Sciuridae,20,0,0,0,0,0,0,0,40,40,G,0,0,1,156.5
1061,Spermophilus mohavensis,Sciuridae,20,0,0,0,0,0,0,0,40,40,G,0,0,1,190
1062,Spermophilus franklinii,Sciuridae,20,0,0,0,0,0,0,0,40,40,G,0,0,1,363
1063,Spermophilus saturatus,Sciuridae,20,0,0,0,0,0,0,0,40,40,G,0,0,1,220
1064,Spermophilus lateralis,Sciuridae,20,0,0,0,0,0,0,0,40,40,G,0,0,1,191
1065,Spermophilus madrensis,Sciuridae,20,0,0,0,0,0,0,0,40,40,G,0,0,1,275
1066,Spermophilus columbianus,Sciuridae,20,0,0,0,0,0,0,0,40,40,G,0,0,1,493
1067,Spermophilus undulatus,Sciuridae,20,0,0,0,0,0,0,0,40,40,G,0,0,1,840
1068,Spermophilus adocetus,Sciuridae,20,0,0,0,0,0,0,0,40,40,G,0,0,1,125
1069,Spermophilus brevicauda,Sciuridae,20,0,0,0,0,0,0,0,40,40,G,0,0,1,284.72
1070,Spermophilus fulvus,Sciuridae,20,0,0,0,0,0,0,0,40,40,G,0,0,1,596
1071,Spermophilus parryii,Sciuridae,20,0,0,0,0,0,0,0,40,40,G,0,0,1,759.99
1072,Spermophilus annulatus,Sciuridae,20,0,0,0,0,0,0,0,40,40,G,0,0,1,500
1073,Spermophilus major,Sciuridae,20,0,0,0,0,0,0,0,40,40,G,0,0,1,269.07
1074,Spermophilus erythrogenys,Sciuridae,20,0,0,0,0,0,0,0,40,40,G,0,0,1,254.81
1075,Ammospermophilus interpres,Sciuridae,20,0,0,0,0,10,20,0,20,30,G,0,0,1,110.3
1076,Ammospermophilus insularis,Sciuridae,20,0,0,0,0,10,20,0,20,30,G,0,0,1,122.31
1077,Ammospermophilus harrisii,Sciuridae,20,0,0,0,0,10,20,0,20,30,G,0,0,1,122
1078,Ammospermophilus nelsoni,Sciuridae,20,0,0,0,0,10,20,0,20,30,G,0,0,1,160.4
1079,Ammospermophilus leucurus,Sciuridae,20,0,0,0,0,10,20,0,20,30,G,0,0,1,103.67
1080,Cynomys ludovicianus,Sciuridae,0,0,0,0,0,0,0,0,0,100,G,0,0,1,1364
1081,Cynomys mexicanus,Sciuridae,0,0,0,0,0,0,0,0,0,100,G,0,0,1,899.99
1082,Cynomys leucurus,Sciuridae,0,0,0,0,0,0,0,0,0,100,G,0,0,1,908.49
1083,Cynomys gunnisoni,Sciuridae,0,0,0,0,0,0,0,0,0,100,G,0,0,1,925
1084,Cynomys parvidens,Sciuridae,0,0,0,0,0,0,0,0,0,100,G,0,0,1,899.99
1085,Marmota monax,Sciuridae,0,0,0,0,0,0,30,0,30,40,G,0,0,1,3801.72
1086,Marmota himalayana,Sciuridae,0,0,0,0,0,0,30,0,30,40,G,0,0,1,5000
1087,Marmota marmota,Sciuridae,0,0,0,0,0,0,30,0,30,40,G,0,0,1,2010
1088,Marmota camtschatica,Sciuridae,0,0,0,0,0,0,30,0,30,40,G,0,0,1,3500
1089,Marmota sibirica,Sciuridae,0,0,0,0,0,0,30,0,30,40,G,0,0,1,8000
1090,Marmota caudata,Sciuridae,0,0,0,0,0,0,30,0,30,40,G,0,0,1,4350
1091,Marmota broweri,Sciuridae,0,0,0,0,0,0,30,0,30,40,G,0,0,1,3405
1092,Marmota bobak,Sciuridae,0,0,0,0,0,0,30,0,30,40,G,0,0,1,5500
1093,Marmota baibacina,Sciuridae,0,0,0,0,0,0,30,0,30,40,G,0,0,1,7500
1094,Marmota menzbieri,Sciuridae,0,0,0,0,0,0,30,0,30,40,G,0,0,1,3250
1095,Marmota olympus,Sciuridae,0,0,0,0,0,0,30,0,30,40,G,0,0,1,6299.99
1096,Marmota vancouverensis,Sciuridae,0,0,0,0,0,0,30,0,30,40,G,0,0,1,6299.99
1097,Marmota flaviventris,Sciuridae,0,0,0,0,0,0,30,0,30,40,G,0,0,1,3349.96
1098,Marmota caligata,Sciuridae,0,0,0,0,0,0,30,0,30,40,G,0,0,1,7230.03
1099,Tamias striatus,Sciuridae,20,0,0,0,0,0,20,0,30,30,G,0,0,1,111.91
1100,Tamias sibiricus,Sciuridae,10,0,0,0,0,0,10,0,60,20,G,0,0,1,85
1101,Tamias quadrimaculatus,Sciuridae,0,0,0,0,0,0,50,0,50,0,G,0,0,1,85.25
1102,Tamias quadrivittatus,Sciuridae,0,0,0,0,0,0,50,0,50,0,G,0,0,1,62.2
1103,Tamias ruficaudus,Sciuridae,0,0,0,0,0,0,50,0,50,0,G,0,0,1,68
1104,Tamias rufus,Sciuridae,0,0,0,0,0,0,50,0,50,0,G,0,0,1,53.6
1105,Tamias senex,Sciuridae,0,0,0,0,0,0,50,0,50,0,G,0,0,1,89.35
1106,Tamias sonomae,Sciuridae,0,0,0,0,0,0,50,0,50,0,G,0,0,1,75
1107,Tamias umbrinus,Sciuridae,0,0,0,0,0,0,50,0,50,0,G,0,0,1,63
1108,Tamias siskiyou,Sciuridae,0,0,0,0,0,0,50,0,50,0,G,0,0,1,75
1109,Tamias panamintinus,Sciuridae,0,0,0,0,0,0,50,0,50,0,G,0,0,1,52.3
1110,Tamias townsendii,Sciuridae,0,0,0,0,0,0,50,0,50,0,G,0,0,1,74.78
1111,Tamias cinereicollis,Sciuridae,0,0,0,0,0,0,50,0,50,0,G,0,0,1,61.7
1112,Tamias amoenus,Sciuridae,0,0,0,0,0,0,50,0,50,0,G,0,0,1,50.5
1113,Tamias bulleri,Sciuridae,0,0,0,0,0,0,50,0,50,0,G,0,0,1,100
1114,Tamias palmeri,Sciuridae,0,0,0,0,0,0,50,0,50,0,G,0,0,1,69.4
1115,Tamias speciosus,Sciuridae,0,0,0,0,0,0,50,0,50,0,G,0,0,1,62
1116,Tamias alpinus,Sciuridae,0,0,0,0,0,0,50,0,50,0,G,0,0,1,36.55
1117,Tamias dorsalis,Sciuridae,0,0,0,0,0,0,50,0,50,0,G,0,0,1,71.1
1118,Tamias durangae,Sciuridae,0,0,0,0,0,0,50,0,50,0,G,0,0,1,85
1119,Tamias merriami,Sciuridae,0,0,0,0,0,0,50,0,50,0,G,0,0,1,74.8
1120,Tamias minimus,Sciuridae,0,0,0,0,0,0,50,0,50,0,G,0,0,1,135.27
1121,Tamias obscurus,Sciuridae,0,0,0,0,0,0,50,0,50,0,G,0,0,1,73
1122,Tamias ochrogenys,Sciuridae,0,0,0,0,0,0,50,0,50,0,G,0,0,1,91.7
1123,Tamias canipes,Sciuridae,0,0,0,0,0,0,50,0,50,0,G,0,0,1,70.4
1124,Graphiurus lorraineus,Gliridae,20,20,0,0,20,0,20,0,20,0,S,1,0,0,27
1125,Graphiurus surdus,Gliridae,20,20,0,0,20,0,20,0,20,0,S,1,0,0,20.01
1126,Graphiurus rupicola,Gliridae,20,20,0,0,20,0,20,0,20,0,S,1,0,0,24.53
1127,Graphiurus platyops,Gliridae,20,20,0,0,20,0,20,0,20,0,S,1,0,0,46.1
1128,Graphiurus ocularis,Gliridae,20,20,0,0,20,0,20,0,20,0,S,1,0,0,30.3
1129,Graphiurus murinus,Gliridae,20,20,0,0,20,0,20,0,20,0,S,1,0,0,19.08
1130,Graphiurus kelleni,Gliridae,20,20,0,0,20,0,20,0,20,0,S,1,0,0,10.5
1131,Graphiurus johnstoni,Gliridae,20,20,0,0,20,0,20,0,20,0,S,1,0,0,23.96
1132,Graphiurus christyi,Gliridae,20,20,0,0,20,0,20,0,20,0,S,1,0,0,23.83
1133,Graphiurus angolensis,Gliridae,20,20,0,0,20,0,20,0,20,0,S,1,0,0,23.96
1134,Graphiurus microtis,Gliridae,20,20,0,0,20,0,20,0,20,0,S,1,0,0,25.18
1135,Graphiurus monardi,Gliridae,20,20,0,0,20,0,20,0,20,0,S,1,0,0,25.05
1136,Graphiurus nagtglasii,Gliridae,20,20,0,0,20,0,20,0,20,0,S,1,0,0,30
1137,Graphiurus crassicaudatus,Gliridae,20,20,0,0,20,0,20,0,20,0,S,1,0,0,38.22
1138,Chaetocauda sichuanensis,Gliridae,10,10,0,0,10,0,20,0,30,20,Ar,1,0,0,31.51
1139,Dryomys nitedula,Gliridae,10,10,0,0,10,0,20,0,30,20,Ar,1,0,0,33.6
1140,Dryomys laniger,Gliridae,10,10,0,0,10,0,20,0,30,20,Ar,1,0,0,20
1141,Dryomys niethammeri,Gliridae,10,10,0,0,10,0,20,0,30,20,Ar,1,0,0,25.92
1142,Eliomys melanurus,Gliridae,30,30,0,0,0,0,20,0,20,0,S,1,0,0,98.7
1143,Eliomys munbyanus,Gliridae,30,30,0,0,0,0,20,0,20,0,S,1,0,0,106.54
1144,Eliomys quercinus,Gliridae,30,30,0,0,0,0,20,0,20,0,S,1,0,0,115
1145,Muscardinus avellanarius,Gliridae,10,0,0,0,0,0,10,70,0,10,Ar,1,0,0,27.5
1146,Myomimus setzeri,Gliridae,10,20,0,0,10,0,30,0,30,0,G,1,0,0,37.74
1147,Myomimus personatus,Gliridae,10,20,0,0,10,0,30,0,30,0,G,1,0,0,37.48
1148,Myomimus roachi,Gliridae,10,20,0,0,10,0,30,0,30,0,G,1,0,0,36.99
1149,Selevinia betpakdalaensis,Gliridae,100,0,0,0,0,0,0,0,0,0,G,1,1,0,28
1150,Glirulus japonicus,Gliridae,30,0,0,0,20,0,30,0,20,0,Ar,1,0,0,62.99
1151,Glis glis,Gliridae,0,0,0,0,0,0,40,0,60,0,Ar,1,1,0,128.09
1152,Cratogeomys neglectus,Geomyidae,0,0,0,0,0,0,0,0,0,100,G,1,1,0,302.48
1153,Cratogeomys tylorhinus,Geomyidae,0,0,0,0,0,0,0,0,0,100,G,1,1,0,403.42
1154,Cratogeomys merriami,Geomyidae,0,0,0,0,0,0,0,0,0,100,G,1,1,0,419.99
1155,Cratogeomys gymnurus,Geomyidae,0,0,0,0,0,0,0,0,0,100,G,1,1,0,599.99
1156,Cratogeomys fumosus,Geomyidae,0,0,0,0,0,0,0,0,0,100,G,1,1,0,150
1157,Cratogeomys goldmani,Geomyidae,0,0,0,0,0,0,0,0,0,100,G,1,0,0,71.51
1158,Cratogeomys castanops,Geomyidae,0,0,0,0,0,0,0,0,0,100,G,1,1,0,266.83
1159,Cratogeomys zinseri,Geomyidae,0,0,0,0,0,0,0,0,0,100,G,1,1,0,150
1160,Geomys arenarius,Geomyidae,0,0,0,0,0,0,0,0,0,100,G,1,1,1,206
1161,Geomys knoxjonesi,Geomyidae,0,0,0,0,0,0,0,0,0,100,G,1,1,1,172.49
1162,Geomys texensis,Geomyidae,0,0,0,0,0,0,0,0,0,100,G,1,1,1,189.76
1163,Geomys tropicalis,Geomyidae,0,0,0,0,0,0,0,0,0,100,G,1,1,1,350
1164,Geomys personatus,Geomyidae,0,0,0,0,0,0,0,0,0,100,G,1,1,1,397
1165,Geomys bursarius,Geomyidae,0,0,0,0,0,0,0,0,0,100,G,1,1,1,203.75
1166,Geomys pinetis,Geomyidae,0,0,0,0,0,0,0,0,0,100,G,1,1,1,85
1167,Geomys breviceps,Geomyidae,0,0,0,0,0,0,0,0,0,100,G,1,0,0,136.47
1168,Geomys attwateri,Geomyidae,0,0,0,0,0,0,0,0,0,100,G,1,1,1,144.06
1169,Orthogeomys grandis,Geomyidae,0,0,0,0,0,0,0,0,0,100,G,0,0,1,500
1170,Orthogeomys cuniculus,Geomyidae,0,0,0,0,0,0,0,0,0,100,G,0,0,1,500
1171,Orthogeomys hispidus,Geomyidae,0,0,0,0,0,0,0,0,0,100,G,0,0,1,500
1172,Orthogeomys lanius,Geomyidae,0,0,0,0,0,0,0,0,0,100,G,0,0,1,500
1173,Orthogeomys cherriei,Geomyidae,0,0,0,0,0,0,0,0,0,100,G,0,0,1,225
1174,Orthogeomys dariensis,Geomyidae,0,0,0,0,0,0,0,0,0,100,G,0,0,1,438
1175,Orthogeomys heterodus,Geomyidae,0,0,0,0,0,0,0,0,0,100,G,0,0,1,615
1176,Orthogeomys matagalpae,Geomyidae,0,0,0,0,0,0,0,0,0,100,G,0,0,1,293
1177,Orthogeomys thaeleri,Geomyidae,0,0,0,0,0,0,0,0,0,100,G,0,0,1,440.75
1178,Orthogeomys underwoodi,Geomyidae,0,0,0,0,0,0,0,0,0,100,G,0,0,1,250
1179,Orthogeomys cavator,Geomyidae,0,0,0,0,0,0,0,0,0,100,G,0,0,1,650
1180,Pappogeomys alcorni,Geomyidae,0,0,0,0,0,0,0,0,0,100,G,1,1,0,150
1181,Pappogeomys bulleri,Geomyidae,0,0,0,0,0,0,0,0,0,100,G,1,1,0,150
1182,Thomomys clusius,Geomyidae,0,0,0,0,0,0,0,0,0,100,G,1,1,0,58
1183,Thomomys idahoensis,Geomyidae,0,0,0,0,0,0,0,0,0,100,G,1,1,0,67
1184,Thomomys mazama,Geomyidae,0,0,0,0,0,0,0,0,0,100,G,1,1,0,75
1185,Thomomys monticola,Geomyidae,0,0,0,0,0,0,0,0,0,100,G,1,1,0,80
1186,Thomomys talpoides,Geomyidae,0,0,0,0,0,0,0,0,0,100,G,1,1,0,130.08
1187,Thomomys bulbivorus,Geomyidae,0,0,0,0,0,0,0,0,0,100,G,1,1,0,359.9
1188,Thomomys umbrinus,Geomyidae,0,0,0,0,0,0,0,0,0,100,G,1,1,0,166
1189,Thomomys townsendii,Geomyidae,0,0,0,0,0,0,0,0,0,100,G,1,1,0,263.35
1190,Thomomys bottae,Geomyidae,0,0,0,0,0,0,0,0,0,100,G,1,1,0,114.75
1191,Zygogeomys trichopus,Geomyidae,0,0,0,0,0,0,0,0,0,100,G,1,1,0,500
1192,Castor canadensis,Castoridae,0,0,0,0,0,0,0,0,0,100,G,1,1,0,21820
1193,Castor fiber,Castoridae,0,0,0,0,0,0,0,0,0,100,G,1,1,0,19000
1194,Dipodomys nitratoides,Heteromyidae,20,0,0,0,0,0,20,0,30,30,G,1,0,0,43.9
1195,Dipodomys ordii,Heteromyidae,20,0,0,0,0,0,20,0,30,30,G,1,0,0,60.4
1196,Dipodomys panamintinus,Heteromyidae,20,0,0,0,0,0,20,0,30,30,G,1,0,0,74.7
1197,Dipodomys phillipsii,Heteromyidae,20,0,0,0,0,0,20,0,30,30,G,1,0,0,41
1198,Dipodomys simulans,Heteromyidae,20,0,0,0,0,0,20,0,30,30,G,1,0,0,70.36
1199,Dipodomys nelsoni,Heteromyidae,20,0,0,0,0,0,20,0,30,30,G,1,0,0,88.6
1200,Dipodomys stephensi,Heteromyidae,20,0,0,0,0,0,20,0,30,30,G,1,0,0,69.75
1201,Dipodomys gravipes,Heteromyidae,20,0,0,0,0,0,20,0,30,30,G,1,0,0,83.97
1202,Dipodomys venustus,Heteromyidae,20,0,0,0,0,0,20,0,30,30,G,1,0,0,72
1203,Dipodomys spectabilis,Heteromyidae,20,0,0,0,0,0,20,0,30,30,G,1,0,0,135.88
1204,Dipodomys microps,Heteromyidae,20,0,0,0,0,0,20,0,30,30,G,1,0,0,54.6
1205,Dipodomys merriami,Heteromyidae,20,0,0,0,0,0,20,0,30,30,G,1,0,0,42
1206,Dipodomys heermanni,Heteromyidae,20,0,0,0,0,0,20,0,30,30,G,1,0,0,72
1207,Dipodomys elator,Heteromyidae,20,0,0,0,0,0,20,0,30,30,G,1,0,0,77.5
1208,Dipodomys deserti,Heteromyidae,20,0,0,0,0,0,20,0,30,30,G,1,0,0,104.5
1209,Dipodomys compactus,Heteromyidae,20,0,0,0,0,0,20,0,30,30,G,1,0,0,49.25
1210,Dipodomys californicus,Heteromyidae,20,0,0,0,0,0,20,0,30,30,G,1,0,0,84.96
1211,Dipodomys agilis,Heteromyidae,20,0,0,0,0,0,20,0,30,30,G,1,0,0,57.85
1212,Dipodomys ingens,Heteromyidae,20,0,0,0,0,0,20,0,30,30,G,1,0,0,133.85
1213,Microdipodops megacephalus,Heteromyidae,20,0,0,0,0,0,0,0,80,0,G,1,0,0,10.45
1214,Microdipodops pallidus,Heteromyidae,20,0,0,0,0,0,0,0,80,0,G,1,0,0,12.5
1215,Perognathus flavus,Heteromyidae,10,0,0,0,0,0,0,0,80,10,G,1,0,0,7.73
1216,Perognathus alticolus,Heteromyidae,10,0,0,0,0,0,0,0,80,10,G,1,0,0,23.99
1217,Perognathus amplus,Heteromyidae,10,0,0,0,0,0,0,0,80,10,G,1,0,0,11.7
1218,Perognathus fasciatus,Heteromyidae,10,0,0,0,0,0,0,0,80,10,G,1,0,0,11.55
1219,Perognathus inornatus,Heteromyidae,10,0,0,0,0,0,0,0,80,10,G,1,0,0,10.88
1220,Perognathus longimembris,Heteromyidae,10,0,0,0,0,0,0,0,80,10,G,1,0,0,7.6
1221,Perognathus merriami,Heteromyidae,10,0,0,0,0,0,0,0,80,10,G,1,0,0,6.85
1222,Perognathus parvus,Heteromyidae,10,0,0,0,0,0,0,0,80,10,G,1,0,0,21.78
1223,Perognathus flavescens,Heteromyidae,10,0,0,0,0,0,0,0,80,10,G,1,0,0,8.8
1224,Chaetodipus goldmani,Heteromyidae,10,0,0,0,0,0,0,0,80,10,G,1,0,0,23
1225,Chaetodipus pernix,Heteromyidae,10,0,0,0,0,0,0,0,80,10,G,1,0,0,17
1226,Chaetodipus formosus,Heteromyidae,10,0,0,0,0,0,0,0,80,10,G,1,0,0,19.45
1227,Chaetodipus penicillatus,Heteromyidae,10,0,0,0,0,0,0,0,80,10,G,1,0,0,16.89
1228,Chaetodipus fallax,Heteromyidae,10,0,0,0,0,0,0,0,80,10,G,1,0,0,18.7
1229,Chaetodipus eremicus,Heteromyidae,20,0,0,0,0,0,0,0,70,10,G,1,0,0,20.31
1230,Chaetodipus dalquesti,Heteromyidae,20,0,0,0,0,0,0,0,70,10,G,1,0,0,20.31
1231,Chaetodipus californicus,Heteromyidae,10,0,0,0,0,0,0,0,80,10,G,1,0,0,22
1232,Chaetodipus baileyi,Heteromyidae,10,0,0,0,0,0,0,0,80,10,G,1,0,0,26.35
1233,Chaetodipus artus,Heteromyidae,10,0,0,0,0,0,0,0,80,10,G,1,0,0,21.74
1234,Chaetodipus arenarius,Heteromyidae,10,0,0,0,0,0,0,0,80,10,G,1,0,0,23
1235,Chaetodipus intermedius,Heteromyidae,10,0,0,0,0,0,0,0,80,10,G,1,0,0,16.5
1236,Chaetodipus lineatus,Heteromyidae,10,0,0,0,0,0,0,0,80,10,G,1,0,0,23
1237,Chaetodipus hispidus,Heteromyidae,10,0,0,0,0,0,0,0,80,10,G,1,0,0,32
1238,Chaetodipus rudinoris,Heteromyidae,20,0,0,0,0,0,0,0,70,10,G,1,0,0,20.31
1239,Chaetodipus spinatus,Heteromyidae,10,0,0,0,0,0,0,0,80,10,G,1,0,0,16.35
1240,Chaetodipus nelsoni,Heteromyidae,10,0,0,0,0,0,0,0,80,10,G,1,0,0,15.75
1241,Heteromys oresterus,Heteromyidae,0,0,0,0,0,0,0,0,30,70,G,1,0,0,74.8
1242,Heteromys teleus,Heteromyidae,0,0,0,0,0,0,0,0,30,70,G,1,0,0,83.95
1243,Heteromys oasicus,Heteromyidae,0,0,0,0,0,0,0,0,30,70,G,1,0,0,83.95
1244,Heteromys gaumeri,Heteromyidae,0,0,0,0,0,0,0,0,30,70,G,1,0,0,63.6
1245,Heteromys desmarestianus,Heteromyidae,0,0,0,0,0,0,0,0,30,70,G,1,0,0,72.5
1246,Heteromys australis,Heteromyidae,0,0,0,0,0,0,0,0,30,70,G,1,0,0,267.5
1247,Heteromys anomalus,Heteromyidae,0,0,0,0,0,0,0,0,30,70,G,1,0,0,70
1248,Heteromys nelsoni,Heteromyidae,0,0,0,0,0,0,0,0,30,70,G,1,0,0,54.2
1249,Liomys adspersus,Heteromyidae,0,0,0,0,0,0,0,0,50,50,G,1,0,0,65
1250,Liomys irroratus,Heteromyidae,0,0,0,0,0,0,0,0,50,50,G,1,0,0,50
1251,Liomys spectabilis,Heteromyidae,0,0,0,0,0,0,0,0,50,50,G,1,0,0,65
1252,Liomys salvini,Heteromyidae,0,0,0,0,0,0,0,0,50,50,G,1,0,0,42
1253,Liomys pictus,Heteromyidae,0,0,0,0,0,0,0,0,50,50,G,1,0,0,40
1254,Allactaga elater,Dipodidae,20,0,0,0,0,0,0,0,50,30,G,1,0,0,59
1255,Allactaga major,Dipodidae,20,0,0,0,0,0,0,0,50,30,G,1,0,0,350
1256,Allactaga vinogradovi,Dipodidae,20,0,0,0,0,0,0,0,50,30,G,1,0,0,90.51
1257,Allactaga severtzovi,Dipodidae,20,0,0,0,0,0,0,0,50,30,G,1,0,0,159
1258,Allactaga firouzi,Dipodidae,20,0,0,0,0,0,0,0,50,30,G,1,0,0,92.39
1259,Allactaga hotsoni,Dipodidae,20,0,0,0,0,0,0,0,50,30,G,1,0,0,76.5
1260,Allactaga sibirica,Dipodidae,70,0,0,0,0,0,0,0,0,30,G,1,0,0,97.5
1261,Allactaga balikunica,Dipodidae,20,0,0,0,0,0,0,0,50,30,G,1,0,0,93.08
1262,Allactaga bullata,Dipodidae,20,0,0,0,0,0,0,0,50,30,G,1,0,0,89.35
1263,Allactaga euphratica,Dipodidae,20,0,0,0,0,0,0,0,50,30,G,1,0,0,232
1264,Allactaga williamsi,Dipodidae,20,0,0,0,0,0,0,0,50,30,G,1,0,0,116.74
1265,Allactaga tetradactyla,Dipodidae,20,0,0,0,0,0,0,0,50,30,G,1,0,0,52
1266,Allactodipus bobrinskii,Dipodidae,20,0,0,0,0,0,10,0,40,30,G,1,0,0,65.3
1267,Pygeretmus shitkovi,Dipodidae,40,0,0,0,0,0,0,0,0,60,G,1,0,0,58.3
1268,Pygeretmus platyurus,Dipodidae,40,0,0,0,0,0,0,0,0,60,G,1,0,0,40.14
1269,Pygeretmus pumilio,Dipodidae,40,0,0,0,0,0,0,0,0,60,G,1,0,0,52
1270,Cardiocranius paradoxus,Dipodidae,0,0,0,0,0,0,0,0,100,0,G,1,0,0,8.6
1271,Salpingotulus michaelis,Dipodidae,50,0,0,0,0,0,0,0,0,50,G,1,0,0,29.05
1272,Salpingotus kozlovi,Dipodidae,50,0,0,0,0,0,0,0,0,50,G,1,0,0,10.73
1273,Salpingotus crassicauda,Dipodidae,50,0,0,0,0,0,0,0,0,50,G,1,0,0,13.1
1274,Salpingotus thomasi,Dipodidae,50,0,0,0,0,0,0,0,0,50,G,1,0,0,10.45
1275,Salpingotus heptneri,Dipodidae,50,0,0,0,0,0,0,0,0,50,G,1,0,0,8.9
1276,Salpingotus pallidus,Dipodidae,50,0,0,0,0,0,0,0,0,50,G,1,0,0,9.8
1277,Dipus sagitta,Dipodidae,0,0,0,0,0,0,20,20,0,60,Ar,1,0,0,85.65
1278,Eremodipus lichtensteini,Dipodidae,20,0,0,0,0,0,10,0,40,30,G,1,0,0,51
1279,Jaculus blanfordi,Dipodidae,0,0,0,0,0,0,0,0,40,60,G,1,0,0,54.7
1280,Jaculus jaculus,Dipodidae,0,0,0,0,0,0,0,0,40,60,G,1,0,0,56.55
1281,Jaculus orientalis,Dipodidae,0,0,0,0,0,0,0,0,40,60,G,1,0,0,138
1282,Paradipus ctenodactylus,Dipodidae,0,0,0,0,0,0,20,0,20,60,G,1,0,0,109.01
1283,Stylodipus sungorus,Dipodidae,0,0,0,0,0,0,0,0,30,70,G,1,0,0,61.96
1284,Stylodipus telum,Dipodidae,0,0,0,0,0,0,0,0,30,70,G,1,0,0,55
1285,Stylodipus andrewsi,Dipodidae,0,0,0,0,0,0,0,0,30,70,G,1,0,0,61.97
1286,Euchoreutes naso,Dipodidae,20,0,0,0,0,0,10,0,40,30,G,1,0,0,24.14
1287,Sicista concolor,Dipodidae,30,0,0,0,0,0,30,0,40,0,G,1,0,0,13.1
1288,Sicista subtilis,Dipodidae,30,0,0,0,0,0,30,0,40,0,G,1,0,0,11.75
1289,Sicista strandi,Dipodidae,30,0,0,0,0,0,30,0,40,0,G,1,0,0,10.3
1290,Sicista severtzovi,Dipodidae,30,0,0,0,0,0,30,0,40,0,G,1,0,0,11.77
1291,Sicista pseudonapaea,Dipodidae,30,0,0,0,0,0,30,0,40,0,G,1,0,0,12.2
1292,Sicista tianshanica,Dipodidae,30,0,0,0,0,0,30,0,40,0,G,1,0,0,10.3
1293,Sicista napaea,Dipodidae,30,0,0,0,0,0,30,0,40,0,G,1,0,0,10
1294,Sicista caudata,Dipodidae,30,0,0,0,0,0,30,0,40,0,G,1,0,0,11.2
1295,Sicista caucasica,Dipodidae,30,0,0,0,0,0,30,0,40,0,G,1,0,0,10
1296,Sicista betulina,Dipodidae,30,0,0,0,0,0,30,0,40,0,G,1,0,0,8
1297,Sicista armenica,Dipodidae,30,0,0,0,0,0,30,0,40,0,G,1,0,0,6.53
1298,Sicista kluchorica,Dipodidae,30,0,0,0,0,0,30,0,40,0,G,1,0,0,7.2
1299,Sicista kazbegica,Dipodidae,30,0,0,0,0,0,30,0,40,0,G,1,0,0,6.43
1300,Eozapus setchuanus,Dipodidae,20,0,0,0,0,0,10,0,40,30,G,1,0,0,32.58
1301,Napaeozapus insignis,Dipodidae,20,0,0,0,0,0,10,0,40,30,G,1,0,0,22.3
1302,Zapus hudsonius,Dipodidae,20,0,0,0,0,0,10,0,70,0,G,1,0,0,17.12
1303,Zapus princeps,Dipodidae,20,0,0,0,0,0,10,0,70,0,G,1,0,0,29
1304,Zapus trinotatus,Dipodidae,20,0,0,0,0,0,10,0,70,0,G,1,0,0,27.5
1305,Monticolomys koopmani,Nesomyidae,10,0,0,0,0,0,20,0,50,20,S,1,0,0,25
1306,Nesomys lambertoni,Nesomyidae,0,0,0,0,0,0,50,0,50,0,G,0,1,1,155
1307,Nesomys rufus,Nesomyidae,0,0,0,0,0,0,50,0,50,0,G,0,1,1,162.5
1308,Nesomys audeberti,Nesomyidae,0,0,0,0,0,0,50,0,50,0,G,0,1,1,212.5
1309,Voalavo gymnocaudus,Nesomyidae,20,0,0,0,0,0,30,0,40,10,G,1,0,0,50.88
1310,Eliurus antsingy,Nesomyidae,0,0,0,0,0,0,40,0,60,0,G,1,0,0,77.7
1311,Eliurus petteri,Nesomyidae,0,0,0,0,0,0,40,0,60,0,G,1,0,0,75
1312,Eliurus penicillatus,Nesomyidae,0,0,0,0,0,0,40,0,60,0,S,1,0,0,100
1313,Eliurus myoxinus,Nesomyidae,0,0,0,0,0,0,40,0,60,0,S,1,0,0,70
1314,Eliurus minor,Nesomyidae,0,0,0,0,0,0,40,0,60,0,S,1,0,0,37.5
1315,Eliurus webbi,Nesomyidae,0,0,0,0,0,0,40,0,60,0,S,1,0,0,75
1316,Eliurus majori,Nesomyidae,0,0,0,0,0,0,40,0,60,0,S,1,0,0,100
1317,Eliurus tanala,Nesomyidae,0,0,0,0,0,0,40,0,60,0,S,1,0,0,90
1318,Eliurus grandidieri,Nesomyidae,0,0,0,0,0,0,40,0,60,0,S,1,0,0,77.7
1319,Eliurus ellermani,Nesomyidae,0,0,0,0,0,0,40,0,60,0,S,1,0,0,100
1320,Gymnuromys roberti,Nesomyidae,20,0,0,0,0,0,30,0,40,10,G,1,0,0,97.5
1321,Hypogeomys antimena,Nesomyidae,0,0,0,0,0,0,100,0,0,0,G,1,0,0,1250
1322,Macrotarsomys bastardi,Nesomyidae,0,0,0,0,0,0,40,0,20,40,G,1,0,0,25
1323,Macrotarsomys ingens,Nesomyidae,0,0,0,0,0,0,40,0,20,40,G,1,0,0,55
1324,Brachytarsomys albicauda,Nesomyidae,0,0,0,0,0,0,100,0,0,0,G,1,0,0,200
1325,Brachytarsomys villosa,Nesomyidae,0,0,0,0,0,0,100,0,0,0,Ar,1,0,0,220
1326,Brachyuromys betsileoensis,Nesomyidae,10,0,0,0,0,0,30,0,50,10,Ar,1,1,1,92.5
1327,Brachyuromys ramirohitra,Nesomyidae,10,0,0,0,0,0,30,0,50,10,Ar,1,1,1,90
1328,Petromyscus barbouri,Nesomyidae,50,0,0,0,0,0,0,0,30,20,G,1,0,0,21.49
1329,Petromyscus collinus,Nesomyidae,50,0,0,0,0,0,0,0,30,20,G,1,0,0,20
1330,Petromyscus monticularis,Nesomyidae,50,0,0,0,0,0,0,0,30,20,G,1,0,0,20.73
1331,Petromyscus shortridgei,Nesomyidae,50,0,0,0,0,0,0,0,30,20,G,1,0,0,46.5
1332,Beamys hindei,Nesomyidae,0,0,0,0,0,0,50,0,50,0,G,1,0,0,75.8
1333,Beamys major,Nesomyidae,0,0,0,0,0,0,50,0,50,0,G,1,0,0,75.8
1334,Cricetomys kivuensis,Nesomyidae,40,0,0,0,0,0,30,0,20,10,G,1,0,0,1285.41
1335,Cricetomys ansorgei,Nesomyidae,40,0,0,0,0,0,30,0,20,10,G,1,0,0,1285.41
1336,Cricetomys emini,Nesomyidae,40,0,0,0,0,0,30,0,20,10,G,1,0,0,1299.99
1337,Cricetomys gambianus,Nesomyidae,40,0,0,0,0,0,30,0,20,10,G,1,0,0,1271
1338,Saccostomus campestris,Nesomyidae,10,0,0,0,0,0,20,0,70,0,G,1,0,0,51.23
1339,Saccostomus mearnsi,Nesomyidae,10,0,0,0,0,0,20,0,70,0,G,1,0,0,45.5
1340,Delanymys brooksi,Nesomyidae,0,0,0,0,0,0,0,0,100,0,G,1,0,0,5
1341,Dendromus nyikae,Nesomyidae,20,10,20,0,10,0,20,0,20,0,G,1,0,0,15
1342,Dendromus kahuziensis,Nesomyidae,20,10,20,0,10,0,20,0,20,0,G,1,0,0,11
1343,Dendromus oreas,Nesomyidae,20,10,20,0,10,0,20,0,20,0,G,1,0,0,12.76
1344,Dendromus nyasae,Nesomyidae,20,10,20,0,10,0,20,0,20,0,G,1,0,0,13.72
1345,Dendromus mystacalis,Nesomyidae,20,10,20,0,10,0,20,0,20,0,G,1,0,0,7.72
1346,Dendromus messorius,Nesomyidae,20,10,20,0,10,0,20,0,20,0,G,1,0,0,12.81
1347,Dendromus mesomelas,Nesomyidae,20,10,20,0,10,0,20,0,20,0,G,1,0,0,11.12
1348,Dendromus melanotis,Nesomyidae,20,10,20,0,10,0,20,0,20,0,G,1,0,0,9.06
1349,Dendromus leucostomus,Nesomyidae,20,10,20,0,10,0,20,0,20,0,G,1,0,0,10.79
1350,Dendromus vernayi,Nesomyidae,20,10,20,0,10,0,20,0,20,0,G,1,0,0,12.76
1351,Dendromus insignis,Nesomyidae,20,10,20,0,10,0,20,0,20,0,G,1,0,0,11.05
1352,Dendromus lovati,Nesomyidae,20,10,20,0,10,0,20,0,20,0,G,1,0,0,12
1353,Dendroprionomys rousseloti,Nesomyidae,20,0,0,0,0,0,30,0,40,10,G,1,0,0,67.18
1354,Malacothrix typica,Nesomyidae,0,0,0,0,0,0,0,0,0,100,G,1,0,0,13.4
1355,Megadendromus nikolausi,Nesomyidae,20,0,0,0,0,0,30,0,40,10,G,1,0,0,52
1356,Prionomys batesi,Nesomyidae,100,0,0,0,0,0,0,0,0,0,Ar,1,0,0,12.5
1357,Steatomys parvus,Nesomyidae,30,0,0,0,0,0,0,0,30,40,G,1,0,0,8.85
1358,Steatomys pratensis,Nesomyidae,30,0,0,0,0,0,0,0,30,40,G,1,0,0,48
1359,Steatomys opimus,Nesomyidae,30,0,0,0,0,0,0,0,30,40,G,1,0,0,40
1360,Steatomys caurinus,Nesomyidae,30,0,0,0,0,0,0,0,30,40,G,1,0,0,44.75
1361,Steatomys bocagei,Nesomyidae,30,0,0,0,0,0,0,0,30,40,G,1,0,0,27.5
1362,Steatomys krebsii,Nesomyidae,30,0,0,0,0,0,0,0,30,40,G,1,0,0,20.67
1363,Steatomys jacksoni,Nesomyidae,30,0,0,0,0,0,0,0,30,40,G,1,0,0,28.4
1364,Steatomys cuppedius,Nesomyidae,30,0,0,0,0,0,0,0,30,40,G,1,0,0,28.39
1365,Mystromys albicaudatus,Nesomyidae,30,0,0,0,0,0,0,0,30,40,G,1,0,0,86.85
1366,Alticola barakshin,Cricetidae,0,0,0,0,0,0,0,0,0,100,G,1,1,1,33.6
1367,Alticola argentatus,Cricetidae,0,0,0,0,0,0,0,0,0,100,G,1,1,1,37.7
1368,Alticola albicaudus,Cricetidae,0,0,0,0,0,0,0,0,0,100,G,1,1,1,34.53
1369,Alticola semicanus,Cricetidae,0,0,0,0,0,0,0,0,0,100,G,1,1,1,33.39
1370,Alticola stoliczkanus,Cricetidae,0,0,0,0,0,0,0,0,0,100,G,1,1,1,27.47
1371,Alticola tuvinicus,Cricetidae,0,0,0,0,0,0,0,0,0,100,G,1,1,1,33.32
1372,Alticola montosa,Cricetidae,0,0,0,0,0,0,0,0,0,100,G,1,1,1,34.53
1373,Alticola roylei,Cricetidae,0,0,0,0,0,0,0,0,0,100,G,1,1,1,37
1374,Alticola olchonensis,Cricetidae,0,0,0,0,0,0,0,0,0,100,G,0,0,1,36.96
1375,Alticola lemminus,Cricetidae,0,0,0,0,0,0,0,0,0,100,G,0,0,1,33.56
1376,Alticola macrotis,Cricetidae,0,0,0,0,0,0,0,0,0,100,G,0,0,1,36
1377,Alticola strelzowi,Cricetidae,0,0,0,0,0,0,0,0,0,100,G,0,0,1,50
1378,Microtus gregalis,Cricetidae,0,0,0,0,0,0,0,0,20,80,G,1,1,1,47.5
1379,Microtus umbrosus,Cricetidae,0,0,0,0,0,0,0,0,20,80,G,1,1,1,42
1380,Microtus californicus,Cricetidae,0,0,0,0,0,0,0,0,20,80,G,1,1,1,57.42
1381,Microtus chrotorrhinus,Cricetidae,0,0,0,0,0,0,0,0,20,80,G,1,1,1,39
1382,Microtus longicaudus,Cricetidae,0,0,0,0,0,0,0,0,20,80,G,1,1,1,46.71
1383,Microtus richardsoni,Cricetidae,0,0,0,0,0,0,0,0,20,80,G,1,1,1,85
1384,Microtus miurus,Cricetidae,0,0,0,0,0,0,0,0,20,80,G,1,1,1,41
1385,Microtus mexicanus,Cricetidae,0,0,0,0,0,0,0,0,20,80,G,1,1,1,35
1386,Microtus abbreviatus,Cricetidae,0,0,0,0,0,0,0,0,20,80,G,1,1,1,62
1387,Microtus guatemalensis,Cricetidae,0,0,0,0,0,0,0,0,20,80,G,1,1,1,42
1388,Microtus xanthognathus,Cricetidae,0,0,0,0,0,0,0,0,20,80,G,1,1,1,125.75
1389,Microtus schidlovskii,Cricetidae,0,0,0,0,0,0,0,0,20,80,G,1,1,1,37.99
1390,Microtus socialis,Cricetidae,0,0,0,0,0,0,0,0,20,80,G,1,1,1,48
1391,Microtus paradoxus,Cricetidae,0,0,0,0,0,0,0,0,20,80,G,1,1,1,37.99
1392,Microtus anatolicus,Cricetidae,0,0,0,0,0,0,0,0,20,80,G,1,1,1,37.99
1393,Microtus tatricus,Cricetidae,0,0,0,0,0,0,0,0,20,80,G,1,1,1,40
1394,Microtus dogramacii,Cricetidae,0,0,0,0,0,0,0,0,20,80,G,1,1,1,37.99
1395,Microtus cabrerae,Cricetidae,0,0,0,0,0,0,0,0,20,80,G,1,1,1,52.5
1396,Microtus arvalis,Cricetidae,0,0,0,0,0,0,0,0,20,80,G,1,1,1,28
1397,Microtus agrestis,Cricetidae,0,0,0,0,0,0,0,0,20,80,G,1,1,1,42.5
1398,Microtus qazvinensis,Cricetidae,0,0,0,0,0,0,0,0,20,80,G,1,1,1,37.99
1399,Microtus levis,Cricetidae,0,0,0,0,0,0,0,0,20,80,G,1,1,1,35.49
1400,Microtus guentheri,Cricetidae,0,0,0,0,0,0,0,0,20,80,G,1,1,1,50
1401,Microtus irani,Cricetidae,0,0,0,0,0,0,0,0,20,80,G,1,1,1,45.36
1402,Microtus ilaeus,Cricetidae,0,0,0,0,0,0,0,0,20,80,G,1,1,1,36.67
1403,Microtus transcaspicus,Cricetidae,0,0,0,0,0,0,0,0,20,80,G,1,1,1,35.17
1404,Microtus maximowiczii,Cricetidae,0,0,0,0,0,0,0,0,20,80,G,1,1,1,41.49
1405,Microtus limnophilus,Cricetidae,0,0,0,0,0,0,0,0,20,80,G,1,1,1,40.59
1406,Microtus montebelli,Cricetidae,0,0,0,0,0,0,0,0,20,80,G,1,1,1,39.85
1407,Microtus mujanensis,Cricetidae,0,0,0,0,0,0,0,0,20,80,G,1,1,1,41.55
1408,Microtus fortis,Cricetidae,0,0,0,0,0,0,0,0,20,80,G,1,1,1,63
1409,Microtus clarkei,Cricetidae,0,0,0,0,0,0,0,0,20,80,G,1,1,1,48.14
1410,Microtus middendorffii,Cricetidae,0,0,0,0,0,0,0,0,20,80,G,1,1,1,36.49
1411,Microtus oeconomus,Cricetidae,0,0,0,0,0,0,0,0,20,80,G,1,1,1,34.38
1412,Microtus evoronensis,Cricetidae,0,0,0,0,0,0,0,0,20,80,G,1,1,1,41.42
1413,Microtus kikuchii,Cricetidae,0,0,0,0,0,0,0,0,20,80,G,1,1,1,46.3
1414,Microtus mongolicus,Cricetidae,0,0,0,0,0,0,0,0,20,80,G,1,1,1,27.5
1415,Microtus sachalinensis,Cricetidae,0,0,0,0,0,0,0,0,20,80,G,1,1,1,36.33
1416,Microtus duodecimcostatus,Cricetidae,0,0,0,0,0,0,0,0,20,80,G,1,1,1,23
1417,Microtus majori,Cricetidae,0,0,0,0,0,0,0,0,20,80,G,1,1,1,18.2
1418,Microtus thomasi,Cricetidae,0,0,0,0,0,0,0,0,20,80,G,1,1,1,25.67
1419,Microtus felteni,Cricetidae,0,0,0,0,0,0,0,0,20,80,G,1,1,1,24.34
1420,Microtus bavaricus,Cricetidae,0,0,0,0,0,0,0,0,20,80,G,1,1,1,23.94
1421,Microtus gerbei,Cricetidae,0,0,0,0,0,0,0,0,20,80,G,1,1,1,24.89
1422,Microtus liechtensteini,Cricetidae,0,0,0,0,0,0,0,0,20,80,G,1,1,1,37.99
1423,Microtus daghestanicus,Cricetidae,0,0,0,0,0,0,0,0,20,80,G,1,1,1,12.99
1424,Microtus lusitanicus,Cricetidae,0,0,0,0,0,0,0,0,20,80,G,1,1,1,24.82
1425,Microtus brachycercus,Cricetidae,0,0,0,0,0,0,0,0,20,80,G,1,1,1,37.99
1426,Microtus savii,Cricetidae,0,0,0,0,0,0,0,0,20,80,G,1,1,1,20
1427,Microtus schelkovnikovi,Cricetidae,0,0,0,0,0,0,0,0,20,80,G,1,1,1,26.4
1428,Microtus subterraneus,Cricetidae,0,0,0,0,0,0,0,0,20,80,G,1,1,1,19.5
1429,Microtus multiplex,Cricetidae,0,0,0,0,0,0,0,0,20,80,G,1,1,1,23.17
1430,Microtus montanus,Cricetidae,0,0,0,0,0,0,0,0,20,80,G,1,1,1,36.33
1431,Microtus townsendii,Cricetidae,0,0,0,0,0,0,0,0,20,80,G,1,1,1,64.75
1432,Microtus canicaudus,Cricetidae,0,0,0,0,0,0,0,0,20,80,G,1,1,1,28.45
1433,Microtus breweri,Cricetidae,0,0,0,0,0,0,0,0,20,80,G,1,1,1,54
1434,Microtus pennsylvanicus,Cricetidae,0,0,0,0,0,0,0,0,20,80,G,1,1,1,36.75
1435,Microtus oregoni,Cricetidae,0,0,0,0,0,0,0,0,20,80,G,1,1,1,20.35
1436,Microtus oaxacensis,Cricetidae,0,0,0,0,0,0,0,0,20,80,G,1,1,1,39.2
1437,Microtus quasiater,Cricetidae,0,0,0,0,0,0,0,0,20,80,G,1,1,1,40
1438,Microtus pinetorum,Cricetidae,0,0,0,0,0,0,0,0,20,80,G,1,1,1,26.28
1439,Microtus ochrogaster,Cricetidae,0,0,0,0,0,0,0,0,20,80,G,1,1,1,38.01
1440,Arborimus albipes,Cricetidae,0,0,0,0,0,0,0,0,0,100,Ar,1,0,0,23
1441,Arborimus pomo,Cricetidae,0,0,0,0,0,0,0,0,0,100,Ar,1,0,0,32.5
1442,Arborimus longicaudus,Cricetidae,0,0,0,0,0,0,0,0,0,100,Ar,1,0,0,21.8
1443,Arvicola amphibius,Cricetidae,0,0,0,0,0,0,20,0,0,80,G,1,1,1,120
1444,Arvicola scherman,Cricetidae,0,0,0,0,0,0,20,0,0,80,G,1,1,1,162.48
1445,Arvicola sapidus,Cricetidae,0,0,0,0,0,0,20,0,0,80,G,1,1,1,220
1446,Blanfordimys afghanus,Cricetidae,20,0,0,0,0,0,10,0,40,30,G,0,1,1,56.99
1447,Blanfordimys bucharensis,Cricetidae,20,0,0,0,0,0,10,0,40,30,G,0,1,1,57.08
1448,Caryomys eva,Cricetidae,0,0,0,0,0,0,0,0,20,80,G,1,1,1,47.71
1449,Caryomys inez,Cricetidae,0,0,0,0,0,0,0,0,20,80,G,1,1,1,47.71
1450,Chionomys roberti,Cricetidae,0,0,0,0,0,0,0,0,30,70,G,1,1,1,93.5
1451,Chionomys gud,Cricetidae,0,0,0,0,0,0,0,0,30,70,G,1,1,1,93.5
1452,Chionomys nivalis,Cricetidae,0,0,0,0,0,0,0,0,30,70,G,1,1,1,54
1453,Dicrostonyx hudsonius,Cricetidae,0,0,0,0,0,0,20,0,0,80,G,1,0,0,57
1454,Dicrostonyx nelsoni,Cricetidae,0,0,0,0,0,0,20,0,0,80,G,1,0,0,60.85
1455,Dicrostonyx nunatakensis,Cricetidae,0,0,0,0,0,0,20,0,0,80,G,1,0,0,60.82
1456,Dicrostonyx richardsoni,Cricetidae,0,0,0,0,0,0,20,0,0,80,G,1,0,0,55
1457,Dicrostonyx torquatus,Cricetidae,0,0,0,0,0,0,20,0,0,80,G,1,0,0,85
1458,Dicrostonyx unalascensis,Cricetidae,0,0,0,0,0,0,20,0,0,80,G,1,0,0,60.84
1459,Dicrostonyx vinogradovi,Cricetidae,0,0,0,0,0,0,20,0,0,80,G,1,0,0,60.78
1460,Dicrostonyx groenlandicus,Cricetidae,0,0,0,0,0,0,20,0,0,80,G,1,0,0,54.4
1461,Dinaromys bogdanovi,Cricetidae,0,0,0,0,0,0,0,0,0,100,G,1,0,0,56
1462,Ellobius alaicus,Cricetidae,0,0,0,0,0,0,0,0,0,100,G,1,0,0,67.61
1463,Ellobius talpinus,Cricetidae,0,0,0,0,0,0,0,0,0,100,G,1,0,0,40
1464,Ellobius tancrei,Cricetidae,0,0,0,0,0,0,0,0,0,100,G,1,0,0,67.92
1465,Ellobius lutescens,Cricetidae,0,0,0,0,0,0,0,0,0,100,G,1,0,0,117.31
1466,Ellobius fuscocapillus,Cricetidae,0,0,0,0,0,0,0,0,0,100,G,1,0,0,80
1467,Eolagurus przewalskii,Cricetidae,0,0,0,0,0,0,0,0,30,70,G,0,0,1,28.03
1468,Eolagurus luteus,Cricetidae,0,0,0,0,0,0,0,0,30,70,G,0,0,1,26
1469,Eothenomys custos,Cricetidae,0,0,0,0,0,0,0,0,20,80,G,1,1,1,30.8
1470,Eothenomys chinensis,Cricetidae,0,0,0,0,0,0,0,0,20,80,G,1,1,1,45.3
1471,Eothenomys cachinus,Cricetidae,0,0,0,0,0,0,0,0,20,80,G,1,1,1,34.83
1472,Eothenomys miletus,Cricetidae,0,0,0,0,0,0,0,0,20,80,G,1,1,1,50.7
1473,Eothenomys olitor,Cricetidae,0,0,0,0,0,0,0,0,20,80,G,1,1,1,22
1474,Eothenomys wardi,Cricetidae,0,0,0,0,0,0,0,0,20,80,G,1,1,1,34.83
1475,Eothenomys proditor,Cricetidae,0,0,0,0,0,0,0,0,20,80,G,1,1,1,42.5
1476,Eothenomys melanogaster,Cricetidae,0,0,0,0,0,0,0,0,20,80,G,1,1,1,27
1477,Hyperacrius wynnei,Cricetidae,0,0,0,0,0,0,0,0,0,100,G,1,1,1,52.6
1478,Hyperacrius fertilis,Cricetidae,0,0,0,0,0,0,0,0,0,100,G,1,1,1,22.25
1479,Lagurus lagurus,Cricetidae,0,0,0,0,0,0,0,0,0,100,G,1,0,0,20.3
1480,Lasiopodomys mandarinus,Cricetidae,0,0,0,0,0,0,0,0,0,100,G,0,0,1,47.48
1481,Lasiopodomys fuscus,Cricetidae,0,0,0,0,0,0,0,0,0,100,G,0,0,1,42.5
1482,Lasiopodomys brandtii,Cricetidae,0,0,0,0,0,0,0,0,0,100,G,0,0,1,93.82
1483,Lemmiscus curtatus,Cricetidae,0,0,0,0,0,0,0,0,0,100,G,1,1,0,28.27
1484,Lemmus amurensis,Cricetidae,0,0,0,0,0,0,10,0,0,90,G,1,1,1,42.81
1485,Lemmus lemmus,Cricetidae,0,0,0,0,0,0,10,0,0,90,G,1,1,1,47.5
1486,Lemmus portenkoi,Cricetidae,0,0,0,0,0,0,10,0,0,90,G,1,1,1,55.76
1487,Lemmus trimucronatus,Cricetidae,0,0,0,0,0,0,10,0,0,90,G,1,1,1,69.82
1488,Lemmus sibiricus,Cricetidae,0,0,0,0,0,0,10,0,0,90,G,1,1,1,52.27
1489,Myodes rutilus,Cricetidae,20,0,0,0,0,0,0,0,30,50,G,1,1,1,19.94
1490,Myodes rufocanus,Cricetidae,20,0,0,0,0,0,0,0,30,50,G,1,1,1,36.43
1491,Myodes andersoni,Cricetidae,20,0,0,0,0,0,0,0,20,60,G,1,1,1,24
1492,Myodes californicus,Cricetidae,20,0,0,0,0,0,0,0,30,50,G,1,1,1,18.3
1493,Myodes centralis,Cricetidae,20,0,0,0,0,0,0,0,30,50,G,1,1,1,24
1494,Myodes gapperi,Cricetidae,20,0,0,0,0,0,0,0,30,50,G,1,1,1,19.83
1495,Myodes glareolus,Cricetidae,20,0,0,0,0,0,0,0,30,50,G,1,1,1,20.73
1496,Myodes imaizumii,Cricetidae,20,0,0,0,0,0,0,0,20,60,G,1,1,1,24
1497,Myodes smithii,Cricetidae,20,0,0,0,0,0,0,0,20,60,G,1,1,1,34.94
1498,Myodes rex,Cricetidae,20,0,0,0,0,0,0,0,20,60,G,1,1,1,24
1499,Myodes shanseius,Cricetidae,0,0,0,0,0,0,0,0,20,80,G,1,1,1,29.22
1500,Myodes regulus,Cricetidae,0,0,0,0,0,0,0,0,20,80,G,1,1,1,29.84
1501,Myopus schisticolor,Cricetidae,0,0,0,0,0,0,0,0,0,100,G,1,0,0,25
1502,Neodon sikimensis,Cricetidae,0,0,0,0,0,0,0,0,20,80,G,1,1,0,40.51
1503,Neodon forresti,Cricetidae,0,0,0,0,0,0,0,0,20,80,G,1,1,0,47.71
1504,Neodon irene,Cricetidae,0,0,0,0,0,0,0,0,20,80,G,1,1,0,41.87
1505,Neodon juldaschi,Cricetidae,0,0,0,0,0,0,0,0,20,80,G,1,1,0,47.71
1506,Neofiber alleni,Cricetidae,0,0,0,0,0,0,0,0,0,100,G,1,0,0,266
1507,Ondatra zibethicus,Cricetidae,10,0,0,0,0,0,0,0,0,90,G,1,1,0,1065.75
1508,Phaiomys leucurus,Cricetidae,0,0,0,0,0,0,0,0,20,80,G,1,1,0,41.87
1509,Phenacomys ungava,Cricetidae,0,0,0,0,0,0,20,0,20,60,G,1,1,0,32.5
1510,Phenacomys intermedius,Cricetidae,0,0,0,0,0,0,20,0,20,60,G,1,1,0,25.2
1511,Proedromys bedfordi,Cricetidae,20,0,0,0,0,0,10,0,40,30,G,1,1,1,55.86
1512,Prometheomys schaposchnikowi,Cricetidae,0,0,0,0,0,0,0,0,0,100,G,0,0,1,75
1513,Synaptomys cooperi,Cricetidae,20,0,0,0,0,0,0,0,0,80,G,1,1,1,31.92
1514,Synaptomys borealis,Cricetidae,20,0,0,0,0,0,0,0,0,80,G,1,1,1,21.3
1515,Volemys musseri,Cricetidae,20,0,0,0,0,0,10,0,40,30,G,1,1,1,42.5
1516,Volemys millicens,Cricetidae,20,0,0,0,0,0,10,0,40,30,G,1,1,1,49.02
1517,Lophiomys imhausi,Cricetidae,0,0,0,0,0,0,0,0,0,100,S,1,0,0,755.01
1518,Baiomys musculus,Cricetidae,10,0,0,0,0,0,0,0,10,80,G,0,1,1,9
1519,Baiomys taylori,Cricetidae,10,0,0,0,0,0,0,0,10,80,G,0,1,1,8
1520,Habromys simulatus,Cricetidae,50,0,0,0,0,10,20,0,20,0,G,1,0,0,40
1521,Habromys chinanteco,Cricetidae,50,0,0,0,0,10,20,0,20,0,G,1,0,0,40
1522,Habromys lepturus,Cricetidae,50,0,0,0,0,10,20,0,20,0,G,1,0,0,85
1523,Habromys lophurus,Cricetidae,50,0,0,0,0,10,20,0,20,0,G,1,0,0,40
1524,Habromys ixtlani,Cricetidae,50,0,0,0,0,10,20,0,20,0,G,1,0,0,48.29
1525,Habromys delicatulus,Cricetidae,50,0,0,0,0,10,20,0,20,0,G,1,0,0,48.29
1526,Reithrodontomys zacatecae,Cricetidae,0,0,0,0,0,0,0,0,50,50,G,1,0,0,14.49
1527,Reithrodontomys megalotis,Cricetidae,0,0,0,0,0,0,0,0,50,50,G,1,0,0,9.37
1528,Reithrodontomys hirsutus,Cricetidae,0,0,0,0,0,0,0,0,50,50,G,1,0,0,20
1529,Reithrodontomys fulvescens,Cricetidae,0,0,0,0,0,0,0,0,50,50,G,1,0,0,11.4
1530,Reithrodontomys chrysopsis,Cricetidae,0,0,0,0,0,0,0,0,50,50,G,1,0,0,19
1531,Reithrodontomys burti,Cricetidae,0,0,0,0,0,0,0,0,50,50,G,1,0,0,20
1532,Reithrodontomys humulis,Cricetidae,0,0,0,0,0,0,0,0,50,50,G,1,0,0,8.31
1533,Reithrodontomys montanus,Cricetidae,0,0,0,0,0,0,0,0,50,50,G,1,0,0,10.9
1534,Reithrodontomys sumichrasti,Cricetidae,0,0,0,0,0,0,0,0,50,50,G,1,0,0,19
1535,Reithrodontomys raviventris,Cricetidae,0,0,0,0,0,0,0,0,50,50,G,1,0,0,11.05
1536,Reithrodontomys creper,Cricetidae,0,0,0,0,0,0,0,0,50,50,G,1,0,0,22.8
1537,Reithrodontomys rodriguezi,Cricetidae,0,0,0,0,0,0,0,0,50,50,G,1,0,0,19.29
1538,Reithrodontomys tenuirostris,Cricetidae,0,0,0,0,0,0,0,0,50,50,G,1,0,0,20
1539,Reithrodontomys paradoxus,Cricetidae,0,0,0,0,0,0,0,0,50,50,G,1,0,0,16.22
1540,Reithrodontomys mexicanus,Cricetidae,0,0,0,0,0,0,0,0,50,50,G,1,0,0,16
1541,Reithrodontomys brevirostris,Cricetidae,0,0,0,0,0,0,0,0,50,50,G,1,0,0,12.9
1542,Reithrodontomys spectabilis,Cricetidae,0,0,0,0,0,0,0,0,50,50,G,1,0,0,20.2
1543,Reithrodontomys gracilis,Cricetidae,0,0,0,0,0,0,0,0,50,50,G,1,0,0,12.27
1544,Reithrodontomys microdon,Cricetidae,0,0,0,0,0,0,0,0,50,50,G,1,0,0,20
1545,Reithrodontomys darienensis,Cricetidae,0,0,0,0,0,0,0,0,50,50,G,1,0,0,13
1546,Hodomys alleni,Cricetidae,20,0,0,0,0,0,10,0,40,30,G,1,0,0,367.6
1547,Isthmomys flavidus,Cricetidae,50,0,0,0,0,10,20,0,20,0,S,1,0,0,233.68
1548,Isthmomys pirrensis,Cricetidae,50,0,0,0,0,10,20,0,20,0,S,1,0,0,138
1549,Megadontomys cryophilus,Cricetidae,0,0,0,0,0,0,80,0,0,20,G,1,0,0,76.56
1550,Megadontomys thomasi,Cricetidae,0,0,0,0,0,0,80,0,0,20,G,1,0,0,111
1551,Megadontomys nelsoni,Cricetidae,0,0,0,0,0,0,80,0,0,20,G,1,0,0,76.55
1552,Nelsonia goldmani,Cricetidae,0,0,0,0,0,0,0,0,0,100,G,1,0,0,88.08
1553,Nelsonia neotomodon,Cricetidae,0,0,0,0,0,0,0,0,0,100,G,1,0,0,80
1554,Neotoma stephensi,Cricetidae,10,0,0,0,0,0,0,0,20,70,G,1,0,0,152.5
1555,Neotoma mexicana,Cricetidae,10,0,0,0,0,0,0,0,20,70,G,1,0,0,203
1556,Neotoma fuscipes,Cricetidae,10,0,0,0,0,0,0,0,20,70,G,1,0,0,229.83
1557,Neotoma albigula,Cricetidae,10,0,0,0,0,0,0,0,20,70,G,1,0,0,206.03
1558,Neotoma angustapalata,Cricetidae,10,0,0,0,0,0,0,0,20,70,G,1,0,0,198
1559,Neotoma anthonyi,Cricetidae,10,0,0,0,0,0,0,0,20,70,G,1,0,0,195.4
1560,Neotoma bryanti,Cricetidae,10,0,0,0,0,0,0,0,20,70,G,1,0,0,182
1561,Neotoma bunkeri,Cricetidae,10,0,0,0,0,0,0,0,20,70,G,1,0,0,375
1562,Neotoma chrysomelas,Cricetidae,10,0,0,0,0,0,0,0,20,70,G,1,0,0,169.5
1563,Neotoma nelsoni,Cricetidae,10,0,0,0,0,0,0,0,20,70,G,1,0,0,198
1564,Neotoma floridana,Cricetidae,10,0,0,0,0,0,0,0,20,70,G,1,0,0,244.75
1565,Neotoma goldmani,Cricetidae,10,0,0,0,0,0,0,0,20,70,G,1,0,0,198
1566,Neotoma lepida,Cricetidae,10,0,0,0,0,0,0,0,20,70,G,1,0,0,163.75
1567,Neotoma leucodon,Cricetidae,10,0,0,0,0,0,0,0,20,70,G,1,0,0,220.57
1568,Neotoma macrotis,Cricetidae,10,0,0,0,0,0,0,0,20,70,G,1,0,0,225.74
1569,Neotoma magister,Cricetidae,10,0,0,0,0,0,0,0,20,70,G,1,0,0,447
1570,Neotoma martinensis,Cricetidae,10,0,0,0,0,0,0,0,20,70,G,1,0,0,246
1571,Neotoma micropus,Cricetidae,10,0,0,0,0,0,0,0,20,70,G,1,0,0,237.5
1572,Neotoma palatina,Cricetidae,10,0,0,0,0,0,0,0,20,70,G,1,0,0,198
1573,Neotoma devia,Cricetidae,10,0,0,0,0,0,0,0,20,70,G,1,0,0,200
1574,Neotoma cinerea,Cricetidae,10,0,0,0,0,0,0,0,20,70,G,1,0,0,299.15
1575,Neotoma phenax,Cricetidae,10,0,0,0,0,0,0,0,20,70,S,1,0,0,227.5
1576,Neotomodon alstoni,Cricetidae,50,0,0,0,0,10,20,0,20,0,G,1,0,0,40
1577,Ochrotomys nuttalli,Cricetidae,0,0,0,0,0,0,0,0,100,0,Ar,1,0,0,22.37
1578,Onychomys arenicola,Cricetidae,90,0,0,0,0,0,0,0,0,10,G,1,0,0,30
1579,Onychomys leucogaster,Cricetidae,90,0,0,0,0,0,0,0,0,10,G,1,0,0,27.92
1580,Onychomys torridus,Cricetidae,90,0,0,0,0,0,0,0,0,10,G,1,0,0,24.97
1581,Osgoodomys banderanus,Cricetidae,30,0,0,0,0,0,30,0,40,0,S,1,0,0,50
1582,Peromyscus stephani,Cricetidae,50,0,0,0,0,10,20,0,20,0,G,1,0,0,32.17
1583,Peromyscus gossypinus,Cricetidae,50,0,0,0,0,10,20,0,20,0,G,1,0,0,29.39
1584,Peromyscus gratus,Cricetidae,50,0,0,0,0,10,20,0,20,0,G,1,0,0,27.35
1585,Peromyscus zarhynchus,Cricetidae,50,0,0,0,0,10,20,0,20,0,G,1,0,0,40
1586,Peromyscus yucatanicus,Cricetidae,50,0,0,0,0,10,20,0,20,0,G,1,0,0,26.3
1587,Peromyscus winkelmanni,Cricetidae,50,0,0,0,0,10,20,0,20,0,G,1,0,0,53.75
1588,Peromyscus fraterculus,Cricetidae,50,0,0,0,0,10,20,0,20,0,G,1,0,0,33
1589,Peromyscus stirtoni,Cricetidae,50,0,0,0,0,10,20,0,20,0,G,1,0,0,29.2
1590,Peromyscus dickeyi,Cricetidae,50,0,0,0,0,10,20,0,20,0,G,1,0,0,28.6
1591,Peromyscus spicilegus,Cricetidae,50,0,0,0,0,10,20,0,20,0,G,1,0,0,36
1592,Peromyscus slevini,Cricetidae,50,0,0,0,0,10,20,0,20,0,G,1,0,0,32.87
1593,Peromyscus truei,Cricetidae,50,0,0,0,0,10,20,0,20,0,G,1,0,0,27.35
1594,Peromyscus eva,Cricetidae,50,0,0,0,0,10,20,0,20,0,G,1,0,0,22
1595,Peromyscus simulus,Cricetidae,50,0,0,0,0,10,20,0,20,0,G,1,0,0,40
1596,Peromyscus difficilis,Cricetidae,50,0,0,0,0,10,20,0,20,0,G,1,0,0,28
1597,Peromyscus grandis,Cricetidae,50,0,0,0,0,10,20,0,20,0,G,1,0,0,71
1598,Peromyscus crinitus,Cricetidae,50,0,0,0,0,10,20,0,20,0,G,1,0,0,17.98
1599,Peromyscus caniceps,Cricetidae,50,0,0,0,0,10,20,0,20,0,G,1,0,0,33.16
1600,Peromyscus californicus,Cricetidae,50,0,0,0,0,10,20,0,20,0,G,1,0,0,43.53
1601,Peromyscus bullatus,Cricetidae,50,0,0,0,0,10,20,0,20,0,G,1,0,0,40
1602,Peromyscus boylii,Cricetidae,50,0,0,0,0,10,20,0,20,0,G,1,0,0,21.35
1603,Peromyscus beatae,Cricetidae,50,0,0,0,0,10,20,0,20,0,G,1,0,0,33
1604,Peromyscus aztecus,Cricetidae,50,0,0,0,0,10,20,0,20,0,G,1,0,0,40
1605,Peromyscus attwateri,Cricetidae,50,0,0,0,0,10,20,0,20,0,G,1,0,0,27.9
1606,Peromyscus eremicus,Cricetidae,50,0,0,0,0,10,20,0,20,0,G,1,0,0,23.65
1607,Peromyscus keeni,Cricetidae,50,0,0,0,0,10,20,0,20,0,G,1,0,0,28.25
1608,Peromyscus mekisturus,Cricetidae,50,0,0,0,0,10,20,0,20,0,G,1,0,0,60
1609,Peromyscus megalops,Cricetidae,50,0,0,0,0,10,20,0,20,0,G,1,0,0,66.2
1610,Peromyscus mayensis,Cricetidae,50,0,0,0,0,10,20,0,20,0,G,1,0,0,32
1611,Peromyscus maniculatus,Cricetidae,50,0,0,0,0,10,20,0,20,0,G,1,0,0,21.28
1612,Peromyscus sejugis,Cricetidae,50,0,0,0,0,10,20,0,20,0,G,1,0,0,21.5
1613,Peromyscus melanocarpus,Cricetidae,50,0,0,0,0,10,20,0,20,0,G,1,0,0,59
1614,Peromyscus furvus,Cricetidae,50,0,0,0,0,10,20,0,20,0,G,1,0,0,33
1615,Peromyscus madrensis,Cricetidae,50,0,0,0,0,10,20,0,20,0,G,1,0,0,32.2
1616,Peromyscus interparietalis,Cricetidae,50,0,0,0,0,10,20,0,20,0,G,1,0,0,28
1617,Peromyscus hylocetes,Cricetidae,50,0,0,0,0,10,20,0,20,0,G,1,0,0,33
1618,Peromyscus hooperi,Cricetidae,50,0,0,0,0,10,20,0,20,0,G,1,0,0,36
1619,Peromyscus gymnotis,Cricetidae,50,0,0,0,0,10,20,0,20,0,G,1,0,0,40
1620,Peromyscus guatemalensis,Cricetidae,50,0,0,0,0,10,20,0,20,0,G,1,0,0,40
1621,Peromyscus guardia,Cricetidae,50,0,0,0,0,10,20,0,20,0,G,1,0,0,32.13
1622,Peromyscus levipes,Cricetidae,50,0,0,0,0,10,20,0,20,0,G,1,0,0,23
1623,Peromyscus pseudocrinitus,Cricetidae,50,0,0,0,0,10,20,0,20,0,G,1,0,0,33.03
1624,Peromyscus leucopus,Cricetidae,50,0,0,0,0,10,20,0,20,0,G,1,0,0,21.17
1625,Peromyscus sagax,Cricetidae,50,0,0,0,0,10,20,0,20,0,G,1,0,0,33
1626,Peromyscus melanophrys,Cricetidae,50,0,0,0,0,10,20,0,20,0,G,1,0,0,40
1627,Peromyscus polius,Cricetidae,50,0,0,0,0,10,20,0,20,0,G,1,0,0,40
1628,Peromyscus polionotus,Cricetidae,50,0,0,0,0,10,20,0,20,0,G,1,0,0,12.95
1629,Peromyscus perfulvus,Cricetidae,50,0,0,0,0,10,20,0,20,0,G,1,0,0,40
1630,Peromyscus pembertoni,Cricetidae,50,0,0,0,0,10,20,0,20,0,G,1,0,0,33
1631,Peromyscus pectoralis,Cricetidae,50,0,0,0,0,10,20,0,20,0,G,1,0,0,39
1632,Peromyscus ochraventer,Cricetidae,50,0,0,0,0,10,20,0,20,0,G,1,0,0,40
1633,Peromyscus nasutus,Cricetidae,50,0,0,0,0,10,20,0,20,0,G,1,0,0,28
1634,Peromyscus mexicanus,Cricetidae,50,0,0,0,0,10,20,0,20,0,G,1,0,0,32.6
1635,Peromyscus merriami,Cricetidae,50,0,0,0,0,10,20,0,20,0,G,1,0,0,40
1636,Peromyscus melanurus,Cricetidae,50,0,0,0,0,10,20,0,20,0,G,1,0,0,40
1637,Peromyscus melanotis,Cricetidae,50,0,0,0,0,10,20,0,20,0,G,1,0,0,39.6
1638,Podomys floridanus,Cricetidae,30,0,0,0,0,0,0,0,40,30,G,1,0,0,30.8
1639,Scotinomys xerampelinus,Cricetidae,100,0,0,0,0,0,0,0,0,0,G,0,0,1,15
1640,Scotinomys teguina,Cricetidae,100,0,0,0,0,0,0,0,0,0,G,0,0,1,11.25
1641,Xenomys nelsoni,Cricetidae,20,0,0,0,0,0,10,0,40,30,Ar,1,0,0,130
1642,Juscelinomys guaporensis,Cricetidae,20,0,0,0,0,0,0,0,0,80,G,1,0,0,97.3
1643,Juscelinomys candango,Cricetidae,20,0,0,0,0,0,0,0,0,80,G,1,0,0,97.3
1644,Juscelinomys huanchacae,Cricetidae,20,0,0,0,0,0,0,0,0,80,G,1,0,0,97.3
1645,Kunsia tomentosus,Cricetidae,20,0,0,0,0,0,10,0,40,30,G,1,0,0,115.6
1646,Kunsia fronto,Cricetidae,20,0,0,0,0,0,10,0,40,30,G,1,0,0,168
1647,Lenoxus apicalis,Cricetidae,20,0,0,0,0,0,10,0,40,30,G,1,0,0,53.6
1648,Loxodontomys micropus,Cricetidae,50,0,0,0,0,0,0,0,0,50,G,1,0,0,70.76
1649,Loxodontomys pikumche,Cricetidae,50,0,0,0,0,0,0,0,0,50,G,1,0,0,70.76
1650,Lundomys molitor,Cricetidae,20,0,0,0,0,0,10,0,40,30,G,1,0,0,238.49
1651,Megalomys desmarestii,Cricetidae,20,0,0,0,0,0,10,0,40,30,G,1,0,0,47.71
1652,Megalomys luciae,Cricetidae,20,0,0,0,0,0,10,0,40,30,G,1,0,0,47.71
1653,Megaoryzomys curioi,Cricetidae,20,0,0,0,0,0,10,0,40,30,G,1,0,0,47.71
1654,Melanomys zunigae,Cricetidae,20,0,0,0,0,0,10,0,40,30,G,1,0,0,53.5
1655,Melanomys caliginosus,Cricetidae,20,0,0,0,0,0,10,0,40,30,G,1,0,0,41
1656,Melanomys robustulus,Cricetidae,20,0,0,0,0,0,10,0,40,30,G,1,0,0,53.5
1657,Microakodontomys transitorius,Cricetidae,20,0,0,0,0,0,10,0,40,30,G,1,0,0,47.71
1658,Abrawayaomys ruschii,Cricetidae,20,0,0,0,0,0,10,0,40,30,G,1,0,0,63
1659,Abrothrix andinus,Cricetidae,30,0,0,0,0,0,0,0,0,70,G,1,1,1,24.91
1660,Abrothrix olivaceus,Cricetidae,30,0,0,0,0,0,0,0,0,70,G,1,1,1,24.52
1661,Abrothrix markhami,Cricetidae,30,0,0,0,0,0,0,0,0,70,G,1,1,1,29.03
1662,Abrothrix longipilis,Cricetidae,30,0,0,0,0,0,0,0,0,70,G,1,1,1,38.86
1663,Abrothrix lanosus,Cricetidae,30,0,0,0,0,0,0,0,0,70,G,1,1,1,27.83
1664,Abrothrix jelskii,Cricetidae,30,0,0,0,0,0,0,0,0,70,G,1,1,1,34.5
1665,Abrothrix illuteus,Cricetidae,30,0,0,0,0,0,0,0,0,70,G,1,1,1,47.79
1666,Abrothrix hershkovitzi,Cricetidae,30,0,0,0,0,0,0,0,0,70,G,1,1,1,32.42
1667,Abrothrix sanborni,Cricetidae,30,0,0,0,0,0,0,0,0,70,G,1,1,1,24.7
1668,Aepeomys lugens,Cricetidae,20,0,0,0,0,0,10,0,40,30,G,1,0,0,37
1669,Aepeomys reigi,Cricetidae,20,0,0,0,0,0,10,0,40,30,G,1,0,0,37
1670,Akodon aerosus,Cricetidae,80,0,0,0,0,0,0,0,0,20,G,1,1,1,60
1671,Akodon bogotensis,Cricetidae,80,0,0,0,0,0,0,0,0,20,G,1,1,1,13
1672,Akodon iniscatus,Cricetidae,80,0,0,0,0,0,0,0,0,20,G,1,1,1,28.7
1673,Akodon orophilus,Cricetidae,80,0,0,0,0,0,0,0,0,20,G,1,1,1,39
1674,Akodon molinae,Cricetidae,80,0,0,0,0,0,0,0,0,20,G,1,1,1,33
1675,Akodon neocenus,Cricetidae,80,0,0,0,0,0,0,0,0,20,G,1,1,1,42.4
1676,Akodon mystax,Cricetidae,70,0,0,0,0,0,0,0,0,30,G,1,1,1,18.5
1677,Akodon montensis,Cricetidae,70,0,0,0,0,0,0,0,0,30,G,1,1,1,31.32
1678,Akodon mollis,Cricetidae,80,0,0,0,0,0,0,0,0,20,G,1,1,1,30.4
1679,Akodon lindberghi,Cricetidae,80,0,0,0,0,0,0,0,0,20,G,1,1,1,26.4
1680,Akodon leucolimnaeus,Cricetidae,70,0,0,0,0,0,0,0,0,30,G,1,1,1,31.32
1681,Akodon sanctipaulensis,Cricetidae,80,0,0,0,0,0,0,0,0,20,G,1,1,1,27.1
1682,Akodon juninensis,Cricetidae,80,0,0,0,0,0,0,0,0,20,G,1,1,1,39
1683,Akodon paranaensis,Cricetidae,70,0,0,0,0,0,0,0,0,30,G,1,1,1,31.32
1684,Akodon fumeus,Cricetidae,80,0,0,0,0,0,0,0,0,20,G,1,1,1,22.7
1685,Akodon dolores,Cricetidae,80,0,0,0,0,0,0,0,0,20,G,1,1,1,50.5
1686,Akodon dayi,Cricetidae,80,0,0,0,0,0,0,0,0,20,G,1,1,1,32.5
1687,Akodon cursor,Cricetidae,80,0,0,0,0,0,0,0,0,20,G,1,1,1,39.85
1688,Akodon lutescens,Cricetidae,80,0,0,0,0,0,0,0,0,20,G,1,1,1,20.69
1689,Akodon boliviensis,Cricetidae,80,0,0,0,0,0,0,0,0,20,G,1,1,1,27.5
1690,Akodon azarae,Cricetidae,80,0,0,0,0,0,0,0,0,20,G,1,1,1,25
1691,Akodon aliquantulus,Cricetidae,70,0,0,0,0,0,0,0,0,30,G,1,1,1,31.32
1692,Akodon albiventer,Cricetidae,80,0,0,0,0,0,0,0,0,20,G,1,1,1,21.8
1693,Akodon kofordi,Cricetidae,80,0,0,0,0,0,0,0,0,20,G,1,1,1,29.5
1694,Akodon subfuscus,Cricetidae,80,0,0,0,0,0,0,0,0,20,G,1,1,1,30.4
1695,Akodon torques,Cricetidae,80,0,0,0,0,0,0,0,0,20,G,1,1,1,39
1696,Akodon oenos,Cricetidae,70,0,0,0,0,0,0,0,0,30,G,1,1,1,31.32
1697,Akodon sylvanus,Cricetidae,80,0,0,0,0,0,0,0,0,20,G,1,1,1,39
1698,Akodon pervalens,Cricetidae,70,0,0,0,0,0,0,0,0,30,G,1,1,1,31.32
1699,Akodon toba,Cricetidae,80,0,0,0,0,0,0,0,0,20,G,1,1,1,51.2
1700,Akodon surdus,Cricetidae,80,0,0,0,0,0,0,0,0,20,G,1,1,1,39
1701,Akodon varius,Cricetidae,80,0,0,0,0,0,0,0,0,20,G,1,1,1,40
1702,Akodon spegazzinii,Cricetidae,80,0,0,0,0,0,0,0,0,20,G,1,1,1,28.6
1703,Akodon simulator,Cricetidae,80,0,0,0,0,0,0,0,0,20,G,1,1,1,42.5
1704,Akodon reigi,Cricetidae,70,0,0,0,0,0,0,0,0,30,G,1,1,1,31.32
1705,Akodon serrensis,Cricetidae,80,0,0,0,0,0,0,0,0,20,G,1,1,1,28.3
1706,Akodon affinis,Cricetidae,80,0,0,0,0,0,0,0,0,20,G,1,1,1,24.9
1707,Akodon budini,Cricetidae,80,0,0,0,0,0,0,0,0,20,G,1,1,1,26.9
1708,Akodon siberiae,Cricetidae,80,0,0,0,0,0,0,0,0,20,G,1,1,1,34.6
1709,Akodon latebricola,Cricetidae,80,0,0,0,0,0,0,0,0,20,G,1,1,1,39
1710,Akodon mimus,Cricetidae,80,0,0,0,0,0,0,0,0,20,G,1,1,1,24
1711,Amphinectomys savamis,Cricetidae,20,0,0,0,0,0,10,0,40,30,G,1,0,0,47.71
1712,Andalgalomys pearsoni,Cricetidae,20,0,0,0,0,0,10,0,40,30,G,1,0,0,25.4
1713,Andalgalomys roigi,Cricetidae,20,0,0,0,0,0,10,0,40,30,G,1,0,0,28.91
1714,Andalgalomys olrogi,Cricetidae,20,0,0,0,0,0,10,0,40,30,G,1,0,0,32.9
1715,Andinomys edax,Cricetidae,0,0,0,0,0,0,0,0,0,100,G,1,0,0,69.75
1716,Anotomys leander,Cricetidae,20,0,0,0,0,0,10,0,40,30,G,1,0,0,66.4
1717,Auliscomys boliviensis,Cricetidae,50,0,0,0,0,0,0,0,0,50,G,1,0,0,65.7
1718,Auliscomys pictus,Cricetidae,50,0,0,0,0,0,0,0,0,50,G,1,0,0,54.7
1719,Auliscomys sublimis,Cricetidae,50,0,0,0,0,0,0,0,0,50,G,1,0,0,38
1720,Bibimys labiosus,Cricetidae,0,0,0,0,0,0,0,0,30,70,G,1,0,0,29
1721,Bibimys torresi,Cricetidae,0,0,0,0,0,0,0,0,30,70,G,1,0,0,28
1722,Bibimys chacoensis,Cricetidae,0,0,0,0,0,0,0,0,30,70,G,1,0,0,28
1723,Blarinomys breviceps,Cricetidae,20,0,0,0,0,0,10,0,40,30,G,1,0,0,36.8
1724,Brucepattersonius griserufescens,Cricetidae,90,0,0,0,0,0,0,0,0,10,G,1,0,0,23.7
1725,Brucepattersonius soricinus,Cricetidae,90,0,0,0,0,0,0,0,0,10,G,1,0,0,30.87
1726,Brucepattersonius paradisus,Cricetidae,90,0,0,0,0,0,0,0,0,10,G,1,0,0,30.87
1727,Brucepattersonius misionensis,Cricetidae,90,0,0,0,0,0,0,0,0,10,G,1,0,0,43
1728,Brucepattersonius iheringi,Cricetidae,90,0,0,0,0,0,0,0,0,10,G,1,0,0,43
1729,Brucepattersonius guarani,Cricetidae,90,0,0,0,0,0,0,0,0,10,G,1,0,0,30.87
1730,Brucepattersonius albinasus,Cricetidae,90,0,0,0,0,0,0,0,0,10,G,1,0,0,20
1731,Brucepattersonius igniventris,Cricetidae,90,0,0,0,0,0,0,0,0,10,G,1,0,0,32
1732,Calomys tener,Cricetidae,0,0,0,0,0,0,0,0,0,100,G,1,1,0,13.8
1733,Calomys boliviae,Cricetidae,0,0,0,0,0,0,0,0,0,100,G,1,1,0,27
1734,Calomys callidus,Cricetidae,0,0,0,0,0,0,0,0,0,100,G,1,1,0,27
1735,Calomys callosus,Cricetidae,0,0,0,0,0,0,0,0,0,100,G,1,1,0,44.95
1736,Calomys expulsus,Cricetidae,0,0,0,0,0,0,0,0,0,100,G,1,1,0,39.86
1737,Calomys hummelincki,Cricetidae,0,0,0,0,0,0,0,0,0,100,G,1,1,0,27
1738,Calomys laucha,Cricetidae,0,0,0,0,0,0,0,0,0,100,G,1,1,0,14
1739,Calomys lepidus,Cricetidae,0,0,0,0,0,0,0,0,0,100,G,1,1,0,26.6
1740,Calomys musculinus,Cricetidae,0,0,0,0,0,0,0,0,0,100,G,1,1,0,20.1
1741,Calomys sorellus,Cricetidae,0,0,0,0,0,0,0,0,0,100,G,1,1,0,20
1742,Calomys tocantinsi,Cricetidae,0,0,0,0,0,0,0,0,0,100,G,1,1,0,25.3
1743,Calomys venustus,Cricetidae,0,0,0,0,0,0,0,0,0,100,G,1,1,0,49.33
1744,Chelemys megalonyx,Cricetidae,30,0,0,0,0,0,0,0,0,70,G,1,1,1,50.8
1745,Chelemys delfini,Cricetidae,30,0,0,0,0,0,0,0,0,70,G,1,1,1,61.02
1746,Chelemys macronyx,Cricetidae,30,0,0,0,0,0,0,0,0,70,G,1,1,1,73.3
1747,Chibchanomys trichotis,Cricetidae,20,0,0,0,0,0,10,0,40,30,G,1,0,0,50
1748,Chibchanomys orcesi,Cricetidae,20,0,0,0,0,0,10,0,40,30,G,1,0,0,50
1749,Chilomys instans,Cricetidae,20,0,0,0,0,0,10,0,40,30,G,1,0,0,19
1750,Chinchillula sahamae,Cricetidae,0,0,0,0,0,0,0,0,0,100,G,1,0,0,169.75
1751,Delomys collinus,Cricetidae,20,0,0,0,0,0,10,0,40,30,G,1,0,0,77.94
1752,Delomys dorsalis,Cricetidae,20,0,0,0,0,0,10,0,40,30,G,1,0,0,67.5
1753,Delomys sublineatus,Cricetidae,20,0,0,0,0,0,10,0,40,30,G,1,0,0,90
1754,Deltamys kempi,Cricetidae,20,0,0,0,0,0,10,0,40,30,G,1,1,1,26.4
1755,Eligmodontia typus,Cricetidae,10,0,0,0,0,0,0,0,70,20,G,1,0,0,17.3
1756,Eligmodontia puerulus,Cricetidae,10,0,0,0,0,0,0,0,70,20,G,1,0,0,28.5
1757,Eligmodontia moreni,Cricetidae,10,0,0,0,0,0,0,0,70,20,G,1,0,0,18
1758,Eligmodontia morgani,Cricetidae,10,0,0,0,0,0,0,0,70,20,G,1,0,0,16.5
1759,Euneomys chinchilloides,Cricetidae,0,0,0,0,0,0,0,0,0,100,G,1,0,0,87.63
1760,Euneomys fossor,Cricetidae,0,0,0,0,0,0,0,0,0,100,G,1,0,0,83
1761,Euneomys mordax,Cricetidae,0,0,0,0,0,0,0,0,0,100,G,1,0,0,82
1762,Euneomys petersoni,Cricetidae,0,0,0,0,0,0,0,0,0,100,G,1,0,0,83
1763,Galenomys garleppi,Cricetidae,20,0,0,0,0,0,10,0,40,30,G,1,0,0,59.3
1764,Geoxus valdivianus,Cricetidae,100,0,0,0,0,0,0,0,0,0,G,1,1,1,31.5
1765,Graomys centralis,Cricetidae,0,0,0,0,0,0,30,0,30,40,S,1,0,0,65.28
1766,Graomys edithae,Cricetidae,0,0,0,0,0,0,30,0,30,40,S,1,0,0,40.4
1767,Graomys griseoflavus,Cricetidae,0,0,0,0,0,0,30,0,30,40,S,1,0,0,67.5
1768,Graomys domorum,Cricetidae,0,0,0,0,0,0,30,0,30,40,S,1,0,0,102
1769,Handleyomys fuscatus,Cricetidae,20,0,0,0,0,0,20,0,20,40,G,1,0,0,49.5
1770,Handleyomys intectus,Cricetidae,20,0,0,0,0,0,20,0,20,40,G,1,0,0,60.5
1771,Holochilus brasiliensis,Cricetidae,10,0,0,0,0,0,0,0,0,90,G,1,0,0,155
1772,Holochilus chacarius,Cricetidae,10,0,0,0,0,0,0,0,0,90,G,1,0,0,204
1773,Holochilus sciureus,Cricetidae,10,0,0,0,0,0,0,0,0,90,G,1,0,0,170.96
1774,Ichthyomys pittieri,Cricetidae,80,0,0,20,0,0,0,0,0,0,G,0,0,1,69.1
1775,Ichthyomys stolzmanni,Cricetidae,80,0,0,20,0,0,0,0,0,0,G,0,0,1,84.7
1776,Ichthyomys hydrobates,Cricetidae,80,0,0,20,0,0,0,0,0,0,G,0,0,1,66.4
1777,Ichthyomys tweedii,Cricetidae,80,0,0,20,0,0,0,0,0,0,G,0,0,1,118.5
1778,Irenomys tarsalis,Cricetidae,0,0,0,0,0,0,40,0,30,30,G,1,0,0,43.15
1779,Juliomys pictipes,Cricetidae,0,0,0,0,0,0,40,0,0,60,G,1,0,0,22.9
1780,Juliomys rimofrons,Cricetidae,0,0,0,0,0,0,40,0,0,60,G,1,0,0,19.8
1781,Microryzomys altissimus,Cricetidae,20,0,0,0,0,0,10,0,40,30,G,1,0,0,13.5
1782,Microryzomys minutus,Cricetidae,20,0,0,0,0,0,10,0,40,30,G,1,0,0,13.5
1783,Neacomys paracou,Cricetidae,20,0,0,0,0,0,10,0,40,30,G,1,0,0,17.31
1784,Neacomys musseri,Cricetidae,20,0,0,0,0,0,10,0,40,30,G,1,0,0,17.31
1785,Neacomys dubosti,Cricetidae,20,0,0,0,0,0,10,0,40,30,G,1,0,0,17.31
1786,Neacomys guianae,Cricetidae,20,0,0,0,0,0,20,0,20,40,G,1,0,0,14.2
1787,Neacomys pictus,Cricetidae,20,0,0,0,0,0,20,0,20,40,G,1,0,0,17.5
1788,Neacomys spinosus,Cricetidae,20,0,0,0,0,0,20,0,20,40,G,1,0,0,19
1789,Neacomys tenuipes,Cricetidae,20,0,0,0,0,0,20,0,20,40,G,1,0,0,19
1790,Neacomys minutus,Cricetidae,20,0,0,0,0,0,20,0,20,40,G,1,0,0,17.31
1791,Necromys amoenus,Cricetidae,70,0,0,0,0,0,0,0,0,30,G,1,1,1,27.09
1792,Necromys benefactus,Cricetidae,70,0,0,0,0,0,0,0,0,30,G,1,1,1,38
1793,Necromys lactens,Cricetidae,70,0,0,0,0,0,0,0,0,30,G,1,1,1,32.9
1794,Necromys lenguarum,Cricetidae,70,0,0,0,0,0,0,0,0,30,G,1,1,1,38
1795,Necromys obscurus,Cricetidae,70,0,0,0,0,0,0,0,0,30,G,0,0,1,40.69
1796,Necromys punctulatus,Cricetidae,70,0,0,0,0,0,0,0,0,30,G,1,1,1,37.3
1797,Necromys temchuki,Cricetidae,70,0,0,0,0,0,0,0,0,30,G,1,1,1,47.2
1798,Necromys lasiurus,Cricetidae,70,0,0,0,0,0,0,0,0,30,G,0,0,1,39.93
1799,Necromys urichi,Cricetidae,70,0,0,0,0,0,0,0,0,30,G,1,1,1,44.84
1800,Nectomys squamipes,Cricetidae,30,0,20,20,0,0,0,0,0,30,G,1,0,0,190.75
1801,Nectomys apicalis,Cricetidae,30,0,20,20,0,0,0,0,0,30,G,1,0,0,217.85
1802,Nectomys magdalenae,Cricetidae,30,0,20,20,0,0,0,0,0,30,G,1,0,0,217.85
1803,Nectomys palmipes,Cricetidae,30,0,20,20,0,0,0,0,0,30,G,1,0,0,156.08
1804,Nectomys rattus,Cricetidae,30,0,20,20,0,0,0,0,0,30,G,1,0,0,248.8
1805,Neotomys ebriosus,Cricetidae,20,0,0,0,0,0,10,0,40,30,G,1,1,1,64.5
1806,Nesoryzomys darwini,Cricetidae,20,0,0,0,0,0,10,0,40,30,G,1,0,0,55.26
1807,Nesoryzomys fernandinae,Cricetidae,20,0,0,0,0,0,10,0,40,30,G,1,0,0,32.5
1808,Nesoryzomys indefessus,Cricetidae,20,0,0,0,0,0,10,0,40,30,G,1,0,0,55.26
1809,Nesoryzomys swarthi,Cricetidae,20,0,0,0,0,0,10,0,40,30,G,1,0,0,93.95
1810,Neusticomys peruviensis,Cricetidae,80,0,0,0,20,0,0,0,0,0,G,1,0,0,40
1811,Neusticomys mussoi,Cricetidae,80,0,0,0,20,0,0,0,0,0,G,1,0,0,40
1812,Neusticomys oyapocki,Cricetidae,80,0,0,0,20,0,0,0,0,0,G,1,0,0,4.7
1813,Neusticomys venezuelae,Cricetidae,80,0,0,0,20,0,0,0,0,0,G,1,0,0,47.1
1814,Neusticomys monticolus,Cricetidae,80,0,0,0,20,0,0,0,0,0,G,1,0,0,39.5
1815,Noronhomys vespuccii,Cricetidae,20,0,0,0,0,0,10,0,40,30,G,1,0,0,47.71
1816,Notiomys edwardsii,Cricetidae,80,0,0,0,0,0,0,0,20,0,G,1,0,0,21.3
1817,Oecomys catherinae,Cricetidae,0,0,0,0,0,0,50,0,50,0,G,1,0,0,67.41
1818,Oecomys rutilus,Cricetidae,0,0,0,0,0,0,50,0,50,0,G,1,0,0,73.4
1819,Oecomys rex,Cricetidae,0,0,0,0,0,0,50,0,50,0,G,1,0,0,73.4
1820,Oecomys phaeotis,Cricetidae,0,0,0,0,0,0,50,0,50,0,G,1,0,0,73.4
1821,Oecomys paricola,Cricetidae,0,0,0,0,0,0,50,0,50,0,G,1,0,0,73.4
1822,Oecomys mamorae,Cricetidae,0,0,0,0,0,0,50,0,50,0,G,1,0,0,62.5
1823,Oecomys flavicans,Cricetidae,0,0,0,0,0,0,50,0,50,0,G,1,0,0,73.4
1824,Oecomys speciosus,Cricetidae,0,0,0,0,0,0,50,0,50,0,G,1,0,0,73.4
1825,Oecomys cleberi,Cricetidae,0,0,0,0,0,0,50,0,50,0,G,1,0,0,73.4
1826,Oecomys roberti,Cricetidae,0,0,0,0,0,0,50,0,50,0,G,1,0,0,73.4
1827,Oecomys bicolor,Cricetidae,0,0,0,0,0,0,50,0,50,0,G,1,0,0,34
1828,Oecomys auyantepui,Cricetidae,0,0,0,0,0,0,50,0,50,0,G,1,0,0,67.41
1829,Oecomys concolor,Cricetidae,0,0,0,0,0,0,50,0,50,0,G,1,0,0,61.55
1830,Oecomys trinitatis,Cricetidae,0,0,0,0,0,0,50,0,50,0,G,1,0,0,73.4
1831,Oecomys superans,Cricetidae,0,0,0,0,0,0,50,0,50,0,G,1,0,0,73.4
1832,Oligoryzomys vegetus,Cricetidae,30,0,0,0,0,0,30,0,40,0,G,1,0,0,15
1833,Oligoryzomys flavescens,Cricetidae,30,0,0,0,0,0,30,0,40,0,G,1,0,0,21.3
1834,Oligoryzomys fulvescens,Cricetidae,30,0,0,0,0,0,30,0,40,0,G,1,0,0,25
1835,Oligoryzomys griseolus,Cricetidae,30,0,0,0,0,0,30,0,40,0,G,1,0,0,25.2
1836,Oligoryzomys longicaudatus,Cricetidae,30,0,0,0,0,0,30,0,40,0,G,1,0,0,27
1837,Oligoryzomys magellanicus,Cricetidae,30,0,0,0,0,0,30,0,40,0,G,1,0,0,25.2
1838,Oligoryzomys microtis,Cricetidae,30,0,0,0,0,0,30,0,40,0,G,1,0,0,22.5
1839,Oligoryzomys fornesi,Cricetidae,30,0,0,0,0,0,30,0,40,0,G,1,0,0,23.96
1840,Oligoryzomys stramineus,Cricetidae,30,0,0,0,0,0,30,0,40,0,G,1,0,0,23.96
1841,Oligoryzomys arenalis,Cricetidae,30,0,0,0,0,0,30,0,40,0,G,1,0,0,25.2
1842,Oligoryzomys eliurus,Cricetidae,30,0,0,0,0,0,30,0,40,0,G,1,0,0,30
1843,Oligoryzomys destructor,Cricetidae,30,0,0,0,0,0,30,0,40,0,G,1,0,0,25.2
1844,Oligoryzomys delticola,Cricetidae,30,0,0,0,0,0,30,0,40,0,G,1,0,0,29.4
1845,Oligoryzomys chacoensis,Cricetidae,30,0,0,0,0,0,30,0,40,0,G,1,0,0,23
1846,Oligoryzomys brendae,Cricetidae,30,0,0,0,0,0,30,0,40,0,G,1,0,0,23.96
1847,Oligoryzomys victus,Cricetidae,30,0,0,0,0,0,30,0,40,0,G,1,0,0,23.96
1848,Oligoryzomys nigripes,Cricetidae,30,0,0,0,0,0,30,0,40,0,G,1,0,0,20.5
1849,Oligoryzomys andinus,Cricetidae,30,0,0,0,0,0,30,0,40,0,G,1,0,0,25.2
1850,Oryzomys subflavus,Cricetidae,20,0,0,0,0,0,20,0,20,40,G,1,1,1,50
1851,Oryzomys talamancae,Cricetidae,20,0,0,0,0,0,20,0,20,40,G,1,1,1,55
1852,Oryzomys tatei,Cricetidae,20,0,0,0,0,0,20,0,20,40,G,1,1,1,57.93
1853,Oryzomys xanthaeolus,Cricetidae,20,0,0,0,0,0,20,0,20,40,G,1,1,1,79.79
1854,Oryzomys perenensis,Cricetidae,20,0,0,0,0,0,20,0,20,40,G,1,1,1,57.93
1855,Oryzomys seuanezi,Cricetidae,20,0,0,0,0,0,20,0,20,40,G,1,1,1,57.93
1856,Oryzomys yunganus,Cricetidae,20,0,0,0,0,0,20,0,20,40,G,1,1,1,60.5
1857,Oryzomys chapmani,Cricetidae,20,0,0,0,0,0,20,0,20,40,G,1,1,1,50
1858,Oryzomys hammondi,Cricetidae,20,0,0,0,0,0,20,0,20,40,G,1,1,1,60.5
1859,Oryzomys gorgasi,Cricetidae,20,0,0,0,0,0,20,0,20,40,G,1,1,1,60.5
1860,Oryzomys galapagoensis,Cricetidae,20,0,0,0,0,0,20,0,20,40,G,1,1,1,63.51
1861,Oryzomys emmonsae,Cricetidae,20,0,0,0,0,0,20,0,20,40,G,1,1,1,57.93
1862,Oryzomys dimidiatus,Cricetidae,20,0,0,0,0,0,20,0,20,40,G,1,1,1,46
1863,Oryzomys devius,Cricetidae,20,0,0,0,0,0,20,0,20,40,G,1,1,1,57.93
1864,Oryzomys rhabdops,Cricetidae,20,0,0,0,0,0,20,0,20,40,G,1,1,1,54.88
1865,Oryzomys couesi,Cricetidae,20,0,0,0,0,0,20,0,20,40,G,1,1,1,69.3
1866,Oryzomys laticeps,Cricetidae,20,0,0,0,0,0,20,0,20,40,G,1,1,1,49.11
1867,Oryzomys caracolus,Cricetidae,20,0,0,0,0,0,20,0,20,40,G,1,1,1,57.93
1868,Oryzomys bolivaris,Cricetidae,20,0,0,0,0,0,20,0,20,40,G,1,1,1,60.5
1869,Oryzomys balneator,Cricetidae,20,0,0,0,0,0,20,0,20,40,G,1,1,1,60.5
1870,Oryzomys auriventer,Cricetidae,20,0,0,0,0,0,20,0,20,40,G,1,1,1,60.5
1871,Oryzomys angouya,Cricetidae,20,0,0,0,0,0,20,0,20,40,G,1,1,1,120.17
1872,Oryzomys alfaroi,Cricetidae,20,0,0,0,0,0,20,0,20,40,G,1,1,1,33.3
1873,Oryzomys albigularis,Cricetidae,20,0,0,0,0,0,20,0,20,40,G,1,1,1,60.5
1874,Oryzomys curasoae,Cricetidae,20,0,0,0,0,0,20,0,20,40,G,1,1,1,57.93
1875,Oryzomys melanotis,Cricetidae,20,0,0,0,0,0,20,0,20,40,G,1,1,1,50
1876,Oryzomys saturatior,Cricetidae,20,0,0,0,0,0,20,0,20,40,G,1,1,1,54.82
1877,Oryzomys russatus,Cricetidae,20,0,0,0,0,0,20,0,20,40,G,1,1,1,60.5
1878,Oryzomys rostratus,Cricetidae,20,0,0,0,0,0,20,0,20,40,G,1,1,1,43.5
1879,Oryzomys polius,Cricetidae,20,0,0,0,0,0,20,0,20,40,G,1,1,1,60.5
1880,Oryzomys palustris,Cricetidae,20,0,0,0,0,0,20,0,20,40,G,1,1,1,53.88
1881,Oryzomys nitidus,Cricetidae,20,0,0,0,0,0,20,0,20,40,G,1,1,1,55.2
1882,Oryzomys keaysi,Cricetidae,20,0,0,0,0,0,20,0,20,40,G,1,1,1,58.3
1883,Oryzomys meridensis,Cricetidae,20,0,0,0,0,0,20,0,20,40,G,1,1,1,57.93
1884,Oryzomys lamia,Cricetidae,20,0,0,0,0,0,20,0,20,40,G,1,1,1,60.5
1885,Oryzomys megacephalus,Cricetidae,20,0,0,0,0,0,20,0,20,40,G,1,1,1,57
1886,Oryzomys marinhus,Cricetidae,20,0,0,0,0,0,20,0,20,40,G,1,1,1,57.93
1887,Oryzomys maracajuensis,Cricetidae,20,0,0,0,0,0,20,0,20,40,G,1,1,1,57.93
1888,Oryzomys macconnelli,Cricetidae,20,0,0,0,0,0,20,0,20,40,G,1,1,1,58
1889,Oryzomys levipes,Cricetidae,20,0,0,0,0,0,20,0,20,40,G,1,1,1,60.5
1890,Oryzomys legatus,Cricetidae,20,0,0,0,0,0,20,0,20,40,G,1,1,1,61.5
1891,Oryzomys scotti,Cricetidae,20,0,0,0,0,0,20,0,20,40,G,1,1,1,57.93
1892,Oryzomys nelsoni,Cricetidae,20,0,0,0,0,0,20,0,20,40,G,1,1,1,57.93
1893,Oxymycterus caparoae,Cricetidae,90,0,0,0,0,0,0,0,0,10,G,0,0,1,60.57
1894,Oxymycterus rufus,Cricetidae,90,0,0,0,0,0,0,0,0,10,G,0,0,1,75.4
1895,Oxymycterus akodontius,Cricetidae,90,0,0,0,0,0,0,0,0,10,G,0,0,1,68
1896,Oxymycterus amazonicus,Cricetidae,90,0,0,0,0,0,0,0,0,10,G,0,0,1,60.57
1897,Oxymycterus angularis,Cricetidae,90,0,0,0,0,0,0,0,0,10,G,0,0,1,68
1898,Oxymycterus dasytrichus,Cricetidae,90,0,0,0,0,0,0,0,0,10,G,0,0,1,60.57
1899,Oxymycterus hiska,Cricetidae,90,0,0,0,0,0,0,0,0,10,G,0,0,1,68
1900,Oxymycterus hispidus,Cricetidae,90,0,0,0,0,0,0,0,0,10,G,0,0,1,36.75
1901,Oxymycterus hucucha,Cricetidae,90,0,0,0,0,0,0,0,0,10,G,0,0,1,68
1902,Oxymycterus inca,Cricetidae,90,0,0,0,0,0,0,0,0,10,G,0,0,1,35
1903,Oxymycterus josei,Cricetidae,90,0,0,0,0,0,0,0,0,10,G,0,0,1,60.57
1904,Oxymycterus nasutus,Cricetidae,90,0,0,0,0,0,0,0,0,10,G,0,0,1,68
1905,Oxymycterus paramensis,Cricetidae,90,0,0,0,0,0,0,0,0,10,G,0,0,1,42
1906,Oxymycterus quaestor,Cricetidae,90,0,0,0,0,0,0,0,0,10,G,0,0,1,60.57
1907,Oxymycterus delator,Cricetidae,90,0,0,0,0,0,0,0,0,10,G,0,0,1,81.5
1908,Oxymycterus roberti,Cricetidae,90,0,0,0,0,0,0,0,0,10,G,0,0,1,83.4
1909,Paralomys gerbillus,Cricetidae,0,0,0,0,0,0,0,0,40,60,G,1,0,0,17.4
1910,Pearsonomys annectens,Cricetidae,20,0,0,0,0,0,10,0,40,30,G,1,0,0,38.74
1911,Phaenomys ferrugineus,Cricetidae,20,0,0,0,0,0,10,0,40,30,G,1,0,0,93.8
1912,Phyllotis darwini,Cricetidae,0,0,0,0,0,0,0,0,40,60,G,1,1,1,50.83
1913,Phyllotis xanthopygus,Cricetidae,0,0,0,0,0,0,0,0,40,60,G,1,1,1,56.3
1914,Phyllotis osilae,Cricetidae,0,0,0,0,0,0,0,0,40,60,G,1,1,1,49
1915,Phyllotis osgoodi,Cricetidae,0,0,0,0,0,0,0,0,40,60,G,1,1,1,45.1
1916,Phyllotis magister,Cricetidae,0,0,0,0,0,0,0,0,40,60,G,1,1,1,68.5
1917,Phyllotis limatus,Cricetidae,0,0,0,0,0,0,0,0,40,60,G,1,1,1,48.29
1918,Phyllotis definitus,Cricetidae,0,0,0,0,0,0,0,0,40,60,G,1,1,1,89
1919,Phyllotis wolffsohni,Cricetidae,0,0,0,0,0,0,0,0,40,60,G,1,1,1,42.5
1920,Phyllotis caprinus,Cricetidae,0,0,0,0,0,0,0,0,40,60,G,1,1,1,50.8
1921,Phyllotis bonariensis,Cricetidae,0,0,0,0,0,0,0,0,40,60,G,1,1,1,42.5
1922,Phyllotis andium,Cricetidae,0,0,0,0,0,0,0,0,40,60,G,1,1,1,53
1923,Phyllotis amicus,Cricetidae,0,0,0,0,0,0,0,0,40,60,G,1,1,1,20.2
1924,Phyllotis haggardi,Cricetidae,0,0,0,0,0,0,0,0,40,60,G,1,1,1,42.5
1925,Podoxymys roraimae,Cricetidae,20,0,0,0,0,0,10,0,40,30,G,1,0,0,33.8
1926,Pseudoryzomys simplex,Cricetidae,20,0,0,0,0,0,20,0,20,40,G,1,0,0,51.25
1927,Punomys lemminus,Cricetidae,0,0,0,0,0,0,0,0,0,100,G,0,0,1,84.8
1928,Punomys kofordi,Cricetidae,0,0,0,0,0,0,0,0,0,100,G,0,0,1,84.8
1929,Reithrodon auritus,Cricetidae,0,0,0,0,0,0,0,0,0,100,G,1,0,0,70.85
1930,Reithrodon typicus,Cricetidae,0,0,0,0,0,0,0,0,0,100,G,1,0,0,70.85
1931,Rhagomys longilingua,Cricetidae,20,0,0,0,0,0,10,0,40,30,Ar,1,0,0,21.2
1932,Rhagomys rufescens,Cricetidae,20,0,0,0,0,0,10,0,40,30,Ar,1,0,0,21.2
1933,Rheomys raptor,Cricetidae,100,0,0,0,0,0,0,0,0,0,G,1,1,1,38
1934,Rheomys thomasi,Cricetidae,100,0,0,0,0,0,0,0,0,0,G,1,1,1,40
1935,Rheomys mexicanus,Cricetidae,100,0,0,0,0,0,0,0,0,0,G,1,1,1,40
1936,Rheomys underwoodi,Cricetidae,100,0,0,0,0,0,0,0,0,0,G,1,1,1,41.85
1937,Rhipidomys caucensis,Cricetidae,20,0,0,0,0,0,30,0,30,20,Ar,1,0,0,89
1938,Rhipidomys leucodactylus,Cricetidae,20,0,0,0,0,0,30,0,30,20,Ar,1,0,0,80
1939,Rhipidomys ochrogaster,Cricetidae,20,0,0,0,0,0,30,0,30,20,Ar,1,0,0,89
1940,Rhipidomys modicus,Cricetidae,20,0,0,0,0,0,20,0,30,30,Ar,1,0,0,79.72
1941,Rhipidomys mastacalis,Cricetidae,20,0,0,0,0,0,30,0,30,20,Ar,1,0,0,77.5
1942,Rhipidomys macrurus,Cricetidae,20,0,0,0,0,0,20,0,30,30,Ar,1,0,0,79.72
1943,Rhipidomys macconnelli,Cricetidae,20,0,0,0,0,0,30,0,30,20,Ar,1,0,0,41.6
1944,Rhipidomys latimanus,Cricetidae,20,0,0,0,0,0,30,0,30,20,Ar,1,0,0,57.5
1945,Rhipidomys gardneri,Cricetidae,20,0,0,0,0,0,20,0,30,30,Ar,1,0,0,79.72
1946,Rhipidomys fulviventer,Cricetidae,20,0,0,0,0,0,30,0,30,20,Ar,1,0,0,89
1947,Rhipidomys venustus,Cricetidae,20,0,0,0,0,0,30,0,30,20,Ar,1,0,0,89
1948,Rhipidomys couesi,Cricetidae,20,0,0,0,0,0,30,0,30,20,Ar,1,0,0,89
1949,Rhipidomys venezuelae,Cricetidae,20,0,0,0,0,0,30,0,30,20,Ar,1,0,0,90
1950,Rhipidomys austrinus,Cricetidae,20,0,0,0,0,0,30,0,30,20,Ar,1,0,0,89
1951,Rhipidomys emiliae,Cricetidae,20,0,0,0,0,0,20,0,30,30,Ar,1,0,0,79.72
1952,Rhipidomys nitela,Cricetidae,20,0,0,0,0,0,30,0,30,20,Ar,1,0,0,89
1953,Rhipidomys wetzeli,Cricetidae,20,0,0,0,0,0,30,0,30,20,Ar,1,0,0,89
1954,Salinomys delicatus,Cricetidae,20,0,0,0,0,0,10,0,40,30,G,1,0,0,12.3
1955,Scapteromys aquaticus,Cricetidae,70,0,0,0,0,0,0,0,20,10,G,1,1,0,146
1956,Scapteromys tumidus,Cricetidae,70,0,0,0,0,0,0,0,20,10,G,1,1,0,146
1957,Scolomys melanops,Cricetidae,50,0,0,0,0,0,0,0,50,0,G,1,0,0,26.5
1958,Scolomys ucayalensis,Cricetidae,50,0,0,0,0,0,0,0,50,0,G,1,0,0,26.5
1959,Sigmodon mascotensis,Cricetidae,50,0,0,0,0,0,0,0,0,50,G,1,1,1,120
1960,Sigmodon alleni,Cricetidae,50,0,0,0,0,0,0,0,0,50,G,1,1,1,179
1961,Sigmodon arizonae,Cricetidae,50,0,0,0,0,0,0,0,0,50,G,1,1,1,198
1962,Sigmodon fulviventer,Cricetidae,50,0,0,0,0,0,0,0,0,50,G,1,1,1,214
1963,Sigmodon hirsutus,Cricetidae,50,0,0,0,0,0,0,0,0,50,G,1,1,1,130.37
1964,Sigmodon hispidus,Cricetidae,50,0,0,0,0,0,0,0,0,50,G,1,1,1,92.38
1965,Sigmodon leucotis,Cricetidae,50,0,0,0,0,0,0,0,0,50,G,1,1,1,135.5
1966,Sigmodon peruanus,Cricetidae,50,0,0,0,0,0,0,0,0,50,G,1,1,1,127.32
1967,Sigmodon planifrons,Cricetidae,50,0,0,0,0,0,0,0,0,50,G,1,1,1,130.37
1968,Sigmodon toltecus,Cricetidae,50,0,0,0,0,0,0,0,0,50,G,1,1,1,130.37
1969,Sigmodon zanjonensis,Cricetidae,50,0,0,0,0,0,0,0,0,50,G,1,1,1,130.37
1970,Sigmodon ochrognathus,Cricetidae,50,0,0,0,0,0,0,0,0,50,G,1,1,1,122
1971,Sigmodon inopinatus,Cricetidae,50,0,0,0,0,0,0,0,0,50,G,1,1,1,140.5
1972,Sigmodon alstoni,Cricetidae,50,0,0,0,0,0,0,0,0,50,G,1,1,1,55.7
1973,Sigmodontomys alfari,Cricetidae,20,0,0,0,0,0,10,0,40,30,G,1,0,0,50
1974,Sigmodontomys aphrastus,Cricetidae,20,0,0,0,0,0,10,0,40,30,G,1,0,0,71
1975,Tapecomys primus,Cricetidae,20,0,0,0,0,0,10,0,40,30,G,1,0,0,62.33
1976,Thalpomys lasiotis,Cricetidae,20,0,0,0,0,0,10,0,40,30,G,1,0,0,24
1977,Thalpomys cerradensis,Cricetidae,20,0,0,0,0,0,10,0,40,30,G,1,0,0,24
1978,Thaptomys nigrita,Cricetidae,20,0,0,0,0,0,10,0,40,30,G,1,1,1,19.9
1979,Thomasomys ucucha,Cricetidae,20,0,0,0,0,0,30,0,30,20,S,1,0,0,76.23
1980,Thomasomys ischyrus,Cricetidae,20,0,0,0,0,0,30,0,30,20,S,1,0,0,77
1981,Thomasomys vulcani,Cricetidae,20,0,0,0,0,0,30,0,30,20,S,1,0,0,76.23
1982,Thomasomys vestitus,Cricetidae,20,0,0,0,0,0,30,0,30,20,S,1,0,0,76.5
1983,Thomasomys hudsoni,Cricetidae,20,0,0,0,0,0,30,0,30,20,S,1,0,0,76.23
1984,Thomasomys pyrrhonotus,Cricetidae,20,0,0,0,0,0,30,0,30,20,S,1,0,0,77
1985,Thomasomys praetor,Cricetidae,20,0,0,0,0,0,30,0,30,20,S,1,0,0,76.23
1986,Thomasomys popayanus,Cricetidae,20,0,0,0,0,0,30,0,30,20,S,1,0,0,76.23
1987,Thomasomys paramorum,Cricetidae,20,0,0,0,0,0,30,0,30,20,S,1,0,0,77
1988,Thomasomys oreas,Cricetidae,20,0,0,0,0,0,30,0,30,20,S,1,0,0,77
1989,Thomasomys onkiro,Cricetidae,20,0,0,0,0,0,30,0,30,20,S,1,0,0,76.23
1990,Thomasomys notatus,Cricetidae,20,0,0,0,0,0,30,0,30,20,S,1,0,0,77
1991,Thomasomys niveipes,Cricetidae,20,0,0,0,0,0,30,0,30,20,S,1,0,0,77
1992,Thomasomys monochromos,Cricetidae,20,0,0,0,0,0,30,0,30,20,S,1,0,0,77
1993,Thomasomys macrotis,Cricetidae,20,0,0,0,0,0,30,0,30,20,S,1,0,0,76.23
1994,Thomasomys laniger,Cricetidae,20,0,0,0,0,0,30,0,30,20,S,1,0,0,35.5
1995,Thomasomys taczanowskii,Cricetidae,20,0,0,0,0,0,30,0,30,20,S,1,0,0,77
1996,Thomasomys rhoadsi,Cricetidae,20,0,0,0,0,0,30,0,30,20,S,1,0,0,77
1997,Thomasomys ladewi,Cricetidae,20,0,0,0,0,0,30,0,30,20,S,1,0,0,77
1998,Thomasomys kalinowskii,Cricetidae,20,0,0,0,0,0,30,0,30,20,S,1,0,0,77
1999,Thomasomys gracilis,Cricetidae,20,0,0,0,0,0,30,0,30,20,S,1,0,0,77
2000,Thomasomys erro,Cricetidae,20,0,0,0,0,0,30,0,30,20,S,1,0,0,76.23
2001,Thomasomys eleusis,Cricetidae,20,0,0,0,0,0,30,0,30,20,S,1,0,0,77
2002,Thomasomys daphne,Cricetidae,20,0,0,0,0,0,30,0,30,20,S,1,0,0,77
2003,Thomasomys cinnameus,Cricetidae,20,0,0,0,0,0,30,0,30,20,S,1,0,0,76.23
2004,Thomasomys cinereus,Cricetidae,20,0,0,0,0,0,30,0,30,20,S,1,0,0,77
2005,Thomasomys cinereiventer,Cricetidae,20,0,0,0,0,0,30,0,30,20,S,1,0,0,77
2006,Thomasomys caudivarius,Cricetidae,20,0,0,0,0,0,30,0,30,20,S,1,0,0,76.23
2007,Thomasomys bombycinus,Cricetidae,20,0,0,0,0,0,30,0,30,20,S,1,0,0,114.5
2008,Thomasomys baeops,Cricetidae,20,0,0,0,0,0,30,0,30,20,S,1,0,0,77
2009,Thomasomys aureus,Cricetidae,20,0,0,0,0,0,30,0,30,20,S,1,0,0,88
2010,Thomasomys apeco,Cricetidae,20,0,0,0,0,0,30,0,30,20,S,1,0,0,76.23
2011,Thomasomys incanus,Cricetidae,20,0,0,0,0,0,30,0,30,20,S,1,0,0,77
2012,Thomasomys hylophilus,Cricetidae,20,0,0,0,0,0,30,0,30,20,S,1,0,0,77
2013,Thomasomys rosalinda,Cricetidae,20,0,0,0,0,0,30,0,30,20,S,1,0,0,77
2014,Thomasomys silvestris,Cricetidae,20,0,0,0,0,0,30,0,30,20,S,1,0,0,77
2015,Wiedomys pyrrhorhinos,Cricetidae,50,0,0,0,0,0,0,0,50,0,Ar,1,0,0,46.7
2016,Wilfredomys oenax,Cricetidae,0,0,0,0,0,0,40,0,0,60,G,1,0,0,46.8
2017,Zygodontomys brunneus,Cricetidae,0,0,0,0,0,0,0,0,50,50,G,1,0,0,75.6
2018,Zygodontomys brevicauda,Cricetidae,0,0,0,0,0,0,0,0,50,50,G,1,0,0,52.23
2019,Allocricetulus curtatus,Cricetidae,20,0,0,0,0,0,10,0,40,30,G,1,0,0,47.83
2020,Allocricetulus eversmanni,Cricetidae,20,0,0,0,0,0,10,0,40,30,G,1,0,0,115.56
2021,Cansumys canus,Cricetidae,20,0,0,0,0,0,10,0,40,30,G,1,0,0,76.02
2022,Cricetulus alticola,Cricetidae,0,0,0,0,0,0,0,0,50,50,G,1,1,1,37.67
2023,Cricetulus barabensis,Cricetidae,0,0,0,0,0,0,0,0,50,50,G,1,1,1,22.85
2024,Cricetulus kamensis,Cricetidae,0,0,0,0,0,0,0,0,50,50,G,1,1,1,37.65
2025,Cricetulus longicaudatus,Cricetidae,0,0,0,0,0,0,0,0,50,50,G,1,1,1,22.1
2026,Cricetulus migratorius,Cricetidae,0,0,0,0,0,0,0,0,50,50,G,1,1,1,38.5
2027,Cricetulus sokolovi,Cricetidae,0,0,0,0,0,0,0,0,50,50,G,1,1,1,37.67
2028,Cricetus cricetus,Cricetidae,10,0,10,0,0,0,0,0,0,80,G,0,1,0,510
2029,Mesocricetus auratus,Cricetidae,0,10,0,0,0,0,30,0,30,30,G,1,0,0,105
2030,Mesocricetus raddei,Cricetidae,0,10,0,0,0,0,30,0,30,30,G,1,0,0,111.73
2031,Mesocricetus newtoni,Cricetidae,0,10,0,0,0,0,30,0,30,30,G,1,0,0,97.5
2032,Mesocricetus brandti,Cricetidae,0,10,0,0,0,0,30,0,30,30,G,1,0,0,198
2033,Phodopus campbelli,Cricetidae,0,0,0,0,0,0,0,0,70,30,G,1,1,0,23.4
2034,Phodopus roborovskii,Cricetidae,0,0,0,0,0,0,0,0,70,30,G,1,1,0,18.75
2035,Phodopus sungorus,Cricetidae,0,0,0,0,0,0,0,0,70,30,G,1,1,0,33.75
2036,Tscherskia triton,Cricetidae,0,0,0,0,0,0,0,0,100,0,G,1,0,0,380.19
2037,Nyctomys sumichrasti,Cricetidae,0,0,0,0,0,0,40,0,40,20,G,1,0,0,49.44
2038,Otonyctomys hatti,Cricetidae,20,0,0,0,0,0,10,0,40,30,G,1,0,0,36.2
2039,Ototylomys phyllotis,Cricetidae,0,0,0,0,0,0,50,0,0,50,G,1,0,0,120
2040,Tylomys bullaris,Cricetidae,0,0,0,0,0,0,10,0,80,10,G,1,1,1,280
2041,Tylomys fulviventer,Cricetidae,0,0,0,0,0,0,10,0,80,10,G,1,1,1,170.53
2042,Tylomys mirae,Cricetidae,0,0,0,0,0,0,10,0,80,10,G,1,0,0,183.6
2043,Tylomys nudicaudus,Cricetidae,0,0,0,0,0,0,10,0,80,10,G,0,0,1,100
2044,Tylomys panamensis,Cricetidae,0,0,0,0,0,0,10,0,80,10,G,1,1,1,200
2045,Tylomys tumbalensis,Cricetidae,0,0,0,0,0,0,10,0,80,10,G,1,1,1,280
2046,Tylomys watsoni,Cricetidae,0,0,0,0,0,0,10,0,80,10,G,1,1,1,240
2047,Acomys minous,Muridae,0,0,0,0,30,0,0,0,0,70,G,1,1,0,62.5
2048,Acomys airensis,Muridae,10,0,0,0,30,0,0,0,10,50,G,1,1,0,28.81
2049,Acomys nesiotes,Muridae,0,0,0,0,30,0,0,0,0,70,G,1,1,0,28.67
2050,Acomys percivali,Muridae,0,0,0,0,30,0,0,0,0,70,G,1,1,0,22
2051,Acomys spinosissimus,Muridae,0,0,0,0,30,0,0,0,0,70,G,1,1,0,26.5
2052,Acomys wilsoni,Muridae,0,0,0,0,30,0,0,0,0,70,G,1,1,0,18.5
2053,Acomys russatus,Muridae,20,0,0,0,40,0,0,0,10,30,G,1,1,0,49.75
2054,Acomys seurati,Muridae,10,0,0,0,30,0,0,0,10,50,G,1,1,0,28.81
2055,Acomys kempi,Muridae,0,0,0,0,30,0,0,0,0,70,G,1,1,0,22
2056,Acomys mullah,Muridae,0,0,0,0,30,0,0,0,0,70,G,1,1,0,28.74
2057,Acomys johannis,Muridae,10,0,0,0,30,0,0,0,10,50,G,1,1,0,28.81
2058,Acomys ignitus,Muridae,0,0,0,0,30,0,0,0,0,70,G,1,1,0,24
2059,Acomys dimidiatus,Muridae,10,0,0,0,30,0,0,0,10,50,G,1,1,0,28.81
2060,Acomys cineraceus,Muridae,10,0,0,0,30,0,0,0,10,50,G,1,1,0,30.59
2061,Acomys cilicicus,Muridae,0,0,0,0,30,0,0,0,0,70,G,1,1,0,28.61
2062,Acomys chudeaui,Muridae,10,0,0,0,30,0,0,0,10,50,G,1,1,0,28.81
2063,Acomys cahirinus,Muridae,0,0,0,0,30,0,0,0,0,70,G,1,1,0,52.45
2064,Acomys louisae,Muridae,0,0,0,0,30,0,0,0,0,70,G,1,1,0,20.2
2065,Acomys subspinosus,Muridae,0,0,0,0,30,0,0,0,0,70,G,1,1,0,21
2066,Deomys ferrugineus,Muridae,90,0,0,0,0,0,0,0,0,10,G,1,1,0,62
2067,Lophuromys zena,Muridae,80,0,10,0,0,0,0,0,0,10,G,0,0,1,36.5
2068,Lophuromys sikapusi,Muridae,80,0,10,0,0,0,0,0,0,10,G,0,0,1,74.07
2069,Lophuromys verhageni,Muridae,80,0,10,0,0,0,0,0,0,10,G,0,0,1,36.5
2070,Lophuromys melanonyx,Muridae,80,0,10,0,0,0,0,0,0,10,G,0,0,1,10.2
2071,Lophuromys huttereri,Muridae,80,0,10,0,0,0,0,0,0,10,G,0,0,1,36.5
2072,Lophuromys aquilus,Muridae,80,0,10,0,0,0,0,0,0,10,G,0,0,1,36.5
2073,Lophuromys angolensis,Muridae,80,0,10,0,0,0,0,0,0,10,G,0,0,1,36.5
2074,Lophuromys ansorgei,Muridae,80,0,10,0,0,0,0,0,0,10,G,0,0,1,36.5
2075,Lophuromys brevicaudus,Muridae,80,0,10,0,0,0,0,0,0,10,G,0,0,1,36.5
2076,Lophuromys brunneus,Muridae,80,0,10,0,0,0,0,0,0,10,G,0,0,1,36.5
2077,Lophuromys chrysopus,Muridae,80,0,10,0,0,0,0,0,0,10,G,0,0,1,36.5
2078,Lophuromys dieterleni,Muridae,80,0,10,0,0,0,0,0,0,10,G,0,0,1,36.5
2079,Lophuromys dudui,Muridae,80,0,10,0,0,0,0,0,0,10,G,0,0,1,36.5
2080,Lophuromys eisentrauti,Muridae,80,0,10,0,0,0,0,0,0,10,G,0,0,1,54.21
2081,Lophuromys flavopunctatus,Muridae,80,0,10,0,0,0,0,0,0,10,G,0,0,1,60
2082,Lophuromys roseveari,Muridae,80,0,10,0,0,0,0,0,0,10,G,0,0,1,36.5
2083,Lophuromys rahmi,Muridae,80,0,10,0,0,0,0,0,0,10,G,0,0,1,38
2084,Lophuromys nudicaudus,Muridae,80,0,10,0,0,0,0,0,0,10,G,0,0,1,32.59
2085,Lophuromys luteogaster,Muridae,80,0,10,0,0,0,0,0,0,10,G,1,0,0,36.52
2086,Lophuromys woosnami,Muridae,80,0,10,0,0,0,0,0,0,10,G,1,0,0,42.15
2087,Lophuromys medicaudatus,Muridae,80,0,10,0,0,0,0,0,0,10,G,1,0,0,36.38
2088,Uranomys ruddi,Muridae,100,0,0,0,0,0,0,0,0,0,G,1,0,0,40.43
2089,Psammomys obesus,Muridae,0,0,0,0,0,0,0,0,0,100,G,0,0,1,149.58
2090,Psammomys vexillaris,Muridae,0,0,0,0,0,0,0,0,0,100,G,0,0,1,114.79
2091,Rhombomys opimus,Muridae,0,0,0,0,0,0,0,0,0,100,G,0,1,1,144
2092,Sekeetamys calurus,Muridae,20,0,0,0,0,0,10,0,20,50,G,1,0,0,55.25
2093,Tatera indica,Muridae,10,10,0,0,10,0,0,0,20,50,G,1,0,0,166.31
2094,Taterillus tranieri,Muridae,50,0,0,0,0,0,0,0,50,0,G,1,0,0,51.4
2095,Taterillus arenarius,Muridae,50,0,0,0,0,0,0,0,50,0,G,1,0,0,47
2096,Taterillus congicus,Muridae,50,0,0,0,0,0,0,0,50,0,G,1,0,0,45.12
2097,Taterillus emini,Muridae,50,0,0,0,0,0,0,0,50,0,G,1,0,0,52
2098,Taterillus pygargus,Muridae,50,0,0,0,0,0,0,0,50,0,G,1,0,0,60.2
2099,Taterillus gracilis,Muridae,50,0,0,0,0,0,0,0,50,0,G,1,0,0,48
2100,Taterillus harringtoni,Muridae,50,0,0,0,0,0,0,0,50,0,G,1,0,0,51.4
2101,Taterillus lacustris,Muridae,50,0,0,0,0,0,0,0,50,0,G,1,0,0,47.24
2102,Taterillus petteri,Muridae,50,0,0,0,0,0,0,0,50,0,G,1,0,0,50.8
2103,Ammodillus imbellis,Muridae,10,0,0,0,0,0,10,0,20,60,G,1,0,0,50
2104,Brachiones przewalskii,Muridae,10,0,0,0,0,0,10,0,20,60,G,1,0,0,61.11
2105,Desmodilliscus braueri,Muridae,0,0,0,0,0,0,0,0,100,0,G,1,0,0,10
2106,Desmodillus auricularis,Muridae,30,0,0,0,0,0,0,0,70,0,G,1,0,0,53.3
2107,Dipodillus simoni,Muridae,20,0,0,0,0,0,0,0,30,50,G,1,1,0,17.4
2108,Dipodillus maghrebi,Muridae,20,0,0,0,0,0,0,0,30,50,G,1,1,0,23.63
2109,Dipodillus zakariai,Muridae,20,0,0,0,0,0,0,0,30,50,G,1,1,0,35.95
2110,Dipodillus jamesi,Muridae,20,0,0,0,0,0,0,0,30,50,G,1,1,0,23.63
2111,Dipodillus lowei,Muridae,20,0,0,0,0,0,0,0,30,50,G,1,1,0,34.71
2112,Dipodillus mackilligini,Muridae,20,0,0,0,0,0,0,0,30,50,G,1,1,0,34.37
2113,Dipodillus rupicola,Muridae,20,0,0,0,0,0,0,0,30,50,G,1,1,0,23.63
2114,Dipodillus stigmonyx,Muridae,20,0,0,0,0,0,0,0,30,50,G,1,1,0,35.91
2115,Dipodillus dasyurus,Muridae,20,0,0,0,0,0,0,0,30,50,G,1,1,0,27.5
2116,Dipodillus campestris,Muridae,20,0,0,0,0,0,0,0,30,50,G,1,1,0,27.58
2117,Dipodillus bottai,Muridae,20,0,0,0,0,0,0,0,30,50,G,1,1,0,35.1
2118,Dipodillus harwoodi,Muridae,20,0,0,0,0,0,0,0,30,50,G,1,1,0,23.63
2119,Dipodillus somalicus,Muridae,20,0,0,0,0,0,0,0,30,50,G,1,1,0,36.01
2120,Gerbilliscus boehmi,Muridae,20,0,0,0,0,0,0,0,20,60,G,1,0,0,49.36
2121,Gerbilliscus phillipsi,Muridae,20,0,0,0,0,0,0,0,20,60,G,1,0,0,127.07
2122,Gerbilliscus afra,Muridae,20,0,0,0,0,0,0,0,20,60,G,1,0,0,92.13
2123,Gerbilliscus validus,Muridae,20,0,0,0,0,0,0,0,20,60,G,1,0,0,121
2124,Gerbilliscus robustus,Muridae,20,0,0,0,0,0,0,0,20,60,G,1,0,0,95.99
2125,Gerbilliscus nigricaudus,Muridae,20,0,0,0,0,0,0,0,20,60,G,1,0,0,123
2126,Gerbilliscus leucogaster,Muridae,20,0,0,0,0,0,0,0,20,60,G,1,0,0,73.75
2127,Gerbilliscus kempi,Muridae,20,0,0,0,0,0,0,0,20,60,G,1,0,0,100.83
2128,Gerbilliscus inclusus,Muridae,20,0,0,0,0,0,0,0,20,60,G,1,0,0,118.5
2129,Gerbilliscus guineae,Muridae,20,0,0,0,0,0,0,0,20,60,G,1,0,0,102.5
2130,Gerbilliscus brantsii,Muridae,20,0,0,0,0,0,0,0,20,60,G,1,0,0,89.41
2131,Gerbillurus vallinus,Muridae,0,0,0,0,0,0,0,0,100,0,G,1,0,0,35.25
2132,Gerbillurus setzeri,Muridae,0,0,0,0,0,0,0,0,100,0,G,1,0,0,38.3
2133,Gerbillurus tytonis,Muridae,0,0,0,0,0,0,0,0,100,0,G,1,0,0,31
2134,Gerbillurus paeba,Muridae,0,0,0,0,0,0,0,0,100,0,G,1,0,0,23.3
2135,Gerbillus mauritaniae,Muridae,20,0,0,0,0,0,0,0,30,50,G,1,1,0,23.26
2136,Gerbillus burtoni,Muridae,20,0,0,0,0,0,0,0,30,50,G,1,1,0,23.26
2137,Gerbillus cheesmani,Muridae,20,0,0,0,0,0,0,0,30,50,G,1,1,0,28
2138,Gerbillus nancillus,Muridae,20,0,0,0,0,0,0,0,30,50,G,1,1,0,35.94
2139,Gerbillus hoogstraali,Muridae,20,0,0,0,0,0,0,0,30,50,G,1,1,0,35.83
2140,Gerbillus gleadowi,Muridae,20,0,0,0,0,0,0,0,30,50,G,1,1,0,24
2141,Gerbillus floweri,Muridae,20,0,0,0,0,0,0,0,30,50,G,1,1,0,34.47
2142,Gerbillus gerbillus,Muridae,20,0,0,0,0,0,0,0,30,50,G,1,1,0,25.04
2143,Gerbillus dongolanus,Muridae,20,0,0,0,0,0,0,0,30,50,G,1,1,0,23.26
2144,Gerbillus latastei,Muridae,20,0,0,0,0,0,0,0,30,50,G,1,1,0,39.55
2145,Gerbillus aquilus,Muridae,20,0,0,0,0,0,0,0,30,50,G,1,1,0,36.02
2146,Gerbillus andersoni,Muridae,20,0,0,0,0,0,0,0,30,50,G,1,1,0,26.87
2147,Gerbillus agag,Muridae,20,0,0,0,0,0,0,0,30,50,G,1,1,0,23.26
2148,Gerbillus acticola,Muridae,20,0,0,0,0,0,0,0,30,50,G,1,1,0,33.9
2149,Gerbillus dunni,Muridae,20,0,0,0,0,0,0,0,30,50,G,1,1,0,34.33
2150,Gerbillus pulvinatus,Muridae,20,0,0,0,0,0,0,0,30,50,G,1,1,0,35.92
2151,Gerbillus occiduus,Muridae,20,0,0,0,0,0,0,0,30,50,G,1,1,0,36.05
2152,Gerbillus tarabuli,Muridae,20,0,0,0,0,0,0,0,30,50,G,1,1,0,34.81
2153,Gerbillus nigeriae,Muridae,20,0,0,0,0,0,0,0,30,50,G,1,1,0,29.7
2154,Gerbillus rosalinda,Muridae,20,0,0,0,0,0,0,0,30,50,G,1,1,0,33.89
2155,Gerbillus pyramidum,Muridae,20,0,0,0,0,0,0,0,30,50,G,1,1,0,46.29
2156,Gerbillus hesperinus,Muridae,20,0,0,0,0,0,0,0,30,50,G,1,1,0,36.04
2157,Gerbillus perpallidus,Muridae,20,0,0,0,0,0,0,0,30,50,G,1,1,0,36.3
2158,Gerbillus watersi,Muridae,20,0,0,0,0,0,0,0,30,50,G,1,1,0,10.4
2159,Gerbillus garamantis,Muridae,20,0,0,0,0,0,0,0,30,50,G,1,1,0,23.26
2160,Gerbillus amoenus,Muridae,20,0,0,0,0,0,0,0,30,50,G,1,1,0,13.2
2161,Gerbillus henleyi,Muridae,20,0,0,0,0,0,0,0,30,50,G,1,1,0,8
2162,Gerbillus vivax,Muridae,20,0,0,0,0,0,0,0,30,50,G,1,1,0,23.26
2163,Gerbillus poecilops,Muridae,20,0,0,0,0,0,0,0,30,50,G,1,1,0,31.5
2164,Gerbillus mesopotamiae,Muridae,20,0,0,0,0,0,0,0,30,50,G,1,1,0,20
2165,Gerbillus brockmani,Muridae,20,0,0,0,0,0,0,0,30,50,G,1,1,0,33.43
2166,Gerbillus pusillus,Muridae,20,0,0,0,0,0,0,0,30,50,G,1,1,0,12.6
2167,Gerbillus famulus,Muridae,20,0,0,0,0,0,0,0,30,50,G,1,1,0,37
2168,Gerbillus grobbeni,Muridae,20,0,0,0,0,0,0,0,30,50,G,1,1,0,35.3
2169,Gerbillus syrticus,Muridae,20,0,0,0,0,0,0,0,30,50,G,1,1,0,23.26
2170,Gerbillus principulus,Muridae,20,0,0,0,0,0,0,0,30,50,G,1,1,0,36.05
2171,Gerbillus muriculus,Muridae,20,0,0,0,0,0,0,0,30,50,G,1,1,0,33.42
2172,Gerbillus nanus,Muridae,20,0,0,0,0,0,0,0,30,50,G,1,1,0,25.5
2173,Meriones tamariscinus,Muridae,20,0,0,0,0,0,10,0,20,50,G,1,0,0,120
2174,Meriones libycus,Muridae,20,0,0,0,0,0,10,0,20,50,G,0,0,1,91.33
2175,Meriones meridianus,Muridae,20,0,0,0,0,0,10,0,20,50,G,1,1,1,62.1
2176,Meriones arimalius,Muridae,20,0,0,0,0,0,10,0,20,50,G,1,1,1,89.57
2177,Meriones shawi,Muridae,20,0,0,0,0,0,10,0,20,50,G,1,1,1,90.6
2178,Meriones crassus,Muridae,20,0,0,0,0,0,10,0,20,50,G,1,0,0,79.97
2179,Meriones tristrami,Muridae,20,0,0,0,0,0,10,0,20,50,G,1,1,1,105
2180,Meriones grandis,Muridae,20,0,0,0,0,0,10,0,20,50,G,1,1,1,96.13
2181,Meriones unguiculatus,Muridae,20,0,0,0,0,0,10,0,20,50,G,1,1,1,53.3
2182,Meriones zarudnyi,Muridae,20,0,0,0,0,0,10,0,20,50,G,1,1,1,82.44
2183,Meriones dahli,Muridae,20,0,0,0,0,0,10,0,20,50,G,1,1,1,90.15
2184,Meriones vinogradovi,Muridae,20,0,0,0,0,0,10,0,20,50,G,1,1,1,150
2185,Meriones chengi,Muridae,20,0,0,0,0,0,10,0,20,50,G,1,1,1,88.96
2186,Meriones sacramenti,Muridae,20,0,0,0,0,0,10,0,20,50,G,1,1,1,200
2187,Meriones hurrianae,Muridae,20,0,0,0,0,0,10,0,20,50,G,0,0,1,70
2188,Meriones rex,Muridae,20,0,0,0,0,0,10,0,20,50,G,1,0,0,125.25
2189,Meriones persicus,Muridae,20,0,0,0,0,0,10,0,20,50,G,1,0,0,100
2190,Microdillus peeli,Muridae,10,0,0,0,0,0,10,0,20,60,G,1,0,0,35.26
2191,Pachyuromys duprasi,Muridae,100,0,0,0,0,0,0,0,0,0,G,1,0,0,47.5
2192,Myomyscus angolensis,Muridae,40,0,0,0,0,0,0,0,30,30,G,1,0,0,52.89
2193,Myomyscus yemeni,Muridae,80,0,0,0,0,0,0,0,0,20,G,1,1,1,52.7
2194,Myomyscus verreauxii,Muridae,80,0,0,0,0,0,0,0,0,20,G,1,0,0,41
2195,Myomyscus brockmani,Muridae,60,0,0,0,0,0,0,0,20,20,G,1,0,0,41
2196,Nesokia bunnii,Muridae,0,0,0,0,0,0,20,0,30,50,G,1,0,0,154.48
2197,Nesokia indica,Muridae,0,0,0,0,0,0,20,0,30,50,G,1,0,0,178.08
2198,Nesoromys ceramicus,Muridae,40,0,0,0,0,0,0,0,30,30,S,1,0,0,67.38
2199,Praomys misonnei,Muridae,20,0,0,0,0,0,30,0,30,20,S,1,0,0,41.91
2200,Praomys degraaffi,Muridae,40,0,0,0,0,0,30,0,20,10,S,1,0,0,36.25
2201,Praomys minor,Muridae,20,0,0,0,0,0,30,0,30,20,S,1,0,0,41.84
2202,Praomys verschureni,Muridae,50,0,0,0,0,0,20,0,20,10,S,1,0,0,36.25
2203,Praomys obscurus,Muridae,40,0,0,0,0,0,30,0,20,10,S,1,0,0,36.25
2204,Praomys lukolelae,Muridae,50,0,0,0,0,0,20,0,20,10,S,1,0,0,42.2
2205,Praomys morio,Muridae,20,0,0,0,0,0,30,0,30,20,S,1,0,0,30
2206,Praomys daltoni,Muridae,80,0,0,0,0,0,0,0,0,20,S,1,0,0,34.99
2207,Praomys jacksoni,Muridae,20,0,0,0,0,0,30,0,30,20,S,1,0,0,42
2208,Praomys petteri,Muridae,40,0,0,0,0,0,30,0,20,10,S,1,0,0,36.25
2209,Praomys hartwigi,Muridae,20,0,0,0,0,0,30,0,30,20,S,1,0,0,38.86
2210,Praomys derooi,Muridae,80,0,0,0,0,0,0,0,0,20,S,1,0,0,32
2211,Praomys delectorum,Muridae,20,0,0,0,0,0,30,0,30,20,S,1,0,0,36
2212,Praomys rostratus,Muridae,20,0,0,0,0,0,30,0,30,20,S,1,0,0,41.83
2213,Praomys tullbergi,Muridae,20,0,0,0,0,0,30,0,30,20,S,1,0,0,35.83
2214,Praomys mutoni,Muridae,20,0,0,0,0,0,30,0,30,20,S,1,0,0,41.71
2215,Protochromys fellowsi,Muridae,0,0,0,0,0,0,60,0,0,40,G,1,0,0,78.99
2216,Abditomys latidens,Muridae,0,0,0,0,0,0,0,0,0,100,Ar,1,0,0,269
2217,Abeomelomys sevia,Muridae,10,0,0,0,0,0,10,0,20,60,G,1,0,0,54.88
2218,Aethomys silindensis,Muridae,0,0,0,0,0,0,20,0,20,60,G,1,0,0,82.76
2219,Aethomys stannarius,Muridae,0,0,0,0,0,0,20,0,20,60,G,1,0,0,82.9
2220,Aethomys nyikae,Muridae,0,0,0,0,0,0,20,0,20,60,G,1,0,0,77.01
2221,Aethomys kaiseri,Muridae,0,0,0,0,0,0,20,0,20,60,G,1,0,0,90
2222,Aethomys ineptus,Muridae,0,0,0,0,0,0,20,0,20,60,G,1,0,0,133.16
2223,Aethomys hindei,Muridae,0,0,0,0,0,0,20,0,20,60,G,1,0,0,103.5
2224,Aethomys chrysophilus,Muridae,0,0,0,0,0,0,20,0,20,60,G,1,0,0,74.85
2225,Aethomys bocagei,Muridae,0,0,0,0,0,0,20,0,20,60,G,1,0,0,79.89
2226,Aethomys thomasi,Muridae,0,0,0,0,0,0,20,0,20,60,G,1,0,0,84.69
2227,Anisomys imitator,Muridae,0,0,0,0,0,0,0,60,0,40,S,1,0,0,510.5
2228,Anonymomys mindorensis,Muridae,10,0,0,0,0,0,10,0,20,60,Ar,1,0,0,76.5
2229,Apodemus epimelas,Muridae,20,0,0,0,0,0,20,0,20,40,G,1,1,0,28.07
2230,Apodemus mystacinus,Muridae,20,0,0,0,0,0,20,0,20,40,G,1,1,0,45.6
2231,Apodemus agrarius,Muridae,20,0,0,0,0,0,20,0,20,40,G,0,0,1,23.3
2232,Apodemus alpicola,Muridae,20,0,0,0,0,0,20,0,20,40,G,1,1,0,28.06
2233,Apodemus argenteus,Muridae,20,0,0,0,0,0,20,0,20,40,G,1,1,0,21
2234,Apodemus chevrieri,Muridae,20,0,0,0,0,0,20,0,20,40,G,0,0,1,32.9
2235,Apodemus draco,Muridae,20,0,0,0,0,0,20,0,20,40,G,1,1,0,22.25
2236,Apodemus flavicollis,Muridae,20,0,0,0,0,0,20,0,20,40,G,1,1,0,26.7
2237,Apodemus gurkha,Muridae,20,0,0,0,0,0,20,0,20,40,G,1,1,0,39.9
2238,Apodemus latronum,Muridae,20,0,0,0,0,0,20,0,20,40,G,1,1,0,35.2
2239,Apodemus witherbyi,Muridae,20,0,0,0,0,0,20,0,20,40,G,1,1,0,20.66
2240,Apodemus pallipes,Muridae,20,0,0,0,0,0,20,0,20,40,G,1,1,0,25.68
2241,Apodemus peninsulae,Muridae,20,0,0,0,0,0,20,0,20,40,G,1,1,0,32.9
2242,Apodemus ponticus,Muridae,20,0,0,0,0,0,20,0,20,40,G,1,1,0,25.76
2243,Apodemus rusiges,Muridae,20,0,0,0,0,0,20,0,20,40,G,1,1,0,25.67
2244,Apodemus semotus,Muridae,20,0,0,0,0,0,20,0,20,40,G,1,1,0,25.77
2245,Apodemus speciosus,Muridae,20,0,0,0,0,0,20,0,20,40,G,1,1,0,33.8
2246,Apodemus sylvaticus,Muridae,20,0,0,0,0,0,20,0,20,40,G,1,1,0,30.45
2247,Apodemus uralensis,Muridae,20,0,0,0,0,0,20,0,20,40,G,1,1,0,17.1
2248,Apodemus hyrcanicus,Muridae,20,0,0,0,0,0,20,0,20,40,G,1,1,0,25.76
2249,Apomys datae,Muridae,40,0,0,0,0,0,0,0,0,60,G,1,0,0,106
2250,Apomys abrae,Muridae,40,0,0,0,0,0,0,0,0,60,G,1,0,0,56.6
2251,Apomys gracilirostris,Muridae,40,0,0,0,0,0,0,0,0,60,G,1,0,0,43.08
2252,Apomys insignis,Muridae,40,0,0,0,0,0,0,0,0,60,G,1,0,0,29.9
2253,Apomys littoralis,Muridae,40,0,0,0,0,0,0,0,0,60,G,1,0,0,30.95
2254,Apomys microdon,Muridae,40,0,0,0,0,0,0,0,0,60,G,1,0,0,35.1
2255,Apomys musculus,Muridae,40,0,0,0,0,0,0,0,0,60,G,1,0,0,21.2
2256,Apomys sacobianus,Muridae,40,0,0,0,0,0,0,0,0,60,G,1,0,0,82.4
2257,Apomys hylocetes,Muridae,40,0,0,0,0,0,0,0,0,60,G,1,0,0,34.88
2258,Archboldomys luzonensis,Muridae,100,0,0,0,0,0,0,0,0,0,G,0,0,1,35.4
2259,Archboldomys musseri,Muridae,100,0,0,0,0,0,0,0,0,0,G,0,0,1,35.4
2260,Arvicanthis niloticus,Muridae,0,0,0,0,0,0,0,0,30,70,G,1,1,1,106.9
2261,Arvicanthis abyssinicus,Muridae,0,0,0,0,0,0,0,0,30,70,G,1,1,1,77.1
2262,Arvicanthis ansorgei,Muridae,0,0,0,0,0,0,0,0,30,70,G,1,1,1,102.35
2263,Arvicanthis blicki,Muridae,0,0,0,0,0,0,0,0,30,70,G,1,1,1,128
2264,Arvicanthis neumanni,Muridae,0,0,0,0,0,0,0,0,30,70,G,1,1,1,98.36
2265,Arvicanthis rufinus,Muridae,0,0,0,0,0,0,0,0,30,70,G,1,1,1,102.35
2266,Arvicanthis nairobae,Muridae,0,0,0,0,0,0,0,0,30,70,G,1,1,1,104
2267,Bandicota bengalensis,Muridae,20,0,0,0,0,0,0,0,0,80,G,1,0,0,188.5
2268,Bandicota indica,Muridae,20,0,0,0,0,0,0,0,0,80,G,1,0,0,719.96
2269,Bandicota savilei,Muridae,20,0,0,0,0,0,0,0,0,80,G,1,0,0,199
2270,Batomys russatus,Muridae,0,0,0,0,0,0,30,0,30,40,G,1,0,0,186.79
2271,Batomys salomonseni,Muridae,0,0,0,0,0,0,30,0,30,40,G,1,0,0,187
2272,Batomys granti,Muridae,0,0,0,0,0,0,30,0,30,40,G,1,0,0,177.8
2273,Batomys dentatus,Muridae,0,0,0,0,0,0,30,0,30,40,G,1,0,0,196
2274,Berylmys bowersi,Muridae,30,0,0,0,0,0,20,0,10,40,G,1,0,0,300
2275,Berylmys mackenziei,Muridae,30,0,0,0,0,0,20,0,10,40,G,1,0,0,256
2276,Berylmys manipulus,Muridae,30,0,0,0,0,0,20,0,10,40,G,1,0,0,116
2277,Berylmys berdmorei,Muridae,30,0,0,0,0,0,20,0,10,40,G,1,0,0,235
2278,Bullimus luzonicus,Muridae,10,0,0,0,0,0,10,0,20,60,G,1,0,0,445
2279,Bullimus bagobus,Muridae,10,0,0,0,0,0,10,0,20,60,G,1,0,0,432.5
2280,Bullimus gamay,Muridae,10,0,0,0,0,0,10,0,20,60,G,1,0,0,367.8
2281,Bunomys penitus,Muridae,60,0,0,0,0,0,40,0,0,0,G,1,0,0,170
2282,Bunomys andrewsi,Muridae,60,0,0,0,0,0,40,0,0,0,G,1,0,0,125
2283,Bunomys chrysocomus,Muridae,60,0,0,0,0,0,40,0,0,0,G,1,0,0,116
2284,Bunomys coelestis,Muridae,60,0,0,0,0,0,40,0,0,0,G,1,0,0,120
2285,Bunomys fratrorum,Muridae,60,0,0,0,0,0,40,0,0,0,G,1,0,0,135
2286,Bunomys prolatus,Muridae,60,0,0,0,0,0,40,0,0,0,G,1,0,0,131
2287,Carpomys phaeurus,Muridae,10,0,0,0,0,0,10,0,20,60,Ar,1,0,0,215.15
2288,Carpomys melanurus,Muridae,10,0,0,0,0,0,10,0,20,60,Ar,1,0,0,219.06
2289,Chiromyscus chiropus,Muridae,10,0,0,0,0,0,10,0,20,60,Ar,1,0,0,77.8
2290,Chiropodomys calamianensis,Muridae,0,0,0,0,0,0,0,0,0,100,Ar,1,0,0,40.5
2291,Chiropodomys pusillus,Muridae,0,0,0,0,0,0,0,0,0,100,Ar,1,0,0,28.9
2292,Chiropodomys muroides,Muridae,0,0,0,0,0,0,0,0,0,100,Ar,1,0,0,16.4
2293,Chiropodomys major,Muridae,0,0,0,0,0,0,0,0,0,100,Ar,1,0,0,42
2294,Chiropodomys gliroides,Muridae,0,0,0,0,0,0,0,0,0,100,Ar,1,0,0,21.5
2295,Chiropodomys karlkoopmani,Muridae,0,0,0,0,0,0,0,0,0,100,Ar,1,0,0,29.1
2296,Chiruromys forbesi,Muridae,0,0,0,0,0,0,0,0,0,100,Ar,1,0,0,105.15
2297,Chiruromys lamia,Muridae,0,0,0,0,0,0,0,0,0,100,Ar,1,0,0,47.2
2298,Chiruromys vates,Muridae,0,0,0,0,0,0,0,0,0,100,Ar,1,0,0,45.55
2299,Chrotomys silaceus,Muridae,30,0,0,0,0,0,0,0,0,70,G,1,0,0,85.13
2300,Chrotomys whiteheadi,Muridae,30,0,0,0,0,0,0,0,0,70,G,1,0,0,140.67
2301,Chrotomys gonzalesi,Muridae,30,0,0,0,0,0,0,0,0,70,G,1,0,0,140.2
2302,Chrotomys mindorensis,Muridae,30,0,0,0,0,0,0,0,0,70,G,1,0,0,151.98
2303,Coccymys albidens,Muridae,0,0,0,0,0,0,0,0,0,100,S,1,0,0,40.4
2304,Coccymys ruemmleri,Muridae,0,0,0,0,0,0,0,0,0,100,S,1,0,0,29.7
2305,Colomys goslingi,Muridae,80,0,0,0,10,0,0,0,0,10,G,1,0,0,62.5
2306,Conilurus albipes,Muridae,10,0,0,0,0,0,10,0,20,60,Ar,1,0,0,200
2307,Conilurus penicillatus,Muridae,10,0,0,0,0,0,10,0,20,60,Ar,1,0,0,153.5
2308,Coryphomys buehleri,Muridae,10,0,0,0,0,0,10,0,20,60,G,1,0,0,71.33
2309,Crateromys schadenbergi,Muridae,0,0,0,0,0,0,60,0,0,40,Ar,1,1,0,1050
2310,Crateromys paulus,Muridae,0,0,0,0,0,0,60,0,0,40,Ar,1,1,0,401
2311,Crateromys australis,Muridae,0,0,0,0,0,0,60,0,0,40,Ar,1,1,0,445
2312,Crateromys heaneyi,Muridae,0,0,0,0,0,0,50,0,0,50,Ar,1,1,0,572.22
2313,Cremnomys cutchicus,Muridae,10,0,0,0,0,0,10,0,20,60,G,1,0,0,59.8
2314,Cremnomys elvira,Muridae,10,0,0,0,0,0,10,0,20,60,G,1,0,0,77.1
2315,Crossomys moncktoni,Muridae,60,0,40,0,0,0,0,0,0,0,G,0,0,1,165
2316,Crunomys fallax,Muridae,10,0,0,0,0,0,10,0,20,60,G,0,0,1,37.5
2317,Crunomys melanius,Muridae,10,0,0,0,0,0,10,0,20,60,G,0,0,1,42.5
2318,Crunomys suncoides,Muridae,10,0,0,0,0,0,10,0,20,60,G,0,0,1,44.42
2319,Crunomys celebensis,Muridae,10,0,0,0,0,0,10,0,20,60,G,0,0,1,55
2320,Dacnomys millardi,Muridae,10,0,0,0,0,0,10,0,20,60,G,1,0,0,73.99
2321,Dasymys rwandae,Muridae,0,0,0,0,0,0,0,0,0,100,G,1,0,0,102.35
2322,Dasymys sua,Muridae,0,0,0,0,0,0,0,0,0,100,G,1,0,0,102.35
2323,Dasymys rufulus,Muridae,0,0,0,0,0,0,0,0,0,100,G,1,0,0,82.99
2324,Dasymys nudipes,Muridae,0,0,0,0,0,0,0,0,0,100,G,1,0,0,100.18
2325,Dasymys incomtus,Muridae,0,0,0,0,0,0,0,0,0,100,G,1,0,0,138.3
2326,Dasymys foxi,Muridae,0,0,0,0,0,0,0,0,0,100,G,1,0,0,116.59
2327,Dasymys alleni,Muridae,0,0,0,0,0,0,0,0,0,100,G,1,0,0,102.35
2328,Dasymys cabrali,Muridae,0,0,0,0,0,0,0,0,0,100,G,1,0,0,102.35
2329,Dasymys montanus,Muridae,0,0,0,0,0,0,0,0,0,100,G,1,0,0,82
2330,Dephomys eburneae,Muridae,10,0,0,0,0,0,90,0,0,0,Ar,1,0,0,52.5
2331,Dephomys defua,Muridae,10,0,0,0,0,0,90,0,0,0,Ar,1,0,0,43.05
2332,Desmomys yaldeni,Muridae,10,0,0,0,0,0,10,0,20,60,S,1,0,0,90
2333,Desmomys harringtoni,Muridae,10,0,0,0,0,0,10,0,20,60,S,1,0,0,90
2334,Diomys crumpi,Muridae,10,0,0,0,0,0,10,0,20,60,G,1,0,0,73.85
2335,Diplothrix legata,Muridae,10,0,0,0,0,0,10,0,20,60,G,1,0,0,76.52
2336,Echiothrix centrosa,Muridae,90,0,0,0,0,0,0,0,0,10,G,1,0,0,71.33
2337,Echiothrix leucura,Muridae,90,0,0,0,0,0,0,0,0,10,G,1,0,0,63.68
2338,Eropeplus canus,Muridae,10,0,0,0,0,0,10,0,20,60,S,1,0,0,73.96
2339,Golunda ellioti,Muridae,0,0,0,0,0,0,0,0,0,100,G,1,1,0,60.88
2340,Grammomys aridulus,Muridae,10,0,0,0,0,0,20,0,20,50,Ar,1,0,0,46.77
2341,Grammomys kuru,Muridae,10,0,0,0,0,0,20,0,20,50,Ar,1,0,0,46.67
2342,Grammomys buntingi,Muridae,10,0,0,0,0,0,20,0,20,50,Ar,1,0,0,46.76
2343,Grammomys caniceps,Muridae,10,0,0,0,0,0,20,0,20,50,Ar,1,0,0,46.77
2344,Grammomys cometes,Muridae,10,0,0,0,0,0,20,0,20,50,Ar,1,0,0,48.5
2345,Grammomys dolichurus,Muridae,10,0,0,0,0,0,20,0,20,50,Ar,1,0,0,41.18
2346,Grammomys dryas,Muridae,10,0,0,0,0,0,20,0,20,50,Ar,1,0,0,47.48
2347,Grammomys ibeanus,Muridae,10,0,0,0,0,0,20,0,20,50,Ar,1,0,0,41.2
2348,Grammomys macmillani,Muridae,10,0,0,0,0,0,20,0,20,50,Ar,1,0,0,36
2349,Grammomys minnae,Muridae,10,0,0,0,0,0,20,0,20,50,Ar,1,0,0,36
2350,Grammomys poensis,Muridae,10,0,0,0,0,0,20,0,20,50,Ar,1,0,0,50.03
2351,Grammomys gigas,Muridae,10,0,0,0,0,0,20,0,20,50,Ar,1,0,0,47.05
2352,Hadromys humei,Muridae,0,0,0,0,0,0,0,0,0,100,G,1,0,0,59
2353,Hadromys yunnanensis,Muridae,0,0,0,0,0,0,0,0,0,100,G,1,0,0,59
2354,Haeromys minahassae,Muridae,0,0,0,0,0,0,0,0,100,0,Ar,1,0,0,14.7
2355,Haeromys pusillus,Muridae,0,0,0,0,0,0,0,0,100,0,Ar,1,0,0,10.4
2356,Haeromys margarettae,Muridae,0,0,0,0,0,0,0,0,100,0,Ar,1,0,0,12.7
2357,Hapalomys delacouri,Muridae,0,0,0,0,0,0,30,0,0,70,Ar,1,0,0,64.3
2358,Hapalomys longicaudatus,Muridae,0,0,0,0,0,0,30,0,0,70,Ar,1,0,0,70
2359,Heimyscus fumosus,Muridae,10,0,0,0,0,0,10,0,20,60,S,1,0,0,14.25
2360,Hybomys lunaris,Muridae,40,0,0,0,0,0,40,0,0,20,G,0,0,1,54.1
2361,Hybomys badius,Muridae,40,0,0,0,0,0,40,0,0,20,G,0,0,1,51.22
2362,Hybomys basilii,Muridae,40,0,0,0,0,0,40,0,0,20,G,0,0,1,54.18
2363,Hybomys univittatus,Muridae,40,0,0,0,0,0,40,0,0,20,G,0,0,1,47.6
2364,Hybomys trivirgatus,Muridae,40,0,0,0,0,0,40,0,0,20,G,1,1,1,56.9
2365,Hybomys planifrons,Muridae,40,0,0,0,0,0,40,0,0,20,G,1,1,1,49.6
2366,Hydromys neobritannicus,Muridae,50,10,10,30,0,0,0,0,0,0,G,1,1,1,135.43
2367,Hydromys hussoni,Muridae,50,10,10,30,0,0,0,0,0,0,G,1,1,1,141.87
2368,Hydromys habbema,Muridae,50,10,10,30,0,0,0,0,0,0,G,1,1,1,136.19
2369,Hydromys chrysogaster,Muridae,50,10,10,30,0,0,0,0,0,0,G,1,1,1,479.75
2370,Hydromys shawmayeri,Muridae,50,10,10,30,0,0,0,0,0,0,G,1,1,1,141.42
2371,Hylomyscus parvus,Muridae,10,0,0,0,0,0,60,0,0,30,Ar,1,0,0,14.5
2372,Hylomyscus stella,Muridae,10,0,0,0,0,0,60,0,0,30,Ar,1,0,0,20.05
2373,Hylomyscus grandis,Muridae,10,0,0,0,0,0,60,0,0,30,Ar,1,0,0,21.09
2374,Hylomyscus denniae,Muridae,10,0,0,0,0,0,60,0,0,30,Ar,1,0,0,36
2375,Hylomyscus baeri,Muridae,10,0,0,0,0,0,60,0,0,30,Ar,1,0,0,21.09
2376,Hylomyscus alleni,Muridae,10,0,0,0,0,0,60,0,0,30,Ar,1,0,0,19.95
2377,Hylomyscus aeta,Muridae,10,0,0,0,0,0,60,0,0,30,Ar,1,0,0,20
2378,Hylomyscus carillus,Muridae,10,0,0,0,0,0,60,0,0,30,Ar,1,0,0,21.56
2379,Hyomys goliath,Muridae,0,0,0,0,0,0,0,0,0,100,G,1,0,0,817.5
2380,Hyomys dammermani,Muridae,0,0,0,0,0,0,0,0,0,100,G,1,0,0,932.5
2381,Kadarsanomys sodyi,Muridae,10,0,0,0,0,0,10,0,20,60,Ar,1,0,0,79.09
2382,Komodomys rintjanus,Muridae,10,0,0,0,0,0,10,0,20,60,G,1,0,0,73.85
2383,Lamottemys okuensis,Muridae,10,0,0,0,0,0,10,0,20,60,G,1,0,0,75.89
2384,Leggadina lakedownensis,Muridae,0,0,0,0,0,0,0,0,50,50,G,1,0,0,17.5
2385,Leggadina forresti,Muridae,0,0,0,0,0,0,0,0,50,50,G,1,0,0,20
2386,Lemniscomys linulus,Muridae,10,0,0,0,0,0,0,0,30,60,G,0,0,1,44.45
2387,Lemniscomys mittendorfi,Muridae,10,0,0,0,0,0,0,0,30,60,G,0,0,1,41.85
2388,Lemniscomys rosalia,Muridae,10,0,0,0,0,0,0,0,30,60,G,0,0,1,59.3
2389,Lemniscomys roseveari,Muridae,10,0,0,0,0,0,0,0,30,60,G,0,0,1,44.73
2390,Lemniscomys zebra,Muridae,10,0,0,0,0,0,0,0,30,60,G,0,0,1,41.16
2391,Lemniscomys hoogstraali,Muridae,10,0,0,0,0,0,0,0,30,60,G,0,0,1,44.92
2392,Lemniscomys griselda,Muridae,10,0,0,0,0,0,0,0,30,60,G,0,0,1,58
2393,Lemniscomys striatus,Muridae,10,0,0,0,0,0,0,0,30,60,G,1,1,1,38.13
2394,Lemniscomys barbarus,Muridae,10,0,0,0,0,0,0,0,30,60,G,1,1,1,33.43
2395,Lemniscomys macculus,Muridae,10,0,0,0,0,0,0,0,30,60,G,0,0,1,26.5
2396,Lemniscomys bellieri,Muridae,10,0,0,0,0,0,0,0,30,60,G,0,0,1,46.47
2397,Lenomys meyeri,Muridae,10,0,0,0,0,0,10,0,20,60,S,1,0,0,74.17
2398,Lenothrix canus,Muridae,10,0,0,0,0,0,10,0,20,60,Ar,1,0,0,135
2399,Leopoldamys milleti,Muridae,50,0,0,0,0,0,0,0,0,50,G,1,0,0,336.38
2400,Leopoldamys edwardsi,Muridae,50,0,0,0,0,0,0,0,0,50,G,1,0,0,300
2401,Leopoldamys sabanus,Muridae,50,0,0,0,0,0,0,0,0,50,G,1,0,0,338.33
2402,Leopoldamys siporanus,Muridae,50,0,0,0,0,0,0,0,0,50,G,1,0,0,576
2403,Leopoldamys ciliatus,Muridae,50,0,0,0,0,0,0,0,0,50,G,1,0,0,336.38
2404,Leopoldamys neilli,Muridae,50,0,0,0,0,0,0,0,0,50,G,1,0,0,219
2405,Leporillus apicalis,Muridae,0,0,0,0,0,0,0,0,0,100,G,1,0,0,150
2406,Leporillus conditor,Muridae,0,0,0,0,0,0,0,0,0,100,G,1,0,0,350
2407,Leptomys ernstmayri,Muridae,50,0,0,0,50,0,0,0,0,0,G,1,0,0,42.85
2408,Leptomys signatus,Muridae,50,0,0,0,50,0,0,0,0,0,G,1,0,0,52.04
2409,Leptomys elegans,Muridae,50,0,0,0,50,0,0,0,0,0,G,1,0,0,84.75
2410,Limnomys sibuanus,Muridae,10,0,0,0,0,0,10,0,20,60,S,1,0,0,60
2411,Limnomys bryophilus,Muridae,10,0,0,0,0,0,10,0,20,60,S,1,0,0,64.1
2412,Lorentzimys nouhuysi,Muridae,40,0,0,0,0,0,0,0,0,60,Ar,1,1,1,14.2
2413,Macruromys elegans,Muridae,0,0,0,0,0,0,0,0,0,100,G,1,0,0,277.9
2414,Macruromys major,Muridae,0,0,0,0,0,0,0,0,0,100,G,1,0,0,350
2415,Madromys blanfordi,Muridae,10,0,0,0,0,0,10,0,20,60,G,1,0,0,71.33
2416,Malacomys cansdalei,Muridae,50,0,0,0,0,0,20,0,20,10,G,1,0,0,68.39
2417,Malacomys edwardsi,Muridae,50,0,0,0,0,0,20,0,20,10,G,1,0,0,64.95
2418,Malacomys longipes,Muridae,50,0,0,0,0,0,20,0,20,10,G,1,0,0,95.6
2419,Mallomys rothschildi,Muridae,0,0,0,0,0,0,0,0,0,100,Ar,1,0,0,1157.5
2420,Mallomys gunung,Muridae,0,0,0,0,0,0,0,0,0,100,Ar,1,0,0,2000
2421,Mallomys istapantap,Muridae,0,0,0,0,0,0,0,0,0,100,Ar,1,0,0,1950
2422,Mallomys aroaensis,Muridae,0,0,0,0,0,0,0,0,0,100,Ar,1,0,0,1664
2423,Malpaisomys insularis,Muridae,10,0,0,0,0,0,10,0,20,60,G,1,0,0,71.33
2424,Mammelomys lanosus,Muridae,0,0,0,0,0,0,60,0,0,40,G,1,0,0,117.1
2425,Mammelomys rattoides,Muridae,0,0,0,0,0,0,60,0,0,40,G,1,0,0,209.49
2426,Margaretamys beccarii,Muridae,10,0,0,0,0,0,10,0,20,60,Ar,1,0,0,70.35
2427,Margaretamys elegans,Muridae,10,0,0,0,0,0,10,0,20,60,Ar,1,0,0,121
2428,Margaretamys parvus,Muridae,10,0,0,0,0,0,10,0,20,60,Ar,1,0,0,32.1
2429,Mastacomys fuscus,Muridae,20,0,0,0,0,0,0,0,30,50,G,1,0,0,125.72
2430,Mastomys shortridgei,Muridae,40,0,0,0,0,0,0,0,30,30,G,1,0,0,46.5
2431,Mastomys pernanus,Muridae,40,0,0,0,0,0,0,0,30,30,G,1,0,0,52.33
2432,Mastomys natalensis,Muridae,80,0,0,0,0,0,0,0,0,20,G,1,0,0,54.54
2433,Mastomys kollmannspergeri,Muridae,40,0,0,0,0,0,0,0,30,30,G,1,0,0,55.39
2434,Mastomys huberti,Muridae,40,0,0,0,0,0,0,0,30,30,G,1,0,0,49.89
2435,Mastomys erythroleucus,Muridae,40,0,0,0,0,0,0,0,30,30,G,1,0,0,56.15
2436,Mastomys awashensis,Muridae,40,0,0,0,0,0,0,0,30,30,G,1,0,0,49.89
2437,Mastomys coucha,Muridae,40,0,0,0,0,0,0,0,30,30,G,1,0,0,43.5
2438,Maxomys wattsi,Muridae,10,0,0,0,10,0,30,0,20,30,G,1,0,0,147
2439,Maxomys moi,Muridae,10,0,0,0,10,0,30,0,20,30,G,1,0,0,147
2440,Maxomys alticola,Muridae,10,0,0,0,10,0,30,0,20,30,G,1,0,0,90
2441,Maxomys baeodon,Muridae,10,0,0,0,10,0,30,0,20,30,G,1,0,0,69.8
2442,Maxomys bartelsii,Muridae,10,0,0,0,10,0,30,0,20,30,G,1,0,0,102
2443,Maxomys dollmani,Muridae,10,0,0,0,10,0,30,0,20,30,G,1,0,0,120
2444,Maxomys hellwaldii,Muridae,10,0,0,0,10,0,30,0,20,30,G,1,0,0,203
2445,Maxomys hylomyoides,Muridae,10,0,0,0,10,0,30,0,20,30,G,1,0,0,56.6
2446,Maxomys inflatus,Muridae,10,0,0,0,10,0,30,0,20,30,G,1,0,0,152
2447,Maxomys whiteheadi,Muridae,10,0,0,0,10,0,30,0,20,30,G,1,0,0,56.01
2448,Maxomys musschenbroekii,Muridae,10,0,0,0,10,0,30,0,20,30,G,1,0,0,84.8
2449,Maxomys ochraceiventer,Muridae,10,0,0,0,10,0,30,0,20,30,G,1,0,0,97
2450,Maxomys pagensis,Muridae,10,0,0,0,10,0,30,0,20,30,G,1,0,0,196
2451,Maxomys panglima,Muridae,10,0,0,0,10,0,30,0,20,30,G,1,0,0,189
2452,Maxomys rajah,Muridae,10,0,0,0,10,0,30,0,20,30,G,1,0,0,150.25
2453,Maxomys surifer,Muridae,10,0,0,0,10,0,30,0,20,30,G,1,0,0,150.37
2454,Maxomys inas,Muridae,10,0,0,0,10,0,30,0,20,30,G,1,0,0,90
2455,Melasmothrix naso,Muridae,80,0,0,0,0,0,0,0,0,20,G,0,0,1,47.45
2456,Melomys fulgens,Muridae,0,0,0,0,0,0,60,0,0,40,G,1,0,0,97.3
2457,Melomys lutillus,Muridae,0,0,0,0,0,0,60,0,0,40,G,1,0,0,86.68
2458,Melomys aerosus,Muridae,0,0,0,0,0,0,60,0,0,40,G,1,0,0,97.3
2459,Melomys arcium,Muridae,0,0,0,0,0,0,60,0,0,40,G,1,0,0,86.68
2460,Melomys bannisteri,Muridae,0,0,0,0,0,0,60,0,0,40,G,1,0,0,86.68
2461,Melomys bougainville,Muridae,0,0,0,0,0,0,60,0,0,40,G,1,0,0,86
2462,Melomys burtoni,Muridae,0,0,0,0,0,0,60,0,0,40,G,1,0,0,68.5
2463,Melomys capensis,Muridae,0,0,0,0,0,0,60,0,0,40,G,1,0,0,70
2464,Melomys caurinus,Muridae,0,0,0,0,0,0,60,0,0,40,G,1,0,0,136
2465,Melomys cervinipes,Muridae,0,0,0,0,0,0,60,0,0,40,G,1,0,0,78
2466,Melomys cooperae,Muridae,0,0,0,0,0,0,60,0,0,40,G,1,0,0,86.68
2467,Melomys dollmani,Muridae,0,0,0,0,0,0,60,0,0,40,G,1,0,0,91.27
2468,Melomys fraterculus,Muridae,0,0,0,0,0,0,60,0,0,40,G,1,0,0,47.8
2469,Melomys leucogaster,Muridae,0,0,0,0,0,0,60,0,0,40,G,1,0,0,108.5
2470,Melomys howi,Muridae,0,0,0,0,0,0,60,0,0,40,G,1,0,0,86.68
2471,Melomys talaudium,Muridae,0,0,0,0,0,0,60,0,0,40,G,1,0,0,86.68
2472,Melomys matambuai,Muridae,0,0,0,0,0,0,60,0,0,40,G,1,0,0,145
2473,Melomys obiensis,Muridae,0,0,0,0,0,0,60,0,0,40,G,1,0,0,71
2474,Melomys paveli,Muridae,0,0,0,0,0,0,60,0,0,40,G,1,0,0,86.68
2475,Melomys rubicola,Muridae,0,0,0,0,0,0,60,0,0,40,G,1,0,0,100
2476,Melomys rufescens,Muridae,0,0,0,0,0,0,60,0,0,40,G,1,0,0,70.55
2477,Melomys spechti,Muridae,0,0,0,0,0,0,60,0,0,40,G,1,0,0,86.68
2478,Melomys frigicola,Muridae,0,0,0,0,0,0,60,0,0,40,G,1,0,0,86.68
2479,Mesembriomys gouldii,Muridae,20,0,0,0,0,0,0,80,0,0,Ar,1,0,0,716.5
2480,Mesembriomys macrurus,Muridae,20,0,0,0,0,0,0,80,0,0,Ar,1,0,0,267
2481,Micaelamys granti,Muridae,10,0,0,0,0,0,10,0,20,60,G,1,0,0,40
2482,Micaelamys namaquensis,Muridae,10,0,0,0,0,0,10,0,20,60,G,1,0,0,57.1
2483,Microhydromys musseri,Muridae,100,0,0,0,0,0,0,0,0,0,G,1,0,0,17.32
2484,Microhydromys richardsoni,Muridae,100,0,0,0,0,0,0,0,0,0,G,1,0,0,10.25
2485,Micromys minutus,Muridae,30,0,0,0,0,0,0,0,40,30,G,1,1,1,6
2486,Millardia kathleenae,Muridae,0,0,0,0,0,0,0,0,70,30,G,1,0,0,93
2487,Millardia gleadowi,Muridae,0,0,0,0,0,0,0,0,70,30,G,1,0,0,30.8
2488,Millardia kondana,Muridae,0,0,0,0,0,0,0,0,70,30,G,1,0,0,147
2489,Millardia meltada,Muridae,0,0,0,0,0,0,0,0,70,30,G,1,0,0,70
2490,Muriculus imberbis,Muridae,10,0,0,0,0,0,10,0,20,60,G,1,0,0,18.5
2491,Mus cervicolor,Muridae,20,0,0,0,0,0,0,0,20,60,G,1,0,0,17.7
2492,Mus musculus,Muridae,20,0,0,0,0,0,0,0,20,60,G,1,0,0,16.25
2493,Mus spicilegus,Muridae,20,0,0,0,0,0,0,0,20,60,G,1,0,0,14
2494,Mus fragilicauda,Muridae,20,0,0,0,0,0,0,0,20,60,G,1,0,0,13.76
2495,Mus cookii,Muridae,20,0,0,0,0,0,0,0,20,60,G,1,0,0,20.47
2496,Mus macedonicus,Muridae,20,0,0,0,0,0,0,0,20,60,G,1,0,0,15
2497,Mus caroli,Muridae,20,0,0,0,0,0,0,0,20,60,G,1,0,0,11.25
2498,Mus spretus,Muridae,20,0,0,0,0,0,0,0,20,60,G,1,0,0,12.8
2499,Mus booduga,Muridae,20,0,0,0,0,0,0,0,20,60,G,1,0,0,11.55
2500,Mus terricolor,Muridae,20,0,0,0,0,0,0,0,20,60,G,1,0,0,9
2501,Mus famulus,Muridae,20,0,0,0,0,0,0,0,20,60,G,1,0,0,22.88
2502,Mus orangiae,Muridae,20,0,0,0,0,0,0,0,20,60,G,1,0,0,9.5
2503,Mus tenellus,Muridae,20,0,0,0,0,0,0,0,20,60,G,1,0,0,9.48
2504,Mus sorella,Muridae,20,0,0,0,0,0,0,0,20,60,G,1,0,0,9.5
2505,Mus setzeri,Muridae,20,0,0,0,0,0,0,0,20,60,G,1,0,0,6.65
2506,Mus setulosus,Muridae,20,0,0,0,0,0,0,0,20,60,G,1,0,0,9.4
2507,Mus oubanguii,Muridae,20,0,0,0,0,0,0,0,20,60,G,1,0,0,9.16
2508,Mus neavei,Muridae,20,0,0,0,0,0,0,0,20,60,G,1,0,0,9.53
2509,Mus musculoides,Muridae,20,0,0,0,0,0,0,0,20,60,G,1,0,0,6
2510,Mus mattheyi,Muridae,20,0,0,0,0,0,0,0,20,60,G,1,0,0,9.52
2511,Mus triton,Muridae,70,0,0,0,0,0,0,0,0,30,G,1,0,0,13.55
2512,Mus indutus,Muridae,20,0,0,0,0,0,0,0,20,60,G,1,0,0,6.15
2513,Mus haussa,Muridae,20,0,0,0,0,0,0,0,20,60,G,1,0,0,9.18
2514,Mus goundae,Muridae,20,0,0,0,0,0,0,0,20,60,G,1,0,0,8.96
2515,Mus callewaerti,Muridae,20,0,0,0,0,0,0,0,20,60,G,1,0,0,9.12
2516,Mus bufo,Muridae,20,0,0,0,0,0,0,0,20,60,G,1,0,0,9.2
2517,Mus baoulei,Muridae,20,0,0,0,0,0,0,0,20,60,G,1,0,0,9.12
2518,Mus mahomet,Muridae,20,0,0,0,0,0,0,0,20,60,G,1,0,0,10
2519,Mus minutoides,Muridae,20,0,0,0,0,0,0,0,20,60,G,1,0,0,7.01
2520,Mus mayori,Muridae,20,0,0,0,0,0,0,0,20,60,G,1,0,0,20.78
2521,Mus vulcani,Muridae,20,0,0,0,0,0,0,0,20,60,G,1,0,0,20.2
2522,Mus crociduroides,Muridae,20,0,0,0,0,0,0,0,20,60,G,1,0,0,28.7
2523,Mus pahari,Muridae,20,0,0,0,0,0,0,0,20,60,G,1,0,0,25.73
2524,Mus shortridgei,Muridae,20,0,0,0,0,0,0,0,20,60,G,1,0,0,34.6
2525,Mus saxicola,Muridae,20,0,0,0,0,0,0,0,20,60,G,1,0,0,21.4
2526,Mus platythrix,Muridae,20,0,0,0,0,0,0,0,20,60,G,1,0,0,25.2
2527,Mus phillipsi,Muridae,20,0,0,0,0,0,0,0,20,60,G,1,0,0,12.3
2528,Mus fernandoni,Muridae,20,0,0,0,0,0,0,0,20,60,G,1,0,0,21.82
2529,Mylomys rex,Muridae,0,0,0,0,0,0,0,0,0,100,G,1,1,1,114.4
2530,Mylomys dybowskii,Muridae,0,0,0,0,0,0,0,0,0,100,G,1,1,1,114.4
2531,Nilopegamys plumbeus,Muridae,10,0,0,0,0,0,10,0,20,60,G,1,0,0,84
2532,Niviventer andersoni,Muridae,20,0,0,0,0,0,20,0,20,40,S,1,0,0,147
2533,Niviventer confucianus,Muridae,20,0,0,0,0,0,20,0,20,40,S,1,0,0,65
2534,Niviventer brahma,Muridae,20,0,0,0,0,0,20,0,20,40,S,1,0,0,97.3
2535,Niviventer rapit,Muridae,20,0,0,0,0,0,20,0,20,40,S,1,0,0,86.75
2536,Niviventer hinpoon,Muridae,20,0,0,0,0,0,20,0,20,40,S,1,0,0,61
2537,Niviventer niviventer,Muridae,20,0,0,0,0,0,20,0,20,40,S,1,0,0,100
2538,Niviventer lepturus,Muridae,20,0,0,0,0,0,20,0,20,40,S,1,0,0,84.8
2539,Niviventer langbianis,Muridae,20,0,0,0,0,0,20,0,20,40,S,1,0,0,69.8
2540,Niviventer fulvescens,Muridae,20,0,0,0,0,0,20,0,20,40,S,1,0,0,82.55
2541,Niviventer excelsior,Muridae,20,0,0,0,0,0,20,0,20,40,S,1,0,0,102
2542,Niviventer eha,Muridae,20,0,0,0,0,0,20,0,20,40,S,1,0,0,53.6
2543,Niviventer culturatus,Muridae,20,0,0,0,0,0,20,0,20,40,S,1,0,0,81.17
2544,Niviventer cremoriventer,Muridae,20,0,0,0,0,0,20,0,20,40,S,1,0,0,69.71
2545,Niviventer coninga,Muridae,20,0,0,0,0,0,20,0,20,40,S,1,0,0,80.65
2546,Niviventer tenaster,Muridae,20,0,0,0,0,0,20,0,20,40,S,1,0,0,103
2547,Niviventer fraternus,Muridae,20,0,0,0,0,0,20,0,20,40,S,1,0,0,83.06
2548,Niviventer cameroni,Muridae,20,0,0,0,0,0,20,0,20,40,S,1,0,0,83.06
2549,Notomys fuscus,Muridae,0,0,0,0,0,0,40,0,30,30,G,1,0,0,35
2550,Notomys mordax,Muridae,0,0,0,0,0,0,40,0,30,30,G,1,0,0,90
2551,Notomys mitchellii,Muridae,0,0,0,0,0,0,40,0,30,30,G,1,0,0,52
2552,Notomys macrotis,Muridae,0,0,0,0,0,0,40,0,30,30,G,1,0,0,90
2553,Notomys longicaudatus,Muridae,0,0,0,0,0,0,40,0,30,30,G,1,0,0,100
2554,Notomys cervinus,Muridae,0,0,0,0,0,0,40,0,30,30,G,1,0,0,35
2555,Notomys aquilo,Muridae,0,0,0,0,0,0,40,0,30,30,G,1,0,0,39
2556,Notomys amplus,Muridae,0,0,0,0,0,0,40,0,30,30,G,1,0,0,90
2557,Notomys alexis,Muridae,0,0,0,0,0,0,40,0,30,30,G,1,0,0,35
2558,Oenomys hypoxanthus,Muridae,20,0,0,0,0,0,0,0,0,80,G,1,1,1,90
2559,Oenomys ornatus,Muridae,20,0,0,0,0,0,0,0,0,80,G,1,1,1,85.5
2560,Palawanomys furvus,Muridae,10,0,0,0,0,0,10,0,20,60,G,1,0,0,73.91
2561,Papagomys theodorverhoeveni,Muridae,20,0,0,0,0,0,30,0,0,50,G,1,0,0,71.33
2562,Papagomys armandvillei,Muridae,20,0,0,0,0,0,30,0,0,50,G,1,0,0,73.8
2563,Parahydromys asper,Muridae,100,0,0,0,0,0,0,0,0,0,G,1,0,0,540
2564,Paraleptomys wilhelmina,Muridae,10,0,0,0,0,0,10,0,20,60,G,1,1,1,33
2565,Paraleptomys rufilatus,Muridae,10,0,0,0,0,0,10,0,20,60,G,1,1,1,55
2566,Paramelomys mollis,Muridae,0,0,0,0,0,0,60,0,0,40,G,1,0,0,90.05
2567,Paramelomys moncktoni,Muridae,0,0,0,0,0,0,60,0,0,40,G,1,0,0,80.56
2568,Paramelomys naso,Muridae,0,0,0,0,0,0,60,0,0,40,G,1,0,0,84.49
2569,Paramelomys levipes,Muridae,0,0,0,0,0,0,60,0,0,40,G,1,0,0,82.81
2570,Paramelomys platyops,Muridae,0,0,0,0,0,0,60,0,0,40,G,1,0,0,85.6
2571,Paramelomys rubex,Muridae,0,0,0,0,0,0,60,0,0,40,G,1,0,0,47.16
2572,Paramelomys steini,Muridae,0,0,0,0,0,0,60,0,0,40,G,1,0,0,84.49
2573,Paramelomys lorentzii,Muridae,0,0,0,0,0,0,60,0,0,40,G,1,0,0,150
2574,Paramelomys gressitti,Muridae,0,0,0,0,0,0,60,0,0,40,G,1,0,0,84.49
2575,Paruromys dominator,Muridae,0,0,0,0,0,0,100,0,0,0,G,1,0,0,325.31
2576,Paulamys naso,Muridae,50,0,0,0,0,0,0,0,0,50,G,1,0,0,122
2577,Pelomys campanae,Muridae,0,0,0,0,0,0,0,0,0,100,G,1,1,1,77.01
2578,Pelomys fallax,Muridae,0,0,0,0,0,0,0,0,0,100,G,1,1,1,130
2579,Pelomys hopkinsi,Muridae,0,0,0,0,0,0,0,0,0,100,G,1,1,1,76.94
2580,Pelomys isseli,Muridae,0,0,0,0,0,0,0,0,0,100,G,1,1,1,60
2581,Pelomys minor,Muridae,0,0,0,0,0,0,0,0,0,100,G,1,1,1,50
2582,Phloeomys cumingi,Muridae,0,0,0,0,0,0,0,0,0,100,Ar,1,0,0,1946.33
2583,Phloeomys pallidus,Muridae,0,0,0,0,0,0,0,0,0,100,Ar,1,0,0,1744.14
2584,Pithecheir parvus,Muridae,10,0,0,0,0,0,0,0,0,90,Ar,1,0,0,106
2585,Pithecheir melanurus,Muridae,10,0,0,0,0,0,0,0,0,90,Ar,1,0,0,108
2586,Pithecheirops otion,Muridae,10,0,0,0,0,0,10,0,20,60,Ar,1,0,0,71.33
2587,Pogonomelomys mayeri,Muridae,10,0,0,0,0,0,10,0,20,60,S,1,0,0,109.7
2588,Pogonomelomys bruijni,Muridae,10,0,0,0,0,0,10,0,20,60,S,1,0,0,82.01
2589,Pogonomys sylvestris,Muridae,0,0,0,0,0,0,0,0,0,100,Ar,1,0,0,43.35
2590,Pogonomys fergussoniensis,Muridae,0,0,0,0,0,0,0,0,0,100,Ar,1,0,0,57.88
2591,Pogonomys loriae,Muridae,0,0,0,0,0,0,0,0,0,100,Ar,1,0,0,95.13
2592,Pogonomys macrourus,Muridae,0,0,0,0,0,0,0,0,0,100,Ar,1,0,0,53.95
2593,Pogonomys championi,Muridae,0,0,0,0,0,0,0,0,0,100,Ar,1,0,0,50.45
2594,Pseudohydromys ellermani,Muridae,80,0,0,0,0,0,0,0,0,20,G,1,0,0,21.4
2595,Pseudohydromys fuscus,Muridae,70,0,0,0,0,0,0,0,0,30,G,1,0,0,18.74
2596,Pseudohydromys murinus,Muridae,70,0,0,0,0,0,0,0,0,30,G,1,0,0,16.8
2597,Pseudohydromys occidentalis,Muridae,90,0,0,0,0,0,0,0,0,10,G,1,0,0,21.9
2598,Pseudomys desertor,Muridae,20,0,0,0,0,0,0,0,30,50,G,1,0,0,25
2599,Pseudomys oralis,Muridae,20,0,0,0,0,0,0,0,30,50,G,1,0,0,95
2600,Pseudomys occidentalis,Muridae,20,0,0,0,0,0,0,0,30,50,G,1,0,0,34
2601,Pseudomys nanus,Muridae,20,0,0,0,0,0,0,0,30,50,G,1,0,0,34
2602,Pseudomys johnsoni,Muridae,20,0,0,0,0,0,0,0,30,50,G,1,0,0,12
2603,Pseudomys higginsi,Muridae,20,0,0,0,0,0,0,0,30,50,G,1,0,0,67
2604,Pseudomys hermannsburgensis,Muridae,20,0,0,0,0,0,0,0,30,50,G,1,0,0,12
2605,Pseudomys gracilicaudatus,Muridae,20,0,0,0,0,0,0,0,30,50,G,1,0,0,74.75
2606,Pseudomys gouldii,Muridae,20,0,0,0,0,0,0,0,30,50,G,1,0,0,50
2607,Pseudomys glaucus,Muridae,20,0,0,0,0,0,0,0,30,50,G,1,0,0,27.5
2608,Pseudomys patrius,Muridae,20,0,0,0,0,0,0,0,30,50,G,1,0,0,15
2609,Pseudomys fieldi,Muridae,20,0,0,0,0,0,0,0,30,50,G,1,0,0,45
2610,Pseudomys novaehollandiae,Muridae,20,0,0,0,0,0,0,0,30,50,G,1,0,0,20
2611,Pseudomys delicatulus,Muridae,20,0,0,0,0,0,0,0,30,50,G,1,0,0,11
2612,Pseudomys chapmani,Muridae,20,0,0,0,0,0,0,0,30,50,G,1,0,0,12
2613,Pseudomys calabyi,Muridae,20,0,0,0,0,0,0,0,30,50,G,1,0,0,19.5
2614,Pseudomys bolami,Muridae,20,0,0,0,0,0,0,0,30,50,G,1,0,0,15.5
2615,Pseudomys australis,Muridae,20,0,0,0,0,0,0,0,30,50,G,1,0,0,65
2616,Pseudomys apodemoides,Muridae,20,0,0,0,0,0,0,0,30,50,G,1,0,0,20
2617,Pseudomys albocinereus,Muridae,20,0,0,0,0,0,0,0,30,50,G,1,0,0,30.5
2618,Pseudomys fumeus,Muridae,20,0,0,0,0,0,0,0,30,50,G,1,0,0,70
2619,Pseudomys shortridgei,Muridae,20,0,0,0,0,0,0,0,30,50,G,1,0,0,70
2620,Pseudomys pilligaensis,Muridae,20,0,0,0,0,0,0,0,30,50,G,1,0,0,11
2621,Pseudomys laborifex,Muridae,20,0,0,0,0,0,0,0,30,50,G,1,0,0,12
2622,Rattus novaeguineae,Muridae,30,0,0,0,0,0,20,0,40,10,G,1,0,0,133
2623,Rattus lutreolus,Muridae,30,0,0,0,0,0,20,0,40,10,G,1,0,0,106
2624,Rattus sanila,Muridae,30,0,0,0,0,0,20,0,40,10,G,1,0,0,149.96
2625,Rattus salocco,Muridae,30,0,0,0,0,0,20,0,40,10,G,1,0,0,149.96
2626,Rattus richardsoni,Muridae,40,0,0,0,0,0,0,0,30,30,G,1,0,0,64.29
2627,Rattus praetor,Muridae,30,0,0,0,0,0,20,0,40,10,G,1,0,0,204.13
2628,Rattus palmarum,Muridae,30,0,0,0,0,0,20,0,40,10,G,1,0,0,491
2629,Rattus omichlodes,Muridae,30,0,0,0,0,0,20,0,40,10,G,1,0,0,70.02
2630,Rattus simalurensis,Muridae,30,0,0,0,0,0,20,0,40,10,G,1,0,0,153.12
2631,Rattus norvegicus,Muridae,30,0,0,0,0,0,20,0,40,10,G,1,0,0,338.33
2632,Rattus nitidus,Muridae,30,0,0,0,0,0,20,0,40,10,G,1,0,0,133.5
2633,Rattus pyctoris,Muridae,30,0,0,0,0,0,20,0,40,10,G,1,0,0,149.96
2634,Rattus niobe,Muridae,40,0,0,0,0,0,0,0,30,30,G,1,0,0,45.07
2635,Rattus ranjiniae,Muridae,30,0,0,0,0,0,20,0,40,10,G,1,0,0,120
2636,Rattus nativitatis,Muridae,30,0,0,0,0,0,20,0,40,10,G,1,0,0,149.96
2637,Rattus morotaiensis,Muridae,30,0,0,0,0,0,20,0,40,10,G,1,0,0,148.25
2638,Rattus osgoodi,Muridae,30,0,0,0,0,0,20,0,40,10,G,1,0,0,93
2639,Rattus tiomanicus,Muridae,30,0,0,0,0,0,20,0,40,10,G,1,0,0,129.96
2640,Rattus xanthurus,Muridae,30,0,0,0,0,0,20,0,40,10,G,1,0,0,303
2641,Rattus villosissimus,Muridae,30,0,0,0,0,0,20,0,40,10,G,1,0,0,134
2642,Rattus rattus,Muridae,30,0,0,0,0,0,20,0,40,10,G,1,0,0,229.13
2643,Rattus verecundus,Muridae,40,0,0,0,0,0,0,0,30,30,G,1,0,0,97.02
2644,Rattus vandeuseni,Muridae,40,0,0,0,0,0,0,0,30,30,G,1,0,0,67.24
2645,Rattus pelurus,Muridae,30,0,0,0,0,0,20,0,40,10,G,1,0,0,170.27
2646,Rattus satarae,Muridae,30,0,0,0,0,0,20,0,40,10,G,1,0,0,149.96
2647,Rattus pococki,Muridae,30,0,0,0,0,0,20,0,40,10,G,1,0,0,149.96
2648,Rattus mordax,Muridae,30,0,0,0,0,0,20,0,40,10,G,1,0,0,230
2649,Rattus timorensis,Muridae,30,0,0,0,0,0,20,0,40,10,G,1,0,0,160.32
2650,Rattus tawitawiensis,Muridae,30,0,0,0,0,0,20,0,40,10,G,1,0,0,180
2651,Rattus tanezumi,Muridae,30,0,0,0,0,0,20,0,40,10,G,1,0,0,134
2652,Rattus stoicus,Muridae,30,0,0,0,0,0,20,0,40,10,G,1,0,0,323
2653,Rattus steini,Muridae,30,0,0,0,0,0,20,0,40,10,G,1,0,0,155
2654,Rattus sordidus,Muridae,30,0,0,0,0,0,20,0,40,10,G,1,0,0,157.5
2655,Rattus tunneyi,Muridae,30,0,0,0,0,0,20,0,40,10,G,1,0,0,124
2656,Rattus montanus,Muridae,30,0,0,0,0,0,20,0,40,10,G,1,0,0,136
2657,Rattus exulans,Muridae,30,0,0,0,0,0,20,0,40,10,G,1,0,0,47.31
2658,Rattus everetti,Muridae,30,0,0,0,0,0,20,0,40,10,G,1,0,0,255.03
2659,Rattus enganus,Muridae,30,0,0,0,0,0,20,0,40,10,G,1,0,0,305
2660,Rattus elaphinus,Muridae,30,0,0,0,0,0,20,0,40,10,G,1,0,0,131.35
2661,Rattus colletti,Muridae,30,0,0,0,0,0,20,0,40,10,G,1,0,0,61
2662,Rattus feliceus,Muridae,30,0,0,0,0,0,20,0,40,10,G,1,0,0,306
2663,Rattus blangorum,Muridae,30,0,0,0,0,0,20,0,40,10,G,1,0,0,149.96
2664,Rattus bontanus,Muridae,30,0,0,0,0,0,20,0,40,10,G,1,0,0,239
2665,Rattus arrogans,Muridae,30,0,0,0,0,0,20,0,40,10,G,1,0,0,149.96
2666,Rattus argentiventer,Muridae,30,0,0,0,0,0,20,0,40,10,G,1,0,0,133.13
2667,Rattus arfakiensis,Muridae,30,0,0,0,0,0,20,0,40,10,G,1,0,0,149.96
2668,Rattus annandalei,Muridae,30,0,0,0,0,0,20,0,40,10,G,1,0,0,216.1
2669,Rattus andamanensis,Muridae,30,0,0,0,0,0,20,0,40,10,G,1,0,0,149.96
2670,Rattus adustus,Muridae,30,0,0,0,0,0,20,0,40,10,G,1,0,0,158
2671,Rattus burrus,Muridae,30,0,0,0,0,0,20,0,40,10,G,1,0,0,152.3
2672,Rattus jobiensis,Muridae,30,0,0,0,0,0,20,0,40,10,G,1,0,0,380
2673,Rattus mindorensis,Muridae,30,0,0,0,0,0,20,0,40,10,G,1,0,0,136
2674,Rattus macleari,Muridae,30,0,0,0,0,0,20,0,40,10,G,1,0,0,149.96
2675,Rattus lugens,Muridae,30,0,0,0,0,0,20,0,40,10,G,1,0,0,224
2676,Rattus losea,Muridae,30,0,0,0,0,0,20,0,40,10,G,1,0,0,77
2677,Rattus leucopus,Muridae,30,0,0,0,0,0,20,0,40,10,G,1,0,0,171.73
2678,Rattus korinchi,Muridae,30,0,0,0,0,0,20,0,40,10,G,1,0,0,131
2679,Rattus fuscipes,Muridae,30,0,0,0,0,0,20,0,40,10,G,1,0,0,133
2680,Rattus koopmani,Muridae,30,0,0,0,0,0,20,0,40,10,G,1,0,0,151.4
2681,Rattus mollicomulus,Muridae,30,0,0,0,0,0,20,0,40,10,G,1,0,0,151.76
2682,Rattus marmosurus,Muridae,30,0,0,0,0,0,20,0,40,10,G,1,0,0,217
2683,Rattus baluensis,Muridae,30,0,0,0,0,0,20,0,40,10,G,1,0,0,108.75
2684,Rattus hoogerwerfi,Muridae,30,0,0,0,0,0,20,0,40,10,G,1,0,0,165
2685,Rattus hoffmanni,Muridae,30,0,0,0,0,0,20,0,40,10,G,1,0,0,147
2686,Rattus hainaldi,Muridae,30,0,0,0,0,0,20,0,40,10,G,1,0,0,155.52
2687,Rattus giluwensis,Muridae,30,0,0,0,0,0,20,0,40,10,G,1,0,0,169.88
2688,Rhabdomys dilectus,Muridae,20,0,0,0,0,0,20,0,40,20,G,0,0,1,41.12
2689,Rhabdomys pumilio,Muridae,20,0,0,0,0,0,20,0,40,20,G,0,0,1,41.12
2690,Rhagamys orthodon,Muridae,10,0,0,0,0,0,10,0,20,60,G,1,0,0,71.33
2691,Rhynchomys isarogensis,Muridae,100,0,0,0,0,0,0,0,0,0,G,1,0,0,122.5
2692,Rhynchomys soricoides,Muridae,100,0,0,0,0,0,0,0,0,0,G,1,0,0,187
2693,Solomys salebrosus,Muridae,0,0,0,0,0,0,50,50,0,0,Ar,1,0,0,397
2694,Solomys sapientis,Muridae,0,0,0,0,0,0,50,50,0,0,Ar,1,0,0,402.48
2695,Solomys salamonis,Muridae,0,0,0,0,0,0,50,50,0,0,Ar,1,0,0,408.8
2696,Solomys ponceleti,Muridae,0,0,0,0,0,0,50,50,0,0,Ar,1,0,0,1000
2697,Solomys spriggsarum,Muridae,0,0,0,0,0,0,50,50,0,0,Ar,1,0,0,630.08
2698,Sommeromys macrorhinos,Muridae,10,0,0,0,0,0,10,0,20,60,G,1,0,0,71.33
2699,Spelaeomys florensis,Muridae,40,0,0,0,0,0,0,0,0,60,S,1,0,0,71.33
2700,Srilankamys ohiensis,Muridae,10,0,0,0,0,0,10,0,20,60,G,1,0,0,79.25
2701,Stenocephalemys ruppi,Muridae,80,0,0,0,0,0,0,0,0,20,G,1,0,0,48.99
2702,Stenocephalemys albipes,Muridae,80,0,0,0,0,0,0,0,0,20,G,1,0,0,52.81
2703,Stenocephalemys albocaudata,Muridae,80,0,0,0,0,0,0,0,0,20,G,1,0,0,144
2704,Stenocephalemys griseicauda,Muridae,80,0,0,0,0,0,0,0,0,20,G,1,0,0,85.75
2705,Stochomys longicaudatus,Muridae,10,0,0,0,0,0,80,0,0,10,G,1,0,0,70.95
2706,Sundamys maxi,Muridae,20,0,10,0,0,0,30,0,0,40,G,1,0,0,361
2707,Sundamys muelleri,Muridae,20,0,10,0,0,0,30,0,0,40,G,1,0,0,275.67
2708,Sundamys infraluteus,Muridae,20,0,10,0,0,0,30,0,0,40,G,1,0,0,418.5
2709,Taeromys punicans,Muridae,30,0,0,0,0,0,40,0,0,30,G,1,0,0,138
2710,Taeromys callitrichus,Muridae,30,0,0,0,0,0,40,0,0,30,G,1,0,0,271
2711,Taeromys taerae,Muridae,30,0,0,0,0,0,40,0,0,30,G,1,0,0,247
2712,Taeromys microbullatus,Muridae,30,0,0,0,0,0,50,0,0,20,G,1,0,0,225.86
2713,Taeromys hamatus,Muridae,0,0,0,0,0,0,80,0,0,20,G,1,0,0,196
2714,Taeromys arcuatus,Muridae,30,0,0,0,0,0,40,0,0,30,G,1,0,0,227
2715,Taeromys celebensis,Muridae,30,0,0,0,0,0,40,0,0,30,S,1,0,0,323
2716,Tarsomys echinatus,Muridae,100,0,0,0,0,0,0,0,0,0,G,1,1,1,96.2
2717,Tarsomys apoensis,Muridae,100,0,0,0,0,0,0,0,0,0,G,1,1,1,75
2718,Tateomys macrocercus,Muridae,100,0,0,0,0,0,0,0,0,0,G,1,0,0,42.7
2719,Tateomys rhinogradoides,Muridae,100,0,0,0,0,0,0,0,0,0,G,1,0,0,82.8
2720,Thallomys loringi,Muridae,0,0,0,0,0,0,20,10,10,60,S,0,1,0,66.45
2721,Thallomys shortridgei,Muridae,0,0,0,0,0,0,20,10,10,60,S,0,1,0,67.17
2722,Thallomys nigricauda,Muridae,0,0,0,0,0,0,20,10,10,60,S,0,1,0,124.7
2723,Thallomys paedulcus,Muridae,0,0,0,0,0,0,20,10,10,60,S,0,1,0,80.5
2724,Thamnomys kempi,Muridae,0,0,0,0,0,0,0,0,50,50,Ar,1,0,0,75
2725,Thamnomys major,Muridae,0,0,0,0,0,0,0,0,50,50,Ar,1,0,0,68.12
2726,Thamnomys venustus,Muridae,0,0,0,0,0,0,0,0,50,50,Ar,1,0,0,61.88
2727,Tokudaia muenninki,Muridae,10,0,0,0,0,0,10,0,20,60,G,1,0,0,177.4
2728,Tokudaia osimensis,Muridae,10,0,0,0,0,0,10,0,20,60,G,1,0,0,129.6
2729,Tryphomys adustus,Muridae,10,0,0,0,0,0,10,0,20,60,G,1,0,0,136.47
2730,Uromys siebersi,Muridae,0,0,0,0,0,0,50,0,30,20,S,0,0,1,521.53
2731,Uromys boeadii,Muridae,0,0,0,0,0,0,50,0,30,20,S,0,0,1,521.53
2732,Uromys anak,Muridae,0,0,0,0,0,0,50,0,30,20,S,0,0,1,664.5
2733,Uromys hadrourus,Muridae,0,0,0,0,0,0,50,0,30,20,S,0,0,1,194
2734,Uromys emmae,Muridae,0,0,0,0,0,0,50,0,30,20,S,0,0,1,521.53
2735,Uromys neobritannicus,Muridae,0,0,0,0,0,0,50,0,30,20,S,0,0,1,612.49
2736,Uromys caudimaculatus,Muridae,0,0,0,0,0,0,50,0,30,20,S,0,0,1,606.75
2737,Uromys porculus,Muridae,0,0,0,0,0,0,50,0,30,20,S,0,0,1,521.53
2738,Uromys rex,Muridae,0,0,0,0,0,0,50,0,30,20,S,0,0,1,420
2739,Uromys imperator,Muridae,0,0,0,0,0,0,50,0,30,20,S,0,0,1,1000
2740,Vandeleuria nilagirica,Muridae,0,0,0,0,0,0,40,0,0,60,Ar,1,0,0,23.79
2741,Vandeleuria nolthenii,Muridae,0,0,0,0,0,0,40,0,0,60,Ar,1,0,0,56.6
2742,Vandeleuria oleracea,Muridae,0,0,0,0,0,0,40,0,0,60,Ar,1,0,0,10
2743,Vernaya fulva,Muridae,10,0,0,0,0,0,10,0,20,60,Ar,1,0,0,24.85
2744,Xenuromys barbatus,Muridae,30,0,0,0,0,0,40,0,30,0,G,0,1,0,1000
2745,Xeromys myoides,Muridae,40,0,20,20,0,0,0,0,0,20,G,1,0,0,41
2746,Zelotomys hildegardeae,Muridae,100,0,0,0,0,0,0,0,0,0,G,1,0,0,60
2747,Zelotomys woosnami,Muridae,100,0,0,0,0,0,0,0,0,0,G,1,0,0,54.1
2748,Zyzomys argurus,Muridae,10,0,0,0,0,0,0,0,0,90,G,1,0,0,36
2749,Zyzomys maini,Muridae,10,0,0,0,0,0,0,0,0,90,G,1,0,0,94
2750,Zyzomys palatilis,Muridae,10,0,0,0,0,0,0,0,0,90,G,1,0,0,123
2751,Zyzomys pedunculatus,Muridae,10,0,0,0,0,0,0,0,0,90,G,1,0,0,100
2752,Zyzomys woodwardi,Muridae,10,0,0,0,0,0,0,0,0,90,G,1,0,0,136
2753,Leimacomys buttneri,Muridae,20,0,0,0,0,0,0,0,0,80,G,1,0,0,55
2754,Myotomys sloggetti,Muridae,0,0,0,0,0,0,10,0,10,80,G,1,1,1,106.25
2755,Myotomys unisulcatus,Muridae,0,0,0,0,0,0,10,0,10,80,G,1,1,1,102.5
2756,Otomys irroratus,Muridae,0,0,0,0,0,0,10,0,10,80,G,1,1,1,118.02
2757,Otomys typus,Muridae,0,0,0,0,0,0,10,0,10,80,G,1,1,1,115.44
2758,Otomys tropicalis,Muridae,0,0,0,0,0,0,10,0,10,80,G,1,1,1,108.83
2759,Otomys saundersiae,Muridae,0,0,0,0,0,0,10,0,10,80,G,1,1,1,103
2760,Otomys orestes,Muridae,0,0,0,0,0,0,20,0,20,60,G,1,1,1,127.2
2761,Otomys occidentalis,Muridae,0,0,0,0,0,0,10,0,10,80,G,1,1,1,115.77
2762,Otomys maximus,Muridae,0,0,0,0,0,0,10,0,10,80,G,1,1,0,192
2763,Otomys laminatus,Muridae,0,0,0,0,0,0,10,0,10,80,G,1,1,1,145
2764,Otomys angoniensis,Muridae,0,0,0,0,0,0,10,0,10,80,G,1,1,1,121.9
2765,Otomys jacksoni,Muridae,0,0,0,0,0,0,20,0,20,60,G,1,1,1,127.2
2766,Otomys uzungwensis,Muridae,0,0,0,0,0,0,20,0,20,60,G,1,1,1,127.2
2767,Otomys dollmani,Muridae,0,0,0,0,0,0,20,0,20,60,G,1,1,1,127.2
2768,Otomys denti,Muridae,0,0,0,0,0,0,10,0,10,80,G,1,1,1,120
2769,Otomys dartmouthi,Muridae,0,0,0,0,0,0,20,0,20,60,G,1,1,1,127.2
2770,Otomys cuanzensis,Muridae,0,0,0,0,0,0,20,0,20,60,G,1,1,1,127.2
2771,Otomys burtoni,Muridae,0,0,0,0,0,0,20,0,20,60,G,1,1,1,127.2
2772,Otomys barbouri,Muridae,0,0,0,0,0,0,20,0,20,60,G,1,1,1,127.2
2773,Otomys anchietae,Muridae,0,0,0,0,0,0,10,0,10,80,G,1,1,1,115.9
2774,Otomys lacustris,Muridae,0,0,0,0,0,0,20,0,20,60,G,1,1,1,127.2
2775,Parotomys littledalei,Muridae,0,0,0,0,0,0,0,0,30,70,G,0,0,1,127
2776,Parotomys brantsii,Muridae,0,0,0,0,0,0,0,0,30,70,G,0,0,1,129.5
2777,Platacanthomys lasiurus,Platacanthomyidae,0,0,0,0,0,0,40,0,30,30,Ar,1,0,0,75
2778,Typhlomys cinereus,Platacanthomyidae,0,0,0,0,0,0,40,0,30,30,Ar,1,0,0,31.2
2779,Eospalax fontanierii,Spalacidae,0,0,0,0,0,0,0,0,50,50,G,1,0,0,256.76
2780,Eospalax rothschildi,Spalacidae,0,0,0,0,0,0,0,0,50,50,G,1,0,0,256.76
2781,Eospalax smithii,Spalacidae,0,0,0,0,0,0,0,0,50,50,G,1,0,0,256.76
2782,Myospalax psilurus,Spalacidae,0,0,0,0,0,0,0,0,50,50,G,1,0,0,259.21
2783,Myospalax aspalax,Spalacidae,0,0,0,0,0,0,0,0,50,50,G,1,0,0,237.75
2784,Myospalax myospalax,Spalacidae,0,0,0,0,0,0,0,0,50,50,G,1,0,0,225
2785,Cannomys badius,Spalacidae,0,0,0,0,0,0,0,0,0,100,G,1,1,0,650
2786,Rhizomys sinensis,Spalacidae,0,0,0,0,0,0,30,0,30,40,G,1,0,0,865
2787,Rhizomys sumatrensis,Spalacidae,0,0,0,0,0,0,30,0,30,40,G,1,0,0,1625
2788,Rhizomys pruinosus,Spalacidae,0,0,0,0,0,0,30,0,30,40,G,1,0,0,2450
2789,Spalax graecus,Spalacidae,0,0,0,0,0,0,0,0,0,100,G,1,0,0,316.04
2790,Spalax nehringi,Spalacidae,0,0,0,0,0,0,0,0,30,70,G,1,0,0,295.05
2791,Spalax uralensis,Spalacidae,0,0,0,0,0,0,0,0,20,80,G,1,1,1,295.05
2792,Spalax microphthalmus,Spalacidae,0,0,0,0,0,0,0,0,0,100,G,1,0,0,470
2793,Spalax leucodon,Spalacidae,0,0,0,0,0,0,0,0,30,70,G,0,0,1,188.67
2794,Spalax judaei,Spalacidae,0,0,0,0,0,0,0,0,20,80,G,1,1,1,295.05
2795,Spalax giganteus,Spalacidae,0,0,0,0,0,0,0,0,0,100,G,1,0,0,301.96
2796,Spalax galili,Spalacidae,0,0,0,0,0,0,0,0,20,80,G,1,1,1,295.05
2797,Spalax ehrenbergi,Spalacidae,0,0,0,0,0,0,0,0,30,70,G,1,0,0,164.35
2798,Spalax arenarius,Spalacidae,0,0,0,0,0,0,0,0,0,100,G,1,0,0,520
2799,Spalax carmeli,Spalacidae,0,0,0,0,0,0,0,0,20,80,G,1,1,1,295.05
2800,Spalax zemni,Spalacidae,0,0,0,0,0,0,0,0,0,100,G,1,0,0,316.28
2801,Spalax golani,Spalacidae,0,0,0,0,0,0,0,0,20,80,G,1,1,1,295.05
2802,Tachyoryctes ibeanus,Spalacidae,0,0,0,0,0,0,0,0,0,100,G,1,0,0,309.95
2803,Tachyoryctes storeyi,Spalacidae,0,0,0,0,0,0,0,0,0,100,G,1,0,0,309.95
2804,Tachyoryctes splendens,Spalacidae,0,0,0,0,0,0,0,0,0,100,G,1,0,0,212.25
2805,Tachyoryctes spalacinus,Spalacidae,0,0,0,0,0,0,0,0,0,100,G,1,0,0,309.95
2806,Tachyoryctes ruddi,Spalacidae,0,0,0,0,0,0,0,0,0,100,G,1,0,0,309.95
2807,Tachyoryctes ruandae,Spalacidae,0,0,0,0,0,0,0,0,0,100,G,1,0,0,309.95
2808,Tachyoryctes rex,Spalacidae,0,0,0,0,0,0,0,0,0,100,G,1,0,0,309.95
2809,Tachyoryctes macrocephalus,Spalacidae,0,0,0,0,0,0,0,0,0,100,G,1,0,0,596.99
2810,Tachyoryctes daemon,Spalacidae,0,0,0,0,0,0,0,0,0,100,G,1,0,0,309.95
2811,Tachyoryctes audax,Spalacidae,0,0,0,0,0,0,0,0,0,100,G,1,0,0,235
2812,Tachyoryctes annectens,Spalacidae,0,0,0,0,0,0,0,0,0,100,G,1,0,0,309.95
2813,Tachyoryctes ankoliae,Spalacidae,0,0,0,0,0,0,0,0,0,100,G,1,0,0,309.95
2814,Tachyoryctes naivashae,Spalacidae,0,0,0,0,0,0,0,0,0,100,G,1,0,0,309.95
2815,Calomyscus grandis,Calomyscidae,20,0,0,0,0,0,0,0,60,20,G,1,0,0,18.62
2816,Calomyscus tsolovi,Calomyscidae,10,0,0,0,0,0,0,0,70,20,G,1,0,0,21.43
2817,Calomyscus urartensis,Calomyscidae,10,0,0,0,0,0,0,0,70,20,G,1,0,0,21.22
2818,Calomyscus hotsoni,Calomyscidae,10,0,0,0,0,0,0,0,70,20,G,1,0,0,21.42
2819,Calomyscus baluchi,Calomyscidae,10,0,0,0,0,0,0,0,70,20,G,1,0,0,21.39
2820,Calomyscus bailwardi,Calomyscidae,10,0,0,0,0,0,0,0,70,20,G,1,0,0,20.4
2821,Calomyscus mystax,Calomyscidae,10,0,0,0,0,0,0,0,70,20,G,1,0,0,17
2822,Calomyscus elburzensis,Calomyscidae,20,0,0,0,0,0,0,0,60,20,G,1,0,0,18.62
2823,Anomalurus beecrofti,Anomaluridae,10,0,0,0,0,0,40,10,0,40,Ar,1,0,0,389
2824,Anomalurus derbianus,Anomaluridae,10,0,0,0,0,0,40,10,0,40,Ar,1,0,0,649.99
2825,Anomalurus pelii,Anomaluridae,10,0,0,0,0,0,40,10,0,40,Ar,1,0,0,1769.99
2826,Anomalurus pusillus,Anomaluridae,10,0,0,0,0,0,40,10,0,40,Ar,1,0,0,250
2827,Idiurus macrotis,Anomaluridae,0,0,0,0,0,0,100,0,0,0,Ar,1,0,0,30
2828,Idiurus zenkeri,Anomaluridae,0,0,0,0,0,0,100,0,0,0,Ar,1,0,0,100
2829,Zenkerella insignis,Anomaluridae,0,0,0,0,100,0,0,0,0,0,Ar,0,0,1,200
2830,Pedetes capensis,Pedetidae,0,0,0,0,0,0,0,0,10,90,G,1,0,0,3155
2831,Pedetes surdaster,Pedetidae,0,0,0,0,0,0,0,0,10,90,G,1,0,0,3155
2832,Ctenodactylus vali,Ctenodactylidae,0,0,0,0,0,0,0,0,0,100,G,0,0,1,175
2833,Ctenodactylus gundi,Ctenodactylidae,0,0,0,0,0,0,0,0,0,100,G,0,0,1,289
2834,Felovia vae,Ctenodactylidae,0,0,0,0,0,0,0,0,0,100,G,0,0,1,205
2835,Massoutiera mzabi,Ctenodactylidae,0,0,0,0,0,0,0,0,0,100,G,0,0,1,194
2836,Pectinator spekei,Ctenodactylidae,0,0,0,0,0,0,0,0,0,100,G,0,0,1,160
2837,Bathyergus janetta,Bathyergidae,0,0,0,0,0,0,0,0,0,100,G,1,1,0,332
2838,Bathyergus suillus,Bathyergidae,0,0,0,0,0,0,0,0,0,100,G,1,1,0,625
2839,Cryptomys hottentotus,Bathyergidae,0,0,0,0,0,0,0,0,0,100,G,1,1,1,101.95
2840,Cryptomys zechi,Bathyergidae,0,0,0,0,0,0,0,0,0,100,G,1,1,1,223.06
2841,Cryptomys ochraceocinereus,Bathyergidae,0,0,0,0,0,0,0,0,0,100,G,1,1,1,200
2842,Cryptomys mechowi,Bathyergidae,0,0,0,0,0,0,0,0,0,100,G,1,1,1,272
2843,Cryptomys kafuensis,Bathyergidae,0,0,0,0,0,0,0,0,0,100,G,1,1,1,125.41
2844,Cryptomys darlingi,Bathyergidae,0,0,0,0,0,0,0,0,0,100,G,1,1,1,65.58
2845,Cryptomys damarensis,Bathyergidae,0,0,0,0,0,0,0,0,0,100,G,1,1,1,153.25
2846,Cryptomys bocagei,Bathyergidae,0,0,0,0,0,0,0,0,0,100,G,1,1,1,94
2847,Cryptomys foxi,Bathyergidae,0,0,0,0,0,0,0,0,0,100,G,1,1,1,183.14
2848,Cryptomys amatus,Bathyergidae,0,0,0,0,0,0,0,0,0,100,G,1,1,1,76.74
2849,Cryptomys anselli,Bathyergidae,0,0,0,0,0,0,0,0,0,100,G,1,1,1,85.59
2850,Georychus capensis,Bathyergidae,0,0,0,0,0,0,0,0,0,100,G,0,0,1,232.67
2851,Heliophobius argenteocinereus,Bathyergidae,0,0,0,0,0,0,0,0,0,100,G,0,0,1,181
2852,Heterocephalus glaber,Bathyergidae,0,0,0,0,0,0,0,0,0,100,G,1,1,1,55
2853,Atherurus macrourus,Hystricidae,0,0,0,0,0,0,20,0,0,80,G,1,0,0,2000
2854,Atherurus africanus,Hystricidae,0,0,0,0,0,0,20,0,0,80,G,1,0,0,1934
2855,Hystrix africaeaustralis,Hystricidae,0,0,0,0,0,0,20,0,0,80,G,1,0,0,14936.02
2856,Hystrix cristata,Hystricidae,0,0,0,0,0,0,20,0,0,80,G,1,0,0,16250
2857,Hystrix indica,Hystricidae,0,0,0,0,0,0,20,0,0,80,G,1,0,0,12435.83
2858,Hystrix brachyura,Hystricidae,0,0,0,0,0,0,20,0,0,80,G,1,0,0,8450
2859,Hystrix javanica,Hystricidae,0,0,0,0,0,0,20,0,0,80,G,1,0,0,23014.42
2860,Hystrix pumila,Hystricidae,0,0,0,0,0,0,20,0,0,80,G,1,0,0,2740
2861,Hystrix crassispinis,Hystricidae,0,0,0,0,0,0,20,0,0,80,G,1,0,0,5445.03
2862,Hystrix sumatrae,Hystricidae,0,0,0,0,0,0,20,0,0,80,G,1,0,0,3260
2863,Trichys fasciculata,Hystricidae,0,0,0,0,0,0,30,0,0,70,S,1,0,0,1655
2864,Petromus typicus,Petromuridae,0,0,0,0,0,0,30,0,30,40,G,0,1,1,224
2865,Ctenomys juris,Ctenomyidae,0,0,0,0,0,0,0,0,0,100,G,0,1,1,259.74
2866,Ctenomys fodax,Ctenomyidae,0,0,0,0,0,0,0,0,0,100,G,0,1,1,259.74
2867,Ctenomys frater,Ctenomyidae,0,0,0,0,0,0,0,0,0,100,G,0,1,1,172.9
2868,Ctenomys fulvus,Ctenomyidae,0,0,0,0,0,0,0,0,0,100,G,0,1,1,262
2869,Ctenomys leucodon,Ctenomyidae,0,0,0,0,0,0,0,0,0,100,G,0,1,1,243.6
2870,Ctenomys goodfellowi,Ctenomyidae,0,0,0,0,0,0,0,0,0,100,G,0,1,1,259.74
2871,Ctenomys johannis,Ctenomyidae,0,0,0,0,0,0,0,0,0,100,G,0,1,1,259.74
2872,Ctenomys boliviensis,Ctenomyidae,0,0,0,0,0,0,0,0,0,100,G,0,1,1,535
2873,Ctenomys knighti,Ctenomyidae,0,0,0,0,0,0,0,0,0,100,G,0,1,1,316
2874,Ctenomys lami,Ctenomyidae,0,0,0,0,0,0,0,0,0,100,G,0,1,1,259.74
2875,Ctenomys latro,Ctenomyidae,0,0,0,0,0,0,0,0,0,100,G,0,1,1,192
2876,Ctenomys fochi,Ctenomyidae,0,0,0,0,0,0,0,0,0,100,G,0,1,1,259.74
2877,Ctenomys haigi,Ctenomyidae,0,0,0,0,0,0,0,0,0,100,G,0,1,1,164
2878,Ctenomys flamarioni,Ctenomyidae,0,0,0,0,0,0,0,0,0,100,G,0,1,1,259.74
2879,Ctenomys famosus,Ctenomyidae,0,0,0,0,0,0,0,0,0,100,G,0,1,1,259.74
2880,Ctenomys emilianus,Ctenomyidae,0,0,0,0,0,0,0,0,0,100,G,0,1,1,285.3
2881,Ctenomys dorsalis,Ctenomyidae,0,0,0,0,0,0,0,0,0,100,G,0,1,1,165.6
2882,Ctenomys dorbignyi,Ctenomyidae,0,0,0,0,0,0,0,0,0,100,G,0,1,1,259.74
2883,Ctenomys coyhaiquensis,Ctenomyidae,0,0,0,0,0,0,0,0,0,100,G,0,1,1,259.74
2884,Ctenomys conoveri,Ctenomyidae,0,0,0,0,0,0,0,0,0,100,G,0,1,1,860
2885,Ctenomys coludo,Ctenomyidae,0,0,0,0,0,0,0,0,0,100,G,0,1,1,259.74
2886,Ctenomys lewisi,Ctenomyidae,0,0,0,0,0,0,0,0,0,100,G,0,1,1,117.2
2887,Ctenomys bonettoi,Ctenomyidae,0,0,0,0,0,0,0,0,0,100,G,0,1,1,202.3
2888,Ctenomys pundti,Ctenomyidae,0,0,0,0,0,0,0,0,0,100,G,0,1,1,259.74
2889,Ctenomys bergi,Ctenomyidae,0,0,0,0,0,0,0,0,0,100,G,0,1,1,259.74
2890,Ctenomys azarae,Ctenomyidae,0,0,0,0,0,0,0,0,0,100,G,0,1,1,400
2891,Ctenomys australis,Ctenomyidae,0,0,0,0,0,0,0,0,0,100,G,0,1,1,361.5
2892,Ctenomys budini,Ctenomyidae,0,0,0,0,0,0,0,0,0,100,G,0,1,1,259.74
2893,Ctenomys scagliai,Ctenomyidae,0,0,0,0,0,0,0,0,0,100,G,0,1,1,259.74
2894,Ctenomys argentinus,Ctenomyidae,0,0,0,0,0,0,0,0,0,100,G,0,1,1,221.3
2895,Ctenomys brasiliensis,Ctenomyidae,0,0,0,0,0,0,0,0,0,100,G,0,1,1,400
2896,Ctenomys yolandae,Ctenomyidae,0,0,0,0,0,0,0,0,0,100,G,0,1,1,259.74
2897,Ctenomys viperinus,Ctenomyidae,0,0,0,0,0,0,0,0,0,100,G,0,1,1,259.74
2898,Ctenomys validus,Ctenomyidae,0,0,0,0,0,0,0,0,0,100,G,0,1,1,232.6
2899,Ctenomys tulduco,Ctenomyidae,0,0,0,0,0,0,0,0,0,100,G,0,1,1,259.74
2900,Ctenomys tucumanus,Ctenomyidae,0,0,0,0,0,0,0,0,0,100,G,0,1,1,217
2901,Ctenomys tuconax,Ctenomyidae,0,0,0,0,0,0,0,0,0,100,G,0,1,1,249
2902,Ctenomys torquatus,Ctenomyidae,0,0,0,0,0,0,0,0,0,100,G,0,1,1,209.5
2903,Ctenomys talarum,Ctenomyidae,0,0,0,0,0,0,0,0,0,100,G,0,1,1,132.33
2904,Ctenomys sylvanus,Ctenomyidae,0,0,0,0,0,0,0,0,0,100,G,0,1,1,259.74
2905,Ctenomys steinbachi,Ctenomyidae,0,0,0,0,0,0,0,0,0,100,G,0,1,1,385
2906,Ctenomys pontifex,Ctenomyidae,0,0,0,0,0,0,0,0,0,100,G,0,1,1,400
2907,Ctenomys sericeus,Ctenomyidae,0,0,0,0,0,0,0,0,0,100,G,0,1,1,400
2908,Ctenomys mendocinus,Ctenomyidae,0,0,0,0,0,0,0,0,0,100,G,0,1,1,163.05
2909,Ctenomys saltarius,Ctenomyidae,0,0,0,0,0,0,0,0,0,100,G,0,1,1,230
2910,Ctenomys roigi,Ctenomyidae,0,0,0,0,0,0,0,0,0,100,G,0,1,1,259.74
2911,Ctenomys rionegrensis,Ctenomyidae,0,0,0,0,0,0,0,0,0,100,G,0,1,1,259.74
2912,Ctenomys porteousi,Ctenomyidae,0,0,0,0,0,0,0,0,0,100,G,0,1,1,192.4
2913,Ctenomys pilarensis,Ctenomyidae,0,0,0,0,0,0,0,0,0,100,G,0,1,1,259.74
2914,Ctenomys peruanus,Ctenomyidae,0,0,0,0,0,0,0,0,0,100,G,0,1,1,490
2915,Ctenomys perrensi,Ctenomyidae,0,0,0,0,0,0,0,0,0,100,G,0,1,1,400
2916,Ctenomys pearsoni,Ctenomyidae,0,0,0,0,0,0,0,0,0,100,G,0,1,1,212
2917,Ctenomys osvaldoreigi,Ctenomyidae,0,0,0,0,0,0,0,0,0,100,G,0,1,1,259.74
2918,Ctenomys opimus,Ctenomyidae,0,0,0,0,0,0,0,0,0,100,G,0,1,1,361.5
2919,Ctenomys occultus,Ctenomyidae,0,0,0,0,0,0,0,0,0,100,G,0,1,1,150
2920,Ctenomys minutus,Ctenomyidae,0,0,0,0,0,0,0,0,0,100,G,0,1,1,92
2921,Ctenomys sociabilis,Ctenomyidae,0,0,0,0,0,0,0,0,0,100,G,0,1,1,400
2922,Ctenomys colburni,Ctenomyidae,0,0,0,0,0,0,0,0,0,100,G,0,1,1,400
2923,Ctenomys magellanicus,Ctenomyidae,0,0,0,0,0,0,0,0,0,100,G,0,1,1,272
2924,Ctenomys maulinus,Ctenomyidae,0,0,0,0,0,0,0,0,0,100,G,0,1,1,215
2925,Phyllomys medius,Echimyidae,0,0,0,0,0,0,60,0,0,40,G,1,0,0,298.33
2926,Phyllomys mantiqueirensis,Echimyidae,0,0,0,0,0,0,60,0,0,40,G,1,0,0,298.33
2927,Phyllomys lundi,Echimyidae,0,0,0,0,0,0,60,0,0,40,G,1,0,0,298.33
2928,Phyllomys unicolor,Echimyidae,0,0,0,0,0,0,80,0,0,20,G,1,0,0,439
2929,Phyllomys nigrispinus,Echimyidae,0,0,0,0,0,0,80,0,0,20,G,1,0,0,224.3
2930,Phyllomys thomasi,Echimyidae,0,0,0,0,0,0,80,0,0,20,G,1,0,0,502.14
2931,Phyllomys blainvillii,Echimyidae,0,0,0,0,0,0,80,0,0,20,G,1,0,0,243.3
2932,Phyllomys brasiliensis,Echimyidae,0,0,0,0,0,0,80,0,0,20,G,1,0,0,312.49
2933,Phyllomys dasythrix,Echimyidae,0,0,0,0,0,0,80,0,0,20,G,1,0,0,260
2934,Phyllomys kerri,Echimyidae,0,0,0,0,0,0,60,0,0,40,G,1,0,0,298.33
2935,Phyllomys lamarum,Echimyidae,0,0,0,0,0,0,80,0,0,20,G,1,0,0,215.19
2936,Phyllomys pattoni,Echimyidae,0,0,0,0,0,0,60,0,0,40,G,1,0,0,298.33
2937,Callistomys pictus,Echimyidae,0,0,0,0,0,0,80,0,0,20,G,1,0,0,518.99
2938,Diplomys rufodorsalis,Echimyidae,0,0,0,0,0,0,50,0,50,0,S,1,0,0,144.8
2939,Diplomys labilis,Echimyidae,0,0,0,0,0,0,50,0,50,0,S,1,0,0,227.5
2940,Diplomys caniceps,Echimyidae,0,0,0,0,0,0,50,0,50,0,S,1,0,0,394.5
2941,Echimys chrysurus,Echimyidae,0,0,0,0,0,0,80,0,0,20,Ar,1,0,0,652.5
2942,Echimys semivillosus,Echimyidae,0,0,0,0,0,0,80,0,0,20,Ar,1,0,0,200
2943,Echimys saturnus,Echimyidae,0,0,0,0,0,0,80,0,0,20,Ar,1,0,0,626.9
2944,Isothrix sinnamariensis,Echimyidae,0,0,0,0,0,0,30,0,20,50,G,1,0,0,291.73
2945,Isothrix pagurus,Echimyidae,0,0,0,0,0,0,30,0,20,50,G,1,0,0,210
2946,Isothrix negrensis,Echimyidae,0,0,0,0,0,0,30,0,20,50,G,1,0,0,300.97
2947,Isothrix bistriata,Echimyidae,0,0,0,0,0,0,30,0,20,50,G,1,0,0,445
2948,Makalata grandis,Echimyidae,0,0,0,0,0,0,80,0,0,20,S,1,0,0,584
2949,Makalata rhipidura,Echimyidae,0,0,0,0,0,0,80,0,0,20,S,1,0,0,315
2950,Makalata occasius,Echimyidae,0,0,0,0,0,0,80,0,0,20,S,1,0,0,322.29
2951,Makalata macrura,Echimyidae,0,0,0,0,0,0,80,0,0,20,S,1,0,0,439
2952,Makalata didelphoides,Echimyidae,0,0,0,0,0,0,50,0,50,0,S,1,0,0,398.66
2953,Makalata obscura,Echimyidae,0,0,0,0,0,0,80,0,0,20,S,1,0,0,108
2954,Carterodon sulcidens,Echimyidae,0,0,0,0,0,0,0,0,0,100,G,1,0,0,113.8
2955,Clyomys bishopi,Echimyidae,0,0,0,0,0,0,30,0,20,50,G,1,0,0,30
2956,Clyomys laticeps,Echimyidae,0,0,0,0,0,0,30,0,20,50,G,1,0,0,201
2957,Euryzygomatomys spinosus,Echimyidae,0,0,0,0,0,0,30,0,20,50,G,1,0,0,187.5
2958,Hoplomys gymnurus,Echimyidae,30,0,0,0,0,0,0,0,0,70,G,1,0,0,240
2959,Lonchothrix emiliae,Echimyidae,0,0,0,0,0,0,30,0,20,50,Ar,1,0,0,138.2
2960,Mesomys stimulax,Echimyidae,0,0,0,0,0,0,30,0,20,50,Ar,1,0,0,108
2961,Mesomys hispidus,Echimyidae,0,0,0,0,0,0,30,0,20,50,Ar,1,0,0,175
2962,Mesomys occultus,Echimyidae,0,0,0,0,0,0,30,0,20,50,Ar,1,0,0,126.85
2963,Mesomys leniceps,Echimyidae,0,0,0,0,0,0,30,0,20,50,Ar,1,0,0,108
2964,Proechimys pattoni,Echimyidae,0,0,0,0,0,0,20,0,10,70,G,1,0,0,292.04
2965,Proechimys oconnelli,Echimyidae,0,0,0,0,0,0,20,0,10,70,G,1,0,0,285
2966,Proechimys trinitatus,Echimyidae,0,0,0,0,0,0,20,0,10,70,G,1,0,0,296.15
2967,Proechimys urichi,Echimyidae,0,0,0,0,0,0,20,0,10,70,G,1,0,0,285
2968,Proechimys steerei,Echimyidae,0,0,0,0,0,0,20,0,10,70,G,1,0,0,285
2969,Proechimys guairae,Echimyidae,0,0,0,0,0,0,20,0,10,70,G,1,0,0,400
2970,Proechimys simonsi,Echimyidae,0,0,0,0,0,0,20,0,10,70,G,1,0,0,285
2971,Proechimys semispinosus,Echimyidae,0,0,0,0,0,0,20,0,10,70,G,1,0,0,360.5
2972,Proechimys roberti,Echimyidae,0,0,0,0,0,0,20,0,10,70,G,1,0,0,284.99
2973,Proechimys poliopus,Echimyidae,0,0,0,0,0,0,20,0,10,70,G,1,0,0,285
2974,Proechimys decumanus,Echimyidae,0,0,0,0,0,0,20,0,10,70,G,1,0,0,285
2975,Proechimys goeldii,Echimyidae,0,0,0,0,0,0,20,0,10,70,G,1,0,0,285
2976,Proechimys quadruplicatus,Echimyidae,0,0,0,0,0,0,20,0,10,70,G,1,0,0,285
2977,Proechimys echinothrix,Echimyidae,0,0,0,0,0,0,20,0,10,70,G,1,0,0,292.04
2978,Proechimys mincae,Echimyidae,0,0,0,0,0,0,20,0,10,70,G,1,0,0,285
2979,Proechimys cuvieri,Echimyidae,0,0,0,0,0,0,20,0,10,70,G,1,0,0,330
2980,Proechimys chrysaeolus,Echimyidae,0,0,0,0,0,0,20,0,10,70,G,1,0,0,285
2981,Proechimys canicollis,Echimyidae,0,0,0,0,0,0,20,0,10,70,G,1,0,0,285
2982,Proechimys guyannensis,Echimyidae,0,0,0,0,0,0,20,0,10,70,G,1,0,0,314.03
2983,Proechimys hoplomyoides,Echimyidae,0,0,0,0,0,0,20,0,10,70,G,1,0,0,285
2984,Proechimys kulinae,Echimyidae,0,0,0,0,0,0,20,0,10,70,G,1,0,0,292.04
2985,Proechimys longicaudatus,Echimyidae,0,0,0,0,0,0,20,0,10,70,G,1,0,0,205
2986,Proechimys gardneri,Echimyidae,0,0,0,0,0,0,20,0,10,70,G,1,0,0,292.04
2987,Proechimys magdalenae,Echimyidae,0,0,0,0,0,0,20,0,10,70,G,1,0,0,285
2988,Proechimys brevicauda,Echimyidae,0,0,0,0,0,0,20,0,10,70,G,1,0,0,285
2989,Thrichomys inermis,Echimyidae,0,0,0,0,0,0,60,0,40,0,G,1,0,0,339
2990,Thrichomys pachyurus,Echimyidae,0,0,0,0,0,0,60,0,40,0,G,1,0,0,339
2991,Thrichomys apereoides,Echimyidae,0,0,0,0,0,0,60,0,40,0,G,1,0,0,339
2992,Trinomys paratus,Echimyidae,0,0,0,0,0,0,20,0,10,70,G,1,0,0,235.59
2993,Trinomys dimidiatus,Echimyidae,0,0,0,0,0,0,20,0,10,70,G,1,0,0,167.6
2994,Trinomys gratiosus,Echimyidae,0,0,0,0,0,0,20,0,10,70,G,1,0,0,235.59
2995,Trinomys iheringi,Echimyidae,0,0,0,0,0,0,20,0,10,70,G,1,0,0,220.39
2996,Trinomys mirapitanga,Echimyidae,0,0,0,0,0,0,20,0,10,70,G,1,0,0,235.59
2997,Trinomys moojeni,Echimyidae,0,0,0,0,0,0,20,0,10,70,G,1,0,0,235.59
2998,Trinomys myosuros,Echimyidae,0,0,0,0,0,0,20,0,10,70,G,1,0,0,284.99
2999,Trinomys eliasi,Echimyidae,0,0,0,0,0,0,20,0,10,70,G,1,0,0,200
3000,Trinomys yonenagae,Echimyidae,0,0,0,0,0,0,20,0,10,70,G,1,0,0,235.59
3001,Trinomys albispinus,Echimyidae,0,0,0,0,0,0,20,0,10,70,G,1,0,0,284.99
3002,Trinomys setosus,Echimyidae,0,0,0,0,0,0,20,0,10,70,G,1,0,0,284.99
3003,Dactylomys peruanus,Echimyidae,0,0,0,0,0,0,0,0,0,100,Ar,1,0,0,382
3004,Dactylomys dactylinus,Echimyidae,0,0,0,0,0,0,0,0,0,100,Ar,1,0,0,649.99
3005,Dactylomys boliviensis,Echimyidae,0,0,0,0,0,0,0,0,0,100,Ar,1,0,0,728.8
3006,Kannabateomys amblyonyx,Echimyidae,0,0,0,0,0,0,0,0,0,100,Ar,1,0,0,600
3007,Olallamys edax,Echimyidae,0,0,0,0,0,0,30,0,20,50,Ar,1,0,0,206.4
3008,Olallamys albicauda,Echimyidae,0,0,0,0,0,0,30,0,20,50,Ar,1,0,0,273.5
3009,Boromys offella,Echimyidae,0,0,0,0,0,0,30,0,20,50,G,1,0,0,272.28
3010,Boromys torrei,Echimyidae,0,0,0,0,0,0,30,0,20,50,G,1,0,0,272.28
3011,Brotomys contractus,Echimyidae,0,0,0,0,0,0,30,0,20,50,G,1,0,0,272.28
3012,Brotomys voratus,Echimyidae,0,0,0,0,0,0,30,0,20,50,G,1,0,0,272.28
3013,Heteropsomys insulans,Echimyidae,0,0,0,0,0,0,30,0,20,50,G,1,0,0,272.28
3014,Heteropsomys antillensis,Echimyidae,0,0,0,0,0,0,30,0,20,50,G,1,0,0,272.28
3015,Thryonomys gregorianus,Thryonomyidae,0,0,0,0,0,0,10,0,10,80,G,1,0,0,2707.14
3016,Thryonomys swinderianus,Thryonomyidae,0,0,0,0,0,0,10,0,10,80,G,1,0,0,3180.02
3017,Chaetomys subspinosus,Erethizontidae,0,0,0,0,0,0,40,0,60,0,Ar,1,0,0,1299.99
3018,Coendou rothschildi,Erethizontidae,0,0,0,0,0,0,30,0,0,70,Ar,1,0,0,2000
3019,Coendou prehensilis,Erethizontidae,0,0,0,0,0,0,30,0,0,70,Ar,1,0,0,4399.97
3020,Coendou nycthemera,Erethizontidae,0,0,0,0,0,0,30,0,0,70,Ar,1,0,0,2999.98
3021,Coendou bicolor,Erethizontidae,0,0,0,0,0,0,30,0,0,70,Ar,1,0,0,4050.05
3022,Echinoprocta rufescens,Erethizontidae,0,0,0,0,0,0,30,0,0,70,Ar,1,0,0,831.8
3023,Erethizon dorsatum,Erethizontidae,0,0,0,0,0,0,10,0,20,70,S,1,0,0,7085.33
3024,Sphiggurus insidiosus,Erethizontidae,0,0,0,0,0,0,30,0,0,70,Ar,1,0,0,1000
3025,Sphiggurus villosus,Erethizontidae,0,0,0,0,0,0,30,0,0,70,Ar,1,0,0,1750.01
3026,Sphiggurus vestitus,Erethizontidae,0,0,0,0,0,0,30,0,0,70,Ar,1,0,0,736
3027,Sphiggurus melanurus,Erethizontidae,0,0,0,0,0,0,30,0,0,70,Ar,1,0,0,1900
3028,Sphiggurus roosmalenorum,Erethizontidae,0,0,0,0,0,0,30,0,0,70,Ar,1,0,0,1242.24
3029,Sphiggurus mexicanus,Erethizontidae,0,0,0,0,0,0,30,0,0,70,Ar,1,0,0,2000
3030,Sphiggurus pruinosus,Erethizontidae,0,0,0,0,0,0,30,0,0,70,Ar,1,0,0,1242.24
3031,Sphiggurus ichillus,Erethizontidae,0,0,0,0,0,0,30,0,0,70,Ar,1,0,0,1242.24
3032,Sphiggurus spinosus,Erethizontidae,0,0,0,0,0,0,30,0,0,70,Ar,1,0,0,750.79
3033,Chinchilla chinchilla,Chinchillidae,0,0,0,0,0,0,0,0,0,100,G,1,1,0,499.99
3034,Chinchilla lanigera,Chinchillidae,0,0,0,0,0,0,0,0,0,100,G,1,1,0,417
3035,Lagidium wolffsohni,Chinchillidae,0,0,0,0,0,0,0,0,0,100,G,0,1,0,2682.01
3036,Lagidium peruanum,Chinchillidae,0,0,0,0,0,0,0,0,0,100,G,0,1,0,1220
3037,Lagidium viscacia,Chinchillidae,0,0,0,0,0,0,0,0,0,100,G,0,1,0,1540
3038,Lagostomus crassus,Chinchillidae,0,0,0,0,0,0,0,0,40,60,G,0,1,0,4647.51
3039,Lagostomus maximus,Chinchillidae,0,0,0,0,0,0,0,0,40,60,G,0,1,0,4647.51
3040,Dinomys branickii,Dinomyidae,0,0,0,0,0,0,40,0,0,60,G,1,0,0,12500
3041,Cavia intermedia,Caviidae,0,0,0,0,0,0,0,0,0,100,G,0,1,0,578.88
3042,Cavia aperea,Caviidae,0,0,0,0,0,0,0,0,0,100,G,0,1,0,549
3043,Cavia fulgida,Caviidae,0,0,0,0,0,0,0,0,0,100,G,0,1,0,282.5
3044,Cavia porcellus,Caviidae,0,0,0,0,0,0,0,0,0,100,G,0,1,0,728
3045,Cavia tschudii,Caviidae,0,0,0,0,0,0,0,0,0,100,G,0,1,0,1000
3046,Cavia magna,Caviidae,0,0,0,0,0,0,0,0,0,100,G,0,1,0,460
3047,Galea musteloides,Caviidae,0,0,0,0,0,0,0,0,0,100,G,0,0,1,480
3048,Galea spixii,Caviidae,0,0,0,0,0,0,0,0,0,100,G,0,0,1,326.2
3049,Galea flavidens,Caviidae,0,0,0,0,0,0,0,0,0,100,G,0,0,1,450
3050,Microcavia australis,Caviidae,0,0,0,0,0,0,30,0,0,70,G,0,0,1,286.1
3051,Microcavia niata,Caviidae,0,0,0,0,0,0,30,0,0,70,G,0,0,1,255.2
3052,Microcavia shiptoni,Caviidae,0,0,0,0,0,0,30,0,0,70,G,0,0,1,185
3053,Dolichotis salinicola,Caviidae,0,0,0,0,0,0,0,0,0,100,G,0,0,1,1600
3054,Dolichotis patagonum,Caviidae,0,0,0,0,0,0,0,0,0,100,G,0,0,1,8000
3055,Hydrochoerus hydrochaeris,Caviidae,0,0,0,0,0,0,10,0,0,90,G,0,0,1,48144.91
3056,Hydrochoerus isthmius,Caviidae,0,0,0,0,0,0,10,0,0,90,G,0,0,1,21267.32
3057,Kerodon rupestris,Caviidae,0,0,0,0,0,0,0,0,0,100,G,0,1,0,800
3058,Kerodon acrobata,Caviidae,0,0,0,0,0,0,0,0,0,100,G,0,1,0,800
3059,Dasyprocta azarae,Dasyproctidae,10,0,0,0,0,0,40,0,0,50,G,0,1,1,2309.99
3060,Dasyprocta guamara,Dasyproctidae,10,0,0,0,0,0,40,0,0,50,G,0,1,1,2650.03
3061,Dasyprocta ruatanica,Dasyproctidae,10,0,0,0,0,0,40,0,0,50,G,0,1,1,2857.13
3062,Dasyprocta fuliginosa,Dasyproctidae,10,0,0,0,0,0,40,0,0,50,G,0,1,1,3500.02
3063,Dasyprocta kalinowskii,Dasyproctidae,10,0,0,0,0,0,40,0,0,50,G,0,1,1,2650.03
3064,Dasyprocta cristata,Dasyproctidae,10,0,0,0,0,0,40,0,0,50,G,0,1,1,2650.03
3065,Dasyprocta leporina,Dasyproctidae,10,0,0,0,0,0,40,0,0,50,G,0,1,1,3020.02
3066,Dasyprocta mexicana,Dasyproctidae,10,0,0,0,0,0,40,0,0,50,G,0,1,1,5000
3067,Dasyprocta prymnolopha,Dasyproctidae,10,0,0,0,0,0,40,0,0,50,G,0,1,1,2900.01
3068,Dasyprocta punctata,Dasyproctidae,10,0,0,0,0,0,40,0,0,50,G,0,1,1,2674.98
3069,Dasyprocta coibae,Dasyproctidae,10,0,0,0,0,0,40,0,0,50,G,0,1,1,2660.13
3070,Myoprocta pratti,Dasyproctidae,20,0,0,0,0,0,40,0,0,40,G,0,0,1,966.73
3071,Myoprocta acouchy,Dasyproctidae,10,0,0,0,0,0,40,0,0,50,G,0,0,1,600
3072,Cuniculus taczanowskii,Cuniculidae,0,0,0,0,0,0,20,0,30,50,G,1,0,0,8999.95
3073,Cuniculus paca,Cuniculidae,0,0,0,0,0,0,20,0,30,50,G,1,0,0,8172.55
3074,Aconaemys sagei,Octodontidae,0,0,0,0,0,0,40,0,0,60,G,0,0,1,96.5
3075,Aconaemys fuscus,Octodontidae,0,0,0,0,0,0,40,0,0,60,G,1,0,0,133.5
3076,Aconaemys porteri,Octodontidae,0,0,0,0,0,0,40,0,0,60,G,1,1,1,113.5
3077,Octodon pacificus,Octodontidae,0,0,0,0,0,0,20,0,20,60,G,0,0,1,194.34
3078,Octodon bridgesi,Octodontidae,0,0,0,0,0,0,20,0,20,60,G,0,0,1,150
3079,Octodon degus,Octodontidae,0,0,0,0,0,0,20,0,20,60,G,0,0,1,210
3080,Octodon lunatus,Octodontidae,0,0,0,0,0,0,20,0,20,60,G,0,0,1,233
3081,Octodontomys gliroides,Octodontidae,0,0,0,0,0,0,50,0,0,50,G,0,1,0,150
3082,Octomys mimax,Octodontidae,0,0,0,0,0,0,0,0,0,100,G,1,0,0,131
3083,Pipanacoctomys aureus,Octodontidae,0,0,0,0,0,0,30,0,0,70,G,0,0,1,136.62
3084,Salinoctomys loschalchalerosorum,Octodontidae,0,0,0,0,0,0,30,0,0,70,G,0,0,1,136.62
3085,Spalacopus cyanus,Octodontidae,0,0,0,0,0,0,0,0,0,100,G,0,0,1,127.5
3086,Tympanoctomys barrerae,Octodontidae,0,0,0,0,0,0,0,0,0,100,G,1,0,0,70
3087,Abrocoma boliviensis,Abrocomidae,0,0,0,0,0,0,0,0,0,100,G,1,0,0,158
3088,Abrocoma budini,Abrocomidae,0,0,0,0,0,0,0,0,0,100,G,1,0,0,214.69
3089,Abrocoma cinerea,Abrocomidae,0,0,0,0,0,0,0,0,0,100,G,1,0,0,250
3090,Abrocoma famatina,Abrocomidae,0,0,0,0,0,0,0,0,0,100,G,1,0,0,214.69
3091,Abrocoma shistacea,Abrocomidae,0,0,0,0,0,0,0,0,0,100,G,1,0,0,214.69
3092,Abrocoma uspallata,Abrocomidae,0,0,0,0,0,0,0,0,0,100,G,1,0,0,214.69
3093,Abrocoma vaccarum,Abrocomidae,0,0,0,0,0,0,0,0,0,100,G,1,0,0,214.69
3094,Abrocoma bennettii,Abrocomidae,0,0,0,0,0,0,0,0,0,100,G,1,0,0,250.5
3095,Cuscomys ashaninka,Abrocomidae,0,0,0,0,0,0,0,0,0,100,G,1,0,0,910
3096,Cuscomys oblativa,Abrocomidae,0,0,0,0,0,0,0,0,0,100,G,1,0,0,910
3097,Myocastor coypus,Myocastoridae,0,0,0,0,0,0,0,0,0,100,G,1,0,0,6937.45
3098,Capromys pilorides,Capromyidae,0,0,0,0,0,0,30,0,0,70,G,1,0,0,5650
3099,Capromys gundlachianus,Capromyidae,0,0,0,0,0,0,30,0,0,70,G,1,0,0,5650
3100,Geocapromys brownii,Capromyidae,0,0,0,0,0,0,30,0,0,70,S,1,0,0,1500
3101,Geocapromys ingrahami,Capromyidae,0,0,0,0,0,0,30,0,0,70,S,1,0,0,800
3102,Geocapromys thoracatus,Capromyidae,0,0,0,0,0,0,30,0,0,70,S,1,1,0,1500
3103,Mesocapromys nanus,Capromyidae,0,0,0,0,0,0,30,0,0,70,G,0,0,1,583.33
3104,Mesocapromys sanfelipensis,Capromyidae,0,0,0,0,0,0,30,0,0,70,G,0,0,1,554.44
3105,Mesocapromys melanurus,Capromyidae,0,0,0,0,0,0,30,0,0,70,G,0,0,1,883.14
3106,Mesocapromys auritus,Capromyidae,0,0,0,0,0,0,30,0,0,70,S,0,0,1,585.55
3107,Mesocapromys angelcabrerai,Capromyidae,0,0,0,0,0,0,30,0,0,70,S,0,0,1,470
3108,Mysateles meridionalis,Capromyidae,0,0,0,0,0,0,30,0,0,70,Ar,1,0,0,884.61
3109,Mysateles prehensilis,Capromyidae,0,0,0,0,0,0,30,0,0,70,Ar,1,0,0,926.71
3110,Mysateles garridoi,Capromyidae,0,0,0,0,0,0,30,0,0,70,Ar,1,0,0,929.09
3111,Hexolobodon phenax,Capromyidae,0,0,0,0,0,0,30,0,0,70,G,1,0,0,1350.1
3112,Isolobodon montanus,Capromyidae,0,0,0,0,0,0,30,0,0,70,G,1,0,0,1350.1
3113,Isolobodon portoricensis,Capromyidae,0,0,0,0,0,0,30,0,0,70,G,1,0,0,1350.1
3114,Plagiodontia araeum,Capromyidae,0,0,0,0,0,0,30,0,0,70,G,1,0,0,1267
3115,Plagiodontia ipnaeum,Capromyidae,0,0,0,0,0,0,30,0,0,70,G,1,0,0,1267
3116,Plagiodontia aedium,Capromyidae,0,0,0,0,0,0,30,0,0,70,G,1,0,0,1267
3117,Rhizoplagiodontia lemkei,Capromyidae,0,0,0,0,0,0,30,0,0,70,G,1,0,0,1350.1
3122,Ochotona cansus,Ochotonidae,0,0,0,0,0,0,0,0,0,100,G,1,1,1,68.75
3123,Ochotona nubrica,Ochotonidae,0,0,0,0,0,0,0,0,0,100,G,1,1,1,116.21
3124,Ochotona pusilla,Ochotonidae,0,0,0,0,0,0,0,0,0,100,G,1,1,1,142.5
3125,Ochotona rufescens,Ochotonidae,0,0,0,0,0,0,0,0,0,100,G,1,1,1,250
3126,Ochotona dauurica,Ochotonidae,0,0,0,0,0,0,0,0,0,100,G,1,1,1,109
3127,Ochotona thibetana,Ochotonidae,0,0,0,0,0,0,0,0,0,100,G,1,1,1,83.1
3128,Ochotona thomasi,Ochotonidae,0,0,0,0,0,0,0,0,0,100,G,1,1,1,111.63
3129,Ochotona huangensis,Ochotonidae,0,0,0,0,0,0,0,0,0,100,G,1,1,1,105.33
3130,Ochotona curzoniae,Ochotonidae,0,0,0,0,0,0,0,0,0,100,G,1,1,1,131.48
3131,Ochotona turuchanensis,Ochotonidae,0,0,0,0,0,0,0,0,0,100,G,1,1,1,142.15
3132,Ochotona princeps,Ochotonidae,0,0,0,0,0,0,0,0,0,100,G,1,1,1,157.63
3133,Ochotona pallasi,Ochotonidae,0,0,0,0,0,0,0,0,0,100,G,1,1,1,149.62
3134,Ochotona hyperborea,Ochotonidae,0,0,0,0,0,0,0,0,0,100,G,1,1,1,120
3135,Ochotona alpina,Ochotonidae,0,0,0,0,0,0,0,0,0,100,G,1,1,1,150
3136,Ochotona argentata,Ochotonidae,0,0,0,0,0,0,0,0,0,100,G,1,1,1,142.15
3137,Ochotona hoffmanni,Ochotonidae,0,0,0,0,0,0,0,0,0,100,G,1,1,1,142.15
3138,Ochotona collaris,Ochotonidae,0,0,0,0,0,0,0,0,0,100,G,1,1,1,129
3139,Ochotona roylei,Ochotonidae,0,0,0,0,0,0,0,0,0,100,G,1,1,1,260
3140,Ochotona erythrotis,Ochotonidae,0,0,0,0,0,0,0,0,0,100,G,1,1,1,181
3141,Ochotona forresti,Ochotonidae,0,0,0,0,0,0,0,0,0,100,G,1,1,1,111.65
3142,Ochotona gaoligongensis,Ochotonidae,0,0,0,0,0,0,0,0,0,100,G,1,1,1,111.61
3143,Ochotona ladacensis,Ochotonidae,0,0,0,0,0,0,0,0,0,100,G,1,1,1,182.19
3144,Ochotona rutila,Ochotonidae,0,0,0,0,0,0,0,0,0,100,G,1,1,1,182.02
3145,Ochotona koslowi,Ochotonidae,0,0,0,0,0,0,0,0,0,100,G,1,1,1,182.03
3146,Ochotona gloveri,Ochotonidae,0,0,0,0,0,0,0,0,0,100,G,1,1,1,181.97
3147,Ochotona macrotis,Ochotonidae,0,0,0,0,0,0,0,0,0,100,G,1,1,1,260
3148,Ochotona muliensis,Ochotonidae,0,0,0,0,0,0,0,0,0,100,G,1,1,1,182
3149,Ochotona nigritia,Ochotonidae,0,0,0,0,0,0,0,0,0,100,G,1,1,1,142.15
3150,Ochotona himalayana,Ochotonidae,0,0,0,0,0,0,0,0,0,100,G,1,1,1,189.31
3151,Ochotona iliensis,Ochotonidae,0,0,0,0,0,0,0,0,0,100,G,1,1,1,209.75
3153,Brachylagus idahoensis,Leporidae,0,0,0,0,0,0,0,0,0,100,G,1,1,0,421.34
3154,Bunolagus monticularis,Leporidae,0,0,0,0,0,0,0,0,0,100,G,1,0,0,1750.01
3155,Caprolagus hispidus,Leporidae,0,0,0,0,0,0,0,0,0,100,G,1,0,0,2497
3156,Lepus arcticus,Leporidae,0,0,0,0,0,30,0,0,0,70,G,1,0,0,4405.04
3157,Lepus othus,Leporidae,0,0,0,0,0,0,0,0,0,100,G,1,0,0,4805.96
3158,Lepus timidus,Leporidae,0,0,0,0,0,0,0,0,0,100,G,1,0,0,3048
3159,Lepus alleni,Leporidae,0,0,0,0,0,0,0,0,0,100,G,1,0,0,3685.02
3160,Lepus americanus,Leporidae,0,0,0,0,0,0,0,0,0,100,G,1,0,0,1710.02
3161,Lepus tolai,Leporidae,0,0,0,0,0,0,0,0,0,100,G,1,0,0,1589
3162,Lepus tibetanus,Leporidae,0,0,0,0,0,0,0,0,0,100,G,1,0,0,2451.03
3163,Lepus insularis,Leporidae,0,0,0,0,0,0,0,0,0,100,G,1,0,0,2658.02
3164,Lepus starcki,Leporidae,0,0,0,0,0,0,0,0,0,100,G,1,0,0,2750
3165,Lepus castroviejoi,Leporidae,0,0,0,0,0,0,0,0,0,100,G,1,0,0,2822.41
3166,Lepus comus,Leporidae,0,0,0,0,0,0,0,0,0,100,G,1,0,0,1460
3167,Lepus coreanus,Leporidae,0,0,0,0,0,0,0,0,0,100,G,1,0,0,2017.79
3168,Lepus europaeus,Leporidae,0,0,0,0,0,0,0,0,0,100,G,1,0,0,3740
3169,Lepus mandshuricus,Leporidae,0,0,0,0,0,0,0,0,0,100,G,1,0,0,1800
3170,Lepus microtis,Leporidae,0,0,0,0,0,0,0,0,0,100,G,1,0,0,1763.61
3171,Lepus fagani,Leporidae,0,0,0,0,0,0,0,0,0,100,G,1,0,0,2048.51
3172,Lepus peguensis,Leporidae,0,0,0,0,0,0,0,0,0,100,G,1,0,0,2267.5
3173,Lepus hainanus,Leporidae,0,0,0,0,0,0,0,0,0,100,G,1,0,0,2000
3174,Lepus nigricollis,Leporidae,0,0,0,0,0,0,0,0,0,100,G,1,0,0,2298.5
3175,Lepus sinensis,Leporidae,0,0,0,0,0,0,0,0,0,100,G,1,0,0,1510
3176,Lepus habessinicus,Leporidae,0,0,0,0,0,0,0,0,0,100,G,1,0,0,2015.56
3177,Lepus brachyurus,Leporidae,0,0,0,0,0,0,0,0,0,100,G,1,0,0,2519.45
3178,Lepus saxatilis,Leporidae,0,0,0,0,0,0,0,0,0,100,G,1,0,0,2363.33
3179,Lepus townsendii,Leporidae,0,0,0,0,0,0,0,0,0,100,G,1,0,0,1555
3180,Lepus callotis,Leporidae,0,0,0,0,0,0,0,0,0,100,G,1,0,0,2500
3182,Lepus californicus,Leporidae,0,0,0,0,0,0,0,0,0,100,G,1,0,0,2422.48
3183,Lepus oiostolus,Leporidae,0,0,0,0,0,0,0,0,0,100,G,1,0,0,3000
3184,Lepus flavigularis,Leporidae,0,0,0,0,0,0,0,0,0,100,G,1,0,0,2999.99
3185,Lepus capensis,Leporidae,0,0,0,0,0,0,0,0,0,100,G,1,0,0,3261.67
3186,Lepus granatensis,Leporidae,0,0,0,0,0,0,0,0,0,100,G,1,0,0,4010
3187,Lepus corsicanus,Leporidae,0,0,0,0,0,0,0,0,0,100,G,1,0,0,3000
3188,Lepus yarkandensis,Leporidae,0,0,0,0,0,0,0,0,0,100,G,1,0,0,1460.41
3189,Sylvilagus insonus,Leporidae,0,0,0,0,0,0,0,0,0,100,G,1,1,0,2999.99
3190,Sylvilagus obscurus,Leporidae,0,0,0,0,0,0,0,0,0,100,G,1,1,0,1218.45
3191,Sylvilagus cognatus,Leporidae,0,0,0,0,0,0,0,0,0,100,G,1,1,0,1218.45
3192,Sylvilagus transitionalis,Leporidae,0,0,0,0,0,0,0,0,0,100,G,1,1,0,656.7
3193,Sylvilagus nuttallii,Leporidae,0,0,0,0,0,0,0,0,0,100,G,1,1,0,755.09
3194,Sylvilagus graysoni,Leporidae,0,0,0,0,0,0,0,0,0,100,G,1,1,0,964.01
3195,Sylvilagus floridanus,Leporidae,0,0,0,0,0,0,0,0,0,100,G,1,1,0,1172.79
3196,Sylvilagus cunicularius,Leporidae,0,0,0,0,0,0,0,0,0,100,G,1,1,0,2999.99
3197,Sylvilagus robustus,Leporidae,0,0,0,0,0,0,0,0,0,100,G,1,1,0,1218.45
3198,Sylvilagus audubonii,Leporidae,0,0,0,0,0,0,0,0,0,100,G,1,1,0,889.63
3199,Sylvilagus varynaensis,Leporidae,0,0,0,0,0,0,0,0,0,100,G,1,1,0,1218.45
3200,Sylvilagus brasiliensis,Leporidae,0,0,0,0,0,0,0,0,0,100,G,1,1,0,949.99
3201,Sylvilagus aquaticus,Leporidae,0,0,0,0,0,0,0,0,0,100,G,1,1,0,2135.8
3202,Sylvilagus palustris,Leporidae,0,0,0,0,0,0,0,0,0,100,G,1,1,0,1500
3203,Sylvilagus bachmani,Leporidae,0,0,0,0,0,0,0,0,0,100,G,1,1,0,643.25
3204,Sylvilagus dicei,Leporidae,0,0,0,0,0,0,0,0,0,100,G,1,1,0,1343.35
3205,Sylvilagus mansuetus,Leporidae,0,0,0,0,0,0,0,0,0,100,G,1,1,0,811.92
3206,Nesolagus timminsi,Leporidae,0,0,0,0,0,0,0,0,0,100,G,1,1,0,1500
3207,Nesolagus netscheri,Leporidae,0,0,0,0,0,0,0,0,0,100,G,1,0,0,1500
3208,Oryctolagus cuniculus,Leporidae,0,0,0,0,0,0,0,0,0,100,G,1,0,0,1832.22
3209,Pentalagus furnessi,Leporidae,0,0,0,0,0,0,0,0,50,50,G,1,0,0,2396.25
3210,Poelagus marjorita,Leporidae,0,0,0,0,0,0,0,0,0,100,G,1,0,0,2500
3211,Pronolagus crassicaudatus,Leporidae,0,0,0,0,0,0,0,0,0,100,G,1,0,0,2089
3212,Pronolagus randensis,Leporidae,0,0,0,0,0,0,0,0,0,100,G,1,0,0,2335.02
3213,Pronolagus rupestris,Leporidae,0,0,0,0,0,0,0,0,0,100,G,1,0,0,1754
3214,Romerolagus diazi,Leporidae,0,0,0,0,0,0,0,0,0,100,G,1,1,1,476.65
3215,Atelerix albiventris,Erinaceidae,20,10,30,0,10,0,20,0,0,10,G,1,0,0,600
3216,Atelerix algirus,Erinaceidae,20,10,30,0,10,0,20,0,0,10,G,1,0,0,1250
3217,Atelerix frontalis,Erinaceidae,20,10,30,0,10,0,20,0,0,10,G,1,0,0,309.5
3218,Atelerix sclateri,Erinaceidae,20,10,30,0,10,0,20,0,0,10,G,1,0,0,539.15
3219,Erinaceus amurensis,Erinaceidae,80,10,10,0,0,0,0,0,0,0,G,1,0,0,571.88
3220,Erinaceus roumanicus,Erinaceidae,70,20,10,0,0,0,0,0,0,0,G,1,0,0,744.55
3221,Erinaceus concolor,Erinaceidae,80,10,10,0,0,0,0,0,0,0,G,1,0,0,719
3222,Erinaceus europaeus,Erinaceidae,80,10,10,0,0,0,0,0,0,0,G,1,0,0,771
3223,Hemiechinus auritus,Erinaceidae,30,0,0,0,30,20,10,0,10,0,G,1,0,0,342
3224,Hemiechinus collaris,Erinaceidae,30,0,0,0,30,20,10,0,10,0,G,1,0,0,141
3225,Mesechinus dauuricus,Erinaceidae,0,0,0,0,40,30,10,0,20,0,G,1,0,0,342
3226,Mesechinus hughi,Erinaceidae,0,0,0,0,40,30,10,0,20,0,G,1,0,0,315.81
3227,Paraechinus aethiopicus,Erinaceidae,30,0,0,0,30,20,10,0,10,0,G,1,0,0,352.4
3228,Paraechinus hypomelas,Erinaceidae,30,0,0,0,30,20,10,0,10,0,G,1,0,0,213
3229,Paraechinus micropus,Erinaceidae,30,0,0,0,30,20,10,0,10,0,G,1,0,0,171
3230,Paraechinus nudiventris,Erinaceidae,30,0,0,0,30,20,10,0,10,0,G,1,0,0,234.14
3231,Echinosorex gymnura,Erinaceidae,50,0,30,20,0,0,0,0,0,0,G,1,0,0,957
3232,Hylomys suillus,Erinaceidae,100,0,0,0,0,0,0,0,0,0,G,1,1,1,65.83
3233,Hylomys megalotis,Erinaceidae,100,0,0,0,0,0,0,0,0,0,G,1,1,1,65.83
3234,Hylomys parvus,Erinaceidae,100,0,0,0,0,0,0,0,0,0,G,1,1,1,65.83
3235,Neohylomys hainanensis,Erinaceidae,100,0,0,0,0,0,0,0,0,0,G,1,1,1,52.21
3236,Neotetracus sinensis,Erinaceidae,100,0,0,0,0,0,0,0,0,0,G,1,0,0,290.15
3237,Podogymnura truei,Erinaceidae,80,20,0,0,0,0,0,0,0,0,G,1,1,0,114
3238,Podogymnura aureospinula,Erinaceidae,80,20,0,0,0,0,0,0,0,0,G,1,1,0,247
3248,Solenodon paradoxus,Solenodontidae,30,10,20,0,0,0,20,0,0,20,G,1,0,0,900
3249,Solenodon marcanoi,Solenodontidae,30,10,20,0,0,0,20,0,0,20,G,1,0,0,764.85
3250,Solenodon cubanus,Solenodontidae,30,10,20,0,0,0,20,0,0,20,G,1,0,0,650
3251,Solenodon arredondoi,Solenodontidae,20,10,20,0,0,0,20,0,0,30,G,1,0,0,764.85
3252,Crocidura phaeura,Soricidae,50,0,10,0,0,40,0,0,0,0,G,1,0,0,10.35
3253,Crocidura orii,Soricidae,50,0,10,0,0,40,0,0,0,0,G,1,0,0,14.4
3254,Crocidura nigricans,Soricidae,50,0,10,0,0,40,0,0,0,0,G,1,0,0,20
3255,Crocidura nigrofusca,Soricidae,50,0,10,0,0,40,0,0,0,0,G,1,0,0,11.75
3256,Crocidura nimbae,Soricidae,50,0,10,0,0,40,0,0,0,0,G,1,0,0,15.5
3257,Crocidura niobe,Soricidae,50,0,10,0,0,40,0,0,0,0,G,1,0,0,16
3258,Crocidura obscurior,Soricidae,50,0,10,0,0,40,0,0,0,0,G,1,0,0,10.35
3259,Crocidura olivieri,Soricidae,50,0,10,0,0,40,0,0,0,0,G,1,0,0,57.95
3260,Crocidura orientalis,Soricidae,50,0,10,0,0,40,0,0,0,0,G,1,0,0,15.8
3261,Crocidura nigripes,Soricidae,50,0,10,0,0,40,0,0,0,0,G,1,0,0,13.2
3262,Crocidura palawanensis,Soricidae,50,0,10,0,0,40,0,0,0,0,G,1,0,0,10.35
3263,Crocidura paradoxura,Soricidae,50,0,10,0,0,40,0,0,0,0,G,1,0,0,8.23
3264,Crocidura parvipes,Soricidae,50,0,10,0,0,40,0,0,0,0,G,1,0,0,10.35
3265,Crocidura nigeriae,Soricidae,50,0,10,0,0,40,0,0,0,0,G,1,0,0,23
3266,Crocidura pergrisea,Soricidae,50,0,10,0,0,40,0,0,0,0,G,1,0,0,10.1
3267,Crocidura nana,Soricidae,50,0,10,0,0,40,0,0,0,0,G,1,0,0,10.35
3268,Crocidura picea,Soricidae,50,0,10,0,0,40,0,0,0,0,G,1,0,0,10.35
3269,Crocidura pitmani,Soricidae,50,0,10,0,0,40,0,0,0,0,G,1,0,0,10.35
3270,Crocidura planiceps,Soricidae,50,0,10,0,0,40,0,0,0,0,G,1,0,0,2.5
3271,Crocidura poensis,Soricidae,50,0,10,0,0,40,0,0,0,0,G,1,0,0,16.57
3272,Crocidura pasha,Soricidae,50,0,10,0,0,40,0,0,0,0,G,1,0,0,6.5
3273,Crocidura miya,Soricidae,50,0,10,0,0,40,0,0,0,0,G,1,0,0,10.2
3274,Crocidura macarthuri,Soricidae,50,0,10,0,0,40,0,0,0,0,G,1,0,0,10.35
3275,Crocidura zimmermanni,Soricidae,50,0,10,0,0,40,0,0,0,0,G,1,0,0,10.35
3276,Crocidura macmillani,Soricidae,50,0,10,0,0,40,0,0,0,0,G,1,0,0,10.35
3277,Crocidura macowi,Soricidae,50,0,10,0,0,40,0,0,0,0,G,1,0,0,10.35
3278,Crocidura malayana,Soricidae,50,0,10,0,0,40,0,0,0,0,G,1,0,0,12.7
3279,Crocidura manengubae,Soricidae,50,0,10,0,0,40,0,0,0,0,G,1,0,0,10.35
3280,Crocidura maquassiensis,Soricidae,50,0,10,0,0,40,0,0,0,0,G,1,0,0,6
3281,Crocidura mariquensis,Soricidae,50,0,10,0,0,40,0,0,0,0,G,1,0,0,11.25
3282,Crocidura maurisca,Soricidae,50,0,10,0,0,40,0,0,0,0,G,1,0,0,14
3283,Crocidura negligens,Soricidae,50,0,10,0,0,40,0,0,0,0,G,1,0,0,10.42
3284,Crocidura mindorus,Soricidae,50,0,10,0,0,40,0,0,0,0,G,1,0,0,18
3285,Crocidura nicobarica,Soricidae,50,0,10,0,0,40,0,0,0,0,G,1,0,0,28.9
3286,Crocidura monax,Soricidae,50,0,10,0,0,40,0,0,0,0,G,1,0,0,16
3287,Crocidura monticola,Soricidae,50,0,10,0,0,40,0,0,0,0,G,1,0,0,6.6
3288,Crocidura montis,Soricidae,50,0,10,0,0,40,0,0,0,0,G,1,0,0,14.5
3289,Crocidura muricauda,Soricidae,50,0,10,0,0,40,0,0,0,0,G,1,0,0,10.35
3290,Crocidura musseri,Soricidae,50,0,10,0,0,40,0,0,0,0,G,1,0,0,10.42
3291,Crocidura mutesae,Soricidae,50,0,10,0,0,40,0,0,0,0,G,1,0,0,23.91
3292,Crocidura religiosa,Soricidae,50,0,10,0,0,40,0,0,0,0,G,1,0,0,7
3293,Crocidura nanilla,Soricidae,50,0,10,0,0,40,0,0,0,0,G,1,0,0,6.5
3294,Crocidura polia,Soricidae,50,0,10,0,0,40,0,0,0,0,G,1,0,0,10.35
3295,Crocidura negrina,Soricidae,50,0,10,0,0,40,0,0,0,0,G,1,0,0,11.33
3296,Crocidura maxi,Soricidae,50,0,10,0,0,40,0,0,0,0,G,1,0,0,7.53
3297,Crocidura vosmaeri,Soricidae,50,0,10,0,0,40,0,0,0,0,G,1,0,0,10.42
3298,Crocidura rapax,Soricidae,50,0,10,0,0,40,0,0,0,0,G,1,0,0,10.42
3299,Crocidura theresae,Soricidae,50,0,10,0,0,40,0,0,0,0,G,1,0,0,17.6
3300,Crocidura thomensis,Soricidae,50,0,10,0,0,40,0,0,0,0,G,1,0,0,10.35
3301,Crocidura trichura,Soricidae,50,0,10,0,0,40,0,0,0,0,G,1,0,0,10.42
3302,Crocidura turba,Soricidae,50,0,10,0,0,40,0,0,0,0,G,1,0,0,14.5
3303,Crocidura ultima,Soricidae,50,0,10,0,0,40,0,0,0,0,G,1,0,0,16
3304,Crocidura usambarae,Soricidae,50,0,10,0,0,40,0,0,0,0,G,1,0,0,9.7
3305,Crocidura viaria,Soricidae,50,0,10,0,0,40,0,0,0,0,G,1,0,0,17
3306,Crocidura virgata,Soricidae,50,0,10,0,0,40,0,0,0,0,G,1,0,0,10.42
3307,Crocidura tenuis,Soricidae,50,0,10,0,0,40,0,0,0,0,G,1,0,0,9.43
3308,Crocidura vorax,Soricidae,50,0,10,0,0,40,0,0,0,0,G,1,0,0,10.42
3309,Crocidura telfordi,Soricidae,50,0,10,0,0,40,0,0,0,0,G,1,0,0,10.35
3310,Crocidura watasei,Soricidae,50,0,10,0,0,40,0,0,0,0,G,1,0,0,10.42
3311,Crocidura whitakeri,Soricidae,50,0,10,0,0,40,0,0,0,0,G,1,0,0,5.5
3312,Crocidura wimmeri,Soricidae,50,0,10,0,0,40,0,0,0,0,G,1,0,0,23.5
3313,Crocidura wuchihensis,Soricidae,50,0,10,0,0,40,0,0,0,0,G,1,0,0,4.3
3314,Crocidura xantippe,Soricidae,50,0,10,0,0,40,0,0,0,0,G,1,0,0,10.35
3315,Crocidura yankariensis,Soricidae,50,0,10,0,0,40,0,0,0,0,G,1,0,0,5
3316,Crocidura zaphiri,Soricidae,50,0,10,0,0,40,0,0,0,0,G,1,0,0,10.35
3317,Crocidura zarudnyi,Soricidae,50,0,10,0,0,40,0,0,0,0,G,1,0,0,6.71
3318,Crocidura lucina,Soricidae,50,0,10,0,0,40,0,0,0,0,G,1,0,0,10.35
3319,Crocidura voi,Soricidae,50,0,10,0,0,40,0,0,0,0,G,1,0,0,10.35
3320,Crocidura silacea,Soricidae,50,0,10,0,0,40,0,0,0,0,G,1,0,0,8
3321,Crocidura raineyi,Soricidae,50,0,10,0,0,40,0,0,0,0,G,1,0,0,14.5
3322,Crocidura ramona,Soricidae,50,0,10,0,0,40,0,0,0,0,G,1,0,0,10.42
3323,Crocidura zimmeri,Soricidae,50,0,10,0,0,40,0,0,0,0,G,1,0,0,14.5
3324,Crocidura rhoditis,Soricidae,50,0,10,0,0,40,0,0,0,0,G,1,0,0,14
3325,Crocidura roosevelti,Soricidae,50,0,10,0,0,40,0,0,0,0,G,1,0,0,10.35
3326,Crocidura russula,Soricidae,50,0,10,0,0,40,0,0,0,0,G,1,0,0,8.2
3327,Crocidura selina,Soricidae,50,0,10,0,0,40,0,0,0,0,G,1,0,0,10.35
3328,Crocidura serezkyensis,Soricidae,50,0,10,0,0,40,0,0,0,0,G,1,0,0,10.35
3329,Crocidura shantungensis,Soricidae,50,0,10,0,0,40,0,0,0,0,G,1,0,0,10.42
3330,Crocidura thalia,Soricidae,50,0,10,0,0,40,0,0,0,0,G,1,0,0,10.35
3331,Crocidura sicula,Soricidae,50,0,10,0,0,40,0,0,0,0,G,1,0,0,6.9
3332,Crocidura pullata,Soricidae,50,0,10,0,0,40,0,0,0,0,G,1,0,0,10.35
3333,Crocidura smithii,Soricidae,50,0,10,0,0,40,0,0,0,0,G,1,0,0,10.35
3334,Crocidura somalica,Soricidae,50,0,10,0,0,40,0,0,0,0,G,1,0,0,11.5
3335,Crocidura stenocephala,Soricidae,50,0,10,0,0,40,0,0,0,0,G,1,0,0,21
3336,Crocidura suaveolens,Soricidae,50,0,10,0,0,40,0,0,0,0,G,1,0,0,5.19
3337,Crocidura susiana,Soricidae,50,0,10,0,0,40,0,0,0,0,G,1,0,0,10.35
3338,Crocidura tanakae,Soricidae,50,0,10,0,0,40,0,0,0,0,G,1,0,0,10.42
3339,Crocidura tansaniana,Soricidae,50,0,10,0,0,40,0,0,0,0,G,1,0,0,10.35
3340,Crocidura tarella,Soricidae,50,0,10,0,0,40,0,0,0,0,G,1,0,0,10.35
3341,Crocidura tarfayensis,Soricidae,50,0,10,0,0,40,0,0,0,0,G,1,0,0,6.5
3342,Crocidura sibirica,Soricidae,50,0,10,0,0,40,0,0,0,0,G,1,0,0,10.35
3343,Crocidura eisentrauti,Soricidae,50,0,10,0,0,40,0,0,0,0,G,1,0,0,10.35
3344,Crocidura floweri,Soricidae,50,0,10,0,0,40,0,0,0,0,G,1,0,0,10.35
3345,Crocidura crossei,Soricidae,50,0,10,0,0,40,0,0,0,0,G,1,0,0,6.9
3346,Crocidura cyanea,Soricidae,50,0,10,0,0,40,0,0,0,0,G,1,0,0,9.35
3347,Crocidura denti,Soricidae,50,0,10,0,0,40,0,0,0,0,G,1,0,0,7
3348,Crocidura desperata,Soricidae,50,0,10,0,0,40,0,0,0,0,G,1,0,0,10.35
3349,Crocidura dhofarensis,Soricidae,50,0,10,0,0,40,0,0,0,0,G,1,0,0,5.8
3350,Crocidura dolichura,Soricidae,50,0,10,0,0,40,0,0,0,0,G,1,0,0,5.7
3351,Crocidura congobelgica,Soricidae,50,0,10,0,0,40,0,0,0,0,G,1,0,0,10.35
3352,Crocidura dsinezumi,Soricidae,50,0,10,0,0,40,0,0,0,0,G,1,0,0,10.21
3353,Crocidura cinderella,Soricidae,50,0,10,0,0,40,0,0,0,0,G,1,0,0,10.35
3354,Crocidura elgonius,Soricidae,50,0,10,0,0,40,0,0,0,0,G,1,0,0,6.5
3355,Crocidura allex,Soricidae,50,0,10,0,0,40,0,0,0,0,G,1,0,0,10.35
3356,Crocidura aleksandrisi,Soricidae,50,0,10,0,0,40,0,0,0,0,G,1,0,0,10.35
3357,Crocidura luna,Soricidae,50,0,10,0,0,40,0,0,0,0,G,1,0,0,14.5
3358,Crocidura lusitania,Soricidae,50,0,10,0,0,40,0,0,0,0,G,1,0,0,2
3359,Crocidura elongata,Soricidae,50,0,10,0,0,40,0,0,0,0,G,1,0,0,17.8
3360,Crocidura andamanensis,Soricidae,50,0,10,0,0,40,0,0,0,0,G,1,0,0,10.35
3361,Crocidura fischeri,Soricidae,50,0,10,0,0,40,0,0,0,0,G,1,0,0,10.35
3362,Crocidura douceti,Soricidae,50,0,10,0,0,40,0,0,0,0,G,1,0,0,4.3
3363,Crocidura beatus,Soricidae,50,0,10,0,0,40,0,0,0,0,G,1,0,0,10.55
3364,Crocidura ansellorum,Soricidae,50,0,10,0,0,40,0,0,0,0,G,1,0,0,10.35
3365,Crocidura arabica,Soricidae,50,0,10,0,0,40,0,0,0,0,G,1,0,0,5.86
3366,Crocidura arispa,Soricidae,50,0,10,0,0,40,0,0,0,0,G,1,0,0,10.42
3367,Crocidura armenica,Soricidae,50,0,10,0,0,40,0,0,0,0,G,1,0,0,10.35
3368,Crocidura attenuata,Soricidae,50,0,10,0,0,40,0,0,0,0,G,1,0,0,14.27
3369,Crocidura attila,Soricidae,50,0,10,0,0,40,0,0,0,0,G,1,0,0,10.35
3370,Crocidura baileyi,Soricidae,50,0,10,0,0,40,0,0,0,0,G,1,0,0,10.35
3371,Crocidura crenata,Soricidae,50,0,10,0,0,40,0,0,0,0,G,1,0,0,6.52
3372,Crocidura batesi,Soricidae,50,0,10,0,0,40,0,0,0,0,G,1,0,0,15.5
3373,Crocidura flavescens,Soricidae,50,0,10,0,0,40,0,0,0,0,G,1,0,0,28.49
3374,Crocidura beccarii,Soricidae,50,0,10,0,0,40,0,0,0,0,G,1,0,0,10.35
3375,Crocidura bottegi,Soricidae,50,0,10,0,0,40,0,0,0,0,G,1,0,0,3.5
3376,Crocidura bottegoides,Soricidae,50,0,10,0,0,40,0,0,0,0,G,1,0,0,3.07
3377,Crocidura brunnea,Soricidae,50,0,10,0,0,40,0,0,0,0,G,1,0,0,10.42
3378,Crocidura buettikoferi,Soricidae,50,0,10,0,0,40,0,0,0,0,G,1,0,0,10.35
3379,Crocidura caliginea,Soricidae,50,0,10,0,0,40,0,0,0,0,G,1,0,0,10.35
3380,Crocidura canariensis,Soricidae,50,0,10,0,0,40,0,0,0,0,G,1,0,0,7.5
3381,Crocidura caspica,Soricidae,50,0,10,0,0,40,0,0,0,0,G,1,0,0,10.42
3382,Crocidura baluensis,Soricidae,50,0,10,0,0,40,0,0,0,0,G,1,0,0,16.9
3383,Crocidura lanosa,Soricidae,50,0,10,0,0,40,0,0,0,0,G,1,0,0,22.6
3384,Crocidura hispida,Soricidae,50,0,10,0,0,40,0,0,0,0,G,1,0,0,10.35
3385,Crocidura horsfieldii,Soricidae,50,0,10,0,0,40,0,0,0,0,G,1,0,0,5
3386,Crocidura hutanis,Soricidae,50,0,10,0,0,40,0,0,0,0,G,1,0,0,10.42
3387,Crocidura ichnusae,Soricidae,50,0,10,0,0,40,0,0,0,0,G,1,0,0,10.35
3388,Crocidura indochinensis,Soricidae,50,0,10,0,0,40,0,0,0,0,G,1,0,0,10.42
3389,Crocidura jacksoni,Soricidae,50,0,10,0,0,40,0,0,0,0,G,1,0,0,7
3390,Crocidura jenkinsi,Soricidae,50,0,10,0,0,40,0,0,0,0,G,1,0,0,12.6
3391,Crocidura jouvenetae,Soricidae,50,0,10,0,0,40,0,0,0,0,G,1,0,0,9.79
3392,Crocidura katinka,Soricidae,50,0,10,0,0,40,0,0,0,0,G,1,0,0,10.42
3393,Crocidura erica,Soricidae,50,0,10,0,0,40,0,0,0,0,G,1,0,0,10.35
3394,Crocidura lamottei,Soricidae,50,0,10,0,0,40,0,0,0,0,G,1,0,0,20.5
3395,Crocidura hildegardeae,Soricidae,50,0,10,0,0,40,0,0,0,0,G,1,0,0,9.5
3397,Crocidura latona,Soricidae,50,0,10,0,0,40,0,0,0,0,G,1,0,0,10.35
3398,Crocidura lea,Soricidae,50,0,10,0,0,40,0,0,0,0,G,1,0,0,6.6
3399,Crocidura lepidura,Soricidae,50,0,10,0,0,40,0,0,0,0,G,1,0,0,10.42
3400,Crocidura leucodon,Soricidae,50,0,10,0,0,40,0,0,0,0,G,1,0,0,9.82
3401,Crocidura levicula,Soricidae,50,0,10,0,0,40,0,0,0,0,G,1,0,0,1.77
3402,Crocidura littoralis,Soricidae,50,0,10,0,0,40,0,0,0,0,G,1,0,0,16
3403,Crocidura longipes,Soricidae,50,0,10,0,0,40,0,0,0,0,G,1,0,0,19.3
3404,Crocidura ludia,Soricidae,50,0,10,0,0,40,0,0,0,0,G,1,0,0,5.15
3405,Crocidura kivuana,Soricidae,50,0,10,0,0,40,0,0,0,0,G,1,0,0,9
3406,Crocidura gmelini,Soricidae,50,0,10,0,0,40,0,0,0,0,G,1,0,0,10.42
3407,Crocidura foxi,Soricidae,50,0,10,0,0,40,0,0,0,0,G,1,0,0,19
3408,Crocidura fuliginosa,Soricidae,50,0,10,0,0,40,0,0,0,0,G,1,0,0,12
3409,Crocidura fulvastra,Soricidae,50,0,10,0,0,40,0,0,0,0,G,1,0,0,12.67
3410,Crocidura fumosa,Soricidae,50,0,10,0,0,40,0,0,0,0,G,1,0,0,14.5
3411,Crocidura fuscomurina,Soricidae,50,0,10,0,0,40,0,0,0,0,G,1,0,0,3.92
3412,Crocidura hirta,Soricidae,50,0,10,0,0,40,0,0,0,0,G,1,0,0,15.8
3413,Crocidura glassi,Soricidae,50,0,10,0,0,40,0,0,0,0,G,1,0,0,10.35
3414,Crocidura hilliana,Soricidae,50,0,10,0,0,40,0,0,0,0,G,1,0,0,10.42
3415,Crocidura goliath,Soricidae,50,0,10,0,0,40,0,0,0,0,G,1,0,0,54.84
3416,Crocidura gracilipes,Soricidae,50,0,10,0,0,40,0,0,0,0,G,1,0,0,6.7
3417,Crocidura grandiceps,Soricidae,50,0,10,0,0,40,0,0,0,0,G,1,0,0,23
3418,Crocidura grandis,Soricidae,50,0,10,0,0,40,0,0,0,0,G,1,0,0,10.35
3419,Crocidura grassei,Soricidae,50,0,10,0,0,40,0,0,0,0,G,1,0,0,13.5
3420,Crocidura grayi,Soricidae,50,0,10,0,0,40,0,0,0,0,G,1,0,0,10.3
3421,Crocidura greenwoodi,Soricidae,50,0,10,0,0,40,0,0,0,0,G,1,0,0,10.35
3422,Crocidura harenna,Soricidae,50,0,10,0,0,40,0,0,0,0,G,1,0,0,8.5
3423,Crocidura foetida,Soricidae,50,0,10,0,0,40,0,0,0,0,G,1,0,0,10.42
3424,Solisorex pearsoni,Soricidae,70,0,10,0,0,20,0,0,0,0,G,1,0,0,10.3
3425,Suncus lixus,Soricidae,80,0,0,0,10,10,0,0,0,0,G,1,0,0,4.9
3426,Suncus hosei,Soricidae,80,0,0,0,10,10,0,0,0,0,G,1,0,0,7.64
3427,Suncus fellowesgordoni,Soricidae,80,0,0,0,10,10,0,0,0,0,G,1,0,0,7.64
3428,Suncus varilla,Soricidae,80,0,0,0,10,10,0,0,0,0,G,1,0,0,5
3429,Suncus malayanus,Soricidae,80,0,0,0,10,10,0,0,0,0,G,1,0,0,5
3430,Suncus megalura,Soricidae,80,0,0,0,10,10,0,0,0,0,G,1,0,0,5.38
3431,Suncus mertensi,Soricidae,80,0,0,0,10,10,0,0,0,0,G,1,0,0,7.95
3432,Suncus montanus,Soricidae,80,0,0,0,10,10,0,0,0,0,G,1,0,0,18
3433,Suncus murinus,Soricidae,80,0,0,0,10,10,0,0,0,0,G,1,0,0,60.71
3434,Suncus etruscus,Soricidae,80,0,0,0,10,10,0,0,0,0,G,1,0,0,2.13
3435,Suncus stoliczkanus,Soricidae,80,0,0,0,10,10,0,0,0,0,G,1,0,0,9.43
3436,Suncus infinitesimus,Soricidae,80,0,0,0,10,10,0,0,0,0,G,1,0,0,3
3437,Suncus zeylanicus,Soricidae,80,0,0,0,10,10,0,0,0,0,G,1,0,0,29.8
3438,Suncus remyi,Soricidae,80,0,0,0,10,10,0,0,0,0,G,1,0,0,1.75
3439,Suncus aequatorius,Soricidae,80,0,0,0,10,10,0,0,0,0,G,1,0,0,7.15
3440,Suncus dayi,Soricidae,80,0,0,0,10,10,0,0,0,0,G,1,0,0,9.43
3441,Suncus ater,Soricidae,80,0,0,0,10,10,0,0,0,0,G,1,0,0,11.1
3442,Suncus madagascariensis,Soricidae,80,0,0,0,10,10,0,0,0,0,G,1,0,0,3.5
3443,Diplomesodon pulchellum,Soricidae,50,0,50,0,0,0,0,0,0,0,G,1,1,1,11
3444,Feroculus feroculus,Soricidae,70,0,0,0,0,30,0,0,0,0,G,1,0,0,36
3445,Paracrocidura graueri,Soricidae,70,0,10,0,0,20,0,0,0,0,G,1,0,0,11.68
3446,Paracrocidura maxima,Soricidae,70,0,10,0,0,20,0,0,0,0,G,1,0,0,11.68
3447,Paracrocidura schoutedeni,Soricidae,70,0,10,0,0,20,0,0,0,0,G,1,0,0,13
3448,Ruwenzorisorex suncoides,Soricidae,100,0,0,0,0,0,0,0,0,0,G,1,0,0,18.2
3449,Scutisorex somereni,Soricidae,0,0,0,0,100,0,0,0,0,0,G,1,1,1,91.5
3450,Sylvisorex konganensis,Soricidae,60,0,0,0,20,20,0,0,0,0,S,1,1,1,5.15
3451,Sylvisorex isabellae,Soricidae,80,0,0,0,10,10,0,0,0,0,S,1,1,1,9.99
3452,Sylvisorex pluvialis,Soricidae,60,0,0,0,20,20,0,0,0,0,S,1,1,1,5.83
3453,Sylvisorex oriundus,Soricidae,80,0,0,0,10,10,0,0,0,0,S,1,1,1,9.99
3454,Sylvisorex ollula,Soricidae,80,0,0,0,10,10,0,0,0,0,S,1,1,1,13.2
3455,Sylvisorex lunaris,Soricidae,80,0,0,0,10,10,0,0,0,0,S,1,1,1,18.5
3456,Sylvisorex johnstoni,Soricidae,80,0,0,0,10,10,0,0,0,0,S,1,1,1,3.17
3457,Sylvisorex vulcanorum,Soricidae,80,0,0,0,10,10,0,0,0,0,S,1,1,1,3.5
3458,Sylvisorex granti,Soricidae,80,0,0,0,10,10,0,0,0,0,S,1,1,1,3.8
3459,Sylvisorex camerunensis,Soricidae,60,0,0,0,20,20,0,0,0,0,S,1,1,1,5.83
3460,Sylvisorex howelli,Soricidae,80,0,0,0,10,10,0,0,0,0,S,1,1,1,4.32
3461,Sylvisorex morio,Soricidae,80,0,0,0,10,10,0,0,0,0,S,1,1,1,9.99
3462,Sorex caecutiens,Soricidae,70,0,0,0,0,30,0,0,0,0,G,1,1,1,5.38
3463,Sorex raddei,Soricidae,70,0,0,0,0,30,0,0,0,0,G,1,1,1,10
3464,Sorex alpinus,Soricidae,70,0,0,0,0,30,0,0,0,0,G,1,1,1,7.8
3465,Sorex minutus,Soricidae,70,0,0,0,0,30,0,0,0,0,G,1,1,1,4.5
3466,Sorex maritimensis,Soricidae,70,0,0,0,0,30,0,0,0,0,G,1,0,0,6.05
3467,Sorex kozlovi,Soricidae,70,0,0,0,0,30,0,0,0,0,G,1,0,0,6.05
3468,Sorex isodon,Soricidae,70,0,0,0,0,30,0,0,0,0,G,1,1,1,9.35
3469,Sorex hosonoi,Soricidae,70,0,0,0,0,30,0,0,0,0,G,1,1,1,3.25
3470,Sorex granarius,Soricidae,70,0,0,0,0,30,0,0,0,0,G,1,1,1,6.28
3471,Sorex gracillimus,Soricidae,70,0,0,0,0,30,0,0,0,0,G,1,1,1,5.06
3472,Sorex daphaenodon,Soricidae,70,0,0,0,0,30,0,0,0,0,G,1,1,1,6.79
3473,Sorex cylindricauda,Soricidae,70,0,0,0,0,30,0,0,0,0,G,1,1,1,6.05
3474,Sorex cansulus,Soricidae,70,0,0,0,0,30,0,0,0,0,G,1,1,1,6.05
3475,Sorex buchariensis,Soricidae,70,0,0,0,0,30,0,0,0,0,G,1,1,1,4.61
3476,Sorex bedfordiae,Soricidae,70,0,0,0,0,30,0,0,0,0,G,1,1,1,6.6
3477,Sorex antinorii,Soricidae,70,0,0,0,0,30,0,0,0,0,G,1,0,0,6.05
3478,Sorex araneus,Soricidae,70,0,0,0,0,30,0,0,0,0,G,1,1,1,10
3479,Sorex arcticus,Soricidae,70,0,0,0,0,30,0,0,0,0,G,1,1,1,8.15
3480,Sorex arunchi,Soricidae,70,0,0,0,0,30,0,0,0,0,G,1,0,0,6.05
3481,Sorex asper,Soricidae,70,0,0,0,0,30,0,0,0,0,G,1,1,1,7.95
3482,Sorex averini,Soricidae,70,0,0,0,0,30,0,0,0,0,G,1,0,0,6.05
3483,Sorex roboratus,Soricidae,70,0,0,0,0,30,0,0,0,0,G,1,1,1,9.12
3484,Sorex coronatus,Soricidae,70,0,0,0,0,30,0,0,0,0,G,1,1,1,9.6
3485,Sorex satunini,Soricidae,70,0,0,0,0,30,0,0,0,0,G,1,1,1,7.47
3486,Sorex sinalis,Soricidae,70,0,0,0,0,30,0,0,0,0,G,1,1,1,9.43
3487,Sorex tundrensis,Soricidae,70,0,0,0,0,30,0,0,0,0,G,1,1,1,7.73
3488,Sorex shinto,Soricidae,70,0,0,0,0,30,0,0,0,0,G,1,1,1,6
3489,Sorex unguiculatus,Soricidae,70,0,0,0,0,30,0,0,0,0,G,1,1,1,9.9
3490,Sorex volnuchini,Soricidae,70,0,0,0,0,30,0,0,0,0,G,1,1,1,4.61
3491,Sorex yukonicus,Soricidae,70,0,0,0,0,30,0,0,0,0,G,1,0,0,6.05
3492,Sorex samniticus,Soricidae,70,0,0,0,0,30,0,0,0,0,G,1,1,1,8.25
3493,Sorex excelsus,Soricidae,70,0,0,0,0,30,0,0,0,0,G,1,1,1,6.79
3494,Sorex lyelli,Soricidae,70,0,0,0,0,30,0,0,0,0,G,1,1,1,5
3495,Sorex jacksoni,Soricidae,70,0,0,0,0,30,0,0,0,0,G,1,1,1,3.5
3496,Sorex hoyi,Soricidae,70,0,0,0,0,30,0,0,0,0,G,1,1,1,2.58
3497,Sorex tenellus,Soricidae,70,0,0,0,0,30,0,0,0,0,G,1,1,1,3.75
3498,Sorex haydeni,Soricidae,70,0,0,0,0,30,0,0,0,0,G,1,1,1,3.5
3499,Sorex dispar,Soricidae,70,0,0,0,0,30,0,0,0,0,G,1,1,1,5
3500,Sorex macrodon,Soricidae,70,0,0,0,0,30,0,0,0,0,G,1,1,1,7
3501,Sorex leucogaster,Soricidae,70,0,0,0,0,30,0,0,0,0,G,1,1,1,4.83
3502,Sorex cinereus,Soricidae,70,0,0,0,0,30,0,0,0,0,G,1,1,1,4.66
3503,Sorex longirostris,Soricidae,70,0,0,0,0,30,0,0,0,0,G,1,1,1,3.58
3504,Sorex vagrans,Soricidae,70,0,0,0,0,30,0,0,0,0,G,1,1,1,5.9
3505,Sorex camtschatica,Soricidae,70,0,0,0,0,30,0,0,0,0,G,1,1,1,6.05
3506,Sorex bendirii,Soricidae,70,0,0,0,0,30,0,0,0,0,G,1,1,1,16.1
3507,Sorex veraepacis,Soricidae,70,0,0,0,0,30,0,0,0,0,G,1,1,1,7.5
3508,Sorex bairdi,Soricidae,70,0,0,0,0,30,0,0,0,0,G,1,1,1,8.33
3509,Sorex gaspensis,Soricidae,70,0,0,0,0,30,0,0,0,0,G,1,1,1,2.89
3510,Sorex fumeus,Soricidae,70,0,0,0,0,30,0,0,0,0,G,1,1,1,7.7
3511,Sorex alaskanus,Soricidae,70,0,0,0,0,30,0,0,0,0,G,1,0,0,14
3512,Sorex ugyunak,Soricidae,70,0,0,0,0,30,0,0,0,0,G,1,1,1,3.6
3513,Sorex palustris,Soricidae,70,0,0,0,0,30,0,0,0,0,G,1,1,1,13.45
3514,Sorex pribilofensis,Soricidae,70,0,0,0,0,30,0,0,0,0,G,1,1,1,6.05
3515,Sorex preblei,Soricidae,70,0,0,0,0,30,0,0,0,0,G,1,1,1,3.1
3516,Sorex sonomae,Soricidae,70,0,0,0,0,30,0,0,0,0,G,1,1,1,8.3
3517,Sorex portenkoi,Soricidae,70,0,0,0,0,30,0,0,0,0,G,1,1,1,4.83
3518,Sorex pacificus,Soricidae,70,0,0,0,0,30,0,0,0,0,G,1,1,1,6.71
3519,Sorex ornatus,Soricidae,70,0,0,0,0,30,0,0,0,0,G,1,1,1,4.99
3520,Sorex orizabae,Soricidae,70,0,0,0,0,30,0,0,0,0,G,1,0,0,6.05
3521,Sorex oreopolus,Soricidae,70,0,0,0,0,30,0,0,0,0,G,1,1,1,7
3522,Sorex milleri,Soricidae,70,0,0,0,0,30,0,0,0,0,G,1,1,1,7
3523,Sorex nanus,Soricidae,70,0,0,0,0,30,0,0,0,0,G,1,1,1,2.4
3524,Sorex monticolus,Soricidae,70,0,0,0,0,30,0,0,0,0,G,1,1,1,5.25
3525,Sorex neomexicanus,Soricidae,70,0,0,0,0,30,0,0,0,0,G,1,0,0,6.05
3526,Sorex mirabilis,Soricidae,70,0,0,0,0,30,0,0,0,0,G,1,1,1,15
3527,Sorex arizonae,Soricidae,70,0,0,0,0,30,0,0,0,0,G,1,1,1,2.4
3528,Sorex saussurei,Soricidae,70,0,0,0,0,30,0,0,0,0,G,1,1,1,4.65
3529,Sorex sclateri,Soricidae,70,0,0,0,0,30,0,0,0,0,G,1,1,1,7
3530,Sorex ventralis,Soricidae,70,0,0,0,0,30,0,0,0,0,G,1,1,1,7
3531,Sorex merriami,Soricidae,70,0,0,0,0,30,0,0,0,0,G,1,1,1,5.9
3532,Sorex stizodon,Soricidae,70,0,0,0,0,30,0,0,0,0,G,1,1,1,7
3533,Sorex emarginatus,Soricidae,70,0,0,0,0,30,0,0,0,0,G,1,1,1,7
3534,Sorex trowbridgii,Soricidae,70,0,0,0,0,30,0,0,0,0,G,1,1,1,3.8
3535,Sorex veraecrucis,Soricidae,70,0,0,0,0,30,0,0,0,0,G,1,0,0,6.05
3536,Sorex minutissimus,Soricidae,70,0,0,0,0,30,0,0,0,0,G,1,1,1,2.51
3537,Sorex planiceps,Soricidae,70,0,0,0,0,30,0,0,0,0,G,1,0,0,6.05
3538,Sorex thibetanus,Soricidae,70,0,0,0,0,30,0,0,0,0,G,1,1,1,6.05
3539,Anourosorex yamashinai,Soricidae,100,0,0,0,0,0,0,0,0,0,G,1,0,0,20
3540,Anourosorex assamensis,Soricidae,100,0,0,0,0,0,0,0,0,0,G,1,0,0,20
3541,Anourosorex schmidi,Soricidae,100,0,0,0,0,0,0,0,0,0,G,1,0,0,20
3542,Anourosorex squamipes,Soricidae,100,0,0,0,0,0,0,0,0,0,G,1,0,0,20
3543,Blarinella quadraticauda,Soricidae,70,0,10,0,0,20,0,0,0,0,G,1,0,0,12.5
3544,Blarinella wardi,Soricidae,70,0,10,0,0,20,0,0,0,0,G,1,0,0,11.26
3545,Blarinella griselda,Soricidae,70,0,10,0,0,20,0,0,0,0,G,1,0,0,12.5
3546,Blarina brevicauda,Soricidae,40,0,0,0,30,0,0,0,0,30,G,1,1,1,28
3547,Blarina hylophaga,Soricidae,40,0,0,0,30,0,0,0,0,30,G,1,1,1,14.5
3548,Blarina carolinensis,Soricidae,40,0,0,0,30,0,0,0,0,30,G,1,1,1,13.5
3549,Blarina peninsulae,Soricidae,40,0,0,0,30,0,0,0,0,30,G,1,1,1,17.63
3550,Cryptotis peregrina,Soricidae,40,0,30,0,0,30,0,0,0,0,G,1,1,0,7.72
3551,Cryptotis mexicana,Soricidae,40,0,30,0,0,30,0,0,0,0,G,0,0,1,7
3552,Cryptotis montivaga,Soricidae,40,0,30,0,0,30,0,0,0,0,G,0,0,1,11.3
3553,Cryptotis nelsoni,Soricidae,40,0,30,0,0,30,0,0,0,0,G,1,0,0,7.72
3554,Cryptotis nigrescens,Soricidae,40,0,30,0,0,30,0,0,0,0,G,0,0,1,7.65
3555,Cryptotis obscura,Soricidae,40,0,30,0,0,30,0,0,0,0,G,1,0,0,7.72
3556,Cryptotis merriami,Soricidae,40,0,30,0,0,30,0,0,0,0,G,1,0,0,7.72
3557,Cryptotis parva,Soricidae,40,0,30,0,0,30,0,0,0,0,G,1,0,0,4.98
3558,Cryptotis medellinia,Soricidae,40,0,30,0,0,30,0,0,0,0,G,1,0,0,7.72
3559,Cryptotis peruviensis,Soricidae,40,0,30,0,0,30,0,0,0,0,G,1,0,0,7.72
3560,Cryptotis phillipsii,Soricidae,40,0,30,0,0,30,0,0,0,0,G,1,0,0,7.72
3561,Cryptotis squamipes,Soricidae,40,0,30,0,0,30,0,0,0,0,G,0,0,1,11
3562,Cryptotis tamensis,Soricidae,40,0,30,0,0,30,0,0,0,0,G,1,0,0,7.72
3563,Cryptotis orophila,Soricidae,40,0,30,0,0,30,0,0,0,0,G,1,0,0,7.72
3564,Cryptotis thomasi,Soricidae,40,0,30,0,0,30,0,0,0,0,G,0,0,1,12.6
3565,Cryptotis mera,Soricidae,40,0,30,0,0,30,0,0,0,0,G,0,0,1,7.72
3566,Cryptotis mayensis,Soricidae,40,0,30,0,0,30,0,0,0,0,G,0,0,1,5
3567,Cryptotis magna,Soricidae,40,0,30,0,0,30,0,0,0,0,G,0,0,1,7
3568,Cryptotis hondurensis,Soricidae,40,0,30,0,0,30,0,0,0,0,G,0,0,1,5
3569,Cryptotis griseoventris,Soricidae,40,0,30,0,0,30,0,0,0,0,G,1,0,0,7.72
3570,Cryptotis gracilis,Soricidae,40,0,30,0,0,30,0,0,0,0,G,0,0,1,7
3571,Cryptotis goodwini,Soricidae,40,0,30,0,0,30,0,0,0,0,G,0,0,1,7
3572,Cryptotis goldmani,Soricidae,40,0,30,0,0,30,0,0,0,0,G,0,0,1,8
3573,Cryptotis equatoris,Soricidae,40,0,30,0,0,30,0,0,0,0,G,1,0,0,7.72
3574,Cryptotis endersi,Soricidae,40,0,30,0,0,30,0,0,0,0,G,0,0,1,8
3575,Cryptotis colombiana,Soricidae,40,0,30,0,0,30,0,0,0,0,G,0,0,1,7.72
3576,Cryptotis brachyonyx,Soricidae,40,0,30,0,0,30,0,0,0,0,G,1,0,0,7.72
3577,Cryptotis meridensis,Soricidae,40,0,30,0,0,30,0,0,0,0,G,0,0,1,11.57
3578,Cryptotis alticola,Soricidae,40,0,30,0,0,30,0,0,0,0,G,1,0,0,7.72
3579,Cryptotis tropicalis,Soricidae,40,0,30,0,0,30,0,0,0,0,G,1,0,0,7.72
3580,Chimarrogale hantu,Soricidae,70,0,0,30,0,0,0,0,0,0,G,1,0,0,55
3581,Chimarrogale himalayica,Soricidae,70,0,0,30,0,0,0,0,0,0,G,1,0,0,34.75
3582,Chimarrogale phaeura,Soricidae,70,0,0,30,0,0,0,0,0,0,G,1,0,0,31
3583,Chimarrogale platycephalus,Soricidae,70,0,0,30,0,0,0,0,0,0,G,1,0,0,36.32
3584,Chimarrogale styani,Soricidae,70,0,0,30,0,0,0,0,0,0,G,1,0,0,25.8
3585,Chimarrogale sumatrana,Soricidae,70,0,0,30,0,0,0,0,0,0,G,1,0,0,27.89
3586,Chodsigoa parca,Soricidae,70,0,0,0,0,30,0,0,0,0,G,1,0,0,5.49
3587,Chodsigoa sodalis,Soricidae,70,0,0,0,0,30,0,0,0,0,G,1,0,0,5.49
3588,Chodsigoa smithii,Soricidae,70,0,0,0,0,30,0,0,0,0,G,1,0,0,5.49
3589,Chodsigoa parva,Soricidae,70,0,0,0,0,30,0,0,0,0,G,1,1,1,5.49
3590,Chodsigoa lamula,Soricidae,70,0,0,0,0,30,0,0,0,0,G,1,0,0,5.49
3591,Chodsigoa hypsibia,Soricidae,70,0,0,0,0,30,0,0,0,0,G,1,0,0,5.49
3592,Chodsigoa caovansunga,Soricidae,70,0,0,0,0,30,0,0,0,0,G,1,0,0,5.49
3593,Chodsigoa salenskii,Soricidae,70,0,0,0,0,30,0,0,0,0,G,1,0,0,5.49
3594,Episoriculus caudatus,Soricidae,70,0,0,0,0,30,0,0,0,0,G,1,0,0,6.95
3595,Episoriculus fumidus,Soricidae,70,0,0,0,0,30,0,0,0,0,G,1,0,0,6.95
3596,Episoriculus leucops,Soricidae,70,0,0,0,0,30,0,0,0,0,G,1,0,0,6.95
3597,Episoriculus macrurus,Soricidae,70,0,0,0,0,30,0,0,0,0,G,1,0,0,6.95
3598,Nectogale elegans,Soricidae,20,0,0,80,0,0,0,0,0,0,G,1,0,0,32.5
3599,Neomys teres,Soricidae,40,0,30,30,0,0,0,0,0,0,G,1,1,1,15.13
3600,Neomys fodiens,Soricidae,40,0,30,30,0,0,0,0,0,0,G,1,1,1,14.3
3601,Neomys anomalus,Soricidae,40,0,30,30,0,0,0,0,0,0,G,1,1,1,16
3602,Nesiotites hidalgo,Soricidae,70,0,10,0,0,20,0,0,0,0,G,1,0,0,9.05
3603,Nesiotites similis,Soricidae,70,0,10,0,0,20,0,0,0,0,G,1,0,0,9.05
3604,Soriculus nigrescens,Soricidae,70,0,0,0,0,30,0,0,0,0,G,1,0,0,14
3605,Megasorex gigas,Soricidae,70,0,10,0,0,20,0,0,0,0,G,1,0,0,20
3606,Notiosorex cockrumi,Soricidae,100,0,0,0,0,0,0,0,0,0,G,1,0,0,4.82
3607,Notiosorex evotis,Soricidae,100,0,0,0,0,0,0,0,0,0,G,1,0,0,5.28
3608,Notiosorex crawfordi,Soricidae,100,0,0,0,0,0,0,0,0,0,G,1,0,0,4.39
3609,Notiosorex villai,Soricidae,100,0,0,0,0,0,0,0,0,0,G,1,0,0,4.82
3610,Congosorex polli,Soricidae,100,0,0,0,0,0,0,0,0,0,G,1,1,1,10.3
3611,Congosorex verheyeni,Soricidae,100,0,0,0,0,0,0,0,0,0,G,1,1,1,9.05
3612,Myosorex longicaudatus,Soricidae,90,10,0,0,0,0,0,0,0,0,G,1,1,1,12.98
3613,Myosorex kihaulei,Soricidae,80,20,0,0,0,0,0,0,0,0,G,1,1,1,12.1
3614,Myosorex eisentrauti,Soricidae,90,10,0,0,0,0,0,0,0,0,G,1,1,1,10.35
3615,Myosorex cafer,Soricidae,90,10,0,0,0,0,0,0,0,0,G,1,1,1,13.4
3616,Myosorex blarina,Soricidae,90,10,0,0,0,0,0,0,0,0,G,1,1,1,10.35
3617,Myosorex okuensis,Soricidae,90,10,0,0,0,0,0,0,0,0,G,1,1,1,10.35
3618,Myosorex babaulti,Soricidae,90,10,0,0,0,0,0,0,0,0,G,1,1,1,10.35
3619,Myosorex schalleri,Soricidae,90,10,0,0,0,0,0,0,0,0,G,1,1,1,10.35
3620,Myosorex sclateri,Soricidae,90,10,0,0,0,0,0,0,0,0,G,1,1,1,10.35
3621,Myosorex tenuis,Soricidae,90,10,0,0,0,0,0,0,0,0,G,1,1,1,10.35
3622,Myosorex varius,Soricidae,90,10,0,0,0,0,0,0,0,0,G,1,1,1,13.2
3623,Myosorex zinki,Soricidae,80,20,0,0,0,0,0,0,0,0,G,1,1,1,12.1
3624,Myosorex geata,Soricidae,90,10,0,0,0,0,0,0,0,0,G,1,1,1,9.35
3625,Myosorex rumpii,Soricidae,90,10,0,0,0,0,0,0,0,0,G,1,1,1,10.35
3626,Surdisorex norae,Soricidae,100,0,0,0,0,0,0,0,0,0,G,1,1,1,9
3627,Surdisorex polulus,Soricidae,100,0,0,0,0,0,0,0,0,0,G,1,1,1,9
3628,Condylura cristata,Talpidae,80,0,0,20,0,0,0,0,0,0,G,1,1,1,84
3629,Parascalops breweri,Talpidae,100,0,0,0,0,0,0,0,0,0,G,1,1,1,51
3630,Scalopus aquaticus,Talpidae,100,0,0,0,0,0,0,0,0,0,G,1,1,1,91.26
3631,Scapanulus oweni,Talpidae,100,0,0,0,0,0,0,0,0,0,G,1,1,1,36.64
3632,Scapanus latimanus,Talpidae,100,0,0,0,0,0,0,0,0,0,G,1,1,1,55
3633,Scapanus orarius,Talpidae,100,0,0,0,0,0,0,0,0,0,G,1,1,1,61.2
3634,Scapanus townsendii,Talpidae,100,0,0,0,0,0,0,0,0,0,G,1,1,1,141.7
3635,Desmana moschata,Talpidae,60,0,20,20,0,0,0,0,0,0,G,1,0,0,383
3636,Galemys pyrenaicus,Talpidae,90,0,0,10,0,0,0,0,0,0,G,1,0,0,60.17
3637,Neurotrichus gibbsii,Talpidae,90,0,0,0,0,0,0,0,0,10,G,1,1,1,8.9
3638,Scaptonyx fusicaudus,Talpidae,100,0,0,0,0,0,0,0,0,0,G,1,1,1,19.41
3639,Euroscaptor longirostris,Talpidae,100,0,0,0,0,0,0,0,0,0,G,1,1,1,59.57
3640,Euroscaptor parvidens,Talpidae,100,0,0,0,0,0,0,0,0,0,G,1,1,1,59.57
3641,Euroscaptor micrura,Talpidae,100,0,0,0,0,0,0,0,0,0,G,1,1,1,60.47
3642,Euroscaptor grandis,Talpidae,100,0,0,0,0,0,0,0,0,0,G,1,1,1,59.57
3643,Euroscaptor klossi,Talpidae,100,0,0,0,0,0,0,0,0,0,G,1,1,1,59.57
3644,Euroscaptor mizura,Talpidae,100,0,0,0,0,0,0,0,0,0,G,1,1,1,35.47
3645,Mogera imaizumii,Talpidae,100,0,0,0,0,0,0,0,0,0,G,1,1,1,65.53
3646,Mogera insularis,Talpidae,100,0,0,0,0,0,0,0,0,0,G,1,1,1,83.03
3647,Mogera tokudae,Talpidae,100,0,0,0,0,0,0,0,0,0,G,1,1,1,129.5
3648,Mogera uchidai,Talpidae,100,0,0,0,0,0,0,0,0,0,G,1,1,1,75.85
3649,Mogera wogura,Talpidae,100,0,0,0,0,0,0,0,0,0,G,1,1,1,111.5
3650,Parascaptor leucura,Talpidae,100,0,0,0,0,0,0,0,0,0,G,1,1,1,45.6
3651,Scaptochirus moschatus,Talpidae,100,0,0,0,0,0,0,0,0,0,G,1,1,1,90.51
3652,Talpa altaica,Talpidae,100,0,0,0,0,0,0,0,0,0,G,1,1,1,85
3653,Talpa stankovici,Talpidae,100,0,0,0,0,0,0,0,0,0,G,1,1,1,71.12
3654,Talpa romana,Talpidae,100,0,0,0,0,0,0,0,0,0,G,1,1,1,92.5
3655,Talpa occidentalis,Talpidae,100,0,0,0,0,0,0,0,0,0,G,1,1,1,53.5
3656,Talpa levantis,Talpidae,100,0,0,0,0,0,0,0,0,0,G,1,1,1,90
3657,Talpa davidiana,Talpidae,100,0,0,0,0,0,0,0,0,0,G,1,1,1,80.28
3658,Talpa europaea,Talpidae,100,0,0,0,0,0,0,0,0,0,G,1,1,1,77
3659,Talpa caeca,Talpidae,100,0,0,0,0,0,0,0,0,0,G,1,1,1,92.5
3660,Talpa caucasica,Talpidae,100,0,0,0,0,0,0,0,0,0,G,1,1,1,90
3661,Dymecodon pilirostris,Talpidae,100,0,0,0,0,0,0,0,0,0,G,1,1,1,15.46
3662,Urotrichus talpoides,Talpidae,100,0,0,0,0,0,0,0,0,0,G,1,1,1,45
3663,Uropsilus investigator,Talpidae,100,0,0,0,0,0,0,0,0,0,G,1,1,1,25.53
3664,Uropsilus soricipes,Talpidae,100,0,0,0,0,0,0,0,0,0,G,1,1,1,16
3665,Uropsilus andersoni,Talpidae,100,0,0,0,0,0,0,0,0,0,G,1,1,1,25.53
3666,Uropsilus gracilis,Talpidae,100,0,0,0,0,0,0,0,0,0,G,1,1,1,25.53
3667,Acerodon celebensis,Pteropodidae,0,0,0,0,0,0,100,0,0,0,Ar,1,0,0,390
3668,Acerodon humilis,Pteropodidae,0,0,0,0,0,0,100,0,0,0,Ar,1,0,0,462.47
3669,Acerodon jubatus,Pteropodidae,0,0,0,0,0,0,100,0,0,0,Ar,1,0,0,1075
3670,Acerodon leucotis,Pteropodidae,0,0,0,0,0,0,100,0,0,0,Ar,1,0,0,462.47
3671,Acerodon mackloti,Pteropodidae,0,0,0,0,0,0,100,0,0,0,Ar,1,0,0,470.33
3672,Aethalops aequalis,Pteropodidae,0,0,0,0,0,0,50,50,0,0,Ar,1,0,0,15
3673,Aethalops alecto,Pteropodidae,0,0,0,0,0,0,70,30,0,0,Ar,1,0,0,15
3674,Alionycteris paucidentata,Pteropodidae,0,0,0,0,0,0,100,0,0,0,Ar,1,0,0,16.15
3675,Aproteles bulmerae,Pteropodidae,0,0,0,0,0,0,80,20,0,0,Ar,1,0,0,600
3676,Balionycteris maculata,Pteropodidae,0,0,0,0,0,0,80,20,0,0,Ar,1,0,0,13.36
3677,Casinycteris argynnis,Pteropodidae,0,0,0,0,0,0,80,20,0,0,Ar,1,0,0,29.85
3678,Chironax melanocephalus,Pteropodidae,0,0,0,0,0,0,100,0,0,0,Ar,1,0,0,16.67
3679,Cynopterus nusatenggara,Pteropodidae,0,0,0,0,0,0,100,0,0,0,Ar,1,0,0,36.44
3680,Cynopterus sphinx,Pteropodidae,0,0,0,0,0,0,100,0,0,0,Ar,1,0,0,43.66
3681,Cynopterus titthaecheilus,Pteropodidae,0,0,0,0,0,0,100,0,0,0,Ar,1,0,0,58.33
3682,Cynopterus luzoniensis,Pteropodidae,0,0,0,0,0,0,100,0,0,0,Ar,1,0,0,40.3
3683,Cynopterus brachyotis,Pteropodidae,0,0,0,0,0,0,100,0,0,0,Ar,1,0,0,31.15
3684,Cynopterus horsfieldii,Pteropodidae,0,0,0,0,0,0,100,0,0,0,Ar,1,0,0,56.01
3685,Cynopterus minutus,Pteropodidae,0,0,0,0,0,0,100,0,0,0,Ar,1,0,0,26.45
3686,Dobsonia magna,Pteropodidae,0,0,0,0,0,0,100,0,0,0,Ar,1,0,0,465
3687,Dobsonia viridis,Pteropodidae,0,0,0,0,0,0,100,0,0,0,Ar,1,0,0,238
3688,Dobsonia praedatrix,Pteropodidae,0,0,0,0,0,0,100,0,0,0,Ar,1,0,0,188.68
3689,Dobsonia peronii,Pteropodidae,0,0,0,0,0,0,100,0,0,0,Ar,1,0,0,226.51
3690,Dobsonia pannietensis,Pteropodidae,0,0,0,0,0,0,100,0,0,0,Ar,1,0,0,267.7
3691,Dobsonia anderseni,Pteropodidae,0,0,0,0,0,0,100,0,0,0,Ar,1,0,0,233.99
3692,Dobsonia minor,Pteropodidae,0,0,0,0,0,0,100,0,0,0,Ar,1,0,0,78.23
3693,Dobsonia inermis,Pteropodidae,0,0,0,0,0,0,100,0,0,0,Ar,1,0,0,149.5
3694,Dobsonia exoleta,Pteropodidae,0,0,0,0,0,0,100,0,0,0,Ar,1,0,0,249
3695,Dobsonia emersa,Pteropodidae,0,0,0,0,0,0,100,0,0,0,Ar,1,0,0,195.5
3696,Dobsonia crenulata,Pteropodidae,0,0,0,0,0,0,100,0,0,0,Ar,1,0,0,218.21
3697,Dobsonia chapmani,Pteropodidae,0,0,0,0,0,0,100,0,0,0,Ar,1,0,0,216.03
3698,Dobsonia beauforti,Pteropodidae,0,0,0,0,0,0,100,0,0,0,Ar,1,0,0,159.01
3699,Dobsonia moluccensis,Pteropodidae,0,0,0,0,0,0,100,0,0,0,Ar,1,0,0,381.44
3700,Dyacopterus brooksi,Pteropodidae,0,0,0,0,0,0,80,20,0,0,Ar,1,0,0,78
3701,Dyacopterus spadiceus,Pteropodidae,0,0,0,0,0,0,80,20,0,0,Ar,1,0,0,78
3702,Eidolon dupreanum,Pteropodidae,0,0,0,0,0,0,100,0,0,0,Ar,1,1,1,283.75
3703,Eidolon helvum,Pteropodidae,0,0,0,0,0,0,100,0,0,0,Ar,1,1,1,253.31
3704,Eonycteris spelaea,Pteropodidae,0,0,0,0,0,0,0,100,0,0,Ar,1,0,0,58.1
3705,Eonycteris robusta,Pteropodidae,0,0,0,0,0,0,0,100,0,0,Ar,1,0,0,78.36
3706,Eonycteris major,Pteropodidae,0,0,0,0,0,0,0,100,0,0,Ar,1,0,0,72.75
3707,Epomophorus angolensis,Pteropodidae,0,0,0,0,0,0,100,0,0,0,Ar,1,0,0,68.15
3708,Epomophorus crypturus,Pteropodidae,0,0,0,0,0,0,100,0,0,0,Ar,1,0,0,95.04
3709,Epomophorus gambianus,Pteropodidae,0,0,0,0,0,0,100,0,0,0,Ar,1,0,0,128.87
3710,Epomophorus grandis,Pteropodidae,0,0,0,0,0,0,100,0,0,0,Ar,1,0,0,48.58
3711,Epomophorus labiatus,Pteropodidae,0,0,0,0,0,0,100,0,0,0,Ar,1,0,0,62.95
3712,Epomophorus minimus,Pteropodidae,0,0,0,0,0,0,100,0,0,0,Ar,1,0,0,68.15
3713,Epomophorus minor,Pteropodidae,0,0,0,0,0,0,100,0,0,0,Ar,1,0,0,44.76
3714,Epomophorus wahlbergi,Pteropodidae,0,0,0,0,0,0,100,0,0,0,Ar,1,0,0,91.58
3715,Epomops dobsonii,Pteropodidae,0,0,0,0,0,0,100,0,0,0,Ar,1,0,0,122.08
3716,Epomops franqueti,Pteropodidae,0,0,0,0,0,0,100,0,0,0,Ar,1,0,0,118.93
3717,Epomops buettikoferi,Pteropodidae,0,0,0,0,0,0,100,0,0,0,Ar,1,0,0,133.84
3718,Pteropus keyensis,Pteropodidae,0,0,0,0,0,0,100,0,0,0,Ar,1,0,0,361.25
3719,Pteropus gilliardorum,Pteropodidae,0,0,0,0,0,0,100,0,0,0,Ar,1,0,0,406.94
3720,Pteropus griseus,Pteropodidae,0,0,0,0,0,0,100,0,0,0,Ar,1,0,0,269
3721,Pteropus howensis,Pteropodidae,0,0,0,0,0,0,100,0,0,0,Ar,1,0,0,232.93
3722,Pteropus hypomelanus,Pteropodidae,0,0,0,0,0,0,100,0,0,0,Ar,1,0,0,428.14
3723,Pteropus cognatus,Pteropodidae,0,0,0,0,0,0,100,0,0,0,Ar,1,0,0,361.25
3724,Pteropus intermedius,Pteropodidae,0,0,0,0,0,0,100,0,0,0,Ar,1,0,0,361.25
3725,Pteropus faunulus,Pteropodidae,0,0,0,0,0,0,100,0,0,0,Ar,1,0,0,344.76
3726,Pteropus leucopterus,Pteropodidae,0,0,0,0,0,0,100,0,0,0,Ar,1,0,0,340
3727,Pteropus livingstonii,Pteropodidae,0,0,0,0,0,0,100,0,0,0,Ar,1,0,0,734.27
3728,Pteropus lombocensis,Pteropodidae,0,0,0,0,0,0,100,0,0,0,Ar,1,0,0,250.3
3729,Pteropus loochoensis,Pteropodidae,0,0,0,0,0,0,100,0,0,0,Ar,1,0,0,361.25
3730,Pteropus lylei,Pteropodidae,0,0,0,0,0,0,100,0,0,0,Ar,1,0,0,316.67
3731,Pteropus macrotis,Pteropodidae,0,0,0,0,0,0,100,0,0,0,Ar,1,0,0,357
3732,Pteropus insularis,Pteropodidae,0,0,0,0,0,0,100,0,0,0,Ar,1,0,0,282.86
3733,Pteropus fundatus,Pteropodidae,0,0,0,0,0,0,100,0,0,0,Ar,1,0,0,205.65
3734,Pteropus alecto,Pteropodidae,0,0,0,0,0,0,100,0,0,0,Ar,1,0,0,643.57
3735,Pteropus dasymallus,Pteropodidae,0,0,0,0,0,0,100,0,0,0,Ar,1,0,0,435
3736,Pteropus conspicillatus,Pteropodidae,0,0,0,0,0,0,100,0,0,0,Ar,1,0,0,775.7
3737,Pteropus mahaganus,Pteropodidae,0,0,0,0,0,0,100,0,0,0,Ar,1,0,0,251.4
3738,Pteropus temminckii,Pteropodidae,0,0,0,0,0,0,100,0,0,0,Ar,1,0,0,361.25
3739,Pteropus chrysoproctus,Pteropodidae,0,0,0,0,0,0,100,0,0,0,Ar,1,0,0,710
3740,Pteropus capistratus,Pteropodidae,0,0,0,0,0,0,100,0,0,0,Ar,1,0,0,247.5
3741,Pteropus aldabrensis,Pteropodidae,0,0,0,0,0,0,100,0,0,0,Ar,1,0,0,305
3742,Pteropus caniceps,Pteropodidae,0,0,0,0,0,0,100,0,0,0,Ar,1,0,0,505
3743,Pteropus brunneus,Pteropodidae,0,0,0,0,0,0,100,0,0,0,Ar,1,0,0,200
3744,Pteropus banakrisi,Pteropodidae,0,0,0,0,0,0,100,0,0,0,Ar,1,0,0,225
3745,Pteropus aruensis,Pteropodidae,0,0,0,0,0,0,100,0,0,0,Ar,1,0,0,361.25
3746,Pteropus anetianus,Pteropodidae,0,0,0,0,0,0,100,0,0,0,Ar,1,0,0,426
3747,Pteropus giganteus,Pteropodidae,0,0,0,0,0,0,100,0,0,0,Ar,1,0,0,804.17
3748,Pteropus pselaphon,Pteropodidae,0,0,0,0,0,0,100,0,0,0,Ar,1,0,0,282.86
3749,Pteropus ualanus,Pteropodidae,0,0,0,0,0,0,100,0,0,0,Ar,1,0,0,361.25
3750,Pteropus tuberculatus,Pteropodidae,0,0,0,0,0,0,100,0,0,0,Ar,1,0,0,282.86
3751,Pteropus tonganus,Pteropodidae,0,0,0,0,0,0,100,0,0,0,Ar,1,0,0,418.33
3752,Pteropus tokudae,Pteropodidae,0,0,0,0,0,0,100,0,0,0,Ar,1,0,0,152
3753,Pteropus voeltzkowi,Pteropodidae,0,0,0,0,0,0,100,0,0,0,Ar,1,0,0,527.5
3754,Pteropus admiralitatum,Pteropodidae,0,0,0,0,0,0,100,0,0,0,Ar,1,0,0,299.9
3755,Pteropus subniger,Pteropodidae,0,0,0,0,0,0,100,0,0,0,Ar,1,0,0,361.25
3756,Pteropus seychellensis,Pteropodidae,0,0,0,0,0,0,100,0,0,0,Ar,1,0,0,457
3757,Pteropus scapulatus,Pteropodidae,0,0,0,0,0,0,100,0,0,0,Ar,1,0,0,405.96
3758,Pteropus samoensis,Pteropodidae,0,0,0,0,0,0,100,0,0,0,Ar,1,0,0,310
3759,Pteropus rufus,Pteropodidae,0,0,0,0,0,0,100,0,0,0,Ar,1,0,0,361
3760,Pteropus rodricensis,Pteropodidae,0,0,0,0,0,0,100,0,0,0,Ar,1,0,0,253.83
3761,Pteropus rennelli,Pteropodidae,0,0,0,0,0,0,100,0,0,0,Ar,1,0,0,361.25
3762,Pteropus speciosus,Pteropodidae,0,0,0,0,0,0,100,0,0,0,Ar,1,0,0,344.76
3763,Pteropus ornatus,Pteropodidae,0,0,0,0,0,0,100,0,0,0,Ar,1,0,0,330
3764,Pteropus melanopogon,Pteropodidae,0,0,0,0,0,0,100,0,0,0,Ar,1,0,0,860
3765,Pteropus melanotus,Pteropodidae,0,0,0,0,0,0,100,0,0,0,Ar,1,0,0,344.76
3766,Pteropus molossinus,Pteropodidae,0,0,0,0,0,0,100,0,0,0,Ar,1,0,0,284.21
3767,Pteropus neohibernicus,Pteropodidae,0,0,0,0,0,0,100,0,0,0,Ar,1,0,0,966.79
3768,Pteropus niger,Pteropodidae,0,0,0,0,0,0,100,0,0,0,Ar,1,0,0,456.25
3769,Pteropus rayneri,Pteropodidae,0,0,0,0,0,0,100,0,0,0,Ar,1,0,0,724.5
3770,Pteropus ocularis,Pteropodidae,0,0,0,0,0,0,100,0,0,0,Ar,1,0,0,220
3771,Pteropus pumilus,Pteropodidae,0,0,0,0,0,0,100,0,0,0,Ar,1,0,0,183.35
3772,Pteropus pelewensis,Pteropodidae,0,0,0,0,0,0,100,0,0,0,Ar,1,0,0,361.25
3773,Pteropus personatus,Pteropodidae,0,0,0,0,0,0,100,0,0,0,Ar,1,0,0,127.5
3774,Pteropus pilosus,Pteropodidae,0,0,0,0,0,0,100,0,0,0,Ar,1,0,0,361.25
3775,Pteropus pohlei,Pteropodidae,0,0,0,0,0,0,100,0,0,0,Ar,1,0,0,343
3776,Pteropus poliocephalus,Pteropodidae,0,0,0,0,0,0,100,0,0,0,Ar,1,0,0,749.91
3777,Pteropus mariannus,Pteropodidae,0,0,0,0,0,0,100,0,0,0,Ar,1,0,0,453.5
3778,Pteropus nitendiensis,Pteropodidae,0,0,0,0,0,0,100,0,0,0,Ar,1,0,0,265
3779,Pteropus woodfordi,Pteropodidae,0,0,0,0,0,0,100,0,0,0,Ar,1,0,0,119.33
3780,Pteropus vampyrus,Pteropodidae,0,0,0,0,0,0,100,0,0,0,Ar,1,0,0,935.88
3781,Pteropus vetulus,Pteropodidae,0,0,0,0,0,0,100,0,0,0,Ar,1,0,0,148
3782,Pteropus yapensis,Pteropodidae,0,0,0,0,0,0,100,0,0,0,Ar,1,0,0,361.25
3783,Rousettus spinalatus,Pteropodidae,0,0,0,0,0,0,60,40,0,0,Ar,1,0,0,90.75
3784,Rousettus obliviosus,Pteropodidae,0,0,0,0,0,0,60,40,0,0,Ar,1,0,0,44.1
3785,Rousettus linduensis,Pteropodidae,0,0,0,0,0,0,60,40,0,0,Ar,1,0,0,77.74
3786,Rousettus leschenaultii,Pteropodidae,0,0,0,0,0,0,60,40,0,0,Ar,1,0,0,84.88
3787,Rousettus celebensis,Pteropodidae,0,0,0,0,0,0,60,40,0,0,Ar,1,0,0,56.3
3788,Rousettus amplexicaudatus,Pteropodidae,0,0,0,0,0,0,60,40,0,0,Ar,1,0,0,82.47
3789,Rousettus aegyptiacus,Pteropodidae,0,0,0,0,0,0,60,40,0,0,Ar,1,0,0,132.24
3790,Rousettus bidens,Pteropodidae,0,0,0,0,0,0,60,40,0,0,Ar,1,0,0,62.39
3791,Rousettus lanosus,Pteropodidae,0,0,0,0,0,0,60,40,0,0,Ar,1,0,0,103
3792,Rousettus madagascariensis,Pteropodidae,0,0,0,0,0,0,60,40,0,0,Ar,1,0,0,62.1
3793,Haplonycteris fischeri,Pteropodidae,0,0,0,0,0,0,100,0,0,0,Ar,1,0,0,17.96
3794,Harpyionycteris celebensis,Pteropodidae,0,0,0,0,0,0,100,0,0,0,Ar,1,0,0,104
3795,Harpyionycteris whiteheadi,Pteropodidae,0,0,0,0,0,0,100,0,0,0,Ar,1,0,0,110.5
3796,Hypsignathus monstrosus,Pteropodidae,0,10,0,0,0,0,90,0,0,0,Ar,1,0,0,335.08
3797,Latidens salimalii,Pteropodidae,0,0,0,0,0,0,80,20,0,0,Ar,1,0,0,44
3798,Lissonycteris angolensis,Pteropodidae,0,0,0,0,0,0,60,40,0,0,Ar,1,0,0,68.31
3799,Macroglossus minimus,Pteropodidae,0,0,0,0,0,0,20,80,0,0,Ar,1,0,0,16.37
3800,Macroglossus sobrinus,Pteropodidae,0,0,0,0,0,0,20,80,0,0,Ar,1,0,0,22.13
3801,Megaerops kusnotoi,Pteropodidae,0,0,0,0,0,0,80,20,0,0,Ar,1,0,0,35.94
3802,Megaerops niphanae,Pteropodidae,0,0,0,0,0,0,80,20,0,0,Ar,1,0,0,32.6
3803,Megaerops wetmorei,Pteropodidae,0,0,0,0,0,0,80,20,0,0,Ar,1,0,0,18.5
3804,Megaerops ecaudatus,Pteropodidae,0,0,0,0,0,0,80,20,0,0,Ar,1,0,0,24.67
3805,Megaloglossus woermanni,Pteropodidae,0,0,0,0,0,0,0,100,0,0,Ar,1,0,0,15.66
3806,Melonycteris melanops,Pteropodidae,0,0,0,0,0,0,30,70,0,0,Ar,1,0,0,49.04
3807,Melonycteris woodfordi,Pteropodidae,0,0,0,0,0,0,30,70,0,0,Ar,1,0,0,36.88
3808,Melonycteris fardoulisi,Pteropodidae,0,0,0,0,0,0,30,70,0,0,Ar,1,0,0,42.53
3809,Micropteropus pusillus,Pteropodidae,0,0,0,0,0,0,90,10,0,0,Ar,1,0,0,26.57
3810,Micropteropus intermedius,Pteropodidae,0,0,0,0,0,0,100,0,0,0,Ar,1,0,0,59.17
3811,Myonycteris relicta,Pteropodidae,0,0,0,0,0,0,80,20,0,0,Ar,1,0,0,52
3812,Myonycteris torquata,Pteropodidae,0,0,0,0,0,0,80,20,0,0,Ar,1,0,0,42.23
3813,Myonycteris brachycephala,Pteropodidae,0,0,0,0,0,0,80,20,0,0,Ar,1,0,0,53.39
3814,Nanonycteris veldkampii,Pteropodidae,0,0,0,0,0,0,0,100,0,0,Ar,1,0,0,21.89
3815,Neopteryx frosti,Pteropodidae,0,0,0,0,0,0,80,20,0,0,Ar,1,0,0,153.86
3816,Notopteris neocaledonica,Pteropodidae,0,0,0,0,0,0,40,60,0,0,Ar,1,0,0,65.14
3817,Notopteris macdonaldi,Pteropodidae,0,0,0,0,0,0,40,60,0,0,Ar,1,0,0,65.14
3818,Nyctimene malaitensis,Pteropodidae,0,0,0,0,0,0,100,0,0,0,Ar,1,0,0,75.39
3819,Nyctimene masalai,Pteropodidae,0,0,0,0,0,0,100,0,0,0,Ar,1,0,0,52.3
3820,Nyctimene minutus,Pteropodidae,0,0,0,0,0,0,100,0,0,0,Ar,1,0,0,45.56
3821,Nyctimene rabori,Pteropodidae,0,0,0,0,0,0,100,0,0,0,Ar,1,0,0,67.5
3822,Nyctimene sanctacrucis,Pteropodidae,0,0,0,0,0,0,100,0,0,0,Ar,1,0,0,51.64
3823,Nyctimene draconilla,Pteropodidae,0,0,0,0,0,0,100,0,0,0,Ar,1,0,0,29
3824,Nyctimene vizcaccia,Pteropodidae,0,0,0,0,0,0,100,0,0,0,Ar,1,0,0,40
3825,Nyctimene robinsoni,Pteropodidae,0,0,0,0,0,0,100,0,0,0,Ar,1,0,0,49.48
3826,Nyctimene keasti,Pteropodidae,0,0,0,0,0,0,100,0,0,0,Ar,1,0,0,51.64
3827,Nyctimene cyclotis,Pteropodidae,0,0,0,0,0,0,100,0,0,0,Ar,1,0,0,48
3828,Nyctimene certans,Pteropodidae,0,0,0,0,0,0,100,0,0,0,Ar,1,0,0,42.1
3829,Nyctimene cephalotes,Pteropodidae,0,0,0,0,0,0,100,0,0,0,Ar,1,0,0,44.47
3830,Nyctimene albiventer,Pteropodidae,0,0,0,0,0,0,100,0,0,0,Ar,1,0,0,29.88
3831,Nyctimene aello,Pteropodidae,0,0,0,0,0,0,100,0,0,0,Ar,1,0,0,84.26
3832,Nyctimene major,Pteropodidae,0,0,0,0,0,0,100,0,0,0,Ar,1,0,0,104.15
3833,Otopteropus cartilagonodus,Pteropodidae,0,0,0,0,0,0,100,0,0,0,Ar,1,0,0,16.75
3834,Paranyctimene raptor,Pteropodidae,0,0,0,0,0,0,100,0,0,0,Ar,1,0,0,24.31
3835,Paranyctimene tenax,Pteropodidae,0,0,0,0,0,0,100,0,0,0,Ar,1,0,0,24.31
3836,Penthetor lucasi,Pteropodidae,0,0,0,0,0,0,100,0,0,0,Ar,1,0,0,38.17
3837,Plerotes anchietae,Pteropodidae,0,0,0,0,0,0,80,20,0,0,Ar,1,0,0,120.64
3838,Ptenochirus jagori,Pteropodidae,0,0,0,0,0,0,100,0,0,0,Ar,1,0,0,77.25
3839,Ptenochirus minor,Pteropodidae,0,0,0,0,0,0,100,0,0,0,Ar,1,0,0,36.25
3840,Pteralopex taki,Pteropodidae,0,0,0,0,0,0,40,40,20,0,Ar,1,0,0,369.06
3841,Pteralopex acrodonta,Pteropodidae,0,0,0,0,0,0,40,40,20,0,Ar,1,0,0,250.5
3842,Pteralopex anceps,Pteropodidae,0,0,0,0,0,0,40,40,20,0,Ar,1,0,0,560.36
3843,Pteralopex atrata,Pteropodidae,0,0,0,0,0,0,40,40,20,0,Ar,1,0,0,472
3844,Pteralopex pulchra,Pteropodidae,0,0,0,0,0,0,40,40,20,0,Ar,1,0,0,280
3845,Scotonycteris ophiodon,Pteropodidae,0,0,0,0,0,0,100,0,0,0,Ar,1,0,0,67.5
3846,Scotonycteris zenkeri,Pteropodidae,0,0,0,0,0,0,100,0,0,0,Ar,1,0,0,20.83
3847,Sphaerias blanfordi,Pteropodidae,0,0,0,0,0,0,80,20,0,0,Ar,1,0,0,28.18
3848,Styloctenium wallacei,Pteropodidae,0,0,0,0,0,0,80,20,0,0,Ar,1,1,0,173
3849,Syconycteris carolinae,Pteropodidae,0,0,0,0,0,0,10,90,0,0,Ar,1,0,0,39
3850,Syconycteris hobbit,Pteropodidae,0,0,0,0,0,0,10,90,0,0,Ar,1,0,0,18.29
3851,Syconycteris australis,Pteropodidae,0,0,0,0,0,0,10,90,0,0,Ar,1,0,0,17.1
3852,Thoopterus nigrescens,Pteropodidae,0,0,0,0,0,0,80,20,0,0,Ar,1,0,0,60.4
3853,Rhinolophus mitratus,Rhinolophidae,100,0,0,0,0,0,0,0,0,0,A,1,0,0,10.4
3854,Rhinolophus pusillus,Rhinolophidae,100,0,0,0,0,0,0,0,0,0,A,1,0,0,5.15
3855,Rhinolophus philippinensis,Rhinolophidae,100,0,0,0,0,0,0,0,0,0,A,1,0,0,10.33
3856,Rhinolophus pearsonii,Rhinolophidae,100,0,0,0,0,0,0,0,0,0,A,1,0,0,11.55
3857,Rhinolophus paradoxolophus,Rhinolophidae,100,0,0,0,0,0,0,0,0,0,A,1,0,0,8.24
3858,Rhinolophus landeri,Rhinolophidae,100,0,0,0,0,0,0,0,0,0,A,1,0,0,8.86
3859,Rhinolophus osgoodi,Rhinolophidae,100,0,0,0,0,0,0,0,0,0,A,1,0,0,10.62
3860,Rhinolophus nereis,Rhinolophidae,100,0,0,0,0,0,0,0,0,0,A,1,0,0,9.62
3861,Rhinolophus monoceros,Rhinolophidae,100,0,0,0,0,0,0,0,0,0,A,1,0,0,10.62
3862,Rhinolophus maendeleo,Rhinolophidae,80,0,0,0,0,0,0,0,10,10,A,1,0,0,10.62
3863,Rhinolophus mehelyi,Rhinolophidae,100,0,0,0,0,0,0,0,0,0,A,1,0,0,12.33
3864,Rhinolophus megaphyllus,Rhinolophidae,100,0,0,0,0,0,0,0,0,0,A,1,0,0,10.06
3865,Rhinolophus marshalli,Rhinolophidae,100,0,0,0,0,0,0,0,0,0,A,1,0,0,5.02
3866,Rhinolophus malayanus,Rhinolophidae,100,0,0,0,0,0,0,0,0,0,A,1,0,0,6.7
3867,Rhinolophus rex,Rhinolophidae,100,0,0,0,0,0,0,0,0,0,A,1,0,0,10.4
3868,Rhinolophus ziama,Rhinolophidae,80,0,0,0,0,0,0,0,10,10,A,1,0,0,10.62
3869,Rhinolophus siamensis,Rhinolophidae,80,0,0,0,0,0,0,0,10,10,A,1,0,0,10.62
3870,Rhinolophus madurensis,Rhinolophidae,80,0,0,0,0,0,0,0,10,10,A,1,0,0,10.62
3871,Rhinolophus montanus,Rhinolophidae,80,0,0,0,0,0,0,0,10,10,A,1,0,0,10.62
3872,Rhinolophus simulator,Rhinolophidae,100,0,0,0,0,0,0,0,0,0,A,1,0,0,8.1
3873,Rhinolophus virgo,Rhinolophidae,100,0,0,0,0,0,0,0,0,0,A,1,0,0,6
3874,Rhinolophus yunanensis,Rhinolophidae,100,0,0,0,0,0,0,0,0,0,A,1,0,0,19.7
3875,Rhinolophus trifoliatus,Rhinolophidae,100,0,0,0,0,0,0,0,0,0,A,1,0,0,14.53
3876,Rhinolophus thomasi,Rhinolophidae,100,0,0,0,0,0,0,0,0,0,A,1,0,0,8.3
3877,Rhinolophus swinnyi,Rhinolophidae,100,0,0,0,0,0,0,0,0,0,A,1,0,0,7.13
3878,Rhinolophus subrufus,Rhinolophidae,100,0,0,0,0,0,0,0,0,0,A,1,0,0,10.4
3879,Rhinolophus subbadius,Rhinolophidae,100,0,0,0,0,0,0,0,0,0,A,1,0,0,10.49
3880,Rhinolophus shameli,Rhinolophidae,100,0,0,0,0,0,0,0,0,0,A,1,0,0,9.61
3881,Rhinolophus sinicus,Rhinolophidae,80,0,0,0,0,0,0,0,10,10,A,1,0,0,10.62
3882,Rhinolophus robinsoni,Rhinolophidae,100,0,0,0,0,0,0,0,0,0,A,1,0,0,8.5
3883,Rhinolophus silvestris,Rhinolophidae,100,0,0,0,0,0,0,0,0,0,A,1,0,0,10.4
3884,Rhinolophus imaizumii,Rhinolophidae,100,0,0,0,0,0,0,0,0,0,A,1,0,0,10.62
3885,Rhinolophus shortridgei,Rhinolophidae,80,0,0,0,0,0,0,0,10,10,A,1,0,0,10.62
3886,Rhinolophus sedulus,Rhinolophidae,100,0,0,0,0,0,0,0,0,0,A,1,0,0,8.75
3887,Rhinolophus sakejiensis,Rhinolophidae,80,0,0,0,0,0,0,0,10,10,A,1,0,0,22
3888,Rhinolophus ruwenzorii,Rhinolophidae,80,0,0,0,0,0,0,0,10,10,A,1,0,0,10.62
3889,Rhinolophus rufus,Rhinolophidae,100,0,0,0,0,0,0,0,0,0,A,1,0,0,30
3890,Rhinolophus rouxii,Rhinolophidae,100,0,0,0,0,0,0,0,0,0,A,1,0,0,12.25
3891,Rhinolophus stheno,Rhinolophidae,100,0,0,0,0,0,0,0,0,0,A,1,0,0,7.9
3892,Rhinolophus affinis,Rhinolophidae,100,0,0,0,0,0,0,0,0,0,A,1,0,0,13.63
3893,Rhinolophus clivosus,Rhinolophidae,100,0,0,0,0,0,0,0,0,0,A,1,0,0,15.66
3894,Rhinolophus capensis,Rhinolophidae,100,0,0,0,0,0,0,0,0,0,A,1,0,0,12.8
3895,Rhinolophus inops,Rhinolophidae,100,0,0,0,0,0,0,0,0,0,A,1,0,0,13.5
3896,Rhinolophus borneensis,Rhinolophidae,100,0,0,0,0,0,0,0,0,0,A,1,0,0,7.9
3897,Rhinolophus bocharicus,Rhinolophidae,80,0,0,0,0,0,0,0,10,10,A,1,0,0,15.05
3898,Rhinolophus blasii,Rhinolophidae,100,0,0,0,0,0,0,0,0,0,A,1,0,0,9.7
3899,Rhinolophus beddomei,Rhinolophidae,80,0,0,0,0,0,0,0,10,10,A,1,0,0,10.62
3900,Rhinolophus coelophyllus,Rhinolophidae,100,0,0,0,0,0,0,0,0,0,A,1,0,0,7.1
3901,Rhinolophus alcyone,Rhinolophidae,100,0,0,0,0,0,0,0,0,0,A,1,0,0,18.75
3902,Rhinolophus celebensis,Rhinolophidae,100,0,0,0,0,0,0,0,0,0,A,1,0,0,10.4
3903,Rhinolophus adami,Rhinolophidae,100,0,0,0,0,0,0,0,0,0,A,1,0,0,10.4
3904,Rhinolophus acuminatus,Rhinolophidae,100,0,0,0,0,0,0,0,0,0,A,1,0,0,12.13
3905,Rhinolophus macrotis,Rhinolophidae,100,0,0,0,0,0,0,0,0,0,A,1,0,0,6.15
3906,Rhinolophus maclaudi,Rhinolophidae,100,0,0,0,0,0,0,0,0,0,A,1,0,0,13.08
3907,Rhinolophus luctus,Rhinolophidae,100,0,0,0,0,0,0,0,0,0,A,1,0,0,33.45
3908,Rhinolophus lepidus,Rhinolophidae,100,0,0,0,0,0,0,0,0,0,A,1,0,0,5.7
3909,Rhinolophus keyensis,Rhinolophidae,100,0,0,0,0,0,0,0,0,0,A,1,0,0,6.26
3910,Rhinolophus arcuatus,Rhinolophidae,100,0,0,0,0,0,0,0,0,0,A,1,0,0,8.75
3911,Rhinolophus ferrumequinum,Rhinolophidae,100,0,0,0,0,0,0,0,0,0,A,1,0,0,21.06
3912,Rhinolophus hipposideros,Rhinolophidae,100,0,0,0,0,0,0,0,0,0,A,1,0,0,4.71
3913,Rhinolophus hillorum,Rhinolophidae,80,0,0,0,0,0,0,0,10,10,A,1,0,0,10.62
3914,Rhinolophus hilli,Rhinolophidae,80,0,0,0,0,0,0,0,10,10,A,1,0,0,13.6
3915,Rhinolophus hildebrandtii,Rhinolophidae,100,0,0,0,0,0,0,0,0,0,A,1,0,0,25.99
3916,Rhinolophus guineensis,Rhinolophidae,100,0,0,0,0,0,0,0,0,0,A,1,0,0,9.9
3917,Rhinolophus canuti,Rhinolophidae,100,0,0,0,0,0,0,0,0,0,A,1,0,0,10.75
3918,Rhinolophus formosae,Rhinolophidae,80,0,0,0,0,0,0,0,10,10,A,1,0,0,10.62
3919,Rhinolophus cognatus,Rhinolophidae,100,0,0,0,0,0,0,0,0,0,A,1,0,0,10.49
3920,Rhinolophus euryotis,Rhinolophidae,100,0,0,0,0,0,0,0,0,0,A,1,0,0,14.3
3921,Rhinolophus euryale,Rhinolophidae,100,0,0,0,0,0,0,0,0,0,A,1,0,0,8.15
3922,Rhinolophus eloquens,Rhinolophidae,100,0,0,0,0,0,0,0,0,0,A,1,0,0,19.05
3923,Rhinolophus denti,Rhinolophidae,100,0,0,0,0,0,0,0,0,0,A,1,0,0,6.15
3924,Rhinolophus deckenii,Rhinolophidae,100,0,0,0,0,0,0,0,0,0,A,1,0,0,10.4
3925,Rhinolophus darlingi,Rhinolophidae,100,0,0,0,0,0,0,0,0,0,A,1,0,0,9.45
3926,Rhinolophus creaghi,Rhinolophidae,100,0,0,0,0,0,0,0,0,0,A,1,0,0,12
3927,Rhinolophus cornutus,Rhinolophidae,100,0,0,0,0,0,0,0,0,0,A,1,0,0,7.2
3928,Rhinolophus convexus,Rhinolophidae,80,0,0,0,0,0,0,0,10,10,A,1,0,0,10.62
3929,Rhinolophus fumigatus,Rhinolophidae,100,0,0,0,0,0,0,0,0,0,A,1,0,0,12.94
3930,Anthops ornatus,Hipposideridae,100,0,0,0,0,0,0,0,0,0,A,1,0,0,8
3931,Asellia patrizii,Hipposideridae,100,0,0,0,0,0,0,0,0,0,A,1,0,0,14.1
3932,Asellia tridens,Hipposideridae,100,0,0,0,0,0,0,0,0,0,A,1,0,0,11.93
3933,Aselliscus stoliczkanus,Hipposideridae,100,0,0,0,0,0,0,0,0,0,A,1,0,0,4.9
3934,Aselliscus tricuspidatus,Hipposideridae,100,0,0,0,0,0,0,0,0,0,A,1,0,0,4.1
3935,Cloeotis percivali,Hipposideridae,100,0,0,0,0,0,0,0,0,0,A,1,0,0,4.05
3936,Coelops robinsoni,Hipposideridae,100,0,0,0,0,0,0,0,0,0,S,1,0,0,6.5
3937,Coelops frithii,Hipposideridae,100,0,0,0,0,0,0,0,0,0,S,1,0,0,7.52
3938,Hipposideros lankadiva,Hipposideridae,100,0,0,0,0,0,0,0,0,0,A,1,0,0,52.4
3939,Hipposideros muscinus,Hipposideridae,100,0,0,0,0,0,0,0,0,0,A,1,0,0,14.41
3940,Hipposideros megalotis,Hipposideridae,100,0,0,0,0,0,0,0,0,0,A,1,0,0,9.31
3941,Hipposideros marisae,Hipposideridae,100,0,0,0,0,0,0,0,0,0,A,1,0,0,9.31
3942,Hipposideros maggietaylorae,Hipposideridae,100,0,0,0,0,0,0,0,0,0,A,1,0,0,18.5
3943,Hipposideros madurae,Hipposideridae,100,0,0,0,0,0,0,0,0,0,A,1,0,0,13.94
3944,Hipposideros macrobullatus,Hipposideridae,100,0,0,0,0,0,0,0,0,0,A,1,0,0,9.31
3945,Hipposideros lylei,Hipposideridae,100,0,0,0,0,0,0,0,0,0,A,1,0,0,40
3946,Hipposideros larvatus,Hipposideridae,100,0,0,0,0,0,0,0,0,0,A,1,0,0,19.85
3947,Hipposideros orbiculus,Hipposideridae,100,0,0,0,0,0,0,0,0,0,A,1,0,0,13.94
3948,Hipposideros lamottei,Hipposideridae,100,0,0,0,0,0,0,0,0,0,A,1,0,0,9.78
3949,Hipposideros jonesi,Hipposideridae,100,0,0,0,0,0,0,0,0,0,A,1,0,0,5.5
3950,Hipposideros inornatus,Hipposideridae,100,0,0,0,0,0,0,0,0,0,A,1,0,0,25.9
3951,Hipposideros inexpectatus,Hipposideridae,100,0,0,0,0,0,0,0,0,0,A,1,0,0,21.41
3952,Hipposideros hypophyllus,Hipposideridae,100,0,0,0,0,0,0,0,0,0,A,1,0,0,13.94
3953,Hipposideros halophyllus,Hipposideridae,100,0,0,0,0,0,0,0,0,0,A,1,0,0,4
3954,Hipposideros grandis,Hipposideridae,100,0,0,0,0,0,0,0,0,0,A,1,0,0,13.94
3955,Hipposideros gigas,Hipposideridae,100,0,0,0,0,0,0,0,0,0,A,1,0,0,115.42
3956,Hipposideros galeritus,Hipposideridae,100,0,0,0,0,0,0,0,0,0,A,1,0,0,8.18
3957,Hipposideros lekaguli,Hipposideridae,100,0,0,0,0,0,0,0,0,0,A,1,0,0,31.1
3958,Hipposideros semoni,Hipposideridae,100,0,0,0,0,0,0,0,0,0,A,1,0,0,14
3959,Hipposideros fulvus,Hipposideridae,100,0,0,0,0,0,0,0,0,0,A,1,0,0,8.5
3960,Hipposideros dyacorum,Hipposideridae,100,0,0,0,0,0,0,0,0,0,A,1,0,0,6.05
3961,Hipposideros wollastoni,Hipposideridae,100,0,0,0,0,0,0,0,0,0,A,1,0,0,6.75
3962,Hipposideros vittatus,Hipposideridae,100,0,0,0,0,0,0,0,0,0,A,1,0,0,13.94
3963,Hipposideros turpis,Hipposideridae,100,0,0,0,0,0,0,0,0,0,A,1,0,0,33.35
3964,Hipposideros thomensis,Hipposideridae,100,0,0,0,0,0,0,0,0,0,A,1,0,0,13.94
3965,Hipposideros sumbae,Hipposideridae,100,0,0,0,0,0,0,0,0,0,A,1,0,0,13.94
3966,Hipposideros stenotis,Hipposideridae,100,0,0,0,0,0,0,0,0,0,A,1,0,0,12
3967,Hipposideros nequam,Hipposideridae,100,0,0,0,0,0,0,0,0,0,A,1,0,0,9.31
3968,Hipposideros sorenseni,Hipposideridae,100,0,0,0,0,0,0,0,0,0,A,1,0,0,13.94
3969,Hipposideros obscurus,Hipposideridae,100,0,0,0,0,0,0,0,0,0,A,1,0,0,9.5
3970,Hipposideros scutinares,Hipposideridae,100,0,0,0,0,0,0,0,0,0,A,1,0,0,13.94
3971,Hipposideros ruber,Hipposideridae,100,0,0,0,0,0,0,0,0,0,A,1,0,0,10.11
3972,Hipposideros rotalis,Hipposideridae,100,0,0,0,0,0,0,0,0,0,A,1,0,0,13.94
3973,Hipposideros ridleyi,Hipposideridae,100,0,0,0,0,0,0,0,0,0,A,1,0,0,8.83
3974,Hipposideros pygmaeus,Hipposideridae,100,0,0,0,0,0,0,0,0,0,A,1,0,0,3.5
3975,Hipposideros pratti,Hipposideridae,100,0,0,0,0,0,0,0,0,0,A,1,0,0,31.8
3976,Hipposideros pomona,Hipposideridae,100,0,0,0,0,0,0,0,0,0,A,1,0,0,6.2
3977,Hipposideros pelingensis,Hipposideridae,100,0,0,0,0,0,0,0,0,0,A,1,0,0,13.94
3978,Hipposideros papua,Hipposideridae,100,0,0,0,0,0,0,0,0,0,A,1,0,0,9.31
3979,Hipposideros speoris,Hipposideridae,100,0,0,0,0,0,0,0,0,0,A,1,0,0,10.43
3980,Hipposideros breviceps,Hipposideridae,100,0,0,0,0,0,0,0,0,0,A,1,0,0,9.31
3981,Hipposideros cyclops,Hipposideridae,100,0,0,0,0,0,0,0,0,0,A,1,0,0,33.5
3982,Hipposideros demissus,Hipposideridae,100,0,0,0,0,0,0,0,0,0,A,1,0,0,13.94
3983,Hipposideros diadema,Hipposideridae,100,0,0,0,0,0,0,0,0,0,A,1,0,0,43.76
3984,Hipposideros crumeniferus,Hipposideridae,100,0,0,0,0,0,0,0,0,0,A,1,0,0,9.18
3985,Hipposideros coxi,Hipposideridae,100,0,0,0,0,0,0,0,0,0,A,1,0,0,9.25
3986,Hipposideros corynophyllus,Hipposideridae,100,0,0,0,0,0,0,0,0,0,A,1,0,0,14.5
3987,Hipposideros coronatus,Hipposideridae,100,0,0,0,0,0,0,0,0,0,A,1,0,0,10.59
3988,Hipposideros commersoni,Hipposideridae,100,0,0,0,0,0,0,0,0,0,A,1,0,0,99.09
3989,Hipposideros cineraceus,Hipposideridae,100,0,0,0,0,0,0,0,0,0,A,1,0,0,4.72
3990,Hipposideros cervinus,Hipposideridae,100,0,0,0,0,0,0,0,0,0,A,1,0,0,9.3
3991,Hipposideros camerunensis,Hipposideridae,100,0,0,0,0,0,0,0,0,0,A,1,0,0,23.28
3992,Hipposideros curtus,Hipposideridae,100,0,0,0,0,0,0,0,0,0,A,1,0,0,9.31
3993,Hipposideros caffer,Hipposideridae,100,0,0,0,0,0,0,0,0,0,A,1,0,0,9.45
3994,Hipposideros bicolor,Hipposideridae,100,0,0,0,0,0,0,0,0,0,A,1,0,0,7.64
3995,Hipposideros beatus,Hipposideridae,100,0,0,0,0,0,0,0,0,0,A,1,0,0,6.65
3996,Hipposideros ater,Hipposideridae,100,0,0,0,0,0,0,0,0,0,A,1,0,0,5.79
3997,Hipposideros armiger,Hipposideridae,100,0,0,0,0,0,0,0,0,0,A,1,0,0,53
3998,Hipposideros fuliginosus,Hipposideridae,100,0,0,0,0,0,0,0,0,0,A,1,0,0,9.31
3999,Hipposideros dinops,Hipposideridae,100,0,0,0,0,0,0,0,0,0,A,1,0,0,74.5
4000,Hipposideros doriae,Hipposideridae,100,0,0,0,0,0,0,0,0,0,A,1,0,0,4.24
4001,Hipposideros durgadasi,Hipposideridae,100,0,0,0,0,0,0,0,0,0,A,1,0,0,13.94
4002,Hipposideros abae,Hipposideridae,100,0,0,0,0,0,0,0,0,0,A,1,0,0,9.31
4003,Hipposideros edwardshilli,Hipposideridae,100,0,0,0,0,0,0,0,0,0,A,1,0,0,13.94
4004,Hipposideros calcaratus,Hipposideridae,100,0,0,0,0,0,0,0,0,0,A,1,0,0,11.35
4005,Paracoelops megalotis,Hipposideridae,100,0,0,0,0,0,0,0,0,0,S,1,0,0,5.67
4006,Rhinonicteris aurantia,Hipposideridae,100,0,0,0,0,0,0,0,0,0,A,1,1,0,8.77
4007,Triaenops auritus,Hipposideridae,100,0,0,0,0,0,0,0,0,0,A,1,1,0,8.6
4008,Triaenops rufus,Hipposideridae,100,0,0,0,0,0,0,0,0,0,A,1,1,0,9.1
4009,Triaenops persicus,Hipposideridae,100,0,0,0,0,0,0,0,0,0,A,1,1,0,12.58
4010,Triaenops furculus,Hipposideridae,100,0,0,0,0,0,0,0,0,0,A,1,1,0,5.56
4011,Megaderma spasma,Megadermatidae,40,30,20,10,0,0,0,0,0,0,G,1,0,0,25.38
4012,Megaderma lyra,Megadermatidae,40,30,20,10,0,0,0,0,0,0,G,1,0,0,45.54
4013,Cardioderma cor,Megadermatidae,100,0,0,0,0,0,0,0,0,0,G,1,0,0,27.84
4014,Lavia frons,Megadermatidae,100,0,0,0,0,0,0,0,0,0,S,1,1,1,23.93
4015,Macroderma gigas,Megadermatidae,20,70,10,0,0,0,0,0,0,0,G,1,0,0,126.43
4016,Rhinopoma microphyllum,Rhinopomatidae,100,0,0,0,0,0,0,0,0,0,A,1,0,0,27.87
4017,Rhinopoma hardwickii,Rhinopomatidae,100,0,0,0,0,0,0,0,0,0,A,1,0,0,13.1
4018,Rhinopoma macinnesi,Rhinopomatidae,100,0,0,0,0,0,0,0,0,0,A,1,0,0,14.94
4019,Rhinopoma muscatellum,Rhinopomatidae,100,0,0,0,0,0,0,0,0,0,A,1,0,0,9.14
4020,Lophostoma schulzi,Phyllostomidae,90,0,0,0,0,0,10,0,0,0,S,1,0,0,18.02
4021,Lophostoma evotis,Phyllostomidae,90,0,0,0,0,0,10,0,0,0,S,1,0,0,20.58
4022,Lophostoma carrikeri,Phyllostomidae,90,0,0,0,0,0,10,0,0,0,S,1,0,0,22.35
4023,Lophostoma brasiliense,Phyllostomidae,90,0,0,0,0,0,10,0,0,0,S,1,0,0,9.76
4024,Lophostoma silvicolum,Phyllostomidae,90,0,0,0,0,0,10,0,0,0,S,1,0,0,32.29
4025,Macrophyllum macrophyllum,Phyllostomidae,100,0,0,0,0,0,0,0,0,0,A,1,0,0,8.1
4026,Macrotus californicus,Phyllostomidae,50,0,0,0,0,0,50,0,0,0,S,1,0,0,11.63
4027,Macrotus waterhousii,Phyllostomidae,50,0,0,0,0,0,50,0,0,0,S,1,0,0,12.75
4028,Micronycteris brosseti,Phyllostomidae,80,0,0,0,0,0,20,0,0,0,S,1,0,0,4.85
4029,Micronycteris sanborni,Phyllostomidae,80,0,0,0,0,0,20,0,0,0,S,1,0,0,6.3
4030,Micronycteris minuta,Phyllostomidae,80,0,0,0,0,0,20,0,0,0,S,1,0,0,6.5
4031,Micronycteris hirsuta,Phyllostomidae,80,0,0,0,0,0,20,0,0,0,S,1,0,0,12.01
4032,Micronycteris homezi,Phyllostomidae,80,0,0,0,0,0,20,0,0,0,S,1,0,0,6.8
4033,Micronycteris matses,Phyllostomidae,80,0,0,0,0,0,20,0,0,0,S,1,0,0,6.85
4034,Micronycteris megalotis,Phyllostomidae,80,0,0,0,0,0,20,0,0,0,S,1,0,0,6.11
4035,Micronycteris microtis,Phyllostomidae,80,0,0,0,0,0,20,0,0,0,S,1,0,0,6.5
4036,Micronycteris schmidtorum,Phyllostomidae,80,0,0,0,0,0,20,0,0,0,S,1,0,0,7.53
4037,Chrotopterus auritus,Phyllostomidae,30,0,20,20,0,0,30,0,0,0,S,1,0,0,77.86
4038,Glyphonycteris behnii,Phyllostomidae,80,0,0,0,0,0,20,0,0,0,S,1,0,0,11.32
4039,Glyphonycteris daviesi,Phyllostomidae,80,0,0,0,0,0,20,0,0,0,S,1,0,0,18.61
4040,Glyphonycteris sylvestris,Phyllostomidae,80,0,0,0,0,0,20,0,0,0,S,1,0,0,8.91
4041,Lampronycteris brachyotis,Phyllostomidae,80,0,0,0,0,0,20,0,0,0,S,1,0,0,10.39
4042,Lonchorhina orinocensis,Phyllostomidae,100,0,0,0,0,0,0,0,0,0,S,1,0,0,8.8
4043,Lonchorhina inusitata,Phyllostomidae,100,0,0,0,0,0,0,0,0,0,S,1,0,0,13.29
4044,Lonchorhina aurita,Phyllostomidae,100,0,0,0,0,0,0,0,0,0,S,1,0,0,15.7
4045,Lonchorhina marinkellei,Phyllostomidae,100,0,0,0,0,0,0,0,0,0,S,1,0,0,17
4046,Lonchorhina fernandezi,Phyllostomidae,100,0,0,0,0,0,0,0,0,0,S,1,0,0,14.32
4047,Mimon bennettii,Phyllostomidae,30,0,20,20,0,0,30,0,0,0,S,1,0,0,25.2
4048,Mimon cozumelae,Phyllostomidae,60,10,0,0,0,0,30,0,0,0,S,1,0,0,18.61
4049,Mimon crenulatum,Phyllostomidae,50,0,0,0,0,0,50,0,0,0,S,1,0,0,13.75
4050,Mimon koepckeae,Phyllostomidae,60,10,0,0,0,0,30,0,0,0,S,1,0,0,18.61
4051,Neonycteris pusilla,Phyllostomidae,80,0,0,0,0,0,20,0,0,0,S,1,0,0,12.35
4052,Phylloderma stenops,Phyllostomidae,10,0,0,0,0,0,20,10,60,0,Ar,1,0,0,53.68
4053,Phyllostomus elongatus,Phyllostomidae,70,0,10,0,0,0,10,10,0,0,S,1,0,0,40.43
4054,Phyllostomus hastatus,Phyllostomidae,40,0,50,0,0,0,10,0,0,0,S,1,0,0,87.21
4055,Phyllostomus latifolius,Phyllostomidae,70,0,10,0,0,0,10,10,0,0,S,1,0,0,134
4056,Phyllostomus discolor,Phyllostomidae,30,0,0,0,0,0,40,30,0,0,S,1,0,0,34.13
4057,Tonatia bidens,Phyllostomidae,90,0,0,0,0,0,10,0,0,0,A,1,0,0,27.21
4058,Tonatia saurophila,Phyllostomidae,90,0,0,0,0,0,10,0,0,0,A,1,0,0,30
4059,Trachops cirrhosus,Phyllostomidae,50,0,40,0,0,0,10,0,0,0,G,1,0,0,37.67
4060,Trinycteris nicefori,Phyllostomidae,80,0,0,0,0,0,20,0,0,0,S,1,0,0,8.25
4061,Vampyrum spectrum,Phyllostomidae,10,80,0,0,0,0,10,0,0,0,G,1,0,0,167.65
4062,Artibeus phaeotis,Phyllostomidae,10,0,0,0,0,0,80,10,0,0,Ar,1,0,0,11.59
4063,Artibeus cinereus,Phyllostomidae,10,0,0,0,0,0,80,10,0,0,Ar,1,0,0,12.63
4064,Artibeus glaucus,Phyllostomidae,10,0,0,0,0,0,80,10,0,0,Ar,1,0,0,11.06
4065,Artibeus gnomus,Phyllostomidae,10,0,0,0,0,0,80,10,0,0,Ar,1,0,0,10.06
4066,Artibeus incomitatus,Phyllostomidae,10,0,0,0,0,0,80,10,0,0,Ar,1,0,0,26.52
4067,Artibeus aztecus,Phyllostomidae,10,0,0,0,0,0,80,10,0,0,Ar,1,0,0,20.38
4068,Artibeus toltecus,Phyllostomidae,10,0,0,0,0,0,80,10,0,0,Ar,1,0,0,15.4
4069,Artibeus watsoni,Phyllostomidae,10,0,0,0,0,0,80,10,0,0,Ar,1,0,0,11.2
4070,Artibeus anderseni,Phyllostomidae,10,0,0,0,0,0,80,10,0,0,Ar,1,0,0,138
4071,Artibeus fimbriatus,Phyllostomidae,10,0,0,0,0,0,80,10,0,0,Ar,1,0,0,63.9
4072,Artibeus fraterculus,Phyllostomidae,10,0,0,0,0,0,80,10,0,0,Ar,1,0,0,36
4073,Artibeus hirsutus,Phyllostomidae,10,0,0,0,0,0,80,10,0,0,Ar,1,0,0,38.73
4074,Artibeus amplus,Phyllostomidae,10,0,0,0,0,0,80,10,0,0,Ar,1,0,0,60
4075,Artibeus inopinatus,Phyllostomidae,10,0,0,0,0,0,80,10,0,0,Ar,1,0,0,29.3
4076,Artibeus jamaicensis,Phyllostomidae,10,0,0,0,0,0,80,10,0,0,Ar,1,0,0,42.17
4077,Artibeus obscurus,Phyllostomidae,10,0,0,0,0,0,80,10,0,0,Ar,1,0,0,35.2
4078,Artibeus lituratus,Phyllostomidae,10,0,0,0,0,0,80,10,0,0,Ar,1,0,0,60.54
4079,Artibeus concolor,Phyllostomidae,10,0,0,0,0,0,80,10,0,0,Ar,1,0,0,19.35
4080,Centurio senex,Phyllostomidae,0,0,0,0,0,0,100,0,0,0,Ar,1,0,0,21.22
4081,Ametrida centurio,Phyllostomidae,0,0,0,0,0,0,100,0,0,0,Ar,1,0,0,10.33
4082,Ardops nichollsi,Phyllostomidae,0,0,0,0,0,0,100,0,0,0,Ar,1,0,0,17.16
4083,Ariteus flavescens,Phyllostomidae,40,0,0,0,0,0,60,0,0,0,Ar,1,0,0,11.9
4084,Chiroderma trinitatum,Phyllostomidae,0,0,0,0,0,0,100,0,0,0,Ar,1,0,0,13.68
4085,Chiroderma villosum,Phyllostomidae,0,0,0,0,0,0,100,0,0,0,Ar,1,0,0,23.12
4086,Chiroderma salvini,Phyllostomidae,0,0,0,0,0,0,100,0,0,0,Ar,1,0,0,25.52
4087,Chiroderma improvisum,Phyllostomidae,0,0,0,0,0,0,100,0,0,0,Ar,1,0,0,35
4088,Chiroderma doriae,Phyllostomidae,0,0,0,0,0,0,100,0,0,0,Ar,1,0,0,19.9
4089,Ectophylla alba,Phyllostomidae,0,0,0,0,0,0,100,0,0,0,Ar,1,0,0,5.76
4090,Enchisthenes hartii,Phyllostomidae,10,0,0,0,0,0,80,10,0,0,Ar,1,0,0,16.99
4091,Mesophylla macconnelli,Phyllostomidae,10,0,0,0,0,0,90,0,0,0,Ar,1,0,0,6.92
4092,Phyllops falcatus,Phyllostomidae,0,0,0,0,0,0,100,0,0,0,Ar,1,0,0,20.91
4093,Platyrrhinus recifinus,Phyllostomidae,10,0,0,0,0,0,90,0,0,0,Ar,1,0,0,22
4094,Platyrrhinus dorsalis,Phyllostomidae,10,0,0,0,0,0,90,0,0,0,Ar,1,0,0,26
4095,Platyrrhinus umbratus,Phyllostomidae,10,0,0,0,0,0,90,0,0,0,Ar,1,0,0,24.5
4096,Platyrrhinus helleri,Phyllostomidae,10,0,0,0,0,0,90,0,0,0,Ar,1,0,0,13.5
4097,Platyrrhinus infuscus,Phyllostomidae,10,0,0,0,0,0,90,0,0,0,Ar,1,0,0,50.2
4098,Platyrrhinus chocoensis,Phyllostomidae,10,0,0,0,0,0,90,0,0,0,Ar,1,0,0,22
4099,Platyrrhinus brachycephalus,Phyllostomidae,10,0,0,0,0,0,90,0,0,0,Ar,1,0,0,14.1
4100,Platyrrhinus aurarius,Phyllostomidae,10,0,0,0,0,0,90,0,0,0,Ar,1,0,0,34.15
4101,Platyrrhinus lineatus,Phyllostomidae,10,0,0,0,0,0,90,0,0,0,Ar,1,0,0,24.36
4102,Platyrrhinus vittatus,Phyllostomidae,10,0,0,0,0,0,90,0,0,0,Ar,1,0,0,41.4
4103,Pygoderma bilabiatum,Phyllostomidae,0,0,0,0,0,0,100,0,0,0,Ar,1,0,0,18.5
4104,Sphaeronycteris toxophyllum,Phyllostomidae,30,0,0,0,0,0,60,10,0,0,Ar,1,0,0,16.18
4105,Stenoderma rufum,Phyllostomidae,0,0,0,0,0,0,100,0,0,0,Ar,1,0,0,20.65
4106,Uroderma bilobatum,Phyllostomidae,10,0,0,0,0,0,80,10,0,0,Ar,1,0,0,16.69
4107,Uroderma magnirostrum,Phyllostomidae,10,0,0,0,0,0,80,10,0,0,Ar,1,0,0,16.85
4108,Vampyressa pusilla,Phyllostomidae,0,0,0,0,0,0,100,0,0,0,Ar,1,0,0,8.63
4109,Vampyressa thyone,Phyllostomidae,0,0,0,0,0,0,100,0,0,0,Ar,1,0,0,7.17
4110,Vampyressa melissa,Phyllostomidae,0,0,0,0,0,0,100,0,0,0,Ar,1,0,0,16.3
4111,Vampyressa brocki,Phyllostomidae,0,0,0,0,0,0,100,0,0,0,Ar,1,0,0,10
4112,Vampyressa nymphaea,Phyllostomidae,0,0,0,0,0,0,100,0,0,0,Ar,1,0,0,11.8
4113,Vampyressa bidens,Phyllostomidae,0,0,0,0,0,0,100,0,0,0,Ar,1,0,0,11.6
4114,Vampyrodes caraccioli,Phyllostomidae,0,0,0,0,0,0,100,0,0,0,Ar,1,0,0,34.7
4115,Sturnira tildae,Phyllostomidae,0,0,0,0,0,0,100,0,0,0,Ar,1,0,0,24.04
4116,Sturnira oporaphilum,Phyllostomidae,0,0,0,0,0,0,100,0,0,0,Ar,1,0,0,21.99
4117,Sturnira thomasi,Phyllostomidae,0,0,0,0,0,0,100,0,0,0,Ar,1,0,0,21.66
4118,Sturnira mordax,Phyllostomidae,0,0,0,0,0,0,100,0,0,0,Ar,1,0,0,25.08
4119,Sturnira magna,Phyllostomidae,0,0,0,0,0,0,100,0,0,0,Ar,1,0,0,21.66
4120,Sturnira luisi,Phyllostomidae,0,0,0,0,0,0,100,0,0,0,Ar,1,0,0,21
4121,Sturnira ludovici,Phyllostomidae,0,0,0,0,0,0,100,0,0,0,Ar,1,0,0,21.02
4122,Sturnira lilium,Phyllostomidae,0,0,0,0,0,0,100,0,0,0,Ar,1,0,0,19.1
4123,Sturnira erythromos,Phyllostomidae,0,0,0,0,0,0,100,0,0,0,Ar,1,0,0,15.1
4124,Sturnira bogotensis,Phyllostomidae,0,0,0,0,0,0,100,0,0,0,Ar,1,0,0,20.8
4125,Sturnira aratathomasi,Phyllostomidae,0,0,0,0,0,0,100,0,0,0,Ar,1,0,0,48.63
4126,Sturnira mistratensis,Phyllostomidae,0,0,0,0,0,0,100,0,0,0,Ar,1,0,0,22.27
4127,Sturnira nana,Phyllostomidae,0,0,0,0,0,0,100,0,0,0,Ar,1,0,0,18.47
4128,Sturnira bidens,Phyllostomidae,0,0,0,0,0,0,100,0,0,0,Ar,1,0,0,17.55
4129,Desmodus rotundus,Phyllostomidae,0,100,0,0,0,0,0,0,0,0,G,1,0,0,31.21
4130,Diaemus youngi,Phyllostomidae,0,100,0,0,0,0,0,0,0,0,G,1,0,0,36.31
4131,Diphylla ecaudata,Phyllostomidae,0,100,0,0,0,0,0,0,0,0,G,1,0,0,29.3
4132,Brachyphylla cavernarum,Phyllostomidae,10,0,0,0,0,0,70,10,0,10,Ar,1,0,0,46.17
4133,Brachyphylla nana,Phyllostomidae,10,0,0,0,0,0,70,10,0,10,Ar,1,0,0,35.83
4134,Erophylla sezekorni,Phyllostomidae,30,0,0,0,0,0,40,30,0,0,Ar,1,0,0,15.8
4135,Erophylla bombifrons,Phyllostomidae,40,0,0,0,0,0,30,30,0,0,Ar,1,0,0,16.28
4136,Phyllonycteris poeyi,Phyllostomidae,30,0,0,0,0,0,40,30,0,0,Ar,1,0,0,15.36
4137,Phyllonycteris major,Phyllostomidae,30,0,0,0,0,0,40,30,0,0,Ar,1,0,0,14.15
4138,Phyllonycteris aphylla,Phyllostomidae,30,0,0,0,0,0,40,30,0,0,Ar,1,0,0,14.15
4139,Anoura cultrata,Phyllostomidae,30,0,0,0,0,0,30,40,0,0,Ar,1,0,0,16.85
4140,Anoura geoffroyi,Phyllostomidae,30,0,0,0,0,0,30,40,0,0,Ar,1,0,0,14.62
4141,Anoura latidens,Phyllostomidae,30,0,0,0,0,0,30,40,0,0,Ar,1,0,0,14.65
4142,Anoura luismanueli,Phyllostomidae,30,0,0,0,0,0,30,40,0,0,Ar,1,0,0,14.05
4143,Anoura caudifer,Phyllostomidae,30,0,0,0,0,0,30,40,0,0,Ar,1,0,0,10.81
4144,Choeroniscus godmani,Phyllostomidae,30,0,0,0,0,0,40,30,0,0,Ar,1,0,0,7.9
4145,Choeroniscus minor,Phyllostomidae,30,0,0,0,0,0,40,30,0,0,Ar,1,0,0,8.73
4146,Choeroniscus periosus,Phyllostomidae,30,0,0,0,0,0,40,30,0,0,Ar,1,0,0,11.57
4147,Choeronycteris mexicana,Phyllostomidae,20,0,0,0,0,0,40,40,0,0,Ar,1,0,0,16.6
4148,Glossophaga longirostris,Phyllostomidae,40,0,0,0,0,0,30,30,0,0,Ar,1,0,0,11.92
4149,Glossophaga leachii,Phyllostomidae,40,0,0,0,0,0,30,30,0,0,Ar,1,0,0,10.1
4150,Glossophaga morenoi,Phyllostomidae,40,0,0,0,0,0,30,30,0,0,Ar,1,0,0,8.4
4151,Glossophaga soricina,Phyllostomidae,40,0,0,0,0,0,30,30,0,0,Ar,1,0,0,9.43
4152,Glossophaga commissarisi,Phyllostomidae,40,0,0,0,0,0,30,30,0,0,Ar,1,0,0,8.9
4153,Hylonycteris underwoodi,Phyllostomidae,10,0,0,0,0,0,40,50,0,0,Ar,1,0,0,6.65
4154,Leptonycteris yerbabuenae,Phyllostomidae,20,0,0,0,0,0,40,40,0,0,Ar,1,0,0,22.24
4155,Leptonycteris nivalis,Phyllostomidae,20,0,0,0,0,0,40,40,0,0,Ar,1,0,0,25.64
4156,Leptonycteris curasoae,Phyllostomidae,20,0,0,0,0,0,40,40,0,0,Ar,1,0,0,23.42
4157,Lichonycteris obscura,Phyllostomidae,0,0,0,0,0,0,50,50,0,0,Ar,1,0,0,5.6
4158,Monophyllus redmani,Phyllostomidae,20,0,0,0,0,0,40,40,0,0,Ar,1,0,0,8.7
4159,Monophyllus plethodon,Phyllostomidae,20,0,0,0,0,0,40,40,0,0,Ar,1,0,0,14.81
4160,Musonycteris harrisoni,Phyllostomidae,40,0,0,0,0,0,0,60,0,0,Ar,1,0,0,13.37
4161,Scleronycteris ega,Phyllostomidae,30,0,0,0,0,0,30,40,0,0,Ar,1,0,0,49
4162,Lionycteris spurrelli,Phyllostomidae,30,0,0,0,0,0,60,10,0,0,Ar,1,0,0,8.38
4163,Lonchophylla mordax,Phyllostomidae,40,0,0,0,0,0,30,30,0,0,Ar,1,0,0,10.7
4164,Lonchophylla bokermanni,Phyllostomidae,40,0,0,0,0,0,30,30,0,0,Ar,1,0,0,11.8
4165,Lonchophylla dekeyseri,Phyllostomidae,40,0,0,0,0,0,30,30,0,0,Ar,1,0,0,11.8
4166,Lonchophylla handleyi,Phyllostomidae,40,0,0,0,0,0,30,30,0,0,Ar,1,0,0,18.5
4167,Lonchophylla hesperia,Phyllostomidae,40,0,0,0,0,0,30,30,0,0,Ar,1,0,0,11.8
4168,Lonchophylla thomasi,Phyllostomidae,40,0,0,0,0,0,30,30,0,0,Ar,1,0,0,6.85
4169,Lonchophylla robusta,Phyllostomidae,40,0,0,0,0,0,30,30,0,0,Ar,1,0,0,13
4170,Platalina genovensium,Phyllostomidae,0,0,0,0,0,0,0,100,0,0,Ar,1,0,0,16.25
4171,Carollia brevicauda,Phyllostomidae,0,0,0,0,0,0,100,0,0,0,Ar,1,0,0,14.4
4172,Carollia castanea,Phyllostomidae,0,0,0,0,0,0,100,0,0,0,Ar,1,0,0,13.27
4173,Carollia colombiana,Phyllostomidae,0,0,0,0,0,0,100,0,0,0,Ar,1,0,0,15.47
4174,Carollia perspicillata,Phyllostomidae,0,0,0,0,0,0,100,0,0,0,Ar,1,0,0,18
4175,Carollia subrufa,Phyllostomidae,0,0,0,0,0,0,100,0,0,0,Ar,1,0,0,15.59
4176,Carollia sowelli,Phyllostomidae,0,0,0,0,0,0,100,0,0,0,Ar,1,0,0,16.5
4177,Rhinophylla alethina,Phyllostomidae,10,0,0,0,0,0,90,0,0,0,Ar,1,0,0,13.57
4178,Rhinophylla fischerae,Phyllostomidae,10,0,0,0,0,0,90,0,0,0,Ar,1,0,0,9.6
4179,Rhinophylla pumilio,Phyllostomidae,10,0,0,0,0,0,90,0,0,0,Ar,1,0,0,9.55
4180,Craseonycteris thonglongyai,Craseonycteridae,100,0,0,0,0,0,0,0,0,0,A,1,0,0,2.15
4181,Saccolaimus flaviventris,Emballonuridae,100,0,0,0,0,0,0,0,0,0,A,1,0,0,42.13
4182,Saccolaimus mixtus,Emballonuridae,100,0,0,0,0,0,0,0,0,0,A,1,0,0,23.03
4183,Saccolaimus peli,Emballonuridae,100,0,0,0,0,0,0,0,0,0,A,1,0,0,100
4184,Saccolaimus saccolaimus,Emballonuridae,100,0,0,0,0,0,0,0,0,0,A,1,0,0,41.8
4185,Taphozous perforatus,Emballonuridae,100,0,0,0,0,0,0,0,0,0,A,1,1,0,27.33
4186,Taphozous melanopogon,Emballonuridae,100,0,0,0,0,0,0,0,0,0,A,1,1,0,25.94
4187,Taphozous achates,Emballonuridae,100,0,0,0,0,0,0,0,0,0,A,1,1,0,26.96
4188,Taphozous australis,Emballonuridae,100,0,0,0,0,0,0,0,0,0,A,1,1,0,22.9
4189,Taphozous georgianus,Emballonuridae,100,0,0,0,0,0,0,0,0,0,A,1,1,0,27.66
4190,Taphozous hildegardeae,Emballonuridae,100,0,0,0,0,0,0,0,0,0,A,1,1,0,29.6
4191,Taphozous hilli,Emballonuridae,100,0,0,0,0,0,0,0,0,0,A,1,1,0,22
4192,Taphozous kapalgensis,Emballonuridae,100,0,0,0,0,0,0,0,0,0,A,1,1,0,26
4193,Taphozous longimanus,Emballonuridae,100,0,0,0,0,0,0,0,0,0,A,1,1,0,26.92
4194,Taphozous theobaldi,Emballonuridae,100,0,0,0,0,0,0,0,0,0,A,1,1,0,39.8
4195,Taphozous mauritianus,Emballonuridae,100,0,0,0,0,0,0,0,0,0,A,1,1,0,27.35
4196,Taphozous troughtoni,Emballonuridae,100,0,0,0,0,0,0,0,0,0,A,1,1,0,26.96
4197,Taphozous hamiltoni,Emballonuridae,100,0,0,0,0,0,0,0,0,0,A,1,1,0,22
4198,Taphozous nudiventris,Emballonuridae,100,0,0,0,0,0,0,0,0,0,A,1,1,0,30.07
4199,Balantiopteryx infusca,Emballonuridae,100,0,0,0,0,0,0,0,0,0,A,1,0,0,4.38
4200,Balantiopteryx io,Emballonuridae,100,0,0,0,0,0,0,0,0,0,A,1,0,0,4.3
4201,Balantiopteryx plicata,Emballonuridae,100,0,0,0,0,0,0,0,0,0,A,1,0,0,6.39
4202,Centronycteris centralis,Emballonuridae,100,0,0,0,0,0,0,0,0,0,A,1,0,0,5
4203,Centronycteris maximiliani,Emballonuridae,100,0,0,0,0,0,0,0,0,0,A,1,0,0,5
4204,Coleura afra,Emballonuridae,100,0,0,0,0,0,0,0,0,0,A,1,0,0,10.67
4205,Coleura seychellensis,Emballonuridae,100,0,0,0,0,0,0,0,0,0,A,1,0,0,10.57
4206,Cormura brevirostris,Emballonuridae,100,0,0,0,0,0,0,0,0,0,A,1,0,0,9.18
4207,Cyttarops alecto,Emballonuridae,100,0,0,0,0,0,0,0,0,0,A,1,0,0,5.3
4208,Diclidurus albus,Emballonuridae,100,0,0,0,0,0,0,0,0,0,A,1,0,0,15.6
4209,Diclidurus ingens,Emballonuridae,100,0,0,0,0,0,0,0,0,0,A,1,0,0,123
4210,Diclidurus scutatus,Emballonuridae,100,0,0,0,0,0,0,0,0,0,A,1,0,0,13.25
4211,Diclidurus isabellus,Emballonuridae,100,0,0,0,0,0,0,0,0,0,A,1,0,0,14
4212,Emballonura serii,Emballonuridae,80,0,0,0,0,0,20,0,0,0,A,0,1,1,5.75
4213,Emballonura alecto,Emballonuridae,90,0,0,0,0,0,10,0,0,0,A,0,1,1,5.25
4214,Emballonura atrata,Emballonuridae,90,0,0,0,0,0,10,0,0,0,A,0,1,1,4.55
4215,Emballonura beccarii,Emballonuridae,90,0,0,0,0,0,10,0,0,0,A,0,1,1,4.2
4216,Emballonura dianae,Emballonuridae,90,0,0,0,0,0,10,0,0,0,A,0,1,1,7.97
4217,Emballonura furax,Emballonuridae,90,0,0,0,0,0,10,0,0,0,A,0,1,1,11.15
4218,Emballonura monticola,Emballonuridae,90,0,0,0,0,0,10,0,0,0,A,0,1,1,5.68
4219,Emballonura semicaudata,Emballonuridae,90,0,0,0,0,0,10,0,0,0,A,0,1,1,6.3
4220,Emballonura raffrayana,Emballonuridae,90,0,0,0,0,0,10,0,0,0,A,0,1,1,5.6
4221,Mosia nigrescens,Emballonuridae,100,0,0,0,0,0,0,0,0,0,A,1,0,0,3.25
4222,Peropteryx kappleri,Emballonuridae,100,0,0,0,0,0,0,0,0,0,A,1,0,0,9.42
4223,Peropteryx macrotis,Emballonuridae,100,0,0,0,0,0,0,0,0,0,A,1,0,0,5.42
4224,Peropteryx trinitatis,Emballonuridae,100,0,0,0,0,0,0,0,0,0,A,1,0,0,4.19
4225,Peropteryx leucoptera,Emballonuridae,100,0,0,0,0,0,0,0,0,0,A,1,0,0,6
4226,Rhynchonycteris naso,Emballonuridae,100,0,0,0,0,0,0,0,0,0,A,1,0,0,3.83
4227,Saccopteryx leptura,Emballonuridae,100,0,0,0,0,0,0,0,0,0,A,1,1,0,4.72
4228,Saccopteryx antioquensis,Emballonuridae,100,0,0,0,0,0,0,0,0,0,A,1,1,0,4.72
4229,Saccopteryx bilineata,Emballonuridae,100,0,0,0,0,0,0,0,0,0,A,1,1,0,7.8
4230,Saccopteryx canescens,Emballonuridae,100,0,0,0,0,0,0,0,0,0,A,1,1,0,3.38
4231,Saccopteryx gymnura,Emballonuridae,100,0,0,0,0,0,0,0,0,0,A,1,1,0,4
4232,Nycteris aurita,Nycteridae,60,20,20,0,0,0,0,0,0,0,A,1,0,0,11.86
4233,Nycteris madagascariensis,Nycteridae,60,20,20,0,0,0,0,0,0,0,A,1,0,0,17.69
4234,Nycteris grandis,Nycteridae,40,30,20,10,0,0,0,0,0,0,A,1,0,0,30.16
4235,Nycteris arge,Nycteridae,80,10,10,0,0,0,0,0,0,0,A,1,0,0,11.95
4236,Nycteris gambiensis,Nycteridae,80,10,10,0,0,0,0,0,0,0,A,1,0,0,6.95
4237,Nycteris hispida,Nycteridae,80,10,10,0,0,0,0,0,0,0,A,1,0,0,8.63
4238,Nycteris intermedia,Nycteridae,80,10,10,0,0,0,0,0,0,0,A,1,0,0,10.65
4239,Nycteris macrotis,Nycteridae,80,10,10,0,0,0,0,0,0,0,A,1,0,0,14.46
4240,Nycteris major,Nycteridae,80,10,10,0,0,0,0,0,0,0,A,1,0,0,11.21
4241,Nycteris nana,Nycteridae,80,10,10,0,0,0,0,0,0,0,A,1,0,0,6.95
4242,Nycteris parisii,Nycteridae,60,20,20,0,0,0,0,0,0,0,A,1,0,0,11.86
4243,Nycteris thebaica,Nycteridae,80,10,10,0,0,0,0,0,0,0,A,1,0,0,9.81
4244,Nycteris tragata,Nycteridae,80,10,10,0,0,0,0,0,0,0,A,1,0,0,14.4
4245,Nycteris vinsoni,Nycteridae,60,20,20,0,0,0,0,0,0,0,A,1,0,0,11.86
4246,Nycteris woodi,Nycteridae,80,10,10,0,0,0,0,0,0,0,A,1,0,0,7.55
4247,Nycteris javanica,Nycteridae,80,10,10,0,0,0,0,0,0,0,A,1,0,0,17.7
4248,Myzopoda aurita,Myzopodidae,0,0,0,0,0,0,0,0,0,0,A,1,0,0,9.1
4249,Mystacina robusta,Mystacinidae,0,0,0,0,0,0,0,0,0,0,G,1,0,0,27.25
4250,Mystacina tuberculata,Mystacinidae,0,0,0,0,0,0,0,0,0,0,G,1,0,0,12.6
4251,Mops trevori,Molossidae,100,0,0,0,0,0,0,0,0,0,A,1,0,0,18.65
4252,Mops mops,Molossidae,100,0,0,0,0,0,0,0,0,0,A,1,0,0,30.95
4253,Mops sarasinorum,Molossidae,100,0,0,0,0,0,0,0,0,0,A,1,0,0,24.17
4254,Mops niveiventer,Molossidae,100,0,0,0,0,0,0,0,0,0,A,1,0,0,21.7
4255,Mops niangarae,Molossidae,100,0,0,0,0,0,0,0,0,0,A,1,0,0,18.65
4256,Mops demonstrator,Molossidae,100,0,0,0,0,0,0,0,0,0,A,1,0,0,18.65
4257,Mops congicus,Molossidae,100,0,0,0,0,0,0,0,0,0,A,1,0,0,42.95
4258,Mops leucostigma,Molossidae,100,0,0,0,0,0,0,0,0,0,A,1,0,0,26.79
4259,Mops midas,Molossidae,100,0,0,0,0,0,0,0,0,0,A,1,0,0,45.22
4260,Mops condylurus,Molossidae,100,0,0,0,0,0,0,0,0,0,A,1,0,0,28.37
4261,Mops petersoni,Molossidae,100,0,0,0,0,0,0,0,0,0,A,1,0,0,18.65
4262,Mops spurrelli,Molossidae,100,0,0,0,0,0,0,0,0,0,A,1,0,0,8.08
4263,Mops thersites,Molossidae,100,0,0,0,0,0,0,0,0,0,A,1,0,0,22
4264,Mops nanulus,Molossidae,100,0,0,0,0,0,0,0,0,0,A,1,0,0,18.65
4265,Mops brachypterus,Molossidae,100,0,0,0,0,0,0,0,0,0,A,1,0,0,16
4266,Chaerephon bemmeleni,Molossidae,100,0,0,0,0,0,0,0,0,0,A,1,0,0,19
4267,Chaerephon solomonis,Molossidae,100,0,0,0,0,0,0,0,0,0,A,1,0,0,14.53
4268,Chaerephon ansorgei,Molossidae,100,0,0,0,0,0,0,0,0,0,A,1,0,0,16.14
4269,Chaerephon jobensis,Molossidae,100,0,0,0,0,0,0,0,0,0,A,1,0,0,16.89
4270,Chaerephon bivittatus,Molossidae,100,0,0,0,0,0,0,0,0,0,A,1,0,0,15.42
4271,Chaerephon bregullae,Molossidae,100,0,0,0,0,0,0,0,0,0,A,1,0,0,14.53
4272,Chaerephon chapini,Molossidae,100,0,0,0,0,0,0,0,0,0,A,1,0,0,10
4273,Chaerephon gallagheri,Molossidae,100,0,0,0,0,0,0,0,0,0,A,1,0,0,18.65
4274,Chaerephon leucogaster,Molossidae,100,0,0,0,0,0,0,0,0,0,A,1,0,0,12.5
4275,Chaerephon nigeriae,Molossidae,100,0,0,0,0,0,0,0,0,0,A,1,0,0,19.8
4276,Chaerephon plicatus,Molossidae,100,0,0,0,0,0,0,0,0,0,A,1,0,0,21.83
4277,Chaerephon pumilus,Molossidae,100,0,0,0,0,0,0,0,0,0,A,1,0,0,10.98
4278,Chaerephon shortridgei,Molossidae,100,0,0,0,0,0,0,0,0,0,A,1,0,0,14.53
4279,Chaerephon tomensis,Molossidae,100,0,0,0,0,0,0,0,0,0,A,1,0,0,7.48
4280,Chaerephon aloysiisabaudiae,Molossidae,100,0,0,0,0,0,0,0,0,0,A,1,0,0,14.53
4281,Chaerephon johorensis,Molossidae,100,0,0,0,0,0,0,0,0,0,A,1,0,0,18.65
4282,Chaerephon russatus,Molossidae,100,0,0,0,0,0,0,0,0,0,A,1,0,0,16.98
4283,Chaerephon major,Molossidae,100,0,0,0,0,0,0,0,0,0,A,1,0,0,14.75
4284,Cheiromeles torquatus,Molossidae,100,0,0,0,0,0,0,0,0,0,A,1,0,0,163.5
4285,Cheiromeles parvidens,Molossidae,100,0,0,0,0,0,0,0,0,0,A,1,0,0,163.5
4286,Cynomops abrasus,Molossidae,100,0,0,0,0,0,0,0,0,0,A,1,0,0,35.39
4287,Cynomops greenhalli,Molossidae,100,0,0,0,0,0,0,0,0,0,A,1,0,0,15.87
4288,Cynomops mexicanus,Molossidae,100,0,0,0,0,0,0,0,0,0,A,1,0,0,17.21
4289,Cynomops paranus,Molossidae,100,0,0,0,0,0,0,0,0,0,A,1,0,0,12.16
4290,Cynomops planirostris,Molossidae,100,0,0,0,0,0,0,0,0,0,A,1,0,0,12.84
4291,Eumops dabbenei,Molossidae,100,0,0,0,0,0,0,0,0,0,A,1,0,0,104.35
4292,Eumops bonariensis,Molossidae,100,0,0,0,0,0,0,0,0,0,A,1,0,0,11.9
4293,Eumops trumbulli,Molossidae,100,0,0,0,0,0,0,0,0,0,A,1,0,0,34.01
4294,Eumops glaucinus,Molossidae,100,0,0,0,0,0,0,0,0,0,A,1,0,0,35.38
4295,Eumops hansae,Molossidae,100,0,0,0,0,0,0,0,0,0,A,1,0,0,15.05
4296,Eumops maurus,Molossidae,100,0,0,0,0,0,0,0,0,0,A,1,0,0,29.38
4297,Eumops patagonicus,Molossidae,100,0,0,0,0,0,0,0,0,0,A,1,0,0,34.01
4298,Eumops perotis,Molossidae,100,0,0,0,0,0,0,0,0,0,A,1,0,0,51.13
4299,Eumops underwoodi,Molossidae,100,0,0,0,0,0,0,0,0,0,A,1,0,0,54.7
4300,Eumops auripendulus,Molossidae,100,0,0,0,0,0,0,0,0,0,A,1,0,0,28.45
4301,Molossops temminckii,Molossidae,100,0,0,0,0,0,0,0,0,0,A,1,0,0,5.9
4302,Molossops neglectus,Molossidae,100,0,0,0,0,0,0,0,0,0,A,1,0,0,11
4303,Molossops aequatorianus,Molossidae,100,0,0,0,0,0,0,0,0,0,A,1,0,0,14.51
4304,Molossops mattogrossensis,Molossidae,100,0,0,0,0,0,0,0,0,0,A,1,0,0,6.83
4305,Molossus currentium,Molossidae,100,0,0,0,0,0,0,0,0,0,A,1,0,0,17.79
4306,Molossus sinaloae,Molossidae,100,0,0,0,0,0,0,0,0,0,A,1,0,0,22.58
4307,Molossus rufus,Molossidae,100,0,0,0,0,0,0,0,0,0,A,1,0,0,25
4308,Molossus molossus,Molossidae,100,0,0,0,0,0,0,0,0,0,A,1,0,0,13.58
4309,Molossus coibensis,Molossidae,100,0,0,0,0,0,0,0,0,0,A,1,0,0,18.73
4310,Molossus barnesi,Molossidae,100,0,0,0,0,0,0,0,0,0,A,1,0,0,14.8
4311,Molossus aztecus,Molossidae,100,0,0,0,0,0,0,0,0,0,A,1,0,0,14.86
4312,Molossus pretiosus,Molossidae,100,0,0,0,0,0,0,0,0,0,A,1,0,0,27
4313,Mormopterus jugularis,Molossidae,100,0,0,0,0,0,0,0,0,0,A,1,0,0,11.5
4314,Mormopterus phrudus,Molossidae,100,0,0,0,0,0,0,0,0,0,A,1,0,0,13.44
4315,Mormopterus norfolkensis,Molossidae,100,0,0,0,0,0,0,0,0,0,A,1,0,0,8
4316,Mormopterus minutus,Molossidae,100,0,0,0,0,0,0,0,0,0,A,1,0,0,13.44
4317,Mormopterus loriae,Molossidae,100,0,0,0,0,0,0,0,0,0,A,1,0,0,7
4318,Mormopterus kalinowskii,Molossidae,100,0,0,0,0,0,0,0,0,0,A,1,0,0,13.44
4319,Mormopterus acetabulosus,Molossidae,100,0,0,0,0,0,0,0,0,0,A,1,0,0,11
4320,Mormopterus beccarii,Molossidae,100,0,0,0,0,0,0,0,0,0,A,1,0,0,14.85
4321,Mormopterus doriae,Molossidae,100,0,0,0,0,0,0,0,0,0,A,1,0,0,12.5
4322,Mormopterus planiceps,Molossidae,100,0,0,0,0,0,0,0,0,0,A,1,0,0,8.8
4323,Myopterus daubentonii,Molossidae,100,0,0,0,0,0,0,0,0,0,A,1,0,0,23.62
4324,Myopterus whitleyi,Molossidae,100,0,0,0,0,0,0,0,0,0,A,1,0,0,11.5
4325,Nyctinomops macrotis,Molossidae,100,0,0,0,0,0,0,0,0,0,A,1,0,0,18.4
4326,Nyctinomops aurispinosus,Molossidae,100,0,0,0,0,0,0,0,0,0,A,1,0,0,17.95
4327,Nyctinomops femorosaccus,Molossidae,100,0,0,0,0,0,0,0,0,0,A,1,0,0,14.63
4328,Nyctinomops laticaudatus,Molossidae,100,0,0,0,0,0,0,0,0,0,A,1,0,0,12.22
4329,Otomops formosus,Molossidae,100,0,0,0,0,0,0,0,0,0,A,1,0,0,21.4
4330,Otomops wroughtoni,Molossidae,100,0,0,0,0,0,0,0,0,0,A,1,0,0,21.4
4331,Otomops papuensis,Molossidae,100,0,0,0,0,0,0,0,0,0,A,1,0,0,16.5
4332,Otomops martiensseni,Molossidae,100,0,0,0,0,0,0,0,0,0,A,1,0,0,34.3
4333,Otomops secundus,Molossidae,100,0,0,0,0,0,0,0,0,0,A,1,0,0,21.4
4334,Otomops johnstonei,Molossidae,100,0,0,0,0,0,0,0,0,0,A,1,0,0,24.19
4335,Otomops madagascariensis,Molossidae,100,0,0,0,0,0,0,0,0,0,A,1,0,0,25
4336,Platymops setiger,Molossidae,100,0,0,0,0,0,0,0,0,0,A,1,0,0,13
4337,Promops centralis,Molossidae,100,0,0,0,0,0,0,0,0,0,A,1,0,0,26.37
4338,Promops nasutus,Molossidae,100,0,0,0,0,0,0,0,0,0,A,1,0,0,15.2
4339,Sauromys petrophilus,Molossidae,100,0,0,0,0,0,0,0,0,0,A,1,0,0,14.25
4340,Tadarida teniotis,Molossidae,100,0,0,0,0,0,0,0,0,0,A,1,0,0,27.04
4341,Tadarida ventralis,Molossidae,100,0,0,0,0,0,0,0,0,0,A,1,0,0,23.62
4342,Tadarida latouchei,Molossidae,100,0,0,0,0,0,0,0,0,0,A,1,0,0,23.55
4343,Tadarida lobata,Molossidae,100,0,0,0,0,0,0,0,0,0,A,1,0,0,23.62
4344,Tadarida kuboriensis,Molossidae,100,0,0,0,0,0,0,0,0,0,A,1,0,0,26.8
4345,Tadarida aegyptiaca,Molossidae,100,0,0,0,0,0,0,0,0,0,A,1,0,0,16.78
4346,Tadarida australis,Molossidae,100,0,0,0,0,0,0,0,0,0,A,1,0,0,31.8
4347,Tadarida brasiliensis,Molossidae,100,0,0,0,0,0,0,0,0,0,A,1,0,0,12.49
4348,Tadarida fulminans,Molossidae,100,0,0,0,0,0,0,0,0,0,A,1,0,0,35.28
4349,Tadarida insignis,Molossidae,100,0,0,0,0,0,0,0,0,0,A,1,0,0,23.55
4350,Tomopeas ravus,Molossidae,100,0,0,0,0,0,0,0,0,0,A,1,0,0,2.54
4351,Eptesicus furinalis,Vespertilionidae,100,0,0,0,0,0,0,0,0,0,A,1,0,0,7.74
4352,Eptesicus dimissus,Vespertilionidae,100,0,0,0,0,0,0,0,0,0,A,1,0,0,13.03
4353,Eptesicus fuscus,Vespertilionidae,100,0,0,0,0,0,0,0,0,0,A,1,0,0,16.46
4354,Eptesicus diminutus,Vespertilionidae,100,0,0,0,0,0,0,0,0,0,A,1,0,0,6
4355,Eptesicus chiriquinus,Vespertilionidae,100,0,0,0,0,0,0,0,0,0,A,1,0,0,11.25
4356,Eptesicus brasiliensis,Vespertilionidae,100,0,0,0,0,0,0,0,0,0,A,1,0,0,9.47
4357,Eptesicus bottae,Vespertilionidae,100,0,0,0,0,0,0,0,0,0,A,1,0,0,14.23
4358,Eptesicus matroka,Vespertilionidae,100,0,0,0,0,0,0,0,0,0,A,1,0,0,6.57
4359,Eptesicus andinus,Vespertilionidae,100,0,0,0,0,0,0,0,0,0,A,1,0,0,10.96
4360,Eptesicus tatei,Vespertilionidae,100,0,0,0,0,0,0,0,0,0,A,1,0,0,11.42
4361,Eptesicus japonensis,Vespertilionidae,100,0,0,0,0,0,0,0,0,0,A,1,0,0,10.96
4362,Eptesicus nasutus,Vespertilionidae,100,0,0,0,0,0,0,0,0,0,A,1,0,0,7.91
4363,Eptesicus nilssonii,Vespertilionidae,100,0,0,0,0,0,0,0,0,0,A,1,0,0,10.72
4364,Eptesicus pachyotis,Vespertilionidae,100,0,0,0,0,0,0,0,0,0,A,1,0,0,8.28
4365,Eptesicus platyops,Vespertilionidae,100,0,0,0,0,0,0,0,0,0,A,1,0,0,11.42
4366,Eptesicus serotinus,Vespertilionidae,100,0,0,0,0,0,0,0,0,0,A,1,0,0,22.86
4367,Eptesicus bobrinskoi,Vespertilionidae,100,0,0,0,0,0,0,0,0,0,A,1,0,0,7.55
4368,Eptesicus gobiensis,Vespertilionidae,100,0,0,0,0,0,0,0,0,0,A,1,0,0,10.96
4369,Eptesicus innoxius,Vespertilionidae,100,0,0,0,0,0,0,0,0,0,A,1,0,0,8.86
4370,Eptesicus guadeloupensis,Vespertilionidae,100,0,0,0,0,0,0,0,0,0,A,1,0,0,11.42
4371,Eptesicus hottentotus,Vespertilionidae,100,0,0,0,0,0,0,0,0,0,A,1,0,0,30
4372,Eptesicus kobayashii,Vespertilionidae,100,0,0,0,0,0,0,0,0,0,A,1,0,0,10.96
4373,Eptesicus floweri,Vespertilionidae,100,0,0,0,0,0,0,0,0,0,A,1,0,0,10.17
4374,Arielulus aureocollaris,Vespertilionidae,100,0,0,0,0,0,0,0,0,0,A,1,0,0,10.4
4375,Arielulus torquatus,Vespertilionidae,100,0,0,0,0,0,0,0,0,0,A,1,0,0,10.4
4376,Arielulus societatis,Vespertilionidae,100,0,0,0,0,0,0,0,0,0,A,1,0,0,8.03
4377,Arielulus circumdatus,Vespertilionidae,100,0,0,0,0,0,0,0,0,0,A,1,0,0,10.4
4378,Arielulus cuprosus,Vespertilionidae,100,0,0,0,0,0,0,0,0,0,A,1,0,0,10.4
4379,Hesperoptenus doriae,Vespertilionidae,100,0,0,0,0,0,0,0,0,0,A,1,0,0,9.56
4380,Hesperoptenus gaskelli,Vespertilionidae,100,0,0,0,0,0,0,0,0,0,A,1,0,0,13.07
4381,Hesperoptenus tomesi,Vespertilionidae,100,0,0,0,0,0,0,0,0,0,A,1,0,0,31
4382,Hesperoptenus tickelli,Vespertilionidae,100,0,0,0,0,0,0,0,0,0,A,1,0,0,16.3
4383,Hesperoptenus blanfordi,Vespertilionidae,100,0,0,0,0,0,0,0,0,0,A,1,0,0,6.53
4384,Scotophilus dinganii,Vespertilionidae,100,0,0,0,0,0,0,0,0,0,A,1,0,0,25.13
4385,Scotophilus robustus,Vespertilionidae,100,0,0,0,0,0,0,0,0,0,A,1,0,0,26.03
4386,Scotophilus borbonicus,Vespertilionidae,100,0,0,0,0,0,0,0,0,0,A,1,0,0,18
4387,Scotophilus heathii,Vespertilionidae,100,0,0,0,0,0,0,0,0,0,A,1,0,0,36.13
4388,Scotophilus collinus,Vespertilionidae,100,0,0,0,0,0,0,0,0,0,A,1,0,0,28.26
4389,Scotophilus kuhlii,Vespertilionidae,100,0,0,0,0,0,0,0,0,0,A,1,0,0,20.73
4390,Scotophilus nux,Vespertilionidae,100,0,0,0,0,0,0,0,0,0,A,1,0,0,30
4391,Scotophilus nucella,Vespertilionidae,100,0,0,0,0,0,0,0,0,0,A,1,0,0,28.26
4392,Scotophilus viridis,Vespertilionidae,100,0,0,0,0,0,0,0,0,0,A,1,0,0,19.6
4393,Scotophilus nigrita,Vespertilionidae,100,0,0,0,0,0,0,0,0,0,A,1,0,0,101
4394,Scotophilus leucogaster,Vespertilionidae,100,0,0,0,0,0,0,0,0,0,A,1,0,0,20.23
4395,Scotophilus celebensis,Vespertilionidae,100,0,0,0,0,0,0,0,0,0,A,1,0,0,26.77
4396,Scotorepens balstoni,Vespertilionidae,100,0,0,0,0,0,0,0,0,0,A,1,0,0,11.92
4397,Scotorepens greyii,Vespertilionidae,100,0,0,0,0,0,0,0,0,0,A,1,0,0,10
4398,Scotorepens sanborni,Vespertilionidae,100,0,0,0,0,0,0,0,0,0,A,1,0,0,8.13
4399,Scotorepens orion,Vespertilionidae,100,0,0,0,0,0,0,0,0,0,A,1,0,0,11.83
4400,Nycticeinops schlieffeni,Vespertilionidae,100,0,0,0,0,0,0,0,0,0,A,1,0,0,5.05
4401,Nycticeius aenobarbus,Vespertilionidae,100,0,0,0,0,0,0,0,0,0,A,1,0,0,8.99
4402,Nycticeius humeralis,Vespertilionidae,100,0,0,0,0,0,0,0,0,0,A,1,0,0,8.99
4403,Nycticeius cubanus,Vespertilionidae,100,0,0,0,0,0,0,0,0,0,A,1,0,0,8.99
4404,Rhogeessa gracilis,Vespertilionidae,100,0,0,0,0,0,0,0,0,0,A,1,0,0,4.88
4405,Rhogeessa tumida,Vespertilionidae,100,0,0,0,0,0,0,0,0,0,A,1,0,0,4.58
4406,Rhogeessa parvula,Vespertilionidae,100,0,0,0,0,0,0,0,0,0,A,1,0,0,4.37
4407,Rhogeessa mira,Vespertilionidae,100,0,0,0,0,0,0,0,0,0,A,1,0,0,4.91
4408,Rhogeessa minutilla,Vespertilionidae,100,0,0,0,0,0,0,0,0,0,A,1,0,0,3.75
4409,Rhogeessa hussoni,Vespertilionidae,100,0,0,0,0,0,0,0,0,0,A,1,0,0,4.22
4410,Rhogeessa genowaysi,Vespertilionidae,100,0,0,0,0,0,0,0,0,0,A,1,0,0,4.64
4411,Rhogeessa aeneus,Vespertilionidae,100,0,0,0,0,0,0,0,0,0,A,1,0,0,4.22
4412,Rhogeessa io,Vespertilionidae,100,0,0,0,0,0,0,0,0,0,A,1,0,0,4.22
4413,Rhogeessa alleni,Vespertilionidae,100,0,0,0,0,0,0,0,0,0,A,1,0,0,5.47
4414,Scoteanax rueppellii,Vespertilionidae,100,0,0,0,0,0,0,0,0,0,A,1,0,0,26.41
4415,Scotoecus albofuscus,Vespertilionidae,100,0,0,0,0,0,0,0,0,0,A,1,0,0,4.5
4416,Scotoecus hindei,Vespertilionidae,100,0,0,0,0,0,0,0,0,0,A,1,0,0,10.41
4417,Scotoecus hirundo,Vespertilionidae,100,0,0,0,0,0,0,0,0,0,A,1,0,0,9.34
4418,Scotoecus pallidus,Vespertilionidae,100,0,0,0,0,0,0,0,0,0,A,1,0,0,7.43
4419,Scotoecus albigula,Vespertilionidae,100,0,0,0,0,0,0,0,0,0,A,1,0,0,10.08
4420,Scotomanes ornatus,Vespertilionidae,100,0,0,0,0,0,0,0,0,0,A,1,0,0,21.8
4421,Nyctophilus bifax,Vespertilionidae,100,0,0,0,0,0,0,0,0,0,A,1,0,0,9.89
4422,Nyctophilus howensis,Vespertilionidae,100,0,0,0,0,0,0,0,0,0,A,1,0,0,7.78
4423,Nyctophilus microdon,Vespertilionidae,100,0,0,0,0,0,0,0,0,0,A,1,0,0,7.63
4424,Nyctophilus walkeri,Vespertilionidae,100,0,0,0,0,0,0,0,0,0,A,1,0,0,4.34
4425,Nyctophilus heran,Vespertilionidae,100,0,0,0,0,0,0,0,0,0,A,1,0,0,7.63
4426,Nyctophilus geoffroyi,Vespertilionidae,100,0,0,0,0,0,0,0,0,0,A,1,0,0,7.28
4427,Nyctophilus gouldi,Vespertilionidae,100,0,0,0,0,0,0,0,0,0,A,1,0,0,10
4428,Nyctophilus timoriensis,Vespertilionidae,100,0,0,0,0,0,0,0,0,0,A,1,0,0,11.73
4429,Nyctophilus nebulosus,Vespertilionidae,100,0,0,0,0,0,0,0,0,0,A,1,0,0,7.78
4430,Nyctophilus microtis,Vespertilionidae,100,0,0,0,0,0,0,0,0,0,A,1,0,0,7.1
4431,Nyctophilus arnhemensis,Vespertilionidae,100,0,0,0,0,0,0,0,0,0,A,1,0,0,6.65
4432,Pharotis imogene,Vespertilionidae,100,0,0,0,0,0,0,0,0,0,S,1,0,0,8.34
4433,Lasiurus ebenus,Vespertilionidae,100,0,0,0,0,0,0,0,0,0,A,1,0,0,14
4434,Lasiurus borealis,Vespertilionidae,100,0,0,0,0,0,0,0,0,0,A,1,0,0,10.74
4435,Lasiurus blossevillii,Vespertilionidae,100,0,0,0,0,0,0,0,0,0,A,1,0,0,9.5
4436,Lasiurus castaneus,Vespertilionidae,100,0,0,0,0,0,0,0,0,0,A,1,0,0,13.63
4437,Lasiurus cinereus,Vespertilionidae,100,0,0,0,0,0,0,0,0,0,A,1,0,0,25.28
4438,Lasiurus degelidus,Vespertilionidae,100,0,0,0,0,0,0,0,0,0,A,1,0,0,14.57
4439,Lasiurus egregius,Vespertilionidae,100,0,0,0,0,0,0,0,0,0,A,1,0,0,20
4440,Lasiurus varius,Vespertilionidae,100,0,0,0,0,0,0,0,0,0,A,1,0,0,14.57
4441,Lasiurus minor,Vespertilionidae,100,0,0,0,0,0,0,0,0,0,A,1,0,0,14.57
4442,Lasiurus pfeifferi,Vespertilionidae,100,0,0,0,0,0,0,0,0,0,A,1,0,0,14.57
4443,Lasiurus salinae,Vespertilionidae,100,0,0,0,0,0,0,0,0,0,A,1,0,0,14.57
4444,Lasiurus seminolus,Vespertilionidae,100,0,0,0,0,0,0,0,0,0,A,1,0,0,9.89
4445,Lasiurus atratus,Vespertilionidae,100,0,0,0,0,0,0,0,0,0,A,1,0,0,14.57
4446,Lasiurus insularis,Vespertilionidae,100,0,0,0,0,0,0,0,0,0,A,1,0,0,14.57
4447,Lasiurus xanthinus,Vespertilionidae,100,0,0,0,0,0,0,0,0,0,A,1,0,0,14.57
4448,Lasiurus ega,Vespertilionidae,100,0,0,0,0,0,0,0,0,0,A,1,0,0,13.2
4449,Lasiurus intermedius,Vespertilionidae,100,0,0,0,0,0,0,0,0,0,A,1,0,0,23.03
4450,Pipistrellus nathusii,Vespertilionidae,100,0,0,0,0,0,0,0,0,0,A,1,0,0,7.31
4451,Pipistrellus nanulus,Vespertilionidae,100,0,0,0,0,0,0,0,0,0,A,1,0,0,2.5
4452,Pipistrellus maderensis,Vespertilionidae,100,0,0,0,0,0,0,0,0,0,A,1,0,0,6.2
4453,Pipistrellus pipistrellus,Vespertilionidae,100,0,0,0,0,0,0,0,0,0,A,1,0,0,5.69
4454,Pipistrellus kuhlii,Vespertilionidae,100,0,0,0,0,0,0,0,0,0,A,1,0,0,5.93
4455,Pipistrellus minahassae,Vespertilionidae,100,0,0,0,0,0,0,0,0,0,A,1,0,0,7.45
4456,Pipistrellus papuanus,Vespertilionidae,100,0,0,0,0,0,0,0,0,0,A,1,0,0,5.28
4457,Pipistrellus permixtus,Vespertilionidae,100,0,0,0,0,0,0,0,0,0,A,1,0,0,6.36
4458,Pipistrellus javanicus,Vespertilionidae,100,0,0,0,0,0,0,0,0,0,A,1,0,0,5.29
4459,Pipistrellus angulatus,Vespertilionidae,100,0,0,0,0,0,0,0,0,0,A,1,0,0,3.35
4460,Pipistrellus pygmaeus,Vespertilionidae,100,0,0,0,0,0,0,0,0,0,A,1,0,0,5.28
4461,Pipistrellus paterculus,Vespertilionidae,100,0,0,0,0,0,0,0,0,0,A,1,0,0,5.6
4462,Pipistrellus inexspectatus,Vespertilionidae,100,0,0,0,0,0,0,0,0,0,A,1,0,0,6.2
4463,Pipistrellus hesperus,Vespertilionidae,100,0,0,0,0,0,0,0,0,0,A,1,0,0,3.7
4464,Pipistrellus hesperidus,Vespertilionidae,100,0,0,0,0,0,0,0,0,0,A,1,0,0,5.28
4465,Pipistrellus endoi,Vespertilionidae,100,0,0,0,0,0,0,0,0,0,A,1,0,0,5.6
4466,Pipistrellus deserti,Vespertilionidae,100,0,0,0,0,0,0,0,0,0,A,1,0,0,6.2
4467,Pipistrellus coromandra,Vespertilionidae,100,0,0,0,0,0,0,0,0,0,A,1,0,0,4.6
4468,Pipistrellus ceylonicus,Vespertilionidae,100,0,0,0,0,0,0,0,0,0,A,1,0,0,8.39
4469,Pipistrellus aero,Vespertilionidae,100,0,0,0,0,0,0,0,0,0,A,1,0,0,6.2
4470,Pipistrellus adamsi,Vespertilionidae,100,0,0,0,0,0,0,0,0,0,A,1,0,0,4.2
4471,Pipistrellus abramus,Vespertilionidae,100,0,0,0,0,0,0,0,0,0,A,1,0,0,5.87
4472,Pipistrellus rusticus,Vespertilionidae,100,0,0,0,0,0,0,0,0,0,A,1,0,0,4.55
4473,Pipistrellus collinus,Vespertilionidae,100,0,0,0,0,0,0,0,0,0,A,1,0,0,6.75
4474,Pipistrellus sturdeei,Vespertilionidae,100,0,0,0,0,0,0,0,0,0,A,1,0,0,5.28
4475,Pipistrellus rueppellii,Vespertilionidae,100,0,0,0,0,0,0,0,0,0,A,1,0,0,7.07
4476,Pipistrellus stenopterus,Vespertilionidae,100,0,0,0,0,0,0,0,0,0,A,1,0,0,15.2
4477,Pipistrellus westralis,Vespertilionidae,100,0,0,0,0,0,0,0,0,0,A,1,0,0,3
4478,Pipistrellus wattsi,Vespertilionidae,100,0,0,0,0,0,0,0,0,0,A,1,0,0,5.28
4479,Pipistrellus tenuis,Vespertilionidae,100,0,0,0,0,0,0,0,0,0,A,1,0,0,4.7
4480,Pipistrellus subflavus,Vespertilionidae,100,0,0,0,0,0,0,0,0,0,A,1,0,0,5.76
4481,Scotozous dormeri,Vespertilionidae,100,0,0,0,0,0,0,0,0,0,A,1,0,0,6.79
4482,Glischropus javanus,Vespertilionidae,100,0,0,0,0,0,0,0,0,0,A,1,0,0,5.91
4483,Glischropus tylopus,Vespertilionidae,100,0,0,0,0,0,0,0,0,0,A,1,0,0,4.39
4484,Nyctalus lasiopterus,Vespertilionidae,100,0,0,0,0,0,0,0,0,0,A,1,0,0,49.73
4485,Nyctalus plancyi,Vespertilionidae,100,0,0,0,0,0,0,0,0,0,A,1,0,0,26.44
4486,Nyctalus noctula,Vespertilionidae,100,0,0,0,0,0,0,0,0,0,A,1,0,0,28
4487,Nyctalus aviator,Vespertilionidae,100,0,0,0,0,0,0,0,0,0,A,1,0,0,21.85
4488,Nyctalus leisleri,Vespertilionidae,100,0,0,0,0,0,0,0,0,0,A,1,0,0,13.28
4489,Nyctalus furvus,Vespertilionidae,100,0,0,0,0,0,0,0,0,0,A,1,0,0,26.44
4490,Nyctalus azoreum,Vespertilionidae,100,0,0,0,0,0,0,0,0,0,A,1,0,0,21.85
4491,Nyctalus montanus,Vespertilionidae,100,0,0,0,0,0,0,0,0,0,A,1,0,0,21.85
4492,Barbastella barbastellus,Vespertilionidae,100,0,0,0,0,0,0,0,0,0,A,1,0,0,8.03
4493,Barbastella leucomelas,Vespertilionidae,100,0,0,0,0,0,0,0,0,0,A,1,0,0,15.05
4494,Corynorhinus townsendii,Vespertilionidae,100,0,0,0,0,0,0,0,0,0,S,1,0,0,10.3
4495,Corynorhinus rafinesquii,Vespertilionidae,100,0,0,0,0,0,0,0,0,0,S,1,0,0,9.15
4496,Corynorhinus mexicanus,Vespertilionidae,100,0,0,0,0,0,0,0,0,0,S,1,0,0,9.71
4497,Euderma maculatum,Vespertilionidae,100,0,0,0,0,0,0,0,0,0,A,1,0,0,15.66
4498,Idionycteris phyllotis,Vespertilionidae,100,0,0,0,0,0,0,0,0,0,A,1,0,0,12.03
4499,Otonycteris hemprichii,Vespertilionidae,100,0,0,0,0,0,0,0,0,0,G,1,0,0,21.98
4500,Plecotus teneriffae,Vespertilionidae,100,0,0,0,0,0,0,0,0,0,S,1,0,0,8.33
4501,Plecotus austriacus,Vespertilionidae,100,0,0,0,0,0,0,0,0,0,S,1,0,0,7.3
4502,Plecotus balensis,Vespertilionidae,100,0,0,0,0,0,0,0,0,0,S,1,0,0,7.56
4503,Plecotus auritus,Vespertilionidae,100,0,0,0,0,0,0,0,0,0,S,1,0,0,7.83
4504,Plecotus kolombatovici,Vespertilionidae,100,0,0,0,0,0,0,0,0,0,S,1,0,0,7.56
4505,Plecotus sardus,Vespertilionidae,100,0,0,0,0,0,0,0,0,0,S,1,0,0,7.56
4506,Plecotus taivanus,Vespertilionidae,100,0,0,0,0,0,0,0,0,0,S,1,0,0,8.54
4507,Plecotus alpinus,Vespertilionidae,100,0,0,0,0,0,0,0,0,0,S,1,0,0,7.56
4508,Neoromicia somalicus,Vespertilionidae,100,0,0,0,0,0,0,0,0,0,A,1,0,0,3.53
4509,Neoromicia tenuipinnis,Vespertilionidae,100,0,0,0,0,0,0,0,0,0,A,1,0,0,5.35
4510,Neoromicia capensis,Vespertilionidae,100,0,0,0,0,0,0,0,0,0,A,1,0,0,5.96
4511,Neoromicia flavescens,Vespertilionidae,100,0,0,0,0,0,0,0,0,0,A,1,0,0,10.5
4512,Neoromicia guineensis,Vespertilionidae,100,0,0,0,0,0,0,0,0,0,A,1,0,0,5.07
4513,Neoromicia helios,Vespertilionidae,100,0,0,0,0,0,0,0,0,0,A,1,0,0,3.56
4514,Neoromicia melckorum,Vespertilionidae,100,0,0,0,0,0,0,0,0,0,A,1,0,0,5.07
4515,Neoromicia nanus,Vespertilionidae,100,0,0,0,0,0,0,0,0,0,A,1,0,0,3.88
4516,Neoromicia brunneus,Vespertilionidae,100,0,0,0,0,0,0,0,0,0,A,1,0,0,9.56
4517,Neoromicia zuluensis,Vespertilionidae,100,0,0,0,0,0,0,0,0,0,A,1,0,0,4.14
4518,Neoromicia rendalli,Vespertilionidae,100,0,0,0,0,0,0,0,0,0,A,1,0,0,6.42
4519,Chalinolobus dwyeri,Vespertilionidae,100,0,0,0,0,0,0,0,0,0,A,1,0,0,9.03
4520,Chalinolobus picatus,Vespertilionidae,100,0,0,0,0,0,0,0,0,0,A,1,0,0,5.1
4521,Chalinolobus tuberculatus,Vespertilionidae,100,0,0,0,0,0,0,0,0,0,A,1,0,0,8.5
4522,Chalinolobus nigrogriseus,Vespertilionidae,100,0,0,0,0,0,0,0,0,0,A,1,0,0,8.8
4523,Chalinolobus neocaledonicus,Vespertilionidae,100,0,0,0,0,0,0,0,0,0,A,1,0,0,8.71
4524,Chalinolobus morio,Vespertilionidae,100,0,0,0,0,0,0,0,0,0,A,1,0,0,8.77
4525,Chalinolobus gouldii,Vespertilionidae,100,0,0,0,0,0,0,0,0,0,A,1,0,0,14.47
4526,Eudiscopus denticulus,Vespertilionidae,100,0,0,0,0,0,0,0,0,0,A,1,0,0,9.56
4527,Falsistrellus petersi,Vespertilionidae,100,0,0,0,0,0,0,0,0,0,A,1,0,0,22.77
4528,Falsistrellus mordax,Vespertilionidae,100,0,0,0,0,0,0,0,0,0,A,1,0,0,10.23
4529,Falsistrellus tasmaniensis,Vespertilionidae,100,0,0,0,0,0,0,0,0,0,A,1,0,0,22.54
4530,Falsistrellus affinis,Vespertilionidae,100,0,0,0,0,0,0,0,0,0,A,1,0,0,10.23
4531,Falsistrellus mackenziei,Vespertilionidae,100,0,0,0,0,0,0,0,0,0,A,1,0,0,23
4532,Glauconycteris humeralis,Vespertilionidae,100,0,0,0,0,0,0,0,0,0,A,1,0,0,5.49
4533,Glauconycteris alboguttata,Vespertilionidae,100,0,0,0,0,0,0,0,0,0,A,1,0,0,8.42
4534,Glauconycteris argentata,Vespertilionidae,100,0,0,0,0,0,0,0,0,0,A,1,0,0,9.3
4535,Glauconycteris beatrix,Vespertilionidae,100,0,0,0,0,0,0,0,0,0,A,1,0,0,7.5
4536,Glauconycteris curryae,Vespertilionidae,100,0,0,0,0,0,0,0,0,0,A,1,0,0,8.11
4537,Glauconycteris gleni,Vespertilionidae,100,0,0,0,0,0,0,0,0,0,A,1,0,0,10.81
4538,Glauconycteris kenyacola,Vespertilionidae,100,0,0,0,0,0,0,0,0,0,A,1,0,0,7.17
4539,Glauconycteris machadoi,Vespertilionidae,100,0,0,0,0,0,0,0,0,0,A,1,0,0,8.11
4540,Glauconycteris poensis,Vespertilionidae,100,0,0,0,0,0,0,0,0,0,A,1,0,0,6.91
4541,Glauconycteris superba,Vespertilionidae,100,0,0,0,0,0,0,0,0,0,A,1,0,0,8.42
4542,Glauconycteris variegata,Vespertilionidae,100,0,0,0,0,0,0,0,0,0,A,1,0,0,11.25
4543,Glauconycteris egeria,Vespertilionidae,100,0,0,0,0,0,0,0,0,0,A,1,0,0,8.42
4544,Histiotus velatus,Vespertilionidae,100,0,0,0,0,0,0,0,0,0,A,1,0,0,11.2
4545,Histiotus alienus,Vespertilionidae,100,0,0,0,0,0,0,0,0,0,A,1,0,0,10.42
4546,Histiotus humboldti,Vespertilionidae,100,0,0,0,0,0,0,0,0,0,A,1,0,0,11.1
4547,Histiotus laephotis,Vespertilionidae,100,0,0,0,0,0,0,0,0,0,A,1,0,0,11.1
4548,Histiotus magellanicus,Vespertilionidae,100,0,0,0,0,0,0,0,0,0,A,1,0,0,11.1
4549,Histiotus macrotus,Vespertilionidae,100,0,0,0,0,0,0,0,0,0,A,1,0,0,11
4550,Histiotus montanus,Vespertilionidae,100,0,0,0,0,0,0,0,0,0,A,1,0,0,10.42
4551,Hypsugo kitcheneri,Vespertilionidae,100,0,0,0,0,0,0,0,0,0,A,1,0,0,9.56
4552,Hypsugo bodenheimeri,Vespertilionidae,100,0,0,0,0,0,0,0,0,0,A,1,0,0,2.73
4553,Hypsugo vordermanni,Vespertilionidae,100,0,0,0,0,0,0,0,0,0,A,1,0,0,5.12
4554,Hypsugo savii,Vespertilionidae,100,0,0,0,0,0,0,0,0,0,A,1,0,0,6.3
4555,Hypsugo pulveratus,Vespertilionidae,100,0,0,0,0,0,0,0,0,0,A,1,0,0,5.53
4556,Hypsugo musciculus,Vespertilionidae,100,0,0,0,0,0,0,0,0,0,A,1,0,0,5.12
4557,Hypsugo alaschanicus,Vespertilionidae,100,0,0,0,0,0,0,0,0,0,A,1,0,0,5.12
4558,Hypsugo lophurus,Vespertilionidae,100,0,0,0,0,0,0,0,0,0,A,1,0,0,9.56
4559,Hypsugo joffrei,Vespertilionidae,100,0,0,0,0,0,0,0,0,0,A,1,0,0,5.12
4560,Hypsugo imbricatus,Vespertilionidae,100,0,0,0,0,0,0,0,0,0,A,1,0,0,6.29
4561,Hypsugo eisentrauti,Vespertilionidae,100,0,0,0,0,0,0,0,0,0,A,1,0,0,6.11
4562,Hypsugo cadornae,Vespertilionidae,100,0,0,0,0,0,0,0,0,0,A,1,0,0,6.69
4563,Hypsugo ariel,Vespertilionidae,100,0,0,0,0,0,0,0,0,0,A,1,0,0,5.12
4564,Hypsugo arabicus,Vespertilionidae,100,0,0,0,0,0,0,0,0,0,A,1,0,0,3.17
4565,Hypsugo anthonyi,Vespertilionidae,100,0,0,0,0,0,0,0,0,0,A,1,0,0,12.15
4566,Hypsugo anchietae,Vespertilionidae,100,0,0,0,0,0,0,0,0,0,A,1,0,0,9.56
4567,Hypsugo macrotis,Vespertilionidae,100,0,0,0,0,0,0,0,0,0,A,1,0,0,9.56
4568,Hypsugo crassulus,Vespertilionidae,100,0,0,0,0,0,0,0,0,0,A,1,0,0,6.09
4569,Ia io,Vespertilionidae,100,0,0,0,0,0,0,0,0,0,A,1,0,0,49.2
4570,Laephotis angolensis,Vespertilionidae,100,0,0,0,0,0,0,0,0,0,A,1,0,0,7.48
4571,Laephotis botswanae,Vespertilionidae,100,0,0,0,0,0,0,0,0,0,A,1,0,0,7.2
4572,Laephotis namibensis,Vespertilionidae,100,0,0,0,0,0,0,0,0,0,A,1,0,0,7.48
4573,Laephotis wintoni,Vespertilionidae,100,0,0,0,0,0,0,0,0,0,A,1,0,0,6
4574,Mimetillus moloneyi,Vespertilionidae,100,0,0,0,0,0,0,0,0,0,A,1,0,0,8.8
4575,Philetor brachypterus,Vespertilionidae,100,0,0,0,0,0,0,0,0,0,A,1,0,0,10.93
4576,Tylonycteris robustula,Vespertilionidae,100,0,0,0,0,0,0,0,0,0,A,1,0,0,7.62
4577,Tylonycteris pachypus,Vespertilionidae,100,0,0,0,0,0,0,0,0,0,A,1,0,0,3.58
4578,Vespadelus caurinus,Vespertilionidae,100,0,0,0,0,0,0,0,0,0,A,1,0,0,3.1
4579,Vespadelus darlingtoni,Vespertilionidae,100,0,0,0,0,0,0,0,0,0,A,1,0,0,6.06
4580,Vespadelus douglasorum,Vespertilionidae,100,0,0,0,0,0,0,0,0,0,A,1,0,0,4.99
4581,Vespadelus finlaysoni,Vespertilionidae,100,0,0,0,0,0,0,0,0,0,A,1,0,0,4.64
4582,Vespadelus pumilus,Vespertilionidae,100,0,0,0,0,0,0,0,0,0,A,1,0,0,5.4
4583,Vespadelus regulus,Vespertilionidae,100,0,0,0,0,0,0,0,0,0,A,1,0,0,5.05
4584,Vespadelus troughtoni,Vespertilionidae,100,0,0,0,0,0,0,0,0,0,A,1,0,0,4.64
4585,Vespadelus vulturnus,Vespertilionidae,100,0,0,0,0,0,0,0,0,0,A,1,0,0,3.77
4586,Vespadelus baverstocki,Vespertilionidae,100,0,0,0,0,0,0,0,0,0,A,1,0,0,4.8
4587,Vespertilio murinus,Vespertilionidae,100,0,0,0,0,0,0,0,0,0,A,1,0,0,18.7
4588,Vespertilio sinensis,Vespertilionidae,100,0,0,0,0,0,0,0,0,0,A,1,0,0,24.3
4589,Antrozous pallidus,Vespertilionidae,80,0,20,0,0,0,0,0,0,0,G,1,0,0,20.8
4590,Bauerus dubiaquercus,Vespertilionidae,80,0,20,0,0,0,0,0,0,0,A,1,0,0,22.22
4591,Cistugo seabrae,Vespertilionidae,100,0,0,0,0,0,0,0,0,0,A,1,0,0,8.35
4592,Cistugo lesueuri,Vespertilionidae,100,0,0,0,0,0,0,0,0,0,A,1,0,0,7.26
4593,Lasionycteris noctivagans,Vespertilionidae,100,0,0,0,0,0,0,0,0,0,A,1,0,0,10.46
4594,Myotis nigricans,Vespertilionidae,100,0,0,0,0,0,0,0,0,0,A,1,0,0,4.24
4595,Myotis nesopolus,Vespertilionidae,100,0,0,0,0,0,0,0,0,0,A,1,0,0,3.5
4596,Myotis nattereri,Vespertilionidae,100,0,0,0,0,0,0,0,0,0,S,1,0,0,7.14
4597,Myotis mystacinus,Vespertilionidae,100,0,0,0,0,0,0,0,0,0,A,1,0,0,4.99
4598,Myotis macropus,Vespertilionidae,100,0,0,0,0,0,0,0,0,0,A,1,0,0,7.74
4599,Myotis nipalensis,Vespertilionidae,100,0,0,0,0,0,0,0,0,0,A,1,0,0,7.74
4600,Myotis occultus,Vespertilionidae,100,0,0,0,0,0,0,0,0,0,A,1,0,0,8.79
4601,Myotis myotis,Vespertilionidae,100,0,0,0,0,0,0,0,0,0,S,1,0,0,24.79
4602,Myotis muricola,Vespertilionidae,100,0,0,0,0,0,0,0,0,0,A,1,0,0,4.09
4603,Myotis morrisi,Vespertilionidae,100,0,0,0,0,0,0,0,0,0,A,1,0,0,9.01
4604,Myotis montivagus,Vespertilionidae,100,0,0,0,0,0,0,0,0,0,A,1,0,0,8.3
4605,Myotis moluccarum,Vespertilionidae,100,0,0,0,0,0,0,0,0,0,A,1,0,0,7.74
4606,Myotis melanorhinus,Vespertilionidae,100,0,0,0,0,0,0,0,0,0,A,1,0,0,7.74
4607,Myotis keenii,Vespertilionidae,100,0,0,0,0,0,0,0,0,0,A,1,0,0,6.27
4608,Myotis grisescens,Vespertilionidae,100,0,0,0,0,0,0,0,0,0,A,1,0,0,10.54
4609,Myotis hajastanicus,Vespertilionidae,100,0,0,0,0,0,0,0,0,0,A,1,0,0,7.74
4610,Myotis hasseltii,Vespertilionidae,90,0,0,10,0,0,0,0,0,0,A,1,0,0,8.75
4611,Myotis hermani,Vespertilionidae,100,0,0,0,0,0,0,0,0,0,A,1,0,0,7.74
4612,Myotis horsfieldii,Vespertilionidae,100,0,0,0,0,0,0,0,0,0,A,1,0,0,6.26
4613,Myotis hosonoi,Vespertilionidae,100,0,0,0,0,0,0,0,0,0,A,1,0,0,7.74
4614,Myotis ikonnikovi,Vespertilionidae,100,0,0,0,0,0,0,0,0,0,A,1,0,0,5.62
4615,Myotis martiniquensis,Vespertilionidae,100,0,0,0,0,0,0,0,0,0,A,1,0,0,5.9
4616,Myotis keaysi,Vespertilionidae,100,0,0,0,0,0,0,0,0,0,A,1,0,0,5.3
4617,Myotis macrotarsus,Vespertilionidae,90,0,0,10,0,0,0,0,0,0,A,1,0,0,12.5
4618,Myotis laniger,Vespertilionidae,100,0,0,0,0,0,0,0,0,0,A,1,0,0,7.74
4619,Myotis leibii,Vespertilionidae,100,0,0,0,0,0,0,0,0,0,A,1,0,0,5.13
4620,Myotis levis,Vespertilionidae,100,0,0,0,0,0,0,0,0,0,A,1,0,0,5.5
4621,Myotis longipes,Vespertilionidae,100,0,0,0,0,0,0,0,0,0,A,1,0,0,7.25
4622,Myotis lucifugus,Vespertilionidae,100,0,0,0,0,0,0,0,0,0,A,1,0,0,7.65
4623,Myotis macrodactylus,Vespertilionidae,100,0,0,0,0,0,0,0,0,0,A,1,0,0,7.2
4624,Myotis ozensis,Vespertilionidae,100,0,0,0,0,0,0,0,0,0,A,1,0,0,7.74
4625,Myotis insularum,Vespertilionidae,100,0,0,0,0,0,0,0,0,0,A,1,0,0,6.52
4626,Myotis ridleyi,Vespertilionidae,100,0,0,0,0,0,0,0,0,0,A,1,0,0,4.5
4627,Myotis oxygnathus,Vespertilionidae,100,0,0,0,0,0,0,0,0,0,A,1,0,0,21.23
4628,Myotis sodalis,Vespertilionidae,100,0,0,0,0,0,0,0,0,0,A,1,0,0,6.91
4629,Myotis simus,Vespertilionidae,100,0,0,0,0,0,0,0,0,0,A,1,0,0,8.2
4630,Myotis siligorensis,Vespertilionidae,100,0,0,0,0,0,0,0,0,0,A,1,0,0,2.7
4631,Myotis pruinosus,Vespertilionidae,100,0,0,0,0,0,0,0,0,0,A,1,0,0,7.25
4632,Myotis thysanodes,Vespertilionidae,100,0,0,0,0,0,0,0,0,0,A,1,0,0,8.13
4633,Myotis ricketti,Vespertilionidae,100,0,0,0,0,0,0,0,0,0,A,1,0,0,7.74
4634,Myotis tricolor,Vespertilionidae,100,0,0,0,0,0,0,0,0,0,A,1,0,0,13.94
4635,Myotis riparius,Vespertilionidae,100,0,0,0,0,0,0,0,0,0,A,1,0,0,5.55
4636,Myotis sicarius,Vespertilionidae,100,0,0,0,0,0,0,0,0,0,A,1,0,0,17.43
4637,Myotis septentrionalis,Vespertilionidae,100,0,0,0,0,0,0,0,0,0,A,1,0,0,7.74
4638,Myotis scotti,Vespertilionidae,100,0,0,0,0,0,0,0,0,0,A,1,0,0,6.86
4639,Myotis schaubi,Vespertilionidae,100,0,0,0,0,0,0,0,0,0,A,1,0,0,9.46
4640,Myotis ruber,Vespertilionidae,100,0,0,0,0,0,0,0,0,0,A,1,0,0,5
4641,Myotis punicus,Vespertilionidae,100,0,0,0,0,0,0,0,0,0,A,1,0,0,7.74
4642,Myotis dominicensis,Vespertilionidae,100,0,0,0,0,0,0,0,0,0,A,1,0,0,5.9
4643,Myotis oxyotus,Vespertilionidae,100,0,0,0,0,0,0,0,0,0,A,1,0,0,5.5
4644,Myotis rosseti,Vespertilionidae,100,0,0,0,0,0,0,0,0,0,A,1,0,0,3.29
4645,Myotis peninsularis,Vespertilionidae,100,0,0,0,0,0,0,0,0,0,A,1,0,0,7.26
4646,Myotis pequinius,Vespertilionidae,100,0,0,0,0,0,0,0,0,0,A,1,0,0,9.52
4647,Myotis planiceps,Vespertilionidae,100,0,0,0,0,0,0,0,0,0,A,1,0,0,5.36
4648,Myotis stalkeri,Vespertilionidae,100,0,0,0,0,0,0,0,0,0,A,1,0,0,9.05
4649,Myotis yumanensis,Vespertilionidae,100,0,0,0,0,0,0,0,0,0,A,1,0,0,5.39
4650,Myotis oreias,Vespertilionidae,100,0,0,0,0,0,0,0,0,0,A,1,0,0,8.31
4651,Myotis yesoensis,Vespertilionidae,100,0,0,0,0,0,0,0,0,0,A,1,0,0,7.74
4652,Myotis yanbarensis,Vespertilionidae,100,0,0,0,0,0,0,0,0,0,A,1,0,0,7.74
4653,Myotis welwitschii,Vespertilionidae,100,0,0,0,0,0,0,0,0,0,A,1,0,0,15.5
4654,Myotis volans,Vespertilionidae,100,0,0,0,0,0,0,0,0,0,A,1,0,0,8.46
4655,Myotis vivesi,Vespertilionidae,80,0,0,20,0,0,0,0,0,0,G,1,0,0,25
4656,Myotis velifer,Vespertilionidae,100,0,0,0,0,0,0,0,0,0,A,1,0,0,10.1
4657,Myotis goudoti,Vespertilionidae,100,0,0,0,0,0,0,0,0,0,A,1,0,0,5.56
4658,Myotis annectans,Vespertilionidae,100,0,0,0,0,0,0,0,0,0,A,1,0,0,9.8
4659,Myotis bombinus,Vespertilionidae,100,0,0,0,0,0,0,0,0,0,A,1,0,0,9.46
4660,Myotis bocagii,Vespertilionidae,100,0,0,0,0,0,0,0,0,0,A,1,0,0,7.93
4661,Myotis blythii,Vespertilionidae,100,0,0,0,0,0,0,0,0,0,A,1,0,0,22.47
4662,Myotis bechsteinii,Vespertilionidae,100,0,0,0,0,0,0,0,0,0,S,1,0,0,9.47
4663,Myotis austroriparius,Vespertilionidae,100,0,0,0,0,0,0,0,0,0,A,1,0,0,6.84
4664,Myotis australis,Vespertilionidae,100,0,0,0,0,0,0,0,0,0,A,1,0,0,5.62
4665,Myotis auriculus,Vespertilionidae,100,0,0,0,0,0,0,0,0,0,S,1,0,0,36.99
4666,Myotis brandtii,Vespertilionidae,100,0,0,0,0,0,0,0,0,0,A,1,0,0,5.3
4667,Myotis atacamensis,Vespertilionidae,100,0,0,0,0,0,0,0,0,0,A,1,0,0,6.77
4668,Myotis albescens,Vespertilionidae,100,0,0,0,0,0,0,0,0,0,A,1,0,0,5.3
4669,Myotis annamiticus,Vespertilionidae,100,0,0,0,0,0,0,0,0,0,A,1,0,0,7.74
4670,Myotis anjouanensis,Vespertilionidae,100,0,0,0,0,0,0,0,0,0,A,1,0,0,7.74
4671,Myotis altarium,Vespertilionidae,100,0,0,0,0,0,0,0,0,0,A,1,0,0,11
4672,Myotis alcathoe,Vespertilionidae,100,0,0,0,0,0,0,0,0,0,A,1,0,0,7.74
4673,Myotis gomantongensis,Vespertilionidae,100,0,0,0,0,0,0,0,0,0,A,1,0,0,7.74
4674,Myotis aelleni,Vespertilionidae,100,0,0,0,0,0,0,0,0,0,A,1,0,0,7.26
4675,Myotis emarginatus,Vespertilionidae,100,0,0,0,0,0,0,0,0,0,S,1,0,0,7.66
4676,Myotis abei,Vespertilionidae,100,0,0,0,0,0,0,0,0,0,A,1,0,0,7.74
4677,Myotis ater,Vespertilionidae,100,0,0,0,0,0,0,0,0,0,A,1,0,0,7.74
4678,Myotis evotis,Vespertilionidae,100,0,0,0,0,0,0,0,0,0,S,1,0,0,6.7
4679,Myotis bucharensis,Vespertilionidae,100,0,0,0,0,0,0,0,0,0,A,1,0,0,7.74
4680,Myotis frater,Vespertilionidae,100,0,0,0,0,0,0,0,0,0,A,1,0,0,7.55
4681,Myotis fortidens,Vespertilionidae,100,0,0,0,0,0,0,0,0,0,A,1,0,0,4.35
4682,Myotis formosus,Vespertilionidae,100,0,0,0,0,0,0,0,0,0,A,1,0,0,7
4683,Myotis findleyi,Vespertilionidae,100,0,0,0,0,0,0,0,0,0,A,1,0,0,5.9
4684,Myotis adversus,Vespertilionidae,100,0,0,0,0,0,0,0,0,0,G,1,0,0,10.55
4685,Myotis fimbriatus,Vespertilionidae,100,0,0,0,0,0,0,0,0,0,A,1,0,0,7.74
4686,Myotis elegans,Vespertilionidae,100,0,0,0,0,0,0,0,0,0,A,1,0,0,4.05
4687,Myotis davidii,Vespertilionidae,100,0,0,0,0,0,0,0,0,0,A,1,0,0,7.74
4688,Myotis chiloensis,Vespertilionidae,100,0,0,0,0,0,0,0,0,0,A,1,0,0,6.75
4689,Myotis californicus,Vespertilionidae,100,0,0,0,0,0,0,0,0,0,A,1,0,0,4.6
4690,Myotis capaccinii,Vespertilionidae,100,0,0,0,0,0,0,0,0,0,A,1,0,0,7.44
4691,Myotis daubentonii,Vespertilionidae,100,0,0,0,0,0,0,0,0,0,A,1,0,0,7.63
4692,Myotis chinensis,Vespertilionidae,100,0,0,0,0,0,0,0,0,0,A,1,0,0,42
4693,Myotis ciliolabrum,Vespertilionidae,100,0,0,0,0,0,0,0,0,0,A,1,0,0,4.89
4694,Myotis cobanensis,Vespertilionidae,100,0,0,0,0,0,0,0,0,0,A,1,0,0,7.26
4695,Myotis csorbai,Vespertilionidae,100,0,0,0,0,0,0,0,0,0,A,1,0,0,7.74
4696,Myotis dasycneme,Vespertilionidae,100,0,0,0,0,0,0,0,0,0,A,1,0,0,14.13
4697,Miniopterus shortridgei,Vespertilionidae,100,0,0,0,0,0,0,0,0,0,A,1,0,0,9.76
4698,Miniopterus majori,Vespertilionidae,100,0,0,0,0,0,0,0,0,0,A,1,0,0,9
4699,Miniopterus inflatus,Vespertilionidae,100,0,0,0,0,0,0,0,0,0,A,1,0,0,14.2
4700,Miniopterus gleni,Vespertilionidae,100,0,0,0,0,0,0,0,0,0,A,1,0,0,9
4701,Miniopterus fuscus,Vespertilionidae,100,0,0,0,0,0,0,0,0,0,A,1,0,0,10.73
4702,Miniopterus fraterculus,Vespertilionidae,100,0,0,0,0,0,0,0,0,0,A,1,0,0,7.3
4703,Miniopterus australis,Vespertilionidae,100,0,0,0,0,0,0,0,0,0,A,1,0,0,6.15
4704,Miniopterus manavi,Vespertilionidae,100,0,0,0,0,0,0,0,0,0,A,1,0,0,7
4705,Miniopterus africanus,Vespertilionidae,100,0,0,0,0,0,0,0,0,0,A,1,0,0,9.76
4706,Miniopterus magnater,Vespertilionidae,100,0,0,0,0,0,0,0,0,0,A,1,0,0,14.07
4707,Miniopterus medius,Vespertilionidae,100,0,0,0,0,0,0,0,0,0,A,1,0,0,11.4
4708,Miniopterus minor,Vespertilionidae,100,0,0,0,0,0,0,0,0,0,A,1,0,0,7.01
4709,Miniopterus natalensis,Vespertilionidae,100,0,0,0,0,0,0,0,0,0,A,1,0,0,10.43
4710,Miniopterus paululus,Vespertilionidae,100,0,0,0,0,0,0,0,0,0,A,1,0,0,9.76
4711,Miniopterus pusillus,Vespertilionidae,100,0,0,0,0,0,0,0,0,0,A,1,0,0,8.61
4712,Miniopterus robustior,Vespertilionidae,100,0,0,0,0,0,0,0,0,0,A,1,0,0,12.06
4713,Miniopterus schreibersii,Vespertilionidae,100,0,0,0,0,0,0,0,0,0,A,1,0,0,11.46
4714,Miniopterus tristis,Vespertilionidae,100,0,0,0,0,0,0,0,0,0,A,1,0,0,15.75
4715,Minopterus macrocneme,Vespertilionidae,100,0,0,0,0,0,0,0,0,0,A,1,0,0,9.83
4716,Harpiocephalus harpia,Vespertilionidae,100,0,0,0,0,0,0,0,0,0,A,1,0,0,16.31
4717,Harpiocephalus mordax,Vespertilionidae,100,0,0,0,0,0,0,0,0,0,A,1,0,0,16.31
4718,Murina tenebrosa,Vespertilionidae,100,0,0,0,0,0,0,0,0,0,A,1,0,0,5.74
4719,Murina aenea,Vespertilionidae,100,0,0,0,0,0,0,0,0,0,A,1,0,0,7.38
4720,Murina tubinaris,Vespertilionidae,100,0,0,0,0,0,0,0,0,0,A,1,0,0,5.45
4721,Murina suilla,Vespertilionidae,100,0,0,0,0,0,0,0,0,0,A,1,0,0,3.63
4722,Murina silvatica,Vespertilionidae,100,0,0,0,0,0,0,0,0,0,A,1,0,0,5.92
4723,Murina ryukyuana,Vespertilionidae,100,0,0,0,0,0,0,0,0,0,A,1,0,0,5.92
4724,Murina rozendaali,Vespertilionidae,100,0,0,0,0,0,0,0,0,0,A,1,0,0,4.55
4725,Murina puta,Vespertilionidae,100,0,0,0,0,0,0,0,0,0,A,1,0,0,6.73
4726,Murina leucogaster,Vespertilionidae,100,0,0,0,0,0,0,0,0,0,A,1,0,0,7.55
4727,Murina huttoni,Vespertilionidae,100,0,0,0,0,0,0,0,0,0,A,1,0,0,7.6
4728,Murina hilgendorfi,Vespertilionidae,100,0,0,0,0,0,0,0,0,0,A,1,0,0,5.92
4729,Murina fusca,Vespertilionidae,100,0,0,0,0,0,0,0,0,0,A,1,0,0,6.23
4730,Murina florium,Vespertilionidae,100,0,0,0,0,0,0,0,0,0,A,1,0,0,4.25
4731,Murina aurata,Vespertilionidae,100,0,0,0,0,0,0,0,0,0,A,1,0,0,5.74
4732,Murina ussuriensis,Vespertilionidae,100,0,0,0,0,0,0,0,0,0,A,1,0,0,5.74
4733,Murina cyclotis,Vespertilionidae,100,0,0,0,0,0,0,0,0,0,A,1,0,0,9.28
4734,Murina grisea,Vespertilionidae,100,0,0,0,0,0,0,0,0,0,A,1,0,0,6.58
4735,Kerivoula lenis,Vespertilionidae,100,0,0,0,0,0,0,0,0,0,A,1,0,0,4.9
4736,Kerivoula agnella,Vespertilionidae,100,0,0,0,0,0,0,0,0,0,A,1,0,0,5.03
4737,Kerivoula argentata,Vespertilionidae,100,0,0,0,0,0,0,0,0,0,A,1,0,0,10
4738,Kerivoula cuprosa,Vespertilionidae,100,0,0,0,0,0,0,0,0,0,A,1,0,0,5.03
4739,Kerivoula eriophora,Vespertilionidae,100,0,0,0,0,0,0,0,0,0,A,1,0,0,5.03
4740,Kerivoula flora,Vespertilionidae,100,0,0,0,0,0,0,0,0,0,A,1,0,0,5.95
4741,Kerivoula hardwickii,Vespertilionidae,100,0,0,0,0,0,0,0,0,0,A,1,0,0,4.55
4742,Kerivoula africana,Vespertilionidae,100,0,0,0,0,0,0,0,0,0,A,1,0,0,4.9
4743,Kerivoula lanosa,Vespertilionidae,100,0,0,0,0,0,0,0,0,0,S,1,0,0,6.5
4744,Kerivoula smithii,Vespertilionidae,100,0,0,0,0,0,0,0,0,0,A,1,0,0,5.03
4745,Kerivoula minuta,Vespertilionidae,100,0,0,0,0,0,0,0,0,0,A,1,0,0,2.07
4746,Kerivoula muscina,Vespertilionidae,100,0,0,0,0,0,0,0,0,0,A,1,0,0,5.15
4747,Kerivoula myrella,Vespertilionidae,100,0,0,0,0,0,0,0,0,0,A,1,0,0,6.5
4748,Kerivoula papillosa,Vespertilionidae,100,0,0,0,0,0,0,0,0,0,A,1,0,0,9.8
4749,Kerivoula pellucida,Vespertilionidae,100,0,0,0,0,0,0,0,0,0,A,1,0,0,4.13
4750,Kerivoula phalaena,Vespertilionidae,100,0,0,0,0,0,0,0,0,0,A,1,0,0,3
4751,Kerivoula picta,Vespertilionidae,100,0,0,0,0,0,0,0,0,0,A,1,0,0,4.5
4752,Kerivoula whiteheadi,Vespertilionidae,100,0,0,0,0,0,0,0,0,0,A,1,0,0,3.95
4753,Kerivoula intermedia,Vespertilionidae,100,0,0,0,0,0,0,0,0,0,A,1,0,0,3.55
4754,Phoniscus papuensis,Vespertilionidae,100,0,0,0,0,0,0,0,0,0,S,1,0,0,6.32
4755,Phoniscus jagorii,Vespertilionidae,100,0,0,0,0,0,0,0,0,0,A,1,0,0,4.7
4756,Phoniscus atrox,Vespertilionidae,100,0,0,0,0,0,0,0,0,0,A,1,0,0,4.81
4757,Phoniscus aerosa,Vespertilionidae,100,0,0,0,0,0,0,0,0,0,A,1,0,0,5.23
4758,Mormoops blainvillei,Mormoopidae,100,0,0,0,0,0,0,0,0,0,A,1,0,0,8.69
4759,Mormoops megalophylla,Mormoopidae,100,0,0,0,0,0,0,0,0,0,A,1,0,0,15.81
4760,Mormoops magna,Mormoopidae,100,0,0,0,0,0,0,0,0,0,A,1,0,0,11.72
4761,Pteronotus davyi,Mormoopidae,100,0,0,0,0,0,0,0,0,0,A,1,0,0,9.21
4762,Pteronotus gymnonotus,Mormoopidae,100,0,0,0,0,0,0,0,0,0,A,1,0,0,14.43
4763,Pteronotus quadridens,Mormoopidae,100,0,0,0,0,0,0,0,0,0,A,1,0,0,5.16
4764,Pteronotus macleayii,Mormoopidae,100,0,0,0,0,0,0,0,0,0,A,1,0,0,5.35
4765,Pteronotus parnellii,Mormoopidae,100,0,0,0,0,0,0,0,0,0,A,1,0,0,19.67
4766,Pteronotus pristinus,Mormoopidae,100,0,0,0,0,0,0,0,0,0,A,1,0,0,9.25
4767,Pteronotus personatus,Mormoopidae,100,0,0,0,0,0,0,0,0,0,A,1,0,0,8.71
4768,Noctilio leporinus,Noctilionidae,50,0,0,50,0,0,0,0,0,0,G,1,0,0,58.32
4769,Noctilio albiventris,Noctilionidae,80,0,0,20,0,0,0,0,0,0,G,1,0,0,30.85
4770,Amorphochilus schnablii,Furipteridae,100,0,0,0,0,0,0,0,0,0,A,1,0,0,3.3
4771,Furipterus horrens,Furipteridae,100,0,0,0,0,0,0,0,0,0,A,1,0,0,3.18
4772,Thyroptera discifera,Thyropteridae,100,0,0,0,0,0,0,0,0,0,A,1,0,0,3.1
4773,Thyroptera lavali,Thyropteridae,100,0,0,0,0,0,0,0,0,0,A,1,0,0,3.67
4774,Thyroptera tricolor,Thyropteridae,100,0,0,0,0,0,0,0,0,0,A,1,0,0,4.36
4775,Chilonatalus micropus,Natalidae,100,0,0,0,0,0,0,0,0,0,A,1,0,0,2.5
4776,Chilonatalus tumidifrons,Natalidae,100,0,0,0,0,0,0,0,0,0,A,1,0,0,3.62
4777,Natalus jamaicensis,Natalidae,100,0,0,0,0,0,0,0,0,0,A,1,0,0,5.76
4778,Natalus major,Natalidae,100,0,0,0,0,0,0,0,0,0,A,1,0,0,5.76
4779,Natalus primus,Natalidae,100,0,0,0,0,0,0,0,0,0,A,1,0,0,5.76
4780,Natalus tumidirostris,Natalidae,100,0,0,0,0,0,0,0,0,0,A,1,0,0,6.05
4781,Natalus stramineus,Natalidae,100,0,0,0,0,0,0,0,0,0,A,1,0,0,5.48
4782,Nyctiellus lepidus,Natalidae,100,0,0,0,0,0,0,0,0,0,A,1,0,0,4.48
4783,Manis crassicaudata,Manidae,100,0,0,0,0,0,0,0,0,0,Ar,1,0,0,8457.33
4784,Manis pentadactyla,Manidae,100,0,0,0,0,0,0,0,0,0,S,1,0,0,4675
4785,Manis culionensis,Manidae,100,0,0,0,0,0,0,0,0,0,S,1,0,0,5982.25
4786,Manis javanica,Manidae,100,0,0,0,0,0,0,0,0,0,Ar,1,0,0,5150
4787,Manis temminckii,Manidae,100,0,0,0,0,0,0,0,0,0,G,1,0,0,7179.93
4788,Manis gigantea,Manidae,100,0,0,0,0,0,0,0,0,0,G,1,0,0,32999.7
4789,Manis tetradactyla,Manidae,100,0,0,0,0,0,0,0,0,0,Ar,1,0,0,2749.98
4790,Manis tricuspis,Manidae,100,0,0,0,0,0,0,0,0,0,S,1,0,0,2066.67
4791,Acinonyx jubatus,Felidae,0,100,0,0,0,0,0,0,0,0,G,0,0,1,46700
4792,Caracal caracal,Felidae,0,100,0,0,0,0,0,0,0,0,G,1,1,0,13749.91
4793,Catopuma badia,Felidae,0,80,0,0,0,20,0,0,0,0,G,1,0,0,2500
4794,Catopuma temminckii,Felidae,0,80,20,0,0,0,0,0,0,0,G,1,0,0,11500
4795,Felis catus,Felidae,0,100,0,0,0,0,0,0,0,0,G,1,1,1,2884.8
4796,Felis silvestris,Felidae,10,80,10,0,0,0,0,0,0,0,G,1,1,0,5099.99
4797,Felis nigripes,Felidae,0,80,20,0,0,0,0,0,0,0,G,1,1,1,1299.99
4798,Felis margarita,Felidae,0,90,10,0,0,0,0,0,0,0,G,1,1,0,2524.99
4799,Felis chaus,Felidae,0,80,20,0,0,0,0,0,0,0,G,1,1,1,7392.98
4800,Felis bieti,Felidae,0,100,0,0,0,0,0,0,0,0,G,1,1,0,5500
4801,Felis manul,Felidae,0,100,0,0,0,0,0,0,0,0,G,1,1,1,3050
4802,Leopardus guigna,Felidae,0,100,0,0,0,0,0,0,0,0,Ar,1,1,1,5157.94
4803,Leopardus tigrinus,Felidae,0,100,0,0,0,0,0,0,0,0,S,1,1,1,2250
4804,Leopardus pardalis,Felidae,0,70,20,10,0,0,0,0,0,0,G,1,0,0,11900.08
4805,Leopardus wiedii,Felidae,0,80,0,0,0,0,20,0,0,0,S,1,1,0,3249.97
4806,Leopardus geoffroyi,Felidae,0,80,10,10,0,0,0,0,0,0,G,1,0,0,5157.94
4807,Leopardus colocolo,Felidae,0,100,0,0,0,0,0,0,0,0,G,1,0,0,5157.94
4808,Leopardus braccatus,Felidae,0,100,0,0,0,0,0,0,0,0,G,1,1,1,5157.94
4809,Leopardus pajeros,Felidae,0,100,0,0,0,0,0,0,0,0,G,1,0,0,5157.94
4810,Leopardus jacobitus,Felidae,0,100,0,0,0,0,0,0,0,0,G,1,1,1,8133.78
4811,Leptailurus serval,Felidae,0,100,0,0,0,0,0,0,0,0,G,1,0,0,11999.97
4812,Lynx pardinus,Felidae,0,100,0,0,0,0,0,0,0,0,G,1,0,0,9400
4813,Lynx rufus,Felidae,0,100,0,0,0,0,0,0,0,0,G,1,0,0,8904.1
4814,Lynx lynx,Felidae,0,100,0,0,0,0,0,0,0,0,G,1,0,0,17950
4815,Lynx canadensis,Felidae,0,80,0,20,0,0,0,0,0,0,G,1,0,0,9373.25
4816,Pardofelis marmorata,Felidae,0,100,0,0,0,0,0,0,0,0,S,1,0,0,2854.25
4817,Prionailurus bengalensis,Felidae,0,70,20,10,0,0,0,0,0,0,S,1,1,1,3300
4818,Prionailurus iriomotensis,Felidae,0,90,10,0,0,0,0,0,0,0,S,1,1,0,3700
4819,Prionailurus planiceps,Felidae,0,0,40,60,0,0,0,0,0,0,G,1,0,0,6750
4820,Prionailurus rubiginosus,Felidae,0,100,0,0,0,0,0,0,0,0,S,1,0,0,1384.38
4821,Prionailurus viverrinus,Felidae,20,20,20,40,0,0,0,0,0,0,G,1,0,0,9140.33
4822,Profelis aurata,Felidae,0,100,0,0,0,0,0,0,0,0,S,1,1,1,10650.01
4823,Puma yagouaroundi,Felidae,10,80,0,0,0,0,10,0,0,0,G,0,1,1,6875
4824,Puma concolor,Felidae,0,100,0,0,0,0,0,0,0,0,G,1,1,1,51600.04
4825,Neofelis nebulosa,Felidae,0,100,0,0,0,0,0,0,0,0,S,0,0,1,19675.75
4826,Panthera leo,Felidae,0,90,0,0,0,10,0,0,0,0,G,1,1,0,161499.06
4827,Panthera tigris,Felidae,0,100,0,0,0,0,0,0,0,0,G,1,1,1,162564
4828,Panthera onca,Felidae,0,80,10,10,0,0,0,0,0,0,G,1,1,1,100000
4829,Panthera pardus,Felidae,0,100,0,0,0,0,0,0,0,0,G,1,0,0,52038.22
4830,Uncia uncia,Felidae,0,100,0,0,0,0,0,0,0,0,G,0,1,1,44167
4831,Prionodon linsang,Viverridae,30,60,0,0,10,0,0,0,0,0,S,1,0,0,700
4832,Prionodon pardicolor,Viverridae,30,60,0,0,10,0,0,0,0,0,S,1,0,0,512
4833,Civettictis civetta,Viverridae,10,20,20,0,0,10,20,0,0,20,G,1,0,0,11999.97
4834,Genetta tigrina,Viverridae,10,70,20,0,0,0,0,0,0,0,Ar,1,0,0,2225
4835,Genetta abyssinica,Viverridae,10,70,20,0,0,0,0,0,0,0,Ar,1,0,0,1649.99
4836,Genetta angolensis,Viverridae,10,70,20,0,0,0,0,0,0,0,Ar,1,0,0,1649.99
4837,Genetta bourloni,Viverridae,10,70,20,0,0,0,0,0,0,0,Ar,1,0,0,1821.97
4838,Genetta cristata,Viverridae,30,60,10,0,0,0,0,0,0,0,Ar,1,0,0,1863.23
4839,Genetta genetta,Viverridae,10,70,20,0,0,0,0,0,0,0,Ar,1,0,0,1800
4840,Genetta johnstoni,Viverridae,10,70,20,0,0,0,0,0,0,0,Ar,1,0,0,2225
4841,Genetta pardina,Viverridae,20,70,0,0,0,0,10,0,0,0,Ar,1,0,0,1821.97
4842,Genetta poensis,Viverridae,20,70,0,0,0,0,10,0,0,0,Ar,1,0,0,1821.97
4843,Genetta thierryi,Viverridae,10,70,20,0,0,0,0,0,0,0,Ar,1,0,0,1400.01
4844,Genetta victoriae,Viverridae,10,70,20,0,0,0,0,0,0,0,Ar,1,0,0,2999.99
4845,Genetta servalina,Viverridae,10,70,20,0,0,0,0,0,0,0,Ar,1,0,0,1054.99
4846,Genetta piscivora,Viverridae,0,0,10,90,0,0,0,0,0,0,Ar,1,0,0,1648.05
4847,Genetta maculata,Viverridae,10,70,20,0,0,0,0,0,0,0,Ar,1,0,0,2225
4848,Poiana richardsonii,Viverridae,20,20,0,0,0,0,0,0,40,20,Ar,1,0,0,500
4849,Poiana leightoni,Viverridae,40,40,0,0,0,0,0,0,0,20,Ar,1,0,0,500
4850,Viverra civettina,Viverridae,10,30,30,0,10,0,10,0,0,10,G,1,1,1,12793.81
4851,Viverra zibetha,Viverridae,10,20,20,30,10,0,10,0,0,0,G,1,1,1,9500
4852,Viverra tangalunga,Viverridae,10,30,30,0,10,0,10,0,0,10,G,1,1,1,6885
4853,Viverra megaspila,Viverridae,10,30,30,0,10,0,10,0,0,10,G,1,1,1,9250
4854,Viverricula indica,Viverridae,20,40,0,0,0,20,10,0,0,10,G,1,1,1,2908.43
4855,Arctictis binturong,Viverridae,0,10,0,30,0,10,30,0,0,20,Ar,1,0,0,9875
4856,Arctogalidia trivirgata,Viverridae,20,40,20,0,0,0,20,0,0,0,Ar,1,0,0,2250
4857,Macrogalidia musschenbroekii,Viverridae,0,60,0,0,0,0,40,0,0,0,S,1,0,0,4000
4858,Paguma larvata,Viverridae,20,60,0,0,0,0,20,0,0,0,G,1,0,0,4300
4859,Paradoxurus zeylonensis,Viverridae,20,0,0,0,40,0,20,0,20,0,Ar,1,0,0,2780.75
4860,Paradoxurus jerdoni,Viverridae,20,0,0,0,40,0,20,0,20,0,Ar,1,0,0,2780.75
4861,Paradoxurus hermaphroditus,Viverridae,20,0,0,0,40,0,20,0,20,0,Ar,1,0,0,3156.66
4862,Chrotogale owstoni,Viverridae,70,0,0,0,10,0,20,0,0,0,G,1,0,0,3250
4863,Cynogale bennettii,Viverridae,30,30,0,20,0,0,20,0,0,0,G,1,1,0,4500
4864,Diplogale hosei,Viverridae,60,0,0,0,40,0,0,0,0,0,G,1,0,0,3124.89
4865,Hemigalus derbyanus,Viverridae,100,0,0,0,0,0,0,0,0,0,G,1,0,0,2322.5
4866,Cryptoprocta ferox,Eupleridae,10,70,20,0,0,0,0,0,0,0,S,1,1,0,9500
4867,Eupleres goudotii,Eupleridae,90,0,10,0,0,0,0,0,0,0,G,1,1,0,3000
4868,Fossa fossana,Eupleridae,70,10,10,0,0,0,10,0,0,0,S,1,0,0,1500
4869,Galidia elegans,Eupleridae,10,30,20,10,20,0,10,0,0,0,S,0,0,1,800
4870,Galidictis grandidieri,Eupleridae,30,70,0,0,0,0,0,0,0,0,G,1,1,0,1400
4871,Galidictis fasciata,Eupleridae,30,70,0,0,0,0,0,0,0,0,G,1,1,0,550
4872,Mungotictis decemlineata,Eupleridae,80,0,0,0,20,0,0,0,0,0,G,0,0,1,650
4873,Salanoia concolor,Eupleridae,50,10,20,0,0,0,20,0,0,0,G,0,0,1,650
4874,Nandinia binotata,Nandiniidae,10,10,0,0,0,0,80,0,0,0,Ar,1,0,0,2000
4875,Atilax paludinosus,Herpestidae,40,30,20,10,0,0,0,0,0,0,G,1,1,0,3299.97
4876,Bdeogale crassicauda,Herpestidae,80,10,10,0,0,0,0,0,0,0,G,1,0,0,1549.99
4877,Bdeogale jacksoni,Herpestidae,40,50,0,0,10,0,0,0,0,0,G,1,0,0,2500
4878,Bdeogale nigripes,Herpestidae,60,30,10,0,0,0,0,0,0,0,G,1,0,0,2500
4879,Crossarchus platycephalus,Herpestidae,50,0,0,0,50,0,0,0,0,0,G,1,1,1,1250
4880,Crossarchus obscurus,Herpestidae,60,0,20,0,0,0,20,0,0,0,G,1,1,1,1250
4881,Crossarchus ansorgei,Herpestidae,60,0,20,0,0,0,20,0,0,0,G,1,1,1,700
4882,Crossarchus alexandri,Herpestidae,60,0,20,0,0,0,20,0,0,0,G,1,1,1,1500
4883,Cynictis penicillata,Herpestidae,90,0,0,0,10,0,0,0,0,0,G,0,0,1,836.01
4884,Dologale dybowskii,Herpestidae,60,0,0,0,40,0,0,0,0,0,G,0,0,1,350
4885,Galerella sanguinea,Herpestidae,70,0,0,0,20,0,0,0,0,10,G,0,0,1,550
4886,Galerella pulverulenta,Herpestidae,70,0,0,0,20,0,0,0,0,10,G,0,0,1,797
4887,Galerella flavescens,Herpestidae,70,0,0,0,20,0,0,0,0,10,G,0,0,1,750
4888,Galerella ochracea,Herpestidae,70,0,0,0,20,0,0,0,0,10,G,0,0,1,690.18
4889,Helogale hirtula,Herpestidae,70,0,0,0,20,0,10,0,0,0,G,0,0,1,289
4890,Helogale parvula,Herpestidae,70,0,0,0,20,0,10,0,0,0,G,0,0,1,300
4891,Herpestes brachyurus,Herpestidae,30,20,30,10,0,0,10,0,0,0,G,1,1,1,1853.52
4892,Herpestes vitticollis,Herpestidae,30,20,30,10,0,0,10,0,0,0,G,1,1,1,2575.59
4893,Herpestes urva,Herpestidae,30,20,30,10,0,0,10,0,0,0,G,1,1,1,1863.2
4894,Herpestes smithii,Herpestidae,30,20,30,10,0,0,10,0,0,0,G,1,1,1,1781.95
4895,Herpestes semitorquatus,Herpestidae,30,20,30,10,0,0,10,0,0,0,G,1,1,1,1916.01
4896,Herpestes naso,Herpestidae,30,20,30,10,0,0,10,0,0,0,G,1,1,1,2999.99
4897,Herpestes javanicus,Herpestidae,30,20,30,10,0,0,10,0,0,0,G,1,1,1,750
4898,Herpestes ichneumon,Herpestidae,30,20,30,10,0,0,10,0,0,0,G,1,1,1,5174.98
4899,Herpestes edwardsi,Herpestidae,20,30,30,0,10,0,10,0,0,0,G,1,1,1,1304.67
4900,Herpestes fuscus,Herpestidae,30,20,30,10,0,0,10,0,0,0,G,1,1,1,1984.74
4901,Ichneumia albicauda,Herpestidae,70,0,10,0,10,0,10,0,0,0,G,1,0,0,3500.02
4902,Liberiictis kuhni,Herpestidae,80,0,0,0,20,0,0,0,0,0,G,0,0,1,2150.01
4903,Mungos mungo,Herpestidae,80,0,0,0,20,0,0,0,0,0,G,0,1,1,1925
4904,Mungos gambianus,Herpestidae,80,0,0,0,20,0,0,0,0,0,G,0,1,1,1500
4905,Paracynictis selousi,Herpestidae,60,10,30,0,0,0,0,0,0,0,G,1,1,1,1639.99
4906,Rhynchogale melleri,Herpestidae,40,0,0,0,30,0,30,0,0,0,G,1,0,0,2500
4907,Suricata suricatta,Herpestidae,70,0,0,0,20,0,0,0,0,10,G,0,0,1,725.5
4908,Crocuta crocuta,Hyaenidae,0,100,0,0,0,0,0,0,0,0,G,1,1,0,66492.06
4909,Hyaena hyaena,Hyaenidae,10,10,0,0,0,70,10,0,0,0,G,1,1,0,41705.11
4910,Hyaena brunnea,Hyaenidae,10,10,0,0,0,70,10,0,0,0,G,1,1,0,42977.93
4911,Proteles cristata,Hyaenidae,100,0,0,0,0,0,0,0,0,0,G,1,0,0,8139.39
4912,Vulpes vulpes,Canidae,20,70,0,0,0,0,10,0,0,0,G,1,1,0,5476.17
4913,Vulpes cana,Canidae,30,0,0,0,10,0,40,0,0,20,G,1,0,0,936.85
4914,Vulpes chama,Canidae,30,0,0,0,70,0,0,0,0,0,G,1,0,0,2955.02
4915,Vulpes corsac,Canidae,20,70,0,0,0,0,0,0,0,10,G,1,0,0,2400
4916,Vulpes ferrilata,Canidae,0,100,0,0,0,0,0,0,0,0,G,1,0,0,5000
4917,Vulpes rueppellii,Canidae,20,40,20,0,0,0,0,0,0,20,G,1,0,0,3249.97
4918,Vulpes zerda,Canidae,20,30,10,0,10,0,0,0,0,30,G,1,0,0,1100
4919,Vulpes bengalensis,Canidae,20,0,0,0,60,0,20,0,0,0,G,1,0,0,2726
4920,Vulpes velox,Canidae,10,70,20,0,0,0,0,0,0,0,G,1,1,0,2197.51
4921,Vulpes lagopus,Canidae,10,70,0,10,0,10,0,0,0,0,G,0,0,1,3584.37
4922,Vulpes macrotis,Canidae,30,60,10,0,0,0,0,0,0,0,G,1,0,0,4499.97
4923,Vulpes pallida,Canidae,0,50,20,0,10,0,0,0,0,20,G,1,0,0,2800.01
4924,Atelocynus microtis,Canidae,0,80,0,0,0,0,0,0,0,20,G,1,0,0,7749.97
4925,Canis aureus,Canidae,10,50,10,10,10,0,10,0,0,0,G,1,1,0,10345.23
4926,Canis latrans,Canidae,0,60,0,10,0,30,0,0,0,0,G,1,1,0,13406.33
4927,Canis lupus,Canidae,0,100,0,0,0,0,0,0,0,0,G,1,1,0,32183.33
4928,Canis mesomelas,Canidae,10,30,0,0,0,30,0,0,0,30,G,1,1,1,8500.02
4929,Canis simensis,Canidae,0,100,0,0,0,0,0,0,0,0,G,1,1,1,10000
4930,Canis adustus,Canidae,30,0,0,0,30,20,0,0,0,20,G,1,0,0,10249.91
4931,Cerdocyon thous,Canidae,50,0,0,0,40,10,0,0,0,0,G,1,0,0,5239.98
4932,Chrysocyon brachyurus,Canidae,10,50,20,0,0,0,10,0,0,10,G,1,1,0,23249.84
4933,Cuon alpinus,Canidae,0,90,0,0,0,10,0,0,0,0,G,0,1,1,14173.33
4934,Dusicyon australis,Canidae,0,100,0,0,0,0,0,0,0,0,G,1,0,0,50003.45
4935,Lycalopex fulvipes,Canidae,20,40,20,0,0,0,20,0,0,0,G,1,0,0,5146.58
4936,Lycalopex vetulus,Canidae,10,30,30,0,0,0,20,0,0,10,G,0,0,1,4233.47
4937,Lycalopex sechurae,Canidae,10,30,30,0,0,0,20,0,0,10,G,1,0,0,4234
4938,Lycalopex griseus,Canidae,10,30,30,0,0,0,20,0,0,10,G,1,0,0,5146.58
4939,Lycalopex culpaeus,Canidae,10,70,10,0,0,0,10,0,0,0,G,1,0,0,8616.24
4940,Lycalopex gymnocercus,Canidae,0,30,20,0,0,0,30,0,0,20,G,1,1,1,4542.67
4941,Lycaon pictus,Canidae,0,100,0,0,0,0,0,0,0,0,G,0,1,1,22050.07
4942,Nyctereutes procyonoides,Canidae,20,10,30,0,0,0,30,0,10,0,G,1,0,0,4040
4943,Otocyon megalotis,Canidae,50,20,0,0,10,0,0,0,0,20,G,1,1,1,4150.02
4944,Speothos venaticus,Canidae,0,100,0,0,0,0,0,0,0,0,G,0,1,1,5999.98
4945,Urocyon cinereoargenteus,Canidae,10,0,0,0,30,0,20,0,20,20,G,1,1,0,3833.72
4946,Urocyon littoralis,Canidae,10,0,0,0,30,0,20,0,20,20,G,1,1,0,1896
4947,Odobenus rosmarus,Odobenidae,80,10,0,10,0,0,0,0,0,0,M,1,1,1,825000
4948,Cystophora cristata,Phocidae,20,0,0,80,0,0,0,0,0,0,M,0,1,1,288333.5
4949,Erignathus barbatus,Phocidae,60,0,0,40,0,0,0,0,0,0,M,0,1,1,280000
4950,Halichoerus grypus,Phocidae,20,0,0,80,0,0,0,0,0,0,M,0,1,1,157667
4951,Histriophoca fasciata,Phocidae,60,0,0,40,0,0,0,0,0,0,M,0,1,1,90000
4952,Hydrurga leptonyx,Phocidae,80,20,0,0,0,0,0,0,0,0,M,0,1,1,360000
4953,Leptonychotes weddellii,Phocidae,40,0,0,60,0,0,0,0,0,0,M,0,1,1,400000
4954,Lobodon carcinophaga,Phocidae,100,0,0,0,0,0,0,0,0,0,M,1,1,1,224999.99
4955,Mirounga angustirostris,Phocidae,60,0,0,40,0,0,0,0,0,0,M,0,1,1,750000
4956,Mirounga leonina,Phocidae,60,0,0,40,0,0,0,0,0,0,M,0,1,1,1600000
4957,Monachus tropicalis,Phocidae,40,0,0,60,0,0,0,0,0,0,M,0,1,1,200000
4958,Monachus schauinslandi,Phocidae,30,0,0,70,0,0,0,0,0,0,M,1,0,0,223000
4959,Monachus monachus,Phocidae,20,0,0,80,0,0,0,0,0,0,M,0,1,1,292500
4960,Ommatophoca rossii,Phocidae,20,0,0,80,0,0,0,0,0,0,M,1,1,0,250000
4961,Pagophilus groenlandicus,Phocidae,40,0,0,60,0,0,0,0,0,0,M,0,1,1,132250
4962,Phoca vitulina,Phocidae,20,0,0,80,0,0,0,0,0,0,M,0,1,1,100000
4963,Phoca largha,Phocidae,20,0,0,80,0,0,0,0,0,0,M,0,1,1,150000
4964,Pusa caspica,Phocidae,20,0,0,80,0,0,0,0,0,0,M,0,1,1,62326.2
4965,Pusa sibirica,Phocidae,20,0,0,80,0,0,0,0,0,0,M,0,1,1,89499.99
4966,Pusa hispida,Phocidae,20,0,0,80,0,0,0,0,0,0,M,0,1,1,70963.6
4967,Mustela sibirica,Mustelidae,0,70,10,10,10,0,0,0,0,0,G,1,1,0,405
4968,Mustela itatsi,Mustelidae,30,30,0,10,0,0,30,0,0,0,G,1,1,1,57
4969,Mustela eversmanii,Mustelidae,0,100,0,0,0,0,0,0,0,0,G,1,0,0,1684.21
4970,Mustela erminea,Mustelidae,10,70,10,0,10,0,0,0,0,0,G,1,0,0,119.38
4971,Mustela subpalmata,Mustelidae,30,70,0,0,0,0,0,0,0,0,G,1,1,1,350.52
4972,Mustela strigidorsa,Mustelidae,0,100,0,0,0,0,0,0,0,0,G,1,1,1,1500
4973,Mustela putorius,Mustelidae,10,50,20,20,0,0,0,0,0,0,G,1,1,1,915.37
4974,Mustela nivalis,Mustelidae,0,100,0,0,0,0,0,0,0,0,G,1,0,0,103.88
4975,Mustela nigripes,Mustelidae,0,100,0,0,0,0,0,0,0,0,G,1,0,0,850
4976,Mustela lutreolina,Mustelidae,0,70,10,10,10,0,0,0,0,0,G,1,1,1,706.6
4977,Mustela nudipes,Mustelidae,0,100,0,0,0,0,0,0,0,0,S,1,1,1,500
4978,Mustela kathiah,Mustelidae,0,100,0,0,0,0,0,0,0,0,G,1,1,1,208.08
4979,Mustela frenata,Mustelidae,0,100,0,0,0,0,0,0,0,0,G,1,1,1,147
4980,Mustela felipei,Mustelidae,0,90,10,0,0,0,0,0,0,0,G,1,1,1,211.3
4981,Mustela altaica,Mustelidae,0,100,0,0,0,0,0,0,0,0,G,1,1,0,171
4982,Mustela africana,Mustelidae,0,90,10,0,0,0,0,0,0,0,G,1,1,1,536.99
4983,Mustela lutreola,Mustelidae,20,80,0,0,0,0,0,0,0,0,G,1,1,0,440
4984,Arctonyx collaris,Mustelidae,50,10,10,0,0,0,10,0,0,20,G,1,0,0,6356
4985,Eira barbara,Mustelidae,0,90,0,0,0,0,10,0,0,0,G,1,1,1,3910.03
4986,Galictis cuja,Mustelidae,20,30,20,0,10,0,20,0,0,0,G,1,1,1,1000
4987,Galictis vittata,Mustelidae,20,30,20,0,10,0,20,0,0,0,G,1,1,1,3200
4988,Gulo gulo,Mustelidae,0,20,0,0,20,40,20,0,0,0,G,1,0,0,17012.56
4989,Ictonyx striatus,Mustelidae,40,40,10,0,10,0,0,0,0,0,G,1,0,0,1299.99
4990,Ictonyx libyca,Mustelidae,40,40,10,0,10,0,0,0,0,0,G,1,0,0,2062.5
4991,Lyncodon patagonicus,Mustelidae,0,100,0,0,0,0,0,0,0,0,G,1,1,0,225
4992,Martes flavigula,Mustelidae,10,40,20,0,20,0,10,0,0,0,Ar,0,0,1,1842.5
4993,Martes foina,Mustelidae,0,50,0,0,20,0,20,0,0,10,G,1,1,0,1540.8
4994,Martes gwatkinsii,Mustelidae,0,60,20,0,0,0,0,20,0,0,S,1,0,0,2043
4995,Martes martes,Mustelidae,0,60,0,0,0,0,40,0,0,0,S,1,0,0,1300
4996,Martes melampus,Mustelidae,30,20,10,0,0,0,40,0,0,0,S,1,0,0,1000
4997,Martes pennanti,Mustelidae,0,70,0,0,0,30,0,0,0,0,S,1,1,1,4000
4998,Martes zibellina,Mustelidae,0,70,0,10,0,0,10,0,10,0,G,1,1,1,1130
4999,Martes americana,Mustelidae,10,60,0,0,0,10,20,0,0,0,S,1,0,0,1250
5000,Meles meles,Mustelidae,20,20,20,0,0,0,20,0,10,10,G,0,0,1,13000
5001,Meles leucurus,Mustelidae,50,30,0,0,0,0,0,0,0,20,G,0,0,1,13000
5002,Meles anakuma,Mustelidae,60,0,0,0,0,0,40,0,0,0,G,0,0,1,13000
5003,Mellivora capensis,Mustelidae,20,40,20,0,0,10,0,0,0,10,G,0,0,1,8500
5004,Melogale everetti,Mustelidae,40,30,0,0,0,0,30,0,0,0,G,1,1,0,1500
5005,Melogale moschata,Mustelidae,40,30,0,0,0,0,30,0,0,0,G,1,1,0,805.25
5006,Melogale orientalis,Mustelidae,40,30,0,0,0,0,30,0,0,0,G,1,1,0,2000
5007,Melogale personata,Mustelidae,40,30,0,0,0,0,30,0,0,0,G,1,1,0,1702.5
5008,Neovison vison,Mustelidae,10,50,20,20,0,0,0,0,0,0,G,1,1,0,1150
5009,Neovison macrodon,Mustelidae,10,50,20,20,0,0,0,0,0,0,G,1,1,0,1150
5010,Poecilogale albinucha,Mustelidae,10,70,20,0,0,0,0,0,0,0,G,1,0,0,340
5011,Taxidea taxus,Mustelidae,10,70,20,0,0,0,0,0,0,0,G,1,0,0,7107.55
5012,Vormela peregusna,Mustelidae,0,70,30,0,0,0,0,0,0,0,G,1,1,1,450.38
5013,Aonyx capensis,Mustelidae,80,0,20,0,0,0,0,0,0,0,G,1,0,0,18999.84
5014,Aonyx cinerea,Mustelidae,80,0,10,10,0,0,0,0,0,0,G,1,0,0,3527.59
5015,Enhydra lutris,Mustelidae,50,0,0,50,0,0,0,0,0,0,M,0,1,1,23500
5016,Hydrictis maculicollis,Mustelidae,10,10,0,80,0,0,0,0,0,0,G,1,1,1,4180.53
5017,Lontra provocax,Mustelidae,50,0,0,50,0,0,0,0,0,0,G,1,1,0,7499.98
5018,Lontra canadensis,Mustelidae,0,0,10,90,0,0,0,0,0,0,G,1,1,0,8087.42
5019,Lontra felina,Mustelidae,70,0,0,30,0,0,0,0,0,0,M,0,0,1,30600
5020,Lontra longicaudis,Mustelidae,10,0,0,80,10,0,0,0,0,0,G,1,1,0,6554.96
5021,Lutra nippon,Mustelidae,30,10,30,30,0,0,0,0,0,0,G,1,1,1,6951.14
5022,Lutra sumatrana,Mustelidae,30,10,30,30,0,0,0,0,0,0,G,1,1,1,5500
5023,Lutra lutra,Mustelidae,30,10,30,30,0,0,0,0,0,0,G,1,1,1,8785.14
5024,Lutrogale perspicillata,Mustelidae,30,10,30,30,0,0,0,0,0,0,G,0,0,1,9483.33
5025,Pteronura brasiliensis,Mustelidae,40,0,0,60,0,0,0,0,0,0,G,0,0,1,23999.93
5026,Ailuropoda melanoleuca,Ursidae,0,10,0,0,0,0,0,0,0,90,G,1,1,0,108400
5027,Helarctos malayanus,Ursidae,50,20,0,0,0,0,20,0,10,0,G,1,0,0,46500
5028,Melursus ursinus,Ursidae,70,0,0,0,0,0,10,0,0,20,G,1,1,0,93130
5029,Tremarctos ornatus,Ursidae,0,0,0,0,0,0,80,0,0,20,G,1,1,0,140000.63
5030,Ursus americanus,Ursidae,0,10,0,10,0,0,50,0,0,30,G,1,0,0,99949.36
5031,Ursus arctos,Ursidae,10,10,0,0,0,0,20,0,0,60,G,0,1,1,180520.42
5032,Ursus maritimus,Ursidae,0,90,0,10,0,0,0,0,0,0,G,0,1,1,388750.36
5033,Ursus thibetanus,Ursidae,10,10,0,0,0,10,40,0,0,30,G,0,1,1,77500
5034,Arctocephalus philippii,Otariidae,50,0,0,50,0,0,0,0,0,0,M,1,0,0,95000
5035,Arctocephalus australis,Otariidae,40,0,0,60,0,0,0,0,0,0,M,1,0,0,45000
5036,Arctocephalus gazella,Otariidae,80,0,0,20,0,0,0,0,0,0,M,1,0,0,97500
5037,Arctocephalus pusillus,Otariidae,30,0,0,70,0,0,0,0,0,0,M,1,0,0,178500
5038,Arctocephalus townsendi,Otariidae,30,0,0,70,0,0,0,0,0,0,M,1,0,0,105000
5039,Arctocephalus tropicalis,Otariidae,60,0,0,40,0,0,0,0,0,0,M,1,1,0,84000
5040,Arctocephalus galapagoensis,Otariidae,50,0,0,50,0,0,0,0,0,0,M,1,0,0,27000
5041,Arctocephalus forsteri,Otariidae,70,10,0,20,0,0,0,0,0,0,M,1,1,0,101250
5042,Callorhinus ursinus,Otariidae,40,0,0,60,0,0,0,0,0,0,M,1,1,0,45133
5043,Eumetopias jubatus,Otariidae,0,0,0,100,0,0,0,0,0,0,M,1,1,0,310000
5044,Neophoca cinerea,Otariidae,0,0,0,100,0,0,0,0,0,0,M,1,1,0,190000
5045,Otaria flavescens,Otariidae,40,0,0,60,0,0,0,0,0,0,M,1,1,0,193670.53
5046,Phocarctos hookeri,Otariidae,40,0,0,60,0,0,0,0,0,0,M,1,1,0,112300
5047,Zalophus californianus,Otariidae,40,0,0,60,0,0,0,0,0,0,M,1,1,0,80000
5048,Zalophus japonicus,Otariidae,40,0,0,60,0,0,0,0,0,0,M,1,1,0,80000
5049,Zalophus wollebaeki,Otariidae,40,0,0,60,0,0,0,0,0,0,M,1,1,0,80000
5050,Conepatus chinga,Mephitidae,80,0,10,0,0,0,10,0,0,0,G,1,0,0,1917.52
5051,Conepatus humboldtii,Mephitidae,80,0,10,0,0,0,10,0,0,0,G,1,0,0,328
5052,Conepatus leuconotus,Mephitidae,80,0,10,0,0,0,10,0,0,0,G,1,0,0,3500.02
5053,Conepatus semistriatus,Mephitidae,80,0,10,0,0,0,10,0,0,0,G,1,0,0,1200
5054,Mephitis macroura,Mephitidae,20,30,0,0,0,0,20,0,10,20,G,1,1,1,801.25
5055,Mephitis mephitis,Mephitidae,20,30,0,0,0,0,20,0,10,20,G,1,0,0,2085.02
5056,Mydaus javanensis,Mephitidae,80,0,0,0,0,0,0,0,0,20,G,1,0,0,2500
5057,Mydaus marchei,Mephitidae,80,0,0,0,0,0,0,0,0,20,G,1,1,1,1414.2
5058,Spilogale angustifrons,Mephitidae,50,40,0,0,0,0,10,0,0,0,G,1,0,0,334.37
5059,Spilogale gracilis,Mephitidae,30,40,0,0,0,0,0,0,0,30,G,1,0,0,466.5
5060,Spilogale putorius,Mephitidae,30,40,0,0,0,0,0,0,0,30,G,1,0,0,341
5061,Spilogale pygmaea,Mephitidae,80,20,0,0,0,0,0,0,0,0,G,1,1,1,235
5062,Spilogale aquaticus,Mephitidae,40,40,0,0,0,0,0,0,0,20,G,1,0,0,283.08
5063,Bassaricyon alleni,Procyonidae,20,10,0,0,0,0,70,0,0,0,Ar,1,1,0,1235.01
5064,Bassaricyon beddardi,Procyonidae,20,10,0,0,0,0,70,0,0,0,Ar,1,1,0,1235.01
5065,Bassaricyon gabbii,Procyonidae,20,10,0,0,0,0,70,0,0,0,Ar,1,1,0,1250
5066,Bassaricyon lasius,Procyonidae,20,10,0,0,0,0,70,0,0,0,Ar,1,1,0,1200
5067,Bassaricyon pauli,Procyonidae,20,10,0,0,0,0,70,0,0,0,Ar,1,1,0,1200
5068,Bassariscus astutus,Procyonidae,20,10,0,0,0,0,70,0,0,0,G,1,0,0,1129.51
5069,Bassariscus sumichrasti,Procyonidae,20,10,0,0,0,0,70,0,0,0,Ar,1,0,0,899.99
5070,Nasua nasua,Procyonidae,10,20,0,0,0,0,70,0,0,0,S,0,0,1,3793.85
5071,Nasua narica,Procyonidae,10,20,0,0,0,0,70,0,0,0,S,0,0,1,4030.05
5072,Nasuella olivacea,Procyonidae,10,20,0,0,0,0,70,0,0,0,G,1,1,1,1339.99
5073,Potos flavus,Procyonidae,10,0,0,0,10,0,80,0,0,0,Ar,1,0,0,3000
5074,Procyon cancrivorus,Procyonidae,50,0,10,20,0,0,10,0,10,0,G,1,0,0,6949.92
5075,Procyon lotor,Procyonidae,40,0,20,0,0,0,20,0,20,0,G,1,0,0,5524.97
5076,Procyon pygmaeus,Procyonidae,40,0,20,0,0,0,20,0,20,0,G,1,0,0,2500
5077,Ailurus fulgens,Ailuridae,10,10,0,0,0,0,10,0,10,60,G,1,1,1,4900
5078,Equus burchellii,Equidae,0,0,0,0,0,0,0,0,0,100,G,1,1,1,276000
5079,Equus quagga,Equidae,0,0,0,0,0,0,0,0,0,100,G,1,1,1,400000
5080,Equus zebra,Equidae,0,0,0,0,0,0,0,0,0,100,G,1,1,1,286998.75
5081,Equus kiang,Equidae,0,0,0,0,0,0,0,0,0,100,G,1,1,1,275000
5082,Equus caballus,Equidae,0,0,0,0,0,0,0,0,0,100,G,1,1,1,250000
5083,Equus asinus,Equidae,0,0,0,0,0,0,0,0,0,100,G,1,1,1,244999.25
5084,Equus grevyi,Equidae,0,0,0,0,0,0,0,0,0,100,G,1,1,1,407999.85
5085,Equus hemionus,Equidae,0,0,0,0,0,0,0,0,0,100,G,1,1,1,240000
5086,Tapirus bairdii,Tapiridae,0,0,0,0,0,0,0,0,0,100,G,1,0,0,299999.13
5087,Tapirus indicus,Tapiridae,0,0,0,0,0,0,0,0,0,100,G,1,0,0,296250
5088,Tapirus pinchaque,Tapiridae,0,0,0,0,0,0,0,0,0,100,G,1,0,0,148949.83
5089,Tapirus terrestris,Tapiridae,0,0,0,0,0,0,0,0,0,100,G,1,0,0,207500.91
5090,Ceratotherium simum,Rhinocerotidae,0,0,0,0,0,0,0,0,0,100,G,1,1,1,2949986.31
5091,Dicerorhinus sumatrensis,Rhinocerotidae,0,0,0,0,0,0,50,0,0,50,G,1,0,0,1266667
5092,Diceros bicornis,Rhinocerotidae,0,0,0,0,0,0,0,0,0,100,G,1,1,0,1180510.9
5093,Rhinoceros sondaicus,Rhinocerotidae,0,0,0,0,0,0,30,0,0,70,G,1,1,0,1750000
5094,Rhinoceros unicornis,Rhinocerotidae,0,0,0,0,0,0,20,0,0,80,G,1,1,1,1602333
5095,Sus celebensis,Suidae,10,0,0,0,10,10,0,0,10,60,G,1,1,0,55000
5096,Sus ahoenobarbus,Suidae,0,0,0,0,10,10,40,0,30,10,G,1,1,0,73569.74
5097,Sus verrucosus,Suidae,10,0,0,0,10,10,0,0,10,60,G,1,1,0,81250
5098,Sus scrofa,Suidae,10,0,0,0,10,10,0,0,10,60,G,1,1,0,96118.09
5099,Sus salvanius,Suidae,10,0,0,0,10,10,0,0,10,60,G,1,1,0,7718
5100,Sus oliveri,Suidae,10,0,0,0,10,10,0,0,10,60,G,1,1,0,73569.74
5101,Sus cebifrons,Suidae,10,0,0,0,10,10,0,0,10,60,G,1,1,0,190792.3
5102,Sus bucculentus,Suidae,10,0,0,0,10,10,0,0,10,60,G,1,1,0,81648.19
5103,Sus barbatus,Suidae,10,0,0,0,10,10,0,0,10,60,G,1,1,0,96666.67
5104,Sus philippensis,Suidae,10,0,0,0,10,10,0,0,10,60,G,1,1,0,190792.3
5105,Babyrousa babyrussa,Suidae,0,0,0,0,0,0,40,0,0,60,G,0,0,1,100000
5106,Babyrousa togeanensis,Suidae,10,0,0,0,10,0,20,0,0,60,G,0,0,1,100000
5107,Babyrousa celebensis,Suidae,10,0,0,0,10,0,20,0,0,60,G,0,0,1,100000
5108,Babyrousa bolabatuensis,Suidae,10,0,0,0,10,0,20,0,0,60,G,0,0,1,100000
5109,Phacochoerus africanus,Suidae,0,0,0,0,0,10,10,0,0,80,G,1,0,0,82500
5110,Phacochoerus aethiopicus,Suidae,0,0,0,0,0,10,10,0,0,80,G,1,0,0,71000.27
5111,Hylochoerus meinertzhageni,Suidae,0,0,0,0,0,0,0,0,0,100,G,1,0,0,188500
5112,Potamochoerus larvatus,Suidae,0,10,10,0,0,0,40,0,0,40,G,1,0,0,48781.25
5113,Potamochoerus porcus,Suidae,0,10,10,0,0,0,40,0,0,40,G,1,0,0,70000.32
5114,Catagonus wagneri,Tayassuidae,0,0,0,0,0,0,0,0,30,70,G,0,0,1,35566.41
5115,Pecari tajacu,Tayassuidae,10,0,20,0,0,0,10,0,0,60,G,1,1,0,21266.69
5116,Tayassu pecari,Tayassuidae,10,0,0,0,10,0,30,0,30,20,G,1,1,0,32233.69
5117,Hexaprotodon liberiensis,Hippopotamidae,0,0,0,0,0,0,10,0,0,90,G,1,1,0,235001.16
5118,Hippopotamus amphibius,Hippopotamidae,0,0,0,0,0,0,0,0,0,100,G,1,0,0,1417489.99
5119,Camelus bactrianus,Camelidae,0,0,0,0,0,0,0,0,0,100,G,0,0,1,690000
5120,Camelus dromedarius,Camelidae,0,0,0,0,0,0,0,0,0,100,G,0,0,1,601000
5121,Lama glama,Camelidae,0,0,0,0,0,0,0,0,0,100,G,0,0,1,142500
5122,Vicugna vicugna,Camelidae,0,0,0,0,0,0,0,0,0,100,G,0,0,1,47499.61
5123,Neotragus moschatus,Bovidae,0,0,0,0,0,0,20,0,0,80,G,1,1,0,6499.95
5124,Neotragus pygmaeus,Bovidae,0,0,0,0,0,0,20,0,0,80,G,1,1,0,4000
5125,Neotragus batesi,Bovidae,0,0,0,0,0,0,20,0,10,70,G,1,1,0,2999.99
5126,Oreotragus oreotragus,Bovidae,0,0,0,0,0,0,0,0,0,100,G,0,1,1,12999.9
5127,Ammodorcas clarkei,Bovidae,0,0,0,0,0,0,0,0,0,100,G,0,1,1,28049.81
5128,Antidorcas marsupialis,Bovidae,0,0,0,0,0,0,0,0,0,100,G,1,1,1,31500
5129,Antilope cervicapra,Bovidae,0,0,0,0,0,0,0,0,0,100,G,0,0,1,37500
5130,Dorcatragus megalotis,Bovidae,0,0,0,0,0,0,0,0,0,100,G,0,0,1,10249.91
5131,Eudorcas rufina,Bovidae,0,0,0,0,0,0,0,0,20,80,G,0,1,1,40000
5132,Eudorcas thomsonii,Bovidae,0,0,0,0,0,0,0,0,0,100,G,0,1,1,22907.43
5133,Eudorcas rufifrons,Bovidae,0,0,0,0,0,0,0,0,20,80,G,0,1,1,26999.77
5134,Gazella subgutturosa,Bovidae,0,0,0,0,0,0,0,0,10,90,G,0,1,1,28500
5135,Gazella spekei,Bovidae,0,0,0,0,0,0,0,0,0,100,G,0,1,1,20000
5136,Gazella erlangeri,Bovidae,0,0,0,0,0,0,0,0,0,100,G,0,1,1,20360.12
5137,Gazella gazella,Bovidae,0,0,0,0,0,0,0,0,0,100,G,0,1,1,22749.93
5138,Gazella dorcas,Bovidae,0,0,0,0,0,0,20,0,0,80,G,0,1,1,23000.11
5139,Gazella arabica,Bovidae,0,0,0,0,0,0,0,0,10,90,G,0,1,1,12000
5140,Gazella cuvieri,Bovidae,0,0,0,0,0,0,0,0,0,100,G,0,1,1,25000
5141,Gazella saudiya,Bovidae,0,0,0,0,0,0,0,0,10,90,G,0,1,1,16000
5142,Gazella leptoceros,Bovidae,0,0,0,0,0,0,0,0,0,100,G,0,1,1,22200
5143,Gazella bennettii,Bovidae,0,0,0,0,0,0,0,0,0,100,G,0,1,1,18916.67
5144,Litocranius walleri,Bovidae,0,0,0,0,0,0,0,0,0,100,G,1,1,1,37999.69
5145,Madoqua kirkii,Bovidae,0,0,0,0,0,0,0,0,0,100,G,1,1,1,5300.05
5146,Madoqua saltiana,Bovidae,0,0,0,0,0,0,0,0,0,100,G,1,1,1,3249.97
5147,Madoqua piacentinii,Bovidae,0,0,0,0,0,0,0,0,0,100,G,1,1,1,2500
5148,Madoqua guentheri,Bovidae,0,0,0,0,0,0,0,0,0,100,G,1,1,1,7499.98
5149,Nanger granti,Bovidae,0,0,0,0,0,0,0,0,0,100,G,0,1,1,55464.46
5150,Nanger soemmerringii,Bovidae,0,0,0,0,0,0,0,0,0,100,G,0,1,1,41582.93
5151,Nanger dama,Bovidae,0,0,0,0,0,0,0,0,0,100,G,0,1,1,71424.81
5152,Ourebia ourebi,Bovidae,0,0,0,0,0,0,0,0,0,100,G,1,1,1,17250.04
5153,Procapra gutturosa,Bovidae,0,0,0,0,0,0,0,0,0,100,G,0,1,1,27750
5154,Procapra przewalskii,Bovidae,0,0,0,0,0,0,0,0,0,100,G,0,1,1,27500
5155,Procapra picticaudata,Bovidae,0,0,0,0,0,0,0,0,0,100,G,0,1,1,20000
5156,Raphicerus melanotis,Bovidae,0,0,0,0,0,0,10,0,0,90,G,0,1,1,10249.91
5157,Raphicerus sharpei,Bovidae,0,0,0,0,0,0,10,0,0,90,G,0,1,1,9499.92
5158,Raphicerus campestris,Bovidae,0,0,0,0,0,0,10,0,0,90,G,0,1,1,10500.02
5159,Saiga borealis,Bovidae,0,0,0,0,0,0,0,0,0,100,G,0,1,1,29000
5160,Saiga tatarica,Bovidae,0,0,0,0,0,0,0,0,0,100,G,0,1,1,29000
5161,Taurotragus oryx,Bovidae,0,0,0,0,0,0,30,0,0,70,G,0,1,1,569993.63
5162,Taurotragus derbianus,Bovidae,0,0,0,0,0,0,30,0,0,70,G,0,1,1,680000
5163,Tetracerus quadricornis,Bovidae,0,0,0,0,0,0,0,0,0,100,G,0,1,1,19000
5164,Tragelaphus eurycerus,Bovidae,0,0,0,0,0,0,0,0,0,100,G,0,1,1,329003.11
5165,Tragelaphus scriptus,Bovidae,0,0,0,0,0,0,0,0,0,100,G,1,1,1,43250.39
5166,Tragelaphus strepsiceros,Bovidae,0,0,0,0,0,0,0,0,0,100,G,1,1,1,213501.04
5167,Tragelaphus angasii,Bovidae,0,0,0,0,0,0,0,0,0,100,G,0,1,1,86600.42
5168,Tragelaphus imberbis,Bovidae,0,0,0,0,0,0,0,0,0,100,G,1,1,0,81575.55
5169,Tragelaphus buxtoni,Bovidae,0,0,0,0,0,0,0,0,0,100,G,0,1,1,215000.76
5170,Tragelaphus spekii,Bovidae,0,0,0,0,0,0,0,0,0,100,G,1,1,1,77999.17
5171,Bison bonasus,Bovidae,0,0,0,0,0,0,0,0,0,100,G,1,1,1,500000
5172,Bison bison,Bovidae,0,0,0,0,0,0,0,0,0,100,G,1,1,1,579255.28
5173,Bos frontalis,Bovidae,0,0,0,0,0,0,0,0,0,100,G,0,0,1,800000
5174,Bos grunniens,Bovidae,0,0,0,0,0,0,0,0,0,100,G,0,0,1,416500
5175,Bos taurus,Bovidae,0,0,0,0,0,0,0,0,0,100,G,0,0,1,900000
5176,Bos sauveli,Bovidae,0,0,0,0,0,0,0,0,0,100,G,0,0,1,800000
5177,Bos javanicus,Bovidae,0,0,0,0,0,0,0,0,0,100,G,1,1,1,625000
5178,Boselaphus tragocamelus,Bovidae,0,0,0,0,0,0,20,0,0,80,G,0,1,1,169000
5179,Bubalus bubalis,Bovidae,0,0,0,0,0,0,0,0,0,100,G,1,1,1,431250
5180,Bubalus quarlesi,Bovidae,0,0,0,0,0,0,0,0,0,100,G,1,1,1,150000
5181,Bubalus mindorensis,Bovidae,0,0,0,0,0,0,0,0,0,100,G,1,1,1,233333.33
5182,Bubalus depressicornis,Bovidae,0,0,0,0,0,0,20,0,0,80,G,1,1,1,300000
5183,Pseudoryx nghetinhensis,Bovidae,0,0,0,0,0,0,0,0,0,100,G,1,1,1,97842.2
5184,Syncerus caffer,Bovidae,0,0,0,0,0,0,0,0,0,100,G,1,1,0,580002.68
5185,Kobus kob,Bovidae,0,0,0,0,0,0,0,0,0,100,G,1,1,1,78500.06
5186,Kobus leche,Bovidae,0,0,0,0,0,0,0,0,0,100,G,1,1,1,110749.05
5187,Kobus megaceros,Bovidae,0,0,0,0,0,0,0,0,0,100,G,1,1,1,87500.39
5188,Kobus vardonii,Bovidae,0,0,0,0,0,0,0,0,0,100,G,1,1,1,71500.65
5189,Kobus ellipsiprymnus,Bovidae,0,0,0,0,0,0,0,0,0,100,G,1,1,1,210000.34
5190,Pelea capreolus,Bovidae,0,0,0,0,0,0,0,0,0,100,G,0,0,1,20000
5191,Redunca arundinum,Bovidae,0,0,0,0,0,0,0,0,0,100,G,1,1,1,58000.27
5192,Redunca fulvorufula,Bovidae,0,0,0,0,0,0,0,0,0,100,G,1,1,1,29499.86
5193,Redunca redunca,Bovidae,0,0,0,0,0,0,0,0,0,100,G,1,1,1,44050.41
5194,Aepyceros melampus,Bovidae,0,0,0,0,0,0,0,0,0,100,G,1,1,1,52500.08
5195,Alcelaphus caama,Bovidae,0,0,0,0,0,0,0,0,0,100,G,0,1,1,176115.97
5196,Alcelaphus lichtensteinii,Bovidae,0,0,0,0,0,0,0,0,0,100,G,0,1,1,168695.66
5197,Alcelaphus buselaphus,Bovidae,0,0,0,0,0,0,0,0,0,100,G,0,1,1,171001.53
5198,Beatragus hunteri,Bovidae,0,0,0,0,0,0,0,0,0,100,G,0,1,1,79132.17
5199,Connochaetes taurinus,Bovidae,0,0,0,0,0,0,0,0,0,100,G,0,1,1,179998.96
5200,Connochaetes gnou,Bovidae,0,0,0,0,0,0,0,0,0,100,G,0,1,1,179998.96
5201,Damaliscus pygargus,Bovidae,0,0,0,0,0,0,0,0,0,100,G,0,1,1,102000
5202,Damaliscus superstes,Bovidae,0,0,0,0,0,0,0,0,0,100,G,0,1,1,120837.92
5203,Damaliscus lunatus,Bovidae,0,0,0,0,0,0,0,0,0,100,G,0,1,1,136000.34
5204,Damaliscus korrigum,Bovidae,0,0,0,0,0,0,0,0,0,100,G,0,1,1,127194.87
5205,Ammotragus lervia,Bovidae,0,0,0,0,0,0,0,0,0,100,G,0,1,1,48000
5206,Budorcas taxicolor,Bovidae,0,0,0,0,0,0,0,0,0,100,G,0,1,1,302000
5207,Capra hircus,Bovidae,0,0,0,0,0,0,0,0,0,100,G,0,1,1,54250
5208,Capra falconeri,Bovidae,0,0,0,0,0,0,0,0,0,100,G,0,1,1,41000
5209,Capra ibex,Bovidae,0,0,0,0,0,0,0,0,0,100,G,0,1,1,85166.51
5210,Capra caucasica,Bovidae,0,0,0,0,0,0,0,0,0,100,G,1,1,1,55000
5211,Capra nubiana,Bovidae,0,0,0,0,0,0,0,0,0,100,G,0,1,1,62624.84
5212,Capra pyrenaica,Bovidae,0,0,0,0,0,0,0,0,0,100,G,0,1,1,50000
5213,Capra sibirica,Bovidae,0,0,0,0,0,0,0,0,0,100,G,0,1,1,130000
5214,Capra walie,Bovidae,0,0,0,0,0,0,0,0,0,100,G,0,1,1,100000
5215,Capricornis swinhoei,Bovidae,0,0,0,0,0,0,0,0,20,80,G,0,1,1,69093.52
5216,Capricornis milneedwardsii,Bovidae,0,0,0,0,0,0,0,0,0,100,G,0,1,1,69093.52
5217,Capricornis sumatraensis,Bovidae,0,0,0,0,0,0,0,0,0,100,G,0,1,1,110942.22
5218,Capricornis rubidus,Bovidae,0,0,0,0,0,0,0,0,0,100,G,0,1,1,69093.52
5219,Capricornis crispus,Bovidae,0,0,0,0,0,0,0,0,20,80,G,0,1,1,43030.64
5220,Capricornis thar,Bovidae,0,0,0,0,0,0,0,0,0,100,G,0,1,1,69093.52
5221,Hemitragus jayakari,Bovidae,0,0,0,0,0,0,30,0,30,40,G,1,1,0,23000
5222,Hemitragus hylocrius,Bovidae,0,0,0,0,0,0,0,0,0,100,G,1,1,0,75000
5223,Hemitragus jemlahicus,Bovidae,0,0,0,0,0,0,0,0,0,100,G,1,1,0,35200
5224,Naemorhedus caudatus,Bovidae,0,0,0,0,0,0,0,0,20,80,G,0,1,1,27000
5225,Naemorhedus goral,Bovidae,0,0,0,0,0,0,0,0,20,80,G,0,1,1,28500
5226,Naemorhedus griseus,Bovidae,0,0,0,0,0,0,0,0,10,90,G,0,1,1,27655.49
5227,Naemorhedus baileyi,Bovidae,0,0,0,0,0,0,0,0,20,80,G,0,1,1,27487.5
5228,Oreamnos americanus,Bovidae,0,0,0,0,0,0,0,0,0,100,G,0,1,1,72500.33
5229,Ovibos moschatus,Bovidae,0,0,0,0,0,0,10,0,0,90,G,0,1,1,340501.06
5230,Ovis canadensis,Bovidae,0,0,0,0,0,0,0,0,0,100,G,1,1,1,74644.88
5231,Ovis nivicola,Bovidae,0,0,0,0,0,0,0,0,0,100,G,1,1,1,90000
5232,Ovis dalli,Bovidae,0,0,0,0,0,0,0,0,0,100,G,1,1,1,55650.62
5233,Ovis aries,Bovidae,0,0,0,0,0,0,0,0,0,100,G,1,1,1,50000
5234,Ovis ammon,Bovidae,0,0,0,0,0,0,0,0,0,100,G,1,1,1,180000
5235,Pantholops hodgsonii,Bovidae,0,0,0,0,0,0,0,0,0,100,G,0,1,1,27500
5236,Pseudois schaeferi,Bovidae,0,0,0,0,0,0,0,0,0,100,G,1,1,1,29250
5237,Pseudois nayaur,Bovidae,0,0,0,0,0,0,0,0,0,100,G,1,1,1,45000
5238,Rupicapra pyrenaica,Bovidae,0,0,0,0,0,0,0,0,0,100,G,0,1,1,30000
5239,Rupicapra rupicapra,Bovidae,0,0,0,0,0,0,0,0,0,100,G,0,1,1,26100
5240,Cephalophus rufilatus,Bovidae,0,10,0,0,0,0,30,0,0,60,G,1,0,0,11999.97
5241,Cephalophus zebra,Bovidae,0,10,0,0,0,0,30,0,0,60,G,1,0,0,17500.08
5242,Cephalophus weynsi,Bovidae,0,10,0,0,0,0,30,0,0,60,G,1,0,0,17000
5243,Cephalophus silvicultor,Bovidae,0,10,0,0,0,0,30,0,0,60,G,1,0,0,72500.33
5244,Cephalophus ogilbyi,Bovidae,0,10,0,0,0,0,30,0,0,60,G,1,0,0,20000
5245,Cephalophus nigrifrons,Bovidae,0,10,0,0,0,0,30,0,0,60,G,1,0,0,13899.85
5246,Cephalophus natalensis,Bovidae,0,10,0,0,0,0,30,0,0,60,G,1,0,0,11999.97
5247,Cephalophus leucogaster,Bovidae,0,10,0,0,0,0,30,0,0,60,G,1,0,0,12699.89
5248,Cephalophus adersi,Bovidae,0,10,0,0,0,0,30,0,0,60,G,1,0,0,9249.96
5249,Cephalophus jentinki,Bovidae,0,10,0,0,0,0,30,0,0,60,G,1,0,0,70000.32
5250,Cephalophus brookei,Bovidae,0,0,0,0,0,0,20,0,20,60,G,1,0,0,20863.36
5251,Cephalophus dorsalis,Bovidae,0,10,0,0,0,0,30,0,0,60,G,1,0,0,20000
5252,Cephalophus callipygus,Bovidae,0,10,0,0,0,0,30,0,0,60,G,1,0,0,18249.88
5253,Cephalophus niger,Bovidae,0,10,0,0,0,0,30,0,0,60,G,1,0,0,20399.99
5254,Cephalophus spadix,Bovidae,0,10,0,0,0,0,30,0,0,60,G,1,0,0,56000.25
5255,Philantomba maxwellii,Bovidae,0,10,0,0,0,0,30,0,0,60,G,1,0,0,8557.69
5256,Philantomba monticola,Bovidae,0,0,0,0,10,0,70,0,0,20,G,1,0,0,4896.05
5257,Sylvicapra grimmia,Bovidae,0,10,0,0,0,0,20,0,0,70,G,1,0,0,19499.79
5258,Addax nasomaculatus,Bovidae,0,0,0,0,0,0,0,0,0,100,G,1,0,0,70000.32
5259,Hippotragus equinus,Bovidae,0,0,0,0,0,0,0,0,0,100,G,0,0,1,269997.66
5260,Hippotragus leucophaeus,Bovidae,0,0,0,0,0,0,0,0,0,100,G,0,0,1,150000
5261,Hippotragus niger,Bovidae,0,0,0,0,0,0,0,0,0,100,G,0,0,1,227499.27
5262,Oryx leucoryx,Bovidae,0,0,0,0,0,0,0,0,0,100,G,1,1,1,87700
5263,Oryx beisa,Bovidae,0,0,0,0,0,0,0,0,0,100,G,1,1,1,200576.52
5264,Oryx dammah,Bovidae,0,0,0,0,0,0,0,0,0,100,G,1,1,1,200000
5265,Oryx gazella,Bovidae,0,0,0,0,0,0,0,0,0,100,G,1,1,1,169001.28
5266,Hyemoschus aquaticus,Tragulidae,0,0,0,0,0,0,100,0,0,0,G,0,0,1,10850.01
5267,Moschiola meminna,Tragulidae,0,0,0,0,0,0,0,0,0,100,G,1,0,0,2938.14
5268,Tragulus versicolor,Tragulidae,0,0,0,0,0,0,20,0,0,80,G,1,0,0,3706.24
5269,Tragulus williamsoni,Tragulidae,0,0,0,0,0,0,20,0,0,80,G,1,0,0,3706.24
5270,Tragulus nigricans,Tragulidae,0,0,0,0,0,0,20,0,0,80,G,1,0,0,3706.24
5271,Tragulus napu,Tragulidae,0,0,0,0,0,0,20,0,0,80,G,1,0,0,4950
5272,Tragulus kanchil,Tragulidae,0,0,0,0,0,0,20,0,0,80,G,1,0,0,3706.24
5273,Tragulus javanicus,Tragulidae,0,0,0,0,0,0,20,0,0,80,G,1,0,0,2775
5274,Moschus cupreus,Moschidae,0,0,0,0,0,0,0,0,0,100,G,1,0,0,2145.93
5275,Moschus chrysogaster,Moschidae,0,0,0,0,0,0,0,0,0,100,G,1,0,0,14500
5276,Moschus anhuiensis,Moschidae,0,0,0,0,0,0,0,0,0,100,G,1,0,0,2145.93
5277,Moschus moschiferus,Moschidae,0,0,0,0,0,0,0,0,0,100,G,1,0,0,13000
5278,Moschus leucogaster,Moschidae,0,0,0,0,0,0,0,0,0,100,G,1,0,0,2145.93
5279,Moschus fuscus,Moschidae,0,0,0,0,0,0,0,0,0,100,G,1,0,0,12.5
5280,Moschus berezovskii,Moschidae,0,0,0,0,0,0,0,0,0,100,G,1,0,0,9000
5281,Alces americanus,Cervidae,0,0,0,0,0,0,0,0,0,100,G,1,1,0,541460.44
5282,Alces alces,Cervidae,0,0,0,0,0,0,0,0,0,100,G,1,1,0,356998.16
5283,Blastocerus dichotomus,Cervidae,0,0,0,0,0,0,0,0,0,100,G,1,1,0,86666.25
5284,Capreolus pygargus,Cervidae,0,0,0,0,0,0,0,0,0,100,G,0,1,1,43752.21
5285,Capreolus capreolus,Cervidae,0,0,0,0,0,0,0,0,0,100,G,1,1,1,22500
5286,Hippocamelus bisulcus,Cervidae,0,0,0,0,0,0,0,0,0,100,G,1,1,1,70000.32
5287,Hippocamelus antisensis,Cervidae,0,0,0,0,0,0,0,0,0,100,G,1,1,1,68599.35
5288,Mazama rufina,Cervidae,0,0,0,0,0,0,0,0,20,80,G,1,1,1,25999.8
5289,Mazama americana,Cervidae,0,0,0,0,0,0,0,0,20,80,G,1,1,1,22799.75
5290,Mazama bororo,Cervidae,0,0,0,0,0,0,0,0,20,80,G,1,1,1,18809.87
5291,Mazama bricenii,Cervidae,0,0,0,0,0,0,0,0,20,80,G,1,1,1,16499.85
5292,Mazama chunyi,Cervidae,0,0,0,0,0,0,0,0,20,80,G,1,1,1,16499.85
5293,Mazama gouazoubira,Cervidae,0,0,0,0,0,0,30,0,20,50,G,1,1,1,16633.17
5294,Mazama pandora,Cervidae,0,0,0,0,0,0,0,0,20,80,G,1,1,1,18809.87
5295,Mazama temama,Cervidae,0,0,0,0,0,0,0,0,20,80,G,1,1,1,18809.87
5296,Mazama nana,Cervidae,0,0,0,0,0,0,0,0,20,80,G,1,1,1,16499.85
5297,Odocoileus hemionus,Cervidae,0,0,0,0,0,0,0,0,10,90,G,1,1,0,54212.57
5298,Odocoileus virginianus,Cervidae,0,0,0,0,0,0,0,0,10,90,G,1,1,0,55508.56
5299,Ozotoceros bezoarticus,Cervidae,0,0,0,0,0,0,0,0,0,100,G,1,1,1,40000
5300,Pudu mephistophiles,Cervidae,0,0,0,0,0,0,10,0,10,80,G,1,1,1,9599.97
5301,Pudu puda,Cervidae,0,0,0,0,0,0,10,0,10,80,G,1,1,1,9749.9
5302,Rangifer tarandus,Cervidae,0,0,0,0,0,0,0,0,0,100,G,0,0,1,86033.98
5303,Axis kuhlii,Cervidae,0,0,0,0,0,0,10,0,0,90,G,1,1,0,55000
5304,Axis calamianensis,Cervidae,0,0,0,0,0,0,10,0,0,90,G,1,1,0,40500
5305,Axis porcinus,Cervidae,0,0,0,0,0,0,10,0,0,90,G,1,1,0,34418.5
5306,Axis axis,Cervidae,0,0,0,0,0,0,10,0,0,90,G,1,1,0,67281.85
5307,Cervus elaphus,Cervidae,0,0,0,0,0,0,0,0,0,100,G,1,1,0,165015.85
5308,Cervus nippon,Cervidae,0,0,0,0,0,0,0,0,0,100,G,1,1,0,53000
5309,Dama dama,Cervidae,0,0,0,0,0,0,0,0,0,100,G,1,1,0,52375
5310,Elaphodus cephalophus,Cervidae,0,0,0,0,0,0,0,0,0,100,G,1,1,1,33500
5311,Elaphurus davidianus,Cervidae,0,0,0,0,0,0,0,0,0,100,G,0,1,1,149000
5312,Muntiacus feae,Cervidae,0,0,0,0,0,0,20,0,0,80,G,1,1,1,22000
5313,Muntiacus crinifrons,Cervidae,0,0,0,0,0,0,20,0,0,80,G,1,1,1,36140.99
5314,Muntiacus gongshanensis,Cervidae,0,0,0,0,0,0,20,0,0,80,G,1,1,1,19906.73
5315,Muntiacus muntjak,Cervidae,0,0,0,0,0,0,30,0,0,70,G,1,1,1,15925.79
5316,Muntiacus vuquangensis,Cervidae,0,0,0,0,0,0,20,0,0,80,G,1,1,1,36690.82
5317,Muntiacus putaoensis,Cervidae,0,0,0,0,0,0,80,0,0,20,G,1,1,1,19506.63
5318,Muntiacus atherodes,Cervidae,0,0,0,0,0,0,20,0,0,80,G,1,1,1,15600
5319,Muntiacus reevesi,Cervidae,0,0,0,0,0,0,20,0,0,80,G,1,1,0,13500
5320,Muntiacus rooseveltorum,Cervidae,0,0,0,0,0,0,20,0,0,80,G,1,1,1,10762.64
5321,Muntiacus truongsonensis,Cervidae,0,0,0,0,0,0,20,0,0,80,G,1,1,1,19506.63
5322,Muntiacus puhoatensis,Cervidae,0,0,0,0,0,0,20,0,0,80,G,1,1,1,19506.63
5323,Przewalskium albirostris,Cervidae,0,0,0,0,0,0,0,0,0,100,G,1,1,1,161681.9
5324,Rucervus schomburgki,Cervidae,0,0,0,0,0,0,0,0,0,100,G,1,1,0,107626.42
5325,Rucervus eldii,Cervidae,0,0,0,0,0,0,20,0,0,80,G,1,1,0,95471.61
5326,Rucervus duvaucelii,Cervidae,0,0,0,0,0,0,0,0,0,100,G,1,1,1,171223.86
5327,Rusa unicolor,Cervidae,0,0,0,0,0,0,10,0,0,90,G,1,1,0,177522.9
5328,Rusa alfredi,Cervidae,0,0,0,0,0,0,0,0,0,100,G,1,1,0,46475.04
5329,Rusa marianna,Cervidae,0,0,0,0,0,0,0,0,0,100,G,1,1,0,49457.61
5330,Rusa timorensis,Cervidae,0,0,0,0,0,0,0,0,0,100,G,1,1,0,66375.5
5331,Hydropotes inermis,Cervidae,0,0,0,0,0,0,0,0,0,100,G,1,1,1,14000
5332,Antilocapra americana,Antilocapridae,0,0,0,0,0,0,0,0,0,100,G,1,1,1,46082.92
5333,Giraffa camelopardalis,Giraffidae,0,0,0,0,0,0,0,0,0,100,G,1,1,0,899994.8
5334,Okapia johnstoni,Giraffidae,0,0,0,0,0,0,0,0,0,100,G,0,0,1,230001.15
5335,Balaena mysticetus,Balaenidae,100,0,0,0,0,0,0,0,0,0,M,1,1,1,100000000
5336,Eubalaena australis,Balaenidae,100,0,0,0,0,0,0,0,0,0,M,1,1,1,23000000
5337,Eubalaena glacialis,Balaenidae,100,0,0,0,0,0,0,0,0,0,M,1,1,1,23000000
5338,Eubalaena japonica,Balaenidae,100,0,0,0,0,0,0,0,0,0,M,1,1,1,23000000
5339,Balaenoptera physalus,Balaenopteridae,70,0,0,30,0,0,0,0,0,0,M,0,0,1,70000000
5340,Balaenoptera acutorostrata,Balaenopteridae,70,0,0,30,0,0,0,0,0,0,M,0,0,1,10000000
5341,Balaenoptera bonaerensis,Balaenopteridae,100,0,0,0,0,0,0,0,0,0,M,0,0,1,35089915.83
5342,Balaenoptera borealis,Balaenopteridae,60,0,0,40,0,0,0,0,0,0,M,0,0,1,20000000
5343,Balaenoptera edeni,Balaenopteridae,50,0,0,50,0,0,0,0,0,0,M,0,0,1,20000000
5344,Balaenoptera musculus,Balaenopteridae,100,0,0,0,0,0,0,0,0,0,M,0,0,1,190000000
5345,Megaptera novaeangliae,Balaenopteridae,80,0,0,20,0,0,0,0,0,0,M,0,0,1,30000000
5346,Eschrichtius robustus,Eschrichtiidae,90,0,0,10,0,0,0,0,0,0,M,0,1,1,28500000
5347,Caperea marginata,Neobalaenidae,100,0,0,0,0,0,0,0,0,0,M,1,1,1,32000000
5348,Cephalorhynchus commersonii,Delphinidae,20,0,0,80,0,0,0,0,0,0,M,0,0,1,72400
5349,Cephalorhynchus eutropia ,Delphinidae,20,0,0,80,0,0,0,0,0,0,M,0,0,1,45000
5350,Cephalorhynchus heavisidii,Delphinidae,20,0,0,80,0,0,0,0,0,0,M,0,0,1,40000
5351,Cephalorhynchus hectori,Delphinidae,20,0,0,80,0,0,0,0,0,0,M,0,0,1,50000
5352,Delphinus capensis,Delphinidae,80,0,0,20,0,0,0,0,0,0,M,1,1,0,80000
5353,Delphinus delphis,Delphinidae,80,0,0,20,0,0,0,0,0,0,M,1,1,0,80000
5354,Feresa attenuata,Delphinidae,10,0,0,90,0,0,0,0,0,0,M,1,1,1,170000
5355,Globicephala macrorhynchus,Delphinidae,90,0,0,10,0,0,0,0,0,0,M,1,1,0,726000
5356,Globicephala melas,Delphinidae,90,0,0,10,0,0,0,0,0,0,M,1,1,0,800000
5357,Grampus griseus,Delphinidae,50,0,0,50,0,0,0,0,0,0,M,1,1,0,387500
5358,Lagenodelphis hosei,Delphinidae,40,0,0,60,0,0,0,0,0,0,M,1,1,1,164000
5359,Lagenorhynchus albirostris,Delphinidae,40,0,0,60,0,0,0,0,0,0,M,1,1,1,180000
5360,Lagenorhynchus australis,Delphinidae,40,0,0,60,0,0,0,0,0,0,M,1,1,1,120000
5361,Lagenorhynchus cruciger,Delphinidae,40,0,0,60,0,0,0,0,0,0,M,1,1,1,110000
5362,Lagenorhynchus obliquidens,Delphinidae,40,0,0,60,0,0,0,0,0,0,M,1,1,1,120000
5363,Lagenorhynchus obscurus,Delphinidae,40,0,0,60,0,0,0,0,0,0,M,1,1,1,127500
5364,Lagenorhynchus acutus,Delphinidae,40,0,0,60,0,0,0,0,0,0,M,1,1,1,182000
5365,Lissodelphis borealis,Delphinidae,40,0,0,60,0,0,0,0,0,0,M,1,1,1,113000
5366,Lissodelphis peronii,Delphinidae,40,0,0,60,0,0,0,0,0,0,M,1,1,1,116000
5367,Orcaella brevirostris,Delphinidae,40,0,0,60,0,0,0,0,0,0,M,1,1,1,190000
5368,Orcinus orca,Delphinidae,25,50,0,25,0,0,0,0,0,0,M,1,1,1,4300000
5369,Peponocephala electra,Delphinidae,40,0,0,60,0,0,0,0,0,0,M,1,1,1,206000
5370,Pseudorca crassidens,Delphinidae,60,10,0,30,0,0,0,0,0,0,M,1,1,1,1360000
5371,Sotalia fluviatilis,Delphinidae,10,0,0,90,0,0,0,0,0,0,M,0,0,1,60000
5372,Sousa chinensis,Delphinidae,40,0,0,60,0,0,0,0,0,0,M,1,1,1,280000
5373,Sousa teuszii,Delphinidae,40,0,0,60,0,0,0,0,0,0,M,1,1,1,100000
5374,Stenella attenuata,Delphinidae,60,0,0,40,0,0,0,0,0,0,M,1,1,1,57400
5375,Stenella longirostris,Delphinidae,60,0,0,40,0,0,0,0,0,0,M,1,1,1,50500
5376,Stenella frontalis,Delphinidae,60,0,0,40,0,0,0,0,0,0,M,1,1,1,110000
5377,Stenella coeruleoalba,Delphinidae,60,0,0,40,0,0,0,0,0,0,M,1,1,1,135900
5378,Stenella clymene,Delphinidae,60,0,0,40,0,0,0,0,0,0,M,1,1,1,68000
5379,Tursiops aduncus,Delphinidae,20,0,0,80,0,0,0,0,0,0,M,0,0,1,175000
5380,Tursiops truncatus,Delphinidae,20,0,0,80,0,0,0,0,0,0,M,0,0,1,175000
5381,Steno bredanensis,Delphinidae,40,0,0,60,0,0,0,0,0,0,M,1,1,1,130000
5382,Delphinapterus leucas,Monodontidae,40,0,0,60,0,0,0,0,0,0,M,1,1,1,1360000
5383,Monodon monoceros,Monodontidae,40,0,0,60,0,0,0,0,0,0,M,1,1,1,900000
5384,Neophocaena phocaenoides,Phocoenidae,40,0,0,60,0,0,0,0,0,0,M,1,1,1,32500
5385,Phocoena dioptrica,Phocoenidae,0,0,0,100,0,0,0,0,0,0,M,1,1,1,65000
5386,Phocoena phocoena,Phocoenidae,0,0,0,100,0,0,0,0,0,0,M,1,1,1,52500
5387,Phocoena sinus,Phocoenidae,0,0,0,100,0,0,0,0,0,0,M,1,1,1,42500
5388,Phocoena spinipinnis,Phocoenidae,0,0,0,100,0,0,0,0,0,0,M,1,1,1,60000
5389,Phocoenoides dalli,Phocoenidae,10,0,0,90,0,0,0,0,0,0,M,1,1,1,102500
5390,Tasmacetus shepherdi,Ziphiidae,40,0,0,60,0,0,0,0,0,0,M,1,1,1,2500000
5391,Ziphius cavirostris,Ziphiidae,80,0,0,20,0,0,0,0,0,0,M,1,1,1,4775000
5392,Berardius bairdii,Ziphiidae,90,0,0,10,0,0,0,0,0,0,M,1,1,1,11380000
5393,Berardius arnuxii,Ziphiidae,90,0,0,10,0,0,0,0,0,0,M,1,1,1,7000000
5394,Hyperoodon ampullatus,Ziphiidae,80,0,0,20,0,0,0,0,0,0,M,1,1,1,5800000
5395,Hyperoodon planifrons,Ziphiidae,80,0,0,20,0,0,0,0,0,0,M,1,1,1,3000000
5396,Indopacetus pacificus,Ziphiidae,80,0,0,20,0,0,0,0,0,0,M,1,1,1,2200000
5397,Mesoplodon carlhubbsi,Ziphiidae,80,0,0,20,0,0,0,0,0,0,M,1,1,1,3400000
5398,Mesoplodon stejnegeri,Ziphiidae,80,0,0,20,0,0,0,0,0,0,M,1,1,1,4800000
5399,Mesoplodon peruvianus,Ziphiidae,80,0,0,20,0,0,0,0,0,0,M,1,1,1,2514984.32
5400,Mesoplodon perrini,Ziphiidae,80,0,0,20,0,0,0,0,0,0,M,1,1,1,2514984.32
5401,Mesoplodon mirus,Ziphiidae,80,0,0,20,0,0,0,0,0,0,M,1,1,1,2100000
5402,Mesoplodon layardii,Ziphiidae,80,0,0,20,0,0,0,0,0,0,M,1,1,1,1500000
5403,Mesoplodon hectori,Ziphiidae,80,0,0,20,0,0,0,0,0,0,M,1,1,1,1000000
5404,Mesoplodon grayi,Ziphiidae,80,0,0,20,0,0,0,0,0,0,M,1,1,1,2900000
5405,Mesoplodon ginkgodens,Ziphiidae,80,0,0,20,0,0,0,0,0,0,M,1,1,1,1500000
5406,Mesoplodon bidens,Ziphiidae,80,0,0,20,0,0,0,0,0,0,M,1,1,1,3400000
5407,Mesoplodon densirostris,Ziphiidae,80,0,0,20,0,0,0,0,0,0,M,1,1,1,2300000
5408,Mesoplodon bowdoini,Ziphiidae,80,0,0,20,0,0,0,0,0,0,M,1,1,1,2600000
5409,Mesoplodon traversii,Ziphiidae,80,0,0,20,0,0,0,0,0,0,M,1,1,1,2514984.32
5410,Mesoplodon europaeus,Ziphiidae,80,0,0,20,0,0,0,0,0,0,M,1,1,1,5600000
5411,Kogia breviceps,Physeteridae,100,0,0,0,0,0,0,0,0,0,M,1,1,1,431500
5412,Kogia sima,Physeteridae,100,0,0,0,0,0,0,0,0,0,M,1,1,1,183066.66
5413,Physeter catodon,Physeteridae,100,0,0,0,0,0,0,0,0,0,M,1,1,1,14025000
5414,Platanista gangetica,Platanistidae,50,0,0,50,0,0,0,0,0,0,M,1,1,1,115000
5415,Platanista minor,Platanistidae,50,0,0,50,0,0,0,0,0,0,M,1,1,1,83914.59
5416,Inia geoffrensis,Iniidae,10,0,0,90,0,0,0,0,0,0,M,0,0,1,129250
5417,Lipotes vexillifer,Iniidae,0,0,0,100,0,0,0,0,0,0,M,0,0,1,83500
5418,Pontoporia blainvillei,Iniidae,40,0,0,60,0,0,0,0,0,0,M,0,0,1,40500
9991,Crocidura lasiura,Soricidae,50,0,10,0,0,40,0,0,0,0,G,1,0,0,14.8
