ID,Species,Aquaculture,Climate_Change,Conflict,Crops,Dams_Water,Fire,Fishing,Geo_Event,Hunting,Inv_Disease,Livestock,Logging,Other_Develop,Plantations,Pollution,Rec_Work
1,Abrocoma boliviensis,0,0,0,0,0,1,0,0,0,0,1,0,1,0,0,0
2,Acerodon celebensis,0,0,0,2,0,0,0,0,3,0,0,0,0,2,0,0
3,Acerodon humilis,0,0,0,0,0,0,0,0,1,0,0,1,0,0,0,0
4,Acerodon jubatus,0,0,0,1,0,0,0,0,1,0,0,1,1,0,0,1
5,Acerodon leucotis,0,0,0,2,0,0,0,0,2,0,2,2,2,0,0,0
6,Acerodon mackloti,0,0,0,0,0,0,0,0,1,0,0,1,0,0,0,0
7,Acinonyx jubatus,0,2,2,2,2,1,0,0,2,1,2,1,2,0,0,1
8,Acomys cahirinus,0,0,0,0,0,0,0,0,0,0,0,0,0,0,0,0
9,Acomys cilicicus,0,0,0,0,0,0,0,0,0,0,0,0,0,0,0,0
10,Acomys cineraceus,0,0,0,0,0,0,0,0,0,0,0,0,0,0,0,0
11,Acomys ignitus,0,0,0,0,0,0,0,0,0,0,0,0,0,0,0,0
12,Acomys kempi,0,0,0,0,0,0,0,0,0,0,0,0,0,0,0,0
13,Acomys louisae,0,0,0,0,0,0,0,0,0,0,0,0,0,0,0,0
14,Acomys minous,0,0,0,0,0,0,0,0,0,0,0,0,0,0,0,0
15,Acomys mullah,0,0,0,0,0,0,0,0,0,0,0,0,0,0,0,0
16,Acomys nesiotes,0,0,0,0,0,0,0,0,0,0,0,0,1,0,0,0
17,Acomys percivali,0,0,0,0,0,0,0,0,0,0,0,0,0,0,0,0
18,Acomys russatus,0,0,0,0,0,0,0,0,0,0,0,0,0,0,0,0
19,Acomys subspinosus,0,1,0,2,0,1,0,0,0,1,0,0,0,0,0,0
20,Acomys wilsoni,0,0,0,0,0,0,0,0,0,0,0,0,0,0,0,0
21,Aconaemys fuscus,0,0,0,0,0,0,0,0,0,0,2,0,0,0,0,0
22,Aconaemys sagei,0,0,0,0,0,0,0,0,0,0,0,1,0,0,0,0
23,Addax nasomaculatus,0,1,0,0,0,0,0,0,3,0,2,0,1,0,0,0
24,Handleyomys fuscatus,0,0,0,0,0,0,0,0,0,0,0,0,0,0,0,0
25,Aepeomys lugens,0,0,0,0,0,0,0,0,0,0,0,0,0,0,0,0
26,Aepyceros melampus,0,1,0,0,0,0,0,0,1,0,1,0,0,0,0,0
27,Aeretes melanopterus,0,0,0,0,0,0,0,0,1,0,0,1,0,0,0,0
28,Aeromys tephromelas,0,0,0,0,0,0,0,0,0,0,0,0,0,0,0,0
29,Aeromys thomasi,0,0,0,0,0,0,0,0,0,0,0,0,0,0,0,0
30,Aethalops alecto,0,2,0,2,0,0,0,0,0,0,0,0,2,1,0,0
31,Aethomys silindensis,0,0,0,0,0,0,0,0,0,0,0,0,0,0,0,0
32,Aethomys bocagei,0,0,0,0,0,0,0,0,0,0,0,0,0,0,0,0
33,Aethomys chrysophilus,0,0,0,0,0,0,0,0,0,0,0,0,0,0,0,0
34,Micaelamys granti,0,1,0,1,0,0,0,0,0,0,0,0,0,0,0,0
35,Aethomys hindei,0,0,0,0,0,0,0,0,0,0,0,0,0,0,0,0
36,Aethomys kaiseri,0,0,0,0,0,0,0,0,0,0,0,0,0,0,0,0
37,Micaelamys namaquensis,0,0,0,0,0,0,0,0,0,0,0,0,0,0,0,0
38,Aethomys nyikae,0,0,0,0,0,0,0,0,0,0,0,0,0,0,0,0
39,Aethomys stannarius,0,0,0,0,0,0,0,0,0,0,0,0,0,0,0,0
40,Aethomys thomasi,0,0,0,0,0,0,0,0,0,0,0,0,0,0,0,0
41,Cuniculus paca,0,0,0,0,0,0,0,0,1,0,0,0,0,0,0,0
42,Cuniculus taczanowskii,0,0,0,0,0,0,0,0,1,0,0,0,0,0,0,0
43,Ailuropoda melanoleuca,0,0,0,1,1,0,0,1,1,0,0,1,1,1,0,1
44,Ailurus fulgens,0,0,0,2,0,1,0,0,1,0,1,1,1,1,0,1
45,Akodon aerosus,0,0,0,0,0,0,0,0,0,0,0,0,0,0,0,0
46,Akodon affinis,0,0,0,0,0,0,0,0,0,0,0,0,0,0,0,0
47,Akodon albiventer,0,0,0,0,0,0,0,0,0,0,0,0,0,0,0,0
48,Akodon azarae,0,0,0,0,0,0,0,0,0,0,0,0,0,0,0,0
49,Neomicroxus bogotensis,0,0,0,0,0,0,0,0,0,0,0,1,0,0,0,0
50,Akodon boliviensis,0,0,0,0,0,0,0,0,0,0,0,0,0,0,0,0
51,Akodon budini,0,0,0,0,0,0,0,0,0,0,0,0,0,0,0,0
52,Akodon cursor,0,0,0,0,0,0,0,0,0,0,0,0,0,0,0,0
53,Akodon dayi,0,0,0,0,0,0,0,0,0,0,0,0,0,0,0,0
54,Akodon fumeus,0,0,0,0,0,0,0,0,0,0,0,0,0,0,0,0
55,Abrothrix illutea,0,0,0,0,0,1,0,0,0,0,1,1,0,0,0,0
56,Akodon iniscatus,0,0,0,0,0,0,0,0,0,0,0,0,0,0,0,0
57,Akodon juninensis,0,0,0,0,0,0,0,0,0,0,0,0,0,0,0,0
58,Deltamys kempi,0,0,0,1,0,0,0,0,0,0,0,0,1,0,0,0
59,Akodon kofordi,0,0,0,0,0,0,0,0,0,0,0,0,0,0,0,0
60,Abrothrix lanosus,0,0,0,0,0,0,0,0,0,0,0,0,0,0,0,0
61,Neomicroxus latebricola,0,0,0,3,0,0,0,0,0,0,0,3,0,0,0,0
62,Akodon lindberghi,0,0,0,0,0,0,0,0,0,0,0,0,0,0,0,0
63,Abrothrix longipilis,0,0,0,0,0,0,0,0,0,0,0,0,0,0,0,0
64,Akodon mimus,0,0,0,0,0,0,0,0,0,0,0,0,0,0,0,0
65,Akodon molinae,0,0,0,0,0,0,0,0,0,0,0,0,0,0,0,0
66,Akodon mollis,0,0,0,0,0,0,0,0,0,0,0,0,0,0,0,0
67,Thaptomys nigrita,0,0,0,0,0,0,0,0,0,0,0,0,0,0,0,0
68,Abrothrix olivaceus,0,0,0,0,0,0,0,0,0,0,0,0,0,0,0,0
69,Akodon orophilus,0,0,0,0,0,0,0,0,0,0,0,0,0,0,0,0
70,Akodon lutescens,0,0,0,0,0,0,0,0,0,0,0,0,0,0,0,0
71,Abrothrix sanborni,0,0,0,0,0,0,0,0,0,0,0,1,0,0,0,0
72,Akodon sanctipaulensis,0,0,0,1,0,0,0,0,0,0,0,0,0,0,0,0
73,Akodon serrensis,0,0,0,0,0,0,0,0,0,0,0,0,0,0,0,0
74,Akodon siberiae,0,0,0,0,0,0,0,0,0,0,1,0,1,0,0,0
75,Akodon simulator,0,0,0,0,0,0,0,0,0,0,0,0,0,0,0,0
76,Akodon subfuscus,0,0,0,0,0,0,0,0,0,0,0,0,0,0,0,0
77,Akodon surdus,0,0,0,1,0,0,0,0,0,0,1,1,0,0,0,0
78,Akodon sylvanus,0,0,0,0,0,0,0,0,0,0,0,0,0,0,0,0
79,Akodon toba,0,0,0,0,0,0,0,0,0,0,0,0,0,0,0,0
80,Akodon torques,0,0,0,0,0,0,0,0,0,0,0,0,0,0,0,0
81,Necromys urichi,0,0,0,0,0,0,0,0,0,0,0,0,0,0,0,0
82,Akodon varius,0,0,0,0,0,0,0,0,0,0,0,0,0,0,0,0
83,Alcelaphus buselaphus,0,1,0,1,0,0,0,0,1,1,1,0,1,0,0,0
84,Alionycteris paucidentata,0,0,0,0,0,0,0,0,0,0,0,0,0,0,0,0
85,Allactaga tetradactyla,0,0,0,0,0,0,0,0,0,0,0,0,0,0,0,0
86,Allactaga balikunica,0,0,0,0,0,0,0,0,0,0,0,0,0,0,0,0
87,Allactaga bullata,0,0,0,0,0,0,0,0,0,0,0,0,0,0,0,0
88,Scarturus euphratica,0,0,0,1,0,0,0,0,1,0,0,0,0,0,0,0
89,Allactaga firouzi,0,0,0,0,0,0,0,0,0,0,1,0,1,0,0,0
90,Allactaga hotsoni,0,0,0,0,0,0,0,0,0,0,0,0,0,0,0,0
91,Allactaga major,0,0,0,1,0,0,0,0,0,0,0,0,1,0,0,0
92,Allactaga severtzovi,0,0,0,0,0,0,0,0,0,0,0,0,0,0,0,0
93,Allactaga sibirica,0,0,0,0,0,0,0,0,0,0,0,0,0,0,0,0
94,Scarturus vinogradovi,0,0,0,1,0,0,0,0,0,0,0,0,0,0,0,0
95,Allactodipus bobrinskii,0,0,0,0,0,0,0,0,0,0,0,0,0,0,0,0
96,Allenopithecus nigroviridis,0,0,0,0,0,0,0,0,1,0,0,1,0,0,0,0
97,Allocebus trichotis,0,0,0,0,0,0,0,0,0,0,0,0,0,0,0,0
98,Allocricetulus eversmanni,0,0,0,0,0,0,0,0,0,0,0,0,0,0,0,0
99,Vulpes lagopus,0,0,0,0,0,0,0,0,1,1,0,0,0,0,1,0
100,Alouatta pigra,0,1,0,1,0,0,0,0,1,0,1,1,1,0,0,0
101,Alouatta ululata,0,0,0,1,0,0,0,0,1,0,1,1,1,0,0,0
102,Alouatta juara,0,0,0,0,0,0,0,0,1,0,0,1,1,0,0,0
103,Alticola albicaudus,0,0,0,0,0,0,0,0,0,0,0,0,0,0,0,0
104,Alticola argentatus,0,0,0,0,0,0,0,0,0,0,0,0,0,0,0,0
105,Alticola barakshin,0,0,0,0,0,0,0,0,0,0,0,0,0,0,0,0
106,Alticola lemminus,0,0,0,0,0,0,0,0,0,0,0,0,0,0,0,0
107,Alticola macrotis,0,0,0,0,0,0,0,0,0,0,0,0,0,0,0,0
108,Alticola montosa,0,0,0,0,0,0,0,0,0,0,0,0,0,0,0,0
109,Alticola roylei,0,0,0,0,0,0,0,0,0,0,1,0,1,0,0,1
110,Alticola semicanus,0,0,0,0,0,0,0,0,0,0,0,0,0,0,0,0
111,Alticola stoliczkanus,0,0,0,0,0,0,0,0,0,0,0,0,0,0,0,0
112,Alticola strelzowi,0,0,0,0,0,0,0,0,0,0,0,0,0,0,0,0
113,Alticola tuvinicus,0,0,0,0,0,0,0,0,0,0,0,0,0,0,0,0
114,Neamblysomus gunningi,0,0,0,2,0,0,0,0,1,0,1,1,1,1,0,0
115,Neamblysomus julianae,0,0,0,1,0,0,0,0,0,0,1,0,2,0,0,0
116,Ametrida centurio,0,0,0,0,0,0,0,0,0,0,0,0,0,0,0,0
117,Ammodillus imbellis,0,0,0,0,0,0,0,0,0,0,0,0,0,0,0,0
118,Ammodorcas clarkei,0,2,1,0,0,0,0,0,2,0,2,1,0,0,0,0
119,Ammospermophilus nelsoni,0,0,0,1,0,0,0,0,1,0,0,0,1,0,0,0
120,Ammotragus lervia,0,1,0,1,0,0,0,0,1,1,1,1,0,0,0,0
121,Amorphochilus schnablii,0,0,0,0,0,2,0,0,0,0,0,0,0,0,0,0
122,Andalgalomys olrogi,0,0,0,0,0,0,0,0,0,0,0,0,0,0,0,0
123,Andalgalomys pearsoni,0,0,0,0,0,0,0,0,0,0,0,0,0,0,0,0
124,Andinomys edax,0,0,0,0,0,0,0,0,0,0,0,0,0,0,0,0
125,Anisomys imitator,0,0,0,0,0,0,0,0,0,1,0,0,0,0,0,0
126,Anomalurus derbianus,0,0,0,0,0,0,0,0,0,0,0,0,0,0,0,0
127,Anomalurus pelii,0,0,0,1,0,0,0,0,1,0,0,1,0,0,0,0
128,Anomalurus pusillus,0,0,0,0,0,0,0,0,0,0,0,0,0,0,0,0
129,Anonymomys mindorensis,0,0,0,0,0,0,0,0,0,0,0,0,0,0,0,0
130,Anotomys leander,0,0,0,0,0,0,0,0,0,0,0,0,0,0,1,0
131,Anoura cultrata,0,0,0,0,0,0,0,0,0,0,0,0,0,0,0,0
132,Anoura latidens,0,0,0,0,0,0,0,0,0,0,0,0,0,0,0,0
133,Anoura luismanueli,0,0,0,1,0,0,0,0,0,0,0,0,0,0,0,0
134,Antechinomys laniger,0,0,0,0,0,1,0,0,0,0,1,0,0,0,0,0
135,Antechinus godmani,0,0,0,0,0,0,0,0,0,0,0,1,0,0,0,0
136,Antechinus leo,0,0,0,0,0,0,0,0,0,0,0,0,0,0,0,0
137,Murexia naso,0,0,0,0,0,0,0,0,0,0,0,0,0,0,0,0
138,Murexia habbema,0,0,0,0,0,0,0,0,0,0,0,0,0,0,0,0
139,Antechinus agilis,0,0,0,0,0,0,0,0,0,0,0,0,0,0,0,0
140,Murexia melanurus,0,0,0,0,0,0,0,0,0,0,0,0,0,0,0,0
141,Anthops ornatus,0,0,0,2,0,0,0,0,0,0,0,0,0,2,0,0
142,Antidorcas marsupialis,0,0,0,0,0,0,0,0,0,0,0,0,0,0,0,0
143,Antilocapra americana,0,0,0,0,0,0,0,0,1,0,1,0,1,0,0,0
144,Antilope cervicapra,0,0,0,0,0,0,0,0,1,0,2,0,0,0,0,0
145,Bauerus dubiaquercus,0,0,0,1,0,0,0,0,0,0,0,1,0,0,0,0
146,Antrozous pallidus,0,0,0,0,0,0,0,0,1,0,0,0,0,0,0,1
147,Aonyx capensis,0,2,0,2,2,0,1,0,3,1,1,0,3,0,2,0
148,Aonyx congicus,0,0,0,2,0,0,0,0,2,0,0,0,2,2,1,0
149,Aotus miconax,0,0,0,1,0,0,0,0,1,0,0,1,1,0,0,0
150,Aotus griseimembra,0,0,1,1,0,0,0,0,1,0,1,1,1,0,0,0
151,Aotus lemurinus,0,0,1,1,0,0,0,0,0,0,1,1,1,0,0,0
152,Aplodontia rufa,0,0,0,0,0,0,0,0,0,0,0,0,0,0,0,0
153,Apodemus agrarius,0,0,0,0,0,0,0,0,0,0,0,0,0,0,0,0
154,Apodemus chevrieri,0,0,0,0,0,0,0,0,0,0,0,0,0,0,0,0
155,Apodemus draco,0,0,0,0,0,0,0,0,0,0,0,0,0,0,0,0
156,Apodemus flavicollis,0,0,0,0,0,0,0,0,0,0,0,0,0,0,0,0
157,Apodemus gurkha,0,0,0,1,0,0,0,0,1,0,0,0,0,0,0,0
158,Apodemus hyrcanicus,0,0,0,1,0,0,0,0,0,0,0,0,0,0,0,0
159,Apodemus latronum,0,0,0,0,0,0,0,0,0,0,0,0,0,0,0,0
160,Apodemus mystacinus,0,0,0,0,0,0,0,0,0,0,0,0,0,0,0,0
161,Apodemus peninsulae,0,0,0,0,0,0,0,0,0,0,0,0,0,0,0,0
162,Apodemus ponticus,0,0,0,0,0,0,0,0,0,0,0,0,0,0,0,0
163,Apodemus rusiges,0,0,0,0,0,0,0,0,0,0,0,0,0,0,0,0
164,Apodemus semotus,0,0,0,0,0,0,0,0,0,0,0,0,0,0,0,0
165,Apodemus speciosus,0,0,0,0,0,0,0,0,0,0,0,0,0,0,0,0
166,Apodemus sylvaticus,0,0,0,0,0,0,0,0,0,0,0,0,0,0,0,0
167,Apodemus uralensis,0,0,0,0,0,0,0,0,0,0,0,0,0,0,0,0
168,Apodemus pallipes,0,0,0,0,0,0,0,0,0,0,0,0,0,0,0,0
169,Apodemus alpicola,0,0,0,0,0,0,0,0,0,0,0,0,0,0,0,0
170,Apomys datae,0,0,0,0,0,0,0,0,0,0,0,0,0,0,0,0
171,Apomys hylocetes,0,0,0,0,0,0,0,0,0,0,0,0,0,0,0,0
172,Apomys insignis,0,0,0,0,0,0,0,0,0,0,0,0,0,0,0,0
173,Apomys littoralis,0,0,0,0,0,0,0,0,0,0,0,0,0,0,0,0
174,Apomys microdon,0,0,0,0,0,0,0,0,0,0,0,0,0,0,0,0
175,Apomys musculus,0,0,0,0,0,0,0,0,0,0,0,1,1,0,0,0
176,Apomys sacobianus,0,0,0,0,0,0,0,0,0,0,0,0,0,0,0,0
177,Apomys gracilirostris,0,0,0,0,0,0,0,0,0,0,0,0,0,0,0,0
178,Aproteles bulmerae,0,0,0,0,0,1,0,0,1,0,0,0,0,0,0,1
179,Arborimus albipes,0,0,0,0,0,0,0,0,0,0,0,0,0,0,0,0
180,Arborimus pomo,0,0,0,0,0,0,0,0,0,0,0,1,1,0,0,0
181,Archboldomys luzonensis,0,0,0,0,0,0,0,0,0,0,0,0,0,0,0,0
182,Arctocebus aureus,0,0,0,1,0,0,0,0,0,0,1,1,0,0,0,0
183,Arctocebus calabarensis,0,0,0,2,0,1,0,0,1,0,0,0,2,2,0,0
184,Arctocephalus australis,0,1,0,0,0,0,1,0,0,1,0,0,0,0,1,1
185,Arctocephalus galapagoensis,0,3,0,0,0,0,1,0,0,0,0,0,0,0,1,0
186,Arctocephalus gazella,0,1,0,0,0,0,1,0,0,0,0,0,0,0,0,0
187,Arctocephalus philippii,0,0,0,0,0,0,1,0,0,0,0,0,0,0,1,0
188,Arctocephalus pusillus,0,2,0,0,0,0,1,0,0,1,0,0,0,0,0,1
189,Arctocephalus townsendi,0,0,0,0,0,0,1,0,0,1,0,0,1,0,1,0
190,Arctocephalus tropicalis,0,0,0,0,0,0,1,0,0,0,0,0,0,0,0,0
191,Ardops nichollsi,0,1,0,0,0,0,0,0,0,0,0,0,0,0,0,0
192,Ariteus flavescens,0,1,0,0,0,0,0,0,0,0,0,0,0,0,0,0
193,Artibeus amplus,0,0,0,0,0,0,0,0,0,0,0,1,0,0,0,1
194,Dermanura anderseni,0,0,0,0,0,0,0,0,0,0,0,0,0,0,0,0
195,Dermanura azteca,0,0,0,0,0,0,0,0,0,0,0,0,0,0,0,0
196,Dermanura cinerea,0,0,0,0,0,0,0,0,0,0,0,0,0,0,0,0
197,Artibeus concolor,0,0,0,0,0,0,0,0,0,0,0,0,0,0,0,0
198,Artibeus fimbriatus,0,0,0,0,0,0,0,0,0,0,0,0,0,0,0,0
199,Artibeus fraterculus,0,0,0,0,0,0,0,0,0,0,0,0,0,0,0,0
200,Dermanura gnoma,0,0,0,0,0,0,0,0,0,0,0,0,0,0,0,0
201,Enchisthenes hartii,0,0,0,0,0,0,0,0,0,0,0,0,0,0,0,0
202,Artibeus hirsutus,0,0,0,1,0,0,0,0,0,0,0,1,0,0,0,0
203,Artibeus inopinatus,0,0,0,0,0,0,0,0,0,0,0,0,0,0,0,0
204,Artibeus lituratus,0,0,0,0,0,0,0,0,0,0,0,0,0,0,0,0
205,Artibeus obscurus,0,0,0,0,0,0,0,0,0,0,0,0,0,0,0,0
206,Artibeus planirostris,0,0,0,0,0,0,0,0,0,0,0,0,0,0,0,0
207,Dermanura tolteca,0,0,0,0,0,0,0,0,0,0,0,0,0,0,0,0
208,Arvicanthis abyssinicus,0,0,0,0,0,0,0,0,0,0,0,0,0,0,0,0
209,Arvicanthis blicki,0,0,0,0,0,0,0,0,0,0,0,0,0,0,0,0
210,Arvicanthis nairobae,0,0,0,0,0,0,0,0,0,0,0,0,0,0,0,0
211,Arvicanthis niloticus,0,0,0,0,0,0,0,0,0,0,0,0,0,0,0,0
212,Arvicanthis neumanni,0,0,0,0,0,0,0,0,0,0,0,0,0,0,0,0
213,Arvicola sapidus,0,1,0,1,1,0,0,0,1,1,1,0,1,1,1,1
214,Asellia patrizii,0,0,0,0,0,0,0,0,0,0,0,0,0,0,0,0
215,Aselliscus tricuspidatus,0,0,0,1,0,0,0,0,0,0,0,1,0,1,0,0
216,Atelerix frontalis,0,0,0,0,0,0,0,0,0,0,0,0,0,0,0,0
217,Atelerix sclateri,0,0,0,0,0,0,0,0,0,0,0,0,0,0,0,0
218,Ateles belzebuth,0,0,0,1,1,0,0,0,1,0,1,1,1,0,0,0
219,Ateles geoffroyi,0,0,0,1,0,1,0,0,1,0,1,1,0,0,0,0
220,Ateles marginatus,0,0,0,1,0,0,0,0,1,0,1,1,1,0,0,0
221,Ateles paniscus,0,0,0,1,0,0,0,0,1,0,0,1,0,0,0,0
222,Atherurus africanus,0,0,0,0,0,0,0,0,1,0,0,0,0,0,0,0
223,Atherurus macrourus,0,0,0,1,0,0,0,0,0,0,0,1,0,0,0,0
224,Atlantoxerus getulus,0,0,0,0,0,0,0,0,0,0,0,0,0,0,0,0
225,Auliscomys boliviensis,0,0,0,0,0,0,0,0,0,0,0,0,0,0,0,0
226,Loxodontomys micropus,0,0,0,0,0,0,0,0,0,0,0,0,0,0,0,0
227,Auliscomys pictus,0,0,0,0,0,0,0,0,0,0,0,0,0,0,0,0
228,Auliscomys sublimis,0,0,0,0,0,0,0,0,0,0,0,0,0,0,0,0
229,Avahi laniger,0,0,0,0,0,0,0,0,1,0,0,0,0,0,0,0
230,Avahi occidentalis,0,0,0,0,0,1,0,0,1,0,1,0,0,0,0,0
231,Axis calamianensis,0,0,0,1,0,0,0,0,1,0,0,0,1,0,0,0
232,Axis kuhlii,0,0,0,0,0,0,0,0,0,1,0,0,1,0,0,0
233,Babyrousa babyrussa,0,0,0,1,0,0,0,0,1,1,0,1,0,0,0,0
234,Baiomys musculus,0,0,0,0,0,0,0,0,0,0,0,0,0,0,0,0
235,Baiomys taylori,0,0,0,0,0,0,0,0,0,0,0,0,0,0,0,0
236,Balaena mysticetus,0,1,0,0,0,0,1,0,0,0,0,0,1,0,1,0
237,Balaenoptera acutorostrata,0,0,0,0,0,0,1,0,0,0,0,0,0,0,0,0
238,Balaenoptera borealis,0,0,0,0,0,0,1,0,0,0,0,0,1,0,0,0
239,Balaenoptera edeni,0,0,0,0,0,0,0,0,0,0,0,0,1,0,1,0
240,Balaenoptera musculus,0,1,0,0,0,0,2,0,0,0,0,0,0,0,0,0
241,Balaenoptera physalus,0,0,0,0,0,0,1,0,0,0,0,0,1,0,0,0
242,Balaenoptera bonaerensis,0,0,0,0,0,0,1,0,0,0,0,0,0,0,0,0
243,Balantiopteryx infusca,0,0,0,1,0,0,0,0,0,0,0,1,0,0,0,0
244,Balantiopteryx io,0,0,0,0,0,0,0,0,0,0,0,0,1,0,0,1
245,Balantiopteryx plicata,0,0,0,0,0,1,0,0,0,0,0,0,1,0,0,1
246,Bandicota bengalensis,0,0,0,0,0,0,0,0,0,0,0,0,0,0,0,0
247,Bandicota indica,0,0,0,0,0,0,0,0,0,0,0,0,0,0,0,0
248,Bandicota savilei,0,0,0,0,0,0,0,0,0,0,0,0,0,0,0,0
249,Barbastella barbastellus,0,0,0,0,0,0,0,0,0,0,0,1,1,0,0,1
250,Bassariscus sumichrasti,0,0,0,0,0,0,0,0,1,0,0,2,0,0,0,0
251,Bathyergus janetta,0,0,0,0,0,0,0,0,0,0,0,0,0,0,0,0
252,Bathyergus suillus,0,0,0,1,0,0,0,0,1,0,0,0,1,0,0,0
253,Batomys dentatus,0,0,0,0,0,0,0,0,0,0,0,0,0,0,0,0
254,Batomys salomonseni,0,0,0,0,0,0,0,0,0,0,0,0,0,0,0,0
255,Bdeogale jacksoni,0,0,0,0,0,0,0,0,0,0,0,1,0,0,0,0
256,Beamys hindei,0,0,0,0,0,0,0,0,0,0,0,0,0,0,0,0
257,Belomys pearsonii,0,0,0,1,0,0,0,0,1,0,0,1,1,1,0,0
258,Berardius arnuxii,0,0,0,0,0,0,0,0,0,1,0,0,0,0,1,0
259,Berardius bairdii,0,0,0,0,0,0,1,0,0,0,0,0,0,0,1,0
260,Berylmys berdmorei,0,0,0,0,0,0,0,0,0,0,0,0,0,0,0,0
261,Berylmys bowersi,0,0,0,0,0,0,0,0,0,0,0,0,0,0,0,0
262,Berylmys mackenziei,0,0,0,0,0,0,0,0,0,0,0,0,0,0,0,0
263,Berylmys manipulus,0,0,0,1,0,1,0,0,1,0,0,1,0,0,0,0
264,Bettongia gaimardi,0,0,0,1,0,0,0,0,0,2,2,0,0,0,0,0
265,Bettongia lesueur,0,0,0,0,0,0,0,0,0,2,0,0,0,0,0,0
266,Bettongia penicillata,0,0,0,0,0,2,0,0,0,3,0,0,0,0,0,0
267,Bettongia tropica,0,0,0,0,0,1,0,0,0,3,2,0,0,2,0,0
268,Bibimys chacoensis,0,0,0,0,0,0,0,0,0,0,0,0,0,0,0,0
269,Bibimys labiosus,0,0,0,0,0,0,0,0,0,0,0,0,0,0,0,0
270,Bibimys torresi,0,0,0,0,0,0,0,0,0,0,0,0,1,0,0,0
271,Bison bonasus,0,0,0,0,0,0,0,0,1,1,0,0,1,0,0,1
272,Bison bison,0,1,0,1,0,0,0,0,1,1,1,0,1,0,0,0
273,Biswamoyopterus biswasi,0,1,0,1,0,0,0,1,1,0,0,1,0,0,0,0
274,Microtus afghanus,0,0,0,0,0,0,0,0,0,0,0,0,0,0,0,0
275,Microtus bucharensis,0,0,0,0,0,0,0,0,0,0,0,0,0,0,0,0
276,Blarinella wardi,0,0,0,0,0,0,0,0,0,0,0,0,0,0,0,0
277,Blarinomys breviceps,0,0,0,0,0,0,0,0,0,0,0,0,0,0,0,0
278,Blastocerus dichotomus,0,1,0,1,1,1,0,0,1,1,1,0,1,1,1,1
279,Necromys amoenus,0,0,0,0,0,0,0,0,0,0,0,0,0,0,0,0
280,Necromys lactens,0,0,0,0,0,0,0,0,0,0,0,0,0,0,0,0
281,Necromys lasiurus,0,0,0,0,0,0,0,0,0,0,0,0,0,0,0,0
282,Necromys obscurus,0,0,0,2,0,0,0,0,0,0,0,0,0,0,0,0
283,Necromys punctulatus,0,0,0,0,0,0,0,0,0,0,0,0,0,0,0,0
284,Necromys temchuki,0,0,0,0,0,0,0,0,0,0,0,0,0,0,0,0
285,Boromys offella,0,0,0,0,0,0,0,0,0,0,0,0,0,0,0,0
286,Boromys torrei,0,0,0,0,0,0,0,0,0,0,0,0,0,0,0,0
287,Bos javanicus,0,0,0,3,0,0,0,0,3,1,1,3,2,3,0,0
288,Bos sauveli,0,0,0,2,0,0,0,0,2,1,0,2,2,3,0,0
289,Bos gaurus,0,0,0,1,0,0,0,0,1,1,1,1,1,0,0,0
290,Bos mutus,0,0,0,0,0,0,0,0,1,1,2,0,2,0,0,1
291,Boselaphus tragocamelus,0,0,0,0,0,0,0,0,0,0,0,0,0,0,0,0
292,Brachiones przewalskii,0,0,0,0,0,0,0,0,0,0,0,0,0,0,0,0
293,Brachylagus idahoensis,0,1,0,1,0,1,0,0,1,1,1,0,1,0,0,0
294,Brachyphylla cavernarum,0,0,0,0,0,0,0,0,0,0,0,0,0,0,0,0
295,Brachyphylla nana,0,0,0,0,0,0,0,0,0,0,0,0,0,0,0,1
296,Brachytarsomys albicauda,0,0,0,1,0,1,0,0,1,1,0,1,0,0,0,0
297,Brachyteles arachnoides,0,0,0,1,1,0,0,0,1,0,1,1,1,1,0,1
298,Brachyteles hypoxanthus,0,0,0,1,0,1,0,0,1,0,1,1,0,1,0,1
299,Brachyuromys betsileoensis,0,0,0,1,0,1,0,0,0,1,0,1,0,0,0,0
300,Brachyuromys ramirohitra,0,0,0,1,0,1,0,0,0,1,0,1,0,0,0,0
301,Bradypus torquatus,0,0,0,0,0,0,0,0,0,0,0,0,0,0,0,0
302,Bradypus tridactylus,0,0,0,0,0,0,0,0,0,0,0,0,0,0,0,0
303,Bradypus variegatus,0,0,0,1,0,1,0,0,0,0,1,0,1,0,0,0
304,Brotomys voratus,0,0,0,0,0,0,0,0,0,0,0,0,0,0,0,0
305,Bubalus depressicornis,0,0,0,1,1,0,0,0,2,0,1,1,1,0,0,0
306,Bubalus mindorensis,0,0,0,1,0,1,0,0,1,1,1,0,1,0,0,0
307,Bubalus quarlesi,0,0,0,1,0,0,0,0,2,0,1,0,1,0,0,0
308,Bubalus arnee,0,0,0,1,0,0,0,0,1,1,1,1,1,0,0,0
309,Budorcas taxicolor,0,0,0,1,0,1,0,0,1,1,1,1,1,0,0,1
310,Bullimus bagobus,0,0,0,0,0,0,0,0,0,0,0,0,0,0,0,0
311,Bullimus luzonicus,0,0,0,0,0,0,0,0,0,0,0,0,0,0,0,0
312,Bunolagus monticularis,0,1,0,2,0,0,0,0,2,2,2,0,2,0,0,0
313,Bunomys andrewsi,0,0,0,1,0,0,0,0,0,0,0,1,1,0,0,0
314,Bunomys chrysocomus,0,0,0,0,0,0,0,0,0,0,0,0,0,0,0,0
315,Bunomys coelestis,0,0,0,1,0,0,0,0,0,1,0,1,0,0,0,0
316,Bunomys fratrorum,0,0,0,1,0,0,0,0,1,0,0,1,1,0,0,0
317,Bunomys penitus,0,0,0,1,0,0,0,0,0,0,0,1,0,0,0,0
318,Bunomys prolatus,0,0,0,0,0,0,0,0,0,0,0,0,0,0,0,0
319,Burramys parvus,0,1,0,0,1,1,0,0,0,0,0,0,1,0,0,0
320,Cabassous centralis,0,0,0,0,0,0,0,0,0,0,0,0,1,0,0,0
321,Cabassous chacoensis,0,0,0,2,0,0,0,0,2,0,2,0,0,0,0,0
322,Cabassous tatouay,0,0,0,2,0,0,0,0,2,0,2,0,0,0,0,0
323,Cabassous unicinctus,0,0,0,2,0,0,0,0,2,0,2,0,0,2,0,0
324,Cacajao calvus,0,0,0,1,0,0,0,0,1,0,0,1,0,0,0,0
325,Calcochloris obtusirostris,0,0,0,1,0,0,0,0,0,0,0,0,1,1,0,0
326,Plecturocebus dubius,0,0,0,0,0,0,0,0,0,0,0,0,0,0,0,0
327,Plecturocebus oenanthe,0,0,0,1,0,0,0,0,1,0,1,1,1,0,0,0
328,Plecturocebus olallae,0,0,0,1,0,1,0,0,1,0,1,0,1,0,0,0
329,Callicebus personatus,0,0,0,1,0,0,0,0,0,0,1,1,1,0,0,0
330,Callimico goeldii,0,0,0,1,0,0,0,0,0,0,1,1,1,0,0,0
331,Callithrix aurita,0,0,0,0,0,0,0,0,0,1,0,1,1,0,0,0
332,Callithrix flaviceps,0,0,0,1,0,0,0,0,1,1,1,1,1,1,0,0
333,Callithrix geoffroyi,0,0,0,1,0,0,0,0,0,0,1,1,1,1,0,0
334,Callithrix kuhlii,0,0,0,1,0,0,0,0,0,1,1,1,1,0,0,0
335,Callorhinus ursinus,0,1,0,0,0,0,2,0,0,0,0,0,0,0,1,0
336,Callosciurus adamsi,0,0,0,1,0,0,0,0,1,0,0,1,0,1,0,0
337,Callosciurus albescens,0,0,0,0,0,0,0,0,0,0,0,0,0,0,0,0
338,Callosciurus baluensis,0,0,0,1,0,0,0,0,1,0,0,0,0,0,0,0
339,Callosciurus caniceps,0,0,0,0,0,0,0,0,0,0,0,0,0,0,0,0
340,Callosciurus erythraeus,0,0,0,0,0,0,0,0,0,0,0,0,0,0,0,0
341,Callosciurus finlaysonii,0,0,0,0,0,0,0,0,0,0,0,0,0,0,0,0
342,Callosciurus inornatus,0,0,0,0,0,0,0,0,0,0,0,0,0,0,0,0
343,Callosciurus melanogaster,0,0,0,0,0,0,0,0,0,0,0,0,0,0,0,0
344,Callosciurus nigrovittatus,0,0,0,0,0,0,0,0,0,0,0,0,0,0,0,0
345,Callosciurus notatus,0,0,0,0,0,0,0,0,0,0,0,0,0,0,0,0
346,Callosciurus orestes,0,0,0,0,0,0,0,0,0,0,0,0,0,0,0,0
347,Callosciurus phayrei,0,0,0,0,0,0,0,0,0,0,0,0,0,0,0,0
348,Callosciurus prevostii,0,0,0,1,0,0,0,0,1,0,0,1,0,1,0,0
349,Callosciurus pygerythrus,0,0,0,0,0,0,0,0,0,0,0,0,0,0,0,0
350,Callosciurus quinquestriatus,0,0,0,0,0,0,0,0,0,0,0,0,0,0,0,0
351,Calomys boliviae,0,0,0,0,0,0,0,0,0,0,0,0,0,0,0,0
352,Calomys callidus,0,0,0,0,0,0,0,0,0,0,0,0,0,0,0,0
353,Calomys callosus,0,0,0,0,0,0,0,0,0,0,0,0,0,0,0,0
354,Calomys hummelincki,0,0,0,0,0,1,0,0,0,0,1,0,0,1,0,0
355,Calomys laucha,0,0,0,0,0,0,0,0,0,0,0,0,0,0,0,0
356,Calomys lepidus,0,0,0,0,0,0,0,0,0,0,0,0,0,0,0,0
357,Calomys musculinus,0,0,0,0,0,0,0,0,0,0,0,0,0,0,0,0
358,Calomys sorellus,0,0,0,0,0,0,0,0,0,0,0,0,0,0,0,0
359,Calomys tener,0,0,0,0,0,0,0,0,0,0,0,0,0,0,0,0
360,Calomyscus bailwardi,0,0,0,0,0,0,0,0,0,0,0,0,0,0,0,0
361,Calomyscus baluchi,0,0,0,0,0,0,0,0,0,0,0,0,0,0,0,0
362,Calomyscus hotsoni,0,0,0,0,0,0,0,0,0,0,0,0,0,0,0,0
363,Calomyscus mystax,0,0,0,0,0,0,0,0,0,0,0,0,0,0,0,0
364,Calomyscus tsolovi,0,0,0,0,0,0,0,0,0,0,0,0,0,0,0,0
365,Calomyscus urartensis,0,0,0,0,0,0,0,0,0,0,0,0,0,0,0,0
366,Caloprymnus campestris,0,0,0,0,0,0,0,0,0,0,0,0,0,0,0,0
367,Caluromys lanatus,0,0,0,0,0,0,0,0,0,0,0,0,0,0,0,0
368,Caluromys philander,0,0,0,0,0,0,0,0,0,0,0,0,0,0,0,0
369,Caluromys derbianus,0,0,0,0,0,0,0,0,0,0,0,0,0,0,0,0
370,Caluromysiops irrupta,0,0,0,0,0,0,0,0,0,0,0,0,0,0,0,0
371,Canis latrans,0,0,0,0,0,0,0,0,0,0,0,0,0,0,0,0
372,Canis lupus,0,0,0,0,0,0,0,0,1,0,1,0,0,0,0,0
373,Canis rufus,0,0,0,0,0,0,0,0,3,3,0,0,2,0,0,0
374,Canis simensis,0,0,0,1,0,0,0,0,1,1,1,0,1,0,0,0
375,Canis adustus,0,0,0,0,0,0,0,0,1,0,0,0,0,0,0,0
376,Canis mesomelas,0,0,0,0,0,0,0,0,1,0,0,0,0,0,0,0
377,Cannomys badius,0,0,0,1,0,1,0,0,1,0,0,0,0,0,0,0
378,Cansumys canus,0,0,0,0,0,0,0,0,0,0,0,0,0,0,0,0
379,Caperea marginata,0,0,0,0,0,0,0,0,0,0,0,0,0,0,0,0
380,Capra aegagrus,0,0,1,1,0,0,0,0,2,0,1,1,0,0,0,1
381,Capra falconeri,0,0,2,0,0,0,0,0,2,2,2,2,0,0,0,0
382,Capra caucasica,0,1,0,0,0,0,0,0,1,0,1,1,0,0,0,0
383,Capra cylindricornis,0,1,0,0,0,0,0,0,1,0,1,1,0,0,0,0
384,Capra nubiana,0,2,0,0,0,0,0,0,3,1,2,0,2,0,1,1
385,Capra walie,0,0,0,0,0,0,0,0,0,0,0,0,0,0,0,0
386,Capra pyrenaica,0,0,0,1,0,0,0,0,0,1,1,0,0,1,0,1
387,Capricornis swinhoei,0,0,0,1,0,0,0,0,1,1,0,1,1,0,0,0
388,Capricornis crispus,0,0,0,0,0,0,0,0,1,1,0,0,0,0,0,1
389,Capricornis rubidus,0,0,0,1,0,0,0,0,1,0,0,1,0,0,0,0
390,Caprolagus hispidus,0,1,0,1,0,1,0,0,1,1,0,1,1,0,0,0
391,Capromys pilorides,0,0,0,0,0,0,0,0,0,0,0,0,0,0,0,0
392,Caracal caracal,0,0,0,0,0,0,0,0,1,0,0,0,0,0,0,0
393,Cardiocranius paradoxus,0,0,0,0,0,0,0,0,0,0,0,0,0,0,0,0
394,Cardioderma cor,0,0,0,0,0,0,0,0,0,0,0,0,0,0,0,0
395,Carollia brevicauda,0,0,0,0,0,0,0,0,0,0,0,0,0,0,0,0
396,Carollia perspicillata,0,0,0,0,0,0,0,0,0,0,0,0,0,0,0,0
397,Carollia subrufa,0,0,0,0,0,0,0,0,0,0,0,0,0,0,0,0
398,Carpomys phaeurus,0,0,0,0,0,0,0,0,0,0,0,0,0,0,0,0
399,Carpomys melanurus,0,0,0,0,0,0,0,0,0,0,0,0,0,0,0,0
400,Carterodon sulcidens,0,0,0,3,2,0,0,0,0,0,3,0,3,0,0,0
401,Casinycteris argynnis,0,0,0,0,0,0,0,0,0,0,0,0,0,0,0,0
402,Castor canadensis,0,0,0,0,0,0,0,0,0,0,0,0,0,0,0,0
403,Castor fiber,0,0,0,0,1,0,0,0,1,0,0,1,0,0,1,0
404,Catagonus wagneri,0,0,0,1,0,0,0,0,1,1,1,0,0,0,0,0
405,Catopuma badia,0,0,0,1,0,0,0,0,1,0,1,1,1,1,0,0
406,Catopuma temminckii,0,0,0,1,1,0,0,0,1,0,1,1,1,1,0,0
407,Cavia fulgida,0,0,0,0,0,0,0,0,0,0,0,0,0,0,0,0
408,Cavia magna,0,0,0,0,0,0,0,0,0,0,0,0,0,0,0,0
409,Cavia tschudii,0,0,0,0,0,0,0,0,0,0,0,0,0,0,0,0
410,Sapajus xanthosternos,0,0,0,1,0,0,0,0,1,0,1,1,1,1,0,0
411,Cebus cuscinus,0,0,0,0,0,0,0,0,1,0,0,1,0,0,0,0
412,Cebus yuracus,0,0,0,0,0,0,0,0,1,0,0,1,0,0,0,0
413,Cebus aequatorialis,0,0,0,0,0,0,0,0,1,0,0,1,0,0,0,0
414,Cebus cesarae,0,0,0,0,0,0,0,0,1,0,1,0,1,1,0,0
415,Cebus malitiosus,0,0,0,1,0,0,0,0,0,0,0,0,0,0,0,0
416,Cebus trinitatis,0,0,0,1,0,0,0,0,1,0,1,0,1,0,0,0
417,Chrotomys silaceus,0,0,0,0,0,0,0,0,0,0,0,0,0,0,0,0
418,Centronycteris maximiliani,0,0,0,0,0,0,0,0,0,0,0,0,0,0,0,0
419,Centurio senex,0,0,0,0,0,0,0,0,0,0,0,0,0,0,0,0
420,Cephalophus adersi,0,0,0,2,0,0,0,0,2,0,2,2,1,1,0,0
421,Cephalophus callipygus,0,0,0,0,0,0,0,0,2,0,0,0,0,0,0,0
422,Cephalophus dorsalis,0,0,0,0,0,0,0,0,2,0,0,2,1,1,0,0
423,Cephalophus jentinki,0,0,0,0,0,0,0,0,2,0,0,1,1,0,0,0
424,Cephalophus leucogaster,0,0,0,0,0,0,0,0,2,0,0,0,0,0,0,0
425,Philantomba maxwellii,0,0,0,0,0,0,0,0,2,0,0,0,2,0,0,0
426,Philantomba monticola,0,0,0,0,0,0,0,0,2,0,0,0,0,0,0,0
427,Cephalophus natalensis,0,0,0,0,0,0,0,0,0,0,0,0,0,0,0,0
428,Cephalophus niger,0,0,0,0,0,0,0,0,2,0,0,0,1,0,0,0
429,Cephalophus nigrifrons,0,0,0,1,0,0,0,0,2,0,0,0,1,0,0,0
430,Cephalophus ogilbyi,0,0,0,0,0,0,0,0,1,0,0,1,1,0,0,0
431,Cephalophus rufilatus,0,0,0,0,0,0,0,0,0,0,0,0,0,0,0,0
432,Cephalophus silvicultor,0,0,0,1,0,0,0,0,1,0,0,1,1,0,0,0
433,Cephalophus spadix,0,0,0,0,0,0,0,0,1,0,0,1,0,0,0,0
434,Cephalophus weynsi,0,0,0,0,0,0,0,0,1,0,0,0,0,0,0,0
435,Cephalophus zebra,0,0,0,0,0,0,0,0,0,0,0,0,0,0,0,0
436,Cephalophus harveyi,0,0,0,0,0,0,0,0,2,0,0,0,0,0,0,0
437,Cephalorhynchus commersonii,0,0,0,0,0,0,1,0,0,0,0,0,0,0,0,0
438,Cephalorhynchus eutropia,1,0,0,0,0,0,2,0,0,0,0,0,0,0,0,0
439,Cephalorhynchus heavisidii,0,0,0,0,0,0,2,0,0,0,0,0,1,0,2,1
440,Cephalorhynchus hectori,0,0,0,0,0,0,1,0,0,1,0,0,1,0,1,0
441,Ceratotherium simum,0,1,0,0,0,0,0,0,2,1,0,0,0,0,0,0
442,Cercartetus caudatus,0,0,0,0,0,0,0,0,0,0,0,0,0,0,0,0
443,Cercocebus galeritus,0,0,2,2,2,0,0,0,0,0,2,0,2,0,0,0
444,Cercocebus torquatus,0,0,0,2,0,0,0,0,2,0,0,2,1,0,0,0
445,Cercocebus sanjei,0,0,0,1,0,0,0,0,1,0,0,1,0,0,0,0
446,Cercocebus lunulatus,0,0,0,2,0,0,0,0,2,0,0,2,0,0,0,0
447,Cercocebus chrysogaster,0,0,0,2,0,0,0,0,2,0,0,2,0,0,0,0
448,Cercopithecus ascanius,0,0,0,0,0,0,0,0,0,0,0,0,0,0,0,0
449,Cercopithecus cephus,0,0,0,2,0,0,0,0,2,0,0,2,2,1,0,1
450,Chlorocebus dryas,0,0,0,0,0,0,0,0,0,0,0,0,0,0,0,0
451,Cercopithecus erythrogaster,0,0,0,2,2,0,0,0,2,0,2,0,0,0,0,0
452,Cercopithecus erythrotis,0,0,0,1,0,0,0,0,2,0,0,1,1,0,0,0
453,Cercopithecus hamlyni,0,0,2,2,0,0,0,0,2,0,1,1,2,0,0,0
454,Allochrocebus lhoesti,0,0,2,2,0,0,0,0,2,0,0,1,2,0,0,0
455,Cercopithecus mitis,0,0,0,1,0,0,0,0,1,0,1,1,1,1,0,0
456,Cercopithecus mona,0,0,0,2,0,0,0,0,2,0,0,0,2,2,0,0
457,Cercopithecus neglectus,0,0,0,1,0,0,0,0,1,0,1,0,0,0,0,0
458,Cercopithecus nictitans,0,0,0,1,0,0,0,0,2,0,0,1,1,0,0,0
459,Cercopithecus petaurista,0,0,0,2,0,0,0,0,2,0,0,1,1,2,0,0
460,Allochrocebus preussi,0,0,0,2,0,0,0,0,2,0,1,1,1,0,0,0
461,Cercopithecus sclateri,0,0,0,2,0,0,0,0,2,0,0,2,1,0,0,0
462,Allochrocebus solatus,0,0,0,1,0,0,0,0,2,0,0,0,1,0,0,0
463,Cercopithecus roloway,0,0,0,2,0,0,0,0,2,0,0,0,0,2,0,0
464,Chlorocebus aethiops,0,0,0,1,0,1,0,0,1,0,0,1,1,1,0,0
465,Chlorocebus djamdjamensis,0,0,0,1,0,0,0,0,2,0,1,0,1,0,0,0
466,Cercopithecus diana,0,0,1,1,0,0,0,0,1,0,0,1,0,0,0,0
467,Cerdocyon thous,0,0,0,0,0,0,0,0,0,1,0,0,0,0,0,0
468,Cervus albirostris,0,0,0,0,0,0,0,0,1,1,1,0,0,0,0,0
469,Rucervus duvaucelii,0,0,0,1,0,0,0,0,1,1,1,1,0,0,0,0
470,Cervus hanglu,0,0,0,1,0,1,0,0,1,0,1,1,1,0,0,0
471,Rucervus eldii,0,0,0,1,0,0,0,0,1,0,0,1,1,0,0,0
472,Rusa alfredi,0,0,0,1,0,0,0,0,1,0,0,1,0,0,0,0
473,Rusa marianna,0,0,0,1,0,0,0,0,1,0,0,1,1,0,0,0
474,Rucervus schomburgki,0,0,0,0,0,0,0,0,0,0,0,0,0,0,0,0
475,Mops aloysiisabaudiae,0,0,0,0,0,0,0,0,0,0,0,0,0,0,0,0
476,Mops ansorgei,0,0,0,0,0,0,0,0,0,0,0,0,0,0,0,0
477,Mops bemmeleni,0,0,0,0,0,0,0,0,0,0,0,0,0,0,0,0
478,Mops bivittatus,0,0,0,0,0,0,0,0,0,0,0,0,0,0,0,0
479,Mops bregullae,0,0,0,0,0,0,0,0,0,0,0,0,0,0,0,0
480,Mops chapini,0,0,0,0,0,0,0,0,0,0,0,0,0,0,0,0
481,Mops gallagheri,0,0,0,0,0,0,0,0,0,0,0,0,0,0,0,0
482,Mops jobensis,0,0,0,0,0,0,0,0,0,0,0,0,0,0,0,0
483,Mops johorensis,0,0,0,1,0,1,0,0,0,0,0,1,0,0,0,0
484,Mops major,0,0,0,0,0,0,0,0,0,0,0,0,0,0,0,0
485,Mops nigeriae,0,0,0,0,0,0,0,0,0,0,0,0,0,0,0,0
486,Mops plicatus,0,0,0,0,0,0,0,0,1,0,0,1,1,0,0,1
487,Mops pusillus,0,3,0,2,0,0,0,0,0,0,0,0,2,2,0,0
488,Mops russatus,0,0,0,0,0,0,0,0,0,0,0,0,0,0,0,0
489,Mops solomonis,0,0,0,2,0,0,0,0,3,0,0,2,0,2,0,2
490,Mops tomensis,0,0,0,0,0,0,0,0,0,0,0,0,0,0,0,0
491,Chaeropus ecaudatus,0,0,0,0,0,0,0,0,0,2,0,0,0,0,0,0
492,Chaetodipus artus,0,0,0,1,0,0,0,0,1,0,0,0,0,0,0,0
493,Chaetodipus baileyi,0,0,0,0,0,0,0,0,0,0,0,0,0,0,0,0
494,Chaetodipus californicus,0,0,0,0,0,0,0,0,0,0,0,0,0,0,0,0
495,Chaetodipus fallax,0,0,0,0,0,0,0,0,0,0,0,0,0,0,0,0
496,Chaetodipus formosus,0,0,0,0,0,0,0,0,0,0,0,0,0,0,0,0
497,Chaetodipus goldmani,0,0,0,2,0,0,0,0,2,0,0,0,0,0,0,0
498,Chaetodipus hispidus,0,0,0,0,0,0,0,0,0,0,0,0,0,0,0,0
499,Chaetodipus intermedius,0,0,0,0,0,0,0,0,0,0,0,0,0,0,0,0
500,Chaetodipus nelsoni,0,0,0,0,0,0,0,0,0,0,0,0,0,0,0,0
501,Chaetodipus penicillatus,0,0,0,0,0,0,0,0,0,0,0,0,0,0,0,0
502,Chaetodipus pernix,0,0,0,1,0,0,0,0,1,0,0,0,0,0,0,0
503,Chaetodipus spinatus,0,0,0,0,0,0,0,0,0,0,0,0,0,0,0,0
504,Chaetomys subspinosus,0,0,0,1,0,0,0,0,1,0,0,1,1,0,0,0
505,Chaetophractus villosus,0,0,0,0,0,0,0,0,1,0,0,0,1,0,0,0
506,Chalinolobus dwyeri,0,0,0,2,0,0,0,0,0,2,2,0,1,0,0,2
507,Chalinolobus gouldii,0,2,0,2,0,2,0,0,0,2,2,0,2,2,1,0
508,Chalinolobus morio,0,1,0,1,0,1,0,0,0,1,1,1,1,0,1,1
509,Chalinolobus neocaledonicus,0,0,0,2,0,0,0,0,2,2,0,0,1,0,0,0
510,Chalinolobus nigrogriseus,0,0,0,1,0,0,0,0,0,0,0,0,1,0,0,0
511,Chalinolobus picatus,0,0,0,2,0,0,0,0,0,1,0,0,0,0,0,0
512,Chalinolobus tuberculatus,0,0,0,0,0,0,0,0,0,1,0,1,0,0,0,1
513,Cheiromeles parvidens,0,0,0,1,0,0,0,0,1,0,0,1,0,0,0,0
514,Cheiromeles torquatus,0,0,0,0,0,0,0,0,1,0,0,0,1,0,0,0
515,Chelemys macronyx,0,0,0,0,0,0,0,0,0,0,0,0,0,0,0,0
516,Chelemys megalonyx,0,0,0,2,0,0,0,0,0,0,2,0,2,0,0,0
517,Chibchanomys trichotis,0,0,0,0,0,0,0,0,0,0,0,0,0,0,0,0
518,Chilomys instans,0,0,0,0,0,0,0,0,0,0,0,1,0,0,0,0
519,Chimarrogale hantu,0,0,0,0,0,0,0,0,0,0,0,0,0,0,0,0
520,Chimarrogale phaeura,0,0,0,0,0,0,0,0,0,0,0,0,0,0,0,0
521,Chimarrogale sumatrana,0,0,0,0,0,0,0,0,0,0,0,0,0,0,0,0
522,Chinchilla chinchilla,0,0,0,0,0,1,0,0,0,0,0,1,1,1,0,0
523,Chinchilla lanigera,0,0,0,0,0,0,0,0,1,0,1,1,1,0,0,0
524,Chinchillula sahamae,0,0,0,0,0,0,0,0,0,0,0,0,0,0,0,0
525,Chionomys gud,0,0,0,0,0,0,0,0,0,0,0,0,0,0,0,0
526,Chionomys syriacus,0,0,0,0,0,0,0,0,0,0,0,0,0,0,0,0
527,Chionomys roberti,0,0,0,0,0,0,0,0,0,0,0,0,0,0,0,0
528,Chiroderma doriae,0,0,0,0,0,0,0,0,0,0,0,0,1,0,0,0
529,Chiroderma improvisum,0,1,0,0,0,0,0,1,0,0,0,0,0,0,0,0
530,Chiroderma salvini,0,0,0,0,0,0,0,0,0,0,0,0,0,0,0,0
531,Chiroderma trinitatum,0,0,0,0,0,0,0,0,0,0,0,0,0,0,0,0
532,Chiroderma villosum,0,0,0,0,0,0,0,0,0,0,0,0,0,0,0,0
533,Chiromyscus chiropus,0,0,0,0,0,0,0,0,0,0,0,0,0,0,0,0
534,Chironax melanocephalus,0,0,0,2,0,2,0,0,0,0,0,2,0,0,0,0
535,Chironectes minimus,0,0,0,0,0,0,0,0,0,0,0,0,0,0,0,0
536,Chiropodomys calamianensis,0,0,0,0,0,0,0,0,0,0,0,0,0,0,0,0
537,Chiropodomys gliroides,0,0,0,0,0,0,0,0,0,0,0,0,0,0,0,0
538,Chiropodomys karlkoopmani,0,0,0,0,0,0,0,0,0,0,0,0,0,0,0,0
539,Chiropodomys major,0,0,0,0,0,0,0,0,0,0,0,0,0,0,0,0
540,Chiropodomys muroides,0,0,0,0,0,0,0,0,0,0,0,0,0,0,0,0
541,Chiropodomys pusillus,0,0,0,0,0,0,0,0,0,0,0,0,0,0,0,0
542,Chiropotes albinasus,0,0,0,1,0,0,0,0,1,0,1,1,1,0,0,0
543,Chiruromys forbesi,0,0,0,0,0,0,0,0,0,0,0,0,0,0,0,0
544,Chiruromys lamia,0,0,0,0,0,0,0,0,0,0,0,0,0,0,0,0
545,Chiruromys vates,0,0,0,0,0,0,0,0,0,0,0,0,0,0,0,0
546,Calyptophractus retusus,0,0,0,2,0,0,0,0,1,0,2,0,0,0,0,0
547,Chlamyphorus truncatus,0,0,0,2,0,0,0,0,0,2,2,0,0,0,0,0
548,Chlorotalpa sclateri,0,0,0,1,0,0,0,0,0,0,1,0,1,0,0,0
549,Calcochloris tytonis,0,0,0,0,0,0,0,0,0,0,0,0,0,0,0,0
550,Chlorotalpa duthieae,0,0,0,1,0,0,0,0,1,0,0,1,2,0,0,0
551,Choeroniscus godmani,0,0,0,0,0,0,0,0,0,0,0,0,0,0,0,0
552,Choeroniscus minor,0,0,0,0,0,0,0,0,0,0,0,0,0,0,0,0
553,Choeroniscus periosus,0,0,0,1,0,0,0,0,0,0,0,1,1,0,0,0
554,Choeronycteris mexicana,0,0,0,0,0,1,0,0,0,0,1,0,1,0,0,1
555,Choloepus didactylus,0,0,0,1,0,1,0,0,1,0,1,0,1,1,0,0
556,Choloepus hoffmanni,0,0,0,0,0,1,0,0,0,0,0,0,0,0,0,0
557,Abrothrix andinus,0,0,0,0,0,0,0,0,0,0,0,0,0,0,0,0
558,Abrothrix jelskii,0,0,0,0,0,0,0,0,0,0,0,0,0,0,0,0
559,Chrotogale owstoni,0,0,0,1,1,0,0,0,3,0,0,1,3,1,0,0
560,Chrotomys gonzalesi,0,0,1,1,0,0,0,0,0,0,0,0,0,1,1,0
561,Chrotomys mindorensis,0,0,0,1,0,0,0,0,1,1,0,1,1,0,0,0
562,Chrotomys whiteheadi,0,0,0,0,0,0,0,0,0,0,0,0,0,0,0,0
563,Chrotopterus auritus,0,0,0,0,0,0,0,0,0,0,0,0,0,0,0,0
564,Chrysochloris visagiei,0,0,0,2,0,0,0,0,0,0,0,0,0,0,0,0
565,Chrysocyon brachyurus,0,0,0,2,0,0,0,0,2,1,2,0,1,0,0,0
566,Chrysospalax trevelyani,0,0,0,0,0,0,0,0,1,0,2,1,2,2,0,1
567,Chrysospalax villosus,0,0,0,2,0,0,0,0,0,0,2,0,2,0,0,0
568,Clethrionomys centralis,0,0,0,0,0,0,0,0,0,0,0,0,0,0,0,0
569,Clethrionomys glareolus,0,0,0,0,0,0,0,0,0,0,0,0,0,0,0,0
570,Craseomys rufocanus,0,0,0,0,0,0,0,0,0,0,0,1,0,0,0,0
571,Clethrionomys rutilus,0,0,0,0,0,0,0,0,0,0,0,0,0,0,0,0
572,Cloeotis percivali,0,0,0,0,0,0,0,0,0,0,0,0,0,0,0,0
573,Clyomys laticeps,0,0,0,0,0,0,0,0,0,0,0,0,0,0,0,0
574,Brassomys albidens,0,0,0,0,0,0,0,0,0,0,0,0,0,0,0,0
575,Coelops frithii,0,1,0,0,0,0,0,0,0,0,0,1,1,1,0,1
576,Coelops robinsoni,0,0,0,1,0,1,0,0,0,0,0,1,0,0,0,0
577,Coendou bicolor,0,0,0,0,0,0,0,0,0,0,0,0,0,0,0,0
578,Coendou nycthemera,0,0,0,0,0,0,0,0,0,0,0,0,0,0,0,0
579,Coleura seychellensis,0,0,0,0,0,0,0,0,0,1,0,0,0,0,0,1
580,Coleura afra,0,0,0,0,0,0,0,0,0,0,0,0,0,0,0,0
581,Colobus angolensis,0,0,2,2,0,0,0,0,2,0,1,2,2,0,0,0
582,Colobus guereza,0,0,0,1,0,0,0,0,1,0,0,0,1,1,0,0
583,Colobus polykomos,0,0,1,2,0,1,0,0,2,0,0,2,1,2,0,0
584,Colobus satanas,0,0,0,1,0,0,0,0,2,0,0,1,2,0,0,0
585,Colobus vellerosus,0,0,0,2,0,0,0,0,2,0,2,1,0,2,0,0
586,Colomys goslingi,0,0,0,0,0,0,0,0,0,0,0,0,0,0,0,0
587,Congosorex polli,0,0,0,0,0,0,0,0,0,0,0,0,0,0,0,0
588,Conilurus albipes,0,0,0,0,0,0,0,0,0,0,0,0,0,0,0,0
589,Conilurus penicillatus,0,0,0,0,0,2,0,0,0,3,1,0,0,2,0,0
590,Connochaetes gnou,0,0,0,1,0,0,0,0,0,1,1,0,1,0,0,0
591,Connochaetes taurinus,0,0,0,1,1,0,0,0,1,0,1,0,1,0,0,1
592,Coryphomys buehleri,0,0,0,0,0,0,0,0,0,0,0,0,0,0,0,0
593,Craseonycteris thonglongyai,0,0,0,0,0,0,0,0,0,0,0,0,0,0,0,0
594,Crateromys australis,0,0,0,1,0,0,0,0,0,0,0,1,1,0,0,0
595,Crateromys schadenbergi,0,0,0,1,0,0,0,0,1,0,0,1,0,0,0,0
596,Crateromys paulus,0,0,0,0,0,0,0,0,0,0,0,0,0,0,0,0
597,Crateromys heaneyi,0,0,0,1,0,0,0,0,1,0,0,1,1,0,0,0
598,Madromys blanfordi,0,0,0,0,0,0,0,0,0,0,0,0,0,0,0,0
599,Cremnomys cutchicus,0,0,0,0,0,0,0,0,0,0,0,0,0,0,0,0
600,Cremnomys elvira,0,0,0,1,0,0,0,0,0,0,0,1,0,1,0,0
601,Cricetomys emini,0,0,0,0,0,0,0,0,0,0,0,0,0,0,0,0
602,Urocricetus alticola,0,0,0,0,0,0,0,0,0,0,0,0,0,0,0,0
603,Cricetulus barabensis,0,0,0,0,0,0,0,0,0,0,0,0,0,0,0,0
604,Urocricetus kamensis,0,0,0,0,0,0,0,0,0,0,0,0,0,0,0,0
605,Cricetulus longicaudatus,0,0,0,0,0,0,0,0,0,0,0,0,0,0,0,0
606,Cricetulus sokolovi,0,0,0,0,0,0,0,0,0,0,0,0,0,0,0,0
607,Nothocricetulus migratorius,0,0,0,0,0,0,0,0,0,0,0,0,0,0,0,0
608,Cricetus cricetus,0,0,0,3,0,0,0,0,3,0,0,0,2,0,0,0
609,Crocidura ansellorum,0,0,0,0,0,0,0,0,0,0,0,0,0,0,0,0
610,Crocidura baileyi,0,0,0,1,0,0,0,0,0,0,1,0,0,0,0,0
611,Crocidura canariensis,0,0,0,0,0,0,0,0,0,1,0,0,1,0,0,0
612,Crocidura congobelgica,0,0,0,0,0,0,0,0,0,0,0,1,1,0,0,0
613,Crocidura crenata,0,0,0,0,0,0,0,0,0,0,0,0,0,0,0,0
614,Crocidura eisentrauti,0,0,0,0,0,0,0,1,0,0,0,0,0,0,0,0
615,Crocidura glassi,0,0,0,0,0,1,0,0,0,0,1,0,0,0,0,0
616,Crocidura grassei,0,0,0,0,0,0,0,0,0,0,0,0,0,0,0,0
617,Crocidura kivuana,0,0,0,0,0,0,0,0,0,0,0,0,0,0,0,0
618,Crocidura lanosa,0,0,0,1,0,0,0,0,0,0,0,0,0,0,0,0
619,Crocidura latona,0,0,0,0,0,0,0,0,0,0,0,0,0,0,0,0
620,Crocidura longipes,0,0,0,0,0,0,0,0,0,0,0,0,0,0,0,0
621,Crocidura lucina,0,0,0,2,0,0,0,0,0,0,2,0,0,0,0,0
622,Crocidura manengubae,0,0,0,1,0,0,0,0,0,0,0,1,0,0,0,0
623,Crocidura maquassiensis,0,0,0,0,0,0,0,0,0,0,0,0,0,0,0,0
624,Crocidura nimbae,0,0,0,0,0,0,0,0,0,0,0,0,0,0,0,0
625,Crocidura phaeura,0,0,0,1,0,0,0,0,0,0,1,0,0,0,0,0
626,Crocidura stenocephala,0,0,0,1,0,0,0,0,0,0,0,0,0,0,0,0
627,Crocidura telfordi,0,0,0,0,0,0,0,0,0,0,0,0,0,0,0,0
628,Crocidura thalia,0,0,0,0,0,0,0,0,0,0,0,0,0,0,0,0
629,Crocidura wimmeri,0,0,0,1,0,0,0,0,0,0,0,0,0,0,0,0
630,Crocidura zimmermanni,0,0,0,0,0,0,0,0,0,1,0,0,0,0,0,0
631,Crocidura ludia,0,0,0,0,0,0,0,0,0,0,0,0,0,0,0,0
632,Crocidura orii,0,0,0,1,0,0,0,0,0,1,0,1,1,0,0,0
633,Crocidura polia,0,0,0,0,0,0,0,0,0,0,0,0,0,0,0,0
634,Crocidura raineyi,0,0,0,0,0,0,0,0,0,0,1,0,0,0,0,0
635,Crocidura selina,0,0,0,0,0,0,0,0,0,0,0,0,0,0,0,0
636,Crocidura thomensis,0,0,0,1,0,0,0,0,0,0,0,1,0,0,0,0
637,Crocidura andamanensis,0,1,0,1,0,0,0,1,0,0,0,0,1,0,0,0
638,Crocidura armenica,0,0,0,0,0,0,0,0,0,0,0,0,0,0,0,0
639,Crocidura beatus,0,0,0,0,0,0,0,0,0,0,0,0,0,0,0,0
640,Crocidura beccarii,0,0,0,0,0,0,0,0,0,0,0,0,0,0,0,0
641,Crocidura dhofarensis,0,0,0,0,0,0,0,0,0,0,0,0,0,0,0,0
642,Crocidura floweri,0,0,0,0,0,0,0,0,0,0,0,0,0,0,0,0
643,Crocidura grandis,0,0,0,0,0,0,0,0,0,0,0,0,0,0,0,0
644,Crocidura grayi,0,0,0,0,0,0,0,0,0,0,0,0,0,0,0,0
645,Crocidura hispida,0,0,0,0,0,0,0,1,0,0,0,0,0,0,0,0
646,Crocidura jenkinsi,0,1,0,1,0,0,0,1,0,0,0,1,1,0,0,0
647,Crocidura malayana,0,0,0,0,0,0,0,0,0,0,0,0,0,0,0,0
648,Crocidura miya,0,0,0,1,0,1,0,0,0,0,0,1,0,0,0,0
649,Crocidura negrina,0,0,0,1,0,0,0,0,0,0,0,1,1,0,0,0
650,Crocidura nicobarica,0,1,0,1,0,0,0,1,0,0,0,1,1,0,0,0
651,Crocidura orientalis,0,0,0,0,0,0,0,0,0,0,0,0,0,0,0,0
652,Crocidura palawanensis,0,0,0,0,0,0,0,0,0,0,0,0,0,0,0,0
653,Crocidura paradoxura,0,0,0,0,0,0,0,0,0,0,0,0,0,0,0,0
654,Crocidura pergrisea,0,0,0,0,0,0,0,0,0,0,0,0,0,0,0,0
655,Crocidura religiosa,0,0,0,0,0,0,0,0,0,0,0,0,0,0,0,0
656,Crocidura shantungensis,0,0,0,0,0,0,0,0,0,0,0,0,0,0,0,0
657,Crocidura susiana,0,0,0,0,0,0,0,0,0,0,0,0,0,0,0,0
658,Crocidura tenuis,0,0,0,0,0,0,0,0,0,0,0,0,0,0,0,0
659,Crocidura allex,0,1,0,1,0,0,0,0,0,0,1,0,0,0,0,1
660,Crocidura attila,0,0,0,0,0,0,0,0,0,0,0,0,0,0,0,0
661,Crocidura bottegoides,0,0,0,0,0,1,0,0,0,0,0,1,0,0,0,0
662,Crocidura caliginea,0,0,0,0,0,0,0,0,0,0,0,0,0,0,0,0
663,Crocidura desperata,0,0,0,1,0,0,0,0,0,0,1,1,0,0,0,0
664,Crocidura elgonius,0,0,0,1,0,0,0,0,0,0,1,1,0,0,0,0
665,Crocidura erica,0,0,0,0,0,0,0,0,0,0,0,0,0,0,0,0
666,Crocidura fischeri,0,0,0,0,0,0,0,0,0,0,0,0,0,0,0,0
667,Crocidura flavescens,0,0,0,0,0,0,0,0,0,0,0,0,0,0,0,0
668,Crocidura foxi,0,0,0,0,0,0,0,0,0,0,0,0,0,0,0,0
669,Crocidura fumosa,0,0,0,1,0,0,0,0,0,0,1,1,0,0,0,0
670,Crocidura gracilipes,0,0,0,0,0,0,0,0,0,0,0,0,0,0,0,0
671,Crocidura greenwoodi,0,0,0,0,0,0,0,0,0,0,0,0,0,0,0,0
672,Crocidura harenna,0,0,0,1,0,0,0,0,0,0,1,1,0,0,0,0
673,Crocidura macmillani,0,0,0,0,0,1,0,0,0,0,0,1,0,0,0,0
674,Crocidura macowi,0,0,0,0,0,0,0,0,0,0,0,0,0,0,0,0
675,Crocidura picea,0,0,0,1,0,0,0,0,0,0,1,1,0,0,0,0
676,Crocidura pitmani,0,0,0,0,0,0,0,0,0,0,0,0,0,0,0,0
677,Crocidura ultima,0,0,0,0,0,0,0,0,0,0,0,0,0,0,0,0
678,Crocidura xantippe,0,0,0,0,0,0,0,0,0,0,0,0,0,0,0,0
679,Crocidura zimmeri,0,0,0,0,0,0,0,0,0,0,0,0,0,0,0,0
680,Crocuta crocuta,0,0,0,0,0,0,0,0,2,0,0,0,0,0,0,0
681,Crossomys moncktoni,0,0,0,0,0,0,0,0,0,0,0,0,0,0,0,0
682,Crunomys celebensis,0,0,0,1,0,0,0,0,0,0,0,1,0,0,0,0
683,Crunomys fallax,0,0,0,0,0,0,0,0,0,0,0,0,0,0,0,0
684,Crunomys melanius,0,0,0,0,0,0,0,0,0,0,0,0,0,0,0,0
685,Cryptochloris wintoni,2,0,0,0,0,0,0,0,0,0,0,0,2,0,0,0
686,Cryptochloris zyli,0,0,0,1,0,0,0,0,0,0,0,0,1,0,0,0
687,Fukomys zechi,0,0,0,0,0,0,0,0,0,0,0,0,0,0,0,0
688,Fukomys bocagei,0,0,0,0,0,0,0,0,0,0,0,0,0,0,0,0
689,Fukomys damarensis,0,0,0,0,0,0,0,0,0,0,0,0,0,0,0,0
690,Fukomys foxi,0,0,0,0,0,0,0,0,0,0,0,0,0,0,0,0
691,Fukomys mechowii,0,0,0,0,0,0,0,0,0,0,0,0,0,0,0,0
692,Fukomys ochraceocinereus,0,0,0,0,0,0,0,0,0,0,0,0,0,0,0,0
693,Cryptoprocta ferox,0,0,0,2,0,1,0,0,2,3,0,2,0,0,0,0
694,Cryptotis endersi,0,0,0,1,0,0,0,0,0,0,1,1,1,0,0,0
695,Cryptotis gracilis,0,0,0,0,0,0,0,0,0,0,0,0,0,0,0,0
696,Cryptotis hondurensis,0,0,0,0,0,0,0,0,0,0,0,1,0,0,1,0
697,Cryptotis magna,0,0,0,0,0,0,0,0,0,0,0,0,0,0,0,0
698,Ctenodactylus gundi,0,0,0,0,0,0,0,0,0,0,0,0,0,0,0,0
699,Ctenodactylus vali,0,0,0,0,0,0,0,0,0,0,0,0,0,0,0,0
700,Ctenomys argentinus,0,0,0,2,0,0,0,0,0,0,0,0,0,0,0,0
701,Ctenomys australis,0,0,0,0,0,0,0,0,0,0,0,0,1,1,0,0
702,Ctenomys azarae,0,0,0,2,0,0,0,0,0,0,2,0,0,0,0,0
703,Ctenomys boliviensis,0,0,0,0,0,0,0,0,0,0,0,0,0,0,0,0
704,Ctenomys bonettoi,0,0,0,1,0,0,0,0,0,0,0,0,0,0,0,0
705,Ctenomys brasiliensis,0,0,0,0,0,0,0,0,0,0,0,0,0,0,0,0
706,Ctenomys colburni,0,0,0,0,0,0,0,0,0,0,0,0,0,0,0,0
707,Ctenomys conoveri,0,0,0,0,0,0,0,0,0,0,0,0,0,0,0,0
708,Ctenomys dorsalis,0,0,0,0,0,0,0,0,0,0,0,0,0,0,0,0
709,Ctenomys emilianus,0,0,0,0,0,0,0,0,0,0,0,0,0,0,0,0
710,Ctenomys fulvus,0,0,0,0,0,0,0,0,0,0,0,0,0,0,0,0
711,Ctenomys haigi,0,0,0,0,0,0,0,0,0,0,0,0,0,0,0,0
712,Ctenomys knighti,0,0,0,0,0,0,0,0,0,0,0,0,0,0,0,0
713,Ctenomys latro,0,0,0,2,0,0,0,0,0,0,0,0,0,0,0,0
714,Ctenomys leucodon,0,0,0,0,0,0,0,0,1,0,0,0,0,0,0,0
715,Ctenomys lewisi,0,0,0,0,0,0,0,0,0,0,0,0,0,0,0,0
716,Ctenomys magellanicus,0,0,0,0,0,0,0,0,0,0,1,0,0,0,0,0
717,Ctenomys maulinus,0,0,0,0,0,0,0,0,0,0,0,0,0,0,0,0
718,Ctenomys mendocinus,0,0,0,0,0,0,0,0,0,0,0,0,0,0,0,0
719,Ctenomys minutus,0,0,0,0,0,0,0,0,0,0,0,0,0,0,0,0
720,Ctenomys occultus,0,0,0,1,0,0,0,0,0,0,0,0,0,0,0,0
721,Ctenomys opimus,0,0,0,0,0,0,0,0,0,0,0,0,0,0,0,0
722,Ctenomys pearsoni,0,0,0,2,0,0,0,0,0,0,2,0,2,0,0,0
723,Ctenomys perrensi,0,0,0,0,0,0,0,0,0,0,0,0,0,0,0,0
724,Ctenomys peruanus,0,0,0,0,0,0,0,0,0,0,0,0,0,0,0,0
725,Ctenomys pontifex,0,0,0,0,0,0,0,0,0,0,0,0,0,0,0,0
726,Ctenomys porteousi,0,0,0,2,0,0,0,0,0,0,0,0,0,2,0,0
727,Ctenomys saltarius,0,0,0,0,0,0,0,0,0,0,0,0,0,0,0,0
728,Ctenomys sericeus,0,0,0,0,0,0,0,0,0,0,0,0,0,0,0,0
729,Ctenomys sociabilis,0,0,0,0,0,0,0,0,1,0,1,0,0,0,0,0
730,Ctenomys steinbachi,0,0,0,0,0,0,0,0,0,0,0,0,0,0,0,0
731,Ctenomys talarum,0,0,0,0,0,0,0,0,0,0,0,0,0,0,0,0
732,Ctenomys torquatus,0,0,0,1,0,0,0,0,0,0,0,0,1,1,0,0
733,Ctenomys tuconax,0,0,0,0,0,0,0,0,0,0,0,0,0,0,0,0
734,Ctenomys tucumanus,0,0,0,0,0,0,0,0,0,0,0,0,0,0,0,0
735,Ctenomys validus,0,0,0,0,0,0,0,0,0,0,0,0,0,0,0,0
736,Cuon alpinus,0,0,0,2,0,0,0,0,2,1,0,0,1,0,0,0
737,Cyclopes didactylus,0,0,0,0,0,0,0,0,0,0,0,0,0,0,0,0
738,Cynocephalus volans,0,0,0,1,0,0,0,0,1,0,0,1,0,0,0,0
739,Cynogale bennettii,0,0,0,2,0,0,0,0,2,0,0,2,1,1,1,0
740,Cynomys mexicanus,0,0,0,3,2,0,0,0,3,2,2,0,0,0,0,0
741,Cynomys parvidens,0,1,0,1,0,0,0,0,1,1,1,0,1,0,0,0
742,Cynomys ludovicianus,0,0,0,0,0,0,0,0,0,1,0,0,0,0,0,0
743,Cynopterus brachyotis,0,0,0,0,0,0,0,0,0,0,0,0,0,0,0,0
744,Cynopterus horsfieldii,0,0,0,0,0,0,0,0,0,0,0,0,0,0,0,0
745,Cynopterus nusatenggara,0,0,0,0,0,0,0,0,0,0,0,0,0,0,0,0
746,Cynopterus sphinx,0,0,0,0,0,0,0,0,0,0,0,0,0,0,0,0
747,Cynopterus titthaecheilus,0,0,0,0,0,0,0,0,1,0,0,0,0,0,0,0
748,Cystophora cristata,0,2,0,0,0,0,1,0,0,1,0,0,1,0,0,0
749,Cyttarops alecto,0,0,0,0,0,0,0,0,0,0,0,0,0,0,0,0
750,Dacnomys millardi,0,0,0,0,0,0,0,0,0,0,0,0,0,0,0,0
751,Dactylomys boliviensis,0,0,0,0,0,0,0,0,0,0,0,0,0,0,0,0
752,Dactylomys dactylinus,0,0,0,0,0,0,0,0,0,0,0,0,0,0,0,0
753,Dactylomys peruanus,0,0,0,0,0,0,0,0,0,0,0,0,0,0,0,0
754,Dactylopsila megalura,0,0,0,0,0,0,0,0,0,0,0,0,0,0,0,0
755,Dactylopsila tatei,0,0,0,1,0,0,0,0,0,0,0,0,0,0,0,0
756,Dactylonax palpator,0,0,0,0,0,0,0,0,0,0,0,0,0,0,0,0
757,Dactylopsila trivirgata,0,0,0,0,0,0,0,0,0,0,0,0,0,0,0,0
758,Dama mesopotamica,0,1,0,1,0,0,0,0,1,1,1,1,1,0,0,1
759,Beatragus hunteri,0,2,2,0,0,0,0,0,2,1,2,0,0,0,0,0
760,Damaliscus lunatus,0,1,0,0,0,0,0,0,1,0,1,0,1,0,0,0
761,Dasyuroides byrnei,0,1,0,0,0,0,0,0,0,0,1,0,0,0,0,0
762,Dasycercus cristicauda,0,0,0,0,0,0,0,0,0,2,1,0,0,0,0,0
763,Dasycercus blythi,0,0,0,0,0,0,0,0,0,0,0,0,0,0,0,0
764,Dasymys foxi,0,0,0,0,0,0,0,0,0,0,0,0,0,0,0,0
765,Dasymys incomtus,0,0,0,0,0,0,0,0,0,0,0,0,0,0,0,0
766,Dasymys montanus,0,0,0,0,0,0,0,0,0,0,0,0,0,0,0,0
767,Dasymys nudipes,0,0,0,0,0,0,0,0,0,0,0,0,0,0,0,0
768,Dasymys rufulus,0,0,0,0,0,0,0,0,0,0,0,0,0,0,1,0
769,Dasyprocta azarae,0,0,0,0,0,0,0,0,1,0,0,0,0,0,0,0
770,Dasyprocta coibae,0,0,0,0,0,0,0,0,0,0,0,0,0,0,0,0
771,Dasyprocta fuliginosa,0,0,0,0,0,0,0,0,1,0,0,0,0,0,0,0
772,Dasyprocta guamara,0,0,0,0,0,0,0,0,1,0,0,0,0,0,0,0
773,Dasyprocta kalinowskii,0,0,0,0,0,0,0,0,1,0,0,0,0,0,0,0
774,Dasyprocta mexicana,0,0,0,1,0,0,0,0,1,0,0,1,0,0,0,0
775,Dasyprocta prymnolopha,0,0,0,0,0,0,0,0,0,0,0,0,0,0,0,0
776,Dasyprocta ruatanica,0,0,0,0,0,0,0,0,1,0,0,1,0,0,0,0
777,Dasypus hybridus,0,0,0,1,0,0,0,0,2,2,0,0,2,0,0,0
778,Dasypus kappleri,0,0,0,0,0,0,0,0,0,0,0,0,0,0,0,0
779,Dasypus novemcinctus,0,0,0,0,0,0,0,0,1,0,0,0,0,0,0,0
780,Dasypus pilosus,0,0,0,0,0,0,0,0,0,0,0,0,0,0,0,0
781,Dasypus sabanicola,0,0,0,0,0,0,0,0,2,0,0,0,0,0,0,0
782,Dasypus septemcinctus,0,0,0,0,0,0,0,0,0,1,0,0,0,0,0,0
783,Dasyurus geoffroii,0,0,0,0,0,0,0,0,0,3,0,0,0,0,0,0
784,Dasyurus hallucatus,0,0,0,1,0,1,0,0,0,1,1,0,1,0,0,0
785,Dasyurus viverrinus,0,0,0,0,0,0,0,0,0,3,0,0,1,0,0,0
786,Dasyurus albopunctatus,0,0,0,1,0,0,0,0,1,0,0,1,1,0,0,0
787,Dasyurus maculatus,0,0,0,0,0,0,0,0,1,1,0,1,0,0,0,0
788,Dasyurus spartacus,0,0,0,0,0,0,0,0,1,1,0,0,0,0,0,0
789,Daubentonia madagascariensis,0,0,0,0,0,0,0,0,0,0,0,0,0,0,0,0
790,Delanymys brooksi,0,0,0,0,0,0,0,0,0,0,0,0,0,0,0,0
791,Delomys dorsalis,0,0,0,0,0,0,0,0,0,0,0,0,0,0,0,0
792,Delomys sublineatus,0,0,0,0,0,0,0,0,0,0,0,0,0,0,0,0
793,Delphinapterus leucas,0,1,0,0,0,0,2,0,0,0,0,0,1,0,0,0
794,Dendrogale melanura,0,0,0,1,0,0,0,0,0,0,0,1,0,0,0,0
795,Dendrohyrax arboreus,0,0,0,0,0,0,0,0,1,0,1,0,0,0,0,0
796,Dendrohyrax dorsalis,0,0,0,0,0,0,0,0,1,0,0,1,0,0,0,0
797,Dendrolagus bennettianus,0,0,0,0,0,0,0,0,0,0,0,0,1,0,0,0
798,Dendrolagus dorianus,0,0,0,0,0,0,0,0,1,0,0,0,0,0,0,0
799,Dendrolagus goodfellowi,0,0,0,1,0,0,0,0,1,0,0,1,0,0,0,0
800,Dendrolagus inustus,0,0,0,1,0,0,0,0,1,0,0,0,0,0,0,0
801,Dendrolagus lumholtzi,0,2,0,0,0,0,0,0,0,1,0,0,0,0,0,0
802,Dendrolagus matschiei,0,0,0,1,0,0,0,0,1,0,0,0,1,0,0,0
803,Dendrolagus ursinus,0,0,0,1,0,0,0,0,1,0,0,0,1,0,0,0
804,Dendrolagus scottae,0,0,0,1,0,0,0,0,1,0,0,0,1,0,0,0
805,Dendrolagus spadix,0,0,0,0,0,0,0,0,0,0,0,0,0,0,0,0
806,Dendrolagus mbaiso,0,0,0,1,0,0,0,0,1,0,0,0,1,0,0,0
807,Dendromus kahuziensis,0,0,0,0,0,1,0,0,0,0,0,1,0,0,0,0
808,Dendromus insignis,0,0,0,0,0,0,0,0,0,0,0,0,0,0,0,0
809,Dendromus kivu,0,0,0,0,0,0,0,0,0,0,0,0,0,0,0,0
810,Dendromus lovati,0,0,0,0,0,0,0,0,0,0,0,0,0,0,0,0
811,Dendromus melanotis,0,0,0,0,0,0,0,0,0,0,0,0,0,0,0,0
812,Dendromus mesomelas,0,0,0,0,0,0,0,0,0,0,0,0,0,0,0,0
813,Dendromus messorius,0,0,0,0,0,0,0,0,0,0,0,0,0,0,0,0
814,Dendromus mystacalis,0,0,0,0,0,0,0,0,0,0,0,0,0,0,0,0
815,Dendromus nyikae,0,0,0,0,0,0,0,0,0,0,0,0,0,0,0,0
816,Dendromus oreas,0,0,0,0,0,0,0,0,0,0,0,0,0,0,0,0
817,Dendromus vernayi,0,0,0,0,0,0,0,0,0,0,0,0,0,0,0,0
818,Dendroprionomys rousseloti,0,0,0,0,0,0,0,0,0,0,0,0,0,0,0,0
819,Deomys ferrugineus,0,0,0,0,0,0,0,0,0,0,0,0,0,0,0,0
820,Dephomys defua,0,0,0,0,0,0,0,0,0,0,0,0,0,0,0,0
821,Desmana moschata,0,0,0,0,0,0,0,0,0,0,0,0,0,0,0,0
822,Desmodilliscus braueri,0,0,0,0,0,0,0,0,0,0,0,0,0,0,0,0
823,Desmodillus auricularis,0,0,0,0,0,0,0,0,0,0,0,0,0,0,0,0
824,Desmodus rotundus,0,0,0,0,0,0,0,0,0,0,0,0,0,0,0,0
825,Desmomys harringtoni,0,0,0,0,0,0,0,0,0,0,0,0,0,0,0,0
826,Diaemus youngii,0,0,0,0,0,0,0,0,1,0,0,0,0,0,0,0
827,Dicerorhinus sumatrensis,0,2,0,1,0,1,1,1,2,0,0,2,0,0,0,3
828,Diceros bicornis,0,0,1,0,0,0,0,0,1,1,0,0,0,0,0,0
829,Diclidurus albus,0,0,0,0,0,0,0,0,0,0,0,0,0,0,0,0
830,Diclidurus ingens,0,0,0,0,0,0,0,0,0,0,0,0,0,0,0,0
831,Diclidurus isabella,0,0,0,0,0,0,0,0,0,0,0,0,0,0,0,0
832,Diclidurus scutatus,0,0,0,0,0,0,0,0,0,0,0,0,0,0,0,0
833,Dicrostonyx nunatakensis,0,0,0,0,0,0,0,0,0,0,0,0,0,0,0,0
834,Dicrostonyx torquatus,0,0,0,0,0,0,0,0,0,0,0,0,0,0,0,0
835,Dicrostonyx vinogradovi,0,1,0,0,0,0,0,0,0,0,0,0,0,0,0,0
836,Dinaromys bogdanovi,0,0,0,0,0,0,0,0,0,1,0,0,0,0,0,0
837,Dinomys branickii,0,0,0,0,0,0,0,0,1,0,1,0,0,0,0,0
838,Diomys crumpi,0,0,0,0,0,0,0,0,0,0,0,0,0,0,0,0
839,Diphylla ecaudata,0,0,0,0,0,0,0,0,0,0,0,0,0,0,0,0
840,Diplogale hosei,0,1,0,1,1,0,0,0,2,0,0,2,1,1,0,0
841,Diplomys caniceps,0,0,0,0,0,0,0,0,0,0,0,0,0,0,0,0
842,Diplomys labilis,0,0,0,0,0,0,0,0,0,0,0,0,0,0,0,0
843,Santamartamys rufodorsalis,0,0,0,0,0,0,0,0,0,0,0,0,0,0,0,0
844,Diplothrix legata,0,0,0,0,0,0,0,0,0,1,0,1,0,0,0,0
845,Dipodomys elator,0,0,0,1,0,0,0,0,0,1,0,0,1,0,0,0
846,Dipodomys gravipes,0,0,0,1,0,0,0,0,0,0,0,0,0,0,0,0
847,Dipodomys ingens,0,0,0,1,0,0,0,0,1,0,1,0,1,0,0,0
848,Dipodomys stephensi,0,0,0,1,0,0,0,0,1,1,1,0,1,0,0,0
849,Dipodomys nitratoides,0,0,0,1,0,0,0,0,1,1,1,0,1,0,0,0
850,Dipodomys agilis,0,0,0,0,0,0,0,0,0,0,0,0,0,0,0,0
851,Dipodomys compactus,0,0,0,0,0,0,0,0,0,0,0,0,0,0,0,0
852,Dipodomys deserti,0,0,0,0,0,0,0,0,0,0,0,0,0,0,0,0
853,Dipodomys nelsoni,0,0,0,0,0,0,0,0,0,0,0,0,0,0,0,0
854,Dipodomys ordii,0,0,0,0,0,0,0,0,0,0,0,0,0,0,0,0
855,Dipodomys spectabilis,0,0,0,0,0,0,0,0,0,2,0,0,0,0,0,0
856,Dipus sagitta,0,0,0,0,0,0,0,0,0,0,0,0,0,0,0,0
857,Distoechurus pennatus,0,0,0,0,0,0,0,0,0,0,0,0,0,0,0,0
858,Dobsonia minor,0,0,0,0,0,0,0,0,0,0,0,0,0,0,0,0
859,Dobsonia peronii,0,0,0,0,0,0,0,0,0,0,0,0,0,0,0,0
860,Dobsonia beauforti,0,0,0,0,0,0,0,0,0,0,0,0,0,0,0,0
861,Dobsonia chapmani,0,0,0,2,0,0,0,0,3,0,0,2,2,0,0,2
862,Dobsonia emersa,0,0,0,0,0,0,0,0,0,0,0,0,0,0,0,0
863,Dobsonia exoleta,0,0,0,0,0,0,0,0,0,0,0,0,0,0,0,0
864,Dobsonia pannietensis,0,0,0,2,0,0,0,0,2,0,0,0,1,1,0,1
865,Dobsonia praedatrix,0,0,0,0,0,0,0,0,0,0,0,0,0,0,0,0
866,Dobsonia inermis,0,0,0,0,0,0,0,0,0,0,0,0,0,0,0,0
867,Dobsonia viridis,0,0,0,0,0,0,0,0,0,0,0,0,0,0,0,0
868,Dolichotis patagonum,0,0,0,1,0,0,0,0,1,1,1,0,0,0,0,0
869,Dolichotis salinicola,0,0,0,0,0,0,0,0,0,0,0,0,0,0,0,0
870,Dorcatragus megalotis,0,1,1,0,0,0,0,0,1,0,0,1,0,0,0,0
871,Dorcopsis atrata,0,0,0,1,0,0,0,0,1,0,0,0,0,0,0,0
872,Dorcopsis hageni,0,0,0,0,0,0,0,0,0,0,0,0,0,0,0,0
873,Dorcopsis luctuosa,0,0,0,1,0,0,0,0,1,0,0,1,1,0,0,0
874,Dorcopsis muelleri,0,0,0,0,0,0,0,0,0,0,0,0,0,0,0,0
875,Dorcopsulus macleayi,0,0,0,0,0,0,0,0,0,0,0,0,0,0,0,0
876,Dorcopsulus vanheurni,0,0,0,0,0,0,0,0,1,1,0,0,0,0,0,0
877,Dremomys everetti,0,0,0,0,0,0,0,0,0,0,0,0,0,0,0,0
878,Dremomys lokriah,0,0,0,1,0,0,0,0,1,0,0,1,1,0,0,0
879,Dremomys pernyi,0,0,0,0,0,0,0,0,0,0,0,0,0,0,0,0
880,Dremomys pyrrhomerus,0,0,0,0,0,0,0,0,0,0,0,0,0,0,0,0
881,Dremomys rufigenis,0,0,0,0,0,0,0,0,0,0,0,0,0,0,0,0
882,Dromiciops gliroides,0,0,0,1,0,0,0,0,0,0,0,1,0,0,0,0
883,Dryomys nitedula,0,0,0,0,0,0,0,0,0,0,0,0,0,0,0,0
884,Dryomys laniger,0,0,0,0,0,0,0,0,0,0,0,0,0,0,0,0
885,Chaetocauda sichuanensis,0,0,0,0,0,0,0,0,0,0,0,0,0,0,0,0
886,Dugong dugon,0,3,0,0,0,0,2,0,0,0,0,0,1,0,2,0
887,Dusicyon australis,0,0,0,0,0,0,0,0,0,0,0,0,0,0,0,0
888,Atelocynus microtis,0,0,0,1,0,0,0,0,1,1,1,1,0,0,0,0
889,Lycalopex sechurae,0,0,0,1,0,0,0,0,1,0,0,0,1,0,0,0
890,Lycalopex vetulus,0,0,0,2,0,0,0,0,0,0,2,0,2,0,0,0
891,Lycalopex griseus,0,0,0,0,0,0,0,0,1,0,0,0,0,0,0,0
892,Lycalopex gymnocercus,0,0,0,1,0,0,0,0,1,0,0,0,0,0,0,0
893,Lycalopex culpaeus,0,0,0,0,0,0,0,0,1,1,0,0,0,0,0,0
894,Dyacopterus spadiceus,0,0,0,2,0,2,0,0,0,0,0,3,0,0,0,0
895,Phyllomys blainvillii,0,0,0,0,0,0,0,0,0,0,0,0,1,0,0,0
896,Phyllomys brasiliensis,0,0,0,1,0,0,0,0,0,0,0,1,0,0,0,0
897,Echimys chrysurus,0,0,0,0,0,0,0,0,0,0,0,0,0,0,0,0
898,Phyllomys dasythrix,0,0,0,1,0,0,0,0,0,0,0,1,0,0,0,0
899,Toromys grandis,0,0,0,0,0,0,0,0,0,0,0,1,0,0,0,0
900,Phyllomys lamarum,0,0,0,0,0,0,0,0,0,0,0,1,0,0,0,0
901,Makalata macrura,0,0,0,0,0,0,0,0,0,0,0,0,0,0,0,0
902,Phyllomys nigrispinus,0,0,0,0,0,0,0,0,0,0,0,0,1,0,0,0
903,Callistomys pictus,0,0,0,1,0,0,0,0,1,0,0,0,1,1,0,0
904,Echimys saturnus,0,0,0,0,0,0,0,0,0,0,0,1,0,0,0,0
905,Phyllomys thomasi,0,0,0,0,0,0,0,0,0,1,0,0,1,0,0,0
906,Phyllomys unicolor,0,0,0,1,0,0,0,0,0,0,1,1,0,0,0,0
907,Coendou rufescens,0,0,0,0,0,0,0,0,1,0,0,0,0,0,0,0
908,Echiothrix leucura,0,0,0,1,0,0,0,0,1,0,0,1,1,0,0,0
909,Echymipera clara,0,0,0,0,0,0,0,0,0,0,0,0,0,0,0,0
910,Echymipera echinista,0,0,0,0,0,0,0,0,0,0,0,0,0,0,0,0
911,Echymipera davidi,0,0,0,0,0,0,0,0,0,0,0,0,0,0,0,0
912,Echymipera kalubu,0,0,0,0,0,0,0,0,0,0,0,0,0,0,0,0
913,Echymipera rufescens,0,0,0,1,0,0,0,0,1,0,0,0,0,0,0,0
914,Ectophylla alba,0,0,0,0,0,0,0,0,0,0,0,0,1,0,0,0
915,Eidolon dupreanum,0,0,0,2,0,0,0,0,3,0,0,2,0,2,0,2
916,Eidolon helvum,0,0,0,0,0,0,0,0,1,0,0,1,0,0,0,0
917,Elaphodus cephalophus,0,0,0,0,0,0,0,0,1,0,0,0,0,0,0,0
918,Elaphurus davidianus,0,0,0,0,0,0,0,0,0,0,0,0,0,0,0,0
919,Elephantulus edwardii,0,0,0,0,0,0,0,0,0,0,0,0,0,0,0,0
920,Elephantulus revoilii,0,0,0,0,0,0,0,0,0,0,0,0,0,0,0,0
921,Elephantulus rupestris,0,0,0,0,0,0,0,0,0,0,0,0,0,0,0,0
922,Elephas maximus,0,2,0,2,2,2,0,0,3,3,2,2,3,2,0,0
923,Eligmodontia moreni,0,0,0,0,0,0,0,0,0,0,0,0,0,0,0,0
924,Eligmodontia morgani,0,0,0,0,0,0,0,0,0,0,0,0,0,0,0,0
925,Eligmodontia puerulus,0,0,0,0,0,0,0,0,0,0,0,0,0,0,0,0
926,Eliomys quercinus,0,0,0,0,0,0,0,0,0,0,0,0,0,0,0,0
927,Eliomys melanurus,0,0,0,0,0,0,0,0,0,0,0,0,0,0,0,0
928,Eliurus minor,0,0,0,1,0,1,0,0,0,1,0,1,0,0,0,0
929,Eliurus majori,0,0,0,0,0,0,0,0,0,0,0,0,0,0,0,0
930,Eliurus myoxinus,0,0,0,0,0,0,0,0,0,0,0,0,0,0,0,0
931,Eliurus penicillatus,0,0,0,0,0,0,0,0,0,0,0,0,0,0,0,0
932,Eliurus tanala,0,0,0,0,0,0,0,0,0,0,0,0,0,0,0,0
933,Eliurus webbi,0,0,0,0,0,0,0,0,0,0,0,0,0,0,0,0
934,Ellobius alaicus,0,0,0,0,0,0,0,0,0,0,0,0,0,0,0,0
935,Ellobius fuscocapillus,0,1,0,0,0,1,0,1,0,0,0,0,0,0,0,0
936,Ellobius lutescens,0,0,0,0,0,0,0,0,0,0,0,0,0,0,0,0
937,Ellobius talpinus,0,0,0,0,0,0,0,0,0,0,0,0,0,0,0,0
938,Ellobius tancrei,0,1,0,0,0,0,0,0,0,0,0,0,0,0,0,0
939,Emballonura furax,0,0,0,0,0,0,0,0,0,0,0,1,1,0,0,0
940,Emballonura raffrayana,0,0,0,1,0,0,0,0,1,0,0,1,1,1,0,1
941,Emballonura semicaudata,0,1,0,1,0,1,0,0,1,1,1,0,1,1,1,1
942,Emballonura alecto,0,0,0,1,0,0,0,0,0,0,0,1,1,1,0,1
943,Paremballonura atrata,0,0,0,1,0,1,0,0,1,0,0,1,0,0,0,0
944,Emballonura beccarii,0,0,0,1,0,0,0,0,1,0,0,1,1,1,0,1
945,Emballonura dianae,0,0,0,1,0,0,0,0,1,0,0,1,1,1,0,1
946,Emballonura monticola,0,0,0,0,0,0,0,0,0,0,0,0,0,0,0,0
947,Enhydra lutris,0,1,0,0,0,0,3,0,3,2,0,0,0,0,3,2
948,Eoglaucomys fimbriatus,0,0,0,0,0,0,0,0,0,0,0,0,0,0,0,0
949,Eolagurus luteus,0,0,0,0,0,0,0,0,0,0,0,0,0,0,0,0
950,Eolagurus przewalskii,0,0,0,0,0,0,0,0,0,0,0,0,0,0,0,0
951,Eonycteris major,0,0,0,0,0,0,0,0,0,0,0,0,1,0,0,0
952,Eonycteris spelaea,0,0,0,2,0,0,0,0,2,0,0,0,2,2,0,2
953,Eothenomys chinensis,0,0,0,0,0,0,0,0,0,0,0,0,0,0,0,0
954,Eothenomys custos,0,0,0,0,0,0,0,0,0,0,0,0,0,0,0,0
955,Caryomys eva,0,0,0,0,0,0,0,0,0,0,0,0,0,0,0,0
956,Caryomys inez,0,0,0,0,0,0,0,0,0,0,0,0,0,0,0,0
957,Eothenomys melanogaster,0,0,0,0,0,0,0,0,0,0,0,0,0,0,0,0
958,Eothenomys olitor,0,0,0,0,0,0,0,0,0,0,0,0,0,0,0,0
959,Eothenomys proditor,0,0,0,0,0,0,0,0,0,0,0,0,0,0,0,0
960,Craseomys regulus,0,0,0,0,0,0,0,0,0,0,0,0,0,0,0,0
961,Craseomys shanseius,0,0,0,0,0,0,0,0,0,0,0,0,0,0,0,0
962,Eozapus setchuanus,0,0,0,0,0,0,0,0,0,0,0,0,0,0,0,0
963,Epixerus ebii,0,0,0,0,0,0,0,0,0,0,0,0,0,0,0,0
964,Epomophorus angolensis,0,0,0,0,0,0,0,0,0,0,0,1,0,0,0,0
965,Epomophorus grandis,0,0,0,0,0,0,0,0,0,0,0,0,0,0,0,0
966,Epomophorus gambianus,0,0,0,0,0,0,0,0,0,0,0,0,0,0,0,0
967,Epomophorus minimus,0,0,0,0,0,0,0,0,0,0,0,0,0,0,0,0
968,Epomophorus wahlbergi,0,0,0,0,0,0,0,0,0,0,0,0,0,0,0,0
969,Epomops buettikoferi,0,0,0,0,0,0,0,0,0,0,0,0,0,0,0,0
970,Epomophorus dobsonii,0,0,0,0,0,0,0,0,0,0,0,0,0,0,0,0
971,Epomops franqueti,0,0,0,0,0,0,0,0,1,0,0,1,0,0,0,0
972,Eptesicus nilssonii,0,0,0,0,0,0,0,0,0,0,0,0,0,0,0,0
973,Eptesicus andinus,0,0,0,0,0,0,0,0,0,0,0,0,0,0,0,0
974,Vespadelus baverstocki,0,0,0,0,0,0,0,0,0,0,0,0,0,0,0,0
975,Eptesicus bobrinskoi,0,0,0,0,0,0,0,0,0,0,0,0,0,0,0,0
976,Eptesicus brasiliensis,0,0,0,0,0,0,0,0,0,0,0,0,0,0,0,0
977,Vespadelus caurinus,0,0,0,0,0,0,0,0,0,0,0,0,0,0,0,0
978,Vespadelus darlingtoni,0,1,0,1,0,1,0,0,0,1,1,1,1,0,1,0
979,Eptesicus dimissus,0,0,0,0,0,0,0,0,0,0,0,0,0,0,0,0
980,Eptesicus diminutus,0,0,0,0,0,0,0,0,0,0,0,0,0,0,0,0
981,Vespadelus douglasorum,0,0,0,0,0,0,0,0,0,0,0,0,0,0,0,0
982,Vespadelus finlaysoni,0,0,0,0,0,0,0,0,0,0,0,0,0,0,0,1
983,Eptesicus floweri,0,0,0,0,0,0,0,0,0,0,0,0,0,0,0,0
984,Eptesicus furinalis,0,0,0,0,0,0,0,0,0,0,0,0,0,0,0,0
985,Eptesicus fuscus,0,0,0,0,0,0,0,0,0,0,0,0,0,0,0,0
986,Eptesicus guadeloupensis,0,1,0,0,0,0,0,0,0,1,0,0,1,0,0,0
987,Eptesicus hottentotus,0,0,0,0,0,0,0,0,0,0,0,0,0,0,0,0
988,Eptesicus innoxius,0,0,0,1,0,0,0,0,0,0,0,1,1,0,0,0
989,Eptesicus kobayashii,0,0,0,0,0,0,0,0,0,0,0,0,0,0,0,0
990,Rhyneptesicus nasutus,0,0,0,0,0,0,0,0,0,0,0,0,0,0,0,0
991,Eptesicus pachyotis,0,0,0,0,0,0,0,0,0,0,0,0,0,0,0,0
992,Eptesicus platyops,0,0,0,0,0,0,0,0,0,0,0,0,0,0,0,0
993,Vespadelus pumilus,0,2,0,0,0,2,0,0,0,0,0,2,0,2,0,0
994,Vespadelus regulus,0,0,0,0,0,0,0,0,0,0,0,0,0,0,0,0
995,Eptesicus tatei,0,0,0,0,0,0,0,0,0,0,0,0,0,0,0,0
996,Vespadelus troughtoni,0,0,0,2,0,0,0,0,0,2,0,0,2,0,0,0
997,Vespadelus vulturnus,0,0,0,0,0,0,0,0,0,0,0,0,0,0,0,0
998,Equus africanus,0,1,1,0,0,0,0,0,1,1,1,0,0,0,0,0
999,Equus grevyi,0,0,0,1,1,0,0,0,1,1,2,0,1,0,0,0
1000,Equus hemionus,0,1,0,2,1,0,0,0,2,1,2,0,2,0,0,1
1001,Equus kiang,0,1,0,0,0,0,0,0,0,0,1,0,0,0,0,0
1002,Equus zebra,0,2,0,1,0,0,0,0,1,0,1,0,1,0,0,0
1003,Eremitalpa granti,0,0,0,1,0,0,0,0,0,0,1,0,2,0,0,0
1004,Eremodipus lichtensteini,0,0,0,0,0,0,0,0,0,0,0,0,0,0,0,0
1005,Erethizon dorsatum,0,0,0,0,0,0,0,0,0,0,0,0,0,0,0,0
1006,Erignathus barbatus,0,2,0,0,0,0,1,0,0,0,0,0,0,0,0,0
1007,Eropeplus canus,0,0,0,0,0,0,0,0,0,0,0,0,0,0,0,0
1008,Erophylla sezekorni,0,0,0,0,0,0,0,0,0,0,0,0,1,0,0,0
1009,Eschrichtius robustus,0,0,0,0,0,0,1,0,0,0,0,0,0,0,1,0
1010,Eubalaena australis,0,0,0,0,0,0,1,0,0,0,0,0,1,0,0,0
1011,Euchoreutes naso,0,0,0,0,0,0,0,0,0,0,0,0,0,0,0,0
1012,Euderma maculatum,0,0,0,0,0,0,0,0,0,0,0,0,1,0,1,1
1013,Eudiscopus denticulus,0,0,0,0,0,0,0,0,0,0,0,0,0,0,0,0
1014,Eulemur coronatus,0,0,0,0,0,0,0,0,0,0,0,0,0,0,0,0
1015,Eulemur mongoz,0,0,0,0,0,0,0,0,0,0,0,0,0,0,0,0
1016,Eulemur rubriventer,0,0,0,0,0,0,0,0,0,0,0,0,0,0,0,0
1017,Eulemur albifrons,0,0,0,3,0,0,0,0,0,0,0,2,0,0,0,0
1018,Eulemur cinereiceps,0,0,0,0,0,0,0,0,0,0,0,0,0,0,0,0
1019,Eulemur collaris,0,0,0,0,0,0,0,0,0,0,0,0,0,0,0,0
1020,Eulemur fulvus,0,0,0,0,0,0,0,0,0,0,0,0,0,0,0,0
1021,Eulemur rufus,0,0,0,0,0,0,0,0,0,0,0,0,0,0,0,0
1022,Eulemur sanfordi,0,0,0,0,0,0,0,0,0,0,0,0,0,0,0,0
1023,Eulemur flavifrons,0,0,0,0,0,0,0,0,0,0,0,0,0,0,0,0
1024,Eulemur macaco,0,0,0,0,0,0,0,0,0,0,0,0,0,0,0,0
1025,Eumetopias jubatus,0,1,0,0,0,0,2,0,0,1,0,0,0,0,0,0
1026,Eumops auripendulus,0,0,0,0,0,0,0,0,0,0,0,1,0,0,0,0
1027,Eumops dabbenei,0,0,0,0,0,0,0,0,0,0,0,0,0,0,0,0
1028,Eumops hansae,0,0,0,0,0,0,0,0,0,0,0,0,0,0,0,0
1029,Eumops maurus,0,0,0,0,0,0,0,0,0,0,0,1,0,0,0,0
1030,Eumops perotis,0,0,0,0,0,0,0,0,0,0,0,0,0,0,0,0
1031,Eumops underwoodi,0,0,0,0,0,0,0,0,0,0,0,0,0,0,0,0
1032,Euneomys chinchilloides,0,0,0,0,0,0,0,0,0,0,0,0,0,0,0,0
1033,Euneomys mordax,0,0,0,0,0,0,0,0,0,0,0,0,0,0,0,0
1034,Euneomys petersoni,0,0,0,0,0,0,0,0,0,0,0,0,0,0,0,0
1035,Euoticus elegantulus,0,0,0,0,0,0,0,0,0,0,0,0,0,0,0,0
1036,Euoticus pallidus,0,0,0,1,0,0,0,0,0,0,0,1,0,1,0,0
1037,Eupetaurus cinereus,0,0,0,1,0,0,0,0,0,0,0,1,1,1,0,0
1038,Euphractus sexcinctus,0,0,0,0,0,0,0,0,2,0,0,0,0,0,0,0
1039,Euroscaptor mizura,0,0,0,1,0,0,0,0,0,0,0,0,0,0,0,0
1040,Euroscaptor parvidens,0,0,0,0,0,0,0,0,0,0,0,0,0,0,0,0
1041,Euryzygomatomys spinosus,0,0,0,0,0,0,0,0,0,0,0,0,0,0,0,0
1042,Exilisciurus concinnus,0,0,0,0,0,0,0,0,0,0,0,0,0,0,0,0
1043,Exilisciurus exilis,0,0,0,0,0,0,0,0,0,0,0,0,0,0,0,0
1044,Exilisciurus whiteheadi,0,0,0,0,0,0,0,0,0,0,0,0,0,0,0,0
1045,Felis bieti,0,0,0,0,0,0,0,0,0,0,0,0,0,0,0,0
1046,Felis chaus,1,0,0,1,0,0,0,0,1,0,1,1,0,0,1,0
1047,Felis margarita,0,1,0,0,0,0,0,0,1,1,1,0,1,0,0,0
1048,Felis nigripes,0,1,0,1,0,0,0,0,1,1,1,0,1,0,0,0
1049,Felovia vae,0,0,0,0,0,0,0,0,0,0,0,0,0,0,0,0
1050,Feresa attenuata,0,0,0,0,0,0,1,0,0,0,0,0,0,0,1,0
1051,Feroculus feroculus,0,0,0,0,0,0,0,0,0,0,0,0,0,0,0,0
1052,Fossa fossana,0,0,0,2,0,0,0,0,2,2,0,2,0,0,0,0
1053,Funambulus layardi,0,0,0,0,0,0,0,0,0,0,0,0,0,0,0,0
1054,Funambulus palmarum,0,0,0,0,0,0,0,0,0,0,0,0,0,0,0,0
1055,Funambulus pennantii,0,0,0,0,0,0,0,0,0,0,0,0,0,0,0,0
1056,Funambulus tristriatus,0,0,0,0,0,0,0,0,0,0,0,0,0,0,0,0
1057,Funisciurus carruthersi,0,0,0,0,0,0,0,0,0,0,0,0,0,0,0,0
1058,Funisciurus anerythrus,0,0,0,0,0,0,0,0,0,0,0,0,0,0,0,0
1059,Funisciurus bayonii,0,0,0,0,0,0,0,0,0,0,0,0,0,0,0,0
1060,Funisciurus congicus,0,0,0,0,0,0,0,0,0,0,0,0,0,0,0,0
1061,Funisciurus isabella,0,0,0,0,0,0,0,0,0,0,0,0,0,0,0,0
1062,Funisciurus lemniscatus,0,0,0,0,0,0,0,0,0,0,0,0,0,0,0,0
1063,Funisciurus leucogenys,0,0,0,0,0,0,0,0,0,0,0,0,0,0,0,0
1064,Funisciurus pyrropus,0,0,0,0,0,0,0,0,0,0,0,0,0,0,0,0
1065,Funisciurus substriatus,0,1,0,1,0,0,0,0,1,0,0,0,0,0,0,0
1066,Furipterus horrens,0,0,0,0,0,0,0,0,0,0,0,0,0,0,0,0
1067,Sciurocheirus alleni,0,0,0,2,0,0,0,0,1,0,0,1,0,0,0,0
1068,Galago gallarum,0,0,0,0,0,0,0,0,0,0,0,0,0,0,0,0
1069,Galago matschiei,0,0,0,0,0,0,0,0,0,0,0,0,0,0,0,0
1070,Galago moholi,0,0,0,0,0,0,0,0,0,0,0,0,0,0,0,0
1071,Galago senegalensis,0,0,0,0,0,0,0,0,0,0,0,0,0,0,0,0
1072,Paragalago zanzibaricus,0,0,0,1,0,0,0,0,0,0,0,2,1,1,0,0
1073,Galea flavidens,0,0,0,0,0,0,0,0,0,0,0,0,0,0,0,0
1074,Galea spixii,0,0,0,0,0,0,0,0,0,0,0,0,0,0,0,0
1075,Galemys pyrenaicus,0,2,0,0,2,0,1,0,0,2,0,0,0,0,1,1
1076,Galenomys garleppi,0,0,0,0,0,0,0,0,0,0,0,0,0,0,0,0
1077,Galidictis fasciata,0,0,0,2,0,0,0,0,0,2,0,2,0,0,0,0
1078,Galidictis grandidieri,0,0,0,2,0,0,0,0,0,0,2,0,0,0,0,0
1079,Gazella cuvieri,0,0,1,2,0,0,0,0,1,0,2,0,0,0,0,0
1080,Nanger dama,0,0,2,0,0,0,0,0,3,0,2,0,0,0,0,1
1081,Gazella dorcas,0,1,0,0,0,0,0,0,2,0,1,0,0,0,0,0
1082,Nanger granti,0,0,0,0,0,0,0,0,1,0,1,0,0,0,0,0
1083,Gazella leptoceros,0,1,0,0,0,0,0,0,2,0,1,0,0,0,0,0
1084,Eudorcas rufifrons,0,1,0,0,0,0,0,0,2,0,2,0,1,0,0,0
1085,Gazella spekei,0,1,0,0,0,0,0,0,1,0,1,0,0,0,0,0
1086,Gazella subgutturosa,0,1,0,0,0,0,0,0,2,0,2,0,1,0,0,1
1087,Gazella marica,0,0,0,0,0,0,0,0,2,0,1,0,0,0,0,0
1088,Gazella bennettii,0,0,0,0,0,0,0,0,2,0,2,0,1,0,0,0
1089,Gazella saudiya,0,0,0,0,0,0,0,0,0,0,0,0,0,0,0,0
1090,Eudorcas thomsonii,0,0,0,0,0,0,0,0,2,0,0,0,0,0,0,0
1091,Gazella bilkis,0,0,0,0,0,0,0,0,0,0,0,0,0,0,0,0
1092,Gazella gazella,0,0,0,0,1,0,0,0,1,0,0,0,1,0,0,0
1093,Eudorcas tilonura,0,2,0,0,0,0,0,0,2,0,2,0,0,0,0,0
1094,Eudorcas albonotata,0,0,0,0,0,0,0,0,0,0,0,0,0,0,0,0
1095,Genetta abyssinica,0,0,0,0,0,0,0,0,0,0,0,0,0,0,0,0
1096,Genetta johnstoni,0,0,0,1,0,0,0,0,1,0,0,1,1,0,0,0
1097,Genetta cristata,0,0,0,1,0,0,0,0,2,0,0,0,1,0,0,0
1098,Geocapromys brownii,0,0,0,1,0,0,0,0,1,0,0,0,0,0,0,0
1099,Geocapromys ingrahami,0,1,0,0,0,0,0,0,0,1,0,0,0,0,0,0
1100,Geocapromys thoracatus,0,0,0,0,0,0,0,0,0,0,0,0,0,0,0,0
1101,Geocapromys columbianus,0,0,0,0,0,0,0,0,0,0,0,0,0,0,0,0
1102,Geogale aurita,0,0,0,0,0,0,0,0,0,0,0,0,0,0,0,0
1103,Geomys arenarius,0,1,0,0,0,1,0,0,0,0,1,0,0,0,0,0
1104,Geomys personatus,0,0,0,0,0,0,0,0,0,0,0,0,0,0,0,0
1105,Geomys tropicalis,0,0,0,1,0,0,0,0,0,0,0,0,1,0,0,0
1106,Geomys texensis,0,0,0,0,0,0,0,0,0,0,0,0,0,0,0,0
1107,Georychus capensis,0,1,0,1,0,1,0,0,0,0,0,0,1,1,0,0
1108,Geoxus valdivianus,0,0,0,0,0,0,0,0,0,0,0,0,0,0,0,0
1109,Gerbillurus paeba,0,0,0,0,0,0,0,0,0,0,0,0,0,0,0,0
1110,Gerbillurus setzeri,0,0,0,0,0,0,0,0,0,0,0,0,0,0,0,0
1111,Gerbillurus tytonis,0,0,0,0,0,0,0,0,0,0,0,0,0,0,0,0
1112,Gerbillurus vallinus,0,0,0,0,0,0,0,0,0,0,1,0,0,0,0,0
1113,Gerbillus acticola,0,0,0,0,0,0,0,0,0,0,0,0,0,0,0,0
1114,Gerbillus maghrebi,0,0,0,0,0,0,0,0,0,0,0,0,0,0,0,0
1115,Gerbillus muriculus,0,0,0,0,0,0,0,0,0,0,0,0,0,0,0,0
1116,Gerbillus nancillus,0,0,0,0,0,0,0,0,0,0,0,0,0,0,0,0
1117,Gerbillus rosalinda,0,0,0,0,0,0,0,0,0,0,0,0,0,0,0,0
1118,Gerbillus agag,0,0,0,0,0,0,0,0,0,0,0,0,0,0,0,0
1119,Gerbillus amoenus,0,0,0,0,0,0,0,0,0,0,0,0,0,0,0,0
1120,Gerbillus andersoni,0,0,0,0,0,0,0,0,0,0,0,0,0,0,0,0
1121,Gerbillus aquilus,0,0,0,0,0,0,0,0,0,0,0,0,0,0,0,0
1122,Gerbillus bottai,0,0,0,0,0,0,0,0,0,0,0,0,0,0,0,0
1123,Gerbillus brockmani,0,0,0,0,0,0,0,0,0,0,0,0,0,0,0,0
1124,Gerbillus burtoni,0,0,0,0,0,0,0,0,0,0,0,0,0,0,0,0
1125,Gerbillus cheesmani,0,0,0,0,0,0,0,0,0,0,0,0,0,0,0,0
1126,Gerbillus cosensis,0,0,0,0,0,0,0,0,0,0,0,0,0,0,0,0
1127,Gerbillus dasyurus,0,0,0,0,0,0,0,0,0,0,0,0,0,0,0,0
1128,Gerbillus dunni,0,0,0,0,0,0,0,0,0,0,0,0,0,0,0,0
1129,Gerbillus famulus,0,0,0,0,0,0,0,0,0,0,0,0,0,0,0,0
1130,Gerbillus floweri,0,0,0,0,0,0,0,0,0,0,0,0,0,0,0,0
1131,Gerbillus gerbillus,0,0,0,0,0,0,0,0,0,0,0,0,0,0,0,0
1132,Gerbillus gleadowi,0,0,0,1,0,0,0,0,0,1,1,0,1,0,1,0
1133,Gerbillus grobbeni,0,0,0,0,0,0,0,0,0,0,0,0,0,0,0,0
1134,Gerbillus harwoodi,0,0,0,0,0,0,0,0,0,0,0,0,0,0,0,0
1135,Gerbillus henleyi,0,0,0,0,0,0,0,0,0,0,0,0,0,0,0,0
1136,Gerbillus hesperinus,0,0,0,0,0,0,0,0,0,0,0,0,1,0,0,1
1137,Gerbillus hoogstraali,0,0,0,0,0,0,0,0,0,0,0,0,0,0,0,0
1138,Gerbillus jamesi,0,0,0,0,0,0,0,0,0,0,0,0,0,0,0,0
1139,Gerbillus juliani,0,0,0,0,0,0,0,0,0,0,0,0,0,0,0,0
1140,Gerbillus latastei,0,0,0,0,0,0,0,0,0,0,0,0,0,0,0,0
1141,Gerbillus lowei,0,0,0,0,0,0,0,0,0,0,0,0,0,0,0,0
1142,Gerbillus mackilligini,0,0,0,0,0,0,0,0,0,0,0,0,0,0,0,0
1143,Gerbillus mesopotamiae,0,0,0,0,0,0,0,0,0,0,0,0,0,0,0,0
1144,Gerbillus nanus,0,0,0,0,0,0,0,0,0,0,0,0,0,0,0,0
1145,Gerbillus nigeriae,0,0,0,0,0,0,0,0,0,0,0,0,0,0,0,0
1146,Gerbillus occiduus,0,0,0,0,0,0,0,0,0,0,0,0,0,0,0,0
1147,Gerbillus perpallidus,0,0,0,0,0,0,0,0,0,0,0,0,0,0,0,0
1148,Gerbillus poecilops,0,0,0,0,0,0,0,0,0,0,0,0,0,0,0,0
1149,Gerbillus principulus,0,0,0,0,0,0,0,0,0,0,0,0,0,0,0,0
1150,Gerbillus pulvinatus,0,0,0,0,0,0,0,0,0,0,0,0,0,0,0,0
1151,Gerbillus pusillus,0,0,0,0,0,0,0,0,0,0,0,0,0,0,0,0
1152,Gerbillus pyramidum,0,0,0,0,0,0,0,0,0,0,0,0,0,0,0,0
1153,Gerbillus simoni,0,0,0,0,0,0,0,0,0,0,0,0,0,0,0,0
1154,Gerbillus somalicus,0,0,0,0,0,0,0,0,0,0,0,0,0,0,0,0
1155,Gerbillus stigmonyx,0,0,0,0,0,0,0,0,0,0,0,0,0,0,0,0
1156,Gerbillus tarabuli,0,0,0,0,0,0,0,0,0,0,0,0,0,0,0,0
1157,Gerbillus watersi,0,0,0,0,0,0,0,0,0,0,0,0,0,0,0,0
1158,Giraffa camelopardalis,0,0,1,1,0,0,0,0,1,0,1,0,0,0,0,0
1159,Glaucomys volans,0,0,0,0,0,0,0,0,0,0,0,0,0,0,0,0
1160,Glironia venusta,0,0,0,0,0,0,0,0,0,0,0,0,0,0,0,0
1161,Glirulus japonicus,0,0,0,0,0,0,0,0,0,0,0,0,0,0,0,0
1162,Glischropus javanus,0,0,0,0,0,0,0,0,0,0,0,0,0,0,0,0
1163,Globicephala macrorhynchus,0,0,0,0,0,0,1,0,0,0,0,0,0,0,1,0
1164,Globicephala melas,0,0,0,0,0,0,1,0,0,1,0,0,0,0,1,0
1165,Glossophaga commissarisi,0,0,0,0,0,0,0,0,0,0,0,0,0,0,0,0
1166,Glossophaga leachii,0,0,0,0,0,0,0,0,0,0,0,0,0,0,0,0
1167,Glossophaga longirostris,0,1,0,0,0,0,0,0,0,0,1,0,0,0,0,0
1168,Glossophaga morenoi,0,0,0,0,0,0,0,0,0,0,0,0,0,0,0,0
1169,Glossophaga soricina,0,0,0,0,0,0,0,0,0,0,0,0,0,0,0,0
1170,Glyphotes simus,0,0,0,0,0,0,0,0,0,0,0,0,0,0,0,0
1171,Golunda ellioti,0,0,0,0,0,0,0,0,0,0,0,0,0,0,0,0
1172,Gorilla gorilla,0,2,0,2,0,0,0,0,3,2,0,2,1,0,0,0
1173,Gracilinanus aceramarcae,0,0,0,0,0,0,0,0,0,0,0,0,0,0,0,0
1174,Gracilinanus agilis,0,0,0,0,0,0,0,0,0,0,0,0,0,0,0,0
1175,Gracilinanus dryas,0,0,0,1,0,0,0,0,0,0,1,1,0,0,0,0
1176,Gracilinanus emiliae,0,0,0,0,0,0,0,0,0,0,0,0,0,0,0,0
1177,Gracilinanus marica,0,0,0,0,0,0,0,0,0,0,0,0,0,0,0,0
1178,Gracilinanus microtarsus,0,0,0,0,0,0,0,0,0,0,0,0,0,0,0,0
1179,Hyladelphys kalinowskii,0,0,0,0,0,0,0,0,0,0,0,0,0,0,0,0
1180,Grammomys aridulus,0,0,0,0,0,0,0,0,0,0,0,0,0,0,0,0
1181,Grammomys buntingi,0,0,0,0,0,0,0,0,0,0,0,0,0,0,0,0
1182,Grammomys caniceps,0,0,0,0,0,0,0,0,0,0,0,0,0,0,0,0
1183,Grammomys cometes,0,0,0,0,0,0,0,0,0,0,0,0,0,0,0,0
1184,Grammomys dolichurus,0,0,0,0,0,0,0,0,0,0,0,0,0,0,0,0
1185,Grammomys dryas,0,0,0,1,0,0,0,0,0,0,0,1,0,0,0,0
1186,Grammomys gigas,0,0,0,0,0,0,0,0,0,0,0,0,0,0,0,0
1187,Grammomys ibeanus,0,0,0,0,0,0,0,0,0,0,0,0,0,0,0,0
1188,Grammomys macmillani,0,0,0,0,0,0,0,0,0,0,0,0,0,0,0,0
1189,Grammomys minnae,0,0,0,1,0,0,0,0,0,0,0,0,0,0,0,0
1190,Grammomys kuru,0,0,0,0,0,0,0,0,0,0,0,0,0,0,0,0
1191,Grampus griseus,0,0,1,0,0,0,1,0,0,0,0,0,0,0,1,1
1192,Graomys domorum,0,0,0,0,0,0,0,0,0,0,0,0,0,0,0,0
1193,Graomys edithae,0,0,0,0,0,0,0,0,0,0,0,0,0,0,0,0
1194,Graomys griseoflavus,0,0,0,0,0,0,0,0,0,0,0,0,0,0,0,0
1195,Graphiurus christyi,0,0,0,0,0,0,0,0,0,0,0,0,0,0,0,0
1196,Graphiurus crassicaudatus,0,0,0,0,0,0,0,0,0,0,0,0,0,0,0,0
1197,Graphiurus kelleni,0,0,0,0,0,0,0,0,0,0,0,0,0,0,0,0
1198,Graphiurus lorraineus,0,0,0,0,0,0,0,0,0,0,0,0,0,0,0,0
1199,Graphiurus microtis,0,0,0,0,0,0,0,0,0,0,0,0,0,0,0,0
1200,Graphiurus monardi,0,0,0,0,0,0,0,0,0,0,0,0,0,0,0,0
1201,Graphiurus murinus,0,0,0,0,0,0,0,0,0,0,0,0,0,0,0,0
1202,Graphiurus ocularis,0,0,0,0,0,0,0,0,0,0,0,0,0,0,0,0
1203,Graphiurus platyops,0,0,0,0,0,0,0,0,0,0,0,0,0,0,0,0
1204,Graphiurus rupicola,0,0,0,0,0,0,0,0,0,0,0,0,0,0,0,0
1205,Graphiurus surdus,0,0,0,0,0,0,0,0,0,0,0,0,0,0,0,0
1206,Gulo gulo,0,0,0,0,0,0,0,0,1,0,1,0,0,0,0,0
1207,Gymnobelideus leadbeateri,0,0,0,0,0,3,0,0,0,0,0,2,0,0,0,0
1208,Gymnuromys roberti,0,0,0,1,0,1,0,0,0,1,0,0,0,0,0,0
1209,Habromys chinanteco,0,0,0,0,0,0,0,0,0,0,0,1,0,0,0,0
1210,Habromys lepturus,0,0,0,0,0,0,0,0,0,0,0,1,0,0,0,0
1211,Habromys lophurus,0,0,0,0,0,0,0,0,0,0,0,2,0,0,0,0
1212,Habromys simulatus,0,0,0,0,0,0,0,0,0,0,0,0,0,0,0,0
1213,Hadromys humei,0,0,0,1,0,1,0,0,1,0,0,1,0,0,0,0
1214,Haeromys margarettae,0,0,0,0,0,0,0,0,0,0,0,0,0,0,0,0
1215,Haeromys minahassae,0,0,0,0,0,0,0,0,0,0,0,0,0,0,0,0
1216,Haeromys pusillus,0,0,0,1,0,0,0,0,0,0,0,1,1,0,0,0
1217,Halichoerus grypus,0,1,0,0,0,0,1,0,0,0,0,0,0,0,1,0
1218,Hapalemur aureus,0,0,0,0,0,0,0,0,0,0,0,0,0,0,0,0
1219,Hapalemur griseus,0,0,0,0,0,0,0,0,0,0,0,0,0,0,0,0
1220,Prolemur simus,0,0,0,0,0,0,0,0,0,0,0,0,1,0,0,0
1221,Hapalemur alaotrensis,0,0,0,1,0,1,0,0,1,0,0,0,0,0,0,0
1222,Hapalemur occidentalis,0,0,0,0,0,0,0,0,0,0,0,0,0,0,0,0
1223,Hapalomys delacouri,0,0,0,0,0,0,0,0,0,0,0,1,1,0,0,0
1224,Hapalomys longicaudatus,0,0,0,0,0,0,0,0,0,0,0,0,0,0,0,0
1225,Haplonycteris fischeri,0,0,0,0,0,0,0,0,0,0,0,0,0,0,0,0
1226,Harpyionycteris whiteheadi,0,0,0,0,0,0,0,0,0,0,0,0,0,0,0,0
1227,Heimyscus fumosus,0,0,0,0,0,0,0,0,0,0,0,0,0,0,0,0
1228,Helarctos malayanus,0,0,0,0,2,0,0,0,2,0,0,0,1,2,0,0
1229,Heliophobius argenteocinereus,0,0,0,0,0,0,0,0,0,0,0,0,0,0,0,0
1230,Heliosciurus gambianus,0,0,0,0,0,0,0,0,0,0,0,0,0,0,0,0
1231,Heliosciurus mutabilis,0,0,0,0,0,0,0,0,0,0,0,0,0,0,0,0
1232,Heliosciurus punctatus,0,0,0,0,0,0,0,0,0,0,0,0,0,0,0,0
1233,Heliosciurus rufobrachium,0,0,0,0,0,0,0,0,0,0,0,0,0,0,0,0
1234,Heliosciurus ruwenzorii,0,0,0,0,0,0,0,0,0,0,0,0,0,0,0,0
1235,Heliosciurus undulatus,0,1,0,0,0,0,0,0,1,0,0,1,1,0,0,0
1236,Hemibelideus lemuroides,0,0,0,0,0,0,0,0,0,0,0,0,1,0,0,0
1237,Nilgiritragus hylocrius,0,0,0,1,0,0,0,0,1,1,1,0,0,0,0,0
1238,Arabitragus jayakari,0,2,0,0,2,0,0,0,1,2,2,0,1,0,0,0
1239,Hemitragus jemlahicus,0,1,1,2,1,1,0,1,2,1,2,1,1,0,0,1
1240,Herpailurus yagouaroundi,0,0,0,0,0,1,0,0,1,1,0,0,1,0,0,0
1241,Hesperoptenus blanfordi,0,0,0,0,0,0,0,0,0,0,0,0,0,0,0,0
1242,Hesperoptenus doriae,0,0,0,0,0,0,0,0,0,0,0,0,0,0,0,0
1243,Hesperoptenus gaskelli,0,0,0,0,0,0,0,0,0,0,0,0,0,0,0,0
1244,Hesperoptenus tickelli,0,0,0,0,0,0,0,0,0,0,0,0,0,0,0,0
1245,Hesperoptenus tomesi,0,0,0,1,0,1,0,0,0,0,0,1,0,0,0,0
1246,Heterocephalus glaber,0,0,0,0,0,0,0,0,0,0,0,0,0,0,0,0
1247,Heterohyrax brucei,0,0,0,0,0,0,0,0,1,0,0,0,0,0,0,0
1248,Heteromys australis,0,0,0,0,0,0,0,0,0,0,0,0,0,0,0,0
1249,Heteromys gaumeri,0,0,0,1,0,0,0,0,0,0,0,0,0,0,0,0
1250,Heteromys nelsoni,0,1,0,0,0,0,0,1,0,0,0,1,0,0,0,0
1251,Heteromys oresterus,0,0,0,0,0,0,0,0,0,0,0,0,0,0,0,0
1252,Heteropsomys insulans,0,0,0,0,0,0,0,0,0,0,0,0,0,0,0,0
1253,Choeropsis liberiensis,0,0,1,2,0,0,0,0,2,0,0,1,1,0,0,0
1254,Hexolobodon phenax,0,0,0,0,0,0,0,0,0,0,0,0,0,0,0,0
1255,Hippocamelus antisensis,0,0,0,1,0,1,0,0,1,1,1,0,1,0,1,1
1256,Hippocamelus bisulcus,0,0,0,1,1,1,0,0,1,1,1,1,1,1,0,1
1257,Hippopotamus amphibius,0,1,1,1,1,0,0,0,1,0,0,0,1,0,0,0
1258,Hipposideros papua,0,0,0,0,0,0,0,0,0,0,0,0,0,0,0,0
1259,Hipposideros ridleyi,0,0,0,0,0,0,0,0,0,0,0,0,0,0,0,0
1260,Hipposideros abae,0,0,0,0,0,0,0,0,0,0,0,0,0,0,0,0
1261,Hipposideros armiger,0,0,0,0,0,0,0,0,1,0,0,1,0,0,0,1
1262,Hipposideros beatus,0,0,0,0,0,0,0,0,0,0,0,0,0,0,0,0
1263,Hipposideros breviceps,0,0,0,0,0,0,0,0,0,0,0,0,0,0,0,0
1264,Hipposideros calcaratus,0,0,0,1,0,0,0,0,0,0,0,1,0,0,0,0
1265,Doryrhina camerunensis,0,0,0,0,0,0,0,0,0,0,0,0,0,0,0,0
1266,Hipposideros cervinus,0,0,0,0,0,0,0,0,0,0,0,0,0,0,0,0
1267,Hipposideros cineraceus,0,0,0,0,0,0,0,0,0,0,0,0,0,0,0,0
1268,Macronycteris commersonii,0,0,0,1,0,0,0,0,1,0,0,1,0,1,0,1
1269,Hipposideros coronatus,0,0,0,1,0,0,0,0,1,0,0,1,0,0,0,1
1270,Hipposideros corynophyllus,0,0,0,0,0,0,0,0,0,0,0,0,0,0,0,0
1271,Hipposideros coxi,0,0,0,0,0,0,0,0,1,0,0,0,1,0,0,0
1272,Hipposideros crumeniferus,0,0,0,0,0,0,0,0,0,0,0,0,0,0,0,0
1273,Hipposideros curtus,0,0,0,2,0,2,0,0,2,0,0,2,2,0,0,0
1274,Doryrhina cyclops,0,0,0,1,0,0,0,0,0,0,0,1,1,0,0,0
1275,Hipposideros demissus,0,3,0,2,0,0,0,0,3,2,0,0,0,2,0,3
1276,Hipposideros diadema,0,0,0,0,0,0,0,0,1,0,0,1,1,1,0,1
1277,Hipposideros dinops,0,0,0,2,0,2,0,1,1,2,0,2,2,0,0,2
1278,Hipposideros doriae,0,0,0,1,0,1,0,0,0,0,0,1,0,0,0,0
1279,Hipposideros durgadasi,0,0,0,0,0,0,0,0,0,0,0,0,0,0,0,0
1280,Hipposideros dyacorum,0,0,0,0,0,0,0,0,0,0,0,0,0,0,0,0
1281,Hipposideros edwardshilli,0,0,0,1,0,0,0,0,0,0,0,0,0,0,0,0
1282,Hipposideros fuliginosus,0,0,0,0,0,0,0,0,0,0,0,0,0,0,0,0
1283,Hipposideros fulvus,0,0,0,0,0,0,0,0,1,0,0,0,1,0,0,1
1284,Hipposideros galeritus,0,0,0,0,0,0,0,0,0,0,0,0,0,0,0,0
1285,Hipposideros halophyllus,0,0,0,0,0,0,0,0,1,0,1,1,1,0,1,1
1286,Hipposideros hypophyllus,0,0,0,0,0,0,0,0,0,0,0,1,1,0,0,0
1287,Hipposideros inexpectatus,0,0,0,0,0,0,0,0,0,0,0,0,0,0,0,0
1288,Hipposideros jonesi,0,0,0,1,0,0,0,0,0,0,0,0,1,1,0,1
1289,Hipposideros lamottei,0,0,0,1,0,0,0,0,0,0,0,0,1,1,0,0
1290,Hipposideros lankadiva,0,0,0,0,0,0,0,0,1,0,0,1,0,0,0,0
1291,Hipposideros lekaguli,0,0,0,0,0,0,0,0,1,0,0,0,1,0,0,1
1292,Hipposideros lylei,0,0,0,0,0,0,0,0,0,0,0,0,0,0,0,0
1293,Hipposideros macrobullatus,0,0,0,0,0,0,0,0,0,0,0,0,0,0,0,0
1294,Hipposideros madurae,0,0,0,0,0,0,0,0,0,0,0,2,2,2,0,2
1295,Hipposideros maggietaylorae,0,0,0,0,0,0,0,0,0,0,0,0,0,0,0,0
1296,Hipposideros marisae,0,0,0,1,0,0,0,0,0,0,0,0,1,1,0,1
1297,Hipposideros megalotis,0,0,0,0,0,0,0,0,0,0,0,0,0,0,0,0
1298,Hipposideros muscinus,0,0,0,0,0,0,0,0,0,0,0,0,0,0,0,0
1299,Hipposideros nequam,0,0,0,0,0,0,0,0,0,0,0,0,0,0,0,0
1300,Hipposideros obscurus,0,0,0,0,0,0,0,0,0,0,0,0,0,0,0,0
1301,Hipposideros pratti,0,0,0,0,0,0,0,0,0,0,0,0,0,0,0,0
1302,Hipposideros pygmaeus,0,0,0,1,1,0,0,0,1,0,0,1,1,0,0,0
1303,Hipposideros ruber,0,0,0,0,0,0,0,0,1,0,0,1,0,0,0,0
1304,Hipposideros semoni,0,0,0,0,0,0,0,0,0,0,0,0,0,0,0,0
1305,Hipposideros sorenseni,0,0,0,2,2,0,0,0,0,0,0,0,2,2,0,2
1306,Hipposideros speoris,0,0,0,0,0,0,0,0,1,0,0,0,1,0,0,0
1307,Hipposideros stenotis,0,0,0,0,0,0,0,0,0,0,0,0,0,0,0,0
1308,Hipposideros sumbae,0,0,0,0,0,0,0,0,0,0,0,0,0,0,0,0
1309,Hipposideros wollastoni,0,0,0,0,0,0,0,0,0,0,0,0,0,0,0,0
1310,Hippotragus equinus,0,0,0,1,0,0,0,0,1,0,1,0,1,0,0,0
1311,Hippotragus leucophaeus,0,0,0,0,0,0,0,0,0,0,0,0,0,0,0,0
1312,Hippotragus niger,0,0,1,1,0,0,0,0,2,0,1,0,1,0,0,0
1313,Histiotus alienus,0,0,0,0,0,0,0,0,0,0,0,0,0,0,0,0
1314,Histiotus macrotus,0,0,0,0,0,0,0,0,0,0,0,0,0,0,0,0
1315,Histiotus montanus,0,0,0,0,0,0,0,0,0,0,0,0,0,0,0,0
1316,Histiotus velatus,0,0,0,0,0,0,0,0,0,0,0,1,0,0,0,0
1317,Hodomys alleni,0,0,0,0,0,0,0,0,0,0,0,0,0,0,0,0
1318,Holochilus brasiliensis,0,0,0,1,0,0,0,0,0,0,0,1,0,0,0,0
1319,Holochilus chacarius,0,0,0,0,0,0,0,0,0,0,0,0,0,0,0,0
1320,Lundomys molitor,0,0,0,0,0,0,0,0,0,0,0,0,1,0,0,0
1321,Holochilus sciureus,0,0,0,0,0,0,0,0,0,0,0,0,0,0,0,0
1322,Hoplomys gymnurus,0,0,0,0,0,0,0,0,0,0,0,0,0,0,0,0
1323,Hyaena hyaena,0,0,0,1,0,0,0,0,1,1,0,0,1,0,0,0
1324,Parahyaena brunnea,0,0,0,0,0,0,0,0,1,0,0,0,1,0,0,0
1325,Hybomys basilii,0,0,0,0,0,0,0,0,0,0,0,0,0,0,0,0
1326,Hybomys lunaris,0,0,0,0,0,0,0,0,0,0,0,0,0,0,0,0
1327,Hybomys planifrons,0,0,0,0,0,0,0,0,0,0,0,0,0,0,0,0
1328,Hybomys trivirgatus,0,0,0,0,0,0,0,0,0,0,0,0,0,0,0,0
1329,Hybomys univittatus,0,0,0,0,0,0,0,0,0,0,0,0,0,0,0,0
1330,Hydrochoerus hydrochaeris,0,0,0,0,0,0,0,0,1,0,0,0,0,0,0,0
1331,Hydrodamalis gigas,0,0,0,0,0,0,0,0,0,0,0,0,0,0,0,0
1332,Hydromys chrysogaster,0,0,0,0,0,0,0,0,0,0,0,0,0,0,0,0
1333,Baiyankamys habbema,0,0,0,0,0,0,0,0,0,0,0,0,0,0,0,0
1334,Hydromys hussoni,0,0,0,0,0,0,0,0,0,0,0,0,0,0,0,0
1335,Hydromys neobritannicus,0,0,0,0,0,0,0,0,0,0,0,0,0,0,0,0
1336,Baiyankamys shawmayeri,0,0,0,0,0,0,0,0,0,0,0,0,0,0,0,0
1337,Hydropotes inermis,0,1,0,1,0,0,0,0,1,0,0,0,1,0,0,0
1338,Hydrurga leptonyx,0,2,0,0,0,0,1,0,0,0,0,0,0,0,0,0
1339,Hyemoschus aquaticus,0,0,0,1,0,0,0,0,1,0,0,1,1,0,0,0
1340,Hylobates agilis,0,0,0,1,0,1,0,0,1,0,0,1,1,1,0,0
1341,Hylobates klossii,0,0,0,1,0,0,0,0,1,0,0,1,0,1,0,0
1342,Hylobates lar,0,0,0,1,0,0,0,0,1,0,0,1,1,0,0,0
1343,Hylobates moloch,0,0,0,1,0,0,0,0,1,0,0,1,0,1,0,0
1344,Hylobates pileatus,0,0,0,1,1,1,0,0,1,0,0,1,1,0,0,0
1345,Neohylomys hainanensis,0,0,0,0,0,0,0,0,0,0,0,0,0,0,0,0
1346,Hylomys parvus,0,0,0,0,0,0,0,0,0,0,0,0,0,0,0,0
1347,Neotetracus sinensis,0,0,0,0,0,0,0,0,0,0,0,0,0,0,0,0
1348,Hylomyscus baeri,0,0,0,1,0,0,0,0,1,0,0,1,0,0,0,0
1349,Hylomyscus parvus,0,0,0,0,0,0,0,0,0,0,0,0,0,0,0,0
1350,Hylomyscus aeta,0,0,0,0,0,0,0,0,0,0,0,0,0,0,0,0
1351,Hylomyscus alleni,0,0,0,0,0,0,0,0,0,0,0,0,0,0,0,0
1352,Hylomyscus carillus,0,0,0,0,0,0,0,0,0,0,0,0,0,0,0,0
1353,Hylonycteris underwoodi,0,0,0,0,0,0,0,0,0,0,0,0,0,0,0,0
1354,Hylopetes alboniger,0,0,0,1,0,1,0,0,1,0,0,1,1,1,0,0
1355,Hylopetes bartelsi,0,0,0,0,0,0,0,0,0,0,0,0,0,0,0,0
1356,Hylopetes nigripes,0,0,0,0,0,0,0,0,0,0,0,0,0,0,0,0
1357,Hylopetes phayrei,0,0,0,0,0,0,0,0,0,0,0,0,0,0,0,0
1358,Hylopetes sipora,0,0,0,0,0,0,0,0,0,0,0,0,0,0,0,0
1359,Hylopetes spadiceus,0,0,0,0,0,0,0,0,0,0,0,0,0,0,0,0
1360,Hylopetes winstoni,0,0,0,0,0,0,0,0,0,0,0,0,0,0,0,0
1361,Hyomys dammermani,0,0,0,0,0,0,0,0,1,0,0,0,0,0,0,0
1362,Hyomys goliath,0,0,0,0,0,0,0,0,0,0,0,0,0,0,0,0
1363,Hyosciurus heinrichi,0,0,0,0,0,0,0,0,0,0,0,0,0,0,0,0
1364,Hyosciurus ileile,0,0,0,0,0,0,0,0,0,0,0,0,0,0,0,0
1365,Hyperacrius fertilis,0,0,0,0,0,0,0,0,0,0,1,0,1,0,0,0
1366,Hyperacrius wynnei,0,0,0,1,0,0,0,0,0,0,0,0,1,0,0,0
1367,Hyperoodon ampullatus,0,0,0,0,0,0,1,0,0,0,0,0,0,0,0,0
1368,Hyperoodon planifrons,0,0,0,0,0,0,0,0,0,0,0,0,0,0,1,0
1369,Hypogeomys antimena,0,0,0,1,0,0,0,0,1,1,1,1,0,0,0,0
1370,Hypsignathus monstrosus,0,0,0,1,0,0,0,0,1,0,0,1,0,0,0,0
1371,Hystrix cristata,0,0,0,0,0,0,0,0,0,0,0,0,0,0,0,0
1372,Hystrix africaeaustralis,0,0,0,0,0,0,0,0,0,0,0,0,0,0,0,0
1373,Hystrix brachyura,0,0,0,0,0,0,0,0,0,0,0,0,0,0,0,0
1374,Hystrix crassispinis,0,0,0,0,0,0,0,0,0,0,0,0,0,0,0,0
1375,Hystrix indica,0,0,0,0,0,0,0,0,0,0,0,0,0,0,0,0
1376,Hystrix javanica,0,0,0,0,0,0,0,0,0,0,0,0,0,0,0,0
1377,Hystrix pumila,0,0,0,0,0,0,0,0,1,0,0,1,0,0,0,0
1378,Hystrix sumatrae,0,0,0,0,0,0,0,0,0,0,0,0,0,0,0,0
1379,Ia io,0,0,0,0,0,0,0,0,0,0,0,1,1,0,0,0
1380,Ichthyomys hydrobates,0,0,0,1,0,0,0,0,0,0,0,0,0,0,2,0
1381,Ichthyomys pittieri,0,0,0,2,0,0,0,0,0,0,2,2,0,0,1,0
1382,Ichthyomys stolzmanni,0,0,0,0,0,0,0,0,0,0,0,0,0,0,0,0
1383,Ichthyomys tweedii,0,0,0,0,0,0,0,0,0,0,0,0,0,0,0,0
1384,Idionycteris phyllotis,0,0,0,0,0,0,0,0,0,0,0,0,1,0,0,1
1385,Idiurus macrotis,0,0,0,0,0,0,0,0,0,0,0,0,0,0,0,0
1386,Idiurus zenkeri,0,0,0,0,0,0,0,0,0,0,0,0,0,0,0,0
1387,Indri indri,0,0,0,0,0,0,0,0,0,0,0,0,0,0,0,0
1388,Inia geoffrensis,0,0,0,0,2,0,2,0,0,0,0,0,2,0,0,0
1389,Iomys horsfieldii,0,0,0,0,0,0,0,0,0,0,0,0,0,0,0,0
1390,Iomys sipora,0,0,0,1,0,0,0,0,0,0,0,1,1,0,0,0
1391,Irenomys tarsalis,0,0,0,0,0,0,0,0,0,0,0,1,0,0,0,0
1392,Isolobodon montanus,0,0,0,0,0,0,0,0,0,0,0,0,0,0,0,0
1393,Isolobodon portoricensis,0,0,0,0,0,0,0,0,0,0,0,0,0,0,0,0
1394,Isoodon auratus,0,0,0,0,0,1,0,0,0,2,0,0,0,0,0,0
1395,Isothrix pagurus,0,0,0,0,0,0,0,0,0,0,0,0,0,0,0,0
1396,Isthmomys flavidus,0,0,0,0,0,0,0,0,0,0,0,1,0,0,0,0
1397,Isthmomys pirrensis,0,0,0,0,0,0,0,0,0,0,0,1,0,0,0,0
1398,Jaculus blanfordi,0,0,0,1,0,0,0,0,1,0,0,0,0,0,0,0
1399,Jaculus jaculus,0,0,0,0,0,0,0,0,1,0,0,0,0,0,0,0
1400,Jaculus orientalis,0,0,0,0,0,0,0,0,1,0,0,0,0,0,0,0
1401,Juscelinomys candango,0,0,0,0,0,0,0,0,0,0,0,0,2,0,0,0
1402,Kadarsanomys sodyi,0,0,0,1,0,0,0,0,0,0,0,0,0,0,0,0
1403,Kannabateomys amblyonyx,0,0,0,0,0,1,0,0,0,0,1,1,0,0,0,0
1404,Kerivoula africana,0,0,0,2,0,0,0,0,0,0,0,2,0,2,0,0
1405,Phoniscus aerosus,0,0,0,0,0,0,0,0,0,0,0,0,0,0,0,0
1406,Kerivoula agnella,0,0,0,2,0,0,0,0,0,0,0,0,2,2,2,0
1407,Kerivoula argentata,0,0,0,0,0,0,0,0,0,0,0,0,0,0,0,0
1408,Phoniscus atrox,0,0,0,1,0,1,0,0,0,0,0,1,0,0,0,0
1409,Kerivoula cuprosa,0,0,0,0,0,0,0,0,0,0,0,0,0,0,0,0
1410,Kerivoula eriophora,0,0,0,0,0,0,0,0,0,0,0,0,0,0,0,0
1411,Kerivoula flora,0,0,0,0,0,0,0,0,0,0,0,0,0,0,0,0
1412,Kerivoula intermedia,0,0,0,0,0,0,0,0,0,0,0,0,0,0,0,0
1413,Phoniscus jagorii,0,0,0,0,0,0,0,0,0,0,0,0,0,0,0,0
1414,Kerivoula lanosa,0,0,0,0,0,0,0,0,0,0,0,0,0,0,0,0
1415,Kerivoula minuta,0,0,0,0,0,0,0,0,0,0,0,0,0,0,0,0
1416,Kerivoula muscina,0,0,0,0,0,0,0,0,0,0,0,0,0,0,0,0
1417,Kerivoula myrella,0,0,0,2,0,0,0,0,0,0,0,0,0,2,2,0
1418,Kerivoula papillosa,0,0,0,0,0,0,0,0,0,0,0,0,0,0,0,0
1419,Phoniscus papuensis,0,1,0,1,0,1,0,0,0,1,0,1,1,0,1,0
1420,Kerivoula pellucida,0,0,0,1,0,1,0,0,0,0,0,1,1,1,0,0
1421,Kerivoula phalaena,0,0,0,0,0,0,0,0,0,0,0,0,0,0,0,0
1422,Kerivoula picta,0,0,0,0,0,0,0,0,1,0,0,1,1,0,1,1
1423,Kerivoula smithii,0,0,0,0,0,0,0,0,0,0,0,0,0,0,0,0
1424,Kerivoula whiteheadi,0,0,0,0,0,0,0,0,0,0,0,0,0,0,0,0
1425,Kerodon rupestris,0,0,0,0,0,0,0,0,0,0,0,0,0,0,0,0
1426,Kobus leche,0,1,0,0,1,0,0,0,2,1,1,0,0,0,0,0
1427,Kobus megaceros,0,0,2,0,1,0,0,0,2,0,2,0,0,0,0,0
1428,Kobus ellipsiprymnus,0,0,0,0,0,0,0,0,1,0,0,0,0,0,0,0
1429,Kobus kob,0,1,1,1,1,0,0,0,2,0,1,0,1,0,0,0
1430,Kobus vardonii,0,0,0,2,0,0,0,0,2,0,2,0,1,0,0,0
1431,Kogia breviceps,0,0,0,0,0,0,1,0,0,0,0,0,0,0,1,0
1432,Kogia sima,0,0,0,0,0,0,0,0,0,0,0,0,0,0,1,0
1433,Komodomys rintjanus,0,0,0,0,0,0,0,0,0,0,0,0,0,0,0,0
1434,Kunsia tomentosus,0,0,0,1,0,0,0,0,0,0,1,0,0,0,0,0
1435,Gyldenstolpia fronto,0,0,0,0,0,0,0,0,0,0,0,0,0,0,0,0
1436,Laephotis angolensis,0,0,0,0,0,0,0,0,0,0,0,0,0,0,0,0
1437,Laephotis botswanae,0,0,0,0,0,0,0,0,0,0,0,0,0,0,0,0
1438,Laephotis namibensis,0,0,0,0,0,0,0,0,0,0,0,0,0,0,0,0
1439,Laephotis wintoni,0,0,0,0,0,0,0,0,0,0,0,0,0,0,0,0
1440,Lagenodelphis hosei,0,0,0,0,0,0,1,0,0,0,0,0,0,0,0,0
1441,Lagenorhynchus acutus,0,0,0,0,0,0,1,0,0,0,0,0,0,0,0,0
1442,Lagenorhynchus albirostris,0,0,0,0,0,0,1,0,0,0,0,0,0,0,0,0
1443,Lagenorhynchus australis,1,0,0,0,0,0,1,0,0,0,0,0,1,0,0,0
1444,Lagenorhynchus cruciger,0,0,0,0,0,0,0,0,0,0,0,0,0,0,0,0
1445,Lagenorhynchus obliquidens,0,0,0,0,0,0,1,0,0,0,0,0,0,0,0,0
1446,Lagenorhynchus obscurus,0,0,0,0,0,0,1,0,0,0,0,0,0,0,0,0
1447,Lagidium viscacia,0,0,0,0,0,0,0,0,1,0,0,0,0,0,0,0
1448,Lagidium wolffsohni,0,0,0,0,0,0,0,0,1,0,0,0,0,0,0,0
1449,Lagorchestes asomatus,0,0,0,0,0,1,0,0,0,2,0,0,0,0,0,0
1450,Lagorchestes conspicillatus,0,0,0,0,0,1,0,0,0,1,1,0,0,0,0,0
1451,Lagorchestes hirsutus,0,0,0,0,0,1,0,0,0,1,0,0,0,0,0,0
1452,Lagorchestes leporides,0,0,0,0,0,0,0,0,0,2,0,0,0,0,0,0
1453,Lagostomus maximus,0,0,0,0,0,0,0,0,1,0,0,0,0,0,0,0
1454,Lagostrophus fasciatus,0,2,0,0,0,2,0,0,0,1,0,0,0,0,0,0
1455,Lagurus lagurus,0,0,0,0,0,0,0,0,0,0,0,0,0,0,0,0
1456,Lama guanicoe,0,1,0,1,1,1,0,0,1,1,1,0,1,0,0,1
1457,Lamottemys okuensis,0,0,0,1,0,0,0,0,0,0,1,1,0,0,0,0
1458,Lariscus hosei,0,0,0,0,0,0,0,0,0,0,0,0,0,0,0,0
1459,Lariscus insignis,0,0,0,0,0,0,0,0,0,0,0,0,0,0,0,0
1460,Lariscus niobe,0,0,0,0,0,0,0,0,0,0,0,0,0,0,0,0
1461,Lariscus obscurus,0,0,0,0,0,0,0,0,0,1,0,0,1,0,0,0
1462,Lasionycteris noctivagans,0,0,0,0,0,0,0,0,0,0,0,1,0,1,0,0
1463,Lasiopodomys brandtii,0,0,0,0,0,0,0,0,1,0,0,0,0,0,0,0
1464,Neodon fuscus,0,0,0,0,0,0,0,0,0,0,0,0,0,0,0,0
1465,Lasiopodomys mandarinus,0,0,0,0,0,0,0,0,0,0,0,0,0,0,0,0
1466,Lasiorhinus krefftii,0,1,0,0,0,1,0,0,0,1,0,0,0,0,0,0
1467,Lasiurus cinereus,0,0,0,0,0,0,0,0,0,0,0,0,0,0,0,0
1468,Lasiurus borealis,0,0,0,0,0,0,0,0,0,0,0,0,0,0,0,0
1469,Lasiurus castaneus,0,0,0,0,0,0,0,0,0,0,0,0,0,0,0,0
1470,Lasiurus ebenus,0,0,0,0,0,0,0,0,0,0,0,0,1,0,0,0
1471,Lasiurus ega,0,0,0,0,0,0,0,0,0,0,0,0,0,0,0,0
1472,Lasiurus egregius,0,0,0,0,0,0,0,0,0,0,0,0,0,0,0,0
1473,Lasiurus intermedius,0,0,0,0,0,0,0,0,0,0,0,0,0,0,0,0
1474,Lasiurus seminolus,0,0,0,0,0,0,0,0,0,0,0,0,0,0,0,0
1475,Latidens salimalii,0,0,0,1,0,0,0,0,1,0,0,1,0,0,0,0
1476,Lavia frons,0,0,0,0,0,0,0,0,0,0,0,0,0,0,0,0
1477,Leggadina lakedownensis,0,0,0,0,0,2,0,0,0,2,2,0,0,0,0,0
1478,Leggadina forresti,0,0,0,0,0,0,0,0,0,0,0,0,0,0,0,0
1479,Leimacomys buettneri,0,0,0,0,0,0,0,0,0,0,0,0,0,0,0,0
1480,Lemmus amurensis,0,0,0,0,0,0,0,0,0,0,0,0,0,0,0,0
1481,Lemmus lemmus,0,0,0,0,0,0,0,0,0,0,0,0,0,0,0,0
1482,Lemmus sibiricus,0,0,0,0,0,0,0,0,0,0,0,0,0,0,0,0
1483,Lemniscomys mittendorfi,0,0,0,0,0,0,0,0,0,0,0,0,0,0,0,0
1484,Lemniscomys barbarus,0,0,0,0,0,0,0,0,0,0,0,0,0,0,0,0
1485,Lemniscomys bellieri,0,0,0,0,0,0,0,0,0,0,0,0,0,0,0,0
1486,Lemniscomys griselda,0,0,0,0,0,0,0,0,0,0,0,0,0,0,0,0
1487,Lemniscomys hoogstraali,0,0,0,0,0,0,0,0,0,0,0,0,0,0,0,0
1488,Lemniscomys linulus,0,0,0,0,0,0,0,0,0,0,0,0,0,0,0,0
1489,Lemniscomys macculus,0,0,0,0,0,0,0,0,0,0,0,0,0,0,0,0
1490,Lemniscomys rosalia,0,0,0,0,0,0,0,0,0,0,0,0,0,0,0,0
1491,Lemniscomys roseveari,0,0,0,0,0,0,0,0,0,0,0,1,0,0,0,0
1492,Lemniscomys striatus,0,0,0,0,0,0,0,0,0,0,0,0,0,0,0,0
1493,Lemur catta,0,0,0,0,0,0,0,0,0,0,0,0,0,0,0,0
1494,Lenomys meyeri,0,0,0,0,0,0,0,0,0,0,0,0,0,0,0,0
1495,Lenothrix canus,0,0,0,0,0,0,0,0,0,0,0,0,0,0,0,0
1496,Lenoxus apicalis,0,0,0,0,0,0,0,0,0,0,0,0,0,0,0,0
1497,Leontopithecus caissara,0,0,0,1,0,0,0,0,1,0,1,1,0,0,0,1
1498,Leontopithecus chrysopygus,0,1,0,1,0,1,0,0,0,1,1,1,0,1,0,0
1499,Leontopithecus rosalia,0,0,0,1,0,1,0,0,0,0,1,0,1,0,0,0
1500,Leopardus pardalis,0,0,0,1,1,1,0,0,1,1,1,1,1,1,1,0
1501,Leopardus wiedii,0,0,0,1,1,1,0,0,1,1,1,1,1,1,1,1
1502,Leopoldamys edwardsi,0,0,0,0,0,0,0,0,0,0,0,0,0,0,0,0
1503,Leopoldamys neilli,0,0,0,0,0,0,0,0,0,0,0,0,0,0,0,0
1504,Leopoldamys sabanus,0,0,0,0,0,0,0,0,0,0,0,0,0,0,0,0
1505,Leopoldamys siporanus,0,0,0,1,0,0,0,0,0,0,0,1,0,0,0,0
1506,Lepilemur edwardsi,0,0,0,0,0,0,0,0,0,0,0,0,0,0,0,0
1507,Lepilemur leucopus,0,0,0,0,0,0,0,0,0,0,0,0,0,0,0,0
1508,Lepilemur microdon,0,0,0,0,0,0,0,0,0,0,0,0,0,0,0,0
1509,Lepilemur mustelinus,0,0,0,0,0,0,0,0,0,0,0,0,0,0,0,0
1510,Lepilemur ruficaudatus,0,0,0,0,0,0,0,0,0,0,0,0,0,0,0,0
1511,Lepilemur septentrionalis,0,0,0,0,0,0,0,0,0,0,0,0,0,0,0,0
1512,Leporillus apicalis,0,0,0,0,0,0,0,0,0,2,1,0,0,0,0,0
1513,Leporillus conditor,0,1,0,0,0,0,0,0,0,0,0,0,0,0,0,0
1514,Leptailurus serval,0,0,0,1,0,1,0,0,1,1,1,0,0,0,0,0
1515,Leptomys elegans,0,0,0,0,0,0,0,0,0,0,0,0,0,0,0,0
1516,Leptomys ernstmayri,0,0,0,0,0,0,0,0,0,0,0,0,0,0,0,0
1517,Leptomys signatus,0,0,0,0,0,0,0,0,0,0,0,0,0,0,0,0
1518,Leptonychotes weddellii,0,0,0,0,0,0,0,0,0,0,0,0,0,0,0,0
1519,Leptonycteris nivalis,0,0,0,1,0,0,0,0,1,1,0,0,0,0,0,1
1520,Leptonycteris curasoae,0,0,0,0,0,0,0,0,1,1,0,0,1,0,0,1
1521,Lepus flavigularis,0,1,0,1,0,1,0,0,1,1,1,0,1,0,0,1
1522,Lepus timidus,0,0,0,0,0,0,0,0,0,0,0,0,0,0,0,0
1523,Lepus callotis,0,0,0,1,0,0,0,0,1,1,1,1,0,0,0,0
1524,Lepus hainanus,0,0,0,1,0,0,0,0,1,1,0,0,1,0,0,1
1525,Lepus insularis,0,0,0,0,0,0,0,0,0,1,1,0,0,0,0,1
1526,Lepus othus,0,0,0,0,0,0,0,0,0,0,0,0,0,0,0,0
1527,Lepus yarkandensis,0,0,0,0,0,0,0,0,1,0,0,0,1,0,0,0
1528,Lepus castroviejoi,0,0,0,0,0,0,0,0,1,0,0,0,1,0,0,0
1529,Lepus fagani,0,0,0,0,0,0,0,0,0,0,0,0,0,0,0,0
1530,Lestodelphys halli,0,0,0,0,0,0,0,0,0,0,0,0,0,0,0,0
1531,Liberiictis kuhni,0,0,0,1,0,0,0,0,2,0,0,1,1,0,0,0
1532,Limnogale mergulus,0,0,0,1,0,0,1,0,0,0,0,1,0,0,1,0
1533,Limnomys sibuanus,0,0,0,0,0,0,0,0,0,0,0,0,0,0,0,0
1534,Heteromys adspersus,0,0,0,0,0,0,0,0,0,0,0,0,0,0,0,0
1535,Heteromys irroratus,0,0,0,0,0,0,0,0,0,0,0,0,0,0,0,0
1536,Heteromys pictus,0,0,0,0,0,0,0,0,0,0,0,1,0,0,0,0
1537,Heteromys salvini,0,0,0,0,0,0,0,0,0,0,0,0,0,0,0,0
1538,Heteromys spectabilis,0,0,0,0,0,0,0,0,0,0,0,0,0,0,0,0
1539,Lionycteris spurrelli,0,0,0,0,0,0,0,0,0,0,0,0,0,0,0,0
1540,Lipotes vexillifer,0,0,0,0,3,0,3,0,0,0,0,0,2,0,0,0
1541,Lissodelphis borealis,0,0,0,0,0,0,1,0,0,0,0,0,0,0,0,0
1542,Lissodelphis peronii,0,0,0,0,0,0,1,0,0,0,0,0,0,0,0,0
1543,Litocranius walleri,0,0,0,0,0,0,0,0,2,0,2,0,0,0,0,0
1544,Lobodon carcinophaga,0,1,0,0,0,0,0,0,0,0,0,0,0,0,0,1
1545,Lonchophylla bokermanni,0,0,0,1,0,0,0,0,0,0,0,0,0,0,0,0
1546,Lonchophylla dekeyseri,0,0,0,0,0,0,0,0,1,0,0,0,1,0,0,1
1547,Lonchophylla handleyi,0,0,0,0,0,0,0,0,0,0,1,0,1,0,0,1
1548,Lonchophylla hesperia,0,0,0,1,0,0,0,0,0,0,0,0,0,0,0,0
1549,Lonchophylla mordax,0,0,0,0,0,0,0,0,0,0,0,1,0,0,0,0
1550,Lonchophylla robusta,0,0,0,0,0,0,0,0,0,0,0,0,0,0,0,0
1551,Lonchophylla thomasi,0,0,0,0,0,0,0,0,0,0,0,0,0,0,0,0
1552,Lonchorhina aurita,0,0,0,0,0,0,0,0,0,0,0,0,0,0,0,0
1553,Lonchorhina fernandezi,0,0,0,0,0,0,0,0,1,0,0,0,0,0,0,1
1554,Lonchorhina marinkellei,0,0,1,1,0,0,0,0,0,0,0,0,0,0,0,0
1555,Lonchorhina orinocensis,0,0,0,0,0,0,0,0,1,0,0,1,1,0,0,0
1556,Lonchothrix emiliae,0,0,0,0,0,0,0,0,0,0,0,1,0,0,0,0
1557,Lontra canadensis,1,1,0,1,2,0,0,0,3,2,1,2,2,0,2,0
1558,Lontra felina,1,0,0,0,1,0,2,0,1,2,0,0,1,0,2,1
1559,Lontra longicaudis,0,2,0,2,2,0,2,0,2,1,2,0,3,2,2,0
1560,Lontra provocax,2,0,0,3,2,0,2,0,3,1,1,0,3,2,2,0
1561,Lophiomys imhausi,0,0,0,0,0,0,0,0,0,0,0,0,0,0,0,0
1562,Lophocebus albigena,0,0,0,1,0,0,0,0,2,0,0,2,1,0,0,0
1563,Lophocebus aterrimus,0,2,1,1,0,0,0,0,2,0,0,2,1,0,0,0
1564,Lophuromys cinereus,0,0,0,0,0,0,0,0,0,0,0,0,0,0,0,0
1565,Lophuromys medicaudatus,0,0,0,0,0,0,0,0,0,0,0,0,0,0,0,0
1566,Lophuromys melanonyx,0,0,0,0,0,0,0,0,0,0,0,0,0,0,0,0
1567,Lophuromys rahmi,0,0,0,0,0,0,0,0,0,0,0,0,0,0,0,0
1568,Lophuromys luteogaster,0,0,0,0,0,0,0,0,0,0,0,0,0,0,0,0
1569,Lophuromys nudicaudus,0,0,0,0,0,0,0,0,0,0,0,0,0,0,0,0
1570,Lophuromys sikapusi,0,0,0,0,0,0,0,0,0,0,0,0,0,0,0,0
1571,Lophuromys woosnami,0,0,0,0,0,0,0,0,0,0,0,0,0,0,0,0
1572,Lorentzimys nouhuysi,0,0,0,0,0,0,0,0,0,0,0,0,0,0,0,0
1573,Loris tardigradus,0,0,0,2,0,0,0,0,2,0,0,0,2,0,0,0
1574,Lutra lutra,2,1,0,2,2,0,3,0,2,0,0,0,3,0,2,0
1575,Hydrictis maculicollis,0,2,0,3,3,0,3,0,3,2,3,0,3,0,3,2
1576,Lutra sumatrana,2,0,0,3,2,2,0,0,3,0,0,2,3,3,2,0
1577,Lutrogale perspicillata,2,1,0,2,2,0,2,0,3,0,0,2,3,0,2,0
1578,Lycaon pictus,0,0,0,1,0,0,0,0,1,2,1,0,1,0,0,0
1579,Lynx canadensis,0,0,0,0,0,0,0,0,1,1,1,1,1,0,0,1
1580,Lynx lynx,0,0,0,1,0,0,0,0,1,1,1,1,1,1,0,0
1581,Lynx pardinus,0,1,0,1,0,0,0,0,1,1,0,0,1,1,0,0
1582,Lynx rufus,0,0,0,1,0,0,0,0,1,1,1,1,1,0,0,0
1583,Macaca arctoides,0,0,0,1,1,1,0,0,1,0,0,1,1,0,0,0
1584,Macaca assamensis,0,0,0,1,0,0,0,0,1,1,0,1,1,0,0,0
1585,Macaca cyclopis,0,0,0,0,0,0,0,0,2,0,0,0,0,1,0,0
1586,Macaca fascicularis,1,1,0,1,0,0,0,1,3,0,1,0,2,1,0,1
1587,Macaca fuscata,0,0,0,0,0,0,0,0,1,1,0,0,0,0,0,0
1588,Macaca maura,0,0,0,2,0,0,0,0,2,0,0,2,2,0,0,0
1589,Macaca mulatta,0,0,0,0,0,0,0,0,1,0,0,0,0,0,0,0
1590,Macaca nemestrina,0,2,0,3,0,1,0,1,2,0,2,0,2,3,2,2
1591,Macaca nigra,0,0,0,3,0,0,0,0,3,0,0,2,2,0,0,0
1592,Macaca radiata,0,0,0,0,0,0,0,0,2,0,0,0,2,0,0,0
1593,Macaca silenus,0,0,0,1,0,0,0,0,1,0,0,1,0,0,0,0
1594,Macaca sinica,0,0,0,2,0,0,0,0,1,0,0,2,2,2,0,0
1595,Macaca sylvanus,2,3,0,2,0,0,0,0,3,0,2,2,0,0,0,2
1596,Macaca thibetana,0,0,0,1,0,0,0,0,1,0,0,0,0,0,0,0
1597,Macaca tonkeana,0,0,0,2,0,0,0,0,2,0,0,2,2,0,0,0
1598,Macaca nigrescens,0,0,0,1,0,0,0,0,1,0,0,0,1,0,0,0
1599,Macaca brunnescens,0,0,0,0,0,0,0,0,0,0,0,0,2,2,0,0
1600,Macaca hecki,0,0,0,2,0,0,0,0,3,0,0,2,0,0,0,0
1601,Macroderma gigas,0,0,0,0,0,0,0,0,1,1,1,0,1,0,0,1
1602,Macrogalidia musschenbroekii,0,0,0,2,0,0,0,0,2,0,0,1,1,2,0,0
1603,Macroglossus minimus,0,0,0,0,0,0,0,0,0,0,0,0,0,0,0,0
1604,Macroglossus sobrinus,0,0,0,0,0,0,0,0,0,0,0,0,0,0,0,0
1605,Macrophyllum macrophyllum,0,0,0,0,0,0,0,0,0,0,0,0,0,0,0,0
1606,Osphranter bernardus,0,0,0,0,0,0,0,0,0,0,0,0,0,0,0,0
1607,Notamacropus greyi,0,0,0,2,0,0,0,0,1,0,2,0,0,0,0,0
1608,Notamacropus irma,0,0,0,0,0,2,0,0,0,2,0,0,1,0,0,0
1609,Notamacropus parma,0,0,0,0,0,1,0,0,0,1,1,1,0,0,0,0
1610,Macrotarsomys ingens,0,0,0,0,0,1,0,0,0,1,0,1,0,0,0,0
1611,Macrotarsomys bastardi,0,0,0,0,0,1,0,0,0,0,0,0,0,0,0,0
1612,Macrotis lagotis,0,0,0,0,0,0,0,0,0,3,1,0,0,0,0,0
1613,Macrotis leucura,0,0,0,0,0,1,0,0,0,2,0,0,0,0,0,0
1614,Macrotus californicus,0,0,0,0,0,0,0,0,0,0,0,0,1,0,0,1
1615,Macrotus waterhousii,0,0,0,0,0,0,0,0,0,0,0,0,0,0,0,0
1616,Macruromys elegans,0,0,0,0,0,0,0,0,0,0,0,0,0,0,0,0
1617,Macruromys major,0,0,0,0,0,0,0,0,0,0,0,0,0,0,0,0
1618,Madoqua piacentinii,0,0,1,0,0,0,0,0,1,0,0,0,1,0,0,0
1619,Madoqua saltiana,0,0,0,0,0,0,0,0,0,0,0,0,0,0,0,0
1620,Madoqua guentheri,0,0,0,0,0,0,0,0,0,0,0,0,0,0,0,0
1621,Madoqua kirkii,0,0,0,0,0,0,0,0,0,0,0,0,0,0,0,0
1622,Malacomys cansdalei,0,0,0,0,0,0,0,0,0,0,0,0,0,0,0,0
1623,Malacomys edwardsi,0,0,0,0,0,0,0,0,0,0,0,0,0,0,0,0
1624,Malacomys longipes,0,0,0,0,0,0,0,0,0,0,0,0,0,0,0,0
1625,Malacothrix typica,0,0,0,0,0,0,0,0,0,0,1,0,0,0,0,0
1626,Mallomys aroaensis,0,0,0,0,0,0,0,0,0,0,0,0,0,0,0,0
1627,Mallomys gunung,0,1,0,0,0,1,0,0,1,1,0,0,0,0,0,0
1628,Mallomys istapantap,0,0,0,0,0,0,0,0,1,1,0,0,0,0,0,0
1629,Mallomys rothschildi,0,0,0,0,0,0,0,0,0,0,0,0,0,0,0,0
1630,Mandrillus leucophaeus,0,0,0,2,0,0,0,0,3,0,0,2,2,0,0,0
1631,Mandrillus sphinx,0,1,0,1,0,0,0,0,2,0,0,0,2,0,0,0
1632,Manis crassicaudata,0,0,0,1,0,0,0,0,2,0,1,0,0,1,0,0
1633,Smutsia gigantea,0,0,0,0,0,0,0,0,3,0,1,1,1,0,0,0
1634,Manis javanica,0,0,0,0,0,0,0,0,2,0,0,0,0,0,0,0
1635,Manis pentadactyla,0,0,0,1,0,0,0,1,2,0,0,0,1,0,0,0
1636,Smutsia temminckii,0,0,0,1,0,0,0,0,2,0,1,0,1,0,0,0
1637,Phataginus tetradactyla,0,1,0,2,0,0,0,0,3,0,0,0,2,1,0,0
1638,Phataginus tricuspis,0,0,0,2,0,0,0,0,2,0,0,1,1,0,0,0
1639,Margaretamys beccarii,0,0,0,1,0,0,0,0,0,0,0,1,1,0,0,0
1640,Margaretamys elegans,0,0,0,0,0,0,0,0,0,0,0,0,0,0,0,0
1641,Margaretamys parvus,0,0,0,0,0,0,0,0,0,0,0,0,0,0,0,0
1642,Marmosa andersoni,0,0,0,0,0,0,0,0,0,0,0,0,0,0,0,0
1643,Tlacuatzin canescens,0,0,0,0,0,0,0,0,0,0,0,0,0,0,0,0
1644,Marmosa lepida,0,0,0,0,0,0,0,0,0,0,0,0,0,0,0,0
1645,Marmosa xerophila,0,0,0,1,0,0,0,0,0,0,0,0,1,0,0,0
1646,Marmosa tyleriana,0,0,0,0,0,0,0,0,0,0,0,0,0,0,0,0
1647,Marmosops cracens,0,0,0,0,0,0,0,0,0,0,0,0,0,0,0,0
1648,Marmosops fuscatus,0,0,0,1,0,0,0,0,0,0,1,1,1,0,0,0
1649,Marmosops handleyi,0,0,0,1,0,0,0,0,0,0,1,1,1,0,0,0
1650,Marmosops incanus,0,0,0,0,0,0,0,0,0,0,0,0,0,0,0,0
1651,Marmosops invictus,0,0,0,0,0,0,0,0,0,0,0,0,0,0,0,0
1652,Marmosops parvidens,0,0,0,0,0,0,0,0,0,0,0,0,0,0,0,0
1653,Marmota caudata,0,0,0,1,0,0,0,0,0,0,1,0,0,0,0,0
1654,Marmota himalayana,0,0,0,0,0,0,0,0,0,0,0,0,0,0,0,0
1655,Marmota menzbieri,0,0,0,1,0,0,0,0,1,1,1,0,1,0,0,0
1656,Marmota vancouverensis,0,0,0,0,0,0,0,0,0,1,0,1,0,0,0,0
1657,Marmota baibacina,0,0,0,0,0,0,0,0,1,0,1,0,0,0,0,0
1658,Marmota bobak,0,0,0,1,0,0,0,0,1,0,0,0,0,0,0,0
1659,Marmota camtschatica,0,0,0,0,0,0,0,0,1,0,1,0,0,0,0,0
1660,Marmota sibirica,0,0,0,0,0,0,0,0,1,0,0,0,0,0,0,0
1661,Marmota marmota,0,0,0,0,0,0,0,0,0,0,0,0,0,0,0,0
1662,Martes gwatkinsii,0,0,0,0,0,0,0,0,1,0,0,1,1,1,0,0
1663,Martes martes,0,0,0,0,0,0,0,0,1,0,0,0,0,0,0,0
1664,Massoutiera mzabi,0,0,0,0,0,0,0,0,0,0,0,0,0,0,0,0
1665,Mastomys pernanus,0,0,0,0,0,0,0,0,0,0,0,0,0,0,0,0
1666,Mastomys coucha,0,0,0,0,0,0,0,0,0,0,0,0,0,0,0,0
1667,Mastomys erythroleucus,0,0,0,0,0,0,0,0,0,0,0,0,0,0,0,0
1668,Mastomys natalensis,0,0,0,0,0,0,0,0,0,0,0,0,0,0,0,0
1669,Mastomys shortridgei,0,0,0,0,0,0,0,0,0,0,0,0,0,0,0,0
1670,Maxomys alticola,0,0,0,0,0,0,0,0,0,0,0,0,0,0,0,0
1671,Maxomys baeodon,0,0,0,0,0,0,0,0,0,0,0,0,0,0,0,0
1672,Maxomys bartelsii,0,0,0,0,0,0,0,0,0,0,0,0,0,0,0,0
1673,Maxomys dollmani,0,0,0,0,0,0,0,0,0,0,0,0,0,0,0,0
1674,Maxomys hellwaldii,0,0,0,0,0,0,0,0,0,0,0,0,0,0,0,0
1675,Maxomys hylomyoides,0,0,0,0,0,0,0,0,0,0,0,0,0,0,0,0
1676,Maxomys inas,0,0,0,0,0,0,0,0,0,0,0,0,0,0,0,0
1677,Maxomys inflatus,0,0,0,0,0,0,0,0,0,0,0,0,0,0,0,0
1678,Maxomys moi,0,0,0,0,0,0,0,0,0,0,0,0,0,0,0,0
1679,Maxomys musschenbroekii,0,0,0,0,0,0,0,0,0,0,0,0,0,0,0,0
1680,Maxomys ochraceiventer,0,0,0,0,0,0,0,0,0,0,0,0,0,0,0,0
1681,Maxomys pagensis,0,0,0,0,0,0,0,0,0,0,0,0,0,0,0,0
1682,Maxomys panglima,0,0,0,0,0,0,0,0,0,0,0,0,0,0,0,0
1683,Maxomys rajah,0,0,0,0,0,0,0,0,0,0,0,0,0,0,0,0
1684,Maxomys surifer,0,0,0,0,0,0,0,0,0,0,0,0,0,0,0,0
1685,Maxomys wattsi,0,0,0,0,0,0,0,0,0,0,0,0,0,0,0,0
1686,Maxomys whiteheadi,0,0,0,1,0,0,0,0,0,0,0,1,1,0,0,0
1687,Mazama chunyi,0,0,0,1,0,1,0,0,1,0,1,1,1,1,0,0
1688,Mazama rufina,0,0,0,1,0,0,0,1,1,1,1,1,1,0,1,0
1689,Megadendromus nikolausi,0,0,0,0,0,0,0,0,0,0,0,0,0,0,0,0
1690,Lyroderma lyra,0,0,0,0,0,0,0,0,0,0,0,0,0,0,0,0
1691,Megaderma spasma,0,0,0,0,0,0,0,0,0,0,0,0,0,0,0,0
1692,Megadontomys cryophilus,0,0,0,0,0,0,0,0,0,0,0,0,0,0,0,0
1693,Megadontomys nelsoni,0,0,0,1,0,0,0,0,0,0,0,1,0,0,0,0
1694,Megadontomys thomasi,0,0,0,0,0,0,0,0,0,0,0,2,0,0,0,0
1695,Megaerops kusnotoi,0,0,0,0,0,0,0,0,0,0,0,0,0,0,0,0
1696,Megaerops ecaudatus,0,0,0,0,0,0,0,0,0,0,0,0,0,0,0,0
1697,Megaerops niphanae,0,0,0,0,0,0,0,0,0,0,0,0,0,0,0,0
1698,Megaerops wetmorei,0,0,0,1,0,1,0,0,0,0,0,1,1,0,0,0
1699,Megalomys desmarestii,0,0,0,0,0,0,0,0,0,0,0,0,0,0,0,0
1700,Megalomys luciae,0,0,0,0,0,0,0,0,0,0,0,0,0,0,0,0
1701,Megaptera novaeangliae,0,0,0,0,0,0,1,0,0,0,0,0,1,0,1,0
1702,Melanomys caliginosus,0,0,0,0,0,0,0,0,0,0,0,0,0,0,0,0
1703,Melanomys robustulus,0,0,0,0,0,0,0,0,0,0,0,0,0,0,0,0
1704,Melanomys zunigae,0,0,0,0,0,0,0,0,0,0,3,0,3,0,0,0
1705,Melasmothrix naso,0,0,0,0,0,0,0,0,0,0,0,0,0,0,0,0
1706,Melogale everetti,0,1,0,1,0,0,0,0,1,0,0,0,1,1,0,0
1707,Melomys aerosus,0,0,0,0,0,0,0,0,0,0,0,1,0,0,0,0
1708,Melomys bougainville,0,0,0,0,0,0,0,0,0,0,0,0,0,0,0,0
1709,Melomys burtoni,0,0,0,0,0,0,0,0,0,0,0,0,0,0,0,0
1710,Melomys capensis,0,0,0,0,0,0,0,0,0,0,0,0,0,0,0,0
1711,Melomys cervinipes,0,0,0,0,0,0,0,0,0,0,0,0,0,0,0,0
1712,Protochromys fellowsi,0,0,0,0,0,0,0,0,0,0,0,0,0,0,0,0
1713,Melomys fraterculus,0,0,0,0,0,0,0,0,0,1,0,1,0,0,0,0
1714,Mammelomys lanosus,0,0,0,0,0,0,0,0,0,0,0,0,0,0,0,0
1715,Melomys leucogaster,0,0,0,0,0,0,0,0,0,0,0,0,0,0,0,0
1716,Paramelomys levipes,0,0,0,1,0,0,0,0,0,0,0,1,1,0,0,0
1717,Paramelomys lorentzii,0,0,0,0,0,0,0,0,0,0,0,0,0,0,0,0
1718,Paramelomys mollis,0,0,0,0,0,0,0,0,0,0,0,0,0,0,0,0
1719,Paramelomys moncktoni,0,0,0,0,0,0,0,0,0,0,0,1,1,1,0,0
1720,Melomys obiensis,0,0,0,0,0,0,0,0,0,0,0,1,0,0,0,0
1721,Paramelomys platyops,0,0,0,0,0,0,0,0,0,0,0,0,0,0,0,0
1722,Mammelomys rattoides,0,0,0,0,0,0,0,0,0,0,0,0,0,0,0,0
1723,Paramelomys rubex,0,0,0,0,0,0,0,0,0,0,0,0,0,0,0,0
1724,Melomys rubicola,0,2,0,0,0,0,0,0,0,0,0,0,0,0,0,0
1725,Melomys rufescens,0,0,0,0,0,0,0,0,0,0,0,0,0,0,0,0
1726,Melonycteris melanops,0,0,0,1,0,0,0,0,0,0,0,0,0,0,0,0
1727,Nesonycteris woodfordi,0,0,0,0,0,0,0,0,0,0,0,0,0,0,0,0
1728,Nesonycteris fardoulisi,0,0,0,1,0,0,0,0,0,0,0,1,0,0,0,0
1729,Melursus ursinus,0,0,0,1,0,0,0,0,2,0,1,1,1,1,0,1
1730,Menetes berdmorei,0,0,0,0,0,0,0,0,0,0,0,0,0,0,0,0
1731,Meriones arimalius,0,0,0,0,0,0,0,0,0,0,0,0,0,0,0,0
1732,Meriones chengi,0,0,0,0,0,0,0,0,0,0,0,0,0,0,0,0
1733,Meriones crassus,0,0,0,0,0,0,0,0,0,0,0,0,0,0,0,0
1734,Meriones dahli,0,0,0,1,0,0,0,0,0,0,1,1,1,0,0,0
1735,Meriones hurrianae,0,1,0,1,0,0,0,0,1,1,0,1,0,0,0,0
1736,Meriones libycus,0,0,0,0,0,0,0,0,0,0,0,0,0,0,0,0
1737,Meriones meridianus,0,0,0,0,0,0,0,0,0,0,0,0,0,0,0,0
1738,Meriones persicus,0,0,0,0,0,0,0,0,0,0,0,0,0,0,0,0
1739,Meriones rex,0,0,0,0,0,0,0,0,0,0,0,0,0,0,0,0
1740,Meriones sacramenti,0,0,1,1,0,0,0,0,0,0,0,0,1,0,0,0
1741,Meriones tamariscinus,0,0,0,0,0,0,0,0,0,0,0,0,0,0,0,0
1742,Meriones tristrami,0,0,0,0,0,0,0,0,0,0,0,0,0,0,0,0
1743,Meriones unguiculatus,0,0,0,0,0,0,0,0,0,0,0,0,0,0,0,0
1744,Meriones vinogradovi,0,0,0,0,0,0,0,0,0,0,0,0,0,0,0,0
1745,Meriones zarudnyi,0,1,0,1,0,0,0,0,0,0,0,0,1,0,0,0
1746,Mesechinus hughi,0,0,0,0,0,0,0,0,1,0,0,0,0,0,0,0
1747,Mesembriomys gouldii,0,0,0,0,0,2,0,0,0,3,2,0,0,0,0,0
1748,Mesembriomys macrurus,0,0,0,0,0,0,0,0,0,2,1,0,0,0,0,0
1749,Mesocapromys angelcabrerai,0,0,0,0,0,1,0,0,1,1,0,0,1,0,0,0
1750,Mesocapromys auritus,0,1,0,0,0,0,0,0,1,0,0,0,0,0,0,0
1751,Mesocapromys nanus,0,0,0,0,0,1,0,0,3,2,0,0,0,0,0,0
1752,Mesocapromys sanfelipensis,0,0,0,0,0,1,0,0,1,1,0,1,0,0,0,0
1753,Mesocricetus auratus,0,0,0,0,0,0,0,0,1,0,0,0,1,0,0,0
1754,Mesocricetus brandti,0,0,0,0,0,0,0,0,1,0,0,0,0,0,0,0
1755,Mesocricetus newtoni,0,0,0,0,0,0,0,0,0,0,0,0,0,0,0,0
1756,Mesocricetus raddei,0,0,0,0,0,0,0,0,0,0,0,0,0,0,0,0
1757,Makalata didelphoides,0,0,0,0,0,0,0,0,0,0,0,0,0,0,0,0
1758,Mesomys hispidus,0,0,0,0,0,0,0,0,0,0,0,0,0,0,0,0
1759,Mesomys leniceps,0,0,0,0,0,0,0,0,0,0,0,0,1,0,0,0
1760,Makalata obscura,0,0,0,0,0,0,0,0,0,0,0,0,0,0,0,0
1761,Mesomys stimulax,0,0,0,0,0,0,0,0,0,0,0,0,0,0,0,0
1762,Mesophylla macconnelli,0,0,0,0,0,0,0,0,0,0,0,0,0,0,0,0
1763,Mesoplodon bidens,0,0,0,0,0,0,1,0,0,0,0,0,0,0,1,0
1764,Mesoplodon bowdoini,0,0,0,0,0,0,0,0,0,0,0,0,0,0,0,0
1765,Mesoplodon carlhubbsi,0,0,0,0,0,0,1,0,0,0,0,0,0,0,0,0
1766,Mesoplodon densirostris,0,0,0,0,0,0,1,0,0,0,0,0,0,0,1,0
1767,Mesoplodon europaeus,0,0,0,0,0,0,1,0,0,0,0,0,0,0,1,0
1768,Mesoplodon grayi,0,0,0,0,0,0,1,0,0,0,0,0,0,0,1,0
1769,Mesoplodon hectori,0,0,0,0,0,0,0,0,0,0,0,0,0,0,0,0
1770,Mesoplodon layardii,0,0,0,0,0,0,1,0,0,0,0,0,0,0,1,0
1771,Mesoplodon mirus,0,0,0,0,0,0,0,0,0,0,0,0,0,0,0,0
1772,Mesoplodon peruvianus,0,0,0,0,0,0,1,0,0,0,0,0,0,0,1,0
1773,Mesoplodon stejnegeri,0,0,0,0,0,0,2,0,0,0,0,0,0,0,2,0
1774,Marmosa alstoni,0,0,0,0,0,0,0,0,0,0,0,0,0,0,0,0
1775,Marmosa constantiae,0,0,0,0,0,0,0,0,0,0,0,0,0,0,0,0
1776,Microcavia australis,0,0,0,0,0,0,0,0,0,0,0,0,0,0,0,0
1777,Microcavia niata,0,0,0,0,0,0,0,0,0,0,0,0,0,0,0,0
1778,Microcavia shiptoni,0,0,0,0,0,0,0,0,0,0,2,0,0,0,0,0
1779,Microcebus myoxinus,0,0,0,0,0,0,0,0,0,0,0,0,0,0,0,0
1780,Microdillus peeli,0,0,0,0,0,0,0,0,0,0,0,0,0,0,0,0
1781,Microgale gracilis,0,0,0,0,0,0,0,0,0,0,0,0,0,0,0,0
1782,Microgale longicaudata,0,0,0,0,0,0,0,0,0,0,0,0,0,0,0,0
1783,Microgale parvula,0,0,0,0,0,0,0,0,0,0,0,0,0,0,0,0
1784,Microgale principula,0,0,0,0,0,0,0,0,0,0,0,0,0,0,0,0
1785,Microgale thomasi,0,0,0,1,0,1,0,0,0,0,0,1,0,0,0,0
1786,Microgale dryas,0,0,0,0,0,0,0,0,0,0,0,0,0,0,0,0
1787,Micromys minutus,0,0,0,0,0,0,0,0,0,0,0,0,0,0,0,0
1788,Glyphonycteris behnii,0,0,0,1,0,0,0,0,0,0,0,0,0,0,0,0
1789,Lampronycteris brachyotis,0,0,0,0,0,0,0,0,0,0,0,0,0,0,0,0
1790,Glyphonycteris daviesi,0,0,0,0,0,0,0,0,0,0,0,0,0,0,0,0
1791,Micronycteris hirsuta,0,0,0,0,0,0,0,0,0,0,0,0,0,0,0,0
1792,Micronycteris megalotis,0,0,0,0,0,0,0,0,0,0,0,0,0,0,0,0
1793,Micronycteris minuta,0,0,0,0,0,0,0,0,0,0,0,0,0,0,0,0
1794,Trinycteris nicefori,0,0,0,0,0,0,0,0,0,0,0,0,0,0,0,0
1795,Neonycteris pusilla,0,0,0,0,0,0,0,0,0,0,0,1,0,0,0,0
1796,Micronycteris schmidtorum,0,0,0,0,0,0,0,0,0,0,0,0,0,0,0,0
1797,Glyphonycteris sylvestris,0,0,0,0,0,0,0,0,0,0,0,0,0,0,0,0
1798,Microperoryctes murina,0,0,0,0,0,0,0,0,0,0,0,0,0,0,0,0
1799,Microperoryctes papuensis,0,0,0,0,0,0,0,0,0,0,0,0,0,0,0,0
1800,Micropotamogale lamottei,0,0,0,2,0,0,2,0,0,0,0,0,2,0,0,0
1801,Micropotamogale ruwenzorii,0,0,0,0,0,0,1,0,0,0,0,0,0,0,0,0
1802,Epomophorus intermedius,0,0,0,0,0,0,0,0,0,0,0,0,0,0,0,0
1803,Epomophorus pusillus,0,0,0,0,0,0,0,0,1,0,0,1,0,0,0,0
1804,Microryzomys altissimus,0,0,0,1,0,0,0,0,0,0,0,1,0,0,0,0
1805,Microryzomys minutus,0,0,0,0,0,0,0,0,0,0,0,0,0,0,0,0
1806,Microsciurus alfari,0,0,0,0,0,0,0,0,0,0,0,0,0,0,0,0
1807,Microsciurus flaviventer,0,0,0,0,0,0,0,0,0,0,0,1,0,0,0,0
1808,Microsciurus mimulus,0,0,0,0,0,0,0,0,0,0,0,0,0,0,0,0
1809,Microsciurus santanderensis,0,0,0,0,0,0,0,0,0,0,0,0,0,0,0,0
1810,Microtus breweri,0,0,0,0,0,0,0,0,0,0,0,0,0,0,0,0
1811,Microtus cabrerae,0,1,0,1,1,0,0,0,0,1,1,0,1,0,0,0
1812,Microtus abbreviatus,0,0,0,0,0,0,0,0,0,0,0,0,0,0,0,0
1813,Microtus agrestis,0,0,0,0,0,0,0,0,0,0,0,0,0,0,0,0
1814,Microtus californicus,0,0,0,0,0,0,0,0,0,0,0,0,0,0,0,0
1815,Microtus daghestanicus,0,0,0,0,0,0,0,0,0,0,0,0,0,0,0,0
1816,Alexandromys evoronensis,0,0,0,0,0,0,0,0,0,0,0,0,0,0,0,0
1817,Alexandromys fortis,0,1,0,0,0,1,0,0,0,0,0,0,0,0,0,0
1818,Lasiopodomys gregalis,0,0,0,0,0,0,0,0,0,0,0,0,0,0,0,0
1819,Microtus guatemalensis,0,0,0,0,0,0,0,0,0,0,0,0,0,0,0,0
1820,Microtus hyperboreus,0,0,0,0,0,0,0,0,0,0,0,0,0,0,0,0
1821,Neodon irene,0,0,0,0,0,0,0,0,0,0,0,0,0,0,0,0
1822,Microtus juldaschi,0,0,0,0,0,0,0,0,0,0,0,0,0,0,0,0
1823,Microtus kermanensis,0,0,0,0,0,0,0,0,0,0,0,0,0,0,0,0
1824,Microtus ilaeus,0,0,0,0,0,0,0,0,0,0,0,0,0,0,0,0
1825,Phaiomys leucurus,0,0,0,0,0,0,0,0,0,0,0,0,0,0,0,0
1826,Alexandromys limnophilus,0,0,0,0,0,0,0,0,0,0,0,0,0,0,0,0
1827,Alexandromys maximowiczii,0,0,0,0,0,0,0,0,0,0,0,0,0,0,0,0
1828,Microtus mexicanus,0,0,0,0,0,0,0,0,0,0,0,0,0,0,0,0
1829,Alexandromys middendorffii,0,0,0,0,0,0,0,0,0,0,0,0,0,0,0,0
1830,Alexandromys mongolicus,0,0,0,0,0,0,0,0,0,0,0,0,0,0,0,0
1831,Alexandromys montebelli,0,0,0,0,0,0,0,0,0,0,0,0,0,0,0,0
1832,Alexandromys mujanensis,0,0,0,0,0,0,0,0,0,0,0,0,0,0,0,0
1833,Microtus nasarovi,0,0,0,0,0,0,0,0,0,0,0,0,0,0,0,0
1834,Microtus oaxacensis,0,0,0,0,0,0,0,0,0,0,0,1,0,0,0,0
1835,Alexandromys oeconomus,0,0,0,0,0,0,0,0,0,0,0,0,0,0,0,0
1836,Microtus pennsylvanicus,0,0,0,0,0,0,0,0,0,0,0,0,0,0,0,0
1837,Microtus quasiater,0,0,0,2,0,0,0,0,0,0,0,2,2,0,0,0
1838,Microtus mystacinus,0,0,0,0,0,0,0,0,0,0,0,0,0,0,0,0
1839,Alexandromys sachalinensis,0,0,0,0,0,0,0,0,0,0,0,0,0,0,0,0
1840,Microtus schelkovnikovi,0,0,0,0,0,0,0,0,0,0,0,0,0,0,0,0
1841,Neodon sikimensis,0,0,0,0,0,0,0,0,0,1,0,1,0,0,0,1
1842,Microtus socialis,0,0,0,0,0,0,0,0,0,0,0,0,0,0,0,0
1843,Microtus transcaspicus,0,0,0,0,0,0,0,0,0,0,0,0,0,0,0,0
1844,Microtus bavaricus,0,0,0,0,0,0,0,0,0,0,1,0,0,0,0,0
1845,Microtus felteni,0,0,0,0,0,0,0,0,0,0,0,0,0,0,0,0
1846,Microtus tatricus,0,0,0,0,0,0,0,0,0,0,0,0,0,0,0,0
1847,Microtus thomasi,0,0,0,0,0,0,0,0,0,0,0,0,0,0,0,0
1848,Microtus townsendii,0,0,0,0,0,0,0,0,0,0,0,0,0,0,0,0
1849,Microtus arvalis,0,0,0,0,0,0,0,0,0,0,0,0,0,0,0,0
1850,Microtus subterraneus,0,0,0,0,0,0,0,0,0,0,0,0,0,0,0,0
1851,Microtus multiplex,0,0,0,0,0,0,0,0,0,0,0,0,0,0,0,0
1852,Microtus savii,0,0,0,0,0,0,0,0,0,0,0,0,0,0,0,0
1853,Microtus duodecimcostatus,0,0,0,0,0,0,0,0,0,0,0,0,0,0,0,0
1854,Microtus lusitanicus,0,0,0,0,0,0,0,0,0,0,0,0,0,0,0,0
1855,Millardia gleadowi,0,0,0,0,0,0,0,0,0,0,0,0,0,0,0,0
1856,Millardia kathleenae,0,0,0,0,0,0,0,0,0,0,0,0,0,0,0,0
1857,Millardia kondana,0,0,0,1,0,0,0,0,0,0,1,1,0,0,0,1
1858,Millardia meltada,0,0,0,0,0,0,0,0,0,0,0,0,0,0,0,0
1859,Mimetillus moloneyi,0,0,0,0,0,0,0,0,0,0,0,0,0,0,0,0
1860,Mimon bennettii,0,0,0,1,0,0,0,0,0,0,0,0,0,0,0,1
1861,Gardnerycteris crenulatum,0,0,0,0,0,0,0,0,0,0,0,0,0,0,0,0
1862,Miniopterus australis,0,0,0,1,0,0,0,0,0,0,0,0,1,1,0,1
1863,Miniopterus fraterculus,0,0,0,0,0,0,0,0,0,0,0,0,0,0,0,0
1864,Miniopterus fuscus,0,0,0,0,0,0,0,0,0,0,0,1,1,0,0,1
1865,Miniopterus inflatus,0,0,0,0,0,0,0,0,0,0,0,0,0,0,0,0
1866,Miniopterus magnater,0,0,0,1,0,0,0,0,1,0,0,0,1,1,0,1
1867,Miniopterus medius,0,0,1,1,0,0,0,0,0,0,0,0,1,1,0,1
1868,Miniopterus minor,0,0,0,0,0,0,0,0,0,0,0,0,0,0,0,0
1869,Miniopterus pusillus,0,0,0,0,0,0,0,0,0,0,0,0,0,0,0,0
1870,Miniopterus robustior,0,2,0,2,0,0,0,0,0,2,0,0,0,2,0,2
1871,Miniopterus tristis,0,0,0,1,0,0,0,0,0,0,0,0,1,1,0,1
1872,Miopithecus talapoin,0,0,0,1,0,0,0,0,1,0,0,1,0,0,0,0
1873,Mirounga angustirostris,0,0,0,0,0,0,1,0,0,0,0,0,0,0,1,1
1874,Mirounga leonina,0,1,0,0,0,0,0,0,0,0,0,0,0,0,0,0
1875,Mirza coquereli,0,0,0,0,0,0,0,0,0,0,0,0,0,0,0,0
1876,Mogera tokudae,0,0,0,1,0,0,0,0,0,0,0,0,0,0,0,0
1877,Mogera etigo,0,0,0,0,0,0,0,0,0,0,0,0,0,0,0,0
1878,Cynomops abrasus,0,0,0,0,0,0,0,0,0,0,0,1,0,0,0,0
1879,Molossops aequatorianus,1,0,0,1,0,0,0,0,0,0,0,0,0,0,0,0
1880,Cynomops greenhalli,0,0,0,0,0,0,0,0,0,0,0,1,0,0,0,0
1881,Molossops mattogrossensis,0,0,0,0,0,0,0,0,0,0,0,1,0,0,0,1
1882,Molossops neglectus,0,0,0,0,0,0,0,0,0,0,1,0,1,0,0,0
1883,Cynomops planirostris,0,0,0,0,0,0,0,0,0,0,0,0,0,0,0,0
1884,Molossops temminckii,0,0,0,0,0,0,0,0,0,0,0,0,0,0,0,0
1885,Molossus rufus,0,0,0,0,0,0,0,0,0,0,0,0,0,0,0,0
1886,Molossus aztecus,0,0,0,0,0,0,0,0,0,0,0,0,0,0,0,0
1887,Molossus molossus,0,0,0,0,0,0,0,0,0,0,0,0,0,0,0,0
1888,Molossus pretiosus,0,0,0,0,0,0,0,0,0,0,0,0,0,0,0,0
1889,Molossus sinaloae,0,0,0,0,0,0,0,0,0,0,0,0,0,0,0,0
1890,Monachus monachus,0,0,1,0,0,0,2,0,0,2,0,0,2,0,2,2
1891,Neomonachus schauinslandi,0,2,0,0,0,0,1,0,0,1,0,0,0,0,0,1
1892,Neomonachus tropicalis,0,0,0,0,0,0,0,0,0,0,0,0,0,0,0,0
1893,Monodelphis dimidiata,0,0,0,0,0,0,0,0,0,0,0,0,0,0,0,0
1894,Monodelphis emiliae,0,0,0,0,0,0,0,0,0,0,0,0,0,0,0,0
1895,Monodelphis iheringi,0,0,0,0,0,0,0,0,0,0,0,1,0,0,0,0
1896,Monodelphis kunsi,0,0,0,0,0,0,0,0,0,0,0,0,0,0,0,0
1897,Monodelphis osgoodi,0,0,0,0,0,0,0,0,0,0,0,0,0,0,0,0
1898,Monodelphis unistriata,0,0,0,1,0,0,0,0,0,0,0,1,0,0,0,0
1899,Monodon monoceros,0,1,0,0,0,0,2,0,0,0,0,0,1,0,1,0
1900,Monophyllus plethodon,0,1,0,0,0,0,0,0,0,0,0,0,1,0,0,1
1901,Monophyllus redmani,0,1,0,0,0,0,0,0,0,0,0,0,1,0,0,1
1902,Mops brachypterus,0,0,0,0,0,0,0,0,0,0,0,0,0,0,0,0
1903,Mops condylurus,0,0,0,0,0,0,0,0,0,0,0,0,0,0,0,0
1904,Mops congicus,0,0,0,0,0,0,0,0,0,0,0,0,0,0,0,0
1905,Mops demonstrator,0,0,0,0,0,0,0,0,0,0,0,0,0,0,0,0
1906,Mops midas,0,0,0,0,0,0,0,0,1,0,0,1,0,0,0,1
1907,Mops mops,0,0,0,1,0,1,0,0,0,0,0,1,0,0,0,0
1908,Mops nanulus,0,0,0,0,0,0,0,0,0,0,0,0,0,0,0,0
1909,Mops niangarae,0,0,0,0,0,0,0,0,0,0,0,0,0,0,0,0
1910,Mops niveiventer,0,0,0,0,0,0,0,0,0,0,0,0,0,0,0,0
1911,Mops petersoni,0,0,0,1,0,0,0,0,0,0,0,1,0,0,0,0
1912,Mops sarasinorum,0,0,0,1,0,0,0,0,0,0,0,1,1,0,0,0
1913,Mops spurrelli,0,0,0,0,0,0,0,0,0,0,0,0,0,0,0,0
1914,Mops thersites,0,0,0,1,0,0,0,0,0,0,0,1,1,0,0,0
1915,Mops trevori,0,0,0,0,0,0,0,0,0,0,0,0,0,0,0,0
1916,Mormoops blainvillei,0,0,0,0,0,0,0,0,0,0,0,0,1,0,0,1
1917,Mormoops megalophylla,0,0,0,0,0,1,0,0,0,0,0,0,1,0,0,1
1918,Ozimops beccarii,0,0,0,0,0,1,0,0,0,0,0,1,1,0,0,0
1919,Mormopterus doriae,0,0,0,0,0,0,0,0,0,0,0,0,0,0,0,0
1920,Mormopterus jugularis,0,0,0,0,0,0,0,0,0,0,0,0,0,0,0,0
1921,Mormopterus kalinowskii,0,0,0,0,0,0,0,0,0,0,0,0,0,0,0,0
1922,Mormopterus minutus,0,0,0,0,0,0,0,0,0,0,0,0,1,0,0,0
1923,Mormopterus phrudus,0,0,0,0,0,0,0,0,0,0,0,1,0,0,0,0
1924,Moschus berezovskii,0,0,0,1,0,0,0,0,1,0,1,1,1,0,0,0
1925,Moschus chrysogaster,0,0,0,1,0,0,0,0,1,0,1,1,0,0,0,0
1926,Moschus fuscus,0,0,0,1,0,0,0,0,1,0,0,1,0,0,0,0
1927,Moschus moschiferus,0,0,0,0,0,0,0,0,1,0,0,0,1,0,0,1
1928,Moschus leucogaster,0,0,0,1,0,0,0,0,1,0,1,1,1,0,0,0
1929,Mosia nigrescens,0,0,0,1,0,0,0,0,0,0,0,1,0,1,0,1
1930,Mungos gambianus,0,0,0,0,0,0,0,0,0,0,0,0,0,0,0,0
1931,Mungotictis decemlineata,0,0,0,3,0,0,0,0,3,3,1,2,0,0,0,0
1932,Muntiacus crinifrons,0,0,0,1,0,0,0,0,1,0,0,1,1,0,0,0
1933,Muntiacus gongshanensis,0,0,0,1,0,0,0,0,1,0,0,0,0,0,0,0
1934,Muntiacus feae,0,0,0,1,0,0,0,0,1,0,0,1,0,1,0,0
1935,Muntiacus rooseveltorum,0,0,0,1,0,0,0,0,1,0,0,1,1,0,0,0
1936,Murexia longicaudata,0,0,0,0,0,0,0,0,0,0,0,0,0,0,0,0
1937,Murexia rothschildi,0,0,0,1,0,0,0,0,0,1,0,0,0,0,0,0
1938,Muriculus imberbis,0,0,0,0,0,0,0,0,0,0,0,0,0,0,0,0
1939,Murina aenea,0,0,0,1,0,1,0,0,0,0,0,1,0,0,0,0
1940,Murina aurata,0,0,0,1,0,0,0,0,0,0,0,0,0,1,0,0
1941,Murina florium,0,0,0,2,0,0,0,0,0,0,0,2,1,0,0,0
1942,Murina fusca,0,0,0,0,0,0,0,0,0,0,0,0,0,0,0,0
1943,Harpiola grisea,0,0,0,0,0,0,0,0,0,0,0,0,0,0,0,0
1944,Murina huttoni,0,0,0,1,0,0,0,0,0,0,0,1,0,0,0,0
1945,Murina leucogaster,0,0,0,0,0,0,0,0,0,0,0,1,0,0,0,0
1946,Murina puta,0,0,0,0,0,0,0,0,0,0,0,0,1,0,0,0
1947,Murina rozendaali,0,0,0,1,0,1,0,0,0,0,0,1,0,0,0,0
1948,Murina suilla,0,0,0,0,0,0,0,0,0,0,0,0,0,0,0,0
1949,Murina tenebrosa,0,0,0,0,0,0,0,0,0,0,0,0,0,0,0,0
1950,Mus baoulei,0,0,0,0,0,0,0,0,0,0,0,0,0,0,0,0
1951,Mus booduga,0,0,0,0,0,0,0,0,0,0,0,0,0,0,0,0
1952,Mus bufo,0,0,0,0,0,0,0,0,0,0,0,0,0,0,0,0
1953,Mus callewaerti,0,0,0,0,0,0,0,0,0,0,0,0,0,0,0,0
1954,Mus caroli,0,0,0,0,0,0,0,0,0,0,0,0,0,0,0,0
1955,Mus cervicolor,0,0,0,0,0,0,0,0,0,0,0,0,0,0,0,0
1956,Mus cookii,0,0,0,0,0,0,0,0,0,0,0,0,0,0,0,0
1957,Mus crociduroides,0,0,0,0,0,0,0,0,0,0,0,0,0,0,0,0
1958,Mus famulus,0,0,0,1,0,0,0,0,0,0,0,1,1,1,0,0
1959,Mus fernandoni,0,0,0,0,0,0,0,0,0,0,0,0,0,0,0,0
1960,Mus goundae,0,0,0,0,0,0,0,0,0,0,0,0,0,0,0,0
1961,Mus haussa,0,0,0,0,0,0,0,0,0,0,0,0,0,0,0,0
1962,Mus indutus,0,0,0,0,0,0,0,0,0,0,0,0,0,0,0,0
1963,Mus macedonicus,0,0,0,0,0,0,0,0,0,0,0,0,0,0,0,0
1964,Mus mahomet,0,0,0,0,0,0,0,0,0,0,0,0,0,0,0,0
1965,Mus mattheyi,0,0,0,0,0,0,0,0,0,0,0,0,0,0,0,0
1966,Mus mayori,0,0,0,1,0,0,0,0,0,1,0,1,1,0,0,0
1967,Mus minutoides,0,0,0,0,0,0,0,0,0,0,0,0,0,0,0,0
1968,Mus musculus,0,0,0,0,0,0,0,0,0,0,0,0,0,0,0,0
1969,Mus neavei,0,0,0,0,0,0,0,0,0,0,0,0,0,0,0,0
1970,Mus oubanguii,0,0,0,0,0,0,0,0,0,0,0,0,0,0,0,0
1971,Mus pahari,0,0,0,0,0,0,0,0,0,0,0,0,0,0,0,0
1972,Mus phillipsi,0,0,0,0,0,0,0,0,0,0,0,0,0,0,0,0
1973,Mus platythrix,0,0,0,0,0,0,0,0,0,0,0,0,0,0,0,0
1974,Mus saxicola,0,0,0,0,0,0,0,0,0,0,0,0,0,0,0,0
1975,Mus setulosus,0,0,0,0,0,0,0,0,0,0,0,0,0,0,0,0
1976,Mus setzeri,0,0,0,0,0,0,0,0,0,0,0,0,0,0,0,0
1977,Mus shortridgei,0,0,0,0,0,0,0,0,0,0,0,0,0,0,0,0
1978,Mus sorella,0,0,0,0,0,0,0,0,0,0,0,0,0,0,0,0
1979,Mus spicilegus,0,0,0,0,0,0,0,0,0,0,0,0,0,0,0,0
1980,Mus spretus,0,0,0,0,0,0,0,0,0,0,0,0,0,0,0,0
1981,Mus tenellus,0,0,0,0,0,0,0,0,0,0,0,0,0,0,0,0
1982,Mus terricolor,0,0,0,0,0,0,0,0,0,0,0,0,0,0,0,0
1983,Mus triton,0,0,0,0,0,0,0,0,0,0,0,0,0,0,0,0
1984,Mus vulcani,0,0,0,0,0,0,0,0,0,0,0,0,0,0,0,0
1985,Muscardinus avellanarius,0,0,0,0,0,0,0,0,0,0,0,0,0,0,0,0
1986,Musonycteris harrisoni,0,0,0,1,0,1,0,0,0,0,0,0,0,0,0,0
1987,Mustela lutreola,0,0,0,1,2,0,0,0,1,3,1,1,2,0,0,0
1988,Mustela lutreolina,0,0,0,0,0,0,0,0,0,0,0,0,0,0,0,0
1989,Mustela nigripes,0,0,0,1,0,0,0,0,1,2,2,0,1,0,0,0
1990,Mustela africana,0,0,0,0,0,0,0,0,0,0,0,0,0,0,0,0
1991,Mustela felipei,0,0,0,0,0,0,0,0,0,0,0,0,0,0,0,0
1992,Mustela strigidorsa,0,0,0,0,0,0,0,0,0,0,0,0,0,0,0,0
1993,Mydaus marchei,0,0,0,1,0,0,0,0,1,0,0,0,1,0,0,0
1994,Myocastor coypus,0,0,0,0,0,0,0,0,0,0,0,0,0,0,0,0
1995,Myoictis melas,0,0,0,0,0,0,0,0,0,0,0,0,0,0,0,0
1996,Myomimus roachi,0,0,0,1,0,0,0,0,0,0,1,0,0,0,0,0
1997,Myomimus personatus,0,0,0,0,0,0,0,0,0,0,0,0,0,0,0,0
1998,Myomimus setzeri,0,0,0,0,0,0,0,0,0,0,0,0,0,0,0,0
1999,Myomyscus yemeni,0,0,0,0,0,0,0,0,0,0,0,0,0,0,0,0
2000,Myonycteris brachycephala,0,0,0,1,0,0,0,0,0,0,0,1,0,0,0,0
2001,Myonycteris relicta,0,0,0,1,0,0,0,0,0,0,0,1,0,0,0,0
2002,Myoprocta acouchy,0,0,0,0,0,0,0,0,1,0,0,0,0,0,0,0
2003,Myopterus daubentonii,0,0,0,0,0,0,0,0,0,0,0,0,0,0,0,0
2004,Myopterus whitleyi,0,0,0,0,0,0,0,0,0,0,0,0,0,0,0,0
2005,Myopus schisticolor,0,0,0,0,0,0,0,0,0,0,0,0,0,0,0,0
2006,Myosciurus pumilio,0,0,0,0,0,0,0,0,0,0,0,0,0,0,0,0
2007,Myosorex eisentrauti,0,0,0,1,0,0,0,0,0,0,0,1,1,0,0,0
2008,Myosorex geata,0,0,0,1,0,0,0,0,0,0,0,1,0,0,0,0
2009,Myosorex longicaudatus,0,1,0,0,2,0,0,0,0,0,1,0,2,0,0,0
2010,Myosorex schalleri,0,0,0,0,0,0,0,0,0,0,0,0,0,0,0,0
2011,Myosorex blarina,0,0,0,1,0,0,0,0,0,0,0,1,0,0,0,0
2012,Myosorex okuensis,0,0,0,0,0,0,0,0,0,0,0,0,0,0,0,0
2013,Myosorex rumpii,0,0,0,1,0,0,0,0,0,0,0,1,1,0,0,0
2014,Myosorex sclateri,0,0,0,0,1,1,0,0,0,0,1,0,1,0,0,0
2015,Myospalax aspalax,0,0,0,0,0,0,0,0,0,0,0,0,0,0,0,0
2016,Eospalax fontanierii,0,0,0,0,0,0,0,0,0,0,0,0,0,0,0,0
2017,Myospalax myospalax,0,0,0,1,0,0,0,0,1,0,0,0,1,0,1,0
2018,Myospalax psilurus,0,0,0,1,0,0,0,0,0,0,0,0,0,0,0,0
2019,Eospalax rothschildi,0,0,0,0,0,0,0,0,0,0,0,0,0,0,0,0
2020,Eospalax smithii,0,0,0,0,0,0,0,0,0,0,0,0,0,0,0,0
2021,Myotis bechsteinii,0,0,0,0,0,0,0,0,0,0,0,1,1,1,1,1
2022,Myotis blythii,0,0,0,0,0,0,0,0,1,0,0,0,1,0,1,1
2023,Myotis capaccinii,0,0,0,0,1,1,0,0,1,0,0,0,1,0,1,1
2024,Myotis dasycneme,0,0,0,0,0,0,0,0,1,0,1,0,0,0,1,1
2025,Myotis emarginatus,0,0,0,0,0,1,0,0,1,0,0,0,0,0,0,1
2026,Myotis grisescens,0,0,0,0,1,0,0,0,0,0,0,0,1,0,1,1
2027,Myotis myotis,0,0,0,0,0,0,0,0,0,0,0,0,0,0,0,0
2028,Myotis mystacinus,0,0,0,0,0,0,0,0,0,0,0,0,0,0,0,0
2029,Myotis sodalis,0,0,0,1,0,0,0,0,0,0,0,0,1,0,0,1
2030,Myotis aelleni,0,0,0,0,0,0,0,0,0,0,0,0,0,0,0,0
2031,Myotis albescens,0,0,0,0,0,0,0,0,0,0,0,0,0,0,0,0
2032,Myotis altarium,0,0,0,0,0,0,0,0,0,0,0,0,0,0,0,0
2033,Myotis annectans,0,0,0,0,0,0,0,0,0,0,0,0,0,0,0,0
2034,Myotis atacamensis,0,2,0,2,0,0,0,1,0,0,1,0,1,0,0,0
2035,Myotis ater,0,0,0,0,0,0,0,0,0,0,0,0,0,0,0,0
2036,Myotis auriculus,0,0,0,0,0,0,0,0,0,0,0,0,0,0,0,0
2037,Myotis australis,0,0,0,0,0,0,0,0,0,0,0,0,0,0,0,0
2038,Myotis austroriparius,0,0,0,0,0,0,0,0,0,0,0,0,1,0,0,1
2039,Myotis bocagii,0,0,0,0,0,0,0,0,0,0,0,0,0,0,0,0
2040,Myotis bombinus,0,0,0,0,0,0,0,0,0,0,0,0,0,0,0,0
2041,Myotis californicus,0,0,0,0,0,0,0,0,0,0,0,0,0,0,0,0
2042,Myotis chiloensis,0,0,0,0,0,0,0,0,0,0,0,0,0,0,0,0
2043,Myotis chinensis,0,0,0,0,0,0,0,0,0,0,0,0,0,0,0,0
2044,Myotis ciliolabrum,0,0,0,0,0,0,0,0,0,0,0,0,0,0,0,0
2045,Myotis cobanensis,0,0,0,0,0,0,0,0,0,0,0,0,0,0,0,0
2046,Myotis dominicensis,0,1,0,0,0,0,0,0,0,0,0,0,1,0,0,1
2047,Myotis elegans,0,0,0,0,0,0,0,0,0,0,0,0,0,0,0,0
2048,Myotis evotis,0,0,0,0,0,0,0,0,0,0,0,0,0,0,0,1
2049,Myotis findleyi,0,0,0,0,0,0,0,0,0,1,1,0,1,0,0,0
2050,Myotis fortidens,0,0,0,0,0,0,0,0,0,0,0,0,0,0,0,0
2051,Myotis goudoti,0,0,0,0,0,0,0,0,0,0,0,0,0,0,0,0
2052,Myotis hasseltii,0,0,0,0,0,0,0,0,0,0,0,0,0,0,0,0
2053,Myotis hermani,0,0,0,0,0,0,0,0,0,0,0,0,0,0,0,0
2054,Myotis horsfieldii,0,0,0,0,0,0,0,0,0,0,0,0,0,0,0,0
2055,Myotis ikonnikovi,0,0,0,1,0,0,0,0,0,0,0,0,0,1,0,1
2056,Myotis insularum,0,0,0,0,0,0,0,0,0,0,0,0,0,0,0,0
2057,Myotis keaysi,0,0,0,0,0,0,0,0,0,0,0,0,0,0,0,0
2058,Myotis keenii,0,0,0,0,0,0,0,0,0,0,0,1,1,0,0,1
2059,Myotis leibii,0,0,0,1,0,0,0,0,0,0,0,0,1,0,0,1
2060,Myotis levis,0,0,0,0,0,0,0,0,0,0,0,0,0,0,0,0
2061,Myotis longipes,0,0,0,0,0,0,0,0,0,0,0,0,0,0,0,0
2062,Myotis lucifugus,0,0,0,0,0,0,0,0,0,0,0,0,1,0,0,0
2063,Myotis macrodactylus,0,0,0,0,0,0,0,0,0,0,0,0,0,0,0,1
2064,Myotis macrotarsus,0,0,0,0,1,0,0,0,0,0,0,0,1,0,0,1
2065,Myotis morrisi,0,0,0,0,0,0,0,0,0,0,0,0,0,0,0,0
2066,Myotis nesopolus,0,0,0,0,0,0,0,0,0,0,0,0,1,0,0,1
2067,Myotis nigricans,0,0,0,0,0,0,0,0,0,0,0,0,0,0,0,0
2068,Myotis oreias,0,0,0,0,0,0,0,0,0,0,0,0,0,0,0,0
2069,Myotis oxyotus,0,0,0,1,0,0,0,0,0,0,1,0,0,0,0,0
2070,Myotis peninsularis,0,0,0,0,0,0,0,0,0,0,0,0,1,0,0,0
2071,Myotis pequinius,0,0,0,0,0,0,0,0,0,0,0,0,0,0,0,0
2072,Myotis planiceps,0,0,0,0,0,0,0,0,0,0,0,1,0,0,0,0
2073,Myotis pruinosus,0,0,0,0,0,0,0,0,0,0,0,0,0,0,0,0
2074,Myotis pilosus,0,0,0,0,0,0,0,0,1,0,0,0,0,0,1,0
2075,Myotis ridleyi,0,0,0,0,0,0,0,0,0,0,0,0,0,0,0,0
2076,Myotis riparius,0,0,0,0,0,0,0,0,0,0,0,0,0,0,0,0
2077,Myotis rosseti,0,0,0,0,0,0,0,0,0,0,0,0,0,0,0,0
2078,Myotis ruber,0,0,0,0,0,0,0,0,0,0,0,1,1,0,0,0
2079,Myotis schaubi,0,0,0,0,0,0,0,0,0,0,0,0,0,0,0,0
2080,Myotis scotti,0,0,0,0,0,0,0,0,0,0,0,0,0,0,0,0
2081,Myotis septentrionalis,0,0,0,0,0,0,0,0,0,0,0,1,0,0,0,1
2082,Myotis sicarius,0,0,0,0,0,0,0,0,0,0,0,0,0,0,0,0
2083,Myotis siligorensis,0,1,0,0,0,0,0,0,0,0,0,1,1,0,0,0
2084,Myotis simus,0,0,0,0,0,0,0,0,0,0,0,0,0,0,0,0
2085,Myotis stalkeri,0,0,0,0,0,0,0,0,0,0,0,1,1,0,0,1
2086,Myotis thysanodes,0,0,0,1,0,0,0,0,0,0,0,0,1,0,0,1
2087,Myotis tricolor,0,0,0,0,0,0,0,0,0,0,0,0,0,0,0,0
2088,Myotis velifer,0,0,0,0,0,0,0,0,0,0,0,0,1,0,0,1
2089,Myotis vivesi,0,0,0,0,0,0,0,0,0,1,0,0,0,0,0,0
2090,Myotis volans,0,0,0,1,0,0,0,0,0,0,0,0,1,1,0,1
2091,Myotis welwitschii,0,0,0,0,0,0,0,0,0,0,0,0,0,0,0,0
2092,Myotis yumanensis,0,0,0,0,0,0,0,0,0,0,0,0,0,0,0,0
2093,Myrmecobius fasciatus,0,0,0,0,0,1,0,0,0,2,0,0,0,0,0,0
2094,Myrmecophaga tridactyla,0,0,0,2,0,1,0,0,1,0,0,0,1,0,0,0
2095,Mysateles melanurus,0,0,0,1,0,0,0,0,1,1,0,0,1,0,0,0
2096,Mysateles prehensilis,0,0,0,1,0,0,0,0,1,1,1,0,0,0,0,0
2097,Mystacina robusta,0,0,0,0,0,0,0,0,0,1,0,0,0,0,0,0
2098,Mystacina tuberculata,0,0,0,0,0,0,0,0,0,1,0,1,0,0,0,0
2099,Mystromys albicaudatus,0,0,0,1,0,1,0,0,0,0,0,0,1,1,0,0
2100,Myzopoda aurita,0,0,0,0,0,0,0,0,0,0,0,0,0,0,0,0
2101,Naemorhedus baileyi,0,0,0,1,0,0,0,0,1,0,0,1,1,1,0,0
2102,Naemorhedus caudatus,0,1,0,1,0,0,0,0,1,1,0,1,1,1,0,0
2103,Naemorhedus goral,0,0,0,1,0,1,0,0,1,0,1,1,0,0,0,0
2104,Nannosciurus melanotis,0,0,0,0,0,0,0,0,0,0,0,0,0,0,0,0
2105,Nannospalax ehrenbergi,0,0,0,0,0,0,0,0,0,0,0,0,0,0,0,0
2106,Nannospalax xanthodon,0,0,0,0,0,0,0,0,0,0,0,0,0,0,0,0
2107,Nannospalax leucodon,0,0,0,1,0,0,0,0,1,0,0,0,1,0,0,0
2108,Nanonycteris veldkampii,0,0,0,0,0,0,0,0,0,0,0,0,0,0,0,0
2109,Nasalis larvatus,0,0,0,1,0,1,0,0,1,0,0,1,1,0,0,0
2110,Nyctiellus lepidus,0,0,0,0,0,0,0,0,0,0,0,0,1,0,0,1
2111,Natalus stramineus,0,1,0,0,0,0,0,1,0,0,0,0,1,0,0,1
2112,Chilonatalus tumidifrons,0,1,0,0,0,0,0,0,0,0,0,0,0,0,0,1
2113,Natalus tumidirostris,0,0,0,0,0,0,0,0,0,0,0,0,0,0,0,1
2114,Neacomys guianae,0,0,0,0,0,0,0,0,0,0,0,0,0,0,0,0
2115,Neacomys pictus,0,0,0,0,0,0,0,0,0,0,0,0,0,0,0,0
2116,Neacomys spinosus,0,0,0,0,0,0,0,0,0,0,0,0,0,0,0,0
2117,Nectomys palmipes,0,0,0,0,0,0,0,0,0,0,0,0,0,0,0,0
2118,Nectomys rattus,0,0,0,0,0,0,0,0,0,0,0,0,0,0,0,0
2119,Nectomys squamipes,0,0,0,0,0,0,0,0,0,0,0,0,0,0,0,0
2120,Nelsonia goldmani,0,2,0,2,0,0,0,2,0,0,0,2,0,0,0,0
2121,Nelsonia neotomodon,0,0,0,0,0,0,0,0,0,0,0,2,0,0,0,0
2122,Neofelis nebulosa,0,0,0,2,0,0,0,0,3,0,0,1,2,1,0,0
2123,Neofiber alleni,0,0,0,1,1,0,0,0,0,0,0,0,1,0,0,0
2124,Pseudohydromys fuscus,0,0,0,0,0,0,0,0,0,0,0,0,0,0,0,0
2125,Neophascogale lorentzii,0,0,0,0,0,0,0,0,0,0,0,0,0,0,0,0
2126,Neophoca cinerea,1,2,0,0,0,0,2,0,0,0,0,0,1,0,1,1
2127,Neopteryx frosti,0,0,0,1,0,0,0,0,1,0,0,1,0,0,0,0
2128,Mogera uchidai,0,0,0,0,0,0,0,0,0,1,0,0,0,0,0,0
2129,Neotoma magister,0,1,0,0,0,0,0,0,0,1,0,1,1,0,0,1
2130,Neotoma albigula,0,0,0,0,0,0,0,0,0,0,0,0,0,0,0,0
2131,Neotoma angustapalata,0,0,0,2,0,0,0,0,0,0,0,2,0,0,0,0
2132,Neotoma chrysomelas,0,0,0,0,0,0,0,0,0,0,0,0,0,0,0,0
2133,Neotoma devia,0,0,0,0,0,0,0,0,0,0,0,0,0,0,0,0
2134,Neotoma fuscipes,0,0,0,0,0,0,0,0,0,0,0,0,0,0,0,0
2135,Neotoma goldmani,0,0,0,0,0,0,0,0,0,0,0,0,0,0,0,0
2136,Neotoma mexicana,0,0,0,0,0,0,0,0,0,0,0,0,0,0,0,0
2137,Neotoma micropus,0,0,0,0,0,0,0,0,0,0,0,0,0,0,0,0
2138,Neotoma nelsoni,0,0,0,1,0,0,0,0,0,1,0,0,0,0,0,0
2139,Neotoma palatina,0,0,0,0,1,0,0,0,0,0,0,0,0,0,0,0
2140,Neotoma phenax,0,0,0,2,0,0,0,0,0,0,0,2,0,0,0,0
2141,Neotoma macrotis,0,0,0,0,0,0,0,0,0,0,0,0,0,0,0,0
2142,Neotomodon alstoni,0,0,0,0,0,0,0,0,0,0,0,0,0,0,0,0
2143,Neotomys ebriosus,0,0,0,1,1,0,0,0,0,0,0,0,0,0,0,0
2144,Neotragus pygmaeus,0,0,0,0,0,0,0,0,1,0,0,0,0,0,0,0
2145,Neotragus batesi,0,0,0,0,0,0,0,0,1,0,0,0,0,0,0,0
2146,Nesotragus moschatus,0,0,0,1,0,0,0,0,1,1,1,0,1,0,0,0
2147,Nesokia bunnii,0,0,1,1,1,1,0,0,1,0,0,0,0,0,0,0
2148,Nesokia indica,0,0,0,0,0,0,0,0,0,0,0,0,0,0,0,0
2149,Nesolagus netscheri,0,0,0,1,0,0,0,0,0,0,0,0,0,0,0,0
2150,Nesomys rufus,0,0,0,1,0,1,0,0,0,0,0,1,0,0,0,0
2151,Nesophontes hypomicrus,0,0,0,0,0,0,0,0,0,0,0,0,0,0,0,0
2152,Nesophontes micrus,0,0,0,0,0,0,0,0,0,0,0,0,0,0,0,0
2153,Nesophontes paramicrus,0,0,0,0,0,0,0,0,0,0,0,0,0,0,0,0
2154,Nesophontes zamicrus,0,0,0,0,0,0,0,0,0,0,0,0,0,0,0,0
2155,Nesoryzomys darwini,0,0,0,0,0,0,0,0,0,2,0,0,0,0,0,0
2156,Nesoryzomys fernandinae,0,0,0,0,0,0,0,0,0,1,0,0,0,0,0,0
2157,Nesoryzomys indefessus,0,0,0,0,0,0,0,0,0,0,0,0,0,0,0,0
2158,Nesoryzomys swarthi,0,0,0,0,0,0,0,0,0,1,0,0,0,0,0,0
2159,Neusticomys monticolus,0,0,0,0,0,0,0,0,0,0,0,0,0,0,0,0
2160,Neusticomys mussoi,0,0,0,1,1,0,0,0,0,0,0,1,0,0,0,0
2161,Neusticomys oyapocki,0,0,0,0,0,0,0,0,0,0,0,0,0,0,0,0
2162,Neusticomys peruviensis,0,0,0,0,0,0,0,0,0,0,0,0,0,0,0,0
2163,Neusticomys venezuelae,0,0,0,1,0,0,0,0,0,0,0,1,1,0,1,0
2164,Niviventer andersoni,0,0,0,0,0,0,0,0,0,0,0,0,0,0,0,0
2165,Niviventer brahma,0,0,0,0,0,0,0,0,0,0,0,0,0,0,0,0
2166,Niviventer confucianus,0,0,0,0,0,0,0,0,0,0,0,0,0,0,0,0
2167,Niviventer coninga,0,0,0,0,0,0,0,0,0,0,0,0,0,0,0,0
2168,Niviventer cremoriventer,0,0,0,1,0,0,0,0,0,0,0,1,1,1,0,0
2169,Niviventer culturatus,0,0,0,0,0,0,0,0,0,0,0,0,0,0,0,0
2170,Niviventer eha,0,0,0,0,0,0,0,0,1,0,0,0,0,0,0,0
2171,Niviventer excelsior,0,0,0,0,0,0,0,0,0,0,0,0,0,0,0,0
2172,Niviventer fulvescens,0,0,0,0,0,0,0,0,0,0,0,0,0,0,0,0
2173,Niviventer hinpoon,0,0,0,0,0,0,0,0,0,0,0,1,0,0,0,0
2174,Niviventer langbianis,0,0,0,0,0,0,0,0,0,0,0,0,0,0,0,0
2175,Niviventer lepturus,0,0,0,0,0,0,0,0,0,0,0,0,0,0,0,0
2176,Niviventer niviventer,0,0,0,0,0,0,0,0,0,0,0,0,0,0,0,0
2177,Niviventer rapit,0,0,0,0,0,0,0,0,0,0,0,0,0,0,0,0
2178,Niviventer tenaster,0,0,0,0,0,0,0,0,0,0,0,0,0,0,0,0
2179,Noctilio albiventris,0,0,0,0,0,0,0,0,0,0,0,0,0,0,0,0
2180,Noctilio leporinus,0,0,0,0,0,0,0,0,0,0,0,0,0,0,0,0
2181,Notiomys edwardsii,0,0,0,0,0,0,0,0,0,0,0,0,0,0,0,0
2182,Notomys amplus,0,0,0,0,0,0,0,0,0,2,0,0,0,0,0,0
2183,Notomys aquilo,0,0,0,0,0,2,0,0,0,2,0,0,2,0,0,0
2184,Notomys fuscus,0,0,0,0,0,0,0,0,0,3,2,0,0,0,0,0
2185,Notomys longicaudatus,0,0,0,0,0,0,0,0,0,2,0,0,0,0,0,0
2186,Notomys macrotis,0,0,0,0,0,0,0,0,0,2,0,0,0,0,0,0
2187,Notomys mordax,0,0,0,0,0,0,0,0,0,2,1,0,0,0,0,0
2188,Notomys alexis,0,0,0,0,0,0,0,0,0,0,0,0,0,0,0,0
2189,Notomys cervinus,0,0,0,0,0,0,0,0,0,2,1,0,0,0,0,0
2190,Notomys mitchellii,0,0,0,0,0,0,0,0,0,0,0,0,0,0,0,0
2191,Notopteris macdonaldii,0,0,0,0,0,0,0,0,1,0,0,0,1,0,0,1
2192,Notoryctes caurinus,0,0,0,0,0,2,0,0,0,2,0,0,0,0,0,0
2193,Notoryctes typhlops,0,2,0,0,0,2,0,0,0,2,1,0,0,0,0,0
2194,Nyctalus lasiopterus,0,0,0,0,0,0,0,0,0,0,0,0,1,0,0,1
2195,Nyctalus leisleri,0,0,0,0,0,0,0,0,0,0,0,0,0,0,0,0
2196,Nyctalus noctula,0,0,0,0,0,0,0,0,0,0,0,0,0,0,0,0
2197,Nyctalus aviator,0,0,0,0,0,0,0,0,0,0,0,1,0,0,0,1
2198,Nyctalus azoreum,0,0,0,0,0,0,0,0,0,2,0,2,0,0,2,0
2199,Nyctalus montanus,0,0,0,0,0,0,0,0,1,0,0,1,1,0,0,0
2200,Nyctereutes procyonoides,0,0,0,0,0,0,0,0,1,1,0,0,1,0,0,0
2201,Nycteris arge,0,0,0,0,0,0,0,0,0,0,0,0,0,0,0,0
2202,Nycteris aurita,0,0,0,0,0,0,0,0,0,0,0,0,0,0,0,0
2203,Nycteris gambiensis,0,0,0,0,0,0,0,0,0,0,0,0,0,0,0,0
2204,Nycteris grandis,0,0,0,0,0,0,0,0,0,0,0,0,0,0,0,0
2205,Nycteris hispida,0,0,0,0,0,0,0,0,0,0,0,0,0,0,0,0
2206,Nycteris intermedia,0,0,0,0,0,0,0,0,0,0,0,0,0,0,0,0
2207,Nycteris javanica,0,0,0,1,0,0,0,0,0,0,0,1,0,0,0,0
2208,Nycteris macrotis,0,0,0,0,0,0,0,0,0,0,0,0,0,0,0,0
2209,Nycteris major,0,0,0,0,0,0,0,0,0,0,0,0,0,0,0,0
2210,Nycteris nana,0,0,0,0,0,0,0,0,0,0,0,0,0,0,0,0
2211,Nycteris thebaica,0,0,0,0,0,0,0,0,0,0,0,0,0,0,0,0
2212,Nycteris tragata,0,0,0,2,0,1,0,0,0,0,0,1,0,0,0,0
2213,Nycteris woodi,0,0,0,0,0,0,0,0,0,0,0,0,0,0,0,0
2214,Nycticebus pygmaeus,0,0,0,1,0,0,0,0,1,0,0,0,1,0,0,0
2215,Scotorepens balstoni,0,0,0,0,0,0,0,0,0,0,0,1,0,0,0,0
2216,Scotorepens greyii,0,1,0,1,0,1,0,0,0,1,1,0,1,0,1,0
2217,Nycticeius humeralis,0,0,0,0,0,0,0,0,0,0,0,0,0,0,0,0
2218,Scotorepens orion,0,0,0,0,0,0,0,0,0,0,0,0,0,0,0,0
2219,Scoteanax rueppellii,0,0,0,0,0,0,0,0,0,0,0,2,0,2,0,0
2220,Scotorepens sanborni,0,0,0,0,0,0,0,0,0,0,0,0,0,0,0,0
2221,Nyctimene rabori,0,0,0,2,0,0,0,0,0,0,0,0,1,2,0,0
2222,Nyctimene aello,0,0,0,0,0,0,0,0,0,0,0,0,0,0,0,0
2223,Nyctimene cyclotis,0,0,0,0,0,0,0,0,0,0,0,0,0,0,0,0
2224,Nyctimene draconilla,0,0,0,0,0,0,0,0,0,0,0,0,0,0,0,0
2225,Nyctimene malaitensis,0,0,0,0,0,0,0,0,0,0,0,0,0,0,0,0
2226,Nyctimene masalai,0,0,0,0,0,0,0,0,0,0,0,0,0,0,0,0
2227,Nyctimene varius,0,0,0,0,0,0,0,0,0,0,0,0,0,0,0,0
2228,Nyctimene sanctacrucis,0,0,0,0,0,0,0,0,0,0,0,0,0,0,0,0
2229,Nyctimene albiventer,0,0,0,0,0,0,0,0,0,0,0,0,0,0,0,0
2230,Nyctimene cephalotes,0,0,0,0,0,0,0,0,0,0,0,0,0,0,0,0
2231,Nyctimene certans,0,0,0,0,0,0,0,0,0,0,0,0,0,1,0,0
2232,Nyctimene major,0,0,0,0,0,0,0,0,0,0,0,0,0,0,0,0
2233,Nyctimene robinsoni,0,1,0,1,0,1,0,0,0,0,1,1,1,0,0,0
2234,Nyctimene vizcaccia,0,0,0,1,0,0,0,0,0,0,0,2,0,0,0,0
2235,Nyctinomops aurispinosus,0,0,0,0,0,0,0,0,0,0,0,0,0,0,0,0
2236,Nyctinomops femorosaccus,0,0,0,0,0,0,0,0,0,0,0,0,1,0,1,1
2237,Nyctinomops laticaudatus,0,0,0,0,0,0,0,0,0,0,0,0,0,0,0,0
2238,Nyctinomops macrotis,0,0,0,0,0,0,0,0,0,0,0,0,0,0,0,0
2239,Nyctomys sumichrasti,0,0,0,0,0,0,0,0,0,0,0,0,0,0,0,0
2240,Nyctophilus arnhemensis,0,0,0,0,0,0,0,0,0,0,0,0,0,0,0,0
2241,Nyctophilus geoffroyi,0,1,0,1,0,1,0,0,0,1,1,1,1,0,1,0
2242,Nyctophilus heran,0,0,0,0,0,0,0,0,0,0,0,0,0,0,0,0
2243,Nyctophilus howensis,0,0,0,0,0,0,0,0,0,0,0,0,0,0,0,0
2244,Nyctophilus microdon,0,0,0,0,0,0,0,0,0,0,0,0,0,0,0,0
2245,Nyctophilus microtis,0,0,0,0,0,0,0,0,0,0,0,0,0,0,0,0
2246,Nyctophilus sherrini,0,2,0,0,0,3,0,0,0,0,0,2,0,2,0,0
2247,Nyctophilus walkeri,0,0,0,0,0,0,0,0,0,0,0,0,0,0,0,0
2248,Ochotona koslowi,0,0,0,1,0,0,0,0,0,0,0,0,0,0,0,0
2249,Ochotona forresti,0,0,0,0,0,0,0,0,0,0,0,0,0,0,0,0
2250,Ochotona iliensis,0,1,0,0,0,0,0,0,0,0,1,0,0,0,0,0
2251,Ochotona nubrica,0,0,0,0,0,0,0,0,0,0,0,0,0,0,0,0
2252,Ochotona pusilla,0,0,0,1,0,0,0,0,0,0,0,0,0,0,0,0
2253,Ochotona thomasi,0,0,0,0,0,0,0,0,0,0,0,0,0,0,0,0
2254,Octodon bridgesi,0,0,0,1,0,0,0,0,1,0,0,1,0,0,0,0
2255,Octodon degus,0,0,0,0,0,0,0,0,0,0,0,0,0,0,0,0
2256,Octodon lunatus,0,0,0,1,0,0,0,0,0,0,1,0,1,0,0,0
2257,Octodon pacificus,0,0,0,1,0,0,0,0,0,0,0,1,0,0,0,0
2258,Octodontomys gliroides,0,0,0,0,0,0,0,0,0,0,0,0,0,0,0,0
2259,Octomys mimax,0,0,0,0,0,0,0,0,0,0,0,0,0,0,0,0
2260,Odobenus rosmarus,0,2,0,0,0,0,2,0,0,0,0,0,1,0,1,1
2261,Oecomys bicolor,0,0,0,0,0,0,0,0,0,0,0,0,0,0,0,0
2262,Oecomys cleberi,0,0,0,0,0,0,0,0,0,0,0,0,0,0,0,0
2263,Oecomys flavicans,0,0,0,0,0,0,0,0,0,0,0,0,0,0,0,0
2264,Oecomys mamorae,0,0,0,0,0,0,0,0,0,0,0,0,0,0,0,0
2265,Oecomys paricola,0,0,0,0,0,0,0,0,0,0,0,0,0,0,0,0
2266,Oecomys phaeotis,0,0,0,0,0,0,0,0,0,0,0,0,0,0,0,0
2267,Oecomys rex,0,0,0,0,0,0,0,0,0,0,0,0,0,0,0,0
2268,Oecomys roberti,0,0,0,0,0,0,0,0,0,0,0,0,0,0,0,0
2269,Oecomys rutilus,0,0,0,0,0,0,0,0,0,0,0,0,0,0,0,0
2270,Oecomys speciosus,0,0,0,0,0,0,0,0,0,0,0,0,0,0,0,0
2271,Oecomys superans,0,0,0,0,0,0,0,0,0,0,0,0,0,0,0,0
2272,Oecomys trinitatis,0,0,0,0,0,0,0,0,0,0,0,0,0,0,0,0
2273,Oenomys hypoxanthus,0,0,0,0,0,0,0,0,0,0,0,0,0,0,0,0
2274,Oenomys ornatus,0,0,0,0,0,0,0,0,0,0,0,0,0,0,0,0
2275,Okapia johnstoni,0,0,3,1,0,0,0,0,3,0,0,2,2,0,0,0
2276,Olallamys albicauda,0,0,0,0,0,0,0,0,0,0,0,1,0,0,0,0
2277,Olallamys edax,0,0,0,0,0,0,0,0,0,0,0,0,0,0,0,0
2278,Oligoryzomys andinus,0,0,0,0,0,0,0,0,0,0,0,0,0,0,0,0
2279,Oligoryzomys arenalis,0,0,0,0,0,0,0,0,0,1,0,0,0,0,0,0
2280,Oligoryzomys chacoensis,0,0,0,0,0,0,0,0,0,0,0,0,0,0,0,0
2281,Oligoryzomys delticola,0,0,0,0,0,0,0,0,0,0,0,0,0,0,0,0
2282,Oligoryzomys destructor,0,0,0,0,0,0,0,0,0,0,0,0,0,0,0,0
2283,Oligoryzomys eliurus,0,0,0,0,0,0,0,0,0,0,0,0,0,0,0,0
2284,Oligoryzomys flavescens,0,0,0,0,0,0,0,0,0,0,0,0,0,0,0,0
2285,Oligoryzomys fulvescens,0,0,0,0,0,0,0,0,0,0,0,0,0,0,0,0
2286,Oligoryzomys griseolus,0,0,0,0,0,0,0,0,0,0,0,0,0,0,0,0
2287,Oligoryzomys longicaudatus,0,0,0,0,0,0,0,0,0,0,0,0,0,0,0,0
2288,Oligoryzomys magellanicus,0,0,0,0,0,0,0,0,0,0,0,0,0,0,0,0
2289,Oligoryzomys microtis,0,0,0,0,0,0,0,0,0,0,0,0,0,0,0,0
2290,Oligoryzomys nigripes,0,0,0,0,0,0,0,0,0,0,0,0,0,0,0,0
2291,Oligoryzomys vegetus,0,0,0,0,0,0,0,0,0,0,0,0,0,0,0,0
2292,Oligoryzomys victus,0,0,0,0,0,0,0,0,0,0,0,0,0,0,0,0
2293,Ommatophoca rossii,0,2,0,0,0,0,0,0,0,1,0,0,0,0,0,0
2294,Leopardus colocolo,0,0,0,1,0,0,0,0,1,0,1,0,1,0,0,0
2295,Leopardus geoffroyi,0,0,0,1,0,0,0,0,1,1,1,0,1,0,0,0
2296,Leopardus guigna,0,0,0,1,0,0,0,0,1,0,1,0,0,1,0,0
2297,Ondatra zibethicus,0,0,0,0,0,0,0,0,0,0,0,0,0,0,0,0
2298,Onychogalea fraenata,0,1,0,0,0,1,0,0,0,2,0,0,0,0,0,0
2299,Onychogalea lunata,0,0,0,0,0,1,0,0,0,2,0,0,0,0,0,0
2300,Onychomys arenicola,0,0,0,0,0,0,0,0,0,0,0,0,0,0,0,0
2301,Onychomys leucogaster,0,0,0,0,0,0,0,0,0,0,0,0,0,0,0,0
2302,Onychomys torridus,0,0,0,0,0,0,0,0,0,0,0,0,0,0,0,0
2303,Orcaella brevirostris,0,0,0,1,2,0,3,0,0,0,0,0,1,1,2,0
2304,Orcinus orca,0,0,0,0,0,0,1,0,0,1,0,0,1,0,1,1
2305,Leopardus jacobita,0,1,0,0,0,0,0,0,1,0,1,0,1,0,0,0
2306,Oreotragus oreotragus,0,0,0,0,0,0,0,0,1,0,0,0,0,0,0,0
2307,Orthogeomys cavator,0,0,0,0,0,0,0,0,0,0,0,0,0,0,0,0
2308,Orthogeomys cuniculus,0,0,0,0,0,0,0,0,0,0,0,0,0,0,0,0
2309,Orthogeomys heterodus,0,0,0,0,0,0,0,0,0,0,0,0,0,0,0,0
2310,Orthogeomys hispidus,0,0,0,0,0,0,0,0,0,0,0,0,0,0,0,0
2311,Oryx dammah,0,0,0,0,0,0,0,0,0,0,0,0,0,0,0,0
2312,Oryx leucoryx,0,2,0,0,0,0,0,0,2,0,2,0,0,0,0,0
2313,Oryx beisa,0,0,0,0,0,0,0,0,2,0,2,0,1,0,0,0
2314,Oryx gazella,0,0,0,0,0,0,0,0,0,0,0,0,0,0,0,0
2315,Oryzomys nelsoni,0,0,0,0,0,0,0,0,0,0,0,0,0,0,0,0
2316,Nephelomys albigularis,0,0,0,0,0,0,0,0,0,0,0,0,0,0,0,0
2317,Handleyomys alfaroi,0,0,0,0,0,0,0,0,0,0,0,0,0,0,0,0
2318,Nephelomys auriventer,0,0,0,0,0,0,0,0,0,0,0,0,0,0,0,0
2319,Oreoryzomys balneator,0,0,0,0,0,0,0,0,0,0,0,0,0,0,0,0
2320,Transandinomys bolivaris,0,0,0,0,0,0,0,0,0,0,0,1,0,0,0,0
2321,Handleyomys chapmani,0,0,0,0,0,0,0,0,0,0,0,1,0,0,0,0
2322,Oryzomys couesi,0,0,0,0,0,0,0,0,0,0,0,0,0,0,0,0
2323,Nephelomys devius,0,0,0,0,0,0,0,0,0,0,0,1,0,0,0,0
2324,Oryzomys dimidiatus,0,0,0,0,0,0,0,0,0,0,0,0,0,0,0,0
2325,Aegialomys galapagoensis,0,0,0,0,0,0,0,0,0,1,0,0,0,0,0,0
2326,Mindomys hammondi,0,0,0,3,0,0,0,0,0,0,3,0,3,0,0,0
2327,Handleyomys intectus,0,0,0,0,0,0,0,0,0,0,0,1,0,0,0,0
2328,Nephelomys keaysi,0,0,0,1,0,0,0,0,0,0,0,1,0,0,0,0
2329,Euryoryzomys lamia,0,0,0,0,0,0,0,0,0,0,1,1,1,0,0,0
2330,Euryoryzomys legatus,0,0,0,0,0,0,0,0,0,0,0,0,0,0,0,0
2331,Nephelomys levipes,0,0,0,1,0,0,0,0,0,0,0,0,0,0,0,0
2332,Euryoryzomys macconnelli,0,0,0,0,0,0,0,0,0,0,0,0,1,0,0,0
2333,Handleyomys melanotis,0,0,0,0,0,0,0,0,0,0,0,0,0,0,0,0
2334,Euryoryzomys nitidus,0,0,0,0,0,0,0,0,0,0,0,0,0,0,0,0
2335,Hylaeamys oniscus,0,0,0,0,0,0,0,0,0,0,0,0,0,0,0,0
2336,Eremoryzomys polius,0,0,0,0,0,0,0,0,0,0,0,0,0,0,0,0
2337,Handleyomys rhabdops,0,0,0,0,0,0,0,0,0,0,0,1,0,0,0,0
2338,Handleyomys rostratus,0,0,0,0,0,0,0,0,0,0,0,0,0,0,0,0
2339,Handleyomys saturatior,0,0,0,0,0,0,0,0,0,0,0,2,0,0,0,0
2340,Cerradomys subflavus,0,0,0,0,0,0,0,0,0,0,0,0,0,0,0,0
2341,Transandinomys talamancae,0,0,0,0,0,0,0,0,0,0,0,0,0,0,0,0
2342,Aegialomys xanthaeolus,0,0,0,0,0,0,0,0,0,0,0,0,0,0,0,0
2343,Hylaeamys yunganus,0,0,0,0,0,0,0,0,0,0,0,0,0,0,0,0
2344,Genetta piscivora,0,0,0,0,0,0,0,0,0,0,0,0,0,0,0,0
2345,Osgoodomys banderanus,0,0,0,1,0,0,0,0,0,0,0,1,0,0,0,0
2346,Otocolobus manul,0,2,0,0,0,1,2,0,2,0,2,0,1,0,0,0
2347,Otocyon megalotis,0,1,0,0,0,0,0,0,1,1,0,0,0,0,0,0
2348,Otolemur crassicaudatus,0,0,0,0,0,0,0,0,0,0,0,1,0,1,0,0
2349,Otolemur garnettii,0,0,0,0,0,0,0,0,1,0,1,1,1,0,0,0
2350,Otomops formosus,0,0,0,0,0,0,0,0,0,0,0,0,0,0,0,0
2351,Otomops wroughtoni,0,0,0,0,0,0,0,0,0,1,0,0,1,0,0,1
2352,Otomops johnstonei,0,0,0,0,0,0,0,0,0,0,0,0,0,0,0,0
2353,Otomops martiensseni,0,0,0,0,0,0,0,0,0,0,0,0,0,0,0,0
2354,Otomops papuensis,0,0,0,0,0,0,0,0,0,0,0,0,0,0,0,0
2355,Otomops secundus,0,0,0,0,0,0,0,0,0,0,0,0,0,0,0,0
2356,Otomys anchietae,0,0,0,0,0,0,0,0,0,0,0,0,0,0,0,0
2357,Otomys angoniensis,0,0,0,0,0,0,0,0,0,0,0,0,0,0,0,0
2358,Otomys denti,0,0,0,0,0,0,0,0,0,0,0,0,0,0,0,0
2359,Otomys laminatus,0,2,0,2,0,0,0,0,0,0,2,0,2,1,0,0
2360,Otomys occidentalis,0,1,0,1,0,0,0,0,1,0,1,0,0,0,0,0
2361,Otomys sloggetti,0,0,0,1,0,0,0,0,1,0,0,0,1,0,0,0
2362,Otomys tropicalis,0,0,0,0,0,0,0,0,0,0,0,0,0,0,0,0
2363,Otomys unisulcatus,0,0,0,0,0,0,0,0,0,0,0,0,0,0,0,0
2364,Otonyctomys hatti,0,0,0,0,0,0,0,0,0,0,0,0,0,0,0,0
2365,Otopteropus cartilagonodus,0,0,0,0,0,0,0,0,0,0,0,0,0,0,0,0
2366,Ototylomys phyllotis,0,0,0,0,0,0,0,0,0,0,0,0,0,0,0,0
2367,Ourebia ourebi,0,0,0,1,0,0,0,0,1,0,1,0,1,0,0,0
2368,Ovis ammon,0,1,0,0,0,0,0,0,1,1,1,0,1,0,0,0
2369,Ovis canadensis,0,0,0,0,0,0,0,0,1,1,2,0,0,1,0,0
2370,Ovis nivicola,0,0,0,0,0,0,0,0,1,1,0,0,0,0,0,0
2371,Oxymycterus angularis,0,0,0,0,0,0,0,0,0,0,0,0,0,0,0,0
2372,Oxymycterus delator,0,0,0,0,0,0,0,0,0,0,0,0,0,0,0,0
2373,Oxymycterus hispidus,0,0,0,0,0,0,0,0,0,0,0,0,0,0,0,0
2374,Oxymycterus hucucha,0,0,0,0,0,0,0,0,0,0,3,3,3,0,0,0
2375,Brucepattersonius iheringi,0,0,0,0,0,0,0,0,0,0,0,0,0,0,0,0
2376,Oxymycterus inca,0,0,0,0,0,0,0,0,0,0,0,0,0,0,0,0
2377,Oxymycterus nasutus,0,0,0,0,0,0,0,0,0,0,0,0,0,0,0,0
2378,Oxymycterus roberti,0,0,0,0,0,0,0,0,0,0,0,0,0,0,0,0
2379,Oxymycterus rufus,0,0,0,0,0,0,0,0,0,0,0,0,0,0,0,0
2380,Oxymycterus hiska,0,0,0,0,0,0,0,0,0,0,0,0,0,0,0,0
2381,Ozotoceros bezoarticus,0,0,0,0,0,0,0,0,1,1,1,0,0,1,0,0
2382,Pachyuromys duprasi,0,0,0,0,0,0,0,0,0,0,0,0,0,0,0,0
2383,Palawanomys furvus,0,0,0,0,0,0,0,0,0,0,0,0,0,0,0,0
2384,Pan paniscus,0,2,1,2,0,0,0,0,3,2,2,1,1,0,0,1
2385,Pan troglodytes,0,2,0,3,0,0,0,0,2,2,0,2,2,0,0,0
2386,Panthera leo,0,0,2,0,0,0,0,0,1,0,1,0,3,0,0,0
2387,Panthera onca,0,0,0,1,0,1,0,0,1,0,1,1,1,1,1,1
2388,Panthera pardus,0,0,1,1,1,1,0,0,1,0,1,1,1,1,0,0
2389,Panthera tigris,0,0,2,1,1,0,0,0,3,0,1,1,1,1,0,0
2390,Pantholops hodgsonii,0,1,0,0,0,0,0,0,2,0,2,0,1,0,0,0
2391,Papagomys armandvillei,0,0,0,1,0,0,0,0,1,1,1,1,0,0,0,0
2392,Papio papio,0,1,0,1,0,0,0,0,1,0,1,0,0,0,0,0
2393,Papio hamadryas,0,0,0,0,0,0,0,0,1,0,0,1,0,0,0,0
2394,Papio ursinus,0,0,0,0,0,0,0,0,0,0,0,0,0,0,0,0
2395,Cratogeomys castanops,0,0,0,0,0,0,0,0,0,0,0,0,0,0,0,0
2396,Cratogeomys fumosus,0,0,0,0,0,0,0,0,0,0,0,0,0,0,0,0
2397,Cratogeomys merriami,0,0,0,0,0,0,0,0,0,0,0,0,0,0,0,0
2398,Paracrocidura graueri,0,0,0,0,0,0,0,0,0,0,0,0,0,0,0,0
2399,Paracrocidura maxima,0,0,0,0,0,0,0,0,0,0,0,0,0,0,0,0
2400,Paradipus ctenodactylus,0,0,0,0,0,0,0,0,0,0,0,0,0,0,0,0
2401,Paradoxurus jerdoni,0,0,0,1,1,0,0,0,1,0,0,1,1,0,0,0
2402,Parahydromys asper,0,0,0,0,0,0,0,0,0,0,0,0,0,0,0,0
2403,Paraleptomys rufilatus,0,0,0,0,0,0,0,0,1,0,0,1,0,0,0,0
2404,Paraleptomys wilhelmina,0,0,0,0,0,0,0,0,0,0,0,0,0,0,0,0
2405,Parantechinus apicalis,0,0,0,0,0,2,0,0,0,1,0,0,0,0,0,0
2406,Paranyctimene raptor,0,0,0,0,0,0,0,0,0,0,0,0,0,0,0,0
2407,Paraxerus vexillarius,0,0,0,0,0,0,0,0,0,0,0,0,0,0,0,0
2408,Paraxerus alexandri,0,0,0,0,0,0,0,0,0,0,0,0,0,0,0,0
2409,Paraxerus boehmi,0,0,0,0,0,0,0,0,0,0,0,0,0,0,0,0
2410,Paraxerus cepapi,0,0,0,0,0,0,0,0,0,0,0,0,0,0,0,0
2411,Paraxerus cooperi,0,0,0,0,0,0,0,0,0,0,0,0,0,0,0,0
2412,Paraxerus flavovittis,0,0,0,0,0,0,0,0,0,0,0,0,0,0,0,0
2413,Paraxerus lucifer,0,0,0,0,0,0,0,0,0,0,0,0,0,0,0,0
2414,Paraxerus ochraceus,0,0,0,0,0,0,0,0,0,0,0,0,0,0,0,0
2415,Paraxerus palliatus,0,0,0,0,0,0,0,0,0,0,0,0,0,0,0,0
2416,Paraxerus poensis,0,0,0,0,0,0,0,0,0,0,0,0,0,0,0,0
2417,Paraxerus vincenti,0,0,0,1,0,1,0,0,1,0,0,1,0,0,0,0
2418,Pardofelis marmorata,0,0,0,1,1,0,0,0,1,0,1,1,1,1,0,0
2419,Parotomys brantsii,0,0,0,0,0,0,0,0,0,0,0,0,0,0,0,0
2420,Parotomys littledalei,0,0,0,0,0,0,0,0,0,0,0,0,0,0,0,0
2421,Paruromys dominator,0,0,0,1,0,0,0,0,1,0,0,1,0,0,0,0
2422,Paulamys naso,0,0,0,0,0,0,0,0,0,0,0,0,0,0,0,0
2423,Pectinator spekei,0,0,0,0,0,0,0,0,0,0,0,0,0,0,0,0
2424,Pedetes capensis,0,0,0,0,0,0,0,0,0,0,0,0,0,0,0,0
2425,Pelea capreolus,0,0,0,0,0,0,0,0,2,1,1,0,2,0,0,0
2426,Pelomys hopkinsi,0,0,0,0,0,0,0,0,0,0,0,0,0,0,0,0
2427,Pelomys isseli,0,0,0,0,0,0,0,0,0,0,0,0,0,0,0,0
2428,Pelomys campanae,0,0,0,0,0,0,0,0,0,0,0,0,0,0,0,0
2429,Pelomys fallax,0,0,0,0,0,0,0,0,0,0,0,0,0,0,0,0
2430,Pelomys minor,0,0,0,0,0,0,0,0,0,0,0,0,0,0,0,0
2431,Pentalagus furnessi,0,0,0,0,1,0,0,0,0,2,0,0,1,1,0,1
2432,Penthetor lucasi,0,0,0,0,0,0,0,0,0,0,0,0,0,0,0,0
2433,Peponocephala electra,0,0,0,0,0,0,1,0,0,1,0,0,0,0,1,0
2434,Perameles bougainville,0,1,0,0,0,1,0,0,0,2,0,0,0,0,0,0
2435,Perameles eremiana,0,0,0,0,0,0,0,0,0,0,0,0,0,0,0,0
2436,Perameles gunnii,0,0,0,0,0,0,0,0,0,2,0,0,0,0,0,0
2437,Perognathus alticola,0,0,0,0,1,0,0,0,0,0,1,0,1,1,0,0
2438,Perognathus amplus,0,0,0,0,0,0,0,0,0,0,0,0,0,0,0,0
2439,Perognathus flavescens,0,0,0,0,0,0,0,0,0,0,0,0,0,0,0,0
2440,Perognathus flavus,0,0,0,0,0,0,0,0,0,0,0,0,0,0,0,0
2441,Perognathus longimembris,0,0,0,0,0,0,0,0,0,0,0,0,0,0,0,0
2442,Perognathus merriami,0,0,0,0,0,0,0,0,0,0,0,0,0,0,0,0
2443,Peromyscus pembertoni,0,0,0,0,0,0,0,0,0,0,0,0,0,0,0,0
2444,Peromyscus aztecus,0,0,0,0,0,0,0,0,0,0,0,0,0,0,0,0
2445,Peromyscus boylii,0,0,0,0,0,0,0,0,0,0,0,0,0,0,0,0
2446,Peromyscus bullatus,0,0,0,1,0,0,0,0,0,0,0,0,0,0,0,0
2447,Peromyscus californicus,0,0,0,0,0,0,0,0,0,0,0,0,0,0,0,0
2448,Peromyscus caniceps,0,0,0,0,0,0,0,0,0,1,0,0,0,0,0,0
2449,Peromyscus crinitus,0,0,0,0,0,0,0,0,0,0,0,0,0,0,0,0
2450,Peromyscus dickeyi,0,3,0,0,0,0,0,0,0,2,0,0,0,0,0,0
2451,Peromyscus difficilis,0,0,0,0,0,0,0,0,0,0,0,0,0,0,0,0
2452,Peromyscus eremicus,0,0,0,0,0,0,0,0,0,0,0,0,0,0,0,0
2453,Peromyscus eva,0,0,0,0,0,0,0,0,0,0,0,0,0,0,0,0
2454,Peromyscus furvus,0,0,0,0,0,0,0,0,0,0,0,1,0,0,0,0
2455,Peromyscus grandis,0,0,0,0,0,0,0,0,0,0,0,2,0,0,0,0
2456,Peromyscus gratus,0,0,0,0,0,0,0,0,0,0,0,0,0,0,0,0
2457,Peromyscus guardia,0,0,0,0,0,0,0,0,0,1,0,0,0,0,0,1
2458,Peromyscus guatemalensis,0,0,0,0,0,0,0,0,0,0,0,0,0,0,0,0
2459,Peromyscus gymnotis,0,0,0,1,0,0,0,0,0,0,0,0,1,0,0,0
2460,Peromyscus hooperi,0,0,0,0,0,0,0,0,0,0,0,0,0,0,0,0
2461,Peromyscus interparietalis,0,0,0,0,0,0,0,0,0,1,0,0,0,0,0,0
2462,Peromyscus leucopus,0,0,0,0,0,0,0,0,0,0,0,0,0,0,0,0
2463,Peromyscus levipes,0,0,0,0,0,0,0,0,0,0,0,0,0,0,0,0
2464,Peromyscus madrensis,0,0,0,0,0,0,0,0,0,1,0,0,0,0,0,0
2465,Peromyscus maniculatus,0,0,0,0,0,0,0,0,0,0,0,0,0,0,0,0
2466,Peromyscus mayensis,0,1,0,0,0,2,0,0,0,0,0,2,0,0,0,0
2467,Peromyscus megalops,0,0,0,0,0,0,0,0,0,0,0,0,0,0,0,0
2468,Peromyscus mekisturus,0,1,0,1,0,0,0,0,0,0,0,0,0,0,0,0
2469,Peromyscus melanocarpus,0,0,0,0,0,0,0,0,0,0,0,0,0,0,0,0
2470,Peromyscus melanophrys,0,0,0,0,0,0,0,0,0,0,0,0,0,0,0,0
2471,Peromyscus melanotis,0,0,0,0,0,0,0,0,0,0,0,0,0,0,0,0
2472,Peromyscus melanurus,0,0,0,2,0,0,0,0,0,0,0,0,0,0,0,0
2473,Peromyscus merriami,0,0,0,0,0,0,0,0,0,0,0,0,0,0,0,0
2474,Peromyscus mexicanus,0,0,0,0,0,0,0,0,0,0,0,0,0,0,0,0
2475,Peromyscus nasutus,0,0,0,0,0,0,0,0,0,0,0,0,0,0,0,0
2476,Peromyscus ochraventer,0,0,0,2,0,0,0,0,0,0,0,2,0,0,0,0
2477,Peromyscus pectoralis,0,0,0,0,0,0,0,0,0,0,0,0,0,0,0,0
2478,Peromyscus perfulvus,0,0,0,0,0,0,0,0,0,0,0,0,0,0,0,0
2479,Peromyscus polius,0,0,0,0,0,0,0,0,0,0,0,2,2,0,0,0
2480,Peromyscus pseudocrinitus,0,0,0,0,0,0,0,0,0,1,0,0,0,0,0,0
2481,Peromyscus sejugis,0,0,0,0,0,0,0,0,0,1,0,0,0,0,0,0
2482,Peromyscus simulus,0,0,0,1,0,0,0,0,1,0,0,1,0,0,0,0
2483,Peromyscus slevini,0,0,0,0,0,0,0,0,0,1,0,0,0,0,0,0
2484,Peromyscus spicilegus,0,0,0,0,0,0,0,0,0,0,0,0,0,0,0,0
2485,Peromyscus stephani,0,0,0,0,0,0,0,0,0,2,0,0,0,0,0,0
2486,Peromyscus stirtoni,0,0,0,0,0,0,0,0,0,0,0,0,0,0,0,0
2487,Peromyscus truei,0,0,0,0,0,0,0,0,0,0,0,0,0,0,0,0
2488,Peromyscus winkelmanni,0,0,0,0,0,0,0,0,0,0,0,0,0,0,0,0
2489,Peromyscus yucatanicus,0,0,0,0,0,0,0,0,0,0,0,0,0,0,0,0
2490,Peromyscus zarhynchus,0,0,0,1,0,0,0,0,0,0,0,1,0,0,0,0
2491,Peropteryx kappleri,0,0,0,0,0,0,0,0,0,0,0,0,0,0,0,0
2492,Peropteryx leucoptera,0,0,0,0,0,0,0,0,0,0,0,1,1,0,0,1
2493,Peropteryx macrotis,0,0,0,0,0,0,0,0,0,0,0,0,0,0,0,0
2494,Peroryctes broadbenti,0,0,0,1,0,0,0,0,1,0,0,0,0,0,0,0
2495,Peroryctes raffrayana,0,0,0,0,0,0,0,0,0,0,0,0,0,0,0,0
2496,Petaurillus emiliae,0,0,0,0,0,0,0,0,0,0,0,0,0,0,0,0
2497,Petaurillus hosei,0,0,0,0,0,0,0,0,0,0,0,0,0,0,0,0
2498,Petaurillus kinlochii,0,0,0,0,0,0,0,0,0,0,0,0,0,0,0,0
2499,Petaurista alborufus,0,0,0,0,0,0,0,0,0,0,0,0,0,0,0,0
2500,Petaurista elegans,0,0,0,0,0,0,0,0,0,0,0,0,0,0,0,0
2501,Petaurista leucogenys,0,0,0,0,0,0,0,0,0,0,0,0,0,0,0,0
2502,Petaurista magnificus,0,0,0,1,0,1,0,0,0,0,0,1,1,0,0,0
2503,Petaurista nobilis,0,0,0,0,1,0,0,0,1,0,0,1,1,0,0,0
2504,Petaurista petaurista,0,0,0,1,0,0,0,0,1,0,0,1,1,0,0,0
2505,Petaurista philippensis,0,0,0,0,0,0,0,0,0,0,0,0,0,0,0,0
2506,Petaurista xanthotis,0,0,0,0,0,0,0,0,0,0,0,0,0,0,0,0
2507,Petaurus abidi,0,0,0,1,0,0,0,0,1,0,0,0,1,0,0,0
2508,Petaurus gracilis,0,0,0,0,0,0,0,0,0,0,0,0,0,0,0,0
2509,Petaurus norfolcensis,0,0,0,0,0,1,0,0,0,1,1,1,1,0,0,0
2510,Petaurus australis,0,0,0,1,0,1,0,0,0,0,1,1,1,0,0,0
2511,Petaurus breviceps,0,0,0,0,0,0,0,0,0,0,0,0,0,0,0,0
2512,Petaurus biacensis,0,0,0,0,0,0,0,0,0,0,0,0,0,0,0,0
2513,Petinomys crinitus,0,0,0,0,0,0,0,0,0,0,0,0,0,0,0,0
2514,Petinomys fuscocapillus,0,0,0,1,0,1,0,0,1,0,0,1,0,0,0,0
2515,Petinomys genibarbis,0,0,0,0,0,0,0,0,0,0,0,0,0,0,0,0
2516,Petinomys hageni,0,0,0,0,0,0,0,0,0,0,0,0,0,0,0,0
2517,Petinomys lugens,0,0,0,0,0,0,0,0,0,0,0,0,0,0,0,0
2518,Petinomys setosus,0,0,0,0,0,0,0,0,0,0,0,0,0,0,0,0
2519,Petinomys vordermanni,0,0,0,0,0,0,0,0,0,0,0,0,0,0,0,0
2520,Petrogale burbidgei,0,0,0,0,0,2,0,0,0,2,0,0,0,0,0,0
2521,Petrogale penicillata,0,0,0,0,0,0,0,0,0,2,1,0,0,0,0,0
2522,Petrogale persephone,0,0,0,0,0,0,0,0,0,1,0,0,1,0,0,0
2523,Petrogale xanthopus,0,0,0,0,0,1,0,0,0,1,0,0,0,0,0,0
2524,Petrogale lateralis,0,1,0,1,0,2,0,0,0,3,1,0,0,0,0,0
2525,Petrogale coenensis,0,0,0,0,0,2,0,0,0,0,1,0,0,0,0,0
2526,Petrogale sharmani,0,0,0,0,0,1,0,0,0,1,1,0,0,0,0,0
2527,Petrogale concinna,0,0,0,0,0,2,0,0,0,3,0,0,0,0,0,0
2528,Petromus typicus,0,0,0,0,0,0,0,0,0,0,0,0,0,0,0,0
2529,Petromyscus barbouri,0,0,0,0,0,0,0,0,0,0,0,0,0,0,0,0
2530,Petromyscus collinus,0,0,0,0,0,0,0,0,0,0,0,0,0,0,0,0
2531,Petromyscus monticularis,0,0,0,0,0,0,0,0,0,0,0,0,0,0,0,0
2532,Petromyscus shortridgei,0,0,0,0,0,0,0,0,0,0,0,0,0,0,0,0
2533,Phaenomys ferrugineus,0,0,0,2,0,0,0,0,0,0,2,2,0,0,0,0
2534,Phalanger lullulae,0,0,0,1,0,0,0,0,0,0,0,0,0,0,0,0
2535,Phalanger orientalis,0,0,0,0,0,0,0,0,0,0,0,0,0,0,0,0
2536,Phalanger vestitus,0,0,0,0,0,0,0,0,0,0,0,0,0,0,0,0
2537,Phalanger matanim,0,0,0,1,0,0,0,0,1,0,0,0,1,0,0,0
2538,Phalanger rothschildi,0,0,0,0,0,0,0,0,0,0,0,0,0,0,0,0
2539,Phalanger carmelitae,0,0,0,0,0,0,0,0,0,0,0,0,0,0,0,0
2540,Phalanger ornatus,0,0,0,0,0,0,0,0,0,0,0,0,0,0,0,0
2541,Phalanger sericeus,0,0,0,0,0,0,0,0,0,0,0,0,0,0,0,0
2542,Phalanger gymnotis,0,0,0,0,0,0,0,0,1,0,0,0,0,0,0,0
2543,Phalanger intercastellanus,0,0,0,0,0,0,0,0,1,0,0,1,0,0,0,0
2544,Phalanger alexandrae,0,0,0,1,0,0,0,0,1,1,0,0,1,0,0,0
2545,Phaner furcifer,0,0,0,0,0,0,0,0,0,0,0,0,0,0,0,0
2546,Phaner parienti,0,0,0,0,0,0,0,0,0,0,0,0,0,0,0,0
2547,Phaner pallescens,0,0,0,0,0,0,0,0,0,0,0,0,0,0,0,0
2548,Phaner electromontis,0,0,0,1,0,2,0,0,0,0,0,1,2,0,0,0
2549,Pharotis imogene,0,0,0,2,0,3,0,0,0,0,0,2,2,2,0,0
2550,Phascogale calura,0,0,0,0,0,1,0,0,0,1,0,0,0,0,0,0
2551,Phascogale pirata,0,0,0,0,0,1,0,0,0,1,1,0,0,1,0,0
2552,Phascogale tapoatafa,0,0,0,2,0,2,0,0,0,1,2,1,0,0,0,0
2553,Phascolarctos cinereus,0,2,0,0,0,2,0,0,0,2,0,1,1,0,0,0
2554,Phascolosorex doriae,0,0,0,1,0,0,0,0,1,1,0,1,0,0,0,0
2555,Phascolosorex dorsalis,0,0,0,0,0,0,0,0,0,0,0,0,0,0,0,0
2556,Craseomys andersoni,0,0,0,0,0,0,0,0,0,0,0,0,0,0,0,0
2557,Craseomys smithii,0,0,0,0,0,0,0,0,0,0,0,0,0,0,0,0
2558,Philetor brachypterus,0,0,0,0,0,0,0,0,0,0,0,0,0,0,0,0
2559,Phloeomys cumingi,0,0,0,0,0,0,0,0,1,0,0,1,0,0,0,0
2560,Phloeomys pallidus,0,0,0,1,0,0,0,0,1,0,0,1,0,0,0,0
2561,Phoca vitulina,0,0,0,0,1,0,1,0,0,1,0,0,1,0,1,1
2562,Phoca largha,0,1,0,0,0,0,1,0,0,1,0,0,1,0,1,0
2563,Phocarctos hookeri,0,0,0,0,0,0,2,0,0,1,0,0,0,0,0,0
2564,Phocoena phocoena,0,0,0,0,0,0,1,0,0,1,0,0,1,0,1,0
2565,Phocoena sinus,0,0,0,0,0,0,3,0,0,0,0,0,0,0,0,0
2566,Phocoena spinipinnis,0,0,0,0,0,0,1,0,0,0,0,0,0,0,0,0
2567,Phocoenoides dalli,0,0,0,0,0,0,1,0,0,0,0,0,0,0,1,0
2568,Phodopus campbelli,0,0,0,0,0,0,0,0,0,0,0,0,0,0,0,0
2569,Phodopus roborovskii,0,0,0,0,0,0,0,0,0,0,0,0,0,0,0,0
2570,Phodopus sungorus,0,0,0,0,0,0,0,0,0,0,0,0,0,0,0,0
2571,Phylloderma stenops,0,0,0,0,0,0,0,0,0,0,0,0,0,0,0,0
2572,Phyllonycteris aphylla,0,0,0,0,0,0,0,0,0,1,0,0,0,0,0,1
2573,Phyllonycteris poeyi,0,0,0,0,0,0,0,0,0,0,0,0,1,0,0,1
2574,Phyllops falcatus,0,1,0,0,0,0,0,0,0,0,1,0,1,0,0,0
2575,Phyllostomus discolor,0,0,0,0,0,0,0,0,0,0,0,0,0,0,0,0
2576,Phyllostomus elongatus,0,0,0,0,0,0,0,0,0,0,0,0,0,0,0,0
2577,Phyllostomus hastatus,0,0,0,0,0,0,0,0,0,0,0,0,0,0,0,0
2578,Phyllostomus latifolius,0,0,0,0,0,0,0,0,0,0,0,0,1,0,0,1
2579,Phyllotis amicus,0,0,0,0,0,0,0,0,0,0,0,0,1,0,0,0
2580,Phyllotis andium,0,0,0,0,0,0,0,0,0,0,0,0,0,0,0,0
2581,Phyllotis bonariensis,0,0,0,0,0,0,0,0,0,0,2,0,0,0,0,0
2582,Phyllotis caprinus,0,0,0,0,0,0,0,0,0,0,0,0,0,0,0,0
2583,Phyllotis darwini,0,0,0,0,0,0,0,0,0,0,0,0,0,0,0,0
2584,Phyllotis definitus,0,0,0,0,0,0,0,0,0,0,0,0,0,0,0,0
2585,Phyllotis gerbillus,0,0,0,0,0,0,0,0,0,0,0,0,0,0,0,0
2586,Phyllotis haggardi,0,0,0,0,0,0,0,0,0,0,0,0,0,0,0,0
2587,Phyllotis magister,0,0,0,0,0,0,0,0,0,0,0,0,0,0,0,0
2588,Phyllotis osgoodi,0,0,0,0,0,0,0,0,0,0,0,0,0,0,0,0
2589,Phyllotis osilae,0,0,0,0,0,0,0,0,0,0,0,0,0,0,0,0
2590,Phyllotis wolffsohni,0,0,0,0,0,0,0,0,0,0,0,0,0,0,0,0
2591,Phyllotis xanthopygus,0,0,0,0,0,0,0,0,0,0,0,0,0,0,0,0
2592,Pipistrellus kuhlii,0,0,0,0,0,0,0,0,0,0,0,0,0,0,0,0
2593,Pipistrellus maderensis,0,0,0,0,0,2,0,0,0,2,0,0,2,0,2,2
2594,Pipistrellus nathusii,0,0,0,0,0,0,0,0,0,0,0,0,0,0,0,0
2595,Pipistrellus abramus,0,0,0,0,0,0,0,0,0,0,0,0,0,0,0,0
2596,Pipistrellus adamsi,0,0,0,0,0,0,0,0,0,0,0,0,0,0,0,0
2597,Pipistrellus aero,0,0,0,0,0,0,0,0,0,0,0,0,0,0,0,0
2598,Hypsugo affinis,0,0,0,0,0,0,0,0,0,0,0,0,0,0,0,0
2599,Pipistrellus angulatus,0,0,0,2,0,0,0,0,0,2,0,2,0,2,0,3
2600,Hypsugo anthonyi,0,0,0,0,0,0,0,0,0,0,0,0,0,0,0,0
2601,Hypsugo arabicus,0,0,0,0,0,0,0,0,0,0,0,0,0,0,0,0
2602,Hypsugo cadornae,0,0,0,0,0,0,0,0,0,0,0,0,0,0,0,0
2603,Pipistrellus ceylonicus,0,0,0,0,0,0,0,0,0,0,0,0,0,0,0,0
2604,Pipistrellus collinus,0,0,0,0,0,0,0,0,0,0,0,0,0,0,0,0
2605,Pipistrellus coromandra,0,0,0,0,0,0,0,0,0,0,0,0,0,0,0,0
2606,Scotozous dormeri,0,0,0,0,0,0,0,0,0,0,0,0,0,0,0,0
2607,Pipistrellus endoi,0,0,0,0,0,0,0,0,0,0,0,0,0,0,0,0
2608,Parastrellus hesperus,0,0,0,0,0,0,0,0,0,0,0,0,1,0,0,1
2609,Pipistrellus imbricatus,0,0,0,0,0,0,0,0,0,0,0,2,2,2,0,0
2610,Pipistrellus inexspectatus,0,0,0,0,0,0,0,0,0,0,0,0,0,0,0,0
2611,Pipistrellus javanicus,0,0,0,0,0,0,0,0,0,0,0,0,0,0,0,0
2612,Hypsugo joffrei,0,0,0,0,0,0,0,0,0,0,0,0,0,0,0,0
2613,Hypsugo kitcheneri,0,0,0,0,0,0,0,0,0,0,0,0,0,0,0,0
2614,Hypsugo lophurus,0,0,0,0,0,0,0,0,0,0,0,0,0,0,0,0
2615,Falsistrellus mackenziei,0,0,0,0,0,0,0,0,0,0,0,1,1,0,0,0
2616,Hypsugo macrotis,0,0,0,0,0,0,0,0,0,0,0,0,0,0,0,0
2617,Pipistrellus minahassae,0,0,0,0,0,0,0,0,0,0,0,0,0,0,0,0
2618,Falsistrellus mordax,0,0,0,0,0,0,0,0,0,0,0,0,0,0,0,0
2619,Pipistrellus nanulus,0,0,0,0,0,0,0,0,0,0,0,0,0,0,0,0
2620,Pipistrellus papuanus,0,0,0,0,0,0,0,0,0,0,0,0,0,0,0,0
2621,Pipistrellus paterculus,0,0,0,0,0,0,0,0,0,0,0,0,0,0,0,0
2622,Pipistrellus permixtus,0,0,0,0,0,0,0,0,0,0,0,0,0,0,0,0
2623,Falsistrellus petersi,0,0,0,0,0,0,0,0,0,0,0,0,0,0,0,0
2624,Hypsugo pulveratus,0,0,0,0,0,0,0,0,0,0,0,0,0,0,0,0
2625,Pipistrellus rueppellii,0,0,0,0,0,0,0,0,0,0,0,0,0,0,0,0
2626,Pipistrellus rusticus,0,0,0,0,0,0,0,0,0,0,0,0,0,0,0,0
2627,Pipistrellus stenopterus,0,0,0,0,0,0,0,0,0,0,0,0,0,0,0,0
2628,Pipistrellus sturdeei,0,0,0,0,0,0,0,0,0,0,0,0,0,0,0,0
2629,Perimyotis subflavus,0,0,0,0,0,0,0,0,0,0,0,0,1,1,0,0
2630,Falsistrellus tasmaniensis,0,2,0,2,0,3,0,0,0,2,2,2,1,0,2,0
2631,Pipistrellus wattsi,0,0,0,0,0,0,0,0,1,1,0,0,0,0,0,0
2632,Pipistrellus westralis,0,1,0,0,0,0,0,0,0,0,0,0,0,0,0,0
2633,Pithecheir melanurus,0,0,0,0,0,0,0,0,0,0,0,0,0,0,0,0
2634,Pithecheir parvus,0,0,0,1,0,0,0,0,0,0,1,1,1,0,0,0
2635,Pithecia aequatorialis,0,0,0,0,0,0,0,0,1,0,0,1,0,0,0,0
2636,Pithecia milleri,0,0,0,0,0,0,0,0,1,0,0,1,0,0,0,0
2637,Plagiodontia aedium,0,0,0,1,0,0,0,0,1,1,1,1,0,0,0,0
2638,Plagiodontia ipnaeum,0,0,0,0,0,0,0,0,0,0,0,0,0,0,0,0
2639,Planigale novaeguineae,0,0,0,0,0,0,0,0,0,0,0,0,0,0,0,0
2640,Platacanthomys lasiurus,0,0,0,1,0,0,0,0,1,0,0,1,0,0,0,0
2641,Platalina genovensium,0,1,0,0,0,0,0,0,1,0,0,0,0,0,0,0
2642,Platyrrhinus lineatus,0,0,0,0,0,0,0,0,0,0,0,0,0,0,0,0
2643,Platyrrhinus aurarius,0,0,0,0,0,0,0,0,0,0,0,0,1,0,0,0
2644,Platyrrhinus brachycephalus,0,0,0,0,0,0,0,0,0,0,0,0,0,0,0,0
2645,Platyrrhinus chocoensis,0,0,0,1,0,0,0,0,0,0,0,1,1,0,0,0
2646,Platyrrhinus infuscus,0,0,0,0,0,0,0,0,0,0,0,0,0,0,0,0
2647,Platyrrhinus recifinus,0,0,0,0,0,0,0,0,0,0,0,0,0,0,0,0
2648,Platyrrhinus vittatus,0,0,0,0,0,0,0,0,0,0,0,0,0,0,0,0
2649,Corynorhinus townsendii,0,0,0,0,0,0,0,0,1,0,0,0,1,0,0,1
2650,Corynorhinus mexicanus,0,0,0,0,0,0,0,0,0,0,0,0,1,0,0,1
2651,Corynorhinus rafinesquii,0,0,0,0,0,0,0,0,1,0,0,1,1,0,0,1
2652,Plecotus taivanus,0,1,0,0,0,0,0,0,0,0,0,1,1,0,0,0
2653,Plerotes anchietae,0,0,0,0,0,0,0,0,0,0,0,0,0,0,0,0
2654,Podogymnura truei,0,0,0,0,0,0,0,0,0,0,0,0,0,0,0,0
2655,Podogymnura aureospinula,0,0,0,0,0,0,0,0,0,0,0,0,0,0,0,0
2656,Podomys floridanus,0,0,0,2,0,2,0,0,0,0,0,0,2,0,0,0
2657,Podoxymys roraimae,0,0,0,0,0,0,0,0,0,0,0,1,0,0,0,1
2658,Pogonomelomys bruijnii,0,0,0,0,0,0,0,0,0,0,0,0,0,0,0,0
2659,Pogonomelomys mayeri,0,0,0,0,0,0,0,0,0,0,0,0,0,0,0,0
2660,Abeomelomys sevia,0,0,0,0,0,0,0,0,0,0,0,0,0,0,0,0
2661,Pogonomys championi,0,0,0,0,0,0,0,0,1,0,0,0,0,0,0,0
2662,Pogonomys loriae,0,0,0,0,0,0,0,0,0,0,0,0,0,0,0,0
2663,Pogonomys macrourus,0,0,0,0,0,0,0,0,0,0,0,0,0,0,0,0
2664,Pogonomys sylvestris,0,0,0,0,0,0,0,0,0,0,0,0,0,0,0,0
2665,Pongo pygmaeus,0,2,0,3,0,2,0,0,3,0,0,1,1,2,0,0
2666,Pontoporia blainvillei,0,0,0,0,0,0,3,0,0,0,0,0,0,0,0,0
2667,Potamogale velox,0,0,0,0,0,0,1,0,1,0,0,1,1,0,0,0
2668,Potorous longipes,0,0,0,0,0,2,0,0,0,2,0,1,0,0,0,0
2669,Potorous platyops,0,0,0,0,0,0,0,0,0,0,0,0,0,0,0,0
2670,Potorous gilbertii,0,0,0,0,0,2,0,0,0,3,0,0,0,0,0,0
2671,Praomys hartwigi,0,0,0,0,0,0,0,0,0,0,0,0,0,0,0,0
2672,Praomys delectorum,0,0,0,1,0,0,0,0,0,0,1,1,1,0,0,0
2673,Praomys jacksoni,0,0,0,0,0,0,0,0,0,0,0,0,0,0,0,0
2674,Praomys minor,0,0,0,0,0,0,0,0,0,0,0,0,0,0,0,0
2675,Praomys misonnei,0,0,0,0,0,0,0,0,0,0,0,0,0,0,0,0
2676,Praomys morio,0,0,0,0,0,0,0,0,0,0,0,0,0,0,0,0
2677,Praomys mutoni,0,0,0,1,0,0,0,0,0,0,0,0,1,0,0,0
2678,Praomys rostratus,0,0,0,0,0,0,0,0,0,0,0,0,0,0,0,0
2679,Presbytis frontata,0,0,0,2,0,2,0,0,2,0,0,2,2,2,0,0
2680,Presbytis rubicunda,0,0,0,2,0,1,0,0,2,0,0,2,0,2,0,0
2681,Presbytis thomasi,0,0,0,1,0,0,0,0,0,0,0,1,0,0,0,0
2682,Presbytis fredericae,0,0,0,1,0,1,0,0,1,0,0,1,1,0,0,0
2683,Presbytis siamensis,0,0,0,1,0,0,0,0,1,0,0,1,0,1,0,0
2684,Priodontes maximus,0,0,0,2,0,0,0,0,2,0,0,0,0,0,0,0
2685,Prionailurus planiceps,1,0,0,1,0,0,1,0,1,0,1,1,1,1,1,0
2686,Prionailurus rubiginosus,0,0,0,0,0,0,0,0,0,0,0,0,0,0,0,0
2687,Prionailurus viverrinus,2,0,0,2,0,0,2,0,2,0,1,0,1,0,1,0
2688,Prionomys batesi,0,0,0,0,0,0,0,0,0,0,0,0,0,0,0,0
2689,Procapra przewalskii,0,0,0,0,0,0,0,0,1,0,2,0,1,0,0,0
2690,Procapra picticaudata,0,0,0,0,0,0,0,0,1,0,2,0,1,0,0,0
2691,Procapra gutturosa,0,2,0,0,0,0,0,0,2,2,0,0,1,0,0,1
2692,Procolobus verus,0,0,0,2,0,2,0,0,2,0,0,2,1,2,0,0
2693,Piliocolobus waldroni,0,0,1,2,0,0,0,0,3,0,0,2,0,0,0,0
2694,Piliocolobus bouvieri,0,0,0,1,0,0,0,0,1,0,0,2,0,0,0,0
2695,Piliocolobus foai,0,0,2,2,0,0,0,0,1,0,1,1,2,0,0,0
2696,Piliocolobus oustaleti,0,0,1,1,0,0,0,0,1,0,1,0,1,0,0,0
2697,Piliocolobus tephrosceles,0,0,0,1,0,0,0,0,2,2,1,1,0,1,0,0
2698,Piliocolobus tholloni,0,0,0,1,0,0,0,0,1,0,0,1,1,0,0,0
2699,Piliocolobus langi,0,0,0,2,0,0,0,0,2,0,1,1,2,0,0,0
2700,Piliocolobus lulindicus,0,0,1,2,0,0,0,0,2,0,0,0,2,0,0,0
2701,Procyon pygmaeus,0,2,0,0,0,0,0,0,0,2,0,0,2,0,0,0
2702,Trinomys albispinus,0,0,0,0,0,0,0,0,0,0,0,1,0,0,0,0
2703,Proechimys brevicauda,0,0,0,0,0,0,0,0,0,0,0,0,0,0,0,0
2704,Proechimys canicollis,0,0,0,0,0,0,0,0,0,0,0,0,0,0,0,0
2705,Proechimys guyannensis,0,0,0,0,0,0,0,0,0,0,0,0,0,0,0,0
2706,Proechimys chrysaeolus,0,0,0,1,0,0,0,0,0,0,0,0,1,0,0,0
2707,Proechimys cuvieri,0,0,0,0,0,0,0,0,0,0,0,0,0,0,0,0
2708,Proechimys decumanus,0,0,0,0,0,0,0,0,0,1,0,1,0,0,0,0
2709,Trinomys dimidiatus,0,0,0,1,0,0,0,0,0,0,0,0,1,0,0,0
2710,Proechimys goeldii,0,0,0,1,0,0,0,0,0,0,0,0,1,0,0,0
2711,Proechimys guairae,0,0,0,0,0,0,0,0,0,0,0,0,0,0,0,0
2712,Proechimys hoplomyoides,0,0,0,0,0,0,0,0,0,0,0,0,0,0,0,0
2713,Trinomys iheringi,0,0,0,0,0,0,0,0,0,0,0,0,0,0,0,0
2714,Proechimys longicaudatus,0,0,0,0,0,0,0,0,0,0,0,0,0,0,0,0
2715,Proechimys mincae,0,0,0,0,0,0,0,0,0,0,0,0,0,0,0,0
2716,Proechimys oconnelli,0,0,0,0,0,0,0,0,0,0,0,0,0,0,0,0
2717,Proechimys roberti,0,0,0,1,0,1,0,0,0,0,1,1,1,0,0,0
2718,Proechimys quadruplicatus,0,0,0,0,0,0,0,0,0,0,0,0,0,0,0,0
2719,Proechimys semispinosus,0,0,0,0,0,0,0,0,0,0,0,0,0,0,0,0
2720,Trinomys setosus,0,0,0,0,0,0,0,0,0,0,0,0,0,0,0,0
2721,Proechimys simonsi,0,0,0,0,0,0,0,0,0,0,0,0,0,0,0,0
2722,Proechimys steerei,0,0,0,0,0,0,0,0,0,0,0,0,0,0,0,0
2723,Proechimys trinitatis,0,0,0,0,0,0,0,0,0,0,0,0,0,0,0,0
2724,Proedromys bedfordi,0,0,0,0,0,0,0,0,0,0,0,0,0,0,0,0
2725,Caracal aurata,0,0,0,1,0,0,0,0,2,0,1,2,2,1,0,0
2726,Prolagus sardus,0,0,0,0,0,0,0,0,0,0,0,0,0,0,0,0
2727,Prometheomys schaposchnikowi,0,0,0,0,0,0,0,0,0,0,0,0,0,0,0,0
2728,Promops nasutus,0,0,0,0,0,0,0,0,0,0,0,0,0,0,0,0
2729,Propithecus tattersalli,0,0,0,0,0,0,0,0,0,0,0,0,0,0,0,0
2730,Propithecus verreauxi,0,0,0,0,0,0,0,0,0,0,0,0,0,0,0,0
2731,Propithecus coquereli,0,0,0,0,0,0,0,0,0,0,0,0,0,0,0,0
2732,Propithecus coronatus,0,0,0,0,0,0,0,0,0,0,0,0,0,0,0,0
2733,Propithecus deckenii,0,0,0,0,0,0,0,0,0,0,0,0,0,0,0,0
2734,Propithecus diadema,0,0,0,0,0,0,0,0,0,0,0,0,0,0,0,0
2735,Propithecus edwardsi,0,0,0,0,0,0,0,0,0,0,0,0,0,0,0,0
2736,Propithecus candidus,0,0,0,0,0,0,0,0,0,0,0,0,0,0,0,0
2737,Propithecus perrieri,0,0,0,0,0,0,0,0,0,0,0,0,0,0,0,0
2738,Prosciurillus abstrusus,0,0,0,0,0,0,0,0,1,0,0,1,1,0,0,0
2739,Prosciurillus murinus,0,0,0,0,0,0,0,0,0,0,0,0,0,0,0,0
2740,Prosciurillus weberi,0,0,0,0,0,0,0,0,0,0,0,0,0,0,0,0
2741,Proteles cristata,0,0,0,0,0,0,0,0,0,0,0,0,0,0,0,0
2742,Protoxerus aubinnii,0,0,0,1,0,0,0,0,0,0,0,1,1,0,0,0
2743,Protoxerus stangeri,0,0,0,0,0,0,0,0,0,0,0,0,0,0,0,0
2744,Psammomys obesus,0,0,0,0,0,0,0,0,0,0,0,0,0,0,0,0
2745,Psammomys vexillaris,0,0,0,0,0,0,0,0,0,0,0,0,0,0,0,0
2746,Pseudantechinus mimulus,0,0,0,0,0,1,0,0,0,1,1,0,0,0,0,0
2747,Pseudocheirus occidentalis,0,2,0,0,0,2,0,0,0,3,0,1,2,0,0,0
2748,Pseudochirops archeri,0,2,0,0,0,0,0,0,0,0,0,0,0,0,0,0
2749,Pseudochirops albertisii,0,0,0,1,0,0,0,0,1,0,0,0,0,0,0,0
2750,Pseudochirops corinnae,0,0,0,0,0,0,0,0,1,0,0,0,0,0,0,0
2751,Pseudochirops cupreus,0,0,0,0,0,0,0,0,0,0,0,0,0,0,0,0
2752,Pseudochirulus caroli,0,0,0,0,0,0,0,0,0,0,0,0,0,0,0,0
2753,Pseudochirulus cinereus,0,2,0,0,0,0,0,0,0,0,0,0,0,0,0,0
2754,Pseudochirulus herbertensis,0,0,0,0,0,0,0,0,0,0,0,0,0,0,0,0
2755,Pseudomys fieldi,0,2,0,0,0,3,0,0,0,2,0,0,0,0,0,0
2756,Pseudomys fumeus,0,0,0,0,0,2,0,0,0,3,0,0,0,0,0,0
2757,Pseudomys gouldii,0,0,0,0,0,0,0,0,0,0,0,0,0,0,0,0
2758,Pseudomys novaehollandiae,0,0,0,0,0,2,0,0,0,3,0,0,2,0,0,0
2759,Pseudomys occidentalis,0,0,0,0,0,2,0,0,0,2,0,0,0,0,0,0
2760,Pseudomys oralis,0,0,0,0,0,2,0,0,0,2,1,2,1,0,0,0
2761,Pseudomys pilligaensis,0,0,0,0,0,0,0,0,0,1,0,1,1,0,0,0
2762,Pseudomys shortridgei,0,0,0,0,0,1,0,0,0,3,0,0,0,0,0,0
2763,Pseudomys albocinereus,0,0,0,0,0,0,0,0,0,0,0,0,0,0,0,0
2764,Pseudomys apodemoides,0,0,0,0,0,1,0,0,0,1,0,0,0,0,1,0
2765,Pseudomys delicatulus,0,0,0,0,0,0,0,0,0,0,0,0,0,0,0,0
2766,Pseudomys desertor,0,0,0,0,0,0,0,0,0,0,0,0,0,0,0,0
2767,Mastacomys fuscus,0,0,0,0,0,2,0,0,0,2,0,0,0,0,0,0
2768,Pseudomys glaucus,0,0,0,0,0,0,0,0,0,2,2,0,0,0,0,0
2769,Pseudomys gracilicaudatus,0,0,0,0,0,0,0,0,0,0,0,0,0,0,0,0
2770,Pseudomys hermannsburgensis,0,0,0,0,0,0,0,0,0,0,0,0,0,0,0,0
2771,Pseudomys higginsi,0,0,0,0,0,0,0,0,0,0,0,0,0,0,0,0
2772,Pseudomys johnsoni,0,0,0,0,0,0,0,0,0,0,0,0,0,0,0,0
2773,Pseudomys nanus,0,0,0,0,0,0,0,0,0,0,0,0,0,0,0,0
2774,Pseudomys patrius,0,0,0,0,0,0,0,0,0,0,0,0,0,0,0,0
2775,Pseudorca crassidens,0,0,0,0,0,0,1,0,0,0,0,0,0,0,1,0
2776,Pseudoryx nghetinhensis,0,0,0,1,1,0,0,0,3,0,0,1,1,1,0,0
2777,Pseudoryzomys simplex,0,0,0,0,0,0,0,0,0,0,0,0,0,0,0,0
2778,Ptenochirus jagorii,0,0,0,0,0,0,0,0,0,0,0,0,0,0,0,0
2779,Ptenochirus minor,0,0,0,0,0,0,0,0,0,0,0,0,0,0,0,0
2780,Mirimiri acrodonta,0,0,0,0,0,0,0,0,0,0,0,0,0,0,0,0
2781,Pteralopex anceps,0,0,0,1,0,0,0,0,1,0,0,0,0,0,0,0
2782,Pteralopex atrata,0,0,0,0,0,0,0,0,1,0,0,1,0,0,0,0
2783,Pteralopex pulchra,0,0,0,0,0,0,0,0,0,0,0,0,0,0,0,0
2784,Pteromys momonga,0,0,0,0,0,0,0,0,0,0,0,0,0,0,0,0
2785,Pteromys volans,0,0,0,0,0,0,0,0,0,0,0,0,0,0,0,0
2786,Pteromyscus pulverulentus,0,0,0,1,0,0,0,0,0,0,0,1,1,0,0,0
2787,Pteronotus davyi,0,0,0,0,0,0,0,0,0,0,0,0,0,0,0,0
2788,Pteronotus gymnonotus,0,0,0,0,0,0,0,0,0,0,0,0,1,0,0,1
2789,Pteronotus macleayii,0,0,0,0,0,0,0,0,0,0,0,0,1,0,0,1
2790,Pteronotus personatus,0,0,0,0,0,0,0,0,0,0,0,0,0,0,0,0
2791,Pteronotus quadridens,0,0,0,0,0,0,0,0,0,0,0,0,1,0,0,1
2792,Pteronura brasiliensis,2,1,0,2,2,0,2,0,3,0,2,2,3,2,2,0
2793,Pteropus admiralitatum,0,0,0,2,0,0,0,0,2,0,0,2,0,2,0,0
2794,Pteropus aldabrensis,0,3,0,0,0,0,0,0,0,2,0,0,0,0,0,0
2795,Pteropus alecto,0,0,0,1,0,0,0,0,1,0,0,1,1,0,0,0
2796,Pteropus anetianus,0,2,0,2,0,2,0,0,2,0,0,0,0,2,0,0
2797,Pteropus brunneus,0,0,0,0,0,0,0,0,0,0,0,0,0,0,0,0
2798,Pteropus caniceps,0,0,0,1,0,0,0,0,1,0,0,1,1,0,0,0
2799,Pteropus conspicillatus,0,2,0,3,0,2,0,0,2,1,2,2,2,1,0,2
2800,Pteropus dasymallus,0,2,0,2,0,0,0,0,2,1,0,0,1,0,0,0
2801,Pteropus faunulus,0,3,0,2,0,0,0,0,3,0,0,2,0,2,0,0
2802,Pteropus fundatus,0,3,0,2,0,0,0,0,0,0,0,2,0,0,0,0
2803,Pteropus medius,0,0,0,1,0,0,0,0,2,0,0,1,1,1,0,0
2804,Pteropus gilliardorum,0,3,0,2,0,2,0,0,0,0,0,2,0,2,0,0
2805,Pteropus griseus,0,0,0,2,0,0,0,0,3,0,0,2,1,2,1,0
2806,Pteropus howensis,0,3,0,1,0,0,0,0,3,0,0,1,0,0,0,0
2807,Pteropus hypomelanus,0,1,0,1,0,0,0,0,1,0,0,0,1,1,0,0
2808,Desmalopex leucopterus,0,0,0,2,0,0,0,0,2,0,0,0,2,2,0,0
2809,Pteropus livingstonii,0,2,0,2,0,0,0,0,0,0,0,2,1,2,0,1
2810,Pteropus lombocensis,0,0,0,0,0,0,0,0,0,0,0,0,0,0,0,0
2811,Pteropus lylei,0,0,0,0,0,0,0,0,1,0,0,0,0,0,0,0
2812,Pteropus macrotis,0,0,0,0,0,0,0,0,0,0,0,0,0,0,0,0
2813,Pteropus mahaganus,0,0,0,0,0,0,0,0,0,0,0,0,0,0,0,0
2814,Pteropus melanopogon,0,0,0,1,0,0,0,0,1,0,0,1,0,0,0,0
2815,Pteropus melanotus,0,0,0,2,0,2,0,0,3,0,0,0,2,2,0,2
2816,Pteropus molossinus,0,3,0,2,0,0,0,0,2,0,0,2,0,1,0,0
2817,Pteropus neohibernicus,0,0,0,0,0,0,0,0,2,0,0,0,0,0,0,0
2818,Pteropus niger,0,3,0,3,0,0,0,0,3,1,0,0,3,0,0,0
2819,Pteropus nitendiensis,0,3,0,2,0,0,0,0,3,0,0,2,0,2,0,0
2820,Pteropus ocularis,0,0,0,1,0,0,0,0,1,0,0,1,1,0,0,0
2821,Pteropus ornatus,0,3,0,2,0,0,0,0,3,1,0,2,0,2,0,0
2822,Pteropus personatus,0,0,0,0,0,0,0,0,0,0,0,0,0,0,0,0
2823,Pteropus pilosus,0,0,0,0,0,0,0,0,0,0,0,0,0,0,0,0
2824,Pteropus pohlei,0,0,0,1,0,0,0,0,1,0,0,1,0,0,0,0
2825,Pteropus poliocephalus,0,3,0,1,0,2,0,0,0,0,0,1,1,0,0,1
2826,Pteropus pselaphon,0,0,0,0,0,0,0,0,2,1,0,1,1,0,0,0
2827,Pteropus pumilus,0,0,0,1,0,0,0,0,1,0,0,0,0,1,0,0
2828,Pteropus rayneri,0,1,0,0,0,0,0,0,0,1,0,1,0,0,0,0
2829,Pteropus rodricensis,0,1,0,0,0,0,0,0,0,1,0,0,0,0,0,0
2830,Pteropus rufus,0,1,0,1,0,1,0,0,1,0,0,1,0,0,0,0
2831,Pteropus samoensis,0,3,0,2,0,0,0,0,3,0,0,2,0,1,0,0
2832,Pteropus scapulatus,0,0,0,0,0,0,0,0,0,0,0,0,0,0,0,0
2833,Pteropus seychellensis,0,0,0,0,0,0,0,0,0,0,0,0,0,0,0,0
2834,Pteropus speciosus,0,0,0,1,0,0,0,0,1,0,0,1,1,0,0,0
2835,Pteropus subniger,0,0,0,0,0,0,0,0,0,0,0,0,0,0,0,0
2836,Pteropus temminckii,0,0,0,0,0,0,0,0,1,0,0,1,0,0,0,0
2837,Pteropus tokudae,0,0,0,0,0,0,0,0,0,0,0,0,0,0,0,0
2838,Pteropus tonganus,0,1,0,1,0,0,0,0,1,0,0,1,1,1,0,0
2839,Pteropus tuberculatus,0,3,0,0,0,0,0,0,3,0,0,2,0,0,0,0
2840,Pteropus vampyrus,0,2,0,2,0,0,0,0,3,0,0,0,0,0,0,2
2841,Pteropus vetula,0,0,0,2,0,0,0,0,2,2,0,2,0,2,0,0
2842,Pteropus voeltzkowi,0,0,0,1,0,0,0,0,1,1,0,1,1,0,0,0
2843,Pteropus woodfordi,0,0,0,1,0,0,0,0,0,0,0,1,0,0,0,0
2844,Pteropus loochoensis,0,0,0,0,0,0,0,0,0,0,0,0,0,0,0,0
2845,Pudu mephistophiles,0,0,0,1,0,1,0,0,1,0,1,1,1,0,1,0
2846,Pudu puda,0,0,0,1,0,1,0,0,1,1,1,1,1,1,1,1
2847,Puma concolor,0,0,1,1,1,1,0,0,1,1,1,1,1,1,0,0
2848,Punomys lemminus,0,1,0,0,0,0,0,0,0,0,0,0,0,0,0,0
2849,Pygeretmus platyurus,0,0,0,0,0,0,0,0,0,0,0,0,0,0,0,0
2850,Pygeretmus pumilio,0,0,0,0,0,0,0,0,0,0,0,0,0,0,0,0
2851,Pygeretmus zhitkovi,0,1,0,0,0,0,0,0,0,0,0,0,0,0,0,0
2852,Pygoderma bilabiatum,0,0,0,0,0,0,0,0,0,0,0,0,0,0,0,0
2853,Raphicerus melanotis,0,0,0,2,0,0,0,0,3,1,0,0,2,0,0,0
2854,Raphicerus sharpei,0,0,0,0,0,0,0,0,0,0,0,0,1,0,0,0
2855,Raphicerus campestris,0,0,0,0,0,0,0,0,0,0,0,0,0,0,0,0
2856,Rattus giluwensis,0,0,0,0,0,0,0,0,0,0,0,0,0,0,0,0
2857,Rattus tawitawiensis,0,0,0,0,0,0,0,0,0,0,0,0,0,0,0,0
2858,Rattus adustus,0,0,0,1,0,0,0,0,0,1,0,1,0,0,0,0
2859,Rattus annandalei,0,0,0,0,0,0,0,0,0,0,0,0,0,0,0,0
2860,Rattus argentiventer,0,0,0,0,0,0,0,0,0,0,0,0,0,0,0,0
2861,Rattus baluensis,0,0,0,0,0,0,0,0,0,0,0,0,0,0,0,0
2862,Rattus bontanus,0,0,0,1,0,0,0,0,0,1,0,1,1,0,0,0
2863,Rattus burrus,0,0,0,0,0,0,0,0,0,0,0,0,0,0,0,0
2864,Rattus colletti,0,0,0,0,0,0,0,0,0,0,0,0,0,0,0,0
2865,Rattus elaphinus,0,0,0,1,0,0,0,0,0,1,0,1,0,0,0,0
2866,Rattus enganus,0,0,0,1,0,0,0,0,0,1,0,1,1,0,0,0
2867,Rattus everetti,0,0,0,0,0,0,0,0,0,0,0,0,0,0,0,0
2868,Rattus exulans,0,0,0,0,0,0,0,0,0,0,0,0,0,0,0,0
2869,Rattus feliceus,0,0,0,0,0,0,0,0,0,1,0,1,0,0,0,0
2870,Rattus fuscipes,0,0,0,0,0,0,0,0,0,0,0,0,0,0,0,0
2871,Rattus hainaldi,0,0,0,1,0,0,0,0,0,1,0,0,0,0,0,0
2872,Rattus hoffmanni,0,0,0,0,0,0,0,0,0,0,0,0,0,0,0,0
2873,Rattus hoogerwerfi,0,0,0,0,0,0,0,0,0,0,0,0,0,0,0,0
2874,Rattus jobiensis,0,0,0,0,0,0,0,0,0,1,0,1,0,0,0,0
2875,Rattus koopmani,0,0,0,0,0,0,0,0,0,0,0,0,0,0,0,0
2876,Rattus korinchi,0,0,0,0,0,0,0,0,0,0,0,0,0,0,0,0
2877,Rattus leucopus,0,0,0,0,0,0,0,0,0,0,0,0,0,0,0,0
2878,Rattus losea,0,0,0,0,0,0,0,0,0,0,0,0,0,0,0,0
2879,Rattus lugens,0,0,0,1,0,0,0,0,0,1,0,1,0,0,0,0
2880,Rattus lutreolus,0,0,0,0,0,0,0,0,0,0,0,0,0,0,0,0
2881,Rattus macleari,0,0,0,0,0,0,0,0,0,2,0,0,0,0,0,0
2882,Rattus marmosurus,0,0,0,1,0,0,0,0,1,0,0,1,1,0,0,0
2883,Rattus mindorensis,0,0,0,0,0,0,0,0,0,0,0,0,0,0,0,0
2884,Rattus mollicomulus,0,0,0,0,0,0,0,0,0,0,0,0,0,0,0,0
2885,Rattus montanus,0,0,0,0,0,0,0,0,0,0,0,0,0,0,0,0
2886,Rattus mordax,0,0,0,0,0,0,0,0,0,0,0,0,0,0,0,0
2887,Rattus morotaiensis,0,0,0,0,0,0,0,0,0,1,0,0,0,0,0,0
2888,Rattus nativitatis,0,0,0,0,0,0,0,0,0,2,0,0,0,0,0,0
2889,Rattus nitidus,0,0,0,0,0,0,0,0,0,0,0,0,0,0,0,0
2890,Rattus norvegicus,0,0,0,0,0,0,0,0,0,0,0,0,0,0,0,0
2891,Rattus novaeguineae,0,0,0,0,0,0,0,0,0,0,0,0,0,0,0,0
2892,Rattus osgoodi,0,0,0,0,0,0,0,0,0,0,0,0,0,0,0,0
2893,Rattus palmarum,0,1,0,1,0,0,0,0,0,0,0,0,1,0,0,0
2894,Rattus pelurus,0,0,0,0,0,0,0,0,0,0,0,0,0,0,0,0
2895,Rattus praetor,0,0,0,0,0,0,0,0,0,0,0,0,0,0,0,0
2896,Rattus ranjiniae,0,0,0,0,0,0,0,0,0,1,0,0,1,0,1,0
2897,Rattus rattus,0,0,0,0,0,0,0,0,0,0,0,0,0,0,0,0
2898,Rattus andamanensis,0,0,0,0,0,0,0,0,0,0,0,0,0,0,0,0
2899,Rattus simalurensis,0,0,0,1,0,0,0,0,0,1,0,1,0,0,0,0
2900,Rattus sordidus,0,0,0,0,0,0,0,0,0,0,0,0,0,0,0,0
2901,Rattus steini,0,0,0,0,0,0,0,0,0,0,0,0,0,0,0,0
2902,Rattus stoicus,0,0,0,0,0,0,0,0,0,0,0,0,1,0,0,0
2903,Rattus tanezumi,0,0,0,0,0,0,0,0,0,0,0,0,0,0,0,0
2904,Rattus timorensis,0,0,0,0,0,0,0,0,0,0,0,0,0,0,0,0
2905,Rattus tiomanicus,0,0,0,0,0,0,0,0,0,0,0,0,0,0,0,0
2906,Rattus tunneyi,0,0,0,0,0,0,0,0,0,1,1,0,0,0,0,0
2907,Rattus pyctoris,0,0,0,0,0,0,0,0,0,0,0,0,0,0,0,0
2908,Rattus villosissimus,0,0,0,0,0,0,0,0,0,0,0,0,0,0,0,0
2909,Rattus xanthurus,0,0,0,1,0,0,0,0,0,0,0,1,0,0,0,0
2910,Ratufa affinis,0,0,0,0,0,0,0,0,1,0,0,1,0,0,0,0
2911,Ratufa bicolor,0,0,0,1,0,0,0,0,1,0,0,1,1,0,0,0
2912,Ratufa indica,0,0,0,0,0,0,0,0,1,0,0,1,0,0,0,0
2913,Ratufa macroura,0,0,0,0,0,1,0,0,1,1,0,1,1,0,0,0
2914,Redunca arundinum,0,0,0,0,0,0,0,0,1,0,1,0,1,0,0,0
2915,Redunca fulvorufula,0,0,0,0,0,0,0,0,1,0,1,0,1,0,0,0
2916,Redunca redunca,0,2,0,0,1,0,0,0,2,0,2,0,1,0,0,0
2917,Reithrodon auritus,0,0,0,0,0,0,0,0,0,0,0,0,0,0,0,0
2918,Reithrodontomys raviventris,0,0,0,1,1,0,0,0,0,1,1,0,1,0,1,0
2919,Reithrodontomys brevirostris,0,0,0,0,0,0,0,0,0,0,0,0,0,0,0,0
2920,Reithrodontomys burti,0,0,0,2,0,0,0,0,0,0,0,0,0,0,0,0
2921,Reithrodontomys chrysopsis,0,0,0,0,0,0,0,0,0,0,0,0,0,0,0,0
2922,Reithrodontomys creper,0,0,0,0,0,0,0,0,0,0,0,0,0,0,0,0
2923,Reithrodontomys darienensis,0,0,0,0,0,0,0,0,0,0,0,0,0,0,0,0
2924,Reithrodontomys fulvescens,0,0,0,0,0,0,0,0,0,0,0,0,0,0,0,0
2925,Reithrodontomys gracilis,0,0,0,0,0,0,0,0,0,0,0,0,0,0,0,0
2926,Reithrodontomys hirsutus,0,0,0,0,0,0,0,0,0,0,0,0,0,0,0,0
2927,Reithrodontomys megalotis,0,0,0,0,0,0,0,0,0,0,0,0,0,0,0,0
2928,Reithrodontomys mexicanus,0,0,0,0,0,0,0,0,0,0,0,0,0,0,0,0
2929,Reithrodontomys microdon,0,0,0,1,0,0,0,0,0,0,0,1,0,0,0,0
2930,Reithrodontomys montanus,0,0,0,0,0,0,0,0,0,0,0,0,0,0,0,0
2931,Reithrodontomys paradoxus,0,0,0,0,0,0,0,0,0,0,0,0,0,0,0,0
2932,Reithrodontomys rodriguezi,0,0,0,0,0,0,0,0,0,0,0,0,0,0,0,0
2933,Reithrodontomys spectabilis,0,1,0,0,0,0,0,0,0,1,0,1,0,0,0,0
2934,Reithrodontomys sumichrasti,0,0,0,0,0,0,0,0,0,0,0,0,0,0,0,0
2935,Reithrodontomys tenuirostris,0,0,0,0,0,0,0,0,0,0,0,2,0,0,0,0
2936,Reithrodontomys zacatecae,0,0,0,0,0,0,0,0,0,0,0,0,0,0,0,0
2937,Rhagomys rufescens,0,0,0,0,0,0,0,0,0,0,0,2,2,0,0,0
2938,Rheithrosciurus macrotis,0,0,0,1,0,0,0,0,1,0,0,1,0,0,0,0
2939,Rheomys mexicanus,0,0,0,0,0,0,0,0,0,0,0,1,0,0,1,0
2940,Rheomys raptor,0,0,0,0,0,0,0,0,0,0,0,1,0,0,1,0
2941,Rheomys thomasi,0,0,0,0,0,0,0,0,0,0,0,0,0,0,1,0
2942,Rheomys underwoodi,0,0,0,0,0,0,0,0,0,0,0,0,0,0,1,0
2943,Rhinoceros sondaicus,0,0,0,0,0,0,0,0,1,1,0,0,0,0,0,0
2944,Rhinoceros unicornis,0,1,1,1,1,0,0,0,1,1,1,0,1,0,0,0
2945,Rhinolophus blasii,0,0,0,0,0,0,0,0,0,0,0,0,0,0,0,0
2946,Rhinolophus euryale,0,0,0,0,0,0,0,0,0,0,0,0,0,0,0,0
2947,Rhinolophus ferrumequinum,0,0,0,1,0,0,0,0,0,1,0,0,0,0,0,1
2948,Rhinolophus hipposideros,0,0,0,0,0,0,0,0,0,1,0,0,0,0,1,0
2949,Rhinolophus mehelyi,0,0,0,0,0,0,0,0,0,0,0,0,1,0,0,1
2950,Rhinolophus acuminatus,0,0,0,0,0,0,0,0,0,0,0,0,0,0,0,0
2951,Rhinolophus adami,0,0,0,0,0,0,0,0,0,0,0,0,0,0,0,0
2952,Rhinolophus affinis,0,0,0,0,0,0,0,0,0,0,0,0,0,0,0,1
2953,Rhinolophus alcyone,0,0,0,1,0,0,0,0,1,0,0,1,0,0,0,0
2954,Rhinolophus bocharicus,0,0,0,0,0,0,0,0,0,0,0,0,0,0,0,0
2955,Rhinolophus borneensis,0,0,0,0,0,0,0,0,0,0,0,0,0,0,0,0
2956,Rhinolophus canuti,0,0,0,0,0,0,0,0,0,0,0,0,0,0,0,0
2957,Rhinolophus capensis,0,0,0,2,0,0,0,0,0,0,0,0,0,0,0,1
2958,Rhinolophus celebensis,0,0,0,0,0,0,0,0,0,0,0,0,0,0,0,0
2959,Rhinolophus clivosus,0,0,0,0,0,0,0,0,0,0,0,0,0,0,0,0
2960,Rhinolophus coelophyllus,0,0,0,0,0,0,0,0,0,0,0,0,0,0,0,1
2961,Rhinolophus cognatus,0,0,0,0,0,0,0,0,0,0,0,0,0,0,0,0
2962,Rhinolophus cornutus,0,0,0,0,0,0,0,0,0,0,0,0,0,0,0,0
2963,Rhinolophus creaghi,0,0,0,0,0,0,0,0,0,0,0,0,0,0,0,0
2964,Rhinolophus deckenii,0,0,0,1,0,0,0,0,0,0,0,0,0,1,0,1
2965,Rhinolophus denti,0,0,0,0,0,0,0,0,0,0,0,0,0,0,0,0
2966,Rhinolophus eloquens,0,0,0,0,0,0,0,0,0,0,0,0,0,0,0,0
2967,Rhinolophus fumigatus,0,0,0,0,0,0,0,0,0,0,0,0,0,0,0,0
2968,Rhinolophus guineensis,0,0,0,1,0,0,0,0,1,0,0,0,1,1,0,0
2969,Rhinolophus inops,0,0,0,0,0,0,0,0,0,0,0,0,0,0,0,0
2970,Rhinolophus landeri,0,0,0,0,0,0,0,0,0,0,0,0,0,0,0,0
2971,Rhinolophus lepidus,0,0,0,0,0,0,0,0,0,0,0,0,0,0,0,0
2972,Rhinolophus luctus,0,0,0,0,0,0,0,0,0,0,0,0,0,0,0,0
2973,Rhinolophus maclaudi,0,0,0,1,0,0,0,0,1,0,0,0,1,1,0,1
2974,Rhinolophus macrotis,0,0,0,1,0,0,0,0,0,0,0,1,1,0,0,1
2975,Rhinolophus malayanus,0,0,0,0,0,0,0,0,0,0,0,0,0,0,0,0
2976,Rhinolophus marshalli,0,0,0,0,0,0,0,0,0,0,0,0,0,0,0,1
2977,Rhinolophus megaphyllus,0,0,0,0,0,0,0,0,0,0,0,0,0,0,0,0
2978,Rhinolophus mitratus,0,0,0,0,0,0,0,0,0,0,0,0,0,0,0,0
2979,Rhinolophus nereis,0,0,0,0,0,0,0,0,0,0,0,0,0,0,0,0
2980,Rhinolophus osgoodi,0,0,0,0,0,0,0,0,0,0,0,0,0,0,0,0
2981,Rhinolophus paradoxolophus,0,0,0,0,0,0,0,0,0,0,0,0,0,0,0,0
2982,Rhinolophus pearsonii,0,0,0,0,0,0,0,0,0,0,0,0,0,0,0,0
2983,Rhinolophus philippinensis,0,0,0,0,0,0,0,0,0,0,0,0,0,0,0,0
2984,Rhinolophus rex,0,0,0,1,0,0,0,0,0,0,0,0,1,1,0,0
2985,Rhinolophus rufus,0,0,0,1,0,1,0,0,1,0,0,1,1,0,0,1
2986,Rhinolophus sedulus,0,0,0,1,0,1,0,0,0,0,0,1,0,0,0,0
2987,Rhinolophus shameli,0,0,0,0,0,0,0,0,0,0,0,0,0,0,0,1
2988,Rhinolophus silvestris,0,0,0,1,0,0,0,0,1,0,0,1,0,0,0,0
2989,Rhinolophus simulator,0,0,0,0,0,0,0,0,0,0,0,0,0,0,0,0
2990,Rhinolophus subbadius,0,0,0,0,0,0,0,0,0,0,0,0,0,0,0,0
2991,Rhinolophus subrufus,0,0,0,0,0,0,0,0,0,0,0,0,0,0,0,0
2992,Rhinolophus swinnyi,0,0,0,0,0,0,0,0,0,0,0,0,0,0,0,0
2993,Rhinolophus thomasi,0,0,0,0,0,0,0,0,0,0,0,0,0,0,0,0
2994,Rhinolophus trifoliatus,0,0,0,0,0,0,0,0,1,0,0,1,1,1,0,0
2995,Rhinolophus virgo,0,0,0,0,0,0,0,0,0,0,0,0,0,0,0,0
2996,Rhinolophus yunanensis,0,0,0,0,0,0,0,0,0,0,0,0,0,0,0,0
2997,Rhinolophus keyensis,0,0,0,0,0,0,0,0,0,0,0,0,0,0,0,0
2998,Rhinonicteris aurantia,0,0,0,0,0,0,0,0,0,0,0,0,1,0,0,1
2999,Rhinophylla alethina,0,0,0,0,0,0,0,0,0,0,0,1,0,0,0,0
3000,Rhinophylla fischerae,0,0,0,0,0,0,0,0,0,0,0,0,0,0,0,0
3001,Rhinophylla pumilio,0,0,0,0,0,0,0,0,0,0,0,0,0,0,0,0
3002,Rhinopithecus avunculus,0,0,0,1,1,0,0,0,2,0,0,2,2,0,0,0
3003,Rhinopithecus brelichi,0,0,0,0,0,0,0,0,1,0,0,0,0,0,0,0
3004,Rhinopithecus roxellana,0,0,0,2,0,0,0,0,1,0,0,1,1,0,0,1
3005,Rhinopithecus bieti,0,0,0,0,0,1,0,0,1,0,1,1,0,0,0,0
3006,Rhinopoma microphyllum,0,0,0,0,0,0,0,0,0,0,0,0,0,0,0,0
3007,Rhinopoma macinnesi,0,0,0,0,0,0,0,0,0,0,0,0,0,0,0,0
3008,Rhinopoma muscatellum,0,0,0,0,0,0,0,0,0,0,0,0,0,0,0,0
3009,Rhipidomys austrinus,0,0,0,0,0,0,0,0,0,0,0,0,0,0,0,0
3010,Rhipidomys caucensis,0,0,0,0,0,0,0,0,0,0,0,0,0,0,0,0
3011,Rhipidomys couesi,0,0,0,0,0,0,0,0,0,0,0,0,0,0,0,0
3012,Rhipidomys fulviventer,0,0,0,0,0,0,0,0,0,0,0,0,0,0,0,0
3013,Rhipidomys latimanus,0,0,0,0,0,0,0,0,0,0,0,0,0,0,0,0
3014,Rhipidomys leucodactylus,0,0,0,0,0,0,0,0,0,0,0,0,0,0,0,0
3015,Rhipidomys macconnelli,0,0,0,0,0,0,0,0,0,0,0,0,0,0,0,0
3016,Rhipidomys mastacalis,0,0,0,0,0,0,0,0,0,0,0,0,0,0,0,0
3017,Rhipidomys ochrogaster,0,0,0,0,0,0,0,0,0,0,0,0,0,0,0,0
3018,Rhipidomys venezuelae,0,0,0,0,0,0,0,0,0,0,0,0,0,0,0,0
3019,Rhipidomys venustus,0,0,0,0,0,0,0,0,0,0,0,0,0,0,0,0
3020,Rhipidomys wetzeli,0,0,0,0,0,0,0,0,0,0,0,0,0,0,0,0
3021,Rhizomys pruinosus,0,0,0,1,0,0,0,0,1,0,0,1,0,0,0,0
3022,Rhizomys sinensis,0,0,0,0,0,0,0,0,1,0,0,0,0,0,0,0
3023,Rhizomys sumatrensis,0,0,0,0,0,0,0,0,1,0,0,0,0,0,0,0
3024,Baeodon alleni,0,0,0,1,0,0,0,0,0,0,0,1,0,0,0,0
3025,Rhogeessa genowaysi,0,1,0,1,0,0,0,0,0,0,0,0,0,0,0,0
3026,Baeodon gracilis,0,0,0,0,0,0,0,0,0,0,0,0,0,0,0,0
3027,Rhogeessa minutilla,0,1,0,0,0,0,0,0,0,0,1,0,1,0,0,0
3028,Rhogeessa mira,0,0,0,0,1,0,0,0,0,0,0,0,0,0,0,0
3029,Rhogeessa parvula,0,0,0,0,0,0,0,0,0,0,0,0,0,0,0,0
3030,Rhogeessa tumida,0,0,0,0,0,0,0,0,0,0,0,0,0,0,0,0
3031,Rhombomys opimus,0,0,0,0,0,0,0,0,0,0,0,0,0,0,0,0
3032,Rhynchocyon chrysopygus,0,0,0,2,0,0,0,0,2,0,0,2,1,0,0,0
3033,Rhynchocyon petersi,0,0,0,1,0,0,0,0,1,0,0,1,1,1,0,0
3034,Rhynchocyon cirnei,0,0,0,1,0,0,0,0,1,0,0,1,1,1,0,0
3035,Rhyncholestes raphanurus,0,0,0,0,0,0,0,0,0,0,0,0,0,0,0,0
3036,Rhynchomeles prattorum,0,0,0,0,0,0,0,0,0,0,0,0,0,0,0,0
3037,Rhynchomys isarogensis,0,0,0,0,0,0,0,0,0,0,0,0,0,0,0,0
3038,Rhynchomys soricoides,0,0,0,0,0,0,0,0,0,0,0,0,0,0,0,0
3039,Rhynchonycteris naso,0,0,0,0,0,0,0,0,0,0,0,0,0,0,0,0
3040,Romerolagus diazi,0,0,0,1,0,1,0,1,1,1,1,1,1,0,0,1
3041,Boneia bidens,0,0,0,1,0,0,0,0,1,0,0,1,0,0,0,0
3042,Rousettus madagascariensis,0,0,0,0,0,0,0,0,1,0,0,0,0,0,0,0
3043,Rousettus spinalatus,0,0,0,2,0,2,0,0,0,0,0,0,0,2,0,2
3044,Rousettus amplexicaudatus,0,0,0,1,0,0,0,0,1,1,0,0,1,1,0,0
3045,Pilonycteris celebensis,0,0,0,0,0,0,0,0,1,0,0,1,1,0,0,1
3046,Rousettus leschenaultii,0,0,0,0,0,0,0,0,0,0,0,0,0,0,0,0
3047,Rousettus obliviosus,0,0,0,2,0,0,0,0,1,0,0,2,0,0,0,1
3048,Stenonycteris lanosus,0,0,0,1,0,0,0,0,1,0,0,1,0,0,0,1
3049,Rubrisciurus rubriventer,0,0,0,0,0,0,0,0,0,0,0,0,0,0,0,0
3050,Rupicapra pyrenaica,0,0,0,0,0,0,0,0,0,1,0,0,0,0,0,0
3051,Ruwenzorisorex suncoides,0,0,0,0,0,0,0,0,0,0,0,0,0,0,0,0
3052,Saccolaimus flaviventris,0,0,0,0,0,0,0,0,0,1,0,0,0,0,0,0
3053,Saccolaimus mixtus,0,0,0,0,0,1,0,0,0,0,0,1,0,0,0,0
3054,Saccolaimus peli,0,0,0,0,0,0,0,0,0,0,0,0,0,0,0,0
3055,Saccolaimus saccolaimus,0,0,0,0,0,0,0,0,0,0,0,0,0,0,0,0
3056,Saccopteryx bilineata,0,0,0,0,0,0,0,0,0,0,0,0,0,0,0,0
3057,Saccopteryx canescens,0,0,0,0,0,0,0,0,0,0,0,0,0,0,0,0
3058,Saccopteryx gymnura,0,0,0,0,0,0,0,0,0,0,0,0,0,0,0,0
3059,Saccopteryx leptura,0,0,0,1,0,0,0,0,0,0,1,0,0,0,0,0
3060,Saccostomus campestris,0,0,0,0,0,0,0,0,0,0,0,0,0,0,0,0
3061,Saccostomus mearnsi,0,0,0,0,0,0,0,0,0,0,0,0,0,0,0,0
3062,Saguinus leucopus,0,0,0,1,1,0,0,0,1,0,1,1,1,0,0,0
3063,Saguinus oedipus,0,0,0,1,1,0,0,0,0,0,1,1,1,0,0,0
3064,Leontocebus tripartitus,0,0,0,1,0,0,0,0,0,0,0,1,1,0,0,0
3065,Leontocebus leucogenys,0,0,0,0,0,0,0,0,0,0,0,0,0,0,0,0
3066,Leontocebus cruzlimai,0,0,0,0,0,0,0,0,0,0,0,1,0,0,0,0
3067,Saiga tatarica,0,0,0,0,0,0,0,0,2,2,0,0,0,0,0,0
3068,Saimiri oerstedii,0,0,0,1,0,0,0,0,1,0,1,1,1,1,0,0
3069,Saimiri vanzolinii,0,2,0,0,0,0,0,0,0,0,0,0,0,0,0,0
3070,Salanoia concolor,0,0,0,2,0,2,1,0,2,2,0,1,0,0,0,0
3071,Salpingotus crassicauda,0,1,0,0,0,0,0,0,0,0,1,0,1,0,0,0
3072,Salpingotus heptneri,0,0,0,0,0,0,0,0,0,0,0,0,0,0,0,0
3073,Salpingotus kozlovi,0,0,0,0,0,0,0,0,0,0,0,0,0,0,0,0
3074,Salpingotulus michaelis,0,0,0,0,0,0,0,0,0,0,0,0,0,0,0,0
3075,Salpingotus pallidus,0,0,0,0,0,0,0,0,0,0,0,0,0,0,0,0
3076,Scapteromys tumidus,0,0,0,0,0,0,0,0,0,0,0,0,0,0,0,0
3077,Sciurillus pusillus,0,0,0,0,0,0,0,0,0,0,0,1,0,0,0,0
3078,Sciurotamias davidianus,0,0,0,0,0,0,0,0,0,0,0,0,0,0,0,0
3079,Sciurotamias forresti,0,0,0,0,0,0,0,0,0,0,0,0,0,0,0,0
3080,Sciurus anomalus,0,0,0,0,0,0,0,0,1,0,0,1,0,0,0,0
3081,Sciurus deppei,0,0,0,0,0,0,0,0,0,0,0,0,0,0,0,0
3082,Sciurus aestuans,0,0,0,0,0,0,0,0,0,0,0,1,0,0,0,0
3083,Sciurus alleni,0,0,0,0,0,0,0,0,1,0,0,1,0,0,0,0
3084,Sciurus arizonensis,0,0,0,0,0,0,0,0,0,1,0,0,0,0,0,0
3085,Sciurus aureogaster,0,0,0,0,0,0,0,0,0,0,0,0,0,0,0,0
3086,Sciurus colliaei,0,0,0,0,0,0,0,0,0,0,0,0,0,0,0,0
3087,Sciurus flammifer,0,0,0,0,0,0,0,0,0,0,0,0,0,0,0,0
3088,Sciurus gilvigularis,0,0,0,0,0,0,0,0,0,0,0,0,0,0,0,0
3089,Sciurus granatensis,0,0,0,0,0,0,0,0,0,0,0,0,0,0,0,0
3090,Sciurus griseus,0,0,0,0,0,0,0,0,0,1,0,1,0,0,0,0
3091,Sciurus ignitus,0,0,0,0,0,0,0,0,0,0,0,0,0,0,0,0
3092,Sciurus igniventris,0,0,0,0,0,0,0,0,0,0,0,1,1,0,0,0
3093,Sciurus lis,0,0,0,0,0,0,0,0,0,0,0,0,0,0,0,0
3094,Sciurus nayaritensis,0,0,0,0,0,0,0,0,0,0,0,0,0,0,0,0
3095,Sciurus niger,0,0,0,0,0,0,0,0,0,0,0,0,0,0,0,0
3096,Sciurus oculatus,0,0,0,0,0,0,0,0,0,0,0,0,0,0,0,0
3097,Sciurus pucheranii,0,0,0,0,0,0,0,0,0,0,0,0,0,0,0,0
3098,Sciurus pyrrhinus,0,0,0,0,0,0,0,0,0,0,0,0,0,0,0,0
3099,Sciurus richmondi,0,0,0,0,0,0,0,0,1,0,0,1,0,0,0,0
3100,Sciurus sanborni,0,0,0,0,0,0,0,0,0,0,0,0,0,0,0,0
3101,Sciurus spadiceus,0,0,0,0,0,0,0,0,1,0,0,1,1,0,0,0
3102,Sciurus stramineus,0,0,0,0,0,0,0,0,1,0,1,1,0,0,0,0
3103,Sciurus variegatoides,0,0,0,0,0,0,0,0,0,0,0,0,0,0,0,0
3104,Sciurus yucatanensis,0,0,0,0,0,0,0,0,0,0,0,0,0,0,0,0
3105,Scleronycteris ega,0,0,0,0,0,0,0,0,0,0,0,0,0,0,0,0
3106,Scolomys melanops,0,0,0,0,0,0,0,0,0,0,0,1,0,0,0,0
3107,Scolomys ucayalensis,0,0,0,0,0,0,0,0,0,0,0,0,0,0,0,0
3108,Scotinomys teguina,0,0,0,0,0,0,0,0,0,0,0,0,0,0,0,0
3109,Scotinomys xerampelinus,0,0,0,0,0,0,0,0,0,0,0,1,0,0,0,0
3110,Scotoecus albofuscus,0,0,0,0,0,0,0,0,0,0,0,0,0,0,0,0
3111,Scotoecus hirundo,0,0,0,0,0,0,0,0,0,0,0,0,0,0,0,0
3112,Scotoecus pallidus,0,0,0,0,0,0,0,0,0,1,0,1,0,0,0,0
3113,Scotomanes ornatus,0,0,0,0,0,0,0,0,1,0,1,1,1,0,0,0
3114,Scotophilus borbonicus,0,0,0,0,0,0,0,0,0,0,0,0,0,0,0,0
3115,Scotophilus celebensis,0,0,0,0,0,0,0,0,0,0,0,0,0,0,0,0
3116,Scotophilus dinganii,0,0,0,0,0,0,0,0,0,0,0,0,0,0,0,0
3117,Scotophilus heathii,0,0,0,0,0,0,0,0,0,0,0,0,0,0,0,0
3118,Scotophilus kuhlii,0,0,0,0,0,0,0,0,0,0,0,0,0,0,0,0
3119,Scotophilus leucogaster,0,0,0,0,0,0,0,0,0,0,0,0,0,0,0,0
3120,Scotophilus nigrita,0,0,0,0,0,0,0,0,0,0,0,0,0,0,0,0
3121,Scotophilus nux,0,0,0,0,0,0,0,0,0,0,0,0,0,0,0,0
3122,Scotophilus robustus,0,0,0,0,0,0,0,0,0,0,0,0,0,0,0,0
3123,Scotophilus viridis,0,0,0,0,0,0,0,0,0,0,0,0,0,0,0,0
3124,Sekeetamys calurus,0,0,0,0,0,0,0,0,0,0,0,0,0,0,0,0
3125,Selevinia betpakdalaensis,0,0,0,0,0,0,0,0,0,0,1,1,0,0,0,0
3126,Setonix brachyurus,0,2,0,0,0,2,0,0,0,2,0,1,0,0,0,0
3127,Sicista betulina,0,0,0,0,0,0,0,0,0,0,0,0,0,0,0,0
3128,Sicista armenica,0,0,0,1,0,0,0,0,0,0,1,0,0,0,0,0
3129,Sicista caucasica,0,0,0,1,0,0,0,0,0,0,1,0,1,0,0,0
3130,Sicista caudata,0,0,0,0,0,0,0,0,0,0,0,0,0,0,0,0
3131,Sicista concolor,0,0,0,0,0,0,0,0,0,0,0,0,0,0,0,0
3132,Sicista kazbegica,0,0,0,1,0,0,0,0,0,0,1,0,0,0,0,0
3133,Sicista napaea,0,0,0,0,0,0,0,0,0,0,0,0,0,0,0,0
3134,Sicista pseudonapaea,0,0,0,0,0,0,0,0,0,0,0,0,0,0,0,0
3135,Sicista severtzovi,0,0,0,0,0,0,0,0,0,0,0,0,0,0,0,0
3136,Sicista strandi,0,0,0,0,0,0,0,0,0,0,0,0,0,0,0,0
3137,Sicista tianshanica,0,0,0,0,0,0,0,0,0,0,0,0,0,0,0,0
3138,Sicista kluchorica,0,0,0,1,0,0,0,0,0,0,1,0,0,0,0,0
3139,Sigmodon alstoni,0,0,0,0,0,0,0,0,0,0,0,0,0,0,0,0
3140,Sigmodon arizonae,0,0,0,0,0,0,0,0,0,0,0,0,0,0,0,0
3141,Sigmodon fulviventer,0,0,0,0,0,0,0,0,0,0,0,0,0,0,0,0
3142,Sigmodon hispidus,0,0,0,0,0,0,0,0,0,0,0,0,0,0,0,0
3143,Sigmodon inopinatus,0,0,0,0,0,0,0,0,0,0,0,0,0,0,0,0
3144,Sigmodon leucotis,0,0,0,0,0,0,0,0,0,0,0,0,0,0,0,0
3145,Sigmodon mascotensis,0,0,0,0,0,0,0,0,0,0,0,0,0,0,0,0
3146,Sigmodon ochrognathus,0,0,0,0,0,0,0,0,0,0,0,0,0,0,0,0
3147,Sigmodon peruanus,0,0,0,0,0,0,0,0,0,0,0,0,0,0,0,0
3148,Sigmodontomys alfari,0,0,0,0,0,0,0,0,0,0,0,0,0,0,0,0
3149,Tanyuromys aphrastus,0,0,0,0,0,0,0,0,0,0,0,0,0,0,0,0
3150,Simias concolor,0,0,0,1,0,0,0,0,1,0,0,1,0,0,0,0
3151,Sminthopsis douglasi,0,0,0,0,0,0,0,0,0,1,1,0,0,0,0,0
3152,Sminthopsis psammophila,0,0,0,2,0,2,0,0,0,3,0,0,0,0,0,0
3153,Sminthopsis butleri,0,0,0,0,0,1,0,0,0,1,0,0,0,1,0,0
3154,Sminthopsis archeri,0,0,0,0,0,0,0,0,0,0,0,0,0,0,0,0
3155,Sminthopsis leucopus,0,0,0,1,0,2,0,0,0,0,0,1,1,0,0,0
3156,Atopogale cubana,0,0,0,0,0,0,0,0,0,1,0,0,0,0,0,0
3157,Solenodon paradoxus,0,0,0,0,0,0,0,0,1,2,0,0,0,0,0,0
3158,Solenodon marcanoi,0,0,0,0,0,0,0,0,0,0,0,0,0,0,0,0
3159,Solisorex pearsoni,0,0,0,1,0,1,0,0,0,0,0,1,0,0,0,0
3160,Solomys ponceleti,0,0,0,0,0,0,0,0,1,0,0,1,0,0,0,0
3161,Solomys salamonis,0,0,0,0,0,0,0,0,0,0,0,1,0,0,0,0
3162,Solomys salebrosus,0,0,0,0,0,0,0,0,1,0,0,1,0,0,0,0
3163,Solomys sapientis,0,0,0,1,0,0,0,0,1,0,0,1,0,0,0,0
3164,Sorex cansulus,0,0,0,0,0,0,0,0,0,0,0,0,0,0,0,0
3165,Sorex cylindricauda,0,0,0,0,0,0,0,0,0,0,0,0,0,0,0,0
3166,Sorex excelsus,0,0,0,0,0,0,0,0,0,0,0,0,0,0,0,0
3167,Sorex hosonoi,0,0,0,0,0,0,0,0,0,0,0,0,0,0,0,0
3168,Sorex kozlovi,0,0,0,0,0,0,0,0,0,0,0,0,0,0,0,0
3169,Sorex leucogaster,0,0,0,0,0,0,0,0,0,0,0,0,0,0,0,0
3170,Sorex sinalis,0,0,0,0,0,0,0,0,0,0,0,0,0,0,0,0
3171,Sorex jacksoni,0,0,0,0,0,0,0,0,0,0,0,0,0,0,0,0
3172,Sorex pribilofensis,0,0,0,0,0,0,0,0,0,0,0,0,0,0,0,0
3173,Sorex macrodon,0,0,0,0,0,0,0,0,0,0,0,0,0,0,0,0
3174,Sorex oreopolus,0,0,0,0,0,0,0,0,0,0,0,0,0,0,0,0
3175,Sorex sclateri,0,0,0,1,0,0,0,0,0,0,1,1,0,0,0,0
3176,Sorex stizodon,0,0,0,1,0,0,0,0,0,0,0,1,0,0,0,0
3177,Sorex arizonae,0,0,0,0,0,0,0,0,0,0,0,0,0,0,0,0
3178,Sorex milleri,0,0,0,0,0,0,0,0,0,0,0,0,0,0,0,0
3179,Sorex samniticus,0,0,0,0,0,0,0,0,0,0,0,0,0,0,0,0
3180,Chodsigoa salenskii,0,0,0,0,0,0,0,0,0,0,0,0,0,0,0,0
3181,Sousa teuszii,0,0,0,1,0,0,1,0,0,1,0,0,1,0,0,0
3182,Spalacopus cyanus,0,0,0,0,0,0,0,0,0,0,0,0,0,0,0,0
3183,Spalax arenarius,0,0,0,0,0,0,0,0,0,0,0,0,0,1,0,0
3184,Spalax giganteus,0,0,0,1,0,0,0,0,0,0,1,0,0,0,0,0
3185,Spalax microphthalmus,0,0,0,0,0,0,0,0,0,0,0,0,0,0,1,0
3186,Speothos venaticus,0,0,0,1,0,0,0,0,1,1,1,0,1,1,0,0
3187,Spermophilopsis leptodactylus,0,0,0,0,0,0,0,0,0,0,0,0,0,0,0,0
3188,Spermophilus citellus,0,1,0,2,0,1,0,0,1,0,0,0,2,1,1,1
3189,Xerospermophilus mohavensis,0,1,0,1,0,0,0,0,0,1,1,0,1,0,0,1
3190,Urocitellus washingtoni,0,0,0,1,0,0,0,0,1,1,0,0,0,0,0,0
3191,Urocitellus townsendii,0,0,0,1,0,0,0,0,1,0,1,0,0,0,0,0
3192,Notocitellus adocetus,0,0,0,0,0,0,0,0,0,0,0,1,0,0,0,0
3193,Spermophilus alashanicus,0,0,0,0,0,0,0,0,0,0,0,0,0,0,0,0
3194,Notocitellus annulatus,0,0,0,0,0,0,0,0,0,0,0,0,0,0,0,0
3195,Otospermophilus beecheyi,0,0,0,0,0,0,0,0,0,0,0,0,0,0,0,0
3196,Spermophilus dauricus,0,0,0,0,0,0,0,0,0,0,0,0,0,0,0,0
3197,Spermophilus erythrogenys,0,1,0,0,0,0,0,0,1,0,1,0,0,0,0,0
3198,Spermophilus fulvus,0,0,0,0,0,0,0,0,0,0,0,0,0,0,0,0
3199,Callospermophilus madrensis,0,0,0,0,0,0,0,0,0,0,0,1,0,0,0,0
3200,Spermophilus major,0,0,0,1,0,0,0,0,1,0,0,0,0,0,0,0
3201,Ictidomys mexicanus,0,0,0,0,0,0,0,0,0,0,0,0,0,0,0,0
3202,Urocitellus parryii,0,0,0,0,0,0,0,0,1,0,0,0,0,0,0,0
3203,Xerospermophilus perotensis,0,0,0,1,0,0,0,0,0,0,1,1,0,0,0,0
3204,Spermophilus pygmaeus,0,0,0,0,0,0,0,0,1,0,1,0,0,0,1,0
3205,Spermophilus relictus,0,0,0,0,0,0,0,0,0,0,0,0,0,0,0,0
3206,Spermophilus suslicus,0,0,0,1,0,0,0,0,1,0,1,0,1,1,0,0
3207,Xerospermophilus tereticaudus,0,0,0,0,0,0,0,0,0,0,0,0,0,0,0,0
3208,Urocitellus undulatus,0,0,0,0,0,0,0,0,0,0,0,0,0,0,0,0
3209,Otospermophilus variegatus,0,0,0,0,0,0,0,0,0,0,0,0,0,0,0,0
3210,Spermophilus xanthoprymnus,0,0,0,0,0,0,0,0,0,0,0,0,0,0,0,0
3211,Urocitellus brunneus,0,0,0,0,0,0,0,0,2,2,2,0,1,0,0,0
3212,Urocitellus endemicus,0,0,0,0,0,0,0,0,0,0,0,0,0,0,0,0
3213,Sphaerias blanfordi,0,0,0,2,0,0,0,0,1,0,0,0,0,2,0,0
3214,Sphaeronycteris toxophyllum,0,0,0,0,0,0,0,0,0,0,0,0,0,0,0,0
3215,Coendou mexicanus,0,0,0,0,0,0,0,0,3,0,0,0,0,0,0,0
3216,Coendou spinosus,0,0,0,0,0,0,0,0,0,0,0,0,0,0,0,0
3217,Coendou insidiosus,0,0,0,0,0,0,0,0,0,0,0,0,0,0,0,0
3218,Coendou vestitus,0,0,0,1,0,0,0,0,0,0,0,0,1,0,0,0
3219,Spilocuscus maculatus,0,0,0,0,0,0,0,0,0,0,0,0,0,0,0,0
3220,Spilocuscus kraemeri,0,0,0,0,0,0,0,0,1,0,0,0,1,0,0,0
3221,Spilocuscus papuensis,0,0,0,0,0,0,0,0,0,0,0,0,0,0,0,0
3222,Spilocuscus rufoniger,0,0,0,1,0,0,0,0,1,0,0,1,0,0,0,0
3223,Srilankamys ohiensis,0,0,0,1,0,1,0,0,0,1,0,1,1,0,0,0
3224,Steatomys jacksoni,0,0,0,0,0,0,0,0,1,0,0,0,0,0,0,0
3225,Steatomys caurinus,0,0,0,0,0,0,0,0,0,0,0,0,0,0,0,0
3226,Steatomys cuppedius,0,0,0,0,0,0,0,0,0,0,0,0,0,0,0,0
3227,Steatomys krebsii,0,0,0,0,0,0,0,0,0,0,0,0,0,0,0,0
3228,Steatomys parvus,0,0,0,0,0,0,0,0,0,0,0,0,0,0,0,0
3229,Steatomys pratensis,0,0,0,0,0,0,0,0,0,0,0,0,0,0,0,0
3230,Stenella attenuata,0,0,0,0,0,0,1,0,0,0,0,0,0,0,0,0
3231,Stenella clymene,0,0,0,0,0,0,1,0,0,0,0,0,1,0,0,0
3232,Stenella coeruleoalba,0,0,0,0,0,0,1,0,0,1,0,0,0,0,1,0
3233,Stenella frontalis,0,0,0,0,0,0,1,0,0,0,0,0,0,0,0,0
3234,Stenella longirostris,0,0,0,0,0,0,0,0,0,0,0,0,0,0,0,1
3235,Steno bredanensis,0,0,0,0,0,0,1,0,0,0,0,0,0,0,0,0
3236,Stenocephalemys albocaudata,0,0,0,0,0,0,0,0,0,0,0,0,0,0,0,0
3237,Stenocephalemys griseicauda,0,0,0,0,0,0,0,0,0,0,0,0,0,0,0,0
3238,Stenoderma rufum,0,1,0,0,0,0,0,0,0,0,0,0,0,0,0,1
3239,Nesoromys ceramicus,0,0,0,0,0,0,0,0,0,1,0,1,0,0,0,0
3240,Rattus niobe,0,0,0,0,0,0,0,0,0,0,0,0,0,0,0,0
3241,Rattus richardsoni,0,1,0,0,0,1,0,0,0,1,0,0,1,0,0,0
3242,Rattus vandeuseni,0,0,0,0,0,0,0,0,0,0,0,0,0,0,0,0
3243,Rattus verecundus,0,0,0,0,0,0,0,0,0,0,0,0,0,0,0,0
3244,Stochomys longicaudatus,0,0,0,0,0,0,0,0,0,0,0,0,0,0,0,0
3245,Strigocuscus celebensis,0,0,0,1,0,0,0,0,1,0,0,1,0,0,0,0
3246,Strigocuscus pelengensis,0,0,0,0,0,0,0,0,0,0,0,0,0,0,0,0
3247,Sturnira aratathomasi,0,0,0,0,0,0,0,0,0,0,0,0,0,0,0,0
3248,Sturnira bidens,0,0,0,0,0,0,0,0,0,0,0,0,0,0,0,0
3249,Sturnira bogotensis,0,0,0,0,0,0,0,0,0,0,0,0,0,0,0,0
3250,Sturnira erythromos,0,0,0,0,0,0,0,0,0,0,0,0,0,0,0,0
3251,Sturnira luisi,0,0,0,0,0,0,0,0,0,0,0,0,0,0,0,0
3252,Sturnira magna,0,0,0,0,0,0,0,0,0,0,0,0,0,0,0,0
3253,Sturnira mordax,0,0,0,0,0,0,0,0,0,0,0,0,0,0,0,0
3254,Sturnira nana,0,0,0,1,0,0,0,0,0,0,0,0,0,0,0,0
3255,Sturnira tildae,0,0,0,0,0,0,0,0,0,0,0,0,0,0,0,0
3256,Styloctenium wallacei,0,0,0,1,0,0,0,0,1,0,0,1,0,0,0,0
3257,Stylodipus andrewsi,0,0,0,0,0,0,0,0,0,0,0,0,0,0,0,0
3258,Stylodipus sungorus,0,0,0,0,0,0,0,0,0,0,0,0,0,0,0,0
3259,Stylodipus telum,0,0,0,0,0,0,0,0,0,0,0,0,0,0,0,0
3260,Surdisorex norae,0,1,0,0,0,0,0,0,0,0,0,0,0,0,0,0
3261,Surdisorex polulus,0,1,0,0,0,0,0,0,0,0,0,0,0,0,0,0
3262,Suncus remyi,0,0,0,0,0,0,0,0,0,0,0,0,0,0,0,0
3263,Suncus ater,0,0,0,0,0,0,0,0,0,0,0,0,0,0,0,0
3264,Suncus dayi,0,0,0,1,0,0,0,0,0,0,0,0,0,1,0,0
3265,Suncus fellowesgordoni,0,0,0,1,0,1,0,0,0,0,0,0,0,0,0,0
3266,Suncus hosei,0,0,0,0,0,0,0,0,0,0,0,0,0,0,0,0
3267,Suncus malayanus,0,0,0,0,0,0,0,0,0,0,0,0,0,0,0,0
3268,Suncus mertensi,0,0,0,0,0,0,0,0,0,0,0,0,0,0,0,0
3269,Suncus montanus,0,0,0,0,0,0,0,0,0,0,0,0,0,0,0,0
3270,Suncus zeylanicus,0,0,0,0,0,0,0,0,0,0,0,0,0,0,0,0
3271,Sundamys infraluteus,0,0,0,1,0,0,0,0,0,0,0,1,0,0,0,0
3272,Sundamys maxi,0,0,0,0,0,0,0,0,0,0,0,0,0,0,0,0
3273,Sundamys muelleri,0,0,0,0,0,0,0,0,0,0,0,0,0,0,0,0
3274,Sundasciurus brookei,0,0,0,0,0,0,0,0,0,0,0,0,0,0,0,0
3275,Sundasciurus fraterculus,0,0,0,0,0,0,0,0,0,0,0,0,0,0,0,0
3276,Sundasciurus hippurus,0,0,0,0,0,0,0,0,0,0,0,0,0,0,0,0
3277,Sundasciurus jentinki,0,0,0,0,0,0,0,0,0,0,0,0,0,0,0,0
3278,Sundasciurus juvencus,0,0,0,0,0,0,0,0,0,0,0,0,0,0,0,0
3279,Sundasciurus lowii,0,0,0,0,0,0,0,0,0,0,0,0,0,0,0,0
3280,Sundasciurus moellendorffi,0,0,0,0,0,0,0,0,0,0,0,0,0,0,0,0
3281,Sundasciurus philippinensis,0,0,0,0,0,0,0,0,0,0,0,0,0,0,0,0
3282,Sundasciurus rabori,0,0,0,0,0,0,0,0,0,0,0,0,0,0,0,0
3283,Sundasciurus samarensis,0,0,0,0,0,0,0,0,1,0,0,0,0,0,0,0
3284,Sundasciurus steerii,0,0,0,0,0,0,0,0,0,0,0,0,0,0,0,0
3285,Sundasciurus tenuis,0,0,0,0,0,0,0,0,0,0,0,0,0,0,0,0
3286,Porcula salvania,0,0,0,1,0,1,0,0,1,0,1,1,1,1,0,0
3287,Sus verrucosus,0,0,0,0,0,0,0,0,1,0,0,0,0,1,0,0
3288,Sus cebifrons,0,0,0,1,0,0,0,0,1,1,0,1,1,1,0,0
3289,Sus philippensis,0,0,0,1,0,0,0,0,1,1,0,1,1,1,0,0
3290,Sus ahoenobarbus,0,0,0,1,0,0,0,0,1,0,0,1,1,1,0,0
3291,Sus bucculentus,0,0,0,0,0,0,0,0,0,0,0,0,0,0,0,0
3292,Syconycteris hobbit,0,1,0,1,0,0,0,0,0,0,0,0,1,0,0,0
3293,Syconycteris carolinae,0,0,0,0,0,0,0,0,0,0,0,1,1,0,0,0
3294,Syconycteris australis,0,0,0,0,0,0,0,0,0,0,0,0,0,0,0,0
3295,Sylvicapra grimmia,0,0,0,0,0,0,0,0,0,0,0,0,0,0,0,0
3296,Sylvilagus graysoni,0,0,0,0,0,0,0,0,0,1,0,0,1,0,0,0
3297,Sylvilagus insonus,0,0,0,0,0,0,0,0,1,0,1,1,0,0,0,0
3298,Sylvilagus dicei,0,0,0,0,0,1,0,0,0,1,0,1,0,0,0,0
3299,Sylvilagus mansuetus,0,0,0,0,0,0,0,0,0,0,0,0,0,0,0,0
3300,Sylvilagus cunicularius,0,0,0,0,0,1,0,0,1,0,0,0,1,0,0,0
3301,Sylvilagus transitionalis,0,1,0,0,0,0,0,0,1,1,0,1,1,0,0,1
3302,Sylvisorex howelli,0,0,0,1,0,0,0,0,0,0,0,1,0,0,0,0
3303,Sylvisorex vulcanorum,0,0,0,0,0,0,0,0,0,0,0,0,0,0,0,0
3304,Sylvisorex isabellae,0,0,0,1,0,0,0,0,0,0,0,1,0,0,0,0
3305,Sylvisorex morio,0,0,0,1,0,0,0,0,0,0,0,1,0,0,0,0
3306,Sylvisorex oriundus,0,0,0,0,0,0,0,0,0,0,0,0,0,0,0,0
3307,Syncerus caffer,0,0,0,0,0,0,0,0,0,0,0,0,0,0,0,0
3308,Syntheosciurus brochus,0,0,0,0,0,0,0,0,0,0,0,0,0,0,0,0
3309,Tachyoryctes macrocephalus,0,0,0,0,0,0,0,0,0,0,1,0,0,0,0,0
3310,Tachyoryctes splendens,0,0,0,0,0,0,0,0,0,0,0,0,0,0,0,0
3311,Tadarida teniotis,0,0,0,0,0,0,0,0,0,0,0,0,0,0,0,0
3312,Tadarida aegyptiaca,0,0,0,0,0,0,0,0,0,0,0,0,0,0,0,0
3313,Austronomus australis,0,0,0,0,0,0,0,0,0,0,0,0,1,0,0,0
3314,Tadarida brasiliensis,0,0,0,0,0,0,0,0,0,0,0,0,0,0,0,0
3315,Tadarida fulminans,0,0,0,0,0,0,0,0,0,0,0,0,0,0,0,0
3316,Tadarida lobata,0,0,0,0,0,0,0,0,0,0,0,0,0,0,0,0
3317,Tadarida ventralis,0,0,0,0,0,0,0,0,0,0,0,0,0,0,0,0
3318,Taeromys arcuatus,0,0,0,0,0,0,0,0,0,0,0,0,0,0,0,0
3319,Taeromys callitrichus,0,0,0,0,0,0,0,0,0,0,0,0,0,0,0,0
3320,Taeromys celebensis,0,0,0,1,0,0,0,0,1,0,0,1,1,0,0,0
3321,Taeromys hamatus,0,0,0,0,0,0,0,0,0,0,0,0,0,0,0,0
3322,Taeromys punicans,0,0,0,0,0,0,0,0,0,0,0,0,0,0,0,0
3323,Taeromys taerae,0,0,0,1,0,0,0,0,1,0,0,1,1,0,0,0
3324,Tamandua mexicana,0,0,0,0,0,0,0,0,1,0,0,0,0,0,0,0
3325,Tamandua tetradactyla,0,0,0,0,0,1,0,0,1,0,0,0,1,0,0,0
3326,Neotamias palmeri,0,0,0,0,0,0,0,0,0,1,0,0,1,0,0,1
3327,Neotamias bulleri,0,0,0,0,0,0,0,0,0,0,0,1,0,0,0,0
3328,Neotamias durangae,0,0,0,0,0,0,0,0,0,0,0,0,0,0,0,0
3329,Neotamias merriami,0,0,0,0,0,0,0,0,0,0,0,0,0,0,0,0
3330,Neotamias obscurus,0,0,0,0,0,0,0,0,0,0,0,0,0,0,0,0
3331,Eutamias sibiricus,0,0,0,0,0,0,0,0,0,0,0,0,0,0,0,0
3332,Neotamias canipes,0,0,0,0,0,0,0,0,0,0,0,0,0,0,0,0
3333,Tamiasciurus mearnsi,0,0,0,0,0,1,0,0,0,1,1,1,0,0,0,0
3334,Tamiops mcclellandii,0,0,0,0,0,0,0,0,0,0,0,0,0,0,0,0
3335,Tamiops maritimus,0,0,0,0,0,0,0,0,0,0,0,0,0,0,0,0
3336,Tamiops rodolphii,0,0,0,0,0,0,0,0,0,0,0,0,0,0,0,0
3337,Tamiops swinhoei,0,0,0,0,0,0,0,0,0,0,0,0,0,0,0,0
3338,Taphozous australis,0,0,0,0,0,0,0,0,0,0,0,0,2,0,0,2
3339,Taphozous achates,0,0,0,0,0,0,0,0,0,0,0,0,0,0,0,0
3340,Taphozous georgianus,0,0,0,0,0,0,0,0,0,0,0,0,0,0,0,0
3341,Taphozous hamiltoni,0,0,0,0,0,0,0,0,0,0,0,0,0,0,0,0
3342,Taphozous hildegardeae,0,0,0,1,0,0,0,0,0,0,0,0,0,0,0,1
3343,Taphozous hilli,0,0,0,0,0,0,0,0,0,0,0,0,1,0,0,1
3344,Taphozous kapalgensis,0,0,0,0,0,0,0,0,0,1,0,0,0,0,0,0
3345,Taphozous longimanus,0,0,0,0,0,0,0,0,0,0,0,0,0,0,0,0
3346,Taphozous mauritianus,0,0,0,0,0,0,0,0,0,0,0,0,0,0,0,0
3347,Taphozous melanopogon,0,0,0,0,0,0,0,0,0,0,0,0,0,0,0,0
3348,Taphozous nudiventris,0,0,0,0,0,0,0,0,0,0,0,0,0,0,0,0
3349,Taphozous perforatus,0,0,0,0,0,0,0,0,0,0,0,1,1,0,0,0
3350,Taphozous theobaldi,0,0,0,0,0,0,0,0,1,0,0,0,1,0,0,1
3351,Taphozous troughtoni,0,0,0,0,0,0,0,0,0,0,0,0,0,0,0,0
3352,Tapirus bairdii,0,0,0,1,0,0,0,0,1,1,1,1,1,1,0,0
3353,Tapirus indicus,0,0,1,1,1,1,0,0,1,0,0,1,1,1,0,1
3354,Tapirus pinchaque,0,0,0,1,0,0,0,0,1,0,1,1,1,1,0,0
3355,Tapirus terrestris,0,0,0,1,0,0,0,0,1,0,1,1,1,1,0,0
3356,Cephalopachus bancanus,0,0,0,2,0,1,0,0,2,0,0,2,0,2,1,0
3357,Tarsius dentatus,0,0,0,2,0,0,0,0,2,2,0,2,0,0,2,0
3358,Tarsius pumilus,0,0,2,2,0,0,0,0,0,0,0,0,2,0,0,0
3359,Carlito syrichta,0,0,0,1,0,0,0,0,2,0,0,0,1,0,0,0
3360,Tarsius sangirensis,0,0,0,2,0,0,0,1,2,0,0,2,0,0,0,0
3361,Tarsius pelengensis,0,0,0,2,0,2,0,0,0,2,0,2,0,0,2,0
3362,Tarsomys apoensis,0,0,0,0,0,0,0,0,0,0,0,0,0,0,0,0
3363,Tarsomys echinatus,0,0,0,0,0,0,0,0,0,0,0,0,0,0,0,0
3364,Tasmacetus shepherdi,0,0,0,0,0,0,0,0,0,0,0,0,0,0,1,0
3365,Tateomys macrocercus,0,0,0,0,0,0,0,0,0,0,0,0,0,0,0,0
3366,Tateomys rhinogradoides,0,0,0,0,0,0,0,0,0,0,0,0,0,0,0,0
3367,Gerbilliscus afra,0,0,0,0,0,0,0,0,0,0,0,0,0,0,0,0
3368,Gerbilliscus boehmi,0,0,0,0,0,0,0,0,0,0,0,0,0,0,0,0
3369,Gerbilliscus brantsii,0,0,0,0,0,0,0,0,0,0,0,0,0,0,0,0
3370,Gerbilliscus guineae,0,0,0,0,0,0,0,0,0,0,0,0,0,0,0,0
3371,Gerbilliscus inclusus,0,0,0,0,0,0,0,0,0,0,0,0,0,0,0,0
3372,Tatera indica,0,0,0,0,0,0,0,0,0,0,0,0,0,0,0,0
3373,Gerbilliscus kempi,0,0,0,0,0,0,0,0,0,0,0,0,0,0,0,0
3374,Gerbilliscus leucogaster,0,0,0,0,0,0,0,0,0,0,0,0,0,0,0,0
3375,Gerbilliscus nigricaudus,0,0,0,0,0,0,0,0,0,0,0,0,0,0,0,0
3376,Gerbilliscus phillipsi,0,0,0,0,0,0,0,0,0,0,0,0,0,0,0,0
3377,Gerbilliscus robustus,0,0,0,0,0,0,0,0,0,0,0,0,0,0,0,0
3378,Gerbilliscus validus,0,0,0,0,0,0,0,0,0,0,0,0,0,0,0,0
3379,Taterillus arenarius,0,0,0,0,0,0,0,0,0,0,0,0,0,0,0,0
3380,Taterillus congicus,0,0,0,0,0,0,0,0,0,0,0,0,0,0,0,0
3381,Taterillus emini,0,0,0,0,0,0,0,0,0,0,0,0,0,0,0,0
3382,Taterillus gracilis,0,0,0,0,0,0,0,0,0,0,0,0,0,0,0,0
3383,Taterillus lacustris,0,0,0,0,0,0,0,0,0,0,0,0,0,0,0,0
3384,Taterillus petteri,0,0,0,0,0,0,0,0,0,0,0,0,0,0,0,0
3385,Taterillus pygargus,0,0,0,0,0,0,0,0,0,0,0,0,0,0,0,0
3386,Tetracerus quadricornis,0,0,0,2,0,0,0,0,1,0,2,0,0,0,0,0
3387,Thallomys loringi,0,0,0,0,0,0,0,0,0,0,0,0,0,0,0,0
3388,Thallomys nigricauda,0,0,0,0,0,0,0,0,0,0,0,0,0,0,0,0
3389,Thallomys paedulcus,0,0,0,0,0,0,0,0,0,0,0,0,0,0,0,0
3390,Thallomys shortridgei,0,0,0,0,0,0,0,0,0,0,0,0,0,0,0,0
3391,Thalpomys cerradensis,0,0,0,0,0,0,0,0,0,0,0,0,0,0,0,0
3392,Thalpomys lasiotis,0,0,0,0,0,0,0,0,0,0,0,0,0,0,0,0
3393,Thamnomys venustus,0,0,0,0,0,0,0,0,0,0,0,0,0,0,0,0
3394,Thamnomys kempi,0,0,0,0,0,0,0,0,0,0,0,0,0,0,0,0
3395,Theropithecus gelada,0,0,0,1,0,0,0,0,1,1,1,1,0,0,0,0
3396,Thomasomys baeops,0,0,0,0,0,0,0,0,0,0,0,0,0,0,0,0
3397,Thomasomys bombycinus,0,0,0,1,0,0,0,0,0,0,0,0,0,0,0,0
3398,Thomasomys cinereus,0,0,0,0,0,0,0,0,0,0,0,1,0,0,0,0
3399,Thomasomys eleusis,0,0,0,2,0,0,0,0,0,0,2,2,0,0,0,0
3400,Thomasomys gracilis,0,0,0,2,0,0,0,0,0,0,0,2,0,0,0,0
3401,Thomasomys hylophilus,0,0,1,1,0,0,0,0,0,0,0,0,0,0,0,0
3402,Thomasomys incanus,0,0,0,0,0,0,0,0,0,0,0,0,0,0,0,0
3403,Thomasomys ischyrus,0,0,0,0,0,0,0,0,0,0,0,0,0,0,0,0
3404,Thomasomys kalinowskii,0,0,0,0,0,0,0,0,0,0,0,0,0,0,0,0
3405,Thomasomys ladewi,0,0,0,1,0,0,0,0,0,0,0,1,0,0,0,0
3406,Thomasomys monochromos,0,0,0,2,0,0,0,0,0,0,0,0,0,0,0,0
3407,Thomasomys niveipes,0,0,0,0,0,0,0,0,0,0,0,0,0,0,0,0
3408,Thomasomys notatus,0,0,0,1,0,0,0,0,0,0,0,1,1,0,0,0
3409,Thomasomys oreas,0,0,0,0,0,0,0,0,0,0,0,0,0,0,0,0
3410,Thomasomys paramorum,0,0,0,0,0,0,0,0,0,0,0,0,0,0,0,0
3411,Thomasomys rosalinda,0,0,0,0,0,0,0,0,0,0,0,0,0,0,0,0
3412,Thomasomys silvestris,0,0,0,0,0,0,0,0,0,0,0,0,0,0,0,0
3413,Thomasomys taczanowskii,0,0,0,1,0,0,0,0,0,0,0,1,0,0,0,0
3414,Thomasomys vestitus,0,0,0,0,0,0,0,0,0,0,0,0,1,0,0,0
3415,Thomomys bottae,0,0,0,0,0,0,0,0,0,0,0,0,0,0,0,0
3416,Thomomys umbrinus,0,0,0,0,0,0,0,0,0,0,0,0,0,0,0,0
3417,Thomomys idahoensis,0,0,0,0,0,0,0,0,0,0,0,0,0,0,0,0
3418,Thomomys mazama,0,0,0,0,0,0,0,0,1,1,1,0,1,0,0,0
3419,Thoopterus nigrescens,0,0,0,0,0,0,0,0,0,0,0,0,0,0,0,0
3420,Thrichomys apereoides,0,0,0,0,0,0,0,0,0,0,0,0,0,0,0,0
3421,Thryonomys gregorianus,0,0,0,0,0,0,0,0,0,0,0,0,0,0,0,0
3422,Thryonomys swinderianus,0,0,0,0,0,0,0,0,0,0,0,0,0,0,0,0
3423,Thylacinus cynocephalus,0,0,0,1,0,0,0,0,1,0,0,0,0,0,0,0
3424,Thylamys macrurus,0,0,0,1,0,0,0,0,0,0,0,1,0,1,0,0
3425,Thylogale brunii,0,0,0,0,0,0,0,0,1,0,0,0,0,0,0,0
3426,Thylogale calabyi,0,0,0,0,0,0,0,0,1,1,0,0,0,0,0,0
3427,Thylogale browni,0,0,0,0,0,0,0,0,1,0,0,0,0,0,0,0
3428,Thyroptera discifera,0,0,0,0,0,0,0,0,0,0,0,0,0,0,0,0
3429,Thyroptera lavali,0,0,0,0,0,0,0,0,0,0,0,0,0,0,0,0
3430,Thyroptera tricolor,0,0,0,0,0,0,0,0,0,0,0,0,0,0,0,0
3431,Tokudaia muenninki,0,0,0,0,0,0,0,0,0,1,0,1,0,0,0,0
3432,Tokudaia osimensis,0,0,0,0,0,0,0,0,0,1,0,1,0,0,0,0
3433,Tolypeutes matacus,0,0,0,2,0,0,0,0,2,0,0,0,0,0,0,0
3434,Tolypeutes tricinctus,0,0,0,2,0,0,0,0,2,0,2,2,0,0,0,0
3435,Tomopeas ravus,0,0,0,1,0,0,0,0,1,0,0,0,1,0,0,0
3436,Tonatia bidens,0,0,0,0,0,0,0,0,0,0,0,0,0,0,0,0
3437,Lophostoma brasiliense,0,0,0,0,0,0,0,0,0,0,0,0,0,0,0,0
3438,Lophostoma evotis,0,0,0,0,0,0,0,0,0,0,0,0,0,0,0,0
3439,Lophostoma schulzi,0,0,0,0,0,0,0,0,0,0,0,1,0,0,0,0
3440,Trachops cirrhosus,0,0,0,0,0,0,0,0,0,0,0,0,0,0,0,0
3441,Trachypithecus cristatus,0,0,0,1,0,1,0,0,1,0,0,1,0,1,0,0
3442,Trachypithecus geei,0,0,0,1,0,0,0,0,0,0,1,1,2,0,0,2
3443,Trachypithecus obscurus,0,0,0,1,0,0,0,0,1,0,0,1,1,1,0,0
3444,Trachypithecus pileatus,0,0,0,2,0,0,0,0,0,0,0,2,2,2,0,0
3445,Semnopithecus vetulus,0,0,0,2,0,0,0,0,1,0,0,2,1,0,0,0
3446,Trachypithecus delacouri,0,0,0,0,0,0,0,0,1,0,0,0,1,0,0,0
3447,Trachypithecus laotum,0,0,0,1,0,0,0,0,2,0,0,1,1,0,0,0
3448,Tragelaphus buxtoni,0,0,0,2,0,0,0,0,2,0,0,1,1,0,0,0
3449,Tragelaphus eurycerus,0,0,0,0,0,0,0,0,2,1,1,0,0,1,0,0
3450,Tragelaphus spekii,0,0,0,0,2,2,0,0,1,0,1,0,0,0,0,0
3451,Tragelaphus scriptus,0,0,0,0,0,0,0,0,1,0,1,0,1,0,0,0
3452,Tragelaphus angasii,0,0,0,0,0,0,0,0,1,1,1,0,0,0,0,0
3453,Tragelaphus imberbis,0,0,1,0,0,0,0,0,2,0,1,0,0,0,0,0
3454,Tragelaphus strepsiceros,0,0,0,0,0,0,0,0,1,0,0,0,0,0,0,0
3455,Tragelaphus oryx,0,0,1,0,0,0,0,0,1,0,1,0,1,0,0,0
3456,Tragulus nigricans,0,0,0,1,0,0,0,0,1,0,0,0,0,0,0,0
3457,Tremarctos ornatus,0,3,0,2,0,0,0,0,2,0,2,0,2,0,0,0
3458,Trichechus inunguis,0,0,0,0,1,0,2,0,0,0,0,0,1,0,0,0
3459,Trichechus manatus,1,1,0,1,0,0,1,0,0,0,0,0,1,0,1,1
3460,Trichechus senegalensis,1,1,1,1,1,0,1,0,0,0,0,1,1,0,1,1
3461,Trichys fasciculata,0,0,0,0,0,0,0,0,0,0,0,0,0,0,0,0
3462,Trogopterus xanthipes,0,0,0,0,0,0,0,0,1,0,0,1,0,1,0,0
3463,Tryphomys adustus,0,0,0,0,0,0,0,0,0,0,0,0,0,0,0,0
3464,Tscherskia triton,0,0,0,0,0,0,0,0,0,0,0,0,0,0,0,0
3465,Tupaia chrysogaster,0,0,0,0,0,0,0,0,0,0,0,0,0,0,0,0
3466,Tupaia nicobarica,0,0,0,0,0,0,0,0,0,1,0,1,0,0,0,0
3467,Tursiops truncatus,0,0,0,0,0,0,1,0,0,1,0,0,1,0,1,1
3468,Tylomys bullaris,0,0,0,3,0,0,0,0,0,3,0,0,3,0,0,0
3469,Tylomys fulviventer,0,0,0,0,0,0,0,0,0,0,0,0,0,0,0,0
3470,Tylomys mirae,0,0,0,0,0,0,0,0,0,0,0,0,0,0,0,0
3471,Tylomys nudicaudus,0,0,0,0,0,0,0,0,0,0,0,0,0,0,0,0
3472,Tylomys panamensis,0,0,0,0,0,0,0,0,0,0,0,0,0,0,0,0
3473,Tylomys tumbalensis,0,0,0,3,0,0,0,0,0,0,0,0,0,0,0,0
3474,Tylomys watsoni,0,0,0,0,0,0,0,0,0,0,0,0,0,0,0,0
3475,Tylonycteris pachypus,0,0,0,0,0,0,0,0,0,0,0,0,0,0,0,0
3476,Tylonycteris robustula,0,0,0,0,0,0,0,0,0,0,0,0,0,0,0,0
3477,Tympanoctomys barrerae,0,0,0,0,0,0,0,0,0,0,0,0,1,0,0,0
3478,Typhlomys cinereus,0,0,0,0,0,0,0,0,0,0,0,0,0,0,0,0
3479,Panthera uncia,0,0,1,0,0,0,0,0,0,0,0,0,0,0,0,0
3480,Uranomys ruddi,0,0,0,0,0,0,0,0,0,0,0,0,0,0,0,0
3481,Urocyon cinereoargenteus,0,0,0,1,0,0,0,0,0,1,1,0,1,0,0,0
3482,Urocyon littoralis,0,0,0,0,0,0,0,0,0,1,0,0,0,0,0,0
3483,Uroderma bilobatum,0,0,0,0,0,0,0,0,0,0,0,0,0,0,0,0
3484,Uroderma magnirostrum,0,0,0,0,0,0,0,0,0,0,0,0,0,0,0,0
3485,Tupaia everetti,0,0,0,0,0,0,0,0,0,0,0,0,0,0,0,0
3486,Uromys anak,0,0,0,0,0,0,0,0,0,0,0,0,0,0,0,0
3487,Uromys caudimaculatus,0,0,0,0,0,0,0,0,0,0,0,0,0,0,0,0
3488,Uromys hadrourus,0,2,0,0,0,0,0,0,0,0,0,1,0,0,0,0
3489,Uromys imperator,0,0,0,0,0,0,0,0,0,0,0,0,0,0,0,0
3490,Uromys neobritannicus,0,0,0,1,0,0,0,0,1,1,0,0,0,0,0,0
3491,Uromys porculus,0,0,0,0,0,0,0,0,0,0,0,0,0,0,0,0
3492,Uromys rex,0,0,0,0,0,0,0,0,0,0,0,0,0,0,0,0
3493,Uropsilus investigator,0,0,0,0,0,0,0,0,0,0,0,0,0,0,0,0
3494,Uropsilus soricipes,0,0,0,0,0,0,0,0,0,0,0,0,0,0,0,0
3495,Ursus maritimus,0,2,0,0,0,0,0,0,2,0,0,0,2,0,2,0
3496,Ursus thibetanus,0,0,0,2,1,0,0,0,3,0,0,3,1,1,0,0
3497,Vampyriscus bidens,0,0,0,0,0,0,0,0,0,0,0,0,0,0,0,0
3498,Vampyriscus brocki,0,0,0,0,0,0,0,0,0,0,0,0,0,0,0,0
3499,Vampyressa melissa,0,0,0,1,0,0,0,0,0,0,0,1,1,0,0,0
3500,Vampyriscus nymphaea,0,0,0,1,0,0,0,0,0,0,0,1,1,0,0,0
3501,Vampyressa pusilla,0,0,0,0,0,0,0,0,0,0,0,0,0,0,0,0
3502,Vampyrum spectrum,0,0,0,0,0,0,0,0,0,0,0,0,0,0,0,0
3503,Vandeleuria nolthenii,0,0,0,0,0,0,0,0,0,0,0,0,0,0,0,0
3504,Vandeleuria oleracea,0,0,0,0,0,0,0,0,0,0,0,0,0,0,0,0
3505,Varecia variegata,0,0,0,0,0,0,0,0,0,0,0,0,0,0,0,0
3506,Varecia rubra,0,0,0,3,0,0,0,0,0,0,0,0,0,0,0,0
3507,Vernaya fulva,0,0,0,0,0,0,0,0,0,0,0,0,0,0,0,0
3508,Vespertilio murinus,0,0,0,0,0,0,0,0,0,0,0,0,0,0,0,0
3509,Vespertilio sinensis,0,0,0,0,0,0,0,0,0,0,0,0,0,0,0,0
3510,Vicugna vicugna,0,2,0,1,2,0,0,0,2,1,1,0,1,0,0,0
3511,Viverra civettina,0,0,0,0,0,0,0,0,0,0,0,0,0,0,0,0
3512,Neodon clarkei,0,0,0,0,0,0,0,0,0,0,0,0,0,0,0,0
3513,Alexandromys kikuchii,0,0,0,0,0,0,0,0,0,0,0,0,0,0,0,0
3514,Volemys millicens,0,0,0,0,0,0,0,0,0,0,0,1,0,0,0,0
3515,Volemys musseri,0,0,0,0,0,0,0,0,0,0,0,0,0,0,0,0
3516,Vulpes bengalensis,0,0,0,1,0,0,0,0,1,1,0,0,1,0,0,0
3517,Vulpes cana,0,0,0,0,0,0,0,0,1,0,0,0,1,0,0,0
3518,Vulpes corsac,0,0,0,0,0,0,0,0,1,0,1,0,0,0,0,0
3519,Vulpes pallida,0,1,0,0,0,0,0,0,0,0,0,0,1,0,0,0
3520,Vulpes rueppellii,0,0,0,0,0,0,0,0,1,1,0,0,0,0,0,0
3521,Vulpes velox,0,0,0,1,0,0,0,0,1,1,0,0,0,0,0,0
3522,Vulpes chama,0,0,0,0,0,0,0,0,1,0,0,0,0,0,1,0
3523,Vulpes ferrilata,0,0,0,0,0,0,0,0,1,0,0,0,0,0,0,0
3524,Vulpes vulpes,0,0,0,0,0,0,0,0,0,0,0,0,0,0,0,0
3525,Wiedomys pyrrhorhinos,0,0,0,0,0,0,0,0,0,0,0,0,0,0,0,0
3526,Wilfredomys oenax,0,0,0,1,0,0,0,0,0,0,1,1,0,1,0,0
3527,Juliomys pictipes,0,0,0,0,0,0,0,0,0,0,0,0,0,0,0,0
3528,Wyulda squamicaudata,0,0,0,0,0,2,0,0,0,2,0,0,0,0,0,0
3529,Xenomys nelsoni,0,0,0,1,0,0,0,0,0,0,0,0,1,0,0,0
3530,Xenuromys barbatus,0,0,0,0,0,0,0,0,0,0,0,0,0,0,0,0
3531,Xeromys myoides,1,2,0,2,0,0,0,0,0,2,1,0,2,0,1,0
3532,Xerus erythropus,0,0,0,0,0,0,0,0,0,0,0,0,0,0,0,0
3533,Xerus inauris,0,0,0,0,0,0,0,0,0,0,0,0,0,0,0,0
3534,Xerus princeps,0,0,0,0,0,0,0,0,0,0,0,0,0,0,0,0
3535,Xerus rutilus,0,0,0,0,0,0,0,0,0,0,0,0,0,0,0,0
3536,Zaedyus pichiy,0,1,0,0,0,0,0,0,2,0,2,0,0,0,0,0
3537,Zaglossus bruijnii,0,0,0,2,0,0,0,0,2,0,0,0,0,0,0,0
3538,Zapus trinotatus,0,0,0,0,0,0,0,0,0,0,0,0,0,0,0,0
3539,Zelotomys woosnami,0,0,0,0,0,0,0,0,0,0,0,0,0,0,0,0
3540,Zelotomys hildegardeae,0,0,0,0,0,0,0,0,0,0,0,0,0,0,0,0
3541,Zenkerella insignis,0,0,0,0,0,0,0,0,0,0,0,0,0,0,0,0
3542,Ziphius cavirostris,0,0,0,0,0,0,1,0,0,0,0,0,0,0,1,0
3543,Zygodontomys brevicauda,0,0,0,0,0,0,0,0,0,0,0,0,0,0,0,0
3544,Zygodontomys brunneus,0,0,0,0,0,0,0,0,0,0,0,0,0,0,0,0
3545,Zygogeomys trichopus,0,0,0,1,0,0,0,0,0,1,0,0,0,0,0,0
3546,Zyzomys pedunculatus,0,1,0,0,0,2,0,0,0,2,0,0,0,0,0,0
3547,Zyzomys argurus,0,0,0,0,0,0,0,0,0,0,0,0,0,0,0,0
3548,Zyzomys maini,0,0,0,0,0,3,0,0,0,2,0,0,0,0,0,0
3549,Zyzomys palatalis,0,0,0,0,0,3,0,0,0,2,1,0,0,0,0,0
3550,Zyzomys woodwardi,0,0,0,0,0,0,0,0,0,0,0,0,0,0,0,0
3551,Atelerix algirus,0,0,0,0,0,0,0,0,1,0,0,0,0,0,0,0
3552,Hylaeamys tatei,0,0,0,0,0,0,0,0,0,0,0,0,0,0,0,0
3553,Euryoryzomys emmonsae,0,0,0,0,0,0,0,0,0,0,0,0,0,0,0,0
3554,Hylaeamys megacephalus,0,0,0,0,0,0,0,0,0,0,0,0,0,0,0,0
3555,Hylaeamys laticeps,0,0,0,2,0,0,0,0,0,0,0,2,2,0,0,0
3556,Euryoryzomys russatus,0,0,0,0,0,0,0,0,0,0,0,0,0,0,0,0
3557,Oligoryzomys stramineus,0,0,0,0,0,0,0,0,0,0,0,0,0,0,0,0
3558,Myotis csorbai,0,0,0,0,0,0,0,0,0,0,0,0,0,0,0,0
3559,Loxodontomys pikumche,0,0,0,0,0,0,0,0,0,0,0,0,0,0,0,0
3560,Crunomys suncoides,0,0,0,0,0,0,0,0,0,0,0,0,0,0,0,0
3561,Soricomys musseri,0,0,0,0,0,0,0,0,0,0,0,0,0,0,0,0
3562,Eliurus grandidieri,0,0,0,1,0,1,0,0,0,1,0,0,0,0,0,0
3563,Voalavo gymnocaudus,0,0,0,0,0,0,0,0,0,0,0,0,0,0,0,0
3564,Microgale monticola,0,0,0,1,0,0,0,0,0,0,0,2,1,0,0,0
3565,Proechimys echinothrix,0,0,0,0,0,0,0,0,0,0,0,0,0,0,0,0
3566,Proechimys kulinae,0,0,0,0,0,0,0,0,0,0,0,0,0,0,0,0
3567,Proechimys pattoni,0,0,0,0,0,0,0,0,0,0,0,0,0,0,0,0
3568,Proechimys gardneri,0,0,0,0,0,0,0,0,0,0,0,0,0,0,0,0
3569,Pteralopex taki,0,0,0,1,0,0,0,0,1,0,0,1,0,1,0,0
3570,Myotis yanbarensis,0,0,0,0,0,0,0,0,0,0,0,1,0,0,0,0
3571,Murina ryukyuana,0,0,0,0,0,0,0,0,0,0,0,1,0,0,0,0
3572,Histiotus humboldti,0,0,0,0,0,0,0,0,0,0,0,0,0,0,0,0
3573,Lasiurus atratus,0,0,0,0,0,0,0,0,0,0,0,0,0,0,0,0
3574,Mazama americana,0,0,0,1,1,1,0,0,1,1,1,1,0,1,1,0
3575,Mazama gouazoubira,0,1,0,0,0,1,0,0,1,1,1,0,1,0,1,0
3576,Mazama nana,0,0,0,1,1,1,0,0,1,1,1,0,1,1,1,0
3577,Mazama pandora,0,0,0,1,0,0,0,0,1,0,0,0,0,0,0,0
3578,Erinaceus europaeus,0,0,0,0,0,0,0,0,0,0,0,0,0,0,0,0
3579,Crocidura leucodon,0,0,0,0,0,0,0,0,0,0,0,0,0,0,0,0
3580,Crocidura russula,0,0,0,0,0,0,0,0,0,0,0,0,0,0,0,0
3581,Crocidura gueldenstaedtii,0,0,0,0,0,0,0,0,0,0,0,0,0,0,0,0
3582,Crocidura serezkyensis,0,0,0,0,0,0,0,0,0,0,0,0,0,0,0,0
3583,Crocidura sicula,0,0,0,0,0,0,0,0,0,0,0,0,0,0,0,0
3584,Neomys anomalus,0,0,0,1,1,0,0,0,1,0,1,0,1,0,1,0
3585,Neomys fodiens,0,0,0,1,1,0,0,0,0,0,1,0,1,0,1,0
3586,Neomys teres,0,0,0,0,0,0,0,0,0,0,0,0,0,0,0,0
3587,Sorex alpinus,0,0,0,0,1,0,0,0,0,0,0,0,1,0,0,1
3588,Sorex araneus,0,0,0,0,0,0,0,0,0,0,0,0,0,0,0,0
3589,Sorex caecutiens,0,0,0,0,0,0,0,0,0,0,0,0,0,0,0,0
3590,Sorex coronatus,0,0,0,0,0,0,0,0,0,0,0,0,0,0,0,0
3591,Sorex granarius,0,0,0,0,0,0,0,0,0,0,0,0,0,0,0,0
3592,Sorex isodon,0,0,0,0,0,0,0,0,0,0,0,0,0,0,0,0
3593,Sorex minutissimus,0,0,0,0,0,0,0,0,0,0,0,0,0,0,0,0
3594,Sorex minutus,0,0,0,0,0,0,0,0,0,0,0,0,0,0,0,0
3595,Sorex raddei,0,0,0,0,0,0,0,0,0,0,0,0,0,0,0,0
3596,Sorex volnuchini,0,0,0,0,0,0,0,0,0,0,0,0,0,0,0,0
3597,Martes foina,0,0,0,1,0,0,0,0,1,0,1,0,0,0,0,0
3598,Meles meles,0,0,0,0,0,0,0,0,1,0,0,0,0,0,0,0
3599,Mustela erminea,0,0,0,0,0,0,0,0,0,0,0,0,0,0,0,0
3600,Mustela eversmanii,0,0,0,0,0,0,0,0,2,0,0,0,0,0,0,0
3601,Vormela peregusna,0,0,0,2,0,0,0,0,1,0,0,0,1,0,0,0
3602,Ovibos moschatus,0,1,0,0,0,0,0,0,1,1,0,0,1,0,0,1
3603,Rousettus aegyptiacus,0,0,0,0,0,0,0,0,1,0,0,0,0,0,0,0
3604,Rangifer tarandus,0,0,0,0,0,0,0,0,1,1,1,1,1,0,0,1
3605,Damaliscus pygargus,0,0,0,0,0,0,0,0,0,0,0,0,0,0,0,0
3606,Ovis dalli,0,0,0,0,0,0,0,0,0,0,0,0,0,0,0,0
3607,Rupicapra rupicapra,0,0,0,1,0,0,0,0,1,1,1,0,1,0,0,1
3608,Pattonomys occasius,0,0,0,0,0,0,0,0,0,0,0,0,0,0,0,0
3609,Microtus gerbii,0,0,0,0,0,0,0,0,0,0,0,0,0,0,0,0
3610,Glis glis,0,0,0,0,0,0,0,0,1,0,0,1,0,0,0,0
3611,Galidia elegans,0,0,0,2,0,0,0,0,2,2,0,0,0,0,0,0
3612,Eupleres major,0,0,0,0,0,0,0,0,3,3,0,2,0,0,0,0
3613,Glaucomys sabrinus,0,0,0,0,0,0,0,0,0,0,0,0,0,0,0,0
3614,Craseomys rex,0,0,0,0,0,0,0,0,0,0,0,0,0,0,0,0
3615,Anathana ellioti,0,0,0,0,0,0,0,0,0,0,0,0,0,0,0,0
3616,Paraechinus nudiventris,0,0,0,0,0,0,0,0,0,0,0,0,0,0,0,0
3617,Microcebus ravelobensis,0,0,0,1,0,1,0,0,0,0,0,0,0,0,0,0
3618,Nycticebus bengalensis,0,0,0,1,1,1,0,0,1,0,0,1,1,0,0,0
3619,Nycticebus javanicus,0,0,0,3,0,0,0,0,3,2,0,3,3,0,0,0
3620,Nomascus concolor,0,0,0,1,0,0,0,0,1,0,0,1,1,0,0,0
3621,Symphalangus syndactylus,0,0,0,1,0,1,0,0,1,0,0,1,1,1,0,0
3622,Macaca leonina,0,0,0,1,1,1,0,0,1,0,0,1,1,0,0,0
3623,Macaca ochreata,0,0,0,0,0,0,0,0,0,0,0,0,2,2,0,0
3624,Macaca pagensis,0,0,0,1,0,0,0,0,1,0,0,1,0,1,0,0
3625,Macaca siberu,0,0,0,1,0,0,0,0,1,0,0,1,0,1,0,0
3626,Presbytis femoralis,0,1,0,0,0,0,0,0,0,0,0,0,1,2,1,1
3627,Presbytis chrysomelas,0,0,0,2,0,0,0,0,0,0,0,2,0,2,0,0
3628,Presbytis percura,0,1,0,0,0,0,0,0,0,0,0,0,1,2,1,0
3629,Presbytis robinsoni,0,1,0,0,0,0,0,0,2,0,0,0,1,2,1,1
3630,Presbytis canicrus,0,0,0,0,0,0,0,0,2,0,0,2,0,2,0,0
3631,Presbytis sabana,0,0,0,0,0,0,0,0,2,0,0,2,0,0,0,0
3632,Presbytis melalophos,0,0,0,1,0,0,0,0,1,0,0,1,1,1,0,0
3633,Presbytis bicolor,0,0,0,0,0,0,0,0,0,0,0,0,0,0,0,0
3634,Presbytis mitrata,0,0,0,2,0,0,0,0,2,0,0,2,0,2,0,0
3635,Presbytis potenziani,0,0,0,1,0,0,0,0,1,0,0,1,0,1,0,0
3636,Presbytis siberu,0,0,0,0,0,0,0,0,2,0,0,2,0,2,0,0
3637,Pygathrix nemaeus,0,0,0,1,2,0,0,0,3,0,0,2,2,0,0,0
3638,Pygathrix cinerea,0,0,0,1,0,0,0,0,1,0,0,1,1,0,0,0
3639,Pygathrix nigripes,0,0,0,1,1,0,0,0,1,0,0,1,1,0,0,0
3640,Semnopithecus entellus,0,0,0,1,0,1,0,0,1,0,0,0,1,0,0,0
3641,Semnopithecus ajax,0,0,0,2,0,0,0,0,0,0,0,0,2,0,0,0
3642,Semnopithecus hector,0,0,0,2,0,0,0,0,0,0,0,2,2,0,0,0
3643,Semnopithecus schistaceus,0,0,1,1,0,0,0,0,1,0,0,2,1,0,0,0
3644,Trachypithecus auratus,0,0,0,2,0,0,0,0,3,0,0,0,2,2,0,0
3645,Trachypithecus mauritius,0,0,0,2,0,0,0,0,3,0,0,0,2,1,0,0
3646,Trachypithecus francoisi,0,0,0,2,0,2,0,0,2,0,0,2,1,0,0,0
3647,Trachypithecus shortridgei,0,0,0,2,1,0,0,0,3,0,0,2,2,0,0,0
3648,Trachypithecus poliocephalus,0,0,0,0,0,0,0,0,0,0,0,1,0,0,0,2
3649,Trachypithecus leucocephalus,0,0,0,2,0,2,0,0,3,0,0,2,0,0,0,0
3650,Trachypithecus germaini,0,0,0,1,1,0,0,0,1,0,0,1,1,0,0,0
3651,Trachypithecus margarita,0,0,0,2,0,0,0,0,3,0,0,0,2,2,0,0
3652,Hoolock hoolock,0,0,0,1,0,0,0,0,1,0,0,1,1,0,0,0
3653,Hylobates albibarbis,0,0,0,1,1,0,0,0,1,0,0,1,0,1,0,0
3654,Hylobates muelleri,0,0,0,1,0,1,0,0,1,0,0,1,0,1,0,0
3655,Hylobates abbotti,0,0,0,1,0,0,0,0,1,0,0,1,0,1,0,0
3656,Hylobates funereus,0,0,0,2,0,2,0,0,2,0,0,0,1,2,0,0
3657,Nomascus leucogenys,0,0,0,1,0,0,0,0,1,0,0,1,1,0,0,0
3658,Nomascus siki,0,0,0,1,0,0,0,0,1,0,0,1,1,1,0,0
3659,Mico chrysoleucos,0,0,0,0,0,0,0,0,0,0,1,1,1,0,0,0
3660,Mico intermedius,0,0,0,1,0,0,0,0,0,0,0,1,1,0,0,0
3661,Mico leucippe,0,0,0,1,0,0,0,0,0,0,0,0,1,0,0,0
3662,Mico nigriceps,0,0,0,1,0,0,0,0,0,0,1,1,1,0,0,0
3663,Mico marcai,0,0,0,0,0,0,0,0,0,0,1,1,0,0,0,0
3664,Aotus brumbacki,0,0,1,1,0,0,0,0,0,0,1,1,1,0,0,0
3665,Alouatta guariba,0,0,0,1,0,0,0,0,1,1,1,1,1,0,0,0
3666,Lagothrix flavicauda,0,0,0,1,0,0,0,0,1,0,1,1,1,0,0,0
3667,Plecturocebus ornatus,0,0,1,1,0,0,0,0,0,0,0,0,1,0,0,0
3668,Callicebus barbarabrownae,0,0,0,1,0,0,0,0,0,0,1,0,1,0,0,0
3669,Callicebus melanochir,0,0,0,1,0,0,0,0,0,0,1,0,1,0,0,0
3670,Callicebus nigrifrons,0,0,0,1,0,0,0,0,0,0,1,1,1,0,0,0
3671,Cheracebus medemi,0,0,0,1,0,0,0,0,1,0,1,1,0,0,0,0
3672,Leontocebus nigricollis,0,0,0,1,0,0,0,0,0,0,1,1,1,0,0,0
3673,Saguinus imperator,0,0,0,1,0,0,0,0,0,0,1,1,1,0,0,0
3674,Cebus albifrons,0,0,0,0,0,0,0,0,1,0,0,1,0,0,0,0
3675,Cebus versicolor,0,0,0,1,0,0,0,0,1,0,1,0,1,0,0,0
3676,Aotus zonalis,0,0,0,1,0,0,0,0,0,0,1,1,1,0,0,0
3677,Callicebus coimbrai,0,0,0,1,0,0,0,0,0,0,1,0,1,0,0,0
3678,Pithecia napensis,0,0,0,0,0,0,0,0,1,0,0,1,0,0,0,0
3679,Chiropotes satanas,0,0,0,1,1,0,0,0,1,0,1,1,1,0,0,0
3680,Alouatta belzebul,0,0,0,0,1,0,0,0,1,0,1,1,1,0,0,0
3681,Alouatta palliata,0,0,0,1,0,0,0,0,1,0,1,1,1,0,0,0
3682,Ateles hybridus,0,0,0,1,0,0,0,0,1,0,1,1,1,0,0,0
3683,Dicrostonyx unalascensis,0,0,0,0,0,0,0,0,0,0,0,0,0,0,0,0
3684,Piliocolobus kirkii,0,2,0,2,0,0,0,0,1,0,0,1,2,0,0,0
3685,Gorilla beringei,0,2,1,2,0,1,0,0,3,2,2,2,2,0,0,0
3686,Piliocolobus gordonorum,0,0,0,1,0,1,0,0,1,0,1,1,1,0,0,0
3687,Cebus kaapori,0,0,0,0,0,0,0,0,1,0,0,1,1,0,0,0
3688,Nycteris madagascariensis,0,0,0,0,0,0,0,0,0,0,0,0,0,0,0,0
3689,Rhinolophus beddomei,0,0,0,0,0,0,0,0,0,0,0,0,0,0,0,0
3690,Mops leucostigma,0,0,0,0,0,0,0,0,0,0,0,0,0,0,0,0
3691,Paratriaenops auritus,0,0,0,0,0,0,0,0,0,0,0,0,0,0,0,0
3692,Triaenops menamena,0,0,0,0,0,0,0,0,0,0,0,0,0,0,0,0
3693,Lonchorhina inusitata,0,0,0,0,0,0,0,0,0,0,0,1,0,0,0,0
3694,Micronycteris brosseti,0,0,0,0,0,0,0,0,0,0,0,1,0,0,0,0
3695,Micronycteris sanborni,0,0,0,0,0,0,0,0,0,0,0,0,0,0,0,0
3696,Thainycteris aureocollaris,0,0,0,0,0,0,0,0,0,0,0,0,0,0,0,0
3697,Arielulus torquatus,0,1,0,1,1,0,0,0,0,0,0,0,1,1,0,0
3698,Neoromicia matroka,0,0,0,0,0,0,0,0,0,0,0,0,0,0,0,0
3699,Myotis gomantongensis,0,0,0,0,0,0,0,0,0,0,0,0,0,0,0,0
3700,Tadarida latouchei,0,0,0,0,0,0,0,0,1,0,0,0,1,0,0,1
3701,Rhinolophus convexus,0,0,0,0,0,0,0,0,0,0,0,0,0,0,0,0
3702,Mops leucogaster,0,0,0,0,0,0,0,0,0,0,0,0,0,0,0,0
3703,Miniopterus majori,0,0,0,0,0,0,0,0,0,0,0,0,0,0,0,0
3704,Ornithorhynchus anatinus,0,2,0,1,1,0,0,0,0,2,1,1,1,0,2,0
3705,Didelphis albiventris,0,0,0,0,0,0,0,0,0,0,0,0,0,0,0,0
3706,Didelphis aurita,0,0,0,0,0,0,0,0,0,0,0,0,0,0,0,0
3707,Didelphis marsupialis,0,0,0,0,0,0,0,0,0,0,0,0,0,0,0,0
3708,Didelphis virginiana,0,0,0,0,0,0,0,0,0,0,0,0,0,0,0,0
3709,Lutreolina crassicaudata,0,0,0,0,0,0,0,0,0,0,0,0,0,0,0,0
3710,Marmosa mexicana,0,0,0,0,0,0,0,0,0,0,0,0,0,0,0,0
3711,Marmosa murina,0,0,0,0,0,0,0,0,0,0,0,0,0,0,0,0
3712,Marmosa robinsoni,0,0,0,0,0,0,0,0,0,0,0,0,0,0,0,0
3713,Marmosa rubra,0,0,0,0,0,0,0,0,0,0,0,0,0,0,0,0
3714,Marmosops noctivagus,0,0,0,0,0,0,0,0,0,0,0,0,0,0,0,0
3715,Metachirus nudicaudatus,0,0,0,0,0,0,0,0,0,0,0,0,0,0,0,0
3716,Marmosa demerarae,0,0,0,0,0,0,0,0,0,0,0,0,0,0,0,0
3717,Marmosa regina,0,0,0,0,0,0,0,0,0,0,0,0,0,0,0,0
3718,Monodelphis brevicaudata,0,0,0,0,0,0,0,0,0,0,0,0,0,0,0,0
3719,Monodelphis domestica,0,0,0,0,0,0,0,0,0,0,0,0,0,0,0,0
3720,Philander andersoni,0,0,0,0,0,0,0,0,0,0,0,0,0,0,0,0
3721,Philander opossum,0,0,0,0,0,0,0,0,0,0,0,0,0,0,0,0
3722,Thylamys elegans,0,0,0,0,0,0,0,0,0,0,0,0,0,0,0,0
3723,Thylamys velutinus,0,0,0,1,0,0,0,0,0,0,0,0,0,0,0,0
3724,Caenolestes caniventer,0,0,0,1,0,0,0,0,0,0,0,1,1,0,0,0
3725,Caenolestes convelatus,0,0,0,0,0,0,0,0,0,0,0,0,0,0,0,0
3726,Antechinus bellus,0,0,0,2,0,2,0,0,0,2,0,0,0,0,0,0
3727,Antechinus flavipes,0,0,0,0,0,0,0,0,0,0,0,0,0,0,0,0
3728,Antechinus minimus,0,0,0,1,0,1,0,0,0,1,1,0,0,0,0,0
3729,Antechinus stuartii,0,0,0,0,0,0,0,0,0,0,0,0,0,0,0,0
3730,Dasykaluta rosamondae,0,0,0,0,0,0,0,0,0,0,0,0,0,0,0,0
3731,Ningaui ridei,0,0,0,0,0,0,0,0,0,0,0,0,0,0,0,0
3732,Ningaui timealeyi,0,0,0,0,0,0,0,0,0,0,0,0,0,0,0,0
3733,Ningaui yvonneae,0,0,0,0,0,0,0,0,0,0,0,0,0,0,0,0
3734,Planigale gilesi,0,0,0,0,0,0,0,0,0,0,0,0,0,0,0,0
3735,Planigale ingrami,0,0,0,0,0,0,0,0,0,0,0,0,0,0,0,0
3736,Planigale maculata,0,0,0,0,0,0,0,0,0,0,0,0,0,0,0,0
3737,Planigale tenuirostris,0,0,0,0,0,0,0,0,0,0,0,0,0,0,0,0
3738,Pseudantechinus macdonnellensis,0,0,0,0,0,0,0,0,0,0,0,0,0,0,0,0
3739,Pseudantechinus ningbing,0,0,0,0,0,0,0,0,0,0,0,0,0,0,0,0
3740,Pseudantechinus woolleyae,0,0,0,0,0,0,0,0,0,0,0,0,0,0,0,0
3741,Sarcophilus harrisii,0,0,0,0,0,0,0,0,1,1,0,0,0,0,0,0
3742,Sminthopsis crassicaudata,0,0,0,0,0,0,0,0,0,0,0,0,0,0,0,0
3743,Sminthopsis dolichura,0,0,0,0,0,0,0,0,0,0,0,0,0,0,0,0
3744,Sminthopsis gilberti,0,0,0,0,0,0,0,0,0,0,0,0,0,0,0,0
3745,Sminthopsis hirtipes,0,0,0,0,0,0,0,0,0,0,0,0,0,0,0,0
3746,Sminthopsis longicaudata,0,0,0,0,0,0,0,0,0,0,0,0,0,0,0,0
3747,Sminthopsis macroura,0,0,0,0,0,0,0,0,0,0,0,0,0,0,0,0
3748,Sminthopsis murina,0,0,0,0,0,0,0,0,0,0,0,0,0,0,0,0
3749,Sminthopsis ooldea,0,0,0,0,0,0,0,0,0,0,0,0,0,0,0,0
3750,Sminthopsis virginiae,0,0,0,0,0,0,0,0,0,0,0,0,0,0,0,0
3751,Sminthopsis youngsoni,0,0,0,0,0,0,0,0,0,0,0,0,0,0,0,0
3752,Sminthopsis bindi,0,0,0,0,0,2,0,0,0,2,0,0,0,0,0,0
3753,Isoodon macrourus,0,0,0,0,0,0,0,0,1,0,0,0,1,0,0,0
3754,Isoodon obesulus,0,0,0,1,0,2,0,0,0,2,1,0,0,0,0,0
3755,Perameles nasuta,0,0,0,0,0,0,0,0,0,0,0,0,0,0,0,0
3756,Lasiorhinus latifrons,0,2,0,0,0,0,0,0,0,2,1,0,0,0,0,0
3757,Vombatus ursinus,0,0,0,0,0,0,0,0,0,0,0,0,0,0,0,0
3758,Trichosurus caninus,0,0,0,0,0,0,0,0,0,0,0,0,0,0,0,0
3759,Aepyprymnus rufescens,0,0,0,0,0,0,0,0,0,0,0,0,0,0,0,0
3760,Hypsiprymnodon moschatus,0,0,0,0,0,0,0,0,0,0,0,0,0,0,0,0
3761,Notamacropus agilis,0,0,0,0,0,0,0,0,0,0,0,0,0,0,0,0
3762,Osphranter antilopinus,0,0,0,0,0,0,0,0,0,0,0,0,0,0,0,0
3763,Notamacropus dorsalis,0,0,0,0,0,0,0,0,0,0,0,0,0,0,0,0
3764,Macropus fuliginosus,0,0,0,0,0,0,0,0,0,0,0,0,0,0,0,0
3765,Notamacropus parryi,0,0,0,0,0,0,0,0,0,0,0,0,0,0,0,0
3766,Osphranter robustus,0,0,0,0,0,0,0,0,0,0,0,0,0,0,0,0
3767,Notamacropus rufogriseus,0,0,0,0,0,0,0,0,0,0,0,0,0,0,0,0
3768,Osphranter rufus,0,0,0,0,0,0,0,0,0,0,0,0,0,0,0,0
3769,Onychogalea unguifera,0,0,0,0,0,0,0,0,0,0,0,0,0,0,0,0
3770,Petrogale assimilis,0,0,0,0,0,0,0,0,0,0,0,0,0,0,0,0
3771,Petrogale brachyotis,0,0,0,0,0,0,0,0,0,0,0,0,0,0,0,0
3772,Thylogale billardierii,0,0,0,0,0,0,0,0,0,0,0,0,0,0,0,0
3773,Thylogale thetis,0,0,0,0,0,0,0,0,0,0,0,0,0,0,0,0
3774,Thylogale stigmatica,0,0,0,0,0,0,0,0,0,0,0,0,0,0,0,0
3775,Wallabia bicolor,0,0,0,0,0,0,0,0,0,0,0,0,0,0,0,0
3776,Cercartetus concinnus,0,0,0,0,0,0,0,0,0,0,0,0,0,0,0,0
3777,Cercartetus lepidus,0,0,0,0,0,0,0,0,0,0,0,0,0,0,0,0
3778,Cercartetus nanus,0,0,0,0,0,0,0,0,0,0,0,0,0,0,0,0
3779,Petauroides volans,0,2,0,0,0,2,0,0,0,0,0,1,1,0,0,0
3780,Petropseudes dahli,0,0,0,0,0,0,0,0,0,0,0,0,0,0,0,0
3781,Pseudocheirus peregrinus,0,0,0,0,0,0,0,0,0,0,0,0,0,0,0,0
3782,Pseudochirops coronatus,0,0,0,1,0,0,0,0,1,0,0,0,1,0,0,0
3783,Tarsipes rostratus,0,0,0,0,0,0,0,0,0,0,0,0,0,0,0,0
3784,Acrobates pygmaeus,0,0,0,0,0,0,0,0,0,0,0,0,0,0,0,0
3785,Trichosurus vulpecula,0,0,0,0,0,0,0,0,0,0,0,0,0,0,0,0
3786,Microgale cowani,0,0,0,0,0,0,0,0,0,0,0,0,0,0,0,0
3787,Microgale dobsoni,0,0,0,0,0,0,0,0,0,0,0,0,0,0,0,0
3788,Oryzorictes hova,0,0,0,0,0,0,0,0,0,0,0,0,0,0,0,0
3789,Oryzorictes tetradactylus,0,0,0,0,0,0,0,0,0,0,0,0,0,0,0,0
3790,Echinops telfairi,0,0,0,0,0,0,0,0,0,0,0,0,0,0,0,0
3791,Hemicentetes semispinosus,0,0,0,1,0,0,0,0,1,0,0,1,0,0,0,0
3792,Setifer setosus,0,0,0,0,0,0,0,0,0,0,0,0,0,0,0,0
3793,Tenrec ecaudatus,0,0,0,0,0,0,0,0,0,0,0,0,0,0,0,0
3794,Carpitalpa arendsi,0,0,0,1,0,3,0,0,1,0,2,1,2,0,0,0
3795,Huetia leucorhina,0,0,0,0,0,0,0,0,0,0,0,0,0,0,0,0
3796,Chrysochloris asiatica,0,0,0,1,0,0,0,0,0,0,1,0,1,0,0,0
3797,Chrysochloris stuhlmanni,0,0,0,0,0,0,0,0,0,0,0,0,0,0,0,0
3798,Atelerix albiventris,0,0,0,0,0,0,0,0,0,0,0,0,0,0,0,0
3799,Echinosorex gymnura,0,0,0,0,0,0,0,0,0,0,0,0,0,0,0,0
3800,Erinaceus amurensis,0,0,0,0,0,0,0,0,0,0,0,0,0,0,0,0
3801,Erinaceus concolor,0,0,0,0,0,0,0,0,0,0,0,0,0,0,0,0
3802,Paraechinus aethiopicus,0,0,0,0,0,0,0,0,0,0,0,0,0,0,0,0
3803,Hemiechinus auritus,0,0,0,0,0,0,0,0,0,0,0,0,0,0,0,0
3804,Hemiechinus collaris,0,0,0,0,0,0,0,0,0,0,0,0,0,0,0,0
3805,Paraechinus micropus,0,0,0,1,0,0,0,0,1,1,0,0,1,0,0,0
3806,Paraechinus hypomelas,0,0,0,0,0,0,0,0,0,0,0,0,0,0,0,0
3807,Hylomys suillus,0,0,0,0,0,0,0,0,0,0,0,0,0,0,0,0
3808,Mesechinus dauuricus,0,0,0,0,0,1,0,0,1,0,1,0,1,0,1,0
3809,Blarinella quadraticauda,0,0,0,0,0,0,0,0,0,0,0,0,0,0,0,0
3810,Chimarrogale himalayica,0,0,0,0,0,0,0,0,0,0,0,0,0,0,0,0
3811,Chimarrogale platycephalus,0,0,0,0,0,0,0,0,0,0,0,0,0,0,0,0
3812,Chimarrogale styani,0,0,0,0,0,0,0,0,0,0,0,0,0,0,0,0
3813,Crocidura aleksandrisi,0,0,0,0,0,0,0,0,0,0,0,0,0,0,0,0
3814,Crocidura arabica,0,0,0,0,0,0,0,0,0,0,0,0,0,0,0,0
3815,Crocidura batesi,0,0,0,0,0,0,0,0,0,0,0,0,0,0,0,0
3816,Crocidura bottegi,0,0,0,0,0,0,0,0,0,0,0,0,0,0,0,0
3817,Crocidura buettikoferi,0,0,0,1,0,0,0,0,0,1,0,1,0,0,0,0
3818,Crocidura pachyura,0,0,0,0,0,0,0,0,0,0,0,0,0,0,0,0
3819,Crocidura crossei,0,0,0,0,0,0,0,0,0,0,0,0,0,0,0,0
3820,Crocidura cyanea,0,0,0,0,0,0,0,0,0,0,0,0,0,0,0,0
3821,Crocidura denti,0,0,0,0,0,0,0,0,0,0,0,0,0,0,0,0
3822,Crocidura dsinezumi,0,0,0,0,0,0,0,0,0,0,0,0,0,0,0,0
3823,Crocidura dolichura,0,0,1,0,0,0,0,0,1,0,0,1,0,0,0,0
3824,Crocidura douceti,0,0,0,0,0,0,0,0,0,0,0,0,0,0,0,0
3825,Crocidura elongata,0,0,0,0,0,0,0,0,0,0,0,0,0,0,0,0
3826,Crocidura fuliginosa,0,0,0,0,0,0,0,0,0,0,0,0,0,0,0,0
3827,Crocidura fulvastra,0,0,0,0,0,0,0,0,0,0,0,0,0,0,0,0
3828,Crocidura fuscomurina,0,0,0,0,0,0,0,0,0,0,0,0,0,0,0,0
3829,Indopacetus pacificus,0,0,0,0,0,0,1,0,0,0,0,0,0,0,1,0
3830,Pseudantechinus bilarni,0,0,0,0,0,2,0,0,0,2,0,0,0,0,0,0
3831,Ailurops ursinus,0,0,0,1,0,0,0,0,1,0,0,1,0,0,0,0
3832,Pseudochirulus canescens,0,0,0,0,0,0,0,0,0,0,0,0,0,0,0,0
3833,Pseudochirulus forbesi,0,0,0,0,0,0,0,0,0,0,0,0,0,0,0,0
3834,Pseudochirulus mayeri,0,0,0,0,0,0,0,0,0,0,0,0,0,0,0,0
3835,Pseudochirulus schlegeli,0,0,0,1,0,0,0,0,1,0,0,0,1,0,0,0
3836,Leontopithecus chrysomelas,0,0,0,1,0,0,0,0,0,0,1,1,1,0,0,0
3837,Saguinus bicolor,0,0,0,1,0,0,0,0,0,1,1,1,1,0,0,0
3838,Papio anubis,0,0,0,2,0,0,0,0,2,0,2,0,0,0,0,0
3839,Piliocolobus parmentieri,0,0,0,3,0,0,0,0,3,0,0,2,2,0,0,0
3840,Galagoides demidoff,0,0,0,0,0,0,0,0,0,0,0,0,0,0,0,0
3841,Paragalago orinus,0,0,0,2,0,2,0,0,0,0,0,2,0,0,0,0
3842,Paragalago rondoensis,0,2,0,1,0,2,0,0,0,0,0,3,2,0,0,0
3843,Galagoides thomasi,0,0,0,0,0,0,0,0,0,0,0,0,0,0,0,0
3844,Nesoryzomys narboroughi,0,0,0,0,0,0,0,0,0,1,0,0,0,0,0,0
3845,Nilopegamys plumbeus,0,0,0,0,0,0,0,0,0,0,1,0,0,0,0,0
3846,Dryomys niethammeri,0,0,0,0,0,0,0,0,0,0,0,0,0,0,0,0
3847,Geoxus annectens,0,0,0,0,0,0,0,0,0,0,0,0,0,0,0,0
3848,Arielulus cuprosus,0,0,0,0,0,0,0,0,0,0,0,0,0,0,0,0
3849,Arielulus societatis,0,0,0,0,0,0,0,0,0,0,0,0,0,0,0,0
3850,Hippopotamus lemerlei,0,0,0,0,0,0,0,0,0,0,0,0,0,0,0,0
3851,Hippopotamus madagascariensis,0,0,0,0,0,0,0,0,0,0,0,0,0,0,0,0
3852,Neovison macrodon,0,0,0,0,0,0,0,0,0,0,0,0,0,0,0,0
3853,Trachypithecus hatinhensis,0,0,0,1,0,0,0,0,1,0,0,1,1,0,0,0
3854,Ochotona hoffmanni,0,1,0,0,0,0,0,0,0,0,0,0,0,0,0,0
3855,Equus quagga,0,2,2,0,0,0,0,0,1,0,1,0,0,0,0,0
3856,Mazama bororo,0,0,0,1,0,1,0,0,1,1,1,1,1,1,0,0
3857,Piliocolobus epieni,0,0,0,2,0,0,0,0,3,0,0,2,0,0,0,0
3858,Piliocolobus pennantii,0,0,0,1,0,0,0,0,3,0,0,1,0,0,0,0
3859,Piliocolobus preussi,0,0,1,2,0,0,0,0,3,0,0,2,0,0,0,0
3860,Nesolagus timminsi,0,0,0,2,1,0,0,0,3,0,0,2,2,1,0,0
3861,Praomys degraaffi,0,0,0,0,0,0,0,0,0,0,0,0,0,0,0,0
3862,Praomys obscurus,0,0,0,0,0,0,0,0,0,0,0,0,0,0,0,0
3863,Lemniscomys zebra,0,0,0,0,0,0,0,0,0,0,0,0,0,0,0,0
3864,Ochotona alpina,0,0,0,0,0,0,0,0,0,0,0,0,0,0,0,0
3865,Ochotona cansus,0,0,0,0,0,0,0,0,0,0,0,0,0,0,0,0
3866,Ochotona collaris,0,0,0,0,0,0,0,0,0,0,0,0,0,0,0,0
3867,Ochotona curzoniae,0,0,0,0,0,0,0,0,1,0,1,0,0,0,0,0
3868,Ochotona dauurica,0,0,0,0,0,0,0,0,1,0,0,0,0,0,0,0
3869,Ochotona erythrotis,0,0,0,0,0,0,0,0,0,0,0,0,0,0,0,0
3870,Ochotona gloveri,0,0,0,0,0,0,0,0,1,0,0,0,0,0,0,0
3871,Ochotona ladacensis,0,0,0,0,0,0,0,0,0,0,0,0,0,0,0,0
3872,Ochotona macrotis,0,0,0,0,0,0,0,0,0,0,0,0,0,0,0,0
3873,Ochotona princeps,0,1,0,0,0,0,0,0,1,0,1,0,0,0,0,0
3874,Ochotona roylei,0,1,0,0,0,0,0,0,0,0,0,0,0,0,0,0
3875,Ochotona rufescens,0,0,0,1,0,0,0,0,1,0,0,0,1,0,0,0
3876,Ochotona rutila,0,0,0,0,0,0,0,0,0,0,0,0,0,0,0,0
3877,Ochotona thibetana,0,0,0,1,0,0,0,0,0,0,0,1,0,0,0,0
3878,Lepus alleni,0,0,0,1,0,1,0,0,1,1,0,0,1,0,0,0
3879,Lepus americanus,0,0,0,0,0,0,0,0,0,0,0,0,0,0,0,0
3880,Lepus arcticus,0,0,0,0,0,0,0,0,0,0,0,0,0,0,0,0
3881,Lepus brachyurus,0,0,0,0,1,0,0,0,1,1,0,0,1,0,0,0
3882,Lepus californicus,0,0,0,1,0,1,0,0,1,1,1,1,1,0,0,1
3883,Lepus capensis,0,0,0,1,0,0,0,0,1,1,0,0,1,0,0,1
3884,Lepus comus,0,0,0,0,0,0,0,0,0,0,0,0,0,0,0,0
3885,Lepus coreanus,0,0,0,0,0,0,0,0,0,0,0,0,0,0,0,0
3886,Lepus europaeus,0,0,0,1,0,0,0,0,0,1,0,0,1,0,1,0
3887,Lepus mandshuricus,0,0,0,0,0,0,0,0,0,0,0,1,0,0,0,0
3888,Lepus nigricollis,0,1,0,1,0,1,0,0,1,1,1,0,1,1,1,1
3889,Lepus oiostolus,0,0,0,0,0,0,0,0,1,0,0,1,0,0,0,0
3890,Lepus peguensis,0,0,0,0,0,0,0,0,0,0,0,0,0,0,0,0
3891,Lepus saxatilis,0,0,0,1,0,0,0,0,1,0,0,0,1,1,0,0
3892,Lepus sinensis,0,0,0,1,0,0,0,0,1,0,0,0,0,0,0,0
3893,Lepus starcki,0,0,0,0,0,0,0,0,0,0,0,0,0,0,0,0
3894,Lepus townsendii,0,0,0,0,0,0,0,0,0,0,0,0,0,0,0,0
3895,Lepus habessinicus,0,0,0,0,0,0,0,0,0,0,0,0,0,0,0,0
3896,Oryctolagus cuniculus,0,1,0,0,0,1,0,0,1,1,1,0,0,1,1,0
3897,Poelagus marjorita,0,0,0,0,0,1,0,0,1,0,0,0,0,0,0,0
3898,Pronolagus crassicaudatus,0,0,0,1,0,0,0,0,1,0,0,0,1,0,0,0
3899,Pronolagus randensis,0,0,0,0,0,0,0,0,1,0,0,0,0,1,0,0
3900,Pronolagus rupestris,0,0,0,0,0,0,0,0,1,0,0,0,0,0,0,0
3901,Sylvilagus aquaticus,0,1,0,1,1,0,0,0,0,0,1,0,1,0,0,0
3902,Sylvilagus audubonii,0,0,0,0,0,1,0,0,1,1,1,0,1,0,0,0
3903,Sylvilagus floridanus,0,0,0,0,0,0,0,0,1,1,0,0,1,0,0,0
3904,Sylvilagus nuttallii,0,0,0,0,0,0,0,0,0,0,0,0,0,0,0,0
3905,Sylvilagus obscurus,0,0,0,0,0,0,0,0,1,1,0,1,1,0,0,1
3906,Sylvilagus bachmani,0,1,0,1,1,1,0,0,1,1,0,0,1,0,0,1
3907,Sylvilagus palustris,0,0,0,0,0,0,0,0,1,1,0,0,1,0,0,0
3908,Lepus corsicanus,0,0,0,1,0,1,0,0,1,1,0,0,1,1,1,0
3909,Lepus granatensis,0,0,0,0,0,0,0,0,0,0,0,0,0,0,0,0
3910,Lepus tibetanus,0,0,0,0,0,0,0,0,0,0,0,0,0,0,0,0
3911,Lepus tolai,0,0,0,0,0,0,0,0,1,0,0,0,0,0,0,0
3912,Sylvilagus cognatus,0,0,0,0,0,0,0,0,0,0,0,0,0,0,0,0
3913,Sylvilagus robustus,0,1,0,0,0,0,0,0,0,0,1,0,1,0,0,0
3914,Sylvilagus varynaensis,0,0,0,1,0,0,0,0,0,1,0,1,1,0,0,0
3915,Tachyglossus aculeatus,0,0,0,0,0,0,0,0,0,0,0,0,0,0,0,0
3916,Nesophontes edithae,0,0,0,0,0,0,0,0,0,0,0,0,0,0,0,0
3917,Microgale pusilla,0,0,0,0,0,0,0,0,0,0,0,0,0,0,0,0
3918,Microgale talazaci,0,0,0,1,0,1,0,0,0,0,0,1,0,0,0,0
3919,Amblysomus hottentotus,0,0,0,1,0,0,0,0,1,0,0,0,1,0,0,0
3920,Crocidura cinderella,0,0,0,0,0,0,0,0,0,0,0,0,0,0,0,0
3921,Crocidura gmelini,0,0,0,0,0,0,0,0,0,0,0,0,0,0,0,0
3922,Cryptonanus ignitus,0,0,0,0,0,0,0,0,0,0,0,0,0,0,0,0
3923,Crocidura grandiceps,0,0,0,1,0,0,0,0,0,0,1,1,0,0,0,0
3924,Crocidura hildegardeae,0,0,0,0,0,0,0,0,0,0,0,0,0,0,0,0
3925,Crocidura hirta,0,0,0,0,0,0,0,0,0,0,0,0,0,0,0,0
3926,Crocidura horsfieldii,0,0,0,0,0,0,0,0,0,0,0,0,0,0,0,0
3927,Crocidura jacksoni,0,0,0,0,0,0,0,0,0,0,0,0,0,0,0,0
3928,Crocidura lamottei,0,0,0,0,0,0,0,0,0,0,0,0,0,0,0,0
3929,Crocidura lasiura,0,0,0,0,0,0,0,0,0,0,0,0,0,0,0,0
3930,Crocidura lea,0,0,0,0,0,0,0,0,0,0,0,0,0,0,0,0
3931,Crocidura levicula,0,0,0,0,0,0,0,0,0,0,0,0,0,0,0,0
3932,Crocidura littoralis,0,0,0,0,0,0,0,0,0,0,0,0,0,0,0,0
3933,Crocidura luna,0,0,0,0,0,0,0,0,0,0,0,0,0,0,0,0
3934,Crocidura lusitania,0,0,0,0,0,0,0,0,0,0,0,0,0,0,0,0
3935,Crocidura macarthuri,0,0,0,0,0,0,0,0,0,0,0,0,0,0,0,0
3936,Crocidura mariquensis,0,0,0,0,0,0,0,0,0,0,0,0,0,0,0,0
3937,Crocidura maurisca,0,0,0,0,0,0,0,0,0,0,0,0,0,0,0,0
3938,Crocidura maxi,0,0,0,0,0,0,0,0,0,0,0,0,0,0,0,0
3939,Crocidura monticola,0,0,0,0,0,0,0,0,0,0,0,0,0,0,0,0
3940,Crocidura montis,0,0,0,0,0,0,0,0,0,0,0,0,0,0,0,0
3941,Crocidura muricauda,0,0,0,0,0,0,0,0,0,0,0,0,0,0,0,0
3942,Crocidura mutesae,0,0,0,0,0,0,0,0,0,0,0,0,0,0,0,0
3943,Crocidura nana,0,0,0,0,0,0,0,0,0,0,0,0,0,0,0,0
3944,Crocidura nanilla,0,0,0,0,0,0,0,0,0,0,0,0,0,0,0,0
3945,Crocidura nigeriae,0,0,0,1,0,0,0,0,0,0,0,1,0,0,0,0
3946,Crocidura nigricans,0,0,0,0,0,0,0,0,0,0,0,0,0,0,0,0
3947,Crocidura nigrofusca,0,0,0,0,0,0,0,0,0,0,0,0,0,0,0,0
3948,Crocidura niobe,0,0,0,0,0,0,0,0,0,0,0,0,0,0,0,0
3949,Crocidura olivieri,0,0,0,0,0,0,0,0,0,0,0,0,0,0,0,0
3950,Crocidura parvipes,0,0,0,0,0,0,0,0,0,0,0,0,0,0,0,0
3951,Crocidura pasha,0,0,0,0,0,0,0,0,0,0,0,0,0,0,0,0
3952,Crocidura planiceps,0,0,0,0,0,0,0,0,0,0,0,0,0,0,0,0
3953,Crocidura poensis,0,0,0,0,0,0,0,0,0,0,0,0,0,0,0,0
3954,Crocidura pullata,0,0,0,0,0,0,0,0,0,0,0,0,0,0,0,0
3955,Crocidura rhoditis,0,0,0,0,0,0,0,0,0,0,0,0,0,0,0,0
3956,Crocidura roosevelti,0,0,0,0,0,0,0,0,0,0,0,0,0,0,0,0
3957,Crocidura sibirica,0,0,0,0,0,0,0,0,0,0,0,0,0,0,0,0
3958,Crocidura silacea,0,0,0,0,0,0,0,0,0,0,0,0,0,0,0,0
3959,Crocidura smithii,0,0,0,0,0,0,0,0,0,0,0,0,0,0,0,0
3960,Crocidura somalica,0,0,0,0,0,0,0,0,0,0,0,0,0,0,0,0
3961,Crocidura tarella,0,0,0,1,0,0,0,0,0,0,0,1,0,0,0,0
3962,Crocidura tarfayensis,0,1,0,0,0,0,0,0,0,0,1,0,1,0,0,0
3963,Crocidura theresae,0,0,0,0,0,0,0,0,0,0,0,0,0,0,0,0
3964,Crocidura turba,0,0,0,0,0,0,0,0,0,0,0,0,0,0,0,0
3965,Crocidura viaria,0,0,0,0,0,0,0,0,0,0,0,0,0,0,0,0
3966,Crocidura voi,0,0,0,0,0,0,0,0,0,0,0,0,0,0,0,0
3967,Crocidura whitakeri,0,0,0,0,0,0,0,0,0,0,0,0,0,0,0,0
3968,Crocidura yankariensis,0,0,0,0,0,0,0,0,0,0,0,0,0,0,0,0
3969,Crocidura zaphiri,0,0,0,0,0,0,0,0,0,0,0,0,0,0,0,0
3970,Crocidura zarudnyi,0,0,0,0,0,0,0,0,0,0,0,0,0,0,0,0
3971,Cryptotis goldmani,0,0,0,1,0,0,0,0,0,0,1,1,1,0,0,0
3972,Cryptotis mexicana,0,0,0,0,0,0,0,0,0,0,0,0,0,0,0,0
3973,Cryptotis montivaga,0,0,0,0,0,0,0,0,0,0,0,0,0,0,0,0
3974,Cryptotis nigrescens,0,0,0,0,0,0,0,0,0,0,0,0,0,0,0,0
3975,Cryptotis parva,0,0,0,0,0,0,0,0,0,0,0,0,0,0,0,0
3976,Cryptotis squamipes,0,0,0,0,0,0,0,0,0,0,0,0,0,0,0,0
3977,Cryptotis thomasi,0,0,0,0,0,0,0,0,0,0,0,0,0,0,0,0
3978,Myosorex babaulti,0,0,0,0,0,0,0,0,0,0,0,0,0,0,0,0
3979,Myosorex varius,0,0,0,0,0,0,0,0,0,0,0,0,0,0,0,0
3980,Paracrocidura schoutedeni,0,0,0,0,0,0,0,0,0,0,0,0,0,0,0,0
3981,Sorex alaskanus,0,0,0,0,0,0,0,0,0,0,0,0,0,0,0,0
3982,Sorex arcticus,0,0,0,0,0,0,0,0,0,0,0,0,0,0,0,0
3983,Sorex asper,0,0,0,0,0,0,0,0,0,0,0,0,0,0,0,0
3984,Sorex bairdi,0,0,0,0,0,0,0,0,0,0,0,0,0,0,0,0
3985,Sorex bedfordiae,0,0,0,0,0,0,0,0,0,0,0,0,0,0,0,0
3986,Sorex bendirii,0,0,0,0,0,0,0,0,0,0,0,0,0,0,0,0
3987,Sorex buchariensis,0,0,0,0,0,0,0,0,0,0,0,0,0,0,0,0
3988,Sorex camtschatica,0,0,0,0,0,0,0,0,0,0,0,0,0,0,0,0
3989,Sorex cinereus,0,0,0,0,0,0,0,0,0,0,0,0,0,0,0,0
3990,Sorex daphaenodon,0,0,0,0,0,0,0,0,0,0,0,0,0,0,0,0
3991,Sorex dispar,0,0,0,0,0,0,0,0,0,0,0,0,0,0,0,0
3992,Sorex emarginatus,0,0,0,0,0,0,0,0,0,0,0,0,0,0,0,0
3993,Sorex fumeus,0,0,0,0,0,0,0,0,0,0,0,0,0,0,0,0
3994,Sorex gracillimus,0,0,0,0,0,0,0,0,0,0,0,0,0,0,0,0
3995,Sorex haydeni,0,0,0,0,0,0,0,0,0,0,0,0,0,0,0,0
3996,Sorex hoyi,0,0,0,0,0,0,0,0,0,0,0,0,0,0,0,0
3997,Sorex longirostris,0,0,0,0,0,0,0,0,0,0,0,0,0,0,0,0
3998,Sorex lyelli,0,0,0,0,0,0,0,0,0,0,0,0,0,0,0,0
3999,Sorex merriami,0,0,0,0,0,0,0,0,0,0,0,0,0,0,0,0
4000,Sorex mirabilis,0,0,0,0,0,0,0,0,0,0,0,0,0,0,0,0
4001,Sorex monticola,0,0,0,0,0,0,0,0,0,0,0,0,0,0,0,0
4002,Sorex nanus,0,0,0,0,0,0,0,0,0,0,0,0,0,0,0,0
4003,Sorex ornatus,0,0,0,0,0,0,0,0,0,0,0,0,0,0,0,0
4004,Sorex pacificus,0,0,0,0,0,0,0,0,0,0,0,0,0,0,0,0
4005,Sorex palustris,0,0,0,1,0,0,0,0,0,1,0,1,1,0,1,0
4006,Sorex planiceps,0,0,0,0,0,0,0,0,0,0,0,0,0,0,0,0
4007,Sorex portenkoi,0,0,0,0,0,0,0,0,0,0,0,0,0,0,0,0
4008,Sorex preblei,0,0,0,0,0,0,0,0,0,0,0,0,0,0,0,0
4009,Sorex roboratus,0,0,0,0,0,0,0,0,0,0,0,0,0,0,0,0
4010,Sorex satunini,0,0,0,0,0,0,0,0,0,0,0,0,0,0,0,0
4011,Sorex saussurei,0,0,0,0,0,0,0,0,0,0,0,0,0,0,0,0
4012,Sorex shinto,0,0,0,0,0,0,0,0,0,0,0,0,0,0,0,0
4013,Sorex sonomae,0,0,0,0,0,0,0,0,0,0,0,0,0,0,0,0
4014,Sorex tenellus,0,0,0,0,0,0,0,0,0,0,0,0,0,0,0,0
4015,Sorex thibetanus,0,0,0,0,0,0,0,0,0,0,0,0,0,0,0,0
4016,Sorex trowbridgii,0,0,0,0,0,0,0,0,0,0,0,0,0,0,0,0
4017,Sorex tundrensis,0,0,0,0,0,0,0,0,0,0,0,0,0,0,0,0
4018,Sorex ugyunak,0,0,0,0,0,0,0,0,0,0,0,0,0,0,0,0
4019,Sorex unguiculatus,0,0,0,0,0,0,0,0,0,0,0,0,0,0,0,0
4020,Sorex vagrans,0,0,0,0,0,0,0,0,0,0,0,0,0,0,0,0
4021,Sorex ventralis,0,0,0,0,0,0,0,0,0,0,0,0,0,0,0,0
4022,Sorex veraepacis,0,0,0,0,0,0,0,0,0,0,0,0,0,0,0,0
4023,Episoriculus caudatus,0,0,0,0,0,0,0,0,0,0,0,0,0,0,0,0
4024,Episoriculus fumidus,0,0,0,0,0,0,0,0,0,0,0,0,0,0,0,0
4025,Chodsigoa hypsibia,0,0,0,0,0,0,0,0,0,0,0,0,0,0,0,0
4026,Chodsigoa lamula,0,0,0,0,0,0,0,0,0,0,0,0,0,0,0,0
4027,Episoriculus leucops,0,0,0,0,0,0,0,0,0,0,0,0,0,0,0,0
4028,Episoriculus macrurus,0,0,0,0,0,0,0,0,0,0,0,0,0,0,0,0
4029,Soriculus nigrescens,0,0,0,0,0,0,0,0,0,0,0,0,0,0,0,0
4030,Chodsigoa parca,0,0,0,0,0,0,0,0,0,0,0,0,0,0,0,0
4031,Chodsigoa smithii,0,0,0,0,0,0,0,0,0,0,0,0,0,0,0,0
4032,Suncus infinitesimus,0,0,0,0,0,0,0,0,0,0,0,0,0,0,0,0
4033,Suncus lixus,0,0,0,0,0,0,0,0,0,0,0,0,0,0,0,0
4034,Suncus murinus,0,0,0,0,0,0,0,0,0,0,0,0,0,0,0,0
4035,Suncus stoliczkanus,0,0,0,0,0,0,0,0,0,0,0,0,0,0,0,0
4036,Suncus varilla,0,0,0,0,0,0,0,0,0,0,0,0,0,0,0,0
4037,Sylvisorex granti,0,0,0,0,0,0,0,0,0,0,0,0,0,0,0,0
4038,Sylvisorex johnstoni,0,0,0,0,0,0,0,0,0,0,0,0,0,0,0,0
4039,Sylvisorex lunaris,0,0,0,0,0,0,0,0,0,0,0,0,0,0,0,0
4040,Suncus megalura,0,0,0,0,0,0,0,0,0,0,0,0,0,0,0,0
4041,Crocidura nigripes,0,0,0,0,0,0,0,0,0,0,0,0,0,0,0,0
4042,Diplomesodon pulchellus,0,0,0,0,0,0,0,0,0,0,0,0,0,0,0,0
4043,Scutisorex somereni,0,0,0,1,0,0,0,0,0,0,0,1,1,0,0,0
4044,Anourosorex squamipes,0,0,0,0,0,0,0,0,0,0,0,0,0,0,0,0
4045,Blarina brevicauda,0,0,0,0,0,0,0,0,0,0,0,0,0,0,0,0
4046,Blarina carolinensis,0,0,0,0,0,0,0,0,0,0,0,0,0,0,0,0
4047,Blarina hylophaga,0,0,0,0,0,0,0,0,0,0,0,0,0,0,0,0
4048,Megasorex gigas,0,0,0,0,0,0,0,0,0,0,0,0,0,0,0,0
4049,Nectogale elegans,0,0,0,0,0,0,0,0,0,0,0,0,0,0,0,0
4050,Notiosorex crawfordi,0,0,0,0,0,0,0,0,0,0,0,0,0,0,0,0
4051,Condylura cristata,0,0,0,0,0,0,0,0,0,0,0,0,0,0,0,0
4052,Euroscaptor grandis,0,0,0,0,0,0,0,0,0,0,0,0,0,0,0,0
4053,Euroscaptor klossi,0,0,0,0,0,0,0,0,0,0,0,0,0,0,0,0
4054,Euroscaptor longirostris,0,0,0,1,0,0,0,0,1,0,0,1,0,0,0,0
4055,Euroscaptor micrura,0,0,0,0,0,0,0,0,0,0,0,0,0,0,0,0
4056,Mogera insularis,0,0,0,0,0,0,0,0,0,0,0,0,0,0,0,0
4057,Mogera imaizumii,0,0,0,0,0,0,0,0,0,0,0,0,0,0,0,0
4058,Mogera robusta,0,0,0,0,0,0,0,0,0,0,0,0,0,0,0,0
4059,Mogera wogura,0,0,0,0,0,0,0,0,0,0,0,0,0,0,0,0
4060,Neurotrichus gibbsii,0,0,0,0,0,0,0,0,0,0,0,0,0,0,0,0
4061,Parascalops breweri,0,0,0,0,0,0,0,0,0,0,0,0,0,0,0,0
4062,Parascaptor leucura,0,0,0,0,0,0,0,0,0,0,0,0,0,0,0,0
4063,Scalopus aquaticus,0,0,0,0,0,0,0,0,0,0,0,0,0,0,0,0
4064,Scapanulus oweni,0,0,0,0,0,0,0,0,0,0,0,0,0,0,0,0
4065,Scapanus latimanus,0,0,0,0,0,0,0,0,0,0,0,0,0,0,0,0
4066,Scapanus orarius,0,0,0,0,0,0,0,0,0,0,0,0,0,0,0,0
4067,Scapanus townsendii,0,0,0,0,0,0,0,0,0,0,0,0,0,0,0,0
4068,Scaptochirus moschatus,0,0,0,0,0,0,0,0,0,0,0,0,0,0,0,0
4069,Scaptonyx fusicaudus,0,0,0,0,0,0,0,0,0,0,0,0,0,0,0,0
4070,Talpa altaica,0,0,0,0,0,0,0,0,0,0,0,0,0,0,0,0
4071,Talpa caeca,0,0,0,0,0,0,0,0,0,0,0,0,0,0,0,0
4072,Talpa occidentalis,0,0,0,0,0,0,0,0,0,0,0,0,0,0,0,0
4073,Talpa romana,0,0,0,1,0,0,0,0,0,0,0,0,0,0,0,0
4074,Talpa stankovici,0,0,0,0,0,0,0,0,0,0,0,0,0,0,0,0
4075,Uropsilus andersoni,0,0,0,0,0,0,0,0,0,0,0,0,0,0,0,0
4076,Uropsilus gracilis,0,0,0,0,0,0,0,0,0,0,0,0,0,0,0,0
4077,Dymecodon pilirostris,0,0,0,0,0,0,0,0,0,0,0,0,0,0,0,0
4078,Urotrichus talpoides,0,0,0,0,0,0,0,0,0,0,0,0,0,0,0,0
4079,Dendrogale murina,0,0,0,0,0,0,0,0,0,0,0,0,0,0,0,0
4080,Ptilocercus lowii,0,0,0,0,0,0,0,0,0,0,0,0,0,0,0,0
4081,Tupaia belangeri,0,0,0,0,0,0,0,0,0,0,0,0,0,0,0,0
4082,Tupaia dorsalis,0,0,0,0,0,0,0,0,0,0,0,0,0,0,0,0
4083,Tupaia gracilis,0,0,0,0,0,0,0,0,0,0,0,0,0,0,0,0
4084,Tupaia javanica,0,0,0,0,0,0,0,0,0,0,0,0,0,0,0,0
4085,Tupaia minor,0,0,0,0,0,0,0,0,0,0,0,0,0,0,0,0
4086,Tupaia montana,0,0,0,0,0,0,0,0,0,0,0,0,0,0,0,0
4087,Tupaia picta,0,0,0,0,0,0,0,0,0,0,0,1,0,0,0,0
4088,Tupaia splendidula,0,0,0,1,0,0,0,0,0,0,0,1,0,0,0,0
4089,Tupaia tana,0,0,0,1,0,0,0,0,0,0,0,1,0,0,0,0
4090,Galeopterus variegatus,0,0,0,1,0,0,0,0,1,1,0,1,0,0,0,0
4091,Ochotona turuchanensis,0,0,0,0,0,0,0,0,0,0,0,0,0,0,0,0
4092,Orycteropus afer,0,0,0,0,0,0,0,0,1,0,1,0,0,0,0,0
4093,Caenolestes fuliginosus,0,0,0,0,0,0,0,0,0,0,1,0,0,0,0,0
4094,Lestoros inca,0,0,0,0,0,0,0,0,0,0,0,0,0,0,0,0
4095,Antechinus swainsonii,0,0,0,0,0,0,0,0,0,0,0,0,0,0,0,0
4096,Sminthopsis granulipes,0,0,0,0,0,0,0,0,0,0,0,0,0,0,0,0
4097,Sminthopsis griseoventer,0,0,0,0,0,0,0,0,0,0,0,0,0,0,0,0
4098,Potorous tridactylus,0,0,0,0,0,1,0,0,0,2,0,1,1,0,0,0
4099,Notamacropus eugenii,0,0,0,0,0,2,0,0,0,2,0,0,0,0,0,0
4100,Macropus giganteus,0,0,0,0,0,0,0,0,0,0,0,0,0,0,0,0
4101,Petrogale godmani,0,0,0,0,0,2,0,0,0,1,1,0,0,0,0,0
4102,Petrogale herberti,0,0,0,0,0,0,0,0,0,0,0,0,0,0,0,0
4103,Petrogale inornata,0,0,0,0,0,0,0,0,0,0,0,0,0,0,0,0
4104,Petrogale rothschildi,0,0,0,0,0,0,0,0,0,1,0,0,0,0,0,0
4105,Callithrix jacchus,0,0,0,1,0,0,0,0,1,0,1,1,0,0,0,0
4106,Callithrix penicillata,0,0,0,1,0,0,0,0,1,1,1,1,1,0,0,0
4107,Mico argentatus,0,0,0,1,0,0,0,0,0,0,1,1,1,0,0,0
4108,Mico humeralifer,0,0,0,0,1,0,0,0,0,0,0,0,1,0,0,0
4109,Saguinus geoffroyi,0,0,0,0,0,0,0,0,1,0,0,1,1,0,0,0
4110,Saguinus inustus,0,0,0,1,0,0,0,0,0,0,0,1,0,0,0,0
4111,Saguinus labiatus,0,0,0,1,0,0,0,0,0,0,1,1,0,0,0,0
4112,Saguinus midas,0,0,0,0,0,0,0,0,0,0,0,0,0,0,0,0
4113,Saguinus mystax,0,0,0,0,0,0,0,0,0,0,0,0,0,0,0,0
4114,Cormura brevirostris,0,0,0,0,0,0,0,0,0,0,0,0,0,0,0,0
4115,Emballonura serii,0,0,0,1,0,0,0,0,0,0,0,1,1,1,0,1
4116,Rhinolophus sinicus,0,0,0,0,0,0,0,0,0,0,0,0,0,0,0,0
4117,Tonatia saurophila,0,0,0,0,0,0,0,0,0,0,0,0,0,0,0,0
4118,Eptesicus gobiensis,0,0,0,0,0,0,0,0,0,0,0,0,0,0,0,0
4119,Lasiurus xanthinus,0,0,0,0,0,0,0,0,1,1,0,0,0,0,0,0
4120,Nycticeinops schlieffeni,0,0,0,0,0,0,0,0,0,0,0,0,0,0,0,0
4121,Arielulus circumdatus,0,0,0,0,0,0,0,0,0,0,0,0,0,0,0,0
4122,Saimiri boliviensis,0,0,0,1,0,0,0,0,1,0,1,1,1,0,0,0
4123,Saimiri ustus,0,0,0,1,1,0,0,0,0,0,1,1,1,0,0,0
4124,Aotus azarae,0,0,0,1,0,1,0,0,1,0,1,0,1,0,0,0
4125,Aotus nancymaae,0,0,0,1,0,0,0,0,1,0,0,1,0,0,0,0
4126,Aotus nigriceps,0,0,0,0,0,0,0,0,0,0,0,0,1,0,0,0
4127,Aotus trivirgatus,0,0,0,1,0,0,0,0,0,0,1,1,1,0,0,0
4128,Aotus vociferans,0,0,0,1,0,0,0,0,1,0,1,1,1,0,0,0
4129,Alouatta caraya,0,0,0,1,0,0,0,0,1,0,1,1,1,0,0,0
4130,Alouatta sara,0,0,0,1,0,0,0,0,1,0,0,1,1,0,0,0
4131,Ateles chamek,0,0,0,1,0,0,0,0,1,0,1,1,1,0,0,0
4132,Plecturocebus donacophilus,0,0,0,1,0,0,0,0,0,0,0,0,0,0,0,0
4133,Plecturocebus pallescens,0,0,0,0,0,0,0,0,1,0,0,0,0,0,0,0
4134,Plecturocebus modestus,0,0,0,1,0,0,0,0,0,0,1,0,0,0,0,0
4135,Plecturocebus caligatus,0,0,0,0,0,0,0,0,0,0,0,0,0,0,0,0
4136,Plecturocebus discolor,0,0,0,1,0,0,0,0,0,0,0,0,1,0,0,0
4137,Trachypithecus barbei,0,0,0,2,0,0,0,0,2,0,0,0,0,0,0,0
4138,Plecturocebus stephennashi,0,0,0,0,0,0,0,0,0,0,0,0,0,0,0,0
4139,Plecturocebus moloch,0,0,0,1,1,0,0,0,0,0,1,0,1,0,0,0
4140,Plecturocebus cinerascens,0,0,0,0,0,0,0,0,0,0,0,0,0,0,0,0
4141,Plecturocebus brunneus,0,0,0,1,1,0,0,0,1,0,0,0,1,0,0,0
4142,Plecturocebus hoffmannsi,0,0,0,0,0,0,0,0,0,0,0,1,1,0,0,0
4143,Plecturocebus baptista,0,0,0,0,0,0,0,0,0,0,0,0,0,0,0,0
4144,Plecturocebus bernhardi,0,0,0,0,0,0,0,0,0,0,0,0,0,0,0,0
4145,Cheracebus lugens,0,0,0,0,0,0,0,0,0,0,0,0,0,0,0,0
4146,Cheracebus lucifer,0,0,0,0,0,0,0,0,0,0,0,0,0,0,0,0
4147,Cheracebus regulus,0,0,0,0,0,0,0,0,0,0,0,0,0,0,0,0
4148,Pithecia albicans,0,0,0,0,0,0,0,0,1,0,0,1,0,0,0,0
4149,Miopithecus ogouensis,0,0,0,1,0,0,0,0,1,0,0,0,0,0,0,0
4150,Microcebus tavaratra,0,0,0,0,0,0,0,0,0,0,0,0,0,0,0,0
4151,Microcebus sambiranensis,0,0,0,1,0,0,0,0,0,0,0,1,0,0,0,0
4152,Microcebus berthae,0,0,0,0,0,0,0,0,0,0,0,0,0,0,0,0
4153,Cheirogaleus sibreei,0,0,0,0,0,0,0,0,0,0,0,0,0,0,0,0
4154,Avahi unicolor,0,0,0,0,0,0,0,0,0,0,0,0,0,0,0,0
4155,Mico acariensis,0,0,0,0,0,0,0,0,0,0,0,1,1,0,0,0
4156,Mico mauesi,0,0,0,0,0,0,0,0,0,0,0,0,0,0,0,0
4157,Callibella humilis,0,0,0,0,0,0,0,0,0,0,0,0,0,0,0,0
4158,Lycalopex fulvipes,0,0,0,0,0,0,0,0,1,2,0,0,0,1,0,0
4159,Vulpes macrotis,0,0,0,1,0,0,0,0,1,0,1,0,1,0,0,0
4160,Vulpes zerda,0,0,0,0,0,0,0,0,1,0,0,0,1,0,0,0
4161,Nandinia binotata,0,0,0,0,0,0,0,0,0,0,0,0,0,0,0,0
4162,Atilax paludinosus,0,0,0,0,1,0,0,0,1,0,0,0,1,0,0,0
4163,Bdeogale crassicauda,0,0,0,0,0,0,0,0,0,0,0,0,0,0,0,0
4164,Bdeogale nigripes,0,0,0,1,0,0,0,0,1,0,0,1,1,0,0,0
4165,Crossarchus alexandri,0,0,0,0,0,0,0,0,2,0,0,0,0,0,0,0
4166,Crossarchus ansorgei,0,0,0,0,0,0,0,0,1,0,0,1,0,0,0,0
4167,Crossarchus obscurus,0,0,0,0,0,0,0,0,0,0,0,0,0,0,0,0
4168,Crossarchus platycephalus,0,0,0,0,0,0,0,0,0,0,0,0,0,0,0,0
4169,Cynictis penicillata,0,0,0,0,0,0,0,0,1,0,0,0,0,0,0,0
4170,Dologale dybowskii,0,0,0,0,0,0,0,0,0,0,0,0,0,0,0,0
4171,Herpestes flavescens,0,0,0,0,0,0,0,0,0,0,0,0,0,0,0,0
4172,Herpestes pulverulentus,0,0,0,0,0,0,0,0,0,0,0,0,0,0,0,0
4173,Herpestes ochraceus,0,0,0,0,0,0,0,0,0,0,0,0,0,0,0,0
4174,Herpestes sanguineus,0,0,0,0,0,0,0,0,1,0,0,0,0,0,0,0
4175,Helogale hirtula,0,0,0,0,0,0,0,0,0,0,0,0,0,0,0,0
4176,Helogale parvula,0,0,0,0,0,0,0,0,0,0,0,0,0,0,0,0
4177,Herpestes brachyurus,0,0,0,2,1,0,0,0,1,0,0,1,0,2,0,0
4178,Herpestes edwardsii,0,0,0,0,0,0,0,0,0,0,0,0,0,0,0,0
4179,Herpestes fuscus,0,0,0,0,0,0,0,0,1,0,0,1,1,0,1,0
4180,Herpestes ichneumon,0,0,0,0,0,0,0,0,1,0,0,0,0,0,0,0
4181,Herpestes naso,0,0,0,0,0,1,0,0,1,0,0,1,1,0,0,0
4182,Herpestes semitorquatus,0,0,0,1,0,0,0,0,1,0,0,2,1,2,0,0
4183,Herpestes smithii,0,0,0,0,0,0,0,0,0,0,0,0,0,0,0,0
4184,Herpestes urva,0,0,0,1,0,0,1,0,2,0,1,1,1,1,0,0
4185,Herpestes vitticollis,0,0,0,0,0,0,0,0,1,0,0,0,0,0,0,0
4186,Ichneumia albicauda,0,0,0,0,0,0,0,0,1,0,0,0,0,0,0,0
4187,Mungos mungo,0,0,0,0,0,0,0,0,1,0,0,0,0,0,0,0
4188,Paracynictis selousi,0,0,0,0,0,0,0,0,0,0,0,0,0,0,0,0
4189,Rhynchogale melleri,0,0,0,0,0,0,0,0,0,0,0,0,0,0,0,0
4190,Suricata suricatta,0,0,0,0,0,0,0,0,0,0,0,0,0,0,0,0
4191,Melogale moschata,0,0,0,0,0,0,0,0,1,0,0,0,0,0,0,0
4192,Melogale personata,0,0,0,0,0,0,0,0,1,0,0,0,0,0,0,0
4193,Mydaus javanensis,0,0,0,0,0,0,0,0,0,0,0,0,0,0,0,0
4194,Mellivora capensis,0,0,0,0,0,0,0,0,1,0,0,0,0,0,0,0
4195,Conepatus chinga,0,0,0,0,0,0,0,0,1,1,1,0,0,0,0,0
4196,Conepatus humboldtii,0,0,0,0,0,0,0,0,1,0,0,0,0,0,0,0
4197,Conepatus leuconotus,0,0,0,1,0,0,0,0,0,1,1,0,1,0,1,0
4198,Conepatus semistriatus,0,0,0,0,0,0,0,0,1,0,0,0,0,0,1,0
4199,Mephitis macroura,0,0,0,0,0,0,0,0,1,0,0,0,0,0,0,0
4200,Mephitis mephitis,0,1,0,0,0,0,0,0,1,1,0,0,0,0,1,0
4201,Spilogale putorius,0,0,0,1,0,0,0,0,2,2,0,0,1,0,0,0
4202,Spilogale pygmaea,0,0,0,0,0,0,0,0,2,2,0,0,2,0,0,2
4203,Galictis cuja,0,0,0,0,0,0,0,0,1,0,0,0,1,0,0,0
4204,Galictis vittata,0,0,0,1,1,0,0,0,1,0,0,1,0,0,0,0
4205,Nomascus nasutus,0,0,0,1,0,0,0,0,1,0,1,1,1,0,0,0
4206,Nomascus hainanus,0,0,0,1,0,0,0,0,1,0,0,1,0,0,0,1
4207,Eira barbara,0,0,0,1,0,0,0,0,1,0,0,1,0,0,0,0
4208,Ictonyx libycus,0,0,0,0,0,0,0,0,1,1,0,0,0,0,0,0
4209,Ictonyx striatus,0,0,0,0,0,0,0,0,1,1,0,0,0,0,0,0
4210,Lyncodon patagonicus,0,0,0,0,0,0,0,0,0,0,0,0,0,0,0,0
4211,Martes americana,0,0,0,0,0,0,0,0,1,0,0,1,0,0,0,0
4212,Martes flavigula,0,0,0,0,0,0,0,0,0,0,0,0,0,0,0,0
4213,Martes melampus,0,0,0,0,0,0,0,0,0,0,0,1,0,0,0,0
4214,Martes pennanti,0,0,0,0,0,0,0,0,1,0,0,1,0,0,0,0
4215,Martes zibellina,0,0,0,0,0,1,0,0,1,0,0,1,0,0,0,0
4216,Mustela altaica,0,0,0,1,0,0,0,0,2,0,2,0,0,0,0,0
4217,Mustela frenata,0,0,0,0,0,0,0,0,0,0,0,0,0,0,0,0
4218,Mustela kathiah,0,0,0,0,0,0,0,0,0,0,0,0,0,0,0,0
4219,Mustela itatsi,0,0,0,0,0,0,0,0,0,1,0,0,1,0,0,0
4220,Mustela nudipes,0,0,0,0,0,0,0,0,0,0,0,0,0,0,0,0
4221,Mustela putorius,0,0,0,1,1,0,0,0,1,0,1,0,1,0,1,0
4222,Mustela sibirica,0,0,0,0,0,0,0,0,0,0,0,0,0,0,0,0
4223,Mustela subpalmata,0,0,0,0,0,0,0,0,0,0,0,0,0,0,0,0
4224,Neovison vison,0,0,0,1,0,0,0,0,1,0,0,1,0,0,1,0
4225,Poecilogale albinucha,0,0,0,0,0,0,0,0,1,0,0,0,0,0,0,0
4226,Taxidea taxus,0,0,0,1,0,0,0,0,1,0,1,1,0,0,0,0
4227,Arctocephalus forsteri,0,0,0,0,0,0,1,0,0,1,0,0,0,0,1,1
4228,Otaria byronia,0,0,0,0,0,0,1,0,0,0,0,0,0,0,1,0
4229,Zalophus californianus,0,0,0,0,0,0,1,0,0,1,0,0,0,0,1,0
4230,Zalophus japonicus,0,0,0,0,0,0,2,0,0,0,0,0,0,0,0,0
4231,Zalophus wollebaeki,0,3,0,0,0,0,0,0,0,2,0,0,0,0,1,0
4232,Pusa caspica,0,0,0,0,0,0,2,0,0,0,0,0,2,0,0,2
4233,Histriophoca fasciata,0,2,0,0,0,0,1,0,0,0,0,0,0,0,0,0
4234,Pagophilus groenlandicus,0,1,0,0,0,0,1,0,0,1,0,0,0,0,1,0
4235,Pusa hispida,0,1,0,0,0,0,1,0,0,1,0,0,1,0,1,1
4236,Pusa sibirica,0,1,0,0,0,0,1,0,0,1,0,0,0,0,1,0
4237,Potos flavus,0,0,0,1,0,0,0,0,1,0,1,1,1,0,0,0
4238,Bassariscus astutus,0,0,0,0,0,0,0,0,1,0,0,0,1,0,0,0
4239,Nasua narica,0,0,0,0,0,0,0,0,1,1,0,0,0,0,0,0
4240,Nasua nasua,0,0,0,1,0,0,0,0,1,0,1,1,0,0,0,0
4241,Procyon cancrivorus,0,0,0,1,0,0,0,0,1,0,1,1,1,0,0,1
4242,Procyon lotor,0,0,0,0,0,0,0,0,1,0,0,0,1,0,0,0
4243,Ursus americanus,0,0,0,1,0,0,0,0,2,0,1,0,1,0,0,0
4244,Ursus arctos,0,0,1,1,1,1,0,0,2,0,1,2,1,0,1,2
4245,Hemigalus derbyanus,0,0,0,2,1,0,0,0,1,0,1,2,0,1,0,0
4246,Arctictis binturong,0,0,0,1,0,0,0,0,3,0,0,2,1,2,0,0
4247,Arctogalidia trivirgata,0,0,0,1,1,0,0,0,1,0,0,1,1,1,0,0
4248,Paguma larvata,0,0,0,1,1,0,0,0,1,1,0,1,1,1,0,0
4249,Paradoxurus hermaphroditus,0,0,0,0,0,0,0,0,1,0,0,0,0,0,0,0
4250,Paradoxurus zeylonensis,0,0,0,1,0,0,0,0,1,0,0,0,0,1,0,0
4251,Civettictis civetta,0,0,0,0,0,0,0,0,1,0,0,0,0,0,0,0
4252,Genetta angolensis,0,0,0,0,0,0,0,0,1,0,0,0,1,0,0,0
4253,Melogale orientalis,0,0,0,0,0,0,0,0,2,0,0,0,0,0,0,0
4254,Genetta genetta,0,0,0,0,0,0,0,0,1,0,0,0,1,0,0,0
4255,Genetta maculata,0,0,0,0,0,0,0,0,1,0,0,0,0,0,0,0
4256,Genetta servalina,0,0,0,0,0,0,0,0,0,0,0,0,0,0,0,0
4257,Genetta thierryi,0,0,0,0,0,0,0,0,0,0,0,0,0,0,0,0
4258,Genetta tigrina,0,0,0,0,0,0,0,0,1,0,0,0,1,0,0,0
4259,Genetta victoriae,0,0,0,0,0,0,0,0,0,0,0,0,0,0,0,0
4260,Poiana richardsonii,0,0,0,0,0,0,0,0,0,0,0,0,0,0,0,0
4261,Prionodon linsang,0,0,0,1,1,0,0,0,1,0,0,0,0,1,0,0
4262,Prionodon pardicolor,0,0,0,1,1,0,0,0,1,0,0,1,1,1,0,0
4263,Viverra megaspila,1,0,0,2,1,0,1,0,3,0,1,2,1,2,0,0
4264,Viverra tangalunga,0,0,0,0,0,0,0,0,1,0,0,0,0,1,0,0
4265,Viverra zibetha,0,0,0,1,1,0,0,0,2,0,0,1,1,1,0,0
4266,Viverricula indica,0,0,0,0,0,0,0,0,1,0,0,0,0,0,0,0
4267,Eubalaena japonica,0,0,0,0,0,0,2,0,0,0,0,0,0,0,0,0
4268,Eubalaena glacialis,0,0,0,0,0,0,3,0,0,0,0,0,3,0,0,0
4269,Tursiops aduncus,0,0,0,0,0,0,2,0,0,1,0,0,1,0,1,1
4270,Phocoena dioptrica,0,0,0,0,0,0,1,0,0,0,0,0,0,0,0,0
4271,Neophocaena asiaeorientalis,0,0,0,0,0,0,2,0,0,1,0,0,2,0,0,0
4272,Physeter macrocephalus,0,0,0,0,0,0,1,0,0,0,0,0,1,0,1,0
4273,Platanista gangetica,1,3,0,0,2,0,3,0,0,0,0,0,2,0,2,1
4274,Platanista minor,0,0,0,0,3,0,2,0,0,0,0,0,0,0,0,0
4275,Mesoplodon perrini,0,0,0,0,0,0,2,0,0,0,0,0,0,0,2,0
4276,Mesoplodon traversii,0,0,0,0,0,0,0,0,0,0,0,0,0,0,0,0
4277,Delphinus delphis,0,0,0,0,0,0,0,0,0,1,0,0,0,0,1,0
4278,Equus ferus,0,2,0,0,0,0,0,0,0,0,0,0,0,0,0,0
4279,Procavia capensis,0,0,0,0,0,0,0,0,0,0,0,0,0,0,0,0
4280,Phacochoerus aethiopicus,0,1,0,0,0,0,0,0,0,0,0,0,0,0,0,0
4281,Phacochoerus africanus,0,1,0,0,0,0,0,0,1,1,0,0,1,1,0,0
4282,Hylochoerus meinertzhageni,0,0,0,0,0,0,0,0,1,0,0,1,1,0,0,0
4283,Potamochoerus larvatus,0,0,0,0,0,0,0,0,0,0,0,0,0,0,0,0
4284,Potamochoerus porcus,0,0,0,0,0,0,0,0,0,0,0,0,0,0,0,0
4285,Sus barbatus,0,1,0,1,0,1,0,0,1,1,0,1,1,1,0,0
4286,Sus celebensis,0,0,0,1,0,0,0,0,1,1,0,1,1,1,0,0
4287,Sus scrofa,0,0,0,0,0,0,0,0,1,1,1,0,0,0,0,0
4288,Pecari tajacu,0,0,0,1,0,0,0,0,1,0,0,1,0,1,0,0
4289,Tayassu pecari,0,0,0,3,0,0,0,0,3,0,3,3,3,0,0,0
4290,Moschiola meminna,0,0,0,1,0,0,0,0,1,0,0,0,1,0,0,0
4291,Tragulus javanicus,0,0,0,1,0,0,0,0,1,0,0,0,1,0,0,0
4292,Tragulus napu,0,0,0,1,0,1,0,0,1,0,0,1,0,1,0,0
4293,Axis axis,0,0,0,1,0,0,0,0,1,1,1,0,1,0,0,0
4294,Axis porcinus,0,1,0,1,0,0,0,0,1,1,1,0,1,0,0,0
4295,Isothrix sinnamariensis,0,0,0,0,0,0,0,0,0,0,0,0,1,0,0,0
4296,Poliocitellus franklinii,0,0,0,1,0,0,0,0,1,0,0,0,1,0,0,0
4297,Cervus nippon,0,0,0,1,0,0,0,0,1,1,0,1,1,0,0,0
4298,Rusa timorensis,0,0,0,0,0,0,0,0,1,1,0,1,0,0,0,0
4299,Rusa unicolor,0,0,0,1,0,0,0,0,1,0,0,1,1,1,0,0
4300,Lepus victoriae,0,0,0,1,0,0,0,0,1,0,0,0,1,0,0,0
4301,Ochotona argentata,0,0,0,0,0,0,0,0,0,0,0,1,0,0,0,0
4302,Dama dama,0,1,0,0,0,1,0,0,1,0,0,0,0,0,0,0
4303,Muntiacus atherodes,0,0,0,1,0,0,0,0,1,0,0,1,0,1,0,0
4304,Muntiacus muntjak,0,0,0,1,0,0,0,0,1,0,0,1,1,1,0,0
4305,Muntiacus reevesi,0,0,0,1,0,0,0,0,1,0,0,1,1,0,0,0
4306,Odocoileus hemionus,0,0,0,1,0,0,1,0,0,0,1,0,1,1,0,0
4307,Odocoileus virginianus,0,1,0,1,0,0,1,0,1,0,1,1,1,0,0,0
4308,Capreolus capreolus,0,0,0,0,0,0,0,0,1,1,1,0,0,0,0,0
4309,Capreolus pygargus,0,0,0,0,1,0,0,0,1,0,0,1,0,0,0,0
4310,Capra ibex,0,2,0,0,0,0,0,0,0,1,0,0,0,0,0,2
4311,Capra sibirica,0,1,1,1,1,0,0,1,2,1,2,1,1,0,0,1
4312,Ammospermophilus harrisii,0,0,0,0,0,0,0,0,0,0,0,0,0,0,0,0
4313,Ammospermophilus interpres,0,0,0,0,0,0,0,0,0,0,0,0,0,0,0,0
4314,Ammospermophilus leucurus,0,0,0,0,0,0,0,0,0,0,0,0,0,0,0,0
4315,Cynomys gunnisoni,0,0,0,1,0,0,0,0,1,1,1,0,1,0,0,0
4316,Cynomys leucurus,0,0,0,1,0,0,0,0,1,1,1,0,1,0,0,0
4317,Marmota broweri,0,0,0,0,0,0,0,0,0,0,0,0,0,0,0,0
4318,Marmota caligata,0,0,0,0,0,0,0,0,0,0,0,0,0,0,0,0
4319,Marmota flaviventris,0,0,0,0,0,0,0,0,0,0,0,0,0,0,0,0
4320,Marmota monax,0,0,0,0,0,0,0,0,0,0,0,0,0,0,0,0
4321,Marmota olympus,0,0,0,0,0,0,0,0,0,1,0,0,0,0,0,1
4322,Rhinosciurus laticaudatus,0,0,0,0,0,0,0,0,0,0,0,0,0,0,0,0
4323,Sciurus aberti,0,0,0,0,0,0,0,0,0,0,0,0,0,0,0,0
4324,Sciurus carolinensis,0,0,0,0,0,0,0,0,0,0,0,0,0,0,0,0
4325,Urocitellus armatus,0,0,0,0,0,0,0,0,0,0,0,0,0,0,0,0
4326,Urocitellus beldingi,0,0,0,0,0,0,0,0,0,0,0,0,0,0,0,0
4327,Urocitellus canus,0,0,0,0,0,0,0,0,0,0,0,0,0,0,0,0
4328,Urocitellus columbianus,0,0,0,0,0,0,0,0,0,0,0,0,0,0,0,0
4329,Urocitellus elegans,0,0,0,1,0,0,0,0,1,1,1,0,0,0,0,0
4330,Callospermophilus lateralis,0,0,0,0,0,0,0,0,0,0,0,0,0,0,0,0
4331,Spermophilus musicus,0,0,0,0,0,0,0,0,0,0,0,0,0,0,0,0
4332,Urocitellus richardsonii,0,0,0,0,0,0,0,0,0,0,0,0,0,0,0,0
4333,Callospermophilus saturatus,0,0,0,0,0,0,0,0,0,0,0,0,0,0,0,0
4334,Xerospermophilus spilosoma,0,0,0,0,0,0,0,0,0,0,0,0,0,0,0,0
4335,Ictidomys tridecemlineatus,0,0,0,0,0,0,0,0,0,0,0,0,0,0,0,0
4336,Sundasciurus davensis,0,0,0,0,0,0,0,0,0,0,0,0,0,0,0,0
4337,Sundasciurus hoogstraali,0,0,0,0,0,0,0,0,0,0,0,0,0,0,0,0
4338,Sundasciurus mindanensis,0,0,0,0,0,0,0,0,0,0,0,0,0,0,0,0
4339,Neotamias alpinus,0,1,0,0,0,0,0,0,0,0,0,0,0,0,0,0
4340,Neotamias amoenus,0,0,0,0,0,0,0,0,0,0,0,0,0,0,0,0
4341,Neotamias cinereicollis,0,0,0,0,0,0,0,0,0,0,0,0,0,0,0,0
4342,Neotamias dorsalis,0,0,0,0,0,0,0,0,0,0,0,0,0,0,0,0
4343,Neotamias minimus,0,0,0,0,0,0,0,0,0,0,0,0,0,0,0,0
4344,Neotamias ochrogenys,0,1,0,0,0,0,0,0,0,0,0,0,0,0,0,0
4345,Neotamias panamintinus,0,0,0,0,0,0,0,0,0,0,0,0,0,0,0,0
4346,Neotamias quadrimaculatus,0,0,0,0,0,0,0,0,0,0,0,0,0,0,0,0
4347,Neotamias quadrivittatus,0,0,0,0,0,0,0,0,0,0,0,0,0,0,0,0
4348,Neotamias ruficaudus,0,0,0,0,0,0,0,0,0,0,0,0,0,0,0,0
4349,Neotamias rufus,0,0,0,0,0,0,0,0,0,0,0,0,0,0,0,0
4350,Neotamias senex,0,0,0,0,0,0,0,0,0,0,0,0,0,0,0,0
4351,Neotamias siskiyou,0,0,0,0,0,0,0,0,0,0,0,0,0,0,0,0
4352,Neotamias sonomae,0,0,0,0,0,0,0,0,0,0,0,0,0,0,0,0
4353,Neotamias speciosus,0,0,0,0,0,0,0,0,0,0,0,0,0,0,0,0
4354,Tamias striatus,0,0,0,0,0,0,0,0,0,0,0,0,0,0,0,0
4355,Neotamias townsendii,0,0,0,0,0,0,0,0,0,0,0,0,0,0,0,0
4356,Neotamias umbrinus,0,0,0,0,0,0,0,0,0,0,0,0,0,0,0,0
4357,Tamiasciurus douglasii,0,0,0,0,0,0,0,0,0,0,0,0,0,0,0,0
4358,Tamiasciurus hudsonicus,0,0,0,0,0,0,0,0,0,0,0,0,0,0,0,0
4359,Geomys bursarius,0,0,0,0,0,0,0,0,0,0,0,0,0,0,0,0
4360,Geomys pinetis,0,0,0,0,0,0,0,0,0,0,0,0,0,0,0,0
4361,Orthogeomys grandis,0,0,0,0,0,0,0,0,0,0,0,0,0,0,0,0
4362,Heterogeomys lanius,0,0,0,1,0,0,0,0,0,0,0,0,0,0,0,0
4363,Orthogeomys underwoodi,0,0,0,0,0,0,0,0,0,0,0,0,0,0,0,0
4364,Thomomys bulbivorus,0,0,0,1,0,0,0,0,0,0,0,0,1,0,0,0
4365,Thomomys clusius,0,0,0,0,0,0,0,0,0,0,0,0,0,0,0,0
4366,Thomomys monticola,0,0,0,0,0,0,0,0,0,0,0,0,0,0,0,0
4367,Thomomys talpoides,0,0,0,0,0,0,0,0,0,0,0,0,0,0,0,0
4368,Thomomys townsendii,0,0,0,0,0,0,0,0,0,0,0,0,0,0,0,0
4369,Dipodomys californicus,0,0,0,0,0,0,0,0,0,0,0,0,0,0,0,0
4370,Dipodomys heermanni,0,0,0,0,0,0,0,0,0,0,0,0,0,0,0,0
4371,Dipodomys microps,0,0,0,0,0,0,0,0,0,0,0,0,0,0,0,0
4372,Dipodomys panamintinus,0,0,0,0,0,0,0,0,0,0,0,0,0,0,0,0
4373,Dipodomys venustus,0,0,0,0,0,0,0,0,0,0,0,0,0,0,0,0
4374,Microdipodops megacephalus,0,0,0,1,0,0,0,0,0,1,0,0,0,0,0,0
4375,Microdipodops pallidus,0,0,0,1,0,0,0,0,0,1,0,0,0,0,0,0
4376,Perognathus fasciatus,0,0,0,0,0,0,0,0,0,0,0,0,0,0,0,0
4377,Perognathus inornatus,0,0,0,0,0,0,0,0,0,0,0,0,0,0,0,0
4378,Perognathus parvus,0,0,0,0,0,0,0,0,0,0,0,0,0,0,0,0
4379,Napaeozapus insignis,0,0,0,0,0,0,0,0,0,0,0,0,0,0,0,0
4380,Zapus hudsonius,0,0,0,0,0,0,0,0,0,0,0,0,0,0,0,0
4381,Zapus princeps,0,0,0,0,0,0,0,0,0,0,0,0,0,0,0,0
4382,Arborimus longicaudus,0,0,0,0,0,0,0,0,0,0,0,1,0,0,0,0
4383,Clethrionomys californicus,0,0,0,0,0,0,0,0,0,0,0,0,0,0,0,0
4384,Clethrionomys gapperi,0,0,0,0,0,0,0,0,0,0,0,0,0,0,0,0
4385,Dicrostonyx groenlandicus,0,0,0,0,0,0,0,0,0,0,0,0,0,0,0,0
4386,Dicrostonyx hudsonius,0,0,0,0,0,0,0,0,0,0,0,0,0,0,0,0
4387,Dicrostonyx nelsoni,0,0,0,0,0,0,0,0,0,0,0,0,0,0,0,0
4388,Dicrostonyx richardsoni,0,0,0,0,0,0,0,0,0,0,0,0,0,0,0,0
4389,Lemmiscus curtatus,0,0,0,0,0,0,0,0,0,0,0,0,0,0,0,0
4390,Microtus canicaudus,0,0,0,1,0,0,0,0,0,0,0,0,0,0,0,0
4391,Microtus chrotorrhinus,0,0,0,0,0,0,0,0,0,0,0,0,0,0,0,0
4392,Microtus longicaudus,0,0,0,0,0,0,0,0,0,0,0,0,0,0,0,0
4393,Microtus xanthognathus,0,0,0,0,0,0,0,0,0,0,0,0,0,0,0,0
4394,Microtus miurus,0,0,0,0,0,0,0,0,0,0,0,0,0,0,0,0
4395,Microtus montanus,0,0,0,0,0,0,0,0,0,0,0,0,0,0,0,0
4396,Microtus ochrogaster,0,0,0,0,0,0,0,0,0,0,0,0,0,0,0,0
4397,Microtus oregoni,0,0,0,0,0,0,0,0,0,0,0,0,0,0,0,0
4398,Microtus pinetorum,0,0,0,0,0,0,0,0,0,0,0,0,0,0,0,0
4399,Microtus richardsoni,0,0,0,0,0,0,0,0,0,0,0,0,0,0,0,0
4400,Microtus umbrosus,0,0,0,0,0,0,0,0,0,0,0,1,0,0,0,0
4401,Phenacomys intermedius,0,0,0,0,0,0,0,0,0,0,0,0,0,0,0,0
4402,Phenacomys ungava,0,0,0,0,0,0,0,0,0,0,0,0,0,0,0,0
4403,Synaptomys borealis,0,0,0,0,0,0,0,0,0,0,0,0,0,0,0,0
4404,Synaptomys cooperi,0,0,0,0,0,0,0,0,0,0,0,0,0,0,0,0
4405,Allocricetulus curtatus,0,0,0,0,0,0,0,0,0,0,0,0,0,0,0,0
4406,Abditomys latidens,0,0,0,0,0,0,0,0,0,0,0,0,0,0,0,0
4407,Apodemus argenteus,0,0,0,0,0,0,0,0,0,0,0,0,0,0,0,0
4408,Apomys abrae,0,0,0,0,0,0,0,0,0,0,0,0,0,0,0,0
4409,Pseudohydromys musseri,0,0,0,0,0,0,0,0,0,0,0,0,0,0,0,0
4410,Pseudomys bolami,0,0,0,0,0,0,0,0,0,0,0,0,0,0,0,0
4411,Pseudomys chapmani,0,0,0,0,0,0,0,0,0,0,0,0,0,0,0,0
4412,Neacomys tenuipes,0,0,0,0,0,0,0,0,0,0,0,0,0,0,0,0
4413,Neotoma floridana,0,0,0,0,0,0,0,0,0,0,0,0,0,0,0,0
4414,Neotoma stephensi,0,0,0,0,0,0,0,0,0,0,0,0,0,0,0,0
4415,Peromyscus attwateri,0,0,0,0,0,0,0,0,0,0,0,0,0,0,0,0
4416,Peromyscus gossypinus,0,0,0,0,0,0,0,0,0,0,0,0,0,0,0,0
4417,Peromyscus polionotus,0,0,0,0,0,0,0,0,0,0,0,0,0,0,0,0
4418,Spalax zemni,0,0,0,1,0,0,0,0,0,0,0,0,1,0,0,0
4419,Abrocoma bennettii,0,0,0,0,0,0,0,0,0,0,0,0,0,0,0,0
4420,Abrocoma cinerea,0,0,0,0,0,0,0,0,0,0,0,0,0,0,0,0
4421,Elephantulus brachyrhynchus,0,0,0,0,0,0,0,0,0,0,0,0,0,0,0,0
4422,Elephantulus fuscipes,0,0,0,0,0,0,0,0,0,0,0,0,0,0,0,0
4423,Elephantulus fuscus,0,0,0,0,0,0,0,0,0,0,0,0,0,0,0,0
4424,Elephantulus intufi,0,0,0,0,0,0,0,0,0,0,0,0,0,0,0,0
4425,Elephantulus myurus,0,0,0,0,0,0,0,0,0,0,0,0,0,0,0,0
4426,Elephantulus rozeti,0,0,0,0,0,0,0,0,0,0,0,0,0,0,0,0
4427,Elephantulus rufescens,0,0,0,0,0,0,0,0,0,0,0,0,0,0,0,0
4428,Meriones shawi,0,0,0,0,0,0,0,0,0,0,0,0,0,0,0,0
4429,Mylomys dybowskii,0,0,0,0,0,0,0,0,0,0,0,0,0,0,0,0
4430,Neotoma cinerea,0,0,0,0,0,0,0,0,0,0,0,0,0,0,0,0
4431,Ochrotomys nuttalli,0,0,0,0,0,0,0,0,0,0,0,0,0,0,0,0
4432,Oryzomys palustris,0,0,0,0,0,0,0,0,0,0,0,0,0,0,0,0
4433,Reithrodontomys humulis,0,0,0,0,0,0,0,0,0,0,0,0,0,0,0,0
4434,Petrodromus tetradactylus,0,0,0,0,0,0,0,0,0,0,0,0,0,0,0,0
4435,Oreamnos americanus,0,0,0,0,0,0,0,0,0,0,0,0,0,0,0,1
4436,Mico emiliae,0,0,0,1,0,0,0,0,0,0,1,1,1,0,0,0
4437,Mico saterei,0,0,0,1,0,0,0,0,0,0,0,1,0,0,0,0
4438,Leontocebus fuscus,0,0,0,0,0,0,0,0,0,0,0,0,0,0,0,0
4439,Saguinus martinsi,0,0,0,0,0,0,0,0,0,0,0,0,1,0,0,0
4440,Sapajus robustus,0,0,0,1,0,0,0,0,1,0,1,1,1,1,0,0
4441,Chiropotes chiropotes,0,0,0,0,0,0,0,0,1,0,0,0,0,0,0,0
4442,Chiropotes utahickae,0,0,0,1,1,0,0,0,1,0,1,1,1,0,0,0
4443,Alouatta discolor,0,0,0,1,0,0,0,0,1,0,1,1,1,0,0,0
4444,Cebus castaneus,0,0,0,0,0,0,0,0,0,0,0,0,0,0,0,0
4445,Pithecia pithecia,0,0,0,0,0,0,0,0,1,0,0,1,0,0,0,0
4446,Pithecia chrysocephala,0,0,0,0,0,0,0,0,1,0,0,1,0,0,0,0
4447,Pithecia vanzolinii,0,0,0,0,0,0,0,0,1,0,0,1,0,0,0,0
4448,Leontocebus lagonotus,0,0,0,0,0,0,0,0,0,0,0,0,0,0,0,0
4449,Leontocebus illigeri,0,0,0,0,0,0,0,0,1,0,0,1,0,0,0,0
4450,Leontocebus nigrifrons,0,0,0,0,0,0,0,0,0,0,0,0,0,0,0,0
4451,Saimiri sciureus,0,0,0,0,0,0,0,0,0,0,0,0,0,0,0,0
4452,Poiana leightoni,0,0,0,0,0,0,0,0,1,0,0,1,0,0,0,0
4453,Aonyx cinereus,1,1,0,2,2,0,3,0,3,0,0,1,3,0,2,0
4454,Tragelaphus derbianus,0,0,1,0,0,0,0,0,1,1,1,0,1,0,0,0
4455,Hypsugo vordermanni,0,0,0,0,0,0,0,0,0,0,0,0,0,0,0,0
4456,Macronycteris gigas,0,0,0,0,0,0,0,0,1,0,0,1,0,0,0,1
4457,Macronycteris thomensis,0,0,0,0,0,0,0,0,0,0,0,0,0,0,0,0
4458,Platymops setiger,0,0,0,0,0,0,0,0,0,0,0,0,0,0,0,0
4459,Sauromys petrophilus,0,0,0,0,0,0,0,0,0,0,0,0,0,0,0,0
4460,Semnopithecus johnii,0,0,0,1,1,1,0,0,1,0,0,0,1,0,0,0
4461,Nycteris parisii,0,0,0,0,0,0,0,0,0,0,0,0,0,0,0,0
4462,Nycteris vinsoni,0,0,0,0,0,0,0,0,0,0,0,0,0,0,0,0
4463,Epomophorus crypturus,0,0,0,0,0,0,0,0,0,0,0,0,0,0,0,0
4464,Myonycteris angolensis,0,0,0,0,0,0,0,0,0,0,0,0,0,0,0,0
4465,Muntiacus vuquangensis,0,0,0,1,1,0,0,0,1,0,0,1,1,0,0,0
4466,Muntiacus truongsonensis,0,0,0,1,0,0,0,0,1,0,0,1,1,0,0,0
4467,Loris lydekkerianus,0,0,0,2,0,1,0,0,2,0,0,2,2,0,0,0
4468,Rhinolophus hilli,0,0,0,1,0,0,0,0,0,0,0,0,0,0,0,1
4469,Rhinolophus hillorum,0,2,1,2,0,1,0,0,2,0,1,2,1,1,0,1
4470,Rhinolophus maendeleo,0,0,0,0,0,0,0,0,0,0,0,0,0,0,0,0
4471,Rhinolophus ruwenzorii,0,0,0,1,0,0,0,0,1,0,0,0,1,1,0,0
4472,Rhinolophus sakejiensis,0,0,0,0,0,0,0,0,0,0,0,0,0,0,0,0
4473,Rhinolophus ziama,0,0,0,1,0,0,0,0,0,0,0,0,1,1,0,0
4474,Cistugo lesueuri,0,0,0,1,0,0,0,0,0,0,0,0,0,0,0,0
4475,Cistugo seabrae,0,0,0,0,0,0,0,0,0,0,0,0,0,0,0,0
4476,Glauconycteris alboguttata,0,0,0,0,0,0,0,0,0,0,0,0,0,0,0,0
4477,Glauconycteris argentata,0,0,0,0,0,0,0,0,0,0,0,0,0,0,0,0
4478,Glauconycteris beatrix,0,0,0,0,0,0,0,0,0,0,0,0,0,0,0,0
4479,Glauconycteris curryae,0,0,0,0,0,0,0,0,0,0,0,0,0,0,0,0
4480,Glauconycteris egeria,0,0,0,0,0,0,0,0,0,0,0,0,0,0,0,0
4481,Glauconycteris gleni,0,0,0,0,0,0,0,0,0,0,0,0,0,0,0,0
4482,Glauconycteris humeralis,0,0,0,0,0,0,0,0,0,0,0,0,0,0,0,0
4483,Glauconycteris kenyacola,0,0,0,0,0,0,0,0,0,0,0,0,0,0,0,0
4484,Glauconycteris machadoi,0,0,0,0,0,0,0,0,0,0,0,0,0,0,0,0
4485,Glauconycteris poensis,0,0,0,0,0,0,0,0,0,0,0,0,0,0,0,0
4486,Glauconycteris superba,0,0,0,1,0,0,0,0,0,0,0,1,0,0,0,0
4487,Glauconycteris variegata,0,0,0,0,0,0,0,0,0,0,0,0,0,0,0,0
4488,Pipistrellus anchietae,0,0,0,0,0,0,0,0,0,0,0,0,0,0,0,0
4489,Pipistrellus crassulus,0,0,0,0,0,0,0,0,0,0,0,0,0,0,0,0
4490,Hypsugo eisentrauti,0,0,0,0,0,0,0,0,0,0,0,0,0,0,0,0
4491,Hypsugo musciculus,0,0,0,0,0,0,0,0,0,0,0,0,0,0,0,0
4492,Hypsugo savii,0,0,0,0,0,0,0,0,0,0,0,0,0,0,0,0
4493,Anomalurus beecrofti,0,0,0,0,0,0,0,0,0,0,0,0,0,0,0,0
4494,Fukomys anselli,0,0,0,0,0,0,0,0,1,0,0,0,0,0,0,0
4495,Miniopterus africanus,0,0,0,0,0,0,0,0,0,0,0,0,0,0,0,0
4496,Fukomys darlingi,0,0,0,0,0,0,0,0,0,0,0,0,0,0,0,0
4497,Fukomys kafuensis,0,0,0,0,0,0,0,0,1,0,0,0,0,0,0,0
4498,Miniopterus natalensis,0,0,0,0,0,0,0,0,0,0,0,0,0,0,0,0
4499,Myotis anjouanensis,0,0,0,0,0,0,0,0,0,0,0,0,0,0,0,0
4500,Myotis punicus,0,0,0,0,0,0,0,0,0,0,0,0,0,0,0,0
4501,Graphiurus angolensis,0,0,0,0,0,0,0,0,0,0,0,0,0,0,0,0
4502,Graphiurus nagtglasii,0,0,0,0,0,0,0,0,0,0,0,0,0,0,0,0
4503,Neoromicia brunnea,0,0,0,1,0,0,0,0,0,0,0,1,0,1,0,0
4504,Neoromicia capensis,0,0,0,0,0,0,0,0,0,0,0,0,0,0,0,0
4505,Neoromicia flavescens,0,0,0,0,0,0,0,0,0,0,0,0,0,0,0,0
4506,Neoromicia guineensis,0,0,0,0,0,0,0,0,0,0,0,0,0,0,0,0
4507,Neoromicia helios,0,0,0,0,0,0,0,0,0,0,0,0,0,0,0,0
4508,Neoromicia melckorum,0,0,0,0,0,0,0,0,0,0,0,0,0,0,0,0
4509,Neoromicia nana,0,0,0,0,0,0,0,0,0,0,0,0,0,0,0,0
4510,Neoromicia rendalli,0,0,0,0,0,0,0,0,0,0,0,0,0,0,0,0
4511,Neoromicia somalica,0,0,0,0,0,0,0,0,0,0,0,0,0,0,0,0
4512,Neoromicia tenuipinnis,0,0,0,0,0,0,0,0,0,0,0,0,0,0,0,0
4513,Neoromicia zuluensis,0,0,0,0,0,0,0,0,0,0,0,0,0,0,0,0
4514,Graphiurus johnstoni,0,0,0,0,0,0,0,0,0,0,0,0,0,0,0,0
4515,Plecotus balensis,0,0,0,0,0,0,0,0,0,0,0,0,0,0,0,0
4516,Plecotus christii,0,0,0,0,0,0,0,0,0,0,0,0,0,0,0,1
4517,Scotophilus nucella,0,0,0,0,0,0,0,0,0,0,0,0,0,0,0,0
4518,Congosorex verheyeni,0,0,0,0,0,0,0,0,0,0,0,0,0,0,0,0
4519,Acomys airensis,0,0,0,0,0,0,0,0,0,0,0,0,0,0,0,0
4520,Acomys johannis,0,0,0,0,0,0,0,0,0,0,0,0,0,0,0,0
4521,Acomys seurati,0,0,0,0,0,0,0,0,0,0,0,0,0,0,0,0
4522,Aethomys ineptus,0,0,0,0,0,0,0,0,0,0,0,0,0,0,0,0
4523,Arvicanthis ansorgei,0,0,0,0,0,0,0,0,0,0,0,0,0,0,0,0
4524,Arvicanthis rufinus,0,0,0,0,0,0,0,0,0,0,0,0,0,0,0,0
4525,Myosorex kihaulei,0,0,0,1,0,0,0,0,0,0,0,1,0,0,0,0
4526,Myosorex zinki,0,0,0,0,0,0,0,0,0,0,0,0,0,0,0,0
4527,Sylvisorex pluvialis,0,0,0,0,0,0,0,0,0,0,0,0,0,0,0,0
4528,Sylvisorex konganensis,0,0,0,0,0,0,0,0,0,0,0,0,0,0,0,0
4529,Sylvisorex camerunensis,0,0,0,1,0,0,0,0,0,0,1,1,1,0,0,0
4530,Desmomys yaldeni,0,0,0,1,0,0,0,0,0,0,0,1,0,0,0,0
4531,Gerbillus rupicola,0,0,0,0,0,0,0,0,0,0,0,0,0,0,0,0
4532,Hylomyscus grandis,0,0,0,1,0,0,0,0,0,0,0,1,0,0,0,0
4533,Lophuromys roseveari,0,0,0,0,0,0,0,0,0,0,0,0,0,0,0,0
4534,Lophuromys dieterleni,0,0,0,1,0,0,0,0,0,0,1,1,0,0,0,0
4535,Lophuromys chrysopus,0,0,0,0,0,0,0,0,0,0,0,0,0,0,0,0
4536,Lophuromys brevicaudus,0,0,0,0,0,1,0,0,0,0,1,0,0,0,0,0
4537,Lophuromys huttereri,0,0,0,0,0,0,0,0,0,0,0,0,0,0,0,0
4538,Mastomys awashensis,0,0,0,0,0,0,0,0,0,0,0,0,0,0,0,0
4539,Mastomys huberti,0,0,0,0,0,0,0,0,0,0,0,0,0,0,0,0
4540,Otomys dartmouthi,0,0,0,0,0,0,0,0,0,0,0,0,0,0,0,0
4541,Otomys jacksoni,0,0,0,0,0,1,0,0,0,0,0,0,0,0,0,1
4542,Otomys cuanzensis,0,0,0,0,0,0,0,0,0,0,0,0,0,0,0,0
4543,Otomys lacustris,0,0,0,0,0,0,0,0,0,0,0,0,0,0,0,0
4544,Otomys uzungwensis,0,0,0,1,0,1,0,0,0,0,0,0,0,0,0,0
4545,Otomys barbouri,0,0,0,0,0,0,0,0,0,0,0,0,0,0,0,0
4546,Otomys burtoni,0,0,0,0,0,0,0,0,0,0,0,0,0,0,0,0
4547,Praomys petteri,0,0,0,0,0,0,0,0,0,0,0,0,0,0,0,0
4548,Gerbilliscus gambiana,0,0,0,0,0,0,0,0,0,0,0,0,0,0,0,0
4549,Taterillus tranieri,0,0,0,0,0,0,0,0,0,0,0,0,0,0,0,0
4550,Thamnomys schoutedeni,0,0,0,0,0,0,0,0,0,0,0,0,0,0,0,0
4551,Gerbillus campestris,0,0,0,0,0,0,0,0,0,0,0,0,0,0,0,0
4552,Praomys lukolelae,0,0,0,0,0,0,0,0,0,0,0,0,0,0,0,0
4553,Praomys verschureni,0,0,0,0,0,0,0,0,0,0,0,1,0,0,0,0
4554,Myomyscus angolensis,0,0,0,0,0,0,0,0,0,0,0,0,0,0,0,0
4555,Mastomys kollmannspergeri,0,0,0,0,0,0,0,0,0,0,0,0,0,0,0,0
4556,Stenocephalemys albipes,0,0,0,0,0,0,0,0,0,0,0,0,0,0,0,0
4557,Praomys daltoni,0,0,0,0,0,0,0,0,0,0,0,0,0,0,0,0
4558,Praomys derooi,0,0,0,0,0,0,0,0,0,0,0,0,0,0,0,0
4559,Stenocephalemys ruppi,0,0,0,0,0,0,0,0,0,0,0,0,0,0,0,0
4560,Myomyscus verreauxii,0,1,0,0,0,1,0,0,0,1,0,0,0,1,0,0
4561,Mylomys rex,0,0,0,0,0,0,0,0,0,0,0,0,0,0,0,0
4562,Myomyscus brockmani,0,0,0,0,0,0,0,0,0,0,0,0,0,0,0,0
4563,Dasypus yepesi,0,0,0,0,0,0,0,0,0,0,0,0,0,0,0,0
4564,Bradypus pygmaeus,0,0,0,0,0,0,0,0,1,0,0,0,0,0,0,0
4565,Amblysomus corriae,0,1,0,2,0,1,0,0,1,0,0,0,1,0,0,0
4566,Amblysomus marleyi,0,0,0,2,0,0,0,0,0,0,2,1,1,0,0,0
4567,Amblysomus robustus,0,0,0,2,0,0,0,0,0,0,2,0,2,2,0,0
4568,Amblysomus septentrionalis,0,0,0,2,0,0,0,0,0,0,1,0,2,2,0,0
4569,Hemicentetes nigriceps,0,0,0,0,0,0,0,0,0,0,0,0,0,0,0,0
4570,Microgale drouhardi,0,0,0,0,0,0,0,0,0,0,0,0,0,0,0,0
4571,Microgale fotsifotsy,0,0,0,0,0,0,0,0,0,0,0,0,0,0,0,0
4572,Microgale gymnorhyncha,0,0,0,0,0,0,0,0,0,0,0,0,0,0,0,0
4573,Microgale jenkinsae,0,0,0,1,0,1,0,0,0,0,0,0,0,0,0,0
4574,Microgale majori,0,0,0,0,0,0,0,0,0,0,0,0,0,0,0,0
4575,Microgale nasoloi,0,0,0,0,0,1,0,0,0,0,1,0,0,0,0,0
4576,Microgale soricoides,0,0,0,0,0,0,0,0,0,0,0,0,0,0,0,0
4577,Microgale taiva,0,0,0,1,0,1,0,0,0,0,0,1,0,0,0,0
4578,Nanger soemmerringii,0,0,1,0,0,0,0,0,1,0,2,0,0,0,0,0
4579,Camelus ferus,0,0,0,0,0,0,0,0,1,1,1,0,1,0,0,0
4580,Sooretamys angouya,0,0,0,0,0,0,0,0,0,0,0,0,0,0,0,0
4581,Peromyscus keeni,0,0,0,0,0,0,0,0,0,0,0,0,0,0,0,0
4582,Saguinus melanoleucus,0,0,0,0,0,0,0,0,0,0,0,0,0,0,0,0
4583,Ateles fusciceps,0,0,0,0,0,0,0,0,1,0,0,1,1,0,0,0
4584,Talpa davidiana,0,0,0,0,0,0,0,0,0,0,0,0,0,0,0,0
4585,Macronycteris vittatus,0,0,0,0,0,0,0,0,1,0,0,0,1,0,0,1
4586,Apodemus witherbyi,0,0,0,0,0,0,0,0,0,0,0,0,0,0,0,0
4587,Mus musculoides,0,0,0,0,0,0,0,0,0,0,0,0,0,0,0,0
4588,Hipposideros orbiculus,0,0,0,0,0,0,0,0,0,0,0,0,0,0,0,0
4589,Hylomys megalotis,0,0,0,0,0,0,0,0,0,0,0,0,0,0,0,0
4590,Rhipidomys emiliae,0,0,0,0,0,0,0,0,0,0,0,0,0,0,0,0
4591,Eothenomys wardi,0,0,0,0,0,0,0,0,0,0,0,0,0,0,0,0
4592,Akodon montensis,0,0,0,0,0,0,0,0,0,0,0,0,0,0,0,0
4593,Brucepattersonius paradisus,0,0,0,0,0,0,0,0,0,0,0,0,0,0,0,0
4594,Phalanger matabiru,0,0,0,0,0,0,0,1,0,0,0,0,0,0,0,0
4595,Austronomus kuboriensis,0,0,0,0,0,0,0,0,0,0,0,0,0,0,0,0
4596,Philander mondolfii,0,0,0,0,0,0,0,0,0,0,0,0,0,0,0,0
4597,Platyrrhinus albericoi,0,0,0,0,0,0,0,0,0,0,0,0,0,0,0,0
4598,Myotis dinellii,0,0,0,0,0,0,0,0,0,0,0,0,0,0,0,0
4599,Oxymycterus amazonicus,0,0,0,0,0,0,0,0,0,0,0,0,0,0,0,0
4600,Microcebus mamiratra,0,0,0,0,0,0,0,0,0,0,0,0,0,0,0,0
4601,Micronycteris matses,0,0,0,0,0,0,0,0,0,0,0,0,0,0,0,0
4602,Chlorocebus tantalus,0,0,0,1,0,0,0,0,1,0,1,0,0,0,0,0
4603,Pipistrellus hanaki,0,0,0,0,0,0,0,0,0,0,0,0,0,0,0,0
4604,Rhipidomys modicus,0,0,0,1,0,0,0,0,0,0,0,0,0,0,0,0
4605,Aotus jorgehernandezi,0,0,0,0,0,0,0,0,0,0,0,0,0,0,0,0
4606,Paragalago cocos,0,0,0,0,0,0,0,0,0,0,0,0,0,0,0,0
4607,Sciurocheirus gabonensis,0,0,0,0,0,0,0,0,0,0,0,0,0,0,0,0
4608,Cratogeomys fulvescens,0,0,0,0,0,0,0,0,0,0,0,0,0,0,0,0
4609,Microtus paradoxus,0,0,0,0,0,0,0,0,0,0,0,0,0,0,0,0
4610,Lasiurus pfeifferi,0,1,0,0,0,0,0,0,0,0,0,0,0,0,0,0
4611,Ailurops melanotis,0,0,0,1,0,0,0,0,1,0,0,1,1,0,0,0
4612,Myotis bucharensis,0,0,0,0,0,0,0,0,0,0,0,0,0,0,0,0
4613,Rhogeessa hussoni,0,0,0,0,0,0,0,0,0,0,0,0,0,0,0,0
4614,Trinomys gratiosus,0,0,0,0,0,0,0,0,0,0,0,0,0,0,0,0
4615,Kerodon acrobata,0,0,0,0,0,0,0,0,1,0,0,0,0,0,0,0
4616,Genetta bourloni,0,0,0,0,0,0,0,0,1,0,0,1,0,0,0,0
4617,Suncus aequatorius,0,0,0,1,0,0,0,0,0,0,0,1,0,0,0,0
4618,Crocidura hilliana,0,0,0,0,0,0,0,0,0,0,0,0,0,0,0,0
4619,Philander deltae,0,0,0,0,0,0,0,0,0,0,0,0,0,0,0,0
4620,Salinomys delicatus,0,0,0,0,0,0,0,0,0,0,0,0,0,0,0,0
4621,Plecotus macrobullaris,0,0,0,0,0,0,0,0,0,0,0,0,0,0,0,0
4622,Echiothrix centrosa,0,0,0,0,0,0,0,0,0,0,0,0,0,0,0,0
4623,Spermophilus pallidicauda,0,0,0,0,0,0,0,0,0,0,0,0,0,0,0,0
4624,Platyrrhinus ismaeli,0,0,0,1,0,0,0,0,0,0,0,0,1,0,0,1
4625,Miniopterus paululus,0,0,0,0,0,0,0,0,0,0,0,0,0,0,0,0
4626,Ctenomys dorbignyi,0,0,0,0,0,0,0,0,0,0,0,0,0,0,0,0
4627,Neusticomys ferreirai,0,0,0,0,0,0,0,0,0,0,0,0,0,0,0,0
4628,Microtus anatolicus,0,0,0,1,0,0,0,0,1,0,0,0,0,0,0,0
4629,Crocidura tanakae,0,0,0,0,0,0,0,0,0,0,0,0,0,0,0,0
4630,Anoura fistulata,0,0,0,0,0,0,0,0,0,0,0,0,0,0,0,0
4631,Kerivoula kachinensis,0,0,0,0,0,0,0,0,0,0,0,0,0,0,0,0
4632,Meles anakuma,0,0,0,2,0,0,0,0,1,0,0,0,1,0,0,0
4633,Thylamys tatei,0,0,0,1,0,0,0,0,0,0,0,0,1,0,0,0
4634,Marmosa phaea,0,0,0,1,0,0,0,0,0,0,0,1,1,0,0,0
4635,Thrichomys pachyurus,0,0,0,0,0,0,0,0,0,0,0,0,0,0,0,0
4636,Erophylla bombifrons,0,0,0,0,0,0,0,0,0,0,0,0,1,0,0,1
4637,Rhinolophus montanus,0,0,0,0,0,0,0,0,0,0,0,1,0,0,0,0
4638,Cratogeomys planiceps,0,0,0,0,0,0,0,0,0,0,0,0,0,0,0,0
4639,Myotis davidii,0,0,0,0,0,0,0,0,0,0,0,0,0,0,0,0
4640,Eliurus danieli,0,0,0,0,0,0,0,0,0,0,0,0,0,0,0,0
4641,Calomyscus grandis,0,0,0,0,0,0,0,0,0,0,0,0,0,0,0,0
4642,Sapajus flavius,0,0,0,1,0,0,0,0,1,0,0,0,1,0,0,1
4643,Lepilemur randrianasoloi,0,0,0,0,0,0,0,0,0,0,0,0,0,0,0,0
4644,Thylogale lanatus,0,0,0,0,0,0,0,0,1,0,0,0,0,0,0,0
4645,Trichosurus cunninghami,0,0,0,0,0,0,0,0,0,0,0,0,0,0,0,0
4646,Anourosorex yamashinai,0,0,0,0,0,0,0,0,0,0,0,0,0,0,0,0
4647,Geomys knoxjonesi,0,0,0,0,0,0,0,0,0,0,0,0,0,0,0,0
4648,Chodsigoa caovansunga,0,0,0,0,0,0,0,0,0,0,0,0,0,0,0,0
4649,Akodon mystax,0,0,0,0,0,0,0,0,0,0,0,0,0,0,0,0
4650,Euneomys fossor,0,0,0,0,0,0,0,0,0,0,0,0,0,0,0,0
4651,Hylopetes platyurus,0,0,0,0,0,0,0,0,0,0,0,0,0,0,0,0
4652,Lepilemur fleuretae,0,0,0,0,0,0,0,0,0,0,0,0,0,0,0,0
4653,Bullimus gamay,0,0,0,0,0,0,0,0,0,0,0,0,0,0,0,0
4654,Chlorocebus sabaeus,0,0,0,0,0,0,0,0,2,0,0,2,1,0,0,0
4655,Gardnerycteris koepckeae,0,0,0,0,0,0,0,0,0,0,0,0,0,0,0,0
4656,Cryptotis medellinia,0,0,0,0,0,0,0,0,0,0,0,0,0,0,0,0
4657,Carollia sowelli,0,0,0,0,0,0,0,0,0,0,0,0,0,0,0,0
4658,Eulemur rufifrons,0,0,0,0,0,0,0,0,0,0,0,0,0,0,0,0
4659,Crocidura arispa,0,0,0,0,0,0,0,0,0,0,0,0,0,0,0,0
4660,Chlorocebus pygerythrus,0,0,0,0,0,0,0,0,1,0,1,0,1,0,0,0
4661,Notiosorex evotis,0,0,0,0,0,0,0,0,0,0,0,0,0,0,0,0
4662,Phyllomys mantiqueirensis,0,0,0,0,0,0,0,0,0,0,0,1,0,0,0,0
4663,Eothenomys miletus,0,0,0,0,0,0,0,0,0,0,0,0,0,0,0,0
4664,Cerradomys maracajuensis,0,0,0,0,0,0,0,0,0,0,0,0,0,0,0,0
4665,Hydrochoerus isthmius,0,0,0,0,0,0,0,0,0,0,0,0,0,0,0,0
4666,Marmosops paulensis,0,0,0,0,0,0,0,0,0,0,0,0,0,0,0,0
4667,Myotis annamiticus,0,0,0,0,0,0,0,0,0,0,0,1,0,0,0,0
4668,Mus fragilicauda,0,0,0,0,0,0,0,0,0,0,0,0,0,0,0,0
4669,Ctenomys johannis,0,0,0,0,0,0,0,0,0,0,0,0,0,0,0,0
4670,Sorex rohweri,0,0,0,0,0,0,0,0,0,0,0,0,0,0,0,0
4671,Hylaeamys acritus,0,0,0,0,0,0,0,0,0,0,0,0,0,0,0,0
4672,Mesomys occultus,0,0,0,0,0,0,0,0,0,0,0,0,0,0,0,0
4673,Avahi peyrierasi,0,0,0,0,0,0,0,0,0,0,0,0,0,0,0,0
4674,Limnomys bryophilus,0,0,0,0,0,0,0,0,0,0,0,0,0,0,0,0
4675,Punomys kofordi,0,0,0,0,0,0,0,0,0,0,0,0,0,0,0,0
4676,Ctenomys pilarensis,0,0,0,2,0,0,0,0,2,0,0,0,0,0,0,0
4677,Mazama temama,0,0,0,1,0,1,0,0,1,0,1,0,1,0,0,1
4678,Chlorocebus cynosuros,0,0,0,0,0,0,0,0,0,0,0,0,0,0,0,0
4679,Histiotus magellanicus,0,0,0,0,0,0,0,0,0,1,0,1,0,0,0,0
4680,Muntiacus puhoatensis,0,0,0,1,0,0,0,0,1,0,0,1,0,0,0,0
4681,Mico melanurus,0,0,0,1,0,1,0,0,0,0,1,1,1,0,0,0
4682,Ctenomys coyhaiquensis,0,0,0,0,0,0,0,0,0,0,0,0,0,0,0,0
4683,Marmosops bishopi,0,0,0,0,0,0,0,0,0,0,0,0,0,0,0,0
4684,Tragulus kanchil,0,0,0,1,0,0,0,0,1,0,0,1,1,0,0,0
4685,Chodsigoa parva,0,0,0,0,0,0,0,0,0,0,0,0,0,0,0,0
4686,Cryptotis merus,0,0,0,0,0,0,0,0,0,0,0,0,0,0,0,0
4687,Mazama bricenii,0,1,0,1,0,0,0,0,1,1,1,1,1,0,1,0
4688,Abrocoma uspallata,0,0,0,0,0,0,0,0,0,0,0,0,0,0,0,0
4689,Lemmus portenkoi,0,0,0,0,0,0,0,0,0,0,0,0,0,0,0,0
4690,Calomys venustus,0,0,0,0,0,0,0,0,0,0,0,0,0,0,0,0
4691,Trinomys mirapitanga,0,0,0,0,0,0,0,0,0,0,0,1,0,0,0,0
4692,Lasiurus degelidus,0,1,0,0,0,0,0,0,0,0,0,1,1,1,0,0
4693,Ctenomys coludo,0,0,0,0,0,0,0,0,0,0,0,0,0,0,0,0
4694,Rhynchocyon udzungwensis,0,0,0,0,0,1,0,0,0,0,0,0,0,0,0,0
4695,Miniopterus newtoni,0,0,0,0,0,0,0,0,0,0,0,0,0,0,0,0
4696,Lepilemur wrightae,0,0,0,0,0,0,0,0,0,0,0,0,0,0,0,0
4697,Thomasomys praetor,0,0,0,0,0,0,0,0,0,0,0,0,0,0,0,0
4698,Dremomys gularis,0,0,0,0,0,0,0,0,0,0,0,0,0,0,0,0
4699,Orcaella heinsohni,0,2,0,0,0,0,1,0,0,0,0,0,1,0,2,1
4700,Eliurus petteri,0,0,0,0,0,0,0,0,0,0,0,0,0,0,0,0
4701,Platyrrhinus nigellus,0,0,0,0,0,0,0,0,0,0,0,1,1,0,0,0
4702,Tarsius lariang,0,0,0,0,0,0,0,0,0,0,0,0,0,0,0,0
4703,Melomys talaudium,0,0,0,0,0,0,0,0,0,1,0,1,0,0,0,0
4704,Xeronycteris vieirai,0,0,0,1,0,0,0,0,0,0,0,0,0,0,0,0
4705,Zaglossus attenboroughi,0,0,0,1,0,0,0,0,1,0,0,0,1,0,0,0
4706,Peromyscus beatae,0,0,0,0,0,0,0,0,0,0,0,0,0,0,0,0
4707,Paramelomys naso,0,0,0,0,0,0,0,0,0,0,0,0,0,0,0,0
4708,Eliurus ellermani,0,0,0,0,0,0,0,0,0,0,0,0,0,0,0,0
4709,Scarturus williamsi,0,0,0,0,0,0,0,0,0,0,0,0,0,0,0,0
4710,Crocidura jouvenetae,0,0,0,0,0,0,0,0,0,0,0,0,0,0,0,0
4711,Nephelomys meridensis,0,0,0,0,0,0,0,0,0,0,0,0,0,0,0,0
4712,Nesomys lambertoni,0,0,0,0,0,0,0,0,0,0,0,0,0,0,0,0
4713,Aconaemys porteri,0,0,0,0,0,0,0,0,0,0,0,0,0,0,0,0
4714,Alouatta nigerrima,0,0,0,1,0,0,0,0,1,0,1,0,1,0,0,0
4715,Heteromys teleus,0,0,0,0,0,0,0,0,0,0,0,0,0,0,0,0
4716,Abrocoma budini,0,0,0,0,0,0,0,0,0,0,0,0,0,0,0,0
4717,Avahi cleesei,0,0,0,0,0,0,0,0,0,0,0,0,0,0,0,0
4718,Oligoryzomys moojeni,0,0,0,0,0,0,0,0,0,0,0,0,0,0,0,0
4719,Delomys collinus,0,0,0,0,0,0,0,0,0,0,0,0,0,0,0,0
4720,Sorex ixtlanensis,0,0,0,0,0,0,0,0,0,0,0,0,0,0,0,0
4721,Sus oliveri,0,0,0,1,0,0,0,0,1,1,1,1,1,0,0,0
4722,Crocidura watasei,0,0,0,0,0,0,0,0,0,0,0,0,0,0,0,0
4723,Tonkinomys daovantieni,0,0,0,0,0,0,0,0,0,0,0,0,0,0,0,0
4724,Congosorex phillipsorum,0,0,0,1,0,0,0,0,0,0,1,1,0,0,0,0
4725,Erinaceus roumanicus,0,0,0,0,0,0,0,0,0,0,0,0,0,0,0,0
4726,Thomasomys erro,0,0,0,0,0,0,0,0,0,0,0,1,0,0,0,0
4727,Sapajus libidinosus,0,0,0,1,0,0,0,0,1,0,1,1,1,0,0,0
4728,Microcebus danfossi,0,0,0,0,0,0,0,0,0,0,0,0,0,0,0,0
4729,Lonchophylla chocoana,0,0,0,0,0,0,0,0,0,0,0,1,0,0,0,0
4730,Centronycteris centralis,0,0,0,1,0,0,0,0,0,0,0,0,1,0,0,0
4731,Epomophorus anselli,0,0,0,0,0,0,0,0,0,0,0,0,0,0,0,0
4732,Neacomys paracou,0,0,0,0,0,0,0,0,0,0,0,0,0,0,0,0
4733,Microtus majori,0,0,0,0,0,0,0,0,0,0,0,0,0,0,0,0
4734,Thrichomys inermis,0,0,0,0,0,1,0,0,1,0,0,0,0,0,0,0
4735,Dyacopterus brooksi,0,0,0,2,0,2,0,0,0,0,0,2,2,0,0,0
4736,Rhipidomys cariri,0,0,0,0,0,0,0,0,0,0,0,0,0,0,0,0
4737,Oecomys catherinae,0,0,0,1,0,0,0,0,0,0,0,0,1,0,0,0
4738,Melomys paveli,0,0,0,0,0,0,0,0,0,0,0,0,0,0,0,0
4739,Tragulus versicolor,0,0,0,1,0,0,0,0,1,0,0,1,1,0,0,0
4740,Chaetodipus lineatus,0,0,0,0,0,0,0,0,0,0,0,0,0,0,0,0
4741,Apomys camiguinensis,0,0,0,0,0,0,0,0,0,0,0,0,0,0,0,0
4742,Marmosops juninensis,0,0,0,1,0,0,0,0,0,0,0,1,0,0,0,0
4743,Blarinella griselda,0,0,0,0,0,0,0,0,0,0,0,0,0,0,0,0
4744,Sapajus cay,0,0,0,1,0,0,0,0,1,0,1,1,0,0,0,0
4745,Abrocoma famatina,0,0,0,0,0,0,0,0,0,0,0,0,0,0,0,0
4746,Avahi meridionalis,0,0,0,0,0,0,0,0,0,0,0,0,0,0,0,0
4747,Ctenomys pundti,0,0,0,2,0,0,0,0,0,0,0,0,0,0,0,0
4748,Vandeleuria nilagirica,0,0,0,0,0,0,0,0,0,0,0,0,0,0,0,0
4749,Dobsonia anderseni,0,0,0,0,0,0,0,0,0,0,0,0,0,0,0,0
4750,Philander frenatus,0,0,0,0,0,0,0,0,0,0,0,0,0,0,0,0
4751,Lepilemur aeeclis,0,0,0,1,0,0,0,0,0,0,0,0,0,0,0,0
4752,Calomyscus elburzensis,0,0,0,0,0,0,0,0,0,0,0,0,0,0,0,0
4753,Platyrrhinus matapalensis,0,0,0,0,0,0,0,0,0,0,0,0,1,0,0,0
4754,Crocidura trichura,0,0,0,1,0,0,0,0,0,1,0,0,1,0,0,0
4755,Geomys attwateri,0,0,0,0,0,0,0,0,0,0,0,0,0,0,0,0
4756,Nesophontes major,0,0,0,0,0,0,0,0,0,0,0,0,0,0,0,0
4757,Crocidura wuchihensis,0,0,0,0,0,0,0,0,0,0,0,0,0,0,0,0
4758,Hapalemur meridionalis,0,0,0,0,0,0,0,0,0,0,0,0,0,0,0,0
4759,Meles leucurus,0,0,0,0,0,0,0,0,1,0,0,0,0,0,0,0
4760,Nycticeius cubanus,0,1,0,1,0,0,0,0,0,0,0,0,1,0,0,0
4761,Chrotomys sibuyanensis,0,0,0,0,0,0,0,0,0,0,0,0,0,0,0,0
4762,Cryptotis nelsoni,0,0,0,1,0,0,0,0,0,0,1,1,1,0,0,0
4763,Ctenomys osvaldoreigi,0,0,0,0,0,1,0,0,0,0,1,0,0,0,0,0
4764,Microtus schidlovskii,0,0,0,0,0,0,0,0,0,0,0,0,0,0,0,0
4765,Monodelphis reigi,0,0,0,0,0,1,0,0,0,0,0,0,1,0,0,0
4766,Mops jobimena,0,0,0,0,0,0,0,0,0,0,0,0,0,0,0,0
4767,Batomys russatus,0,0,0,0,0,0,0,0,0,0,0,0,0,0,0,0
4768,Didelphis pernigra,0,0,0,0,0,0,0,0,0,0,0,0,0,0,0,0
4769,Cratogeomys perotensis,0,0,0,0,0,0,0,0,0,0,0,0,0,0,0,0
4770,Pteropus cognatus,0,0,0,1,0,0,0,0,1,0,0,1,0,0,0,0
4771,Cryptotis merriami,0,0,0,0,0,0,0,0,0,0,0,0,0,0,0,0
4772,Brachytarsomys villosa,0,0,0,1,0,1,0,0,1,1,0,1,0,0,0,0
4773,Phyllomys lundi,0,0,0,0,0,0,0,0,0,0,0,1,0,0,0,0
4774,Miniopterus sororculus,0,0,0,0,0,0,0,0,0,0,0,0,0,0,0,0
4775,Brucepattersonius guarani,0,0,0,0,0,0,0,0,0,0,0,0,0,0,0,0
4776,Monodelphis ronaldi,0,0,0,0,0,0,0,0,0,0,0,0,0,0,0,0
4777,Trinomys eliasi,0,0,0,0,0,0,0,0,0,0,0,0,0,0,1,0
4778,Murina hilgendorfi,0,0,0,0,0,0,0,0,0,0,0,1,0,0,0,0
4779,Rhinolophus madurensis,0,0,0,0,0,0,0,0,0,0,0,0,0,0,0,0
4780,Myotis rufopictus,0,0,0,1,0,0,0,0,0,0,0,1,1,0,0,0
4781,Peromyscus fraterculus,0,0,0,0,0,0,0,0,0,0,0,0,0,0,0,0
4782,Thomasomys caudivarius,0,0,0,1,0,0,0,0,0,0,0,1,0,0,0,0
4783,Trinomys yonenagae,0,0,0,0,0,0,0,0,0,0,0,0,0,0,0,0
4784,Peromyscus hylocetes,0,0,0,0,0,0,0,0,0,0,0,1,0,0,0,0
4785,Hadromys yunnanensis,0,0,0,0,0,0,0,0,0,0,0,0,0,0,0,0
4786,Leopoldamys milleti,0,0,0,0,0,0,0,0,0,0,0,0,0,0,0,0
4787,Cacajao ayresi,0,0,0,0,0,0,0,0,0,0,0,0,0,0,0,0
4788,Saccopteryx antioquensis,0,0,0,0,0,0,0,0,0,0,1,0,1,0,0,1
4789,Rhipidomys macrurus,0,0,0,0,0,0,0,0,0,0,0,0,0,0,0,0
4790,Cynopterus minutus,0,0,0,0,0,0,0,0,0,0,0,0,0,0,0,0
4791,Micronycteris microtis,0,0,0,0,0,0,0,0,0,0,0,0,0,0,0,0
4792,Oligoryzomys rupestris,0,0,0,0,0,0,0,0,0,0,0,0,0,0,0,0
4793,Sigmodon hirsutus,0,0,0,0,0,0,0,0,0,0,0,0,0,0,0,0
4794,Kerivoula lenis,0,0,0,0,0,0,0,0,0,0,0,0,0,0,0,0
4795,Myotis laniger,0,0,0,0,0,0,0,0,0,0,0,0,0,0,0,0
4796,Melomys arcium,0,0,0,0,0,0,0,0,0,0,0,0,0,0,0,0
4797,Eumops floridanus,0,1,0,0,0,0,0,0,0,0,0,1,1,0,1,0
4798,Avahi ramanantsoavanai,0,0,0,0,0,0,0,0,0,0,0,0,0,0,0,0
4799,Genetta poensis,0,0,0,0,0,0,0,0,0,0,0,0,0,0,0,0
4800,Genetta pardina,0,0,0,0,0,0,0,0,0,0,0,0,0,0,0,0
4801,Cryptotis equatoris,0,0,0,0,0,0,0,0,0,0,0,0,0,0,0,0
4802,Petinomys mindanensis,0,0,0,0,0,0,0,0,0,0,0,0,0,0,0,0
4803,Nyctimene keasti,0,0,0,2,0,0,0,0,0,0,0,0,1,0,0,0
4804,Brucepattersonius soricinus,0,0,0,0,0,0,0,0,0,0,0,0,0,0,0,0
4805,Spilocuscus wilsoni,0,0,0,1,0,0,0,0,1,0,0,1,0,0,0,0
4806,Crocidura caspica,0,0,0,0,0,0,0,0,0,0,0,0,0,0,0,0
4807,Harpiola isodon,0,0,0,0,0,0,0,0,0,0,0,0,0,0,0,0
4808,Babyrousa celebensis,0,0,0,1,0,0,0,0,1,0,0,1,1,1,0,0
4809,Crocidura vosmaeri,0,0,0,0,0,0,0,0,0,0,0,0,0,0,0,0
4810,Natalus espiritosantensis,0,0,0,0,0,0,0,0,1,0,0,0,0,0,0,0
4811,Myoictis leucura,0,0,0,0,0,0,0,0,0,0,0,0,0,0,0,0
4812,Phalanger mimicus,0,0,0,0,0,0,0,0,0,0,0,0,0,0,0,0
4813,Lagostomus crassus,0,0,0,0,0,0,0,0,0,0,0,0,0,0,0,0
4814,Oxymycterus josei,0,0,0,0,0,0,0,0,0,0,0,0,2,0,0,0
4815,Crocidura vorax,0,0,0,0,0,0,0,0,0,0,0,0,0,0,0,0
4816,Spermophilus ralli,0,0,0,0,0,0,0,0,0,0,0,0,0,0,0,0
4817,Cryptoprocta spelea,0,0,0,0,0,0,0,0,0,0,0,0,0,0,0,0
4818,Brucepattersonius misionensis,0,0,0,0,0,0,0,0,0,0,0,0,0,0,0,0
4819,Microcebus jollyae,0,0,0,0,0,0,0,0,0,0,0,0,0,0,0,0
4820,Proedromys liangshanensis,0,0,0,0,0,0,0,0,0,0,0,0,0,0,0,0
4821,Meriones grandis,0,0,0,0,0,0,0,0,0,0,0,0,0,0,0,0
4822,Funisciurus duchaillui,0,0,0,0,0,0,0,0,0,0,0,0,0,0,0,0
4823,Cryptotis obscura,0,0,0,0,0,0,0,0,0,0,0,0,0,0,0,0
4824,Petrogale purpureicollis,0,0,0,0,0,2,0,0,0,2,1,0,0,0,0,0
4825,Ctenomys flamarioni,0,0,0,0,0,0,0,0,0,0,0,0,2,0,0,2
4826,Myzopoda schliemanni,0,0,0,0,0,0,0,0,0,0,0,0,0,0,0,0
4827,Cuscomys ashaninka,0,0,0,0,0,0,0,0,0,0,0,0,0,0,0,0
4828,Melomys cooperae,0,0,0,0,0,0,0,0,0,0,0,0,1,0,0,0
4829,Microakodontomys transitorius,0,0,0,1,0,0,0,0,0,0,1,0,1,1,0,0
4830,Eliomys munbyanus,0,0,0,0,0,0,0,0,0,0,0,0,0,0,0,0
4831,Uromys emmae,0,0,0,1,0,0,0,0,0,0,0,1,0,0,0,0
4832,Acomys dimidiatus,0,0,0,0,0,0,0,0,0,0,0,0,0,0,0,0
4833,Babyrousa togeanensis,0,0,0,1,0,1,0,0,1,0,0,1,0,0,0,1
4834,Laonastes aenigmamus,0,0,0,0,0,0,0,0,1,0,0,1,1,0,0,0
4835,Nesomys audeberti,0,0,0,0,0,0,0,0,0,0,0,0,0,0,0,0
4836,Hydromys ziegleri,0,0,0,0,0,0,0,0,0,0,0,0,0,0,0,0
4837,Hipposideros rotalis,0,0,0,0,0,0,0,0,0,0,0,0,0,0,0,0
4838,Hipposideros grandis,0,0,0,0,0,0,0,0,0,0,0,0,0,0,0,0
4839,Muntiacus putaoensis,0,0,0,1,0,0,0,0,1,0,0,0,0,0,0,0
4840,Thomasomys macrotis,0,0,0,0,0,0,0,0,0,0,0,0,0,0,0,0
4841,Necromys lenguarum,0,0,0,0,0,0,0,0,0,0,0,0,0,0,0,0
4842,Melomys howi,0,0,0,0,0,0,0,0,0,0,0,1,0,0,0,0
4843,Akodon paranaensis,0,0,0,0,0,0,0,0,0,0,0,0,0,0,0,0
4844,Aepeomys reigi,0,0,0,1,0,0,0,0,0,0,0,0,0,0,0,0
4845,Coendou pruinosus,0,0,0,0,0,0,0,0,0,0,0,1,0,0,0,0
4846,Alouatta arctoidea,0,0,0,1,0,0,0,0,1,0,1,0,0,0,0,0
4847,Thomasomys ucucha,0,0,0,0,0,0,0,0,0,0,0,0,0,0,0,0
4848,Cryptotis mayensis,0,0,0,0,0,0,0,0,0,0,0,0,0,0,0,0
4849,Rhynchomys tapulao,0,0,0,0,0,0,0,0,0,0,0,0,0,0,0,0
4850,Spermophilus brevicauda,0,0,0,0,0,0,0,0,0,0,0,0,0,0,0,0
4851,Lepilemur jamesorum,0,0,0,0,0,0,0,0,0,0,0,0,0,0,0,0
4852,Trinomys paratus,0,0,0,0,0,0,0,0,0,0,0,0,0,0,0,0
4853,Uromys siebersi,0,0,0,0,0,0,0,0,0,0,0,0,0,0,0,0
4854,Sturnira oporaphilum,0,0,0,1,0,0,0,0,0,0,0,1,0,0,0,0
4855,Myotis nipalensis,0,0,0,0,0,0,0,0,0,0,0,0,0,0,0,0
4856,Rhinolophus robinsoni,0,0,0,0,0,0,0,0,0,0,0,0,0,0,0,0
4857,Manis culionensis,0,0,0,1,0,0,0,0,2,0,0,0,0,0,0,0
4858,Microtus liechtensteini,0,0,0,0,0,0,0,0,0,0,0,0,0,0,0,0
4859,Ctenomys fochi,0,0,0,0,0,0,0,0,0,0,0,0,0,0,0,0
4860,Presbytis natunae,0,0,0,1,0,0,0,0,1,0,0,1,0,0,0,0
4861,Philander mcilhennyi,0,0,0,0,0,0,0,0,0,0,0,0,0,0,0,0
4862,Histiotus laephotis,0,0,0,0,0,0,0,0,0,0,0,1,0,0,0,0
4863,Plecotus sardus,0,3,0,0,0,3,0,0,0,0,0,0,0,0,0,1
4864,Pteropus aruensis,0,0,0,0,0,0,0,0,0,0,0,0,0,0,0,0
4865,Dermanura rosenbergi,0,0,0,0,0,0,0,0,0,0,0,1,0,0,0,0
4866,Eothenomys cachinus,0,0,0,0,0,0,0,0,0,0,0,1,0,0,0,0
4867,Marmosa quichua,0,0,0,0,0,0,0,0,0,0,0,0,0,0,0,0
4868,Petrogale mareeba,0,0,0,0,0,2,0,0,0,1,1,0,0,0,0,0
4869,Macrotarsomys petteri,0,0,0,0,0,0,0,0,0,0,0,0,0,0,0,0
4870,Cerradomys marinhus,0,0,0,1,0,0,0,0,0,0,1,0,0,0,0,0
4871,Niviventer cameroni,0,0,0,1,0,0,0,0,0,1,0,1,1,0,0,0
4872,Steatomys opimus,0,0,0,0,0,0,0,0,0,0,0,0,0,0,0,0
4873,Xenothrix mcgregori,0,0,0,0,0,0,0,0,0,0,0,0,0,0,0,0
4874,Monodelphis palliolata,0,0,0,0,0,0,0,0,0,0,0,0,0,0,0,0
4875,Rattus satarae,0,0,0,0,0,0,0,0,0,0,0,0,0,0,0,0
4876,Coendou roosmalenorum,0,0,0,0,0,0,0,0,0,0,0,0,0,0,0,0
4877,Notopteris neocaledonicus,0,0,0,0,0,0,0,0,1,1,0,1,1,0,0,1
4878,Cavia intermedia,0,0,0,0,0,0,0,0,1,0,0,0,0,0,0,1
4879,Rhagomys longilingua,0,0,0,0,0,0,0,0,0,0,0,0,0,0,0,0
4880,Melomys matambuai,0,0,0,1,0,0,0,0,0,0,0,0,1,0,0,0
4881,Pseudohydromys germani,0,0,0,0,0,0,0,0,0,0,0,0,0,0,0,0
4882,Eptesicus chiriquinus,0,0,0,1,0,0,0,0,0,0,1,1,0,0,0,0
4883,Abrocoma shistacea,0,0,0,0,0,0,0,0,0,0,0,0,0,0,0,0
4884,Rattus arfakiensis,0,0,0,0,0,0,0,0,0,0,0,0,0,0,0,0
4885,Cricetulus tibetanus,0,0,0,0,0,0,0,0,0,0,0,0,0,0,0,0
4886,Pteropus keyensis,0,0,0,0,0,0,0,0,0,0,0,0,0,0,0,0
4887,Hylaeamys perenensis,0,0,0,0,0,0,0,0,0,0,0,0,0,0,0,0
4888,Oligoryzomys brendae,0,0,0,0,0,0,0,0,0,0,0,0,0,0,0,0
4889,Pteropus ualanus,0,3,0,1,0,0,0,0,0,2,0,1,1,0,0,0
4890,Palaeopropithecus ingens,0,0,0,0,0,0,0,0,0,0,0,0,0,0,0,0
4891,Tragulus williamsoni,0,0,0,1,0,0,0,0,1,0,0,1,0,0,0,0
4892,Styloctenium mindorensis,0,0,0,1,0,0,0,0,1,0,0,0,0,1,0,0
4893,Microtus dogramacii,0,0,0,0,0,0,0,0,0,0,0,0,0,0,0,0
4894,Microtus brachycercus,0,0,0,0,0,0,0,0,0,0,0,0,0,0,0,0
4895,Microcebus bongolavensis,0,0,0,0,0,0,0,0,0,0,0,0,0,0,0,0
4896,Microperoryctes aplini,0,0,0,0,0,0,0,0,0,0,0,0,0,0,0,0
4897,Monticolomys koopmani,0,0,0,0,0,0,0,0,0,0,0,0,0,0,0,0
4898,Oryzomys antillarum,0,0,0,0,0,0,0,0,0,0,0,0,0,0,0,0
4899,Aethalops aequalis,0,0,0,0,0,0,0,0,0,0,0,0,0,0,0,0
4900,Sorex yukonicus,0,0,0,0,0,0,0,0,0,0,0,0,0,0,0,0
4901,Trinomys moojeni,0,0,0,0,0,0,0,0,0,0,0,0,0,0,0,0
4902,Cryptonanus agricolai,0,0,0,0,0,0,0,0,0,0,0,0,0,0,0,0
4903,Abrocoma vaccarum,0,0,0,0,0,0,0,0,0,0,0,0,0,0,0,0
4904,Chacodelphys formosa,0,0,0,1,0,0,0,0,0,0,1,1,0,0,0,0
4905,Natalus major,0,0,0,0,0,0,0,0,0,0,0,0,1,0,0,1
4906,Scapteromys aquaticus,0,0,0,0,0,0,0,0,0,0,0,0,0,0,0,0
4907,Cryptotis peregrina,0,0,0,0,0,0,0,0,0,0,0,0,0,0,0,0
4908,Muntiacus vaginalis,0,0,0,1,0,0,0,0,1,0,1,1,1,0,0,0
4909,Zaglossus bartoni,0,0,0,1,0,0,0,0,1,0,0,0,0,0,0,0
4910,Myotis aurascens,0,0,0,0,0,0,0,0,0,0,0,0,0,0,0,0
4911,Neodon forresti,0,0,0,0,0,0,0,0,0,0,0,0,0,0,0,0
4912,Antechinus adustus,0,0,0,0,0,0,0,0,1,0,0,0,0,0,0,0
4913,Ctenomys juris,0,0,0,0,0,0,0,0,0,0,0,0,0,0,0,0
4914,Tympanoctomys aureus,0,0,0,1,0,0,0,0,0,0,0,0,0,0,0,0
4915,Sigmodon toltecus,0,0,0,0,0,0,0,0,0,0,0,0,0,0,0,0
4916,Hypsugo alaschanicus,0,0,0,0,0,0,0,0,0,0,0,0,0,0,0,0
4917,Mimon cozumelae,0,0,0,0,0,0,0,0,0,0,0,0,0,0,0,0
4918,Nycticeius aenobarbus,0,0,0,0,0,0,0,0,0,0,0,0,0,0,0,0
4919,Juliomys rimofrons,0,0,0,0,0,0,0,0,0,0,0,0,0,0,0,0
4920,Otomops madagascariensis,0,0,0,0,0,0,0,0,0,0,0,0,0,0,0,0
4921,Microtus qazvinensis,0,1,0,0,0,0,0,0,0,0,0,0,0,0,0,0
4922,Hipposideros boeadii,0,0,0,0,0,0,0,0,0,0,0,0,0,0,0,0
4923,Ctenomys lami,0,0,0,1,0,0,0,0,0,0,0,0,1,1,0,0
4924,Ctenomys scagliai,0,0,0,0,0,0,0,0,0,0,0,0,0,0,0,0
4925,Macaca munzala,0,0,0,0,0,0,0,0,1,0,0,0,0,0,0,0
4926,Neacomys minutus,0,0,0,0,0,0,0,0,0,0,0,0,0,0,0,0
4927,Dobsonia crenulata,0,0,0,0,0,0,0,0,0,0,0,0,0,0,0,0
4928,Kerivoula krauensis,0,0,0,2,0,2,0,0,0,0,0,2,0,2,0,0
4929,Marmosops pinheiroi,0,0,0,0,0,0,0,0,0,0,0,0,0,0,0,0
4930,Prosciurillus rosenbergii,0,0,0,1,0,0,0,0,0,0,0,0,0,0,0,0
4931,Thomasomys onkiro,0,0,0,0,0,0,0,0,0,0,0,0,0,0,0,0
4932,Peromyscus schmidlyi,0,0,0,0,0,0,0,0,0,0,0,0,0,0,0,0
4933,Platyrrhinus masu,0,0,0,1,0,0,0,0,0,0,0,0,1,0,0,0
4934,Crocidura foetida,0,0,0,0,0,0,0,0,0,0,0,0,0,0,0,0
4935,Miniopterus macrocneme,0,0,0,1,0,0,0,0,1,0,0,0,1,1,0,1
4936,Rattus blangorum,0,0,0,0,0,0,0,0,0,0,0,0,0,0,0,0
4937,Spalax uralensis,0,0,0,0,0,0,0,0,0,0,0,0,0,0,0,0
4938,Habromys ixtlani,0,0,0,0,0,0,0,0,0,0,0,1,0,0,0,0
4939,Reithrodon typicus,0,0,0,0,0,0,0,0,0,0,0,0,0,0,0,0
4940,Moschiola indica,0,0,0,1,0,0,0,0,1,0,0,1,1,1,0,0
4941,Hipposideros scutinares,0,0,0,0,0,0,0,0,1,0,0,1,0,0,0,1
4942,Pteralopex flanneryi,0,0,0,0,0,0,0,0,1,0,0,1,0,0,0,0
4943,Ctenomys famosus,0,0,0,0,0,0,0,0,0,0,0,0,0,0,0,0
4944,Anourosorex schmidi,0,0,0,0,0,0,0,0,0,0,0,0,0,0,0,0
4945,Spermophilus taurensis,0,0,0,0,0,0,0,0,0,0,0,0,0,0,0,0
4946,Sturnira mistratensis,0,0,0,0,0,0,0,0,0,0,0,0,0,0,0,0
4947,Didelphis imperfecta,0,0,0,0,0,0,0,0,0,0,0,0,0,0,0,0
4948,Rousettus linduensis,0,0,0,0,0,0,0,0,0,0,0,0,0,0,0,0
4949,Thyroptera devivoi,0,0,0,1,0,0,0,0,0,0,1,0,0,0,0,0
4950,Crocidura hikmiya,0,0,0,0,0,0,0,0,0,0,0,0,0,0,0,0
4951,Coendou ichillus,0,0,0,0,0,0,0,0,0,0,0,0,0,0,0,0
4952,Plecotus ognevi,0,0,0,0,0,0,0,0,0,0,0,0,0,0,0,0
4953,Dendrohyrax validus,0,0,0,0,0,0,0,0,2,0,0,1,0,0,0,0
4954,Hipposideros pelingensis,0,0,0,0,0,0,0,0,0,0,0,0,2,0,0,0
4955,Ctenomys fodax,0,0,0,0,0,0,0,0,0,0,0,0,0,0,0,0
4956,Crocidura virgata,0,0,0,0,0,0,0,0,0,0,0,0,0,0,0,0
4957,Neofelis diardi,0,0,0,1,0,0,0,0,1,0,1,1,1,1,0,0
4958,Melomys bannisteri,0,0,0,0,0,0,0,0,0,0,0,0,0,0,0,0
4959,Chaetodipus eremicus,0,0,0,0,0,0,0,0,0,0,0,0,0,0,0,0
4960,Ctenomys goodfellowi,0,0,0,0,0,0,0,0,0,0,0,0,0,0,0,0
4961,Sorex neomexicanus,0,0,0,0,0,0,0,0,0,0,0,0,0,0,0,0
4962,Lepilemur milanoii,0,0,0,0,0,0,0,0,0,0,0,0,0,0,0,0
4963,Pteronotus paraguanensis,0,0,0,0,0,0,0,0,1,0,0,0,0,0,0,1
4964,Cynomops mexicanus,0,0,0,0,0,0,0,0,0,0,0,0,0,0,0,0
4965,Scotophilus collinus,0,0,0,0,0,0,0,0,0,0,0,0,0,0,0,0
4966,Oxymycterus quaestor,0,0,0,0,0,0,0,0,0,0,0,0,0,0,0,0
4967,Cercocebus agilis,0,2,1,2,0,0,0,0,2,0,1,1,2,0,0,0
4968,Habromys schmidlyi,0,0,0,0,0,0,0,0,0,0,0,1,0,0,0,0
4969,Soricomys kalinga,0,0,0,0,0,0,0,0,0,0,0,0,0,0,0,0
4970,Lophuromys eisentrauti,0,0,0,0,0,0,0,0,0,0,0,0,0,0,0,0
4971,Pseudantechinus roryi,0,0,0,0,0,0,0,0,0,0,0,0,0,0,0,0
4972,Pedetes surdaster,0,0,0,0,0,0,0,0,0,0,0,0,0,0,0,0
4973,Balaenoptera omurai,0,0,0,0,0,0,0,0,0,0,0,0,0,0,0,0
4974,Oecomys auyantepui,0,0,0,0,0,0,0,0,0,0,0,0,0,0,0,0
4975,Steatomys bocagei,0,0,0,0,0,0,0,0,0,0,0,0,0,0,0,0
4976,Thylamys venustus,0,0,0,0,0,0,0,0,0,0,0,0,0,0,0,0
4977,Lasiurus minor,0,1,0,0,0,0,0,0,0,0,0,0,1,0,0,0
4978,Microgale jobihely,0,0,0,0,0,0,0,0,0,0,0,0,0,0,0,0
4979,Phyllotis limatus,0,0,0,0,0,0,0,0,0,0,0,0,0,0,0,0
4980,Dipodomys simulans,0,0,0,0,0,0,0,0,0,0,0,0,0,0,0,0
4981,Rhinolophus shortridgei,0,0,0,0,0,0,0,0,0,0,0,0,0,0,0,0
4982,Rattus pococki,0,0,0,0,0,0,0,0,0,0,0,0,0,0,0,0
4983,Ctenomys roigi,0,0,0,0,0,0,0,0,0,0,1,0,0,0,0,0
4984,Crocidura katinka,0,0,0,0,0,0,0,0,0,0,0,0,0,0,0,0
4985,Ctenomys rionegrensis,0,0,0,0,0,0,0,0,0,0,0,0,0,1,0,0
4986,Spilogale angustifrons,0,0,0,0,0,0,0,0,0,0,0,0,0,0,0,0
4987,Microcebus griseorufus,0,0,0,1,0,0,0,0,0,0,0,1,0,0,0,0
4988,Heteromys oasicus,0,0,0,0,0,0,0,0,0,0,0,0,0,0,0,0
4989,Cryptotis phillipsii,0,0,0,0,0,0,0,0,0,0,0,0,0,0,0,0
4990,Cacajao hosomi,0,0,0,0,0,0,0,0,1,0,0,0,0,0,0,0
4991,Mus cypriacus,0,0,0,0,0,0,0,0,0,0,0,0,0,0,0,0
4992,Sommeromys macrorhinos,0,0,0,0,0,0,0,0,0,0,0,0,0,0,0,0
4993,Moschus anhuiensis,0,0,0,1,0,0,0,0,1,0,0,1,1,0,0,0
4994,Rhinolophus formosae,0,0,0,1,0,0,0,0,0,0,0,1,1,0,0,0
4995,Lepilemur sahamalaza,0,0,0,0,0,0,0,0,0,0,0,0,0,0,0,0
4996,Pipistrellus raceyi,0,0,0,0,0,0,0,0,0,0,0,0,0,0,0,0
4997,Cratogeomys goldmani,0,0,0,0,0,0,0,0,0,0,0,0,0,0,0,0
4998,Alticola olchonensis,0,0,0,0,0,0,0,0,0,0,0,0,1,0,0,0
4999,Pipistrellus pygmaeus,0,0,0,0,0,0,0,0,0,0,0,0,0,0,0,0
5000,Myotis occultus,0,0,0,0,0,0,0,0,1,0,0,0,0,0,1,1
5001,Rhinolophus siamensis,0,0,0,1,0,0,0,0,1,0,0,0,1,0,0,1
5002,Echimys vieirai,0,0,0,0,0,0,0,0,0,0,0,0,0,0,0,0
5003,Thylamys karimii,0,0,0,0,0,0,0,0,0,0,0,0,0,0,0,0
5004,Taeromys microbullatus,0,0,0,0,0,0,0,0,0,0,0,0,0,0,0,0
5005,Neacomys musseri,0,0,0,0,0,0,0,0,0,0,0,0,0,0,0,0
5006,Sorex mediopua,0,0,0,0,0,0,0,0,0,0,0,0,0,0,0,0
5007,Megaoryzomys curioi,0,0,0,0,0,0,0,0,0,0,0,0,0,0,0,0
5008,Cuscomys oblativa,0,0,0,0,0,0,0,0,0,0,0,0,0,0,0,0
5009,Leptonycteris yerbabuenae,0,0,0,0,0,0,0,0,1,0,0,0,1,0,0,1
5010,Pogonomelomys brassi,0,0,0,0,0,0,0,0,0,0,0,0,0,0,0,0
5011,Lepilemur betsileo,0,0,0,0,0,0,0,0,0,0,0,0,0,0,0,0
5012,Myoprocta pratti,0,0,0,0,0,0,0,0,1,0,0,0,0,0,0,0
5013,Plecotus sacrimontis,0,0,0,0,0,0,0,0,0,0,0,0,0,0,0,0
5014,Necromys benefactus,0,0,0,0,0,0,0,0,0,0,0,0,0,0,0,0
5015,Notiosorex cockrumi,0,0,0,0,0,0,0,0,0,0,0,0,0,0,0,0
5016,Thomasomys apeco,0,0,0,0,0,0,0,0,0,0,0,0,0,0,0,0
5017,Dendrolagus mayri,0,0,0,0,0,0,0,0,1,0,0,0,0,0,0,0
5018,Vampyressa thyone,0,0,0,0,0,0,0,0,0,0,0,0,0,0,0,0
5019,Brucepattersonius igniventris,0,0,0,0,0,0,0,0,0,0,0,0,0,0,0,0
5020,Melomys fulgens,0,0,0,0,0,0,0,0,0,1,0,1,0,0,0,0
5021,Phyllotis anitae,0,0,0,0,0,0,0,0,0,0,0,0,0,0,0,0
5022,Scotophilus tandrefana,0,0,0,0,0,0,0,0,0,0,0,0,0,0,0,0
5023,Akodon pervalens,0,0,0,0,0,0,0,0,0,0,0,0,0,0,0,0
5024,Lepilemur petteri,0,0,0,0,0,0,0,0,0,0,0,0,0,0,0,0
5025,Myotis dieteri,0,0,0,0,0,0,0,0,0,0,0,0,0,0,0,0
5026,Calomys tocantinsi,0,0,0,0,0,0,0,0,0,0,0,0,0,0,0,0
5027,Myotis alcathoe,0,0,0,0,0,0,0,0,0,0,0,0,0,0,0,0
5028,Ctenomys yolandae,0,0,0,0,0,0,0,0,0,0,0,0,0,0,0,0
5029,Phyllomys kerri,0,0,0,0,0,0,0,0,0,0,0,1,0,0,0,0
5030,Habromys delicatulus,0,0,0,0,0,0,0,0,0,0,0,1,0,0,0,0
5031,Mirza zaza,0,0,0,0,0,0,0,0,0,0,0,0,0,0,0,0
5032,Pteropus rennelli,0,0,0,1,0,0,0,0,1,0,0,1,1,0,0,0
5033,Bdeogale omnivora,0,0,0,0,0,0,0,0,0,0,0,2,0,1,0,0
5034,Ctenomys bergi,0,0,0,2,0,0,0,0,0,0,2,0,0,0,0,0
5035,Notiosorex villai,0,0,0,0,0,0,0,0,0,0,0,0,0,0,0,0
5036,Calomys expulsus,0,0,0,0,0,0,0,0,0,0,0,0,0,0,0,0
5037,Lasiurus varius,0,0,0,0,0,0,0,0,0,0,0,0,1,0,0,0
5038,Leopoldamys ciliatus,0,0,0,0,0,0,0,0,0,0,0,0,0,0,0,0
5039,Noronhomys vespuccii,0,0,0,0,0,0,0,0,0,0,0,0,0,0,0,0
5040,Akodon reigi,0,0,0,0,0,0,0,0,0,0,0,0,0,0,0,0
5041,Tokudaia tokunoshimensis,0,0,0,0,0,0,0,0,0,1,0,1,0,0,0,0
5042,Dendrolagus pulcherrimus,0,0,0,1,0,0,0,0,1,0,0,0,0,0,0,0
5043,Myotis macropus,0,0,0,0,0,0,0,0,0,0,0,0,0,0,0,0
5044,Sorex orizabae,0,0,0,0,0,0,0,0,0,0,0,0,0,0,0,0
5045,Pseudochirulus larvatus,0,0,0,0,0,0,0,0,0,0,0,0,0,0,0,0
5046,Rattus salocco,0,0,0,0,0,0,0,0,0,0,0,0,0,0,0,0
5047,Paramelomys gressitti,0,0,0,0,0,0,0,0,0,0,0,0,0,0,0,0
5048,Coendou quichua,0,0,0,1,0,0,0,0,0,0,0,1,0,0,0,0
5049,Gerbillus percivali,0,0,0,0,0,0,0,0,0,0,0,0,0,0,0,0
5050,Phyllomys medius,0,0,0,0,0,0,0,0,0,0,0,1,0,0,0,0
5051,Cryptonanus guahybae,0,0,0,1,0,0,0,0,0,0,0,1,0,0,0,0
5052,Lonchophylla concava,0,0,0,0,0,0,0,0,0,0,0,0,0,0,0,0
5053,Lepilemur seali,0,0,0,0,0,0,0,0,0,0,0,0,0,0,0,0
5054,Mazama nemorivaga,0,0,0,1,1,0,0,0,1,1,1,1,1,0,0,0
5055,Lepilemur tymerlachsoni,0,0,0,0,0,0,0,0,0,0,0,0,0,0,0,0
5056,Peromyscus sagax,0,0,0,0,0,0,0,0,0,0,2,0,0,0,0,0
5057,Crocidura musseri,0,0,0,0,0,0,0,0,0,0,0,0,0,0,0,0
5058,Lemmus trimucronatus,0,0,0,0,0,0,0,0,0,0,0,0,0,0,0,0
5059,Pronolagus saundersiae,0,0,0,2,0,0,0,0,3,0,2,0,1,0,0,0
5060,Tympanoctomys loschalchalerosorum,0,0,0,1,0,0,0,0,0,0,0,0,0,0,0,0
5061,Melomys caurinus,0,0,0,0,0,0,0,0,0,1,0,1,0,0,0,0
5062,Tadarida insignis,0,0,0,0,0,0,0,0,0,0,0,0,0,0,0,0
5063,Sapajus nigritus,0,0,0,1,0,0,0,0,1,0,1,1,1,1,0,0
5064,Paramelomys steini,0,0,0,0,0,0,0,0,0,0,0,0,0,0,0,0
5065,Melomys frigicola,0,0,0,0,0,0,0,0,0,0,0,0,0,0,0,0
5066,Bos primigenius,0,0,0,0,0,0,0,0,0,0,0,0,0,0,0,0
5067,Crocidura ramona,0,0,0,0,0,0,0,0,0,0,0,0,0,0,0,0
5068,Amphinectomys savamis,0,0,0,0,0,0,0,0,0,0,0,0,0,0,0,0
5069,Rhynchomys banahao,0,0,0,0,0,0,0,0,0,0,0,0,0,0,0,0
5070,Oxymycterus caparoae,0,0,0,0,0,0,0,0,0,0,0,0,0,0,0,0
5071,Crocidura baluensis,0,0,0,0,0,0,0,0,0,0,0,0,0,0,0,0
5072,Neacomys dubosti,0,0,0,0,0,0,0,0,0,0,0,0,0,0,0,0
5073,Oligoryzomys fornesi,0,0,0,1,0,0,0,0,0,0,0,0,0,0,0,0
5074,Rattus arrogans,0,0,0,0,0,0,0,0,0,0,0,0,0,0,0,0
5075,Lepilemur ankaranensis,0,0,0,0,0,0,0,0,0,0,0,0,0,0,0,0
5076,Dendrolagus notatus,0,0,0,1,0,0,0,0,1,0,0,1,0,0,0,0
5077,Crocidura indochinensis,0,0,0,0,0,0,0,0,0,0,0,0,0,0,0,0
5078,Cryptotis peruviensis,0,0,0,0,0,0,0,0,0,0,0,0,0,0,0,0
5079,Lonchophylla orcesi,0,0,0,0,0,0,0,0,0,0,0,0,0,0,0,0
5080,Cryptotis brachyonyx,0,0,0,0,0,0,0,0,0,0,0,0,0,0,0,0
5081,Calomys fecundus,0,0,0,0,0,0,0,0,0,0,0,0,0,0,0,0
5082,Coendou melanurus,0,0,0,0,0,0,0,0,0,0,0,0,0,0,0,0
5083,Hipposideros inornatus,0,1,0,0,0,1,0,0,0,0,0,0,0,0,0,1
5084,Pipistrellus hesperidus,0,0,0,0,0,0,0,0,0,0,0,0,0,0,0,0
5085,Crocidura brunnea,0,0,0,0,0,0,0,0,0,0,0,0,0,0,0,0
5086,Caenolestes condorensis,0,0,0,1,0,0,0,0,0,0,0,0,0,0,0,0
5087,Wiedomys cerradensis,0,0,0,0,0,0,0,0,0,0,0,0,0,0,0,0
5088,Cricetulus lama,0,0,0,0,0,0,0,0,0,0,0,0,0,0,0,0
5089,Niviventer fraternus,0,0,0,1,0,0,0,0,0,1,0,1,1,0,0,0
5090,Cryptonanus unduaviensis,0,0,0,0,0,0,0,0,0,0,0,0,0,0,0,0
5091,Moschus cupreus,0,0,0,0,0,0,0,0,1,0,0,0,0,0,0,0
5092,Isothrix negrensis,0,0,0,0,0,0,0,0,0,0,0,0,0,0,0,0
5093,Miniopterus griveaudi,0,0,0,0,0,0,0,0,0,0,0,0,0,0,0,0
5094,Akodon philipmyersi,0,0,0,0,0,0,0,0,0,0,0,0,0,0,0,0
5095,Lasiurus insularis,0,0,0,0,0,0,0,0,0,0,0,0,1,0,0,0
5096,Antechinus subtropicus,0,0,0,0,0,0,0,0,0,0,0,0,0,0,0,0
5097,Nectomys apicalis,0,0,0,0,0,0,0,0,0,0,0,0,0,0,0,0
5098,Cryptotis tropicalis,0,0,0,0,0,0,0,0,0,0,0,0,0,0,0,0
5099,Ctenomys viperinus,0,0,0,0,0,0,0,0,0,0,0,0,0,0,0,0
5100,Rhipidomys gardneri,0,0,0,0,0,0,0,0,0,0,0,0,0,0,0,0
5101,Chodsigoa sodalis,0,0,0,0,0,0,0,0,0,0,0,0,0,0,0,0
5102,Lepilemur hubbardorum,0,1,0,0,0,1,0,0,0,0,0,1,1,0,0,0
5103,Thomasomys hudsoni,0,0,0,0,0,0,0,0,0,0,0,0,0,0,0,0
5104,Pogonomys fergussoniensis,0,0,0,1,0,0,0,0,0,0,0,0,0,0,0,0
5105,Melomys lutillus,0,0,0,0,0,0,0,0,0,0,0,0,0,0,0,0
5106,Nyctalus furvus,0,0,0,2,0,0,0,0,0,0,0,1,2,1,0,0
5107,Arvicola scherman,0,0,0,0,0,0,0,0,0,0,0,0,0,0,0,0
5108,Avahi betsileo,0,0,0,0,0,0,0,0,0,0,0,0,0,0,0,0
5109,Eonycteris robusta,0,0,0,2,0,0,0,0,2,0,1,0,2,1,0,2
5110,Pipistrellus murrayi,0,0,0,0,0,0,0,0,0,0,0,0,0,0,0,0
5111,Myotis moluccarum,0,0,0,0,0,0,0,0,0,0,0,0,0,0,0,0
5112,Lepilemur grewcockorum,0,0,0,0,0,0,0,0,0,0,0,0,0,0,0,0
5113,Tapecomys primus,0,0,0,0,0,0,0,0,0,0,0,0,0,0,0,0
5114,Uromys boeadii,0,0,0,1,0,0,0,0,1,0,0,1,0,0,0,0
5115,Scotophilus marovaza,0,0,0,0,0,0,0,0,0,0,0,0,0,0,0,0
5116,Chibchanomys orcesi,0,0,0,0,0,0,0,0,0,0,0,0,0,0,0,0
5117,Harpyionycteris celebensis,0,0,0,2,0,0,0,0,1,0,0,0,0,0,0,0
5118,Natalus primus,0,1,0,0,0,0,0,1,0,0,0,0,0,0,0,1
5119,Sturnira sorianoi,0,0,0,0,0,0,0,0,0,0,0,0,0,0,0,0
5120,Sorex maritimensis,0,1,0,1,0,0,0,0,0,0,0,0,0,0,0,0
5121,Cryptotis tamensis,0,0,0,0,0,0,0,0,0,0,0,0,0,0,0,0
5122,Crocidura hutanis,0,0,0,0,0,0,0,0,0,0,0,0,0,0,0,0
5123,Carollia manu,0,0,0,1,0,0,0,0,0,0,0,0,0,0,0,0
5124,Crocidura rapax,0,0,0,0,0,0,0,0,0,0,0,0,0,0,0,0
5125,Myotis melanorhinus,0,0,0,0,0,0,0,0,0,0,0,0,0,0,0,0
5126,Rattus omichlodes,0,0,0,0,0,0,0,0,0,0,0,0,0,0,0,0
5127,Crocidura negligens,0,0,0,0,0,0,0,0,0,0,0,0,0,0,0,0
5128,Alouatta puruensis,0,0,0,1,0,0,0,0,1,0,1,1,1,0,0,0
5129,Cryptotis alticola,0,0,0,0,0,0,0,0,0,0,0,0,0,0,0,0
5130,Peropteryx trinitatis,0,0,0,0,0,0,0,0,0,0,0,0,0,0,0,0
5131,Rungwecebus kipunji,0,2,0,1,0,0,0,0,2,0,0,1,1,0,0,0
5132,Crocidura lepidura,0,0,0,0,0,0,0,0,0,0,0,0,0,0,0,0
5133,Neotoma leucodon,0,0,0,0,0,0,0,0,0,0,0,0,0,0,0,0
5134,Cryptotis colombiana,0,0,0,0,0,0,0,0,0,0,0,0,0,0,0,0
5135,Lepilemur otto,0,0,0,0,0,0,0,0,0,0,0,0,0,0,0,0
5136,Spilogale gracilis,0,0,0,0,0,0,0,0,1,0,0,0,1,0,0,0
5137,Cynopterus luzoniensis,0,0,0,0,0,0,0,0,0,0,0,0,0,0,0,0
5138,Moschiola kathygre,0,0,0,1,0,0,0,0,1,0,0,0,0,0,0,0
5139,Phyllomys pattoni,0,0,0,0,0,0,0,0,0,0,0,1,0,0,0,0
5140,Anourosorex assamensis,0,0,0,0,0,0,0,0,0,0,0,0,0,0,0,0
5141,Marmosops creightoni,0,0,0,0,0,0,0,0,0,0,0,0,0,0,0,0
5142,Mico rondoni,0,0,0,1,1,0,0,0,0,0,1,1,1,0,0,0
5143,Bettongia pusilla,0,0,0,0,0,0,0,0,0,0,0,0,0,0,0,0
5144,Saxatilomys paulinae,0,0,0,0,0,0,0,0,0,0,0,0,0,0,0,0
5145,Nyctophilus nebulosus,0,0,0,0,0,1,0,0,0,0,0,0,2,1,0,1
5146,Pseudomys calabyi,0,0,0,0,0,2,0,0,0,3,0,0,0,0,0,0
5147,Eumops trumbulli,0,0,0,0,0,0,0,0,0,0,0,0,0,0,0,0
5148,Rhogeessa aeneus,0,0,0,0,0,0,0,0,0,0,0,0,0,0,0,0
5149,Sorex veraecrucis,0,0,0,0,0,0,0,0,0,0,0,0,0,0,0,0
5150,Dendrolagus stellarum,0,0,0,0,0,1,0,0,1,0,0,0,0,0,0,0
5151,Oxymycterus dasytrichus,0,0,0,0,0,0,0,0,0,0,0,0,0,0,0,0
5152,Plecturocebus aureipalatii,0,0,0,0,1,0,0,0,0,0,0,0,1,0,0,0
5153,Apodemus epimelas,0,0,0,0,0,0,0,0,0,0,0,0,0,0,0,0
5154,Kerivoula titania,0,0,0,0,0,0,0,0,0,0,0,0,0,0,0,0
5155,Melomys dollmani,0,0,0,0,0,0,0,0,0,0,0,0,0,0,0,0
5156,Hipposideros khaokhouayensis,0,0,0,0,1,0,0,0,0,0,0,1,1,0,0,0
5157,Neoromicia malagasyensis,0,0,0,0,0,0,0,0,0,0,0,0,0,0,0,0
5158,Reithrodontomys bakeri,0,0,0,0,0,0,0,0,0,0,0,0,0,0,0,0
5159,Thomasomys cinnameus,0,0,0,0,0,0,0,0,0,0,0,1,0,0,0,0
5160,Eptesicus japonensis,0,0,0,0,0,0,0,0,0,0,0,1,0,1,0,1
5161,Natalus jamaicensis,0,0,0,0,0,0,0,0,0,0,0,0,1,0,0,1
5162,Eumops patagonicus,0,0,0,0,0,0,0,0,0,0,0,0,0,0,0,0
5163,Ctenomys tulduco,0,0,0,0,0,0,0,0,0,0,0,0,0,0,0,0
5164,Miniopterus shortridgei,0,0,0,0,0,0,0,0,0,0,0,0,0,0,0,0
5165,Nyctalus plancyi,0,0,0,0,0,0,0,0,0,0,0,0,0,0,0,0
5166,Myoictis wavicus,0,0,0,0,0,0,0,0,0,0,0,0,0,0,0,0
5167,Marmosops neblina,0,0,0,0,0,0,0,0,0,0,0,0,0,0,0,0
5168,Muntiacus montanus,0,0,0,1,0,0,0,0,1,0,0,1,0,0,0,0
5169,Nephelomys caracolus,0,0,0,0,0,0,0,0,0,0,0,0,0,0,0,0
5170,Pithecheirops otion,0,0,0,1,0,0,0,0,0,0,0,1,0,0,0,0
5171,Paremballonura tiavato,0,0,0,0,0,0,0,0,0,0,0,0,0,0,0,0
5172,Paranyctimene tenax,0,0,0,1,0,0,0,0,0,0,0,0,0,1,0,0
5173,Chaetodipus rudinoris,0,0,0,0,0,0,0,0,0,0,0,0,0,0,0,0
5174,Cryptotis orophila,0,0,0,0,0,0,0,0,0,0,0,0,0,0,0,0
5175,Myoictis wallacei,0,0,0,0,0,0,0,0,0,0,0,0,0,0,0,0
5176,Geomys breviceps,0,0,0,0,0,0,0,0,0,0,0,0,0,0,0,0
5177,Pteropus intermedius,0,0,0,0,0,0,0,0,1,0,0,0,0,0,0,0
5178,Marmosops ocellatus,0,0,0,0,0,0,0,0,0,0,0,0,0,0,0,0
5179,Lepilemur ahmansoni,0,0,0,0,0,0,0,0,0,0,0,0,0,0,0,0
5180,Marmosa paraguayana,0,0,0,0,0,0,0,0,0,0,0,0,0,0,0,0
5181,Cryptonanus chacoensis,0,0,0,0,0,0,0,0,0,0,0,0,0,0,0,0
5182,Papio kindae,0,0,0,0,0,0,0,0,0,0,0,0,0,0,0,0
5183,Perodicticus edwardsi,0,0,0,2,0,0,0,0,2,0,0,0,0,0,0,0
5184,Colobus caudatus,0,0,0,1,0,0,0,0,0,0,0,0,2,1,0,0
5185,Cebuella niveiventris,0,0,0,1,0,0,0,0,1,0,0,0,0,0,0,0
5186,Perodicticus ibeanus,0,0,0,0,0,0,0,0,1,0,0,1,0,0,0,0
5187,Cercopithecus denti,0,0,0,1,0,0,0,0,2,0,0,2,2,0,0,0
5188,Presbytis sumatranus,0,0,0,2,0,0,0,0,2,0,0,0,0,2,0,0
5189,Trachypithecus crepusculus,0,0,0,2,0,0,0,0,2,0,0,0,2,2,0,0
5190,Cebuella pygmaea,0,0,0,0,0,0,0,0,1,0,0,1,1,1,0,1
5191,Cercopithecus campbelli,0,0,0,2,0,0,0,0,2,0,0,1,1,2,0,0
5192,Cercopithecus lowei,0,0,0,2,0,0,0,0,2,0,2,2,2,0,0,0
5193,Cercocebus atys,0,0,0,2,0,0,0,0,2,0,0,2,0,0,0,0
5194,Piliocolobus rufomitratus,0,0,2,2,2,0,0,0,0,0,2,2,2,0,0,2
5195,Elephantulus pilicaudus,0,0,0,0,0,0,0,0,0,0,0,0,0,0,0,0
5196,Voalavo antsahabensis,0,0,0,1,0,0,0,0,0,0,0,0,0,0,0,0
5197,Tarsius tumpara,0,0,0,2,0,0,0,1,3,0,0,2,0,0,0,0
5198,Sotalia guianensis,0,0,0,0,0,0,2,0,0,0,0,0,0,0,1,0
5199,Sotalia fluviatilis,0,0,0,0,2,0,2,0,0,0,0,0,1,0,0,0
5200,Tarsius wallacei,0,0,0,3,0,0,0,0,0,0,0,2,0,0,0,0
5201,Neophocaena phocaenoides,0,0,0,0,0,0,1,0,0,0,0,0,2,0,0,0
5202,Philander olrogi,0,0,0,1,0,0,0,0,0,0,0,0,0,0,0,0
5203,Monodelphis handleyi,0,0,0,0,0,0,0,0,0,0,0,1,1,0,0,0
5204,Thylamys pulchellus,0,0,0,0,0,0,0,0,0,0,0,0,0,0,0,0
5205,Thylamys citellus,0,0,0,0,0,0,0,0,0,0,0,0,0,0,0,0
5206,Thylamys fenestrae,0,0,0,1,0,0,0,0,0,0,1,0,0,0,0,0
5207,Pennatomys nivalis,0,0,0,0,0,0,0,0,0,0,0,0,0,0,0,0
5208,Thylamys pusillus,0,0,0,0,0,0,0,0,0,0,0,0,0,0,0,0
5209,Rhinopithecus strykeri,0,0,0,3,3,0,0,0,3,0,0,3,3,0,0,0
5210,Plecturocebus caquetensis,0,0,3,3,0,0,0,0,3,0,3,3,3,3,3,0
5211,Thylamys pallidior,0,0,0,0,0,0,0,0,0,0,0,0,0,0,0,0
5212,Isothrix barbarabrownae,0,0,0,0,0,0,0,0,0,0,0,0,0,0,0,0
5213,Microcebus margotmarshae,0,0,0,0,0,0,0,0,0,0,0,0,0,0,0,0
5214,Microcebus arnholdi,0,0,0,0,0,0,0,0,0,0,0,0,0,0,0,0
5215,Microcebus macarthurii,0,0,0,0,0,0,0,0,0,0,0,0,0,0,0,0
5216,Microcebus gerpi,0,0,0,0,0,0,0,0,0,0,0,0,0,0,0,0
5217,Lepilemur hollandorum,0,0,0,0,0,0,0,0,0,0,0,0,0,0,0,0
5218,Lepilemur scottorum,0,0,0,0,0,0,0,0,0,0,0,0,0,0,0,0
5219,Avahi mooreorum,0,0,0,0,0,0,0,0,0,0,0,0,0,0,0,0
5220,Macroscelides proboscideus,0,0,0,0,0,0,0,0,0,0,1,0,1,0,0,0
5221,Macroscelides flavicaudatus,0,0,0,0,0,0,0,0,0,0,0,0,0,0,0,0
5222,Macroscelides micus,0,0,0,0,0,0,0,0,0,0,1,0,0,0,0,0
5223,Apodemus avicennicus,0,0,0,0,0,0,0,0,0,0,0,0,0,0,1,0
5224,Apomys aurorae,0,0,0,0,0,0,0,0,0,0,0,0,0,0,0,0
5225,Apomys banahao,0,0,0,0,0,0,0,0,0,0,0,0,0,0,0,0
5226,Apomys brownorum,0,0,0,0,0,0,0,0,0,0,0,0,0,0,0,0
5227,Apomys magnus,0,0,0,1,0,0,0,0,0,0,0,1,0,0,0,1
5228,Apomys minganensis,0,0,0,0,0,0,0,0,0,0,0,0,0,0,0,0
5229,Apomys sierrae,0,0,0,0,0,0,0,0,0,0,0,0,0,0,0,0
5230,Apomys zambalensis,0,0,0,0,0,0,0,0,0,0,0,0,0,0,0,0
5231,Archboldomys maximus,0,0,0,0,0,0,0,0,0,0,0,0,0,0,0,0
5232,Batomys hamiguitan,0,0,0,0,0,0,0,0,0,0,0,0,0,0,0,0
5233,Crocidura phanluongi,0,0,0,0,0,0,0,0,0,0,0,0,0,0,0,0
5234,Crocidura phuquocensis,0,0,0,0,0,0,0,0,0,0,0,0,0,0,0,0
5235,Crocidura sokolovi,0,0,0,0,0,0,0,0,0,0,0,0,0,0,0,0
5236,Crocidura zaitsevi,0,0,0,0,0,0,0,0,0,0,0,0,0,0,0,0
5237,Cryptotis aroensis,0,1,0,0,0,2,0,0,0,0,3,0,0,0,0,0
5238,Cryptotis oreoryctes,0,0,0,0,0,0,0,0,0,0,0,0,0,0,0,0
5239,Myosorex bururiensis,0,0,0,0,0,0,0,0,0,0,0,0,0,0,0,0
5240,Myosorex jejei,0,0,0,0,0,0,0,0,0,0,0,1,1,0,0,0
5241,Myosorex gnoskei,0,0,0,0,0,0,0,0,0,0,0,2,0,0,0,0
5242,Suncus hututsi,0,0,0,0,0,0,0,0,0,0,0,0,0,0,0,0
5243,Surdisorex schlitteri,0,0,0,0,0,0,0,0,0,0,0,0,0,0,0,0
5244,Sylvisorex akaibei,0,0,0,0,0,0,0,0,0,0,0,0,0,0,0,0
5245,Sylvisorex silvanorum,0,0,0,0,0,0,0,0,0,0,0,0,0,0,0,0
5246,Euroscaptor subanura,0,0,0,0,0,0,0,0,0,0,0,0,0,0,0,0
5247,Grammomys selousi,0,0,0,0,0,0,0,0,0,0,0,0,0,0,0,0
5248,Hylomyscus pamfi,0,0,0,1,0,0,0,0,0,0,0,1,0,0,0,0
5249,Leopoldamys diwangkarai,0,0,0,0,0,0,0,0,0,0,0,0,0,0,0,0
5250,Margaretamys christinae,0,0,0,0,0,0,0,0,0,0,0,1,0,0,0,0
5251,Maxomys tajuddinii,0,0,0,0,0,0,0,0,0,0,0,0,0,0,0,0
5252,Notomys robustus,0,0,0,0,0,0,0,0,0,2,1,0,0,0,0,0
5253,Pseudohydromys berniceae,0,0,0,0,0,0,0,0,0,0,0,1,1,0,0,0
5254,Pseudohydromys patriciae,0,0,0,0,0,0,0,0,0,0,0,1,0,0,0,0
5255,Pseudohydromys sandrae,0,0,0,0,0,0,0,0,0,0,0,0,0,0,0,0
5256,Rattus nikenii,0,0,0,0,0,0,0,0,0,0,0,0,0,0,0,0
5257,Ctenomys ibicuiensis,0,0,0,0,0,0,0,0,0,0,0,0,0,0,0,0
5258,Jaculus thaleri,0,0,0,0,0,0,0,0,0,0,0,0,0,0,0,0
5259,Dendromus lachaisei,0,0,0,0,0,0,0,0,0,0,0,0,0,0,0,0
5260,Dendromus ruppi,0,0,0,0,0,0,0,0,0,0,0,0,0,0,0,0
5261,Petaurista mechukaensis,0,0,0,1,0,0,0,0,1,0,0,0,1,0,0,0
5262,Petaurista mishmiensis,0,0,0,1,0,0,0,0,1,0,0,0,1,0,0,0
5263,Neodon linzhiensis,0,0,0,0,0,0,0,0,0,0,0,0,0,0,0,0
5264,Oxymycterus wayku,0,0,0,0,0,0,0,0,0,0,0,0,0,0,0,0
5265,Phyllotis alisosiensis,0,0,0,0,0,0,0,0,0,0,0,0,0,0,0,0
5266,Reithrodontomys musseri,0,0,0,0,0,0,0,0,0,0,0,0,0,0,0,0
5267,Coendou speratus,0,0,0,0,0,0,0,0,0,0,0,2,0,0,0,0
5268,Drymoreomys albimaculatus,0,0,0,0,0,0,0,0,0,0,0,0,0,0,0,0
5269,Paucidentomys vermidax,0,0,0,0,0,0,0,0,0,0,0,0,0,0,0,0
5270,Pseudoberylmys muongbangensis,0,0,0,0,0,0,0,0,0,0,0,0,0,0,0,0
5271,Soricomys leonardocoi,0,0,0,0,0,0,0,0,0,0,0,0,0,0,0,0
5272,Microcebus marohita,0,0,0,0,0,0,0,0,0,0,0,0,0,0,0,0
5273,Thomasomys andersoni,0,0,0,0,0,0,0,0,0,0,0,0,0,0,0,0
5274,Abrawayaomys ruschii,0,0,0,0,0,0,0,0,0,0,0,0,0,0,0,0
5275,Abrawayaomys chebezi,0,0,0,0,0,0,0,0,0,0,0,0,0,0,0,0
5276,Oecomys concolor,0,0,0,0,0,0,0,0,0,0,0,0,0,0,0,0
5277,Rhipidomys nitela,0,0,0,0,0,0,0,0,0,0,0,0,0,0,0,0
5278,Rhipidomys ipukensis,0,0,0,0,0,0,0,0,0,0,0,0,0,0,0,0
5279,Scarturus toussi,0,0,0,0,0,0,0,0,0,0,0,0,0,0,0,0
5280,Scarturus elater,0,0,0,0,0,0,0,0,0,0,0,0,0,0,0,0
5281,Phyllomys sulinus,0,0,0,0,0,0,0,0,0,0,0,0,0,0,0,0
5282,Heteromys anomalus,0,0,0,0,0,0,0,0,0,0,0,0,0,0,0,0
5283,Heteromys catopterius,0,0,0,0,0,0,0,0,0,0,0,0,0,0,0,0
5284,Heteromys desmarestianus,0,0,0,0,0,0,0,0,0,0,0,0,0,0,0,0
5285,Acomys spinosissimus,0,0,0,0,0,0,0,0,0,0,0,0,0,0,0,0
5286,Acomys selousi,0,0,0,0,0,0,0,0,0,0,0,0,0,0,0,0
5287,Acomys muzei,0,0,0,0,0,0,0,0,0,0,0,0,0,0,0,0
5288,Acomys ngurui,0,0,0,0,0,0,0,0,0,0,0,0,0,0,0,0
5289,Soricomys montanus,0,0,0,1,0,0,0,0,0,0,0,0,0,0,0,0
5290,Grammomys brevirostris,0,0,0,0,0,0,0,0,0,0,0,0,0,0,0,0
5291,Hylomyscus denniae,0,0,0,0,0,0,0,0,0,0,0,0,0,0,0,0
5292,Hylomyscus arcimontensis,0,0,0,0,0,0,0,0,0,0,0,0,0,0,0,0
5293,Hylomyscus anselli,0,0,0,0,0,0,0,0,0,0,0,0,0,0,0,0
5294,Hylomyscus stella,0,0,0,0,0,0,0,0,0,0,0,0,0,0,0,0
5295,Hylomyscus walterverheyeni,0,0,0,1,0,0,0,0,0,0,1,1,0,0,0,0
5296,Leptomys arfakensis,0,0,0,0,0,0,0,0,0,0,0,0,0,0,0,0
5297,Leptomys paulus,0,0,0,0,0,0,0,0,0,0,0,0,0,0,0,0
5298,Lophuromys flavopunctatus,0,0,0,0,0,0,0,0,0,0,0,0,0,0,0,0
5299,Lophuromys simensis,0,0,0,0,0,0,0,0,0,0,0,0,0,0,0,0
5300,Lophuromys menageshae,0,0,0,0,0,0,0,0,0,0,0,0,0,0,0,0
5301,Lophuromys chercherensis,0,0,0,0,0,0,0,0,0,0,0,0,0,0,0,0
5302,Lophuromys pseudosikapusi,0,0,0,0,0,0,0,0,0,0,0,0,0,0,0,0
5303,Lophuromys stanleyi,0,0,0,0,0,0,0,0,0,0,0,0,0,0,0,0
5304,Lophuromys machangui,0,0,0,0,0,0,0,0,0,0,0,0,0,0,0,0
5305,Lophuromys sabunii,0,0,0,0,0,0,0,0,0,0,0,0,0,0,0,0
5306,Lophuromys makundii,0,0,0,0,0,0,0,0,0,0,0,0,0,0,0,0
5307,Lophuromys kilonzoi,0,0,0,0,0,0,0,0,0,0,0,0,0,0,0,0
5308,Microhydromys richardsoni,0,0,0,0,0,0,0,0,0,0,0,0,0,0,0,0
5309,Microhydromys argenteus,0,0,0,0,0,0,0,0,0,0,0,0,0,0,0,0
5310,Otomys typus,0,1,0,1,0,1,0,0,0,0,1,0,1,0,0,0
5311,Otomys cheesmani,0,0,0,1,0,0,0,0,0,0,1,0,1,0,0,0
5312,Otomys fortior,0,0,0,1,0,0,0,0,0,0,1,0,1,0,0,0
5313,Otomys helleri,0,0,0,1,0,0,0,0,0,0,1,0,1,0,0,0
5314,Otomys simiensis,0,0,0,0,0,0,0,0,0,0,0,0,1,0,0,0
5315,Otomys thomasi,0,0,0,1,0,0,0,0,0,0,1,0,1,0,0,0
5316,Otomys yaldeni,0,0,0,1,1,0,0,0,0,0,1,0,1,0,0,0
5317,Otomys zinki,0,2,0,2,0,2,0,0,0,0,2,0,0,0,0,0
5318,Praomys tullbergi,0,0,0,0,0,0,0,0,0,0,0,0,0,0,0,0
5319,Praomys coetzeei,0,0,0,0,0,0,0,0,0,0,0,0,0,0,0,0
5320,Pseudohydromys ellermani,0,0,0,0,0,0,0,0,0,0,0,0,0,0,0,0
5321,Pseudohydromys pumehanae,0,0,0,0,0,0,0,0,0,0,0,0,0,0,0,0
5322,Pseudohydromys carlae,0,0,0,0,0,0,0,0,0,0,0,0,0,0,0,0
5323,Pseudohydromys murinus,0,0,0,0,0,0,0,0,0,0,0,0,0,0,0,0
5324,Pseudohydromys eleanorae,0,0,0,0,0,0,0,0,0,0,0,0,0,0,0,0
5325,Mirzamys norahae,0,0,0,0,0,0,0,0,0,0,0,0,0,0,0,0
5326,Mirzamys louiseae,0,0,0,0,0,0,0,0,0,0,0,0,0,0,0,0
5327,Pseudohydromys occidentalis,0,0,0,0,0,0,0,0,0,0,0,0,0,0,0,0
5328,Eliurus carletoni,0,0,0,0,0,0,0,0,0,0,0,0,0,0,0,0
5329,Eliurus antsingy,0,0,0,0,0,0,0,0,0,0,0,0,0,0,0,0
5330,Cryptotis venezuelensis,0,0,0,0,0,0,0,0,0,0,1,1,0,0,0,0
5331,Cryptotis meridensis,0,0,0,0,0,0,0,0,0,0,0,0,0,0,0,0
5332,Crocidura mindorus,0,0,0,0,0,0,0,0,0,0,0,0,0,0,0,0
5333,Crocidura ninoyi,0,0,0,0,0,0,0,0,0,0,0,0,0,0,0,0
5334,Cryptotis mam,0,0,0,0,0,0,0,0,0,0,0,0,0,0,0,0
5335,Cryptotis griseoventris,0,0,0,0,0,0,0,0,0,0,0,1,0,0,0,0
5336,Cryptotis lacertosus,0,0,0,0,0,0,0,0,0,0,0,0,0,0,0,0
5337,Cryptotis goodwini,0,0,0,0,0,0,0,0,0,0,0,0,0,0,0,0
5338,Sylvisorex ollula,0,0,0,0,0,0,0,0,0,0,0,0,0,0,0,0
5339,Sylvisorex corbeti,0,0,0,0,0,0,0,0,0,0,0,0,0,0,0,0
5340,Fukomys vandewoestijneae,0,0,0,0,0,0,0,0,0,0,0,0,0,0,0,0
5341,Fukomys ilariae,0,0,0,0,0,0,0,0,0,0,0,0,0,0,0,0
5342,Lagidium ahuacaense,0,0,0,0,0,0,0,0,0,0,0,1,0,0,0,0
5343,Crocidura attenuata,0,0,0,0,0,0,0,0,0,0,0,0,0,0,0,0
5344,Crocidura cranbrooki,0,0,0,0,0,0,0,0,0,0,0,0,0,0,0,0
5345,Crocidura annamitensis,0,0,0,0,0,0,0,0,0,0,0,0,0,0,0,0
5346,Crocidura guy,0,0,0,0,0,0,0,0,0,0,0,0,0,0,0,0
5347,Crocidura panayensis,0,0,0,0,0,0,0,0,0,0,0,0,0,0,0,0
5348,Crocidura batakorum,0,0,0,0,0,0,0,0,0,0,0,1,0,0,0,0
5349,Rhipidomys itoan,0,0,0,0,0,0,0,0,0,0,0,0,0,0,0,0
5350,Rhipidomys tribei,0,0,0,0,0,0,0,0,0,0,0,0,0,0,0,0
5351,Musseromys gulantang,0,0,0,0,0,0,0,0,0,0,0,0,1,0,0,0
5352,Akodon polopi,0,0,0,0,0,0,0,0,0,0,0,0,0,0,0,0
5353,Akodon spegazzinii,0,0,0,0,0,0,0,0,0,0,0,0,0,0,0,0
5354,Eligmodontia typus,0,0,0,0,0,0,0,0,0,0,0,0,0,0,0,0
5355,Bassaricyon neblina,0,0,0,0,0,0,0,0,0,0,0,2,1,0,0,0
5356,Bassaricyon alleni,0,0,0,0,0,0,0,0,0,0,0,0,0,0,0,0
5357,Bassaricyon medius,0,0,0,0,0,0,0,0,0,0,0,2,0,0,0,0
5358,Bassaricyon gabbii,0,0,0,0,0,0,0,0,0,0,0,0,0,0,0,0
5359,Marmosops pakaraimae,0,0,0,1,0,0,0,0,0,0,1,0,0,0,0,0
5360,Caenolestes sangay,0,0,0,1,0,0,0,0,0,0,0,1,1,0,0,0
5361,Monodelphis peruviana,0,0,0,0,0,0,0,0,0,0,1,0,0,0,0,0
5362,Monodelphis adusta,0,0,0,0,0,0,0,0,0,0,0,0,0,0,0,0
5363,Thylamys cinderella,0,0,0,0,0,0,0,0,0,0,0,0,0,0,0,0
5364,Microgale brevicaudata,0,0,0,1,0,1,0,0,0,0,0,1,1,0,0,0
5365,Microgale grandidieri,0,0,0,1,0,0,0,0,0,0,0,1,0,0,0,0
5366,Leopardus guttulus,0,0,0,0,0,1,0,0,1,2,2,0,2,3,0,0
5367,Leopardus tigrinus,0,0,0,1,1,1,0,0,1,1,1,1,1,1,1,0
5368,Cheirogaleus major,0,0,0,0,0,0,0,0,0,0,0,0,0,0,0,0
5369,Ovis gmelini,0,1,1,0,0,0,0,0,1,1,1,1,1,0,0,1
5370,Ovis vignei,0,2,1,0,0,0,0,0,2,1,2,2,1,0,0,1
5371,Cervus elaphus,0,0,0,1,0,0,0,0,0,1,1,1,1,0,0,1
5372,Cervus canadensis,0,0,0,0,0,1,0,0,1,0,0,1,1,0,0,0
5373,Alces alces,0,0,0,0,0,0,0,0,0,0,0,0,0,0,0,0
5374,Microcebus rufus,0,0,0,1,0,0,0,0,0,0,0,0,0,0,0,0
5375,Pseudois nayaur,0,0,0,0,0,0,0,0,1,1,1,0,0,0,0,0
5376,Rhinolophus hildebrandtii,0,0,0,0,0,0,0,0,0,0,0,0,0,0,0,0
5377,Rhinolophus cohenae,0,1,0,1,0,0,0,0,1,0,1,1,0,0,1,1
5378,Rhinolophus mabuensis,0,0,0,1,0,1,0,0,0,0,0,1,0,1,0,0
5379,Rhinolophus smithersi,0,1,0,0,0,1,0,0,0,0,0,0,1,0,0,0
5380,Rhinolophus mossambicus,0,0,0,0,0,0,0,0,1,0,0,0,0,0,0,0
5381,Neoromicia robertsi,0,0,0,0,0,0,0,0,0,0,0,0,0,0,0,0
5382,Neoromicia roseveari,0,0,0,1,0,0,0,0,0,0,0,1,0,0,0,0
5383,Mops atsinanana,0,0,0,0,0,0,0,0,0,0,0,0,0,0,0,0
5384,Mops pumilus,0,0,0,0,0,0,0,0,0,0,0,0,0,0,0,0
5385,Mops bakarii,0,0,0,0,0,0,0,0,0,0,0,0,0,0,0,0
5386,Rhinolophus darlingi,0,0,0,0,0,0,0,0,0,0,0,0,0,0,0,0
5387,Rhinolophus damarensis,0,0,0,0,0,0,0,0,0,0,0,0,1,0,0,0
5388,Eupleres goudotii,0,0,0,0,0,0,0,0,2,3,0,2,0,0,0,0
5389,Melogale cucphuongensis,0,0,0,0,0,0,0,0,0,0,0,0,0,0,0,0
5390,Herpestes javanicus,0,0,0,0,0,0,0,0,0,0,0,0,0,0,0,0
5391,Herpestes auropunctatus,0,0,0,0,0,0,0,0,0,0,0,0,0,0,0,0
5392,Arctonyx collaris,0,0,0,2,1,0,0,0,2,0,0,2,2,2,0,0
5393,Arctonyx hoevenii,0,0,0,0,0,0,0,0,1,0,0,0,0,0,0,0
5394,Arctonyx albogularis,0,0,0,0,0,0,0,0,2,0,0,0,0,0,0,0
5395,Mustela nivalis,0,0,0,0,0,0,0,0,1,0,0,0,0,0,0,0
5396,Mustela russelliana,0,0,0,0,0,0,0,0,0,0,0,0,0,0,0,0
5397,Mustela tonkinensis,0,0,0,0,0,0,0,0,0,0,0,0,0,0,0,0
5398,Chiropotes sagulatus,0,0,0,0,0,0,0,0,1,0,0,0,0,0,0,0
5399,Plecturocebus vieirai,0,0,0,1,0,0,0,0,0,0,1,1,1,0,0,0
5400,Cebus leucocephalus,0,0,0,0,0,0,0,0,1,0,0,1,0,0,0,0
5401,Cebus unicolor,0,0,0,0,0,0,0,0,0,0,0,0,0,0,0,0
5402,Pithecia hirsuta,0,0,0,0,0,0,0,0,1,0,0,1,0,0,0,0
5403,Pithecia monachus,0,0,0,0,0,0,0,0,1,0,0,1,1,0,0,0
5404,Pithecia inusta,0,0,0,0,0,0,0,0,1,0,0,1,0,0,0,0
5405,Pithecia cazuzai,0,0,0,0,0,0,0,0,1,0,0,1,0,0,0,0
5406,Pithecia isabela,0,0,0,0,0,0,0,0,1,0,0,1,0,0,0,0
5407,Pithecia mittermeieri,0,0,0,0,0,0,0,0,1,0,0,1,0,0,0,0
5408,Pithecia rylandsi,0,0,0,0,0,0,0,0,1,0,1,0,0,0,0,0
5409,Pithecia pissinattii,0,0,0,0,0,0,0,0,1,0,0,1,0,0,0,0
5410,Pithecia irrorata,0,0,0,0,0,0,0,0,1,0,0,1,0,0,0,0
5411,Saguinus ursulus,0,0,0,1,0,0,0,0,0,0,1,0,1,0,0,0
5412,Saimiri collinsi,0,0,0,0,0,0,0,0,0,0,0,0,0,0,0,0
5413,Bettongia anhydra,0,0,0,0,0,1,0,0,0,2,0,0,0,0,0,0
5414,Setirostris eleryi,0,0,0,0,0,1,0,0,0,0,1,1,0,0,0,0
5415,Ozimops lumsdenae,0,0,0,0,0,1,0,0,0,0,1,1,0,1,0,0
5416,Ozimops kitcheneri,0,0,0,0,0,1,0,0,0,0,1,1,0,0,1,0
5417,Ozimops halli,0,0,0,0,0,0,0,0,0,0,0,0,0,0,0,0
5418,Ozimops ridei,0,0,0,1,1,1,0,0,0,0,1,1,0,0,1,0
5419,Ozimops petersi,0,0,0,1,0,1,0,0,0,0,1,1,0,0,0,0
5420,Ozimops cobourgianus,0,0,0,0,0,0,0,0,0,0,1,0,1,0,0,0
5421,Mormopterus francoismoutoui,0,0,0,0,0,0,0,0,0,0,0,0,0,0,0,0
5422,Ozimops planiceps,0,2,0,1,0,0,0,0,0,2,0,0,1,1,1,0
5423,Mormopterus acetabulosus,0,0,0,0,0,0,0,0,0,0,0,0,0,0,0,0
5424,Nasuella olivacea,0,0,0,1,0,0,0,0,0,0,0,0,1,1,0,0
5425,Nasuella meridensis,0,0,0,0,0,0,0,0,0,0,0,0,0,0,0,0
5426,Conilurus capricornensis,0,0,0,0,0,1,0,0,0,2,1,0,0,0,0,0
5427,Pseudomys australis,0,2,0,0,0,0,0,0,0,3,2,0,0,0,0,0
5428,Pseudomys auritus,0,0,0,0,0,0,0,0,0,2,2,0,0,0,0,0
5429,Myotis nyctor,0,1,0,1,0,0,0,0,0,0,0,0,1,0,0,0
5430,Myotis martiniquensis,0,1,0,0,0,0,0,0,0,0,0,0,1,0,0,0
5431,Micronomus norfolkensis,0,0,0,2,0,0,0,0,0,0,0,0,1,2,0,0
5432,Coleura kibomalandy,0,0,0,0,0,0,0,0,0,0,0,0,0,0,0,0
5433,Asellia italosomalica,0,0,0,0,0,0,0,0,0,0,0,0,0,0,1,1
5434,Asellia tridens,0,0,0,0,0,0,0,0,0,0,0,0,0,0,0,0
5435,Asellia arabica,0,0,0,0,0,0,0,0,0,0,0,0,0,0,1,1
5436,Hipposideros einnaythu,0,0,0,0,0,0,0,0,0,0,0,0,0,0,0,0
5437,Hipposideros griffini,0,0,0,0,0,0,0,0,0,0,0,1,0,1,0,1
5438,Hipposideros turpis,0,0,0,1,0,0,0,0,0,0,0,1,1,0,0,1
5439,Hipposideros pendleburyi,0,0,0,1,0,0,0,0,0,0,0,0,1,1,0,1
5440,Hipposideros alongensis,0,0,0,0,0,0,0,0,1,0,0,1,1,0,0,1
5441,Hipposideros bicolor,0,0,0,0,0,0,0,0,0,0,0,0,0,0,0,0
5442,Hipposideros atrox,0,0,0,0,0,0,0,0,0,0,0,1,0,1,0,0
5443,Eudiscoderma thongareeae,0,0,0,0,0,0,0,0,0,0,0,1,0,0,0,0
5444,Hipposideros ater,0,0,0,0,0,0,0,0,0,0,0,0,0,0,0,0
5445,Hipposideros nicobarulae,0,2,0,2,0,0,0,0,2,0,0,0,0,2,0,0
5446,Hipposideros caffer,0,0,1,0,0,0,0,0,0,0,0,0,0,0,0,1
5447,Paratriaenops furcula,0,0,0,0,0,0,0,0,0,0,0,0,0,0,0,0
5448,Paratriaenops pauliani,0,0,0,0,0,0,0,0,0,0,0,0,0,0,0,0
5449,Triaenops persicus,0,0,0,0,0,0,0,0,0,0,0,0,0,0,0,0
5450,Triaenops afer,0,0,0,0,0,0,0,0,0,0,0,0,1,0,0,0
5451,Triaenops parvus,0,0,0,0,0,0,0,0,0,0,0,0,0,0,1,1
5452,Glischropus tylopus,0,0,0,0,0,0,0,0,0,0,0,0,0,0,0,0
5453,Glischropus bucephalus,0,0,0,0,0,0,0,0,0,0,0,0,0,0,0,0
5454,Cebus brunneus,0,0,0,1,0,0,0,0,1,0,1,0,1,0,0,0
5455,Cebus capucinus,0,0,0,0,0,0,0,0,1,0,0,1,1,0,0,0
5456,Cebus imitator,0,0,0,1,0,0,0,0,1,0,1,1,0,0,0,0
5457,Cebus olivaceus,0,0,0,0,0,0,0,0,0,0,0,0,0,0,0,0
5458,Miniopterus manavi,0,0,0,0,0,0,0,0,0,0,0,0,0,0,0,0
5459,Miniopterus brachytragos,0,0,0,0,0,0,0,0,0,0,0,0,0,0,0,0
5460,Miniopterus mahafaliensis,0,0,0,0,0,0,0,0,0,0,0,0,0,0,0,0
5461,Miniopterus aelleni,0,0,0,0,0,0,0,0,0,0,0,0,0,0,0,0
5462,Miniopterus pallidus,0,0,0,0,0,0,0,0,1,0,0,0,1,0,0,1
5463,Miniopterus gleni,0,0,0,0,0,0,0,0,0,0,0,0,0,0,0,0
5464,Miniopterus griffithsi,0,0,0,0,0,0,0,0,0,0,0,0,0,0,0,0
5465,Miniopterus ambohitrensis,0,0,0,0,0,0,0,0,0,0,0,0,0,0,0,0
5466,Miniopterus petersoni,0,0,0,0,0,0,0,0,0,0,0,0,0,0,0,0
5467,Miniopterus egeri,0,0,0,0,0,0,0,0,0,0,0,0,0,0,0,0
5468,Miniopterus maghrebensis,0,0,0,0,0,0,0,0,0,0,0,0,0,0,1,1
5469,Sousa chinensis,0,0,0,0,0,0,1,0,0,0,0,0,1,0,1,0
5470,Sousa plumbea,0,0,0,0,0,0,3,0,0,0,0,0,2,0,2,0
5471,Sousa sahulensis,0,0,0,0,0,0,1,0,0,0,0,0,1,0,1,1
5472,Dusicyon avus,0,1,0,0,0,0,0,0,1,1,0,0,0,0,0,0
5473,Ozimops loriae,0,0,0,0,0,0,0,0,0,0,0,0,0,0,0,0
5474,Rhinopoma hardwickii,0,0,0,0,0,0,0,0,0,0,0,0,0,0,0,0
5475,Rhinopoma cystops,0,0,0,0,0,0,0,0,0,0,0,0,0,0,1,1
5476,Rhinopoma hadramauticum,0,0,0,0,0,0,0,0,0,0,0,0,0,0,0,1
5477,Rhinolophus willardi,0,0,0,2,0,0,0,0,2,0,0,2,0,2,0,2
5478,Rhinolophus kahuzi,0,0,0,1,0,0,0,0,1,0,0,1,0,0,0,1
5479,Rhinolophus schnitzleri,0,0,0,0,0,0,0,0,0,0,0,0,0,0,0,1
5480,Rhinolophus thailandensis,0,0,0,0,0,0,0,0,0,0,0,0,0,0,0,0
5481,Rhinolophus xinanzhongguoensis,0,0,0,0,0,0,0,0,0,0,0,1,0,0,0,1
5482,Dermanura glauca,0,0,0,0,0,0,0,0,0,0,0,0,0,0,0,0
5483,Dermanura bogotensis,0,0,0,0,0,0,0,0,0,0,0,0,0,0,0,0
5484,Dermanura rava,0,0,0,0,0,0,0,0,0,0,0,0,0,0,0,0
5485,Dermanura phaeotis,0,0,0,0,0,0,0,0,0,0,0,0,0,0,0,0
5486,Rhinolophus belligerator,0,0,1,0,0,0,0,0,0,0,0,1,0,0,0,0
5487,Rhinolophus arcuatus,0,0,0,0,0,0,0,0,0,0,0,0,0,0,0,0
5488,Rhinolophus mcintyrei,0,0,0,0,0,0,0,0,0,0,0,1,0,0,0,1
5489,Rhinolophus proconsulis,0,0,0,0,0,0,0,0,0,0,0,1,0,0,0,1
5490,Rhinolophus euryotis,0,0,0,0,0,0,0,0,0,0,0,0,0,0,0,0
5491,Rhinolophus tatar,0,0,0,0,0,0,0,0,0,0,0,1,0,0,0,1
5492,Rhinolophus chiewkweeae,0,0,0,0,0,0,0,0,0,0,0,0,0,0,0,0
5493,Rhinolophus huananus,0,0,0,0,0,0,0,0,0,0,0,0,1,0,0,0
5494,Rhinolophus indorouxii,0,0,0,0,0,0,0,0,0,0,0,0,0,0,0,1
5495,Rhinolophus rouxii,0,0,0,0,0,0,0,0,0,0,0,0,0,0,0,0
5496,Rhinolophus stheno,0,0,0,0,0,0,0,0,0,0,0,0,0,0,0,0
5497,Rhinolophus microglobosus,0,0,0,0,0,0,0,0,0,0,0,1,1,0,0,0
5498,Balionycteris maculata,0,0,0,0,0,0,0,0,0,0,0,0,0,0,0,0
5499,Balionycteris seimundi,0,0,0,1,0,1,0,0,0,0,0,1,0,0,0,0
5500,Casinycteris campomaanensis,0,0,0,0,0,0,0,0,0,0,0,0,0,0,0,0
5501,Desmalopex microleucopterus,0,0,0,1,0,0,0,0,1,0,0,0,0,1,0,1
5502,Dyacopterus rickarti,0,0,0,1,0,0,0,0,1,0,0,0,1,1,0,1
5503,Epomophorus labiatus,0,0,0,0,0,0,0,0,0,0,0,0,0,0,0,0
5504,Epomophorus minor,0,0,0,0,0,0,0,0,0,0,0,0,0,0,0,0
5505,Megaloglossus azagnyi,0,0,0,1,0,0,0,0,0,0,0,1,1,0,0,0
5506,Megaloglossus woermanni,0,0,0,1,0,0,0,0,0,0,0,1,0,0,0,0
5507,Myonycteris torquata,0,0,0,0,0,0,0,0,0,0,0,0,0,0,0,0
5508,Myonycteris leptodon,0,0,0,1,0,0,0,0,0,0,0,1,1,0,0,0
5509,Thoopterus suhaniahae,0,0,0,0,0,0,0,0,0,0,0,0,0,0,0,0
5510,Scotonycteris zenkeri,0,0,0,2,0,1,0,0,0,0,0,2,2,2,0,0
5511,Scotonycteris occidentalis,0,0,0,2,0,0,0,0,0,0,0,2,2,0,0,0
5512,Scotonycteris bergmansi,0,0,0,0,0,0,0,0,0,0,0,0,0,0,0,0
5513,Scotophilus andrewreborii,0,0,0,0,0,0,0,0,0,0,0,0,0,0,0,0
5514,Scotophilus ejetai,0,0,0,0,0,0,0,0,0,0,0,0,0,0,0,0
5515,Scotophilus livingstonii,0,0,0,0,0,0,0,0,0,0,0,0,0,0,0,0
5516,Scotophilus trujilloi,0,0,0,0,0,0,0,0,0,0,0,0,0,0,0,0
5517,Murina annamitica,0,0,0,0,0,0,0,0,0,0,0,0,0,0,0,0
5518,Murina balaensis,0,0,0,0,0,0,0,0,0,0,0,1,0,0,0,0
5519,Murina beelzebub,0,0,0,0,0,0,0,0,0,0,0,1,0,0,0,0
5520,Murina bicolor,0,0,0,0,0,0,0,0,0,0,0,0,0,0,0,1
5521,Murina gracilis,0,0,0,0,0,0,0,0,0,0,0,0,0,0,0,0
5522,Murina recondita,0,0,0,0,0,0,0,0,0,0,0,0,0,0,0,0
5523,Murina fionae,0,0,0,0,0,0,0,0,0,0,0,0,0,0,0,0
5524,Murina chrysochaetes,0,0,0,0,0,0,0,0,0,0,0,0,0,0,0,0
5525,Murina lorelieae,0,0,0,0,0,0,0,0,0,0,0,0,0,0,0,0
5526,Murina shuipuensis,0,0,0,0,0,0,0,0,0,0,0,0,0,0,0,0
5527,Murina jaintiana,0,0,0,0,0,1,0,0,0,0,0,0,1,0,0,0
5528,Murina pluvialis,0,0,0,0,0,1,0,0,0,0,0,0,1,0,0,0
5529,Murina eleryi,0,0,0,0,0,0,0,0,0,0,0,0,0,2,0,0
5530,Murina tubinaris,0,0,0,0,0,0,0,0,0,0,0,0,0,0,0,0
5531,Murina feae,0,0,0,0,0,0,0,0,0,0,0,0,0,0,0,0
5532,Murina walstoni,0,0,0,0,0,0,0,0,0,0,0,0,0,0,0,0
5533,Murina harpioloides,0,0,0,2,0,0,0,0,0,0,0,0,0,2,0,0
5534,Murina ussuriensis,0,0,0,0,0,0,0,0,0,0,0,0,0,0,0,0
5535,Microperoryctes longicauda,0,0,0,0,0,0,0,0,1,1,0,0,0,0,0,0
5536,Dobsonia magna,0,0,0,2,0,0,0,0,2,0,0,0,0,2,0,0
5537,Dobsonia moluccensis,0,0,0,0,0,0,0,0,0,0,0,0,0,0,0,0
5538,Pteropus allenorum,0,0,0,0,0,0,0,0,0,0,0,0,0,0,0,0
5539,Pteropus ennisae,0,2,0,2,0,0,0,0,0,0,0,2,0,2,0,0
5540,Pteropus capistratus,0,0,0,2,0,1,0,1,1,0,0,2,1,0,0,0
5541,Pteropus coxi,0,0,0,0,0,0,0,0,0,0,0,0,0,0,0,0
5542,Pteropus pelagicus,0,2,0,0,0,0,0,0,1,1,0,0,0,0,0,0
5543,Barbastella beijingensis,0,0,0,0,0,0,0,0,0,0,0,0,0,0,0,0
5544,Barbastella leucomelas,0,0,1,0,0,0,0,0,0,0,0,1,0,0,0,0
5545,Barbastella darjelingensis,0,0,0,0,0,0,0,0,0,0,0,0,0,0,0,0
5546,Eptesicus bottae,0,0,0,0,0,0,0,0,0,0,0,0,0,0,0,0
5547,Eptesicus anatolicus,0,0,0,0,0,0,0,0,0,0,0,0,0,0,0,0
5548,Eptesicus ognevi,0,0,0,0,0,0,0,0,0,0,0,0,0,0,0,0
5549,Eptesicus serotinus,0,2,0,2,0,0,0,0,0,0,1,1,2,0,0,3
5550,Eptesicus isabellinus,0,0,0,0,0,0,0,0,0,0,0,0,0,0,0,0
5551,Eptesicus pachyomus,0,0,0,0,0,0,0,0,0,0,0,0,0,0,0,0
5552,Hypsugo bemainty,0,0,0,0,0,0,0,0,0,0,0,0,0,0,0,0
5553,Hypsugo dolichodon,0,0,0,0,1,0,0,0,0,0,0,0,0,0,0,1
5554,Hypsugo lanzai,0,1,0,0,0,0,0,0,0,0,0,0,1,0,0,0
5555,Nyctophilus bifax,0,0,0,0,0,0,0,0,0,0,0,0,0,0,0,0
5556,Nyctophilus corbeni,0,1,0,0,0,1,0,0,0,1,1,1,0,1,1,0
5557,Nyctophilus major,0,0,0,2,0,2,0,0,0,0,2,0,0,2,0,0
5558,Nyctophilus daedalus,0,0,0,0,0,2,0,0,0,0,2,0,0,0,0,0
5559,Nyctophilus shirleyae,0,0,0,0,0,0,0,0,0,0,0,1,0,0,0,0
5560,Otonycteris hemprichii,0,0,0,0,0,0,0,0,0,0,0,0,0,0,0,0
5561,Otonycteris leucophaea,0,0,0,0,0,0,0,0,0,0,0,0,0,0,1,1
5562,Pipistrellus pipistrellus,0,1,0,1,0,0,0,0,0,0,0,1,1,0,1,0
5563,Pipistrellus aladdin,0,0,0,0,0,0,0,0,0,0,0,0,0,0,0,0
5564,Tylonycteris pygmaeus,0,0,0,0,0,0,0,0,0,0,0,0,0,0,0,0
5565,Myotis annatessae,0,0,0,0,0,0,0,0,0,0,0,0,0,0,0,0
5566,Myotis badius,0,0,0,0,0,0,0,0,0,0,0,0,0,0,0,0
5567,Myotis secundus,0,0,0,0,0,0,0,0,0,0,0,0,0,0,0,0
5568,Myotis soror,0,0,0,0,0,0,0,0,0,0,0,0,0,0,0,0
5569,Myotis indochinensis,0,0,0,0,0,0,0,0,0,0,0,1,0,0,0,1
5570,Myotis daubentonii,0,0,0,0,0,0,0,0,0,0,0,0,0,0,0,0
5571,Myotis petax,0,0,0,0,0,0,0,0,0,0,0,0,0,0,0,0
5572,Plecotus austriacus,0,2,0,2,0,0,0,0,0,0,2,1,2,0,2,1
5573,Plecotus ariel,0,0,0,0,0,0,0,0,0,0,0,0,0,0,0,0
5574,Plecotus kozlovi,0,0,0,0,0,0,0,0,0,0,0,0,0,0,0,0
5575,Plecotus turkmenicus,0,0,0,0,0,0,0,0,0,0,0,0,0,0,0,0
5576,Plecotus wardi,0,0,0,0,0,0,0,0,0,0,0,0,0,0,0,0
5577,Plecotus strelkovi,0,0,0,0,0,0,0,0,0,0,0,0,0,0,0,0
5578,Plecotus auritus,0,0,0,0,0,0,0,0,0,0,0,1,1,0,1,1
5579,Plecotus homochrous,0,0,0,0,0,0,0,0,0,0,0,0,0,0,0,0
5580,Myotis muricola,0,0,0,0,0,0,0,0,0,0,0,0,0,0,0,0
5581,Submyotodon latirostris,0,0,0,0,0,0,0,0,0,0,0,0,0,0,0,0
5582,Myotis frater,0,0,0,0,0,0,0,0,0,0,0,0,0,0,0,0
5583,Myotis longicaudatus,0,0,0,0,0,0,0,0,0,0,0,0,0,0,0,0
5584,Myotis brandtii,0,2,0,2,0,2,0,0,0,0,0,2,2,0,0,1
5585,Myotis sibiricus,0,0,0,1,0,1,0,0,0,0,0,1,1,1,0,1
5586,Myotis montivagus,0,0,0,0,0,0,0,0,0,0,0,0,0,0,0,0
5587,Myotis borneoensis,0,0,0,0,0,0,0,0,0,0,0,0,0,0,0,0
5588,Myotis federatus,0,0,0,0,0,0,0,0,0,0,0,0,0,0,0,0
5589,Myotis peytoni,0,0,0,0,0,0,0,0,0,0,0,0,0,0,0,0
5590,Hipposideros tephrus,0,0,0,0,0,0,0,0,0,0,0,0,0,0,0,0
5591,Hipposideros khasiana,0,0,0,0,0,0,0,0,0,0,0,0,0,0,0,0
5592,Hipposideros larvatus,0,0,0,0,0,0,0,0,0,0,0,0,0,0,0,0
5593,Rhinolophus pusillus,0,0,0,0,0,0,0,0,0,0,0,0,0,0,0,0
5594,Rhinolophus perditus,0,0,0,1,0,0,0,0,0,0,0,1,1,0,0,1
5595,Myotis escalerai,0,0,0,0,0,0,0,0,0,0,0,0,0,0,0,2
5596,Myotis adversus,0,0,0,0,0,0,0,0,0,0,0,0,0,0,0,0
5597,Myotis fimbriatus,0,0,0,0,0,0,0,0,0,0,0,0,0,0,0,0
5598,Myotis rufoniger,0,0,0,0,0,0,0,0,1,0,0,0,0,2,0,1
5599,Myotis weberi,0,0,0,0,0,0,0,0,0,0,0,1,0,0,0,0
5600,Myotis formosus,0,0,0,0,0,0,0,0,1,0,0,1,0,0,0,1
5601,Pipistrellus grandidieri,0,0,0,0,0,0,0,0,0,0,0,1,1,0,0,0
5602,Peropteryx pallidoptera,0,0,0,0,0,0,0,0,0,0,0,0,0,0,0,0
5603,Tympanoctomys kirchnerorum,0,0,0,0,0,0,0,0,0,0,0,0,0,0,0,0
5604,Galea musteloides,0,0,0,0,0,0,0,0,0,0,0,0,0,0,0,0
5605,Galea comes,0,0,0,0,0,0,0,0,0,0,0,0,0,0,0,0
5606,Galea leucoblephara,0,0,0,0,0,0,0,0,0,0,0,0,0,0,0,0
5607,Cavia aperea,0,0,0,0,0,0,0,0,0,0,0,0,0,0,0,0
5608,Cavia patzelti,0,0,0,0,0,0,0,0,0,0,0,0,0,0,0,0
5609,Coendou baturitensis,0,0,0,0,0,0,0,0,0,0,0,0,0,0,0,0
5610,Sylvilagus brasiliensis,0,0,0,0,0,0,0,0,0,0,0,0,0,0,0,0
5611,Sylvilagus gabbi,0,0,0,0,0,0,0,0,0,0,0,0,0,0,0,0
5612,Ochotona hyperborea,0,0,0,0,0,0,0,0,0,0,0,0,0,0,0,0
5613,Ochotona coreana,0,0,0,0,0,0,0,0,0,0,0,0,0,0,0,0
5614,Ochotona mantchurica,0,0,0,0,0,0,0,0,0,0,0,0,0,0,0,0
5615,Ochotona syrinx,0,0,0,0,0,0,0,0,0,0,0,0,0,0,0,0
5616,Cynomops paranus,0,0,0,0,0,0,0,0,0,0,0,0,0,0,0,0
5617,Cynomops milleri,0,0,0,0,0,0,0,0,0,0,0,0,0,0,0,0
5618,Eumops wilsoni,0,0,0,1,0,0,0,0,0,0,0,0,1,0,0,0
5619,Eumops bonariensis,0,0,0,0,0,0,0,0,0,0,0,0,0,0,0,0
5620,Eumops delticus,0,0,0,0,0,0,0,0,0,0,0,0,0,0,0,0
5621,Eumops nanus,0,0,0,0,0,0,0,0,0,0,0,0,0,0,0,0
5622,Eumops ferox,0,0,0,0,0,0,0,0,0,0,0,0,0,0,0,0
5623,Eumops glaucinus,0,0,0,0,0,0,0,0,0,0,0,0,0,0,0,0
5624,Pteronotus parnellii,0,0,0,0,0,0,0,0,0,0,0,0,0,0,0,0
5625,Pteronotus mesoamericanus,0,0,0,0,0,0,0,0,0,0,0,0,0,0,0,0
5626,Pteronotus rubiginosus,0,0,0,0,0,0,0,0,0,0,0,0,0,0,0,0
5627,Molossus alvarezi,0,0,0,0,0,0,0,0,0,0,0,0,0,0,0,0
5628,Molossus currentium,0,0,0,0,0,0,0,0,0,0,0,0,0,0,0,0
5629,Molossus bondae,0,0,0,0,0,0,0,0,0,0,0,0,0,0,0,0
5630,Promops davisoni,0,0,0,0,0,0,0,0,0,0,0,0,0,0,0,0
5631,Promops centralis,0,0,0,0,0,0,0,0,0,0,0,0,0,0,0,0
5632,Chilonatalus macer,0,0,0,0,0,0,0,0,0,0,0,0,0,0,0,0
5633,Chilonatalus micropus,0,0,0,0,0,0,0,0,0,0,0,0,1,0,0,1
5634,Chiroderma vizottoi,0,0,0,0,0,0,0,0,0,0,0,0,0,0,0,0
5635,Anoura caudifer,0,0,0,0,0,0,0,0,0,0,0,0,0,0,0,0
5636,Anoura aequatoris,0,0,0,0,0,0,0,0,0,0,0,0,0,0,0,0
5637,Anoura cadenai,0,0,0,1,0,0,0,0,0,0,0,0,0,0,0,0
5638,Anoura peruana,0,0,0,0,0,0,0,0,0,0,0,0,0,0,0,0
5639,Anoura geoffroyi,0,0,0,0,0,0,0,0,0,0,0,0,0,0,0,0
5640,Artibeus jamaicensis,0,0,0,0,0,0,0,0,0,0,0,0,0,0,0,0
5641,Artibeus schwartzi,0,1,0,1,0,0,0,0,0,0,0,0,1,0,0,0
5642,Artibeus aequatorialis,0,0,0,0,0,0,0,0,0,0,0,0,0,0,0,0
5643,Carollia monohernandezi,0,0,0,0,0,0,0,0,0,0,0,0,0,0,0,0
5644,Carollia benkeithi,0,0,0,0,0,0,0,0,0,0,0,0,0,0,0,0
5645,Carollia castanea,0,0,0,0,0,0,0,0,0,0,0,0,0,0,0,0
5646,Dryadonycteris capixaba,0,0,0,1,0,0,0,0,0,0,0,1,1,0,0,0
5647,Lichonycteris obscura,0,0,0,1,0,0,0,0,0,0,1,0,0,0,0,0
5648,Lichonycteris degener,0,0,0,0,0,0,0,0,0,0,0,0,0,0,0,0
5649,Micronycteris buriri,0,0,0,0,0,0,0,0,0,0,0,0,0,0,0,0
5650,Micronycteris giovanniae,0,0,0,1,0,0,0,0,0,0,0,0,1,0,0,0
5651,Micronycteris yatesi,0,0,0,0,0,0,0,0,0,0,0,0,0,0,0,0
5652,Lophostoma occidentalis,0,0,0,0,0,0,0,0,0,0,1,1,0,0,0,0
5653,Lophostoma silvicolum,0,0,0,0,0,0,0,0,0,0,0,0,0,0,0,0
5654,Lophostoma kalkoae,0,0,0,0,0,0,0,0,0,0,0,0,0,0,0,0
5655,Lonchophylla pattoni,0,0,0,0,0,0,0,0,0,0,0,0,0,0,0,0
5656,Lonchophylla cadenai,0,0,0,1,0,0,0,0,0,0,0,0,0,0,0,0
5657,Lonchophylla fornicata,0,0,0,1,0,0,0,0,0,0,0,1,0,0,0,0
5658,Lonchophylla orienticollina,0,0,0,0,0,0,0,0,0,0,0,0,0,0,0,0
5659,Lonchophylla peracchii,0,0,0,0,0,0,0,0,0,0,0,0,0,0,0,0
5660,Thyroptera wynneae,0,0,0,0,0,0,0,0,0,0,0,0,0,0,0,0
5661,Eptesicus taddeii,0,0,0,0,0,0,0,0,0,0,0,0,1,0,0,0
5662,Lasiurus blossevillii,0,0,0,0,0,0,0,0,0,0,0,0,0,0,0,0
5663,Lasiurus salinae,0,0,0,0,0,0,0,0,0,0,0,0,0,0,0,0
5664,Myotis diminutus,0,0,0,0,0,0,0,0,0,0,0,0,0,0,0,0
5665,Myotis izecksohni,0,0,0,0,0,0,0,0,0,0,0,0,0,0,0,0
5666,Myotis lavali,0,0,0,0,0,0,0,0,0,0,0,0,0,0,0,0
5667,Rhogeessa bickhami,0,0,0,0,0,0,0,0,0,0,0,0,0,0,0,0
5668,Rhogeessa menchuae,0,0,0,0,0,0,0,0,0,0,0,0,0,0,0,0
5669,Rhogeessa io,0,0,0,0,0,0,0,0,0,0,0,0,0,0,0,0
5670,Rhogeessa velilla,0,0,0,0,0,0,0,0,0,0,0,0,0,0,0,0
5671,Vampyrodes caraccioli,0,0,0,0,0,0,0,0,0,0,0,0,0,0,0,0
5672,Vampyrodes major,0,0,0,0,0,0,0,0,0,0,0,0,0,0,0,0
5673,Sturnira bakeri,0,0,0,1,0,0,0,0,0,0,1,0,0,0,0,0
5674,Sturnira burtonlimi,0,0,0,0,0,0,0,0,0,0,0,0,0,0,0,0
5675,Sturnira angeli,0,1,0,1,0,0,0,1,0,0,0,0,0,0,0,0
5676,Sturnira parvidens,0,0,0,0,0,0,0,0,0,0,0,0,0,0,0,0
5677,Sturnira paulsoni,0,1,0,1,0,0,0,0,0,0,0,0,0,0,0,0
5678,Sturnira hondurensis,0,0,0,1,0,0,0,0,0,0,0,0,0,0,0,0
5679,Sturnira koopmanhilli,0,0,0,1,0,0,0,0,0,0,0,0,1,1,0,0
5680,Sturnira perla,0,0,0,1,0,0,0,0,0,0,1,0,1,1,0,0
5681,Sturnira lilium,0,0,0,0,0,0,0,0,0,0,0,0,0,0,0,0
5682,Sturnira ludovici,0,0,0,0,0,0,0,0,0,0,0,0,0,0,0,0
5683,Platyrrhinus helleri,0,0,0,0,0,0,0,0,0,0,0,0,0,0,0,0
5684,Platyrrhinus incarum,0,0,0,0,0,0,0,0,0,0,0,0,0,0,0,0
5685,Platyrrhinus angustirostris,0,0,0,0,0,0,0,0,0,0,0,0,0,0,0,0
5686,Platyrrhinus fusciventris,0,0,0,0,0,0,0,0,0,0,0,0,0,0,0,0
5687,Platyrrhinus aquilus,0,0,0,0,0,0,0,0,0,0,0,0,0,0,0,0
5688,Platyrrhinus dorsalis,0,0,0,1,0,0,0,0,0,0,0,1,0,0,0,0
5689,Platyrrhinus nitelinea,0,0,0,0,0,0,0,0,0,0,0,0,0,0,0,0
5690,Philantomba walteri,0,0,0,0,0,0,0,0,0,0,0,0,0,0,0,0
5691,Biswamoyopterus laoensis,0,0,0,0,0,0,0,0,1,0,0,0,0,0,0,0
5692,Funambulus sublineatus,0,0,0,0,0,0,0,0,0,0,0,0,0,0,0,0
5693,Funambulus obscurus,0,0,0,1,0,1,0,0,0,0,0,0,0,0,0,0
5694,Marmosops impavidus,0,0,0,0,0,0,0,0,0,0,0,0,0,0,0,0
5695,Marmosops caucae,0,0,0,0,0,0,0,0,0,0,0,0,0,0,0,0
5696,Dasyprocta leporina,0,0,0,0,0,0,0,0,0,0,0,0,0,0,0,0
5697,Dasyprocta croconota,0,0,0,0,0,0,0,0,0,0,0,0,0,0,0,0
5698,Dasyprocta punctata,0,0,0,1,0,0,0,0,1,0,0,0,0,0,0,0
5699,Dasyprocta variegata,0,0,0,0,0,0,0,0,0,0,0,0,0,0,0,0
5700,Dasyprocta iacki,0,0,0,0,0,0,0,0,0,0,0,0,0,0,0,0
5701,Chaetophractus vellerosus,0,0,0,1,0,0,0,0,2,0,0,0,1,0,0,0
5702,Isothrix bistriata,0,0,0,0,0,0,0,0,0,0,0,0,0,0,0,0
5703,Isothrix orinoci,0,0,0,0,0,0,0,0,0,0,0,0,0,0,0,0
5704,Toromys rhipidurus,0,0,0,0,0,0,0,0,0,0,0,0,0,0,0,0
5705,Thrichomys laurentius,0,0,0,0,0,0,0,0,0,0,0,0,0,0,0,0
5706,Pattonomys carrikeri,0,0,0,0,0,0,0,0,0,0,0,0,0,0,0,0
5707,Pattonomys semivillosus,0,0,0,0,0,0,0,0,0,0,0,0,0,0,0,0
5708,Pattonomys flavidus,0,0,0,0,0,0,0,0,0,0,0,0,0,0,0,0
5709,Pattonomys punctatus,0,0,0,0,0,0,0,0,0,0,0,0,0,0,0,0
5710,Suncus etruscus,0,0,0,0,0,0,0,0,0,0,0,0,0,0,0,0
5711,Cryptotis perijensis,0,0,0,0,0,0,0,0,0,0,1,0,0,0,0,0
5712,Sicista subtilis,0,0,0,2,0,0,0,0,0,0,2,0,0,0,0,0
5713,Paragalago granti,0,0,0,0,0,0,0,0,0,0,0,0,0,0,0,0
5714,Sciurocheirus makandensis,0,0,0,2,0,0,0,0,0,0,0,0,0,0,0,0
5715,Perodicticus potto,0,0,0,2,0,0,0,0,2,0,0,2,0,0,0,0
5716,Papio cynocephalus,0,0,0,0,0,0,0,0,0,0,0,0,0,0,0,0
5717,Erythrocebus baumstarki,0,0,0,2,0,0,0,0,2,0,2,2,0,0,0,0
5718,Sicista trizona,0,0,0,0,0,0,0,0,0,0,1,0,0,0,0,0
5719,Gracilimus radix,0,0,0,0,0,0,0,0,0,0,0,0,0,0,0,0
5720,Cercopithecus lomamiensis,0,0,0,2,0,0,0,0,2,0,0,0,0,0,0,0
5721,Cercopithecus pogonias,0,0,0,1,0,0,0,0,2,0,0,2,2,0,0,0
5722,Bunomys torajae,0,0,0,0,0,0,0,0,0,0,0,0,0,0,0,0
5723,Bunomys karokophilus,0,0,0,0,0,0,0,0,0,0,0,0,0,0,0,0
5724,Waiomys mamasae,0,0,0,0,0,0,0,0,0,0,0,0,0,0,0,0
5725,Hyorhinomys stuempkei,0,0,0,0,0,0,0,0,0,0,0,0,0,0,0,0
5726,Chaetodipus arenarius,0,0,0,0,0,0,0,0,0,0,0,0,0,0,0,0
5727,Chaetodipus siccus,0,0,0,0,0,0,0,0,0,1,0,0,0,0,0,0
5728,Dipodomys phillipsii,0,0,0,1,0,0,0,0,0,0,0,0,0,0,0,0
5729,Dipodomys ornatus,0,0,0,1,0,0,0,0,0,0,0,0,0,0,0,0
5730,Dipodomys merriami,0,0,0,0,0,0,0,0,0,0,0,0,0,0,0,0
5731,Cercopithecus wolfi,0,0,0,1,0,0,0,0,2,0,0,0,0,0,0,0
5732,Pappogeomys bulleri,0,0,0,0,0,0,0,0,0,0,0,0,0,0,0,0
5733,Piliocolobus semlikiensis,0,0,1,2,0,0,0,0,2,0,0,0,2,0,0,0
5734,Neoromicia isabella,0,0,0,1,0,0,0,0,0,0,0,0,1,0,0,0
5735,Otomops harrisoni,0,0,0,0,0,0,0,0,1,0,0,0,1,0,0,1
5736,Lutreolina massoia,0,0,0,1,0,0,0,0,0,0,1,1,0,0,0,0
5737,Platyrrhinus umbratus,0,0,0,0,0,0,0,0,0,0,0,0,0,0,0,0
5738,Thomasomys pyrrhonotus,0,0,0,0,0,0,0,0,0,0,0,0,0,0,0,0
5739,Thomasomys auricularis,0,0,0,0,0,0,0,0,0,0,0,0,0,0,0,0
5740,Thomasomys daphne,0,0,0,0,0,0,0,0,0,0,0,0,0,0,0,0
5741,Thomasomys australis,0,0,0,0,0,0,0,0,0,0,0,0,0,0,0,0
5742,Thomasomys cinereiventer,0,0,0,0,0,0,0,0,0,0,0,0,0,0,0,0
5743,Thomasomys contradictus,0,0,0,0,0,0,0,0,0,0,0,0,0,0,0,0
5744,Thomasomys dispar,0,0,0,0,0,0,0,0,0,0,0,0,0,0,0,0
5745,Thomasomys laniger,0,0,0,0,0,0,0,0,0,0,0,0,0,0,0,0
5746,Thomasomys emeritus,0,0,0,0,0,0,0,0,0,0,0,0,0,0,0,0
5747,Thomasomys fumeus,0,0,0,0,0,0,0,0,0,0,0,0,0,0,0,0
5748,Thomasomys popayanus,0,0,0,0,0,0,0,0,0,0,0,0,0,0,0,0
5749,Thomasomys nicefori,0,0,0,0,0,0,0,0,0,0,0,0,0,0,0,0
5750,Thomasomys aureus,0,0,0,0,0,0,0,0,0,0,0,0,0,0,0,0
5751,Thomasomys princeps,0,0,0,0,0,0,0,0,0,0,0,0,0,0,0,0
5752,Heterogeomys cherriei,0,0,0,0,0,0,0,0,0,0,0,0,0,0,0,0
5753,Heterogeomys dariensis,0,0,0,0,0,0,0,0,0,0,0,0,0,0,0,0
5754,Chaetodipus ammophilus,0,0,0,0,0,0,0,0,0,0,0,0,0,0,0,0
5755,Cryptotis celaque,0,0,0,0,0,0,0,0,0,0,0,0,0,0,0,0
5756,Cryptotis mccarthyi,0,0,0,0,0,0,0,0,0,0,0,0,0,0,0,0
5757,Cryptotis cavatorculus,0,0,0,0,0,0,0,0,0,0,0,0,0,0,0,0
5758,Cryptotis niausa,0,0,0,0,0,0,0,0,0,0,0,0,0,0,0,0
5759,Monodelphis americana,0,0,0,0,0,0,0,0,0,0,0,0,0,0,0,0
5760,Monodelphis scalops,0,0,0,0,0,0,0,0,0,0,0,0,0,0,0,0
5761,Monodelphis glirina,0,0,0,0,0,0,0,0,0,0,0,0,0,0,0,0
5762,Spalax graecus,0,0,0,1,0,0,0,0,0,0,1,0,0,0,0,0
5763,Spalax istricus,0,0,0,0,0,0,0,0,0,0,0,0,0,0,0,0
5764,Spalax antiquus,0,1,0,1,0,1,0,0,1,0,1,0,1,1,1,0
5765,Dermanura watsoni,0,0,0,0,0,0,0,0,0,0,0,0,0,0,0,0
5766,Pteropus chrysoproctus,0,0,0,1,0,0,0,0,1,0,0,1,0,0,0,0
5767,Thomasomys vulcani,0,0,0,0,0,0,0,0,0,0,0,0,0,0,0,0
5768,Harpiocephalus harpia,0,0,0,1,0,0,0,0,0,0,0,1,1,0,0,0
5769,Murina harrisoni,0,0,0,0,0,0,0,0,0,0,0,0,0,0,0,0
5770,Lophostoma carrikeri,0,0,0,0,0,0,0,0,0,0,0,0,0,0,0,0
5771,Ochotona pallasii,0,0,0,0,0,0,0,0,1,0,0,0,0,0,0,0
5772,Ochotona opaca,0,0,0,0,0,0,0,0,0,0,0,0,0,0,0,0
5773,Coendou prehensilis,0,0,0,0,0,0,0,0,0,0,0,0,0,0,0,0
5774,Molossus coibensis,0,0,0,0,0,0,0,0,0,0,0,0,0,0,0,0
5775,Sicista loriger,0,0,0,0,0,0,0,0,0,0,0,0,1,0,0,0
5776,Myosorex cafer,0,1,0,0,1,1,0,0,0,0,1,0,1,0,0,0
5777,Myosorex meesteri,0,1,0,0,0,0,0,0,0,0,0,0,0,0,0,0
5778,Myosorex tenuis,0,1,0,0,1,1,0,0,0,0,0,0,1,1,0,0
5779,Otomys auratus,0,1,0,1,0,0,0,0,0,0,1,0,1,1,0,0
5780,Otomys irroratus,0,1,0,2,0,0,0,0,0,0,2,0,1,1,0,0
5781,Tupaia palawanensis,0,0,0,0,0,0,0,0,0,0,0,0,0,0,0,0
5782,Hylomyscus heinrichorum,0,0,0,0,0,0,0,0,0,0,0,0,0,0,0,0
5783,Hylomyscus kerbispeterhansi,0,0,0,0,0,0,0,0,0,0,0,0,0,0,0,0
5784,Hylomyscus endorobae,0,0,0,0,0,0,0,0,0,0,0,0,0,0,0,0
5785,Hylomyscus vulcanorum,0,0,0,1,0,0,0,0,0,0,0,1,1,0,0,0
5786,Crocidura fingui,0,0,0,0,0,0,0,0,0,1,0,0,0,0,0,0
5787,Crocidura absconditus,0,0,0,0,0,0,0,0,0,0,0,0,0,0,0,0
5788,Crocidura obscurior,0,0,0,0,0,0,0,0,0,0,0,0,0,0,0,0
5789,Crocidura eburnea,0,0,0,0,0,0,0,0,0,0,0,0,0,0,0,0
5790,Crocidura gathornei,0,0,0,0,0,0,0,0,0,0,0,0,0,0,0,0
5791,Crocidura monax,0,0,0,0,0,0,0,0,0,0,0,0,0,0,0,0
5792,Tupaia longipes,0,0,0,0,0,0,0,0,0,0,0,1,0,0,0,0
5793,Tupaia salatana,0,0,0,0,0,0,0,0,0,0,0,0,0,0,0,0
5794,Tupaia glis,0,0,0,0,0,0,0,0,0,0,0,0,0,0,0,0
5795,Tupaia hypochrysa,0,0,0,1,0,0,0,0,0,0,0,1,0,1,0,0
5796,Tupaia discolor,0,0,0,0,0,0,0,0,0,0,0,0,0,0,0,0
5797,Tupaia ferruginea,0,0,0,1,0,0,0,0,0,0,0,1,0,0,0,0
5798,Batomys granti,0,0,0,0,0,0,0,0,0,0,0,0,0,0,0,0
5799,Batomys uragon,0,0,0,0,0,0,0,0,0,0,0,0,0,0,0,0
5800,Cryptomys hottentotus,0,0,0,0,0,0,0,0,0,0,0,0,0,0,0,0
5801,Cryptomys mahali,0,0,0,0,0,0,0,0,1,0,0,0,0,0,0,0
5802,Cryptomys natalensis,0,0,0,0,0,0,0,0,0,0,0,0,0,0,0,0
5803,Cryptomys pretoriae,0,0,0,0,0,0,0,0,0,0,0,0,0,0,0,0
5804,Otomys karoensis,0,1,0,1,0,0,0,0,0,1,0,0,1,1,0,0
5805,Musseromys anacuao,0,0,0,0,0,0,0,0,0,0,0,0,0,0,0,0
5806,Musseromys beneficus,0,0,0,0,0,0,0,0,0,0,0,0,0,0,0,0
5807,Musseromys inopinatus,0,0,0,0,0,0,0,0,0,0,0,0,0,0,0,0
5808,Myosorex kabogoensis,0,0,0,0,0,0,0,0,0,0,0,0,0,0,0,0
5809,Apomys iridensis,0,0,0,0,0,0,0,0,0,0,0,0,0,0,0,0
5810,Apomys lubangensis,0,0,0,0,0,0,0,0,0,0,0,0,0,0,0,0
5811,Crocidura lwiroensis,0,0,0,1,0,0,0,0,0,0,0,1,1,0,0,0
5812,Rattus detentus,0,0,0,1,0,0,0,0,0,1,0,1,0,0,0,0
5813,Rhabdomys bechuanae,0,1,0,0,0,0,0,0,0,0,0,0,0,0,0,0
5814,Rhabdomys pumilio,0,0,0,0,0,0,0,0,0,0,0,0,0,0,0,0
5815,Rhabdomys dilectus,0,1,0,0,0,0,0,0,0,0,0,0,0,0,0,0
5816,Rhabdomys intermedius,0,0,0,0,0,0,0,0,0,0,0,0,0,0,0,0
5817,Cricetomys gambianus,0,0,0,0,0,0,0,0,0,0,0,0,0,0,0,0
5818,Cricetomys ansorgei,0,0,0,0,0,0,0,0,1,0,0,0,0,0,0,0
5819,Hylopetes sagitta,0,0,0,0,0,0,0,0,0,0,0,0,0,0,0,0
5820,Prosciurillus leucomus,0,0,0,0,0,0,0,0,0,0,0,0,0,0,0,0
5821,Prosciurillus topapuensis,0,0,0,1,0,0,0,0,0,0,0,0,0,0,0,0
5822,Prosciurillus alstoni,0,0,0,0,0,0,0,0,0,0,0,0,0,0,0,0
5823,Halmaheramys bokimekot,0,0,0,0,0,0,0,0,0,0,0,1,1,0,0,0
5824,Graphiurus walterverheyeni,0,0,0,1,0,0,0,0,1,0,0,1,0,0,0,0
5825,Scutisorex thori,0,0,0,0,0,0,0,0,0,0,0,0,0,0,0,0
5826,Coccymys kirrhos,0,0,0,0,0,0,0,0,0,0,0,0,0,0,0,0
5827,Coccymys shawmayeri,0,0,0,0,0,0,0,0,0,0,0,0,0,0,0,0
5828,Coccymys ruemmleri,0,0,0,0,0,0,0,0,0,0,0,0,0,0,0,0
5829,Microtus irani,0,0,0,0,0,0,0,0,0,0,0,0,0,0,0,0
5830,Microtus elbeyli,0,0,0,0,0,0,0,0,0,0,0,0,0,0,0,0
5831,Crocidura sapaensis,0,0,0,0,0,0,0,0,0,0,0,0,0,0,0,0
5832,Crocidura umbra,0,0,0,0,0,0,0,0,0,0,0,0,0,0,0,0
5833,Crocidura munissii,0,0,0,0,0,0,0,0,0,0,0,0,0,0,0,0
5834,Crocidura newmarki,0,0,0,0,0,0,0,0,0,0,0,0,0,0,0,0
5835,Crocidura mdumai,0,0,0,0,0,0,0,0,0,0,0,0,0,0,0,0
5836,Crocidura tansaniana,0,0,0,0,0,0,0,0,0,0,0,0,0,0,0,0
5837,Crocidura usambarae,0,0,0,0,0,0,0,0,0,0,0,0,0,0,0,0
5838,Crocidura afeworkbekelei,0,0,0,0,0,0,0,0,0,0,0,0,0,0,0,0
5839,Crocidura yaldeni,0,0,0,0,0,0,0,0,0,0,0,0,0,0,0,0
5840,Crocidura goliath,0,0,0,0,0,0,0,0,0,0,0,0,0,0,0,0
5841,Crocidura nimbasilvanus,0,0,0,0,0,0,0,0,0,0,0,0,1,0,0,0
5842,Rhipidomys albujai,0,0,0,0,0,0,0,0,0,0,0,0,0,0,0,0
5843,Cerradomys scotti,0,0,0,0,0,0,0,0,0,0,0,0,0,0,0,0
5844,Abrothrix manni,0,0,0,2,0,0,0,0,0,0,0,0,0,2,0,0
5845,Cryptotis dinirensis,0,0,0,0,0,0,0,0,0,0,0,0,0,0,0,0
5846,Akodon caenosus,0,0,0,0,0,0,0,0,0,0,0,0,0,0,0,0
5847,Akodon dolores,0,0,0,0,0,0,0,0,0,0,0,0,0,0,0,0
5848,Brucepattersonius griserufescens,0,0,0,0,0,0,0,0,0,0,0,0,0,0,0,0
5849,Graomys chacoensis,0,0,0,0,0,0,0,0,0,0,0,0,0,0,0,0
5850,Ctenomys frater,0,0,0,0,0,0,0,0,0,0,0,0,0,0,0,0
5851,Oryzomys gorgasi,0,0,0,0,0,0,0,0,0,1,0,0,0,0,0,1
5852,Juscelinomys huanchacae,0,0,0,1,0,0,0,0,0,0,1,0,0,0,0,0
5853,Nectomys grandis,0,0,0,0,0,0,0,0,0,0,0,0,0,0,0,0
5854,Oxymycterus paramensis,0,0,0,0,0,0,0,0,0,0,0,0,0,0,0,0
5855,Sigmodon alleni,0,0,0,1,0,0,0,0,0,0,1,0,0,0,0,0
5856,Neotoma lepida,0,0,0,0,0,0,0,0,0,0,0,0,0,0,0,0
5857,Neotoma insularis,0,0,0,0,0,0,0,0,0,0,0,0,0,0,0,0
5858,Urocitellus mollis,0,0,0,1,0,0,0,0,0,0,1,0,0,0,0,0
5859,Urocitellus nancyae,0,0,0,2,0,0,0,0,1,2,0,0,2,0,0,0
5860,Hybomys badius,0,0,0,0,0,0,0,0,0,0,0,0,0,0,0,0
5861,Hybomys eisentrauti,0,0,0,1,0,0,0,0,0,0,0,1,0,0,0,0
5862,Neotoma bryanti,0,0,0,0,0,0,0,0,0,1,0,1,0,0,0,0
5863,Gazella arabica,0,0,0,0,0,0,0,0,0,0,0,0,0,0,0,0
5864,Pteropus pelewensis,0,1,0,1,0,0,0,0,0,0,0,1,1,0,0,0
5865,Canis aureus,0,0,0,0,0,0,0,0,0,0,0,0,0,0,0,0
5866,Canis lupaster,0,0,0,1,0,0,0,0,0,0,0,0,1,0,0,0
5867,Hoolock leuconedys,0,0,0,1,0,0,0,0,1,0,0,1,1,0,0,0
5868,Hoolock tianxing,0,0,0,2,0,0,0,0,2,0,0,2,0,0,0,0
5869,Uromys vika,0,0,0,0,0,0,0,0,0,0,0,3,0,0,0,0
5870,Pongo tapanuliensis,0,2,0,2,0,2,0,0,2,0,0,1,3,0,0,0
5871,Nomascus annamensis,0,0,0,2,0,0,0,0,2,0,0,0,0,2,0,0
5872,Pongo abelii,0,2,0,3,0,3,0,0,2,0,0,1,3,0,0,0
5873,Natalus mexicanus,0,0,0,0,0,0,0,0,0,0,0,0,1,0,0,1
5874,Plecturocebus miltoni,0,0,0,0,0,0,0,0,1,0,0,0,0,0,0,0
5875,Plecturocebus urubambensis,0,0,0,0,0,0,0,0,1,0,0,1,0,0,0,0
5876,Plecturocebus cupreus,0,0,0,0,0,0,0,0,0,0,0,0,0,0,0,0
5877,Plecturocebus toppini,0,0,0,0,0,0,0,0,1,0,0,0,0,0,0,0
5878,Mesoplodon hotaula,0,0,0,0,0,0,0,0,0,0,0,0,0,0,0,0
5879,Mesoplodon ginkgodens,0,0,0,0,0,0,0,0,0,0,0,0,0,0,0,0
5880,Nomascus gabriellae,0,0,0,1,0,0,0,0,1,0,0,1,0,1,0,0
5881,Felis lybica,0,0,0,1,0,0,0,0,1,2,1,0,1,0,0,0
5882,Sylvilagus andinus,0,0,0,1,0,0,0,0,1,0,1,0,0,0,0,0
5883,Sylvilagus tapetillus,0,0,0,0,0,0,0,0,0,0,0,0,1,0,0,0
5884,Sylvilagus sanctaemartae,0,0,0,0,0,0,0,0,0,0,0,0,0,0,0,0
5885,Kerivoula hardwickii,0,0,0,0,0,0,0,0,0,0,0,0,0,0,0,0
5886,Kerivoula depressa,0,0,0,0,0,0,0,0,0,0,0,0,0,0,0,0
5887,Kerivoula dongduongana,0,0,0,0,0,0,0,0,0,0,0,0,0,0,0,0
5888,Kerivoula furva,0,0,0,0,0,0,0,0,0,0,0,0,0,0,0,0
5889,Kerivoula crypta,0,0,0,0,0,0,0,0,0,0,0,0,0,0,0,0
5890,Murina cyclotis,0,0,0,1,0,0,0,0,0,0,0,0,0,1,0,0
5891,Cacajao melanocephalus,0,0,0,0,0,0,0,0,0,0,0,0,0,0,0,0
5892,Lagothrix lagothricha,0,0,0,1,0,0,0,0,1,0,1,0,1,0,0,0
5893,Leontocebus fuscicollis,0,0,0,0,0,0,0,0,0,0,0,0,0,0,0,0
5894,Saguinus niger,0,0,0,1,1,1,0,0,0,0,1,1,1,0,0,0
5895,Leontocebus weddelli,0,0,0,0,0,0,0,0,0,0,0,0,0,0,0,0
5896,Saimiri cassiquiarensis,0,0,0,1,0,0,0,0,1,0,0,0,1,1,0,0
5897,Piliocolobus badius,0,0,2,2,0,1,0,0,3,0,0,1,1,2,0,0
5898,Tarsius spectrumgurskyae,0,0,0,2,0,0,0,0,2,2,0,2,0,0,2,0
5899,Tarsius supriatnai,0,0,0,0,0,0,0,0,1,2,0,2,0,2,2,0
5900,Tarsius niemitzi,0,0,0,2,0,0,0,0,1,3,0,0,2,0,2,0
5901,Tarsius tarsier,0,0,0,2,0,0,0,0,2,2,0,2,2,0,2,0
5902,Tarsius fuscus,0,0,0,0,0,0,0,0,2,2,0,2,0,0,1,0
5903,Capricornis sumatraensis,0,0,0,1,0,0,0,0,2,0,1,2,1,0,0,0
5904,Nycticebus menagensis,0,0,0,1,0,1,0,0,1,0,0,1,0,1,0,0
5905,Nycticebus kayan,0,0,0,0,0,2,0,0,1,0,0,0,0,2,0,1
5906,Nycticebus bancanus,0,0,0,0,0,0,0,0,0,0,0,0,0,2,0,0
5907,Nycticebus borneanus,0,0,0,0,0,2,0,0,2,0,0,0,0,2,0,0
5908,Nycticebus coucang,0,0,0,2,0,0,0,0,2,0,0,1,0,1,0,0
5909,Nycticebus hilleri,0,0,0,0,0,2,0,0,2,0,0,0,0,2,0,0
5910,Cheirogaleus shethi,0,0,0,0,0,0,0,0,0,0,0,0,0,0,0,0
5911,Cheirogaleus crossleyi,0,0,0,0,0,0,0,0,0,0,0,0,0,0,0,0
5912,Cheirogaleus andysabini,0,0,0,0,0,0,0,0,0,0,0,0,0,0,0,0
5913,Cheirogaleus grovesi,0,0,0,0,0,0,0,0,0,0,0,0,0,0,0,0
5914,Cheirogaleus lavasoensis,0,0,0,0,0,0,0,0,0,0,0,0,0,0,0,0
5915,Cheirogaleus thomasi,0,0,0,0,0,0,0,0,0,0,0,0,0,0,0,0
5916,Cheirogaleus medius,0,0,0,0,0,0,0,0,0,0,0,0,0,0,0,0
5917,Microcebus tanosi,0,0,0,0,0,0,0,0,0,0,0,0,0,0,0,0
5918,Microcebus ganzhorni,0,0,0,0,0,0,0,0,0,0,0,0,0,0,0,0
5919,Microcebus manitatra,0,0,0,0,0,0,0,0,0,0,0,0,0,0,0,0
5920,Microcebus boraha,0,0,0,0,0,0,0,0,0,0,0,0,0,0,0,0
5921,Microcebus murinus,0,0,0,1,0,0,0,0,1,0,0,0,1,0,0,0
5922,Microcebus simmonsi,0,0,0,0,0,0,0,0,0,0,0,0,0,0,0,0
5923,Erythrocebus poliophaeus,0,1,0,1,0,0,0,0,2,0,0,0,1,0,0,0
5924,Galagoides kumbirensis,0,0,0,2,0,0,0,0,0,0,0,2,0,0,0,0
5925,Fukomys hanangensis,0,0,0,2,0,0,0,0,1,0,0,0,0,0,0,0
5926,Fukomys livingstoni,0,0,0,0,0,0,0,0,1,0,0,0,0,0,0,0
5927,Semnopithecus hypoleucos,0,0,0,2,0,1,0,0,1,0,0,2,2,1,0,0
5928,Semnopithecus priam,0,0,0,1,0,0,0,0,1,0,0,0,1,0,0,0
5929,Hypsugo ariel,0,0,0,0,0,0,0,0,0,0,0,0,0,0,0,0
5930,Mico munduruku,0,0,0,0,0,0,0,0,0,0,0,0,0,0,0,0
5931,Plecturocebus grovesi,0,0,0,0,0,0,0,0,0,0,0,0,0,0,0,0
5932,Plecturocebus parecis,0,0,0,0,0,0,0,0,0,0,0,0,0,0,0,0
5933,Sapajus apella,0,0,0,1,1,0,0,0,1,0,1,1,1,0,0,0
5934,Erythrocebus patas,0,0,0,1,0,0,0,0,1,0,1,1,0,0,0,0
5935,Presbytis hosei,0,0,0,2,0,0,0,0,2,0,0,2,2,0,0,0
5936,Trachypithecus phayrei,0,0,0,1,1,0,0,0,1,0,1,1,1,1,0,0
5937,Berardius minimus,0,0,0,0,0,0,1,0,0,0,0,0,0,0,1,0
5938,Hipposideros pomona,0,0,0,2,0,0,0,0,0,0,0,0,2,2,0,2
5939,Hipposideros gentilis,0,0,0,0,0,0,0,0,0,0,0,0,0,0,0,0
5940,Loxodonta cyclotis,0,0,1,1,0,0,0,0,2,0,0,1,2,1,0,0
5941,Loxodonta africana,0,2,1,0,0,0,0,0,2,0,1,0,2,1,0,0
5942,Felis silvestris,0,0,0,1,0,0,0,0,2,2,1,1,2,1,1,0
5943,Pipistrellus tenuis,0,0,0,0,0,0,0,0,0,0,0,0,0,0,0,0
5944,Pteropus mariannus,0,2,0,0,0,0,0,2,1,2,0,0,1,1,0,0
5945,Trachypithecus popa,0,0,0,0,0,0,0,0,0,0,0,0,0,0,0,0
5946,Microcebus jonahi,0,0,0,0,0,0,0,0,0,0,0,0,0,0,0,0
5947,Alouatta macconnelli,0,0,0,0,0,0,0,0,1,0,1,1,0,0,0,0
5948,Alouatta seniculus,0,0,0,0,0,0,0,0,1,0,0,1,1,0,0,0
5949,Macaca leucogenys,0,0,0,0,0,0,0,0,0,0,0,0,0,0,0,0
5950,Trachypithecus selangorensis,0,0,0,0,0,0,0,0,0,0,0,0,0,0,0,0
5951,Mico schneideri,0,0,0,1,1,1,0,0,0,0,1,0,1,0,0,0
5952,Microcebus lehilahytsara,0,0,0,0,0,0,0,0,0,0,0,0,0,0,0,0
5953,Lepilemur dorsalis,0,0,0,0,0,0,0,0,0,0,0,0,1,0,0,0
5954,Presbytis comata,0,0,0,1,0,1,0,0,1,0,0,1,1,0,0,0
5955,Cheracebus torquatus,0,0,0,0,0,0,0,0,0,0,0,0,0,0,0,0
5956,Aselliscus dongbacanus,0,0,0,2,0,0,0,0,0,0,0,0,2,2,0,2
5957,Aselliscus stoliczkanus,0,0,0,0,0,0,0,0,1,0,0,0,1,1,0,1
5958,Myotis crypticus,0,0,0,0,0,0,0,0,0,0,0,2,0,0,1,1
5959,Plecotus teneriffae,0,0,0,0,0,2,0,0,0,0,0,2,0,0,2,3
5960,Myotis nattereri,0,0,0,0,0,0,0,0,0,0,0,2,1,0,2,2
5961,Balaenoptera ricei,0,0,0,0,0,0,2,0,0,0,0,0,3,0,3,0
5962,Mesoplodon eueu,0,0,0,0,0,0,0,0,0,0,0,0,0,0,0,0
5963,Plecotus kolombatovici,0,0,0,0,0,0,0,0,0,0,0,0,1,0,0,1
5964,Myotis nimbaensis,0,0,0,1,0,0,0,0,1,0,0,0,2,1,0,0
5965,Nyctophilus holtorum,0,2,0,1,0,2,0,0,0,1,0,0,1,1,0,0
5966,Nyctophilus gouldi,0,2,0,1,0,2,0,0,0,1,1,0,1,1,0,0
5967,Nyctimene wrightae,0,0,0,0,0,0,0,0,0,0,0,0,0,0,0,0
5968,Arvicola amphibius,0,0,0,0,0,0,0,0,0,1,0,0,0,0,0,0
5969,Microtus guentheri,0,0,0,0,0,0,0,0,0,0,0,0,0,0,0,0
5970,Sciurus vulgaris,0,0,0,0,0,0,0,0,0,1,0,0,0,0,0,0
5971,Crocidura suaveolens,0,0,0,0,0,0,0,0,0,0,0,0,0,0,0,0
5972,Neomys milleri,0,0,0,1,1,0,0,0,1,0,1,0,1,0,1,0
5973,Sorex antinorii,0,0,0,0,0,0,0,0,0,0,0,0,0,0,0,0
5974,Talpa europaea,0,0,0,0,0,0,0,0,0,0,0,0,0,0,0,0
5975,Talpa ognevi,0,0,0,0,0,0,0,0,0,0,0,0,0,0,0,0
5976,Talpa caucasica,0,0,0,0,0,0,0,0,0,0,0,0,0,0,0,0
5977,Talpa talyschensis,0,0,0,0,0,0,0,0,0,0,0,0,0,0,0,0
5978,Talpa levantis,0,0,0,0,0,0,0,0,0,0,0,0,0,0,0,0
5979,Prionailurus bengalensis,0,0,0,1,0,0,0,0,1,0,0,1,1,0,0,0
5980,Miniopterus schreibersii,0,0,0,0,0,0,0,0,1,1,0,0,2,0,2,2
