,taxonid,kingdom_name,phylum_name,class_name,order_name,family_name,genus_name,scientific_name,taxonomic_authority,infra_rank,infra_name,population,category,main_common_name
1,18,ANIMALIA,CHORDATA,MAMMALIA,RODENTIA,ABROCOMIDAE,Abrocoma,Abrocoma boliviensis,"Glanz &amp; Anderson, 1990",NA,NA,NA,CR,Bolivian Chinchilla Rat
2,137,ANIMALIA,CHORDATA,MAMMALIA,CHIROPTERA,PTEROPODIDAE,Acerodon,Acerodon celebensis,"Peters, 1867",NA,NA,NA,VU,Sulawesi Fruit Bat
3,138,ANIMALIA,CHORDATA,MAMMALIA,CHIROPTERA,PTEROPODIDAE,Acerodon,Acerodon humilis,"K. Andersen, 1909",NA,NA,NA,EN,Talaud Fruit Bat
4,139,ANIMALIA,CHORDATA,MAMMALIA,CHIROPTERA,PTEROPODIDAE,Acerodon,Acerodon jubatus,"(Eschscholtz, 1831)",NA,NA,NA,EN,Golden-capped Fruit Bat
5,140,ANIMALIA,CHORDATA,MAMMALIA,CHIROPTERA,PTEROPODIDAE,Acerodon,Acerodon leucotis,"(Sanborn, 1950)",NA,NA,NA,VU,Palawan Fruit Bat
6,142,ANIMALIA,CHORDATA,MAMMALIA,CHIROPTERA,PTEROPODIDAE,Acerodon,Acerodon mackloti,"(Temminck, 1837)",NA,NA,NA,VU,Sunda Fruit Bat
7,219,ANIMALIA,CHORDATA,MAMMALIA,CARNIVORA,FELIDAE,Acinonyx,Acinonyx jubatus,"(Schreber, 1775)",NA,NA,NA,VU,Cheetah
8,263,ANIMALIA,CHORDATA,MAMMALIA,RODENTIA,MURIDAE,Acomys,Acomys cahirinus,"(É. Geoffroy, 1803)",NA,NA,NA,LC,Cairo Spiny Mouse
9,264,ANIMALIA,CHORDATA,MAMMALIA,RODENTIA,MURIDAE,Acomys,Acomys cilicicus,"Spitzenberger, 1978",NA,NA,NA,DD,Asia Minor Spiny Mouse
10,265,ANIMALIA,CHORDATA,MAMMALIA,RODENTIA,MURIDAE,Acomys,Acomys cineraceus,"Heuglin, 1877",NA,NA,NA,LC,Gray Spiny Mouse
11,266,ANIMALIA,CHORDATA,MAMMALIA,RODENTIA,MURIDAE,Acomys,Acomys ignitus,"Dollman, 1910",NA,NA,NA,LC,Fiery Spiny Mouse
12,267,ANIMALIA,CHORDATA,MAMMALIA,RODENTIA,MURIDAE,Acomys,Acomys kempi,"Dollman, 1911",NA,NA,NA,LC,Kemp's Spiny Mouse
13,268,ANIMALIA,CHORDATA,MAMMALIA,RODENTIA,MURIDAE,Acomys,Acomys louisae,"Thomas, 1896",NA,NA,NA,LC,Louise's Spiny Mouse
14,269,ANIMALIA,CHORDATA,MAMMALIA,RODENTIA,MURIDAE,Acomys,Acomys minous,"Bate, 1906",NA,NA,NA,DD,Crete Spiny Mouse
15,270,ANIMALIA,CHORDATA,MAMMALIA,RODENTIA,MURIDAE,Acomys,Acomys mullah,"Thomas, 1904",NA,NA,NA,LC,Mullah Spiny Mouse
16,271,ANIMALIA,CHORDATA,MAMMALIA,RODENTIA,MURIDAE,Acomys,Acomys nesiotes,"Bate, 1903",NA,NA,NA,DD,Cyprus Spiny Mouse
17,272,ANIMALIA,CHORDATA,MAMMALIA,RODENTIA,MURIDAE,Acomys,Acomys percivali,"Dollman, 1911",NA,NA,NA,LC,Percival's Spiny Mouse
18,273,ANIMALIA,CHORDATA,MAMMALIA,RODENTIA,MURIDAE,Acomys,Acomys russatus,"(Wagner, 1840)",NA,NA,NA,LC,Golden Spiny Mouse
19,275,ANIMALIA,CHORDATA,MAMMALIA,RODENTIA,MURIDAE,Acomys,Acomys subspinosus,"(Waterhouse, 1838)",NA,NA,NA,LC,Cape Spiny Mouse
20,276,ANIMALIA,CHORDATA,MAMMALIA,RODENTIA,MURIDAE,Acomys,Acomys wilsoni,"Thomas, 1892",NA,NA,NA,LC,Wilson's Spiny Mouse
21,278,ANIMALIA,CHORDATA,MAMMALIA,RODENTIA,OCTODONTIDAE,Aconaemys,Aconaemys fuscus,"(Waterhouse, 1842)",NA,NA,NA,LC,Chilean Rock Rat
22,279,ANIMALIA,CHORDATA,MAMMALIA,RODENTIA,OCTODONTIDAE,Aconaemys,Aconaemys sagei,"Pearson, 1984",NA,NA,NA,DD,Sage's Rock Rat
23,512,ANIMALIA,CHORDATA,MAMMALIA,ARTIODACTYLA,BOVIDAE,Addax,Addax nasomaculatus,"(de Blainville, 1816)",NA,NA,NA,CR,Addax
24,547,ANIMALIA,CHORDATA,MAMMALIA,RODENTIA,CRICETIDAE,Handleyomys,Handleyomys fuscatus,"(J.A. Allen, 1912)",NA,NA,NA,LC,Dusky Montane Mouse
25,548,ANIMALIA,CHORDATA,MAMMALIA,RODENTIA,CRICETIDAE,Aepeomys,Aepeomys lugens,"(Thomas, 1896)",NA,NA,NA,LC,Olive Montane Mouse
26,550,ANIMALIA,CHORDATA,MAMMALIA,ARTIODACTYLA,BOVIDAE,Aepyceros,Aepyceros melampus,"(Lichtenstein, 1812)",NA,NA,NA,LC,Impala
27,555,ANIMALIA,CHORDATA,MAMMALIA,RODENTIA,SCIURIDAE,Aeretes,Aeretes melanopterus,"(Milne-Edwards, 1867)",NA,NA,NA,NT,Northern Chinese Flying Squirrel
28,556,ANIMALIA,CHORDATA,MAMMALIA,RODENTIA,SCIURIDAE,Aeromys,Aeromys tephromelas,"(Günther, 1873)",NA,NA,NA,DD,Black Flying Squirrel
29,557,ANIMALIA,CHORDATA,MAMMALIA,RODENTIA,SCIURIDAE,Aeromys,Aeromys thomasi,"(Hose, 1900)",NA,NA,NA,LC,Thomas’s Flying Squirrel
30,565,ANIMALIA,CHORDATA,MAMMALIA,CHIROPTERA,PTEROPODIDAE,Aethalops,Aethalops alecto,"(Thomas, 1923)",NA,NA,NA,LC,Pygmy Fruit Bat
31,567,ANIMALIA,CHORDATA,MAMMALIA,RODENTIA,MURIDAE,Aethomys,Aethomys silindensis,"Roberts, 1938",NA,NA,NA,DD,Selinda Veld Rat
32,568,ANIMALIA,CHORDATA,MAMMALIA,RODENTIA,MURIDAE,Aethomys,Aethomys bocagei,"(Thomas, 1904)",NA,NA,NA,LC,Bocage's Rock Rat
33,569,ANIMALIA,CHORDATA,MAMMALIA,RODENTIA,MURIDAE,Aethomys,Aethomys chrysophilus,"(de Winton, 1897)",NA,NA,NA,LC,Red Rock Rat
34,570,ANIMALIA,CHORDATA,MAMMALIA,RODENTIA,MURIDAE,Micaelamys,Micaelamys granti,"(Wroughton, 1908)",NA,NA,NA,LC,Grant's Rock Rat
35,571,ANIMALIA,CHORDATA,MAMMALIA,RODENTIA,MURIDAE,Aethomys,Aethomys hindei,"(Thomas, 1902)",NA,NA,NA,LC,Hinde's Rock Rat
36,572,ANIMALIA,CHORDATA,MAMMALIA,RODENTIA,MURIDAE,Aethomys,Aethomys kaiseri,"(Noack, 1887)",NA,NA,NA,LC,Kaiser's Rock Rat
37,573,ANIMALIA,CHORDATA,MAMMALIA,RODENTIA,MURIDAE,Micaelamys,Micaelamys namaquensis,"(A. Smith, 1834)",NA,NA,NA,LC,Namaqua Rock Rat
38,574,ANIMALIA,CHORDATA,MAMMALIA,RODENTIA,MURIDAE,Aethomys,Aethomys nyikae,"(Thomas, 1897)",NA,NA,NA,LC,Nyika Rock Rat
39,575,ANIMALIA,CHORDATA,MAMMALIA,RODENTIA,MURIDAE,Aethomys,Aethomys stannarius,"(Thomas, 1913)",NA,NA,NA,DD,Tinfields Rock Rat
40,576,ANIMALIA,CHORDATA,MAMMALIA,RODENTIA,MURIDAE,Aethomys,Aethomys thomasi,"(de Winton, 1897)",NA,NA,NA,LC,Thomas's Rock Rat
41,699,ANIMALIA,CHORDATA,MAMMALIA,RODENTIA,CUNICULIDAE,Cuniculus,Cuniculus paca,"(Linnaeus, 1766)",NA,NA,NA,LC,Paca
42,700,ANIMALIA,CHORDATA,MAMMALIA,RODENTIA,CUNICULIDAE,Cuniculus,Cuniculus taczanowskii,"(Stolzmann, 1865)",NA,NA,NA,NT,Mountain Paca
43,712,ANIMALIA,CHORDATA,MAMMALIA,CARNIVORA,URSIDAE,Ailuropoda,Ailuropoda melanoleuca,"(David, 1869)",NA,NA,NA,VU,Giant Panda
44,714,ANIMALIA,CHORDATA,MAMMALIA,CARNIVORA,AILURIDAE,Ailurus,Ailurus fulgens,"F.G. Cuvier, 1825",NA,NA,NA,EN,Red Panda
45,723,ANIMALIA,CHORDATA,MAMMALIA,RODENTIA,CRICETIDAE,Akodon,Akodon aerosus,"Thomas, 1913",NA,NA,NA,LC,Highland Grass Mouse
46,724,ANIMALIA,CHORDATA,MAMMALIA,RODENTIA,CRICETIDAE,Akodon,Akodon affinis,"(J.A. Allen, 1912)",NA,NA,NA,LC,Colombian Grass Mouse
47,725,ANIMALIA,CHORDATA,MAMMALIA,RODENTIA,CRICETIDAE,Akodon,Akodon albiventer,"Thomas, 1897",NA,NA,NA,LC,White-bellied Grass Mouse
48,726,ANIMALIA,CHORDATA,MAMMALIA,RODENTIA,CRICETIDAE,Akodon,Akodon azarae,"(Fischer, 1829)",NA,NA,NA,LC,Azara's Grass Mouse
49,727,ANIMALIA,CHORDATA,MAMMALIA,RODENTIA,CRICETIDAE,Neomicroxus,Neomicroxus bogotensis,"(Thomas, 1895)",NA,NA,NA,LC,Bogota Grass Mouse
50,728,ANIMALIA,CHORDATA,MAMMALIA,RODENTIA,CRICETIDAE,Akodon,Akodon boliviensis,"Meyen, 1833",NA,NA,NA,LC,Bolivian Grass Mouse
51,729,ANIMALIA,CHORDATA,MAMMALIA,RODENTIA,CRICETIDAE,Akodon,Akodon budini,"(Thomas, 1918)",NA,NA,NA,LC,Budin's Grass Mouse
52,730,ANIMALIA,CHORDATA,MAMMALIA,RODENTIA,CRICETIDAE,Akodon,Akodon cursor,"(Winge, 1887)",NA,NA,NA,LC,Cursor Grass Mouse
53,731,ANIMALIA,CHORDATA,MAMMALIA,RODENTIA,CRICETIDAE,Akodon,Akodon dayi,"Osgood, 1916",NA,NA,NA,LC,Day's Grass Mouse
54,733,ANIMALIA,CHORDATA,MAMMALIA,RODENTIA,CRICETIDAE,Akodon,Akodon fumeus,"Thomas, 1902",NA,NA,NA,LC,Smoky Grass Mouse
55,735,ANIMALIA,CHORDATA,MAMMALIA,RODENTIA,CRICETIDAE,Abrothrix,Abrothrix illutea,"Thomas, 1925",NA,NA,NA,LC,Gray Akodont
56,736,ANIMALIA,CHORDATA,MAMMALIA,RODENTIA,CRICETIDAE,Akodon,Akodon iniscatus,"Thomas, 1919",NA,NA,NA,LC,Intelligent Grass Mouse
57,737,ANIMALIA,CHORDATA,MAMMALIA,RODENTIA,CRICETIDAE,Akodon,Akodon juninensis,"Myers, Patton &amp; Smith, 1990",NA,NA,NA,LC,Junin Grass Mouse
58,738,ANIMALIA,CHORDATA,MAMMALIA,RODENTIA,CRICETIDAE,Deltamys,Deltamys kempi,"Thomas, 1917",NA,NA,NA,LC,Kemp's Grass Mouse
59,739,ANIMALIA,CHORDATA,MAMMALIA,RODENTIA,CRICETIDAE,Akodon,Akodon kofordi,"Myers &amp; Patton, 1989",NA,NA,NA,LC,Koford's Grass Mouse
60,740,ANIMALIA,CHORDATA,MAMMALIA,RODENTIA,CRICETIDAE,Abrothrix,Abrothrix lanosus,"(Thomas, 1897)",NA,NA,NA,LC,Woolly Grass Mouse
61,741,ANIMALIA,CHORDATA,MAMMALIA,RODENTIA,CRICETIDAE,Neomicroxus,Neomicroxus latebricola,"(Anthony, 1924)",NA,NA,NA,EN,Ecuadorean Grass Mouse
62,742,ANIMALIA,CHORDATA,MAMMALIA,RODENTIA,CRICETIDAE,Akodon,Akodon lindberghi,"Hershkovitz, 1990",NA,NA,NA,DD,Lindbergh's Grass Mouse
63,743,ANIMALIA,CHORDATA,MAMMALIA,RODENTIA,CRICETIDAE,Abrothrix,Abrothrix longipilis,"(Waterhouse, 1837)",NA,NA,NA,LC,Long-haired Akodont
64,746,ANIMALIA,CHORDATA,MAMMALIA,RODENTIA,CRICETIDAE,Akodon,Akodon mimus,"(Thomas, 1901)",NA,NA,NA,LC,Thespian Grass Mouse
65,747,ANIMALIA,CHORDATA,MAMMALIA,RODENTIA,CRICETIDAE,Akodon,Akodon molinae,"Contreras, 1968",NA,NA,NA,LC,Molina's Grass Mouse
66,748,ANIMALIA,CHORDATA,MAMMALIA,RODENTIA,CRICETIDAE,Akodon,Akodon mollis,"Thomas, 1894",NA,NA,NA,LC,Soft Grass Mouse
67,750,ANIMALIA,CHORDATA,MAMMALIA,RODENTIA,CRICETIDAE,Thaptomys,Thaptomys nigrita,"(Lichtenstein, 1830)",NA,NA,NA,LC,Blackish Grass Mouse
68,751,ANIMALIA,CHORDATA,MAMMALIA,RODENTIA,CRICETIDAE,Abrothrix,Abrothrix olivaceus,"(Waterhouse, 1837)",NA,NA,NA,LC,Olive Grass Mouse
69,752,ANIMALIA,CHORDATA,MAMMALIA,RODENTIA,CRICETIDAE,Akodon,Akodon orophilus,"Osgood, 1913",NA,NA,NA,LC,El Dorado Grass Mouse
70,753,ANIMALIA,CHORDATA,MAMMALIA,RODENTIA,CRICETIDAE,Akodon,Akodon lutescens,"J.A. Allen, 1901",NA,NA,NA,LC,Altiplano Grass Mouse
71,754,ANIMALIA,CHORDATA,MAMMALIA,RODENTIA,CRICETIDAE,Abrothrix,Abrothrix sanborni,"(Osgood, 1943)",NA,NA,NA,NT,Sanborn's Grass Mouse
72,755,ANIMALIA,CHORDATA,MAMMALIA,RODENTIA,CRICETIDAE,Akodon,Akodon sanctipaulensis,"Hershkovitz, 1990",NA,NA,NA,DD,Sao Paulo Grass Mouse
73,756,ANIMALIA,CHORDATA,MAMMALIA,RODENTIA,CRICETIDAE,Akodon,Akodon serrensis,"Thomas, 1902",NA,NA,NA,LC,Serrado Do Mar Grass Mouse
74,757,ANIMALIA,CHORDATA,MAMMALIA,RODENTIA,CRICETIDAE,Akodon,Akodon siberiae,"Myers &amp; Patton, 1989",NA,NA,NA,NT,Cochabamba Grass Mouse
75,758,ANIMALIA,CHORDATA,MAMMALIA,RODENTIA,CRICETIDAE,Akodon,Akodon simulator,"Thomas, 1916",NA,NA,NA,LC,Gray-bellied Grass Mouse
76,760,ANIMALIA,CHORDATA,MAMMALIA,RODENTIA,CRICETIDAE,Akodon,Akodon subfuscus,"Osgood, 1944",NA,NA,NA,LC,Puno Grass Mouse
77,761,ANIMALIA,CHORDATA,MAMMALIA,RODENTIA,CRICETIDAE,Akodon,Akodon surdus,"Thomas, 1917",NA,NA,NA,VU,Silent Grass Mouse
78,762,ANIMALIA,CHORDATA,MAMMALIA,RODENTIA,CRICETIDAE,Akodon,Akodon sylvanus,"Thomas, 1921",NA,NA,NA,LC,Forest Grass Mouse
79,763,ANIMALIA,CHORDATA,MAMMALIA,RODENTIA,CRICETIDAE,Akodon,Akodon toba,"Thomas, 1921",NA,NA,NA,LC,Chaco Grass Mouse
80,764,ANIMALIA,CHORDATA,MAMMALIA,RODENTIA,CRICETIDAE,Akodon,Akodon torques,"(Thomas, 1917)",NA,NA,NA,LC,Cloud Forest Grass Mouse
81,765,ANIMALIA,CHORDATA,MAMMALIA,RODENTIA,CRICETIDAE,Necromys,Necromys urichi,"(J.A. Allen &amp; Chapman, 1897)",NA,NA,NA,LC,Northern Grass Mouse
82,766,ANIMALIA,CHORDATA,MAMMALIA,RODENTIA,CRICETIDAE,Akodon,Akodon varius,"Thomas, 1902",NA,NA,NA,DD,Variable Grass Mouse
83,811,ANIMALIA,CHORDATA,MAMMALIA,ARTIODACTYLA,BOVIDAE,Alcelaphus,Alcelaphus buselaphus,"(Pallas, 1766)",NA,NA,NA,LC,Hartebeest
84,843,ANIMALIA,CHORDATA,MAMMALIA,CHIROPTERA,PTEROPODIDAE,Alionycteris,Alionycteris paucidentata,"Kock, 1969",NA,NA,NA,LC,Mindanao Pygmy Fruit Bat
85,850,ANIMALIA,CHORDATA,MAMMALIA,RODENTIA,DIPODIDAE,Allactaga,Allactaga tetradactyla,"(Lichtenstein, 1823)",NA,NA,NA,DD,Four-toed Jerboa
86,851,ANIMALIA,CHORDATA,MAMMALIA,RODENTIA,DIPODIDAE,Allactaga,Allactaga balikunica,"Hsia &amp; Fang, 1964",NA,NA,NA,LC,Balikun Jerboa
87,852,ANIMALIA,CHORDATA,MAMMALIA,RODENTIA,DIPODIDAE,Allactaga,Allactaga bullata,"Allen, 1925",NA,NA,NA,LC,Gobi Jerboa
88,854,ANIMALIA,CHORDATA,MAMMALIA,RODENTIA,DIPODIDAE,Scarturus,Scarturus euphratica,"Thomas, 1881",NA,NA,NA,LC,Euphrates Jerboa
89,855,ANIMALIA,CHORDATA,MAMMALIA,RODENTIA,DIPODIDAE,Allactaga,Allactaga firouzi,"Womochel, 1978",NA,NA,NA,DD,Iranian Jerboa
90,856,ANIMALIA,CHORDATA,MAMMALIA,RODENTIA,DIPODIDAE,Allactaga,Allactaga hotsoni,"Thomas, 1920",NA,NA,NA,LC,Hotson’s Five-toed Jerboa
91,857,ANIMALIA,CHORDATA,MAMMALIA,RODENTIA,DIPODIDAE,Allactaga,Allactaga major,"(Kerr, 1792)",NA,NA,NA,LC,Great Jerboa
92,858,ANIMALIA,CHORDATA,MAMMALIA,RODENTIA,DIPODIDAE,Allactaga,Allactaga severtzovi,"Vinogradov, 1925",NA,NA,NA,LC,Svertzov's Jerboa
93,859,ANIMALIA,CHORDATA,MAMMALIA,RODENTIA,DIPODIDAE,Allactaga,Allactaga sibirica,"(Forster, 1778)",NA,NA,NA,LC,Siberian Jerboa
94,860,ANIMALIA,CHORDATA,MAMMALIA,RODENTIA,DIPODIDAE,Scarturus,Scarturus vinogradovi,"(Argyropulo, 1941)",NA,NA,NA,LC,Vinogradov's Jerboa
95,861,ANIMALIA,CHORDATA,MAMMALIA,RODENTIA,DIPODIDAE,Allactodipus,Allactodipus bobrinskii,"Kolesnikov, 1937",NA,NA,NA,LC,Bobrinski's Jerboa
96,865,ANIMALIA,CHORDATA,MAMMALIA,PRIMATES,CERCOPITHECIDAE,Allenopithecus,Allenopithecus nigroviridis,"(Pocock, 1907)",NA,NA,NA,LC,Allen's Swamp Monkey
97,868,ANIMALIA,CHORDATA,MAMMALIA,PRIMATES,CHEIROGALEIDAE,Allocebus,Allocebus trichotis,"(Günther, 1875)",NA,NA,NA,EN,Hairy-eared Dwarf Lemur
98,875,ANIMALIA,CHORDATA,MAMMALIA,RODENTIA,CRICETIDAE,Allocricetulus,Allocricetulus eversmanni,"(Brandt, 1859)",NA,NA,NA,LC,Eversmann's Hamster
99,899,ANIMALIA,CHORDATA,MAMMALIA,CARNIVORA,CANIDAE,Vulpes,Vulpes lagopus,"(Linnaeus, 1758)",NA,NA,NA,LC,Arctic Fox
100,914,ANIMALIA,CHORDATA,MAMMALIA,PRIMATES,ATELIDAE,Alouatta,Alouatta pigra,"Lawrence, 1933",NA,NA,NA,EN,Yucatán Black Howler Monkey
101,918,ANIMALIA,CHORDATA,MAMMALIA,PRIMATES,ATELIDAE,Alouatta,Alouatta ululata,"Elliot, 1912",NA,NA,NA,EN,Maranhão Red-handed Howler Monkey
102,922,ANIMALIA,CHORDATA,MAMMALIA,PRIMATES,ATELIDAE,Alouatta,Alouatta juara,"Elliot, 1910",NA,NA,NA,LC,Juruá Red Howler Monkey
103,948,ANIMALIA,CHORDATA,MAMMALIA,RODENTIA,CRICETIDAE,Alticola,Alticola albicaudus,"(True, 1894)",NA,NA,NA,DD,White-tailed Mountain Vole
104,949,ANIMALIA,CHORDATA,MAMMALIA,RODENTIA,CRICETIDAE,Alticola,Alticola argentatus,"(Severtzov, 1879)",NA,NA,NA,LC,Silver Mountain Vole
105,950,ANIMALIA,CHORDATA,MAMMALIA,RODENTIA,CRICETIDAE,Alticola,Alticola barakshin,"Bannikov, 1947",NA,NA,NA,LC,Gobi Altai Mountain Vole
106,951,ANIMALIA,CHORDATA,MAMMALIA,RODENTIA,CRICETIDAE,Alticola,Alticola lemminus,"(Miller, 1898)",NA,NA,NA,LC,Lemming Vole
107,952,ANIMALIA,CHORDATA,MAMMALIA,RODENTIA,CRICETIDAE,Alticola,Alticola macrotis,"(Radde, 1862)",NA,NA,NA,LC,Large-eared Vole
108,953,ANIMALIA,CHORDATA,MAMMALIA,RODENTIA,CRICETIDAE,Alticola,Alticola montosa,"(True, 1894)",NA,NA,NA,VU,Central Kashmir Vole
109,954,ANIMALIA,CHORDATA,MAMMALIA,RODENTIA,CRICETIDAE,Alticola,Alticola roylei,"Gray, 1842",NA,NA,NA,NT,Royle's Mountain Vole
110,955,ANIMALIA,CHORDATA,MAMMALIA,RODENTIA,CRICETIDAE,Alticola,Alticola semicanus,"(G.M. Allen, 1924)",NA,NA,NA,LC,Mongolian Silver Vole
111,956,ANIMALIA,CHORDATA,MAMMALIA,RODENTIA,CRICETIDAE,Alticola,Alticola stoliczkanus,"(Blanford, 1875)",NA,NA,NA,LC,Stoliczka's Mountain Vole
112,958,ANIMALIA,CHORDATA,MAMMALIA,RODENTIA,CRICETIDAE,Alticola,Alticola strelzowi,"(Kastschenko, 1899)",NA,NA,NA,LC,Flat-headed Vole
113,959,ANIMALIA,CHORDATA,MAMMALIA,RODENTIA,CRICETIDAE,Alticola,Alticola tuvinicus,"Ognev, 1950",NA,NA,NA,LC,Tuva Silver Vole
114,1087,ANIMALIA,CHORDATA,MAMMALIA,AFROSORICIDA,CHRYSOCHLORIDAE,Neamblysomus,Neamblysomus gunningi,"(Broom, 1908)",NA,NA,NA,EN,Gunning's Golden Mole
115,1089,ANIMALIA,CHORDATA,MAMMALIA,AFROSORICIDA,CHRYSOCHLORIDAE,Neamblysomus,Neamblysomus julianae,"(Meester, 1972)",NA,NA,NA,EN,Juliana's Golden Mole
116,1137,ANIMALIA,CHORDATA,MAMMALIA,CHIROPTERA,PHYLLOSTOMIDAE,Ametrida,Ametrida centurio,"Gray, 1847",NA,NA,NA,LC,Little White-shouldered Bat
117,1140,ANIMALIA,CHORDATA,MAMMALIA,RODENTIA,MURIDAE,Ammodillus,Ammodillus imbellis,"(de Winton, 1898)",NA,NA,NA,DD,Ammodile
118,1141,ANIMALIA,CHORDATA,MAMMALIA,ARTIODACTYLA,BOVIDAE,Ammodorcas,Ammodorcas clarkei,"(Thomas, 1891)",NA,NA,NA,VU,Dibatag
119,1149,ANIMALIA,CHORDATA,MAMMALIA,RODENTIA,SCIURIDAE,Ammospermophilus,Ammospermophilus nelsoni,"(Merriam, 1893)",NA,NA,NA,EN,Nelson's Antelope Squirrel
120,1151,ANIMALIA,CHORDATA,MAMMALIA,ARTIODACTYLA,BOVIDAE,Ammotragus,Ammotragus lervia,"(Pallas, 1777)",NA,NA,NA,VU,Aoudad
121,1154,ANIMALIA,CHORDATA,MAMMALIA,CHIROPTERA,FURIPTERIDAE,Amorphochilus,Amorphochilus schnablii,"Peters, 1877",NA,NA,NA,VU,Smoky Bat
122,1264,ANIMALIA,CHORDATA,MAMMALIA,RODENTIA,CRICETIDAE,Andalgalomys,Andalgalomys olrogi,"Williams &amp; Mares, 1978",NA,NA,NA,LC,Olrog’s Pericote
123,1265,ANIMALIA,CHORDATA,MAMMALIA,RODENTIA,CRICETIDAE,Andalgalomys,Andalgalomys pearsoni,"(Myers, 1977)",NA,NA,NA,LC,Pearson's Chaco Mouse
124,1271,ANIMALIA,CHORDATA,MAMMALIA,RODENTIA,CRICETIDAE,Andinomys,Andinomys edax,"Thomas, 1902",NA,NA,NA,LC,Andean Mouse
125,1307,ANIMALIA,CHORDATA,MAMMALIA,RODENTIA,MURIDAE,Anisomys,Anisomys imitator,"Thomas, 1904",NA,NA,NA,LC,Uneven-toothed Rat
126,1550,ANIMALIA,CHORDATA,MAMMALIA,RODENTIA,ANOMALURIDAE,Anomalurus,Anomalurus derbianus,"(Gray, 1842)",NA,NA,NA,LC,Lord Derby's Scaly-tailed Squirrel
127,1551,ANIMALIA,CHORDATA,MAMMALIA,RODENTIA,ANOMALURIDAE,Anomalurus,Anomalurus pelii,"(Schlegel &amp; Müller, 1845)",NA,NA,NA,LC,Pel's Flying Squirrel
128,1553,ANIMALIA,CHORDATA,MAMMALIA,RODENTIA,ANOMALURIDAE,Anomalurus,Anomalurus pusillus,"Thomas, 1887",NA,NA,NA,LC,Dwarf Scaly-tailed Squirrel
129,1559,ANIMALIA,CHORDATA,MAMMALIA,RODENTIA,MURIDAE,Anonymomys,Anonymomys mindorensis,"Musser, 1981",NA,NA,NA,DD,Mindoro Forest Anonymomys
130,1564,ANIMALIA,CHORDATA,MAMMALIA,RODENTIA,CRICETIDAE,Anotomys,Anotomys leander,"Thomas, 1906",NA,NA,NA,EN,Ecuadoran Ichthyomyine
131,1566,ANIMALIA,CHORDATA,MAMMALIA,CHIROPTERA,PHYLLOSTOMIDAE,Anoura,Anoura cultrata,"Handley, 1960",NA,NA,NA,LC,Handley's Tailless Bat
132,1568,ANIMALIA,CHORDATA,MAMMALIA,CHIROPTERA,PHYLLOSTOMIDAE,Anoura,Anoura latidens,"Handley, 1984",NA,NA,NA,LC,Broad-toothed Tailless Bat
133,1569,ANIMALIA,CHORDATA,MAMMALIA,CHIROPTERA,PHYLLOSTOMIDAE,Anoura,Anoura luismanueli,"Molinari, 1994",NA,NA,NA,LC,Luis Manuel's Tailless Bat
134,1581,ANIMALIA,CHORDATA,MAMMALIA,DASYUROMORPHIA,DASYURIDAE,Antechinomys,Antechinomys laniger,"(Gould, 1856)",NA,NA,NA,LC,Kultarr
135,1583,ANIMALIA,CHORDATA,MAMMALIA,DASYUROMORPHIA,DASYURIDAE,Antechinus,Antechinus godmani,"(Thomas, 1923)",NA,NA,NA,LC,Atherton Antechinus
136,1584,ANIMALIA,CHORDATA,MAMMALIA,DASYUROMORPHIA,DASYURIDAE,Antechinus,Antechinus leo,"Van Dyck, 1980",NA,NA,NA,LC,Cinnamon Antechinus
137,1587,ANIMALIA,CHORDATA,MAMMALIA,DASYUROMORPHIA,DASYURIDAE,Murexia,Murexia naso,"(Jentink, 1911)",NA,NA,NA,LC,Long-nosed Dasyure
138,1589,ANIMALIA,CHORDATA,MAMMALIA,DASYUROMORPHIA,DASYURIDAE,Murexia,Murexia habbema,"(Tate &amp; Archbold, 1941)",NA,NA,NA,LC,Habbema Dasyure
139,1590,ANIMALIA,CHORDATA,MAMMALIA,DASYUROMORPHIA,DASYURIDAE,Antechinus,Antechinus agilis,"Dickman, Parnaby, Crowther &amp; King, 1998",NA,NA,NA,LC,Agile Antechinus
140,1591,ANIMALIA,CHORDATA,MAMMALIA,DASYUROMORPHIA,DASYURIDAE,Murexia,Murexia melanurus,"(Thomas, 1899)",NA,NA,NA,LC,Black-tailed Dasyure
141,1620,ANIMALIA,CHORDATA,MAMMALIA,CHIROPTERA,HIPPOSIDERIDAE,Anthops,Anthops ornatus,"Thomas, 1888",NA,NA,NA,VU,Solomons Leaf-nosed Bat
142,1676,ANIMALIA,CHORDATA,MAMMALIA,ARTIODACTYLA,BOVIDAE,Antidorcas,Antidorcas marsupialis,"(Zimmermann, 1780)",NA,NA,NA,LC,Springbok
143,1677,ANIMALIA,CHORDATA,MAMMALIA,ARTIODACTYLA,ANTILOCAPRIDAE,Antilocapra,Antilocapra americana,"(Ord, 1815)",NA,NA,NA,LC,Pronghorn
144,1681,ANIMALIA,CHORDATA,MAMMALIA,ARTIODACTYLA,BOVIDAE,Antilope,Antilope cervicapra,"(Linnaeus, 1758)",NA,NA,NA,LC,Blackbuck
145,1789,ANIMALIA,CHORDATA,MAMMALIA,CHIROPTERA,VESPERTILIONIDAE,Bauerus,Bauerus dubiaquercus,"(Van Gelder, 1959)",NA,NA,NA,NT,Van Gelder's Bat
146,1790,ANIMALIA,CHORDATA,MAMMALIA,CHIROPTERA,VESPERTILIONIDAE,Antrozous,Antrozous pallidus,"(Le Conte, 1856)",NA,NA,NA,LC,Pallid Bat
147,1793,ANIMALIA,CHORDATA,MAMMALIA,CARNIVORA,MUSTELIDAE,Aonyx,Aonyx capensis,"(Schinz, 1821)",NA,NA,NA,NT,African Clawless Otter
148,1794,ANIMALIA,CHORDATA,MAMMALIA,CARNIVORA,MUSTELIDAE,Aonyx,Aonyx congicus,"Lönnberg, 1910",NA,NA,NA,NT,Congo Clawless Otter
149,1802,ANIMALIA,CHORDATA,MAMMALIA,PRIMATES,AOTIDAE,Aotus,Aotus miconax,"Thomas, 1927",NA,NA,NA,EN,Andean Night Monkey
150,1807,ANIMALIA,CHORDATA,MAMMALIA,PRIMATES,AOTIDAE,Aotus,Aotus griseimembra,"Elliot, 1912",NA,NA,NA,VU,Grey-handed Night Monkey
151,1808,ANIMALIA,CHORDATA,MAMMALIA,PRIMATES,AOTIDAE,Aotus,Aotus lemurinus,"I. Geoffroy, 1846",NA,NA,NA,VU,Colombian Night Monkey
152,1869,ANIMALIA,CHORDATA,MAMMALIA,RODENTIA,APLODONTIIDAE,Aplodontia,Aplodontia rufa,"(Rafinesque, 1817)",NA,NA,NA,LC,Mountain Beaver
153,1888,ANIMALIA,CHORDATA,MAMMALIA,RODENTIA,MURIDAE,Apodemus,Apodemus agrarius,"(Pallas, 1771)",NA,NA,NA,LC,Striped Field Mouse
154,1890,ANIMALIA,CHORDATA,MAMMALIA,RODENTIA,MURIDAE,Apodemus,Apodemus chevrieri,"(Milne-Edwards, 1868)",NA,NA,NA,LC,Chevrier's Field Mouse
155,1891,ANIMALIA,CHORDATA,MAMMALIA,RODENTIA,MURIDAE,Apodemus,Apodemus draco,"(Barrett-Hamilton, 1900)",NA,NA,NA,LC,South China Field Mouse
156,1892,ANIMALIA,CHORDATA,MAMMALIA,RODENTIA,MURIDAE,Apodemus,Apodemus flavicollis,"(Melchior, 1834)",NA,NA,NA,LC,Yellow-necked Field Mouse
157,1894,ANIMALIA,CHORDATA,MAMMALIA,RODENTIA,MURIDAE,Apodemus,Apodemus gurkha,"Thomas, 1924",NA,NA,NA,LC,Nepalese Field Mouse
158,1896,ANIMALIA,CHORDATA,MAMMALIA,RODENTIA,MURIDAE,Apodemus,Apodemus hyrcanicus,"Vorontsov, Boyeskorov &amp; Mezhzherin, 1992",NA,NA,NA,NT,Hyrcanian Field Mouse
159,1897,ANIMALIA,CHORDATA,MAMMALIA,RODENTIA,MURIDAE,Apodemus,Apodemus latronum,"Thomas, 1911",NA,NA,NA,LC,Large-eared Field Mouse
160,1898,ANIMALIA,CHORDATA,MAMMALIA,RODENTIA,MURIDAE,Apodemus,Apodemus mystacinus,"(Danford &amp; Alston, 1877)",NA,NA,NA,LC,Eastern Broad-toothed Field Mouse
161,1899,ANIMALIA,CHORDATA,MAMMALIA,RODENTIA,MURIDAE,Apodemus,Apodemus peninsulae,"(Thomas, 1907)",NA,NA,NA,LC,Korean Field Mouse
162,1900,ANIMALIA,CHORDATA,MAMMALIA,RODENTIA,MURIDAE,Apodemus,Apodemus ponticus,"Sviridenko, 1936",NA,NA,NA,LC,Caucasus Field Mouse
163,1901,ANIMALIA,CHORDATA,MAMMALIA,RODENTIA,MURIDAE,Apodemus,Apodemus rusiges,"Miller, 1913",NA,NA,NA,LC,Kashmir Field Mouse
164,1902,ANIMALIA,CHORDATA,MAMMALIA,RODENTIA,MURIDAE,Apodemus,Apodemus semotus,"Thomas, 1908",NA,NA,NA,LC,Taiwan Field Mouse
165,1903,ANIMALIA,CHORDATA,MAMMALIA,RODENTIA,MURIDAE,Apodemus,Apodemus speciosus,"(Temminck, 1844)",NA,NA,NA,LC,Large Japanese Field Mouse
166,1904,ANIMALIA,CHORDATA,MAMMALIA,RODENTIA,MURIDAE,Apodemus,Apodemus sylvaticus,"(Linnaeus, 1758)",NA,NA,NA,LC,Long-tailed Field Mouse
167,1905,ANIMALIA,CHORDATA,MAMMALIA,RODENTIA,MURIDAE,Apodemus,Apodemus uralensis,"(Pallas, 1811)",NA,NA,NA,LC,Herb Field Mouse
168,1906,ANIMALIA,CHORDATA,MAMMALIA,RODENTIA,MURIDAE,Apodemus,Apodemus pallipes,"(Barrett-Hamilton, 1900)",NA,NA,NA,LC,Himalayan Field Mouse
169,1907,ANIMALIA,CHORDATA,MAMMALIA,RODENTIA,MURIDAE,Apodemus,Apodemus alpicola,"Heinrich, 1952",NA,NA,NA,LC,Alpine Field Mouse
170,1910,ANIMALIA,CHORDATA,MAMMALIA,RODENTIA,MURIDAE,Apomys,Apomys datae,"(Meyer, 1899)",NA,NA,NA,LC,Northern Luzon Apomys
171,1911,ANIMALIA,CHORDATA,MAMMALIA,RODENTIA,MURIDAE,Apomys,Apomys hylocetes,"Mearns, 1905",NA,NA,NA,LC,Mindanao Mossy Forest Apomys
172,1912,ANIMALIA,CHORDATA,MAMMALIA,RODENTIA,MURIDAE,Apomys,Apomys insignis,"Mearns, 1905",NA,NA,NA,LC,Mindanao Montane Forest Mouse
173,1913,ANIMALIA,CHORDATA,MAMMALIA,RODENTIA,MURIDAE,Apomys,Apomys littoralis,"(Sanborn, 1952)",NA,NA,NA,DD,Mindanao Lowland Apomys
174,1914,ANIMALIA,CHORDATA,MAMMALIA,RODENTIA,MURIDAE,Apomys,Apomys microdon,"Hollister, 1913",NA,NA,NA,LC,Small Luzon Apomys
175,1915,ANIMALIA,CHORDATA,MAMMALIA,RODENTIA,MURIDAE,Apomys,Apomys musculus,"Miller, 1911",NA,NA,NA,LC,Least Philippine Apomys
176,1916,ANIMALIA,CHORDATA,MAMMALIA,RODENTIA,MURIDAE,Apomys,Apomys sacobianus,"Johnson, 1962",NA,NA,NA,LC,Long-nosed Luzon Apomys
177,1917,ANIMALIA,CHORDATA,MAMMALIA,RODENTIA,MURIDAE,Apomys,Apomys gracilirostris,"Ruedas, 1995",NA,NA,NA,LC,Large Mindoro Apomys
178,1933,ANIMALIA,CHORDATA,MAMMALIA,CHIROPTERA,PTEROPODIDAE,Aproteles,Aproteles bulmerae,"Menzies, 1977",NA,NA,NA,CR,Bulmer's Fruit Bat
179,2017,ANIMALIA,CHORDATA,MAMMALIA,RODENTIA,CRICETIDAE,Arborimus,Arborimus albipes,"(Merriam, 1901)",NA,NA,NA,LC,White-footed Vole
180,2018,ANIMALIA,CHORDATA,MAMMALIA,RODENTIA,CRICETIDAE,Arborimus,Arborimus pomo,"Johnson &amp; George, 1991",NA,NA,NA,NT,Sonoma Tree Vole
181,2045,ANIMALIA,CHORDATA,MAMMALIA,RODENTIA,MURIDAE,Archboldomys,Archboldomys luzonensis,"Musser, 1982",NA,NA,NA,VU,Isarog Shrew Mouse
182,2053,ANIMALIA,CHORDATA,MAMMALIA,PRIMATES,LORISIDAE,Arctocebus,Arctocebus aureus,"de Winton, 1902",NA,NA,NA,LC,Golden Angwantibo
183,2054,ANIMALIA,CHORDATA,MAMMALIA,PRIMATES,LORISIDAE,Arctocebus,Arctocebus calabarensis,"(J.A. Smith, 1860)",NA,NA,NA,NT,Calabar Angwantibo
184,2055,ANIMALIA,CHORDATA,MAMMALIA,CARNIVORA,OTARIIDAE,Arctocephalus,Arctocephalus australis,"(Zimmermann, 1783)",NA,NA,NA,LC,South American Fur Seal
185,2057,ANIMALIA,CHORDATA,MAMMALIA,CARNIVORA,OTARIIDAE,Arctocephalus,Arctocephalus galapagoensis,"Heller, 1904",NA,NA,NA,EN,Galápagos Fur Seal
186,2058,ANIMALIA,CHORDATA,MAMMALIA,CARNIVORA,OTARIIDAE,Arctocephalus,Arctocephalus gazella,"(Peters, 1875)",NA,NA,NA,LC,Antarctic Fur Seal
187,2059,ANIMALIA,CHORDATA,MAMMALIA,CARNIVORA,OTARIIDAE,Arctocephalus,Arctocephalus philippii,"(Peters, 1866)",NA,NA,NA,LC,Juan Fernández Fur Seal
188,2060,ANIMALIA,CHORDATA,MAMMALIA,CARNIVORA,OTARIIDAE,Arctocephalus,Arctocephalus pusillus,"(Schreber, 1775)",NA,NA,NA,LC,Afro-Australian Fur Seal
189,2061,ANIMALIA,CHORDATA,MAMMALIA,CARNIVORA,OTARIIDAE,Arctocephalus,Arctocephalus townsendi,"Merriam, 1897",NA,NA,NA,LC,Guadalupe Fur Seal
190,2062,ANIMALIA,CHORDATA,MAMMALIA,CARNIVORA,OTARIIDAE,Arctocephalus,Arctocephalus tropicalis,"(J.E. Gray, 1872)",NA,NA,NA,LC,Subantarctic Fur Seal
191,2089,ANIMALIA,CHORDATA,MAMMALIA,CHIROPTERA,PHYLLOSTOMIDAE,Ardops,Ardops nichollsi,"(Thomas, 1891)",NA,NA,NA,LC,Tree Bat
192,2110,ANIMALIA,CHORDATA,MAMMALIA,CHIROPTERA,PHYLLOSTOMIDAE,Ariteus,Ariteus flavescens,"(Gray, 1831)",NA,NA,NA,LC,Jamaican Fig-eating Bat
193,2121,ANIMALIA,CHORDATA,MAMMALIA,CHIROPTERA,PHYLLOSTOMIDAE,Artibeus,Artibeus amplus,"Handley, 1987",NA,NA,NA,LC,Large Fruit-eating Bat
194,2122,ANIMALIA,CHORDATA,MAMMALIA,CHIROPTERA,PHYLLOSTOMIDAE,Dermanura,Dermanura anderseni,"(Osgood, 1916)",NA,NA,NA,LC,Andersen's Fruit-eating Bat
195,2123,ANIMALIA,CHORDATA,MAMMALIA,CHIROPTERA,PHYLLOSTOMIDAE,Dermanura,Dermanura azteca,"(K. Andersen, 1906)",NA,NA,NA,LC,Aztec Fruit-eating Bat
196,2124,ANIMALIA,CHORDATA,MAMMALIA,CHIROPTERA,PHYLLOSTOMIDAE,Dermanura,Dermanura cinerea,"Gervais, 1856",NA,NA,NA,LC,Gervais's Fruit-eating Bat
197,2125,ANIMALIA,CHORDATA,MAMMALIA,CHIROPTERA,PHYLLOSTOMIDAE,Artibeus,Artibeus concolor,"Peters, 1865",NA,NA,NA,LC,Brown Fruit-eating Bat
198,2126,ANIMALIA,CHORDATA,MAMMALIA,CHIROPTERA,PHYLLOSTOMIDAE,Artibeus,Artibeus fimbriatus,"Gray, 1838",NA,NA,NA,LC,Fringed Fruit-eating Bat
199,2127,ANIMALIA,CHORDATA,MAMMALIA,CHIROPTERA,PHYLLOSTOMIDAE,Artibeus,Artibeus fraterculus,"Anthony, 1924",NA,NA,NA,LC,Fraternal Fruit-eating Bat
200,2129,ANIMALIA,CHORDATA,MAMMALIA,CHIROPTERA,PHYLLOSTOMIDAE,Dermanura,Dermanura gnoma,"(Handley, 1987)",NA,NA,NA,LC,Dwarf Fruit-eating Bat
201,2130,ANIMALIA,CHORDATA,MAMMALIA,CHIROPTERA,PHYLLOSTOMIDAE,Enchisthenes,Enchisthenes hartii,"(Thomas, 1892)",NA,NA,NA,LC,Velvety Fruit-eating Bat
202,2131,ANIMALIA,CHORDATA,MAMMALIA,CHIROPTERA,PHYLLOSTOMIDAE,Artibeus,Artibeus hirsutus,"K. Andersen, 1906",NA,NA,NA,LC,Hairy Fruit-eating Bat
203,2132,ANIMALIA,CHORDATA,MAMMALIA,CHIROPTERA,PHYLLOSTOMIDAE,Artibeus,Artibeus inopinatus,"Davis &amp; Carter, 1964",NA,NA,NA,DD,Honduran Fruit-eating Bat
204,2136,ANIMALIA,CHORDATA,MAMMALIA,CHIROPTERA,PHYLLOSTOMIDAE,Artibeus,Artibeus lituratus,"(Olfers, 1818)",NA,NA,NA,LC,Great Fruit-eating Bat
205,2137,ANIMALIA,CHORDATA,MAMMALIA,CHIROPTERA,PHYLLOSTOMIDAE,Artibeus,Artibeus obscurus,"Schinz, 1821",NA,NA,NA,LC,Dark Fruit-eating Bat
206,2139,ANIMALIA,CHORDATA,MAMMALIA,CHIROPTERA,PHYLLOSTOMIDAE,Artibeus,Artibeus planirostris,"(Spix, 1823)",NA,NA,NA,LC,Flat-faced Fruit-eating Bat
207,2140,ANIMALIA,CHORDATA,MAMMALIA,CHIROPTERA,PHYLLOSTOMIDAE,Dermanura,Dermanura tolteca,"Saussure, 1860",NA,NA,NA,LC,Toltec Fruit-eating Bat
208,2144,ANIMALIA,CHORDATA,MAMMALIA,RODENTIA,MURIDAE,Arvicanthis,Arvicanthis abyssinicus,"(Rüppell, 1842)",NA,NA,NA,LC,Abyssinian Grass Rat
209,2145,ANIMALIA,CHORDATA,MAMMALIA,RODENTIA,MURIDAE,Arvicanthis,Arvicanthis blicki,"Frick, 1914",NA,NA,NA,NT,Blick's Grass Rat
210,2146,ANIMALIA,CHORDATA,MAMMALIA,RODENTIA,MURIDAE,Arvicanthis,Arvicanthis nairobae,"J.A. Allen, 1909",NA,NA,NA,LC,Nairobi Grass Rat
211,2147,ANIMALIA,CHORDATA,MAMMALIA,RODENTIA,MURIDAE,Arvicanthis,Arvicanthis niloticus,"(É. Geoffroy, 1803)",NA,NA,NA,LC,African Grass Rat
212,2148,ANIMALIA,CHORDATA,MAMMALIA,RODENTIA,MURIDAE,Arvicanthis,Arvicanthis neumanni,"Matschie, 1894",NA,NA,NA,LC,Neumann’s Arvicanthis
213,2150,ANIMALIA,CHORDATA,MAMMALIA,RODENTIA,CRICETIDAE,Arvicola,Arvicola sapidus,"Miller, 1908",NA,NA,NA,VU,Southern Water Vole
214,2153,ANIMALIA,CHORDATA,MAMMALIA,CHIROPTERA,HIPPOSIDERIDAE,Asellia,Asellia patrizii,"De Beaux, 1931",NA,NA,NA,LC,Patrizi's Trident Leaf-nosed Bat
215,2156,ANIMALIA,CHORDATA,MAMMALIA,CHIROPTERA,HIPPOSIDERIDAE,Aselliscus,Aselliscus tricuspidatus,"(Temminck, 1835)",NA,NA,NA,LC,Trident Leaf-nosed Bat
216,2274,ANIMALIA,CHORDATA,MAMMALIA,EULIPOTYPHLA,ERINACEIDAE,Atelerix,Atelerix frontalis,"A. Smith, 1831",NA,NA,NA,LC,Southern African Hedgehog
217,2275,ANIMALIA,CHORDATA,MAMMALIA,EULIPOTYPHLA,ERINACEIDAE,Atelerix,Atelerix sclateri,"Anderson, 1895",NA,NA,NA,LC,Somali Hedgehog
218,2276,ANIMALIA,CHORDATA,MAMMALIA,PRIMATES,ATELIDAE,Ateles,Ateles belzebuth,"É. Geoffroy, 1806",NA,NA,NA,EN,White-bellied Spider Monkey
219,2279,ANIMALIA,CHORDATA,MAMMALIA,PRIMATES,ATELIDAE,Ateles,Ateles geoffroyi,"Kuhl, 1820",NA,NA,NA,EN,Geoffroy’s Spider Monkey
220,2282,ANIMALIA,CHORDATA,MAMMALIA,PRIMATES,ATELIDAE,Ateles,Ateles marginatus,"(É. Geoffroy, 1809)",NA,NA,NA,EN,White-cheeked Spider Monkey
221,2283,ANIMALIA,CHORDATA,MAMMALIA,PRIMATES,ATELIDAE,Ateles,Ateles paniscus,"(Linnaeus, 1758)",NA,NA,NA,VU,Guiana Spider Monkey
222,2353,ANIMALIA,CHORDATA,MAMMALIA,RODENTIA,HYSTRICIDAE,Atherurus,Atherurus africanus,"Gray, 1842",NA,NA,NA,LC,African Brush-tailed Porcupine
223,2354,ANIMALIA,CHORDATA,MAMMALIA,RODENTIA,HYSTRICIDAE,Atherurus,Atherurus macrourus,"(Linnaeus, 1758)",NA,NA,NA,LC,Asiatic Brush-tailed Porcupine
224,2358,ANIMALIA,CHORDATA,MAMMALIA,RODENTIA,SCIURIDAE,Atlantoxerus,Atlantoxerus getulus,"(Linnaeus, 1758)",NA,NA,NA,LC,Barbary Ground Squirrel
225,2395,ANIMALIA,CHORDATA,MAMMALIA,RODENTIA,CRICETIDAE,Auliscomys,Auliscomys boliviensis,"(Waterhouse, 1846)",NA,NA,NA,LC,Bolivian Big-eared Mouse
226,2396,ANIMALIA,CHORDATA,MAMMALIA,RODENTIA,CRICETIDAE,Loxodontomys,Loxodontomys micropus,"(Waterhouse, 1837)",NA,NA,NA,LC,Southern Pericote
227,2397,ANIMALIA,CHORDATA,MAMMALIA,RODENTIA,CRICETIDAE,Auliscomys,Auliscomys pictus,"(Thomas, 1884)",NA,NA,NA,LC,Painted Big-eared Mouse
228,2398,ANIMALIA,CHORDATA,MAMMALIA,RODENTIA,CRICETIDAE,Auliscomys,Auliscomys sublimis,"(Thomas, 1900)",NA,NA,NA,LC,Andean Big-eared Mouse
229,2434,ANIMALIA,CHORDATA,MAMMALIA,PRIMATES,INDRIIDAE,Avahi,Avahi laniger,"(Gmelin, 1788)",NA,NA,NA,VU,Eastern Woolly Lemur
230,2435,ANIMALIA,CHORDATA,MAMMALIA,PRIMATES,INDRIIDAE,Avahi,Avahi occidentalis,"von Lorenz-Liburnau, 1898",NA,NA,NA,VU,Lorenz Von Liburnau’s Woolly Lemur
231,2446,ANIMALIA,CHORDATA,MAMMALIA,ARTIODACTYLA,CERVIDAE,Axis,Axis calamianensis,"(Heude, 1888)",NA,NA,NA,EN,Calamian Deer
232,2447,ANIMALIA,CHORDATA,MAMMALIA,ARTIODACTYLA,CERVIDAE,Axis,Axis kuhlii,"(Temminck, 1836)",NA,NA,NA,CR,Bawean Deer
233,2461,ANIMALIA,CHORDATA,MAMMALIA,ARTIODACTYLA,SUIDAE,Babyrousa,Babyrousa babyrussa,"(Linnaeus, 1758)",NA,NA,NA,VU,Hairy Babirusa
234,2465,ANIMALIA,CHORDATA,MAMMALIA,RODENTIA,CRICETIDAE,Baiomys,Baiomys musculus,"(Merriam, 1892)",NA,NA,NA,LC,Southern Pygmy Mouse
235,2466,ANIMALIA,CHORDATA,MAMMALIA,RODENTIA,CRICETIDAE,Baiomys,Baiomys taylori,"(Thomas, 1887)",NA,NA,NA,LC,Northern Pygmy Mouse
236,2467,ANIMALIA,CHORDATA,MAMMALIA,ARTIODACTYLA,BALAENIDAE,Balaena,Balaena mysticetus,"Linnaeus, 1758",NA,NA,NA,LC,Bowhead Whale
237,2468,ANIMALIA,CHORDATA,MAMMALIA,ARTIODACTYLA,BALAENIDAE,Balaena,Balaena mysticetus,"Linnaeus, 1758",NA,NA,Bering-Chukchi-Beaufort Sea subpopulation,LR/cd,Bowhead Whale Bering-Chukchi-Beaufort Seas subpopulation
238,2469,ANIMALIA,CHORDATA,MAMMALIA,ARTIODACTYLA,BALAENIDAE,Balaena,Balaena mysticetus,"Linnaeus, 1758",NA,NA,Okhotsk Sea subpopulation,EN,Okhotsk Sea Bowhead Whale
239,2472,ANIMALIA,CHORDATA,MAMMALIA,ARTIODACTYLA,BALAENIDAE,Balaena,Balaena mysticetus,"Linnaeus, 1758",NA,NA,East Greenland-Svalbard-Barents Sea subpopulation,EN,Bowhead Whale
240,2474,ANIMALIA,CHORDATA,MAMMALIA,ARTIODACTYLA,BALAENOPTERIDAE,Balaenoptera,Balaenoptera acutorostrata,"Lacépède, 1804",NA,NA,NA,LC,Common Minke Whale
241,2475,ANIMALIA,CHORDATA,MAMMALIA,ARTIODACTYLA,BALAENOPTERIDAE,Balaenoptera,Balaenoptera borealis,"Lesson, 1828",NA,NA,NA,EN,Sei Whale
242,2476,ANIMALIA,CHORDATA,MAMMALIA,ARTIODACTYLA,BALAENOPTERIDAE,Balaenoptera,Balaenoptera edeni,"Anderson, 1879",NA,NA,NA,LC,Bryde's Whale
243,2477,ANIMALIA,CHORDATA,MAMMALIA,ARTIODACTYLA,BALAENOPTERIDAE,Balaenoptera,Balaenoptera musculus,"(Linnaeus, 1758)",NA,NA,NA,EN,Blue Whale
244,2478,ANIMALIA,CHORDATA,MAMMALIA,ARTIODACTYLA,BALAENOPTERIDAE,Balaenoptera,Balaenoptera physalus,"(Linnaeus, 1758)",NA,NA,NA,VU,Fin Whale
245,2480,ANIMALIA,CHORDATA,MAMMALIA,ARTIODACTYLA,BALAENOPTERIDAE,Balaenoptera,Balaenoptera bonaerensis,"Burmeister, 1867",NA,NA,NA,NT,Antarctic Minke Whale
246,2531,ANIMALIA,CHORDATA,MAMMALIA,CHIROPTERA,EMBALLONURIDAE,Balantiopteryx,Balantiopteryx infusca,"(Thomas, 1897)",NA,NA,NA,VU,Ecuadorian Sac-winged Bat
247,2532,ANIMALIA,CHORDATA,MAMMALIA,CHIROPTERA,EMBALLONURIDAE,Balantiopteryx,Balantiopteryx io,"Thomas, 1904",NA,NA,NA,VU,Thomas's Sac-winged Bat
248,2533,ANIMALIA,CHORDATA,MAMMALIA,CHIROPTERA,EMBALLONURIDAE,Balantiopteryx,Balantiopteryx plicata,"Peters, 1867",NA,NA,NA,LC,Gray Sac-winged Bat
249,2540,ANIMALIA,CHORDATA,MAMMALIA,RODENTIA,MURIDAE,Bandicota,Bandicota bengalensis,"(Gray, 1835)",NA,NA,NA,LC,Lesser Bandicoot Rat
250,2541,ANIMALIA,CHORDATA,MAMMALIA,RODENTIA,MURIDAE,Bandicota,Bandicota indica,"(Bechstein, 1800)",NA,NA,NA,LC,Greater Bandicoot Rat
251,2542,ANIMALIA,CHORDATA,MAMMALIA,RODENTIA,MURIDAE,Bandicota,Bandicota savilei,"Thomas, 1916",NA,NA,NA,LC,Savile’s Bandicoot Rat
252,2553,ANIMALIA,CHORDATA,MAMMALIA,CHIROPTERA,VESPERTILIONIDAE,Barbastella,Barbastella barbastellus,"(Schreber, 1774)",NA,NA,NA,NT,Western Barbastelle
253,2613,ANIMALIA,CHORDATA,MAMMALIA,CARNIVORA,PROCYONIDAE,Bassariscus,Bassariscus sumichrasti,"(Saussure, 1860)",NA,NA,NA,LC,Cacomistle
254,2619,ANIMALIA,CHORDATA,MAMMALIA,RODENTIA,BATHYERGIDAE,Bathyergus,Bathyergus janetta,"Thomas & Schwann, 1904",NA,NA,NA,LC,Namaqua Dune Mole Rat
255,2620,ANIMALIA,CHORDATA,MAMMALIA,RODENTIA,BATHYERGIDAE,Bathyergus,Bathyergus suillus,"(Schreber, 1782)",NA,NA,NA,LC,Cape Dune Mole Rat
256,2642,ANIMALIA,CHORDATA,MAMMALIA,RODENTIA,MURIDAE,Batomys,Batomys dentatus,"Miller, 1911",NA,NA,NA,DD,Large-toothed Batomys
257,2643,ANIMALIA,CHORDATA,MAMMALIA,RODENTIA,MURIDAE,Batomys,Batomys salomonseni,"(Sanborn, 1953)",NA,NA,NA,LC,Mindanao Batomys
258,2675,ANIMALIA,CHORDATA,MAMMALIA,CARNIVORA,HERPESTIDAE,Bdeogale,Bdeogale jacksoni,"(Thomas, 1894)",NA,NA,NA,NT,Jackson's Mongoose
259,2676,ANIMALIA,CHORDATA,MAMMALIA,RODENTIA,NESOMYIDAE,Beamys,Beamys hindei,"Thomas, 1909",NA,NA,NA,LC,Long-tailed Pouched Rat
260,2756,ANIMALIA,CHORDATA,MAMMALIA,RODENTIA,SCIURIDAE,Belomys,Belomys pearsonii,"(Gray, 1842)",NA,NA,NA,DD,Hairy-footed Flying Squirrel
261,2762,ANIMALIA,CHORDATA,MAMMALIA,ARTIODACTYLA,ZIPHIIDAE,Berardius,Berardius arnuxii,"Duvernoy, 1851",NA,NA,NA,LC,Arnoux's Beaked Whale
262,2763,ANIMALIA,CHORDATA,MAMMALIA,ARTIODACTYLA,ZIPHIIDAE,Berardius,Berardius bairdii,"Stejneger, 1883",NA,NA,NA,LC,Baird's Beaked Whale
263,2767,ANIMALIA,CHORDATA,MAMMALIA,RODENTIA,MURIDAE,Berylmys,Berylmys berdmorei,"(Blyth, 1851)",NA,NA,NA,LC,Berdmore’s Berylmys
264,2768,ANIMALIA,CHORDATA,MAMMALIA,RODENTIA,MURIDAE,Berylmys,Berylmys bowersi,"(Anderson, 1879)",NA,NA,NA,LC,Bower's White-toothed Rat
265,2769,ANIMALIA,CHORDATA,MAMMALIA,RODENTIA,MURIDAE,Berylmys,Berylmys mackenziei,"(Thomas, 1916)",NA,NA,NA,DD,Kenneth's White-toothed Rat
266,2770,ANIMALIA,CHORDATA,MAMMALIA,RODENTIA,MURIDAE,Berylmys,Berylmys manipulus,"(Thomas, 1916)",NA,NA,NA,DD,Manipur White-toothed Rat
267,2783,ANIMALIA,CHORDATA,MAMMALIA,DIPROTODONTIA,POTOROIDAE,Bettongia,Bettongia gaimardi,"(Desmarest, 1822)",NA,NA,NA,NT,Tasmanian Bettong
268,2784,ANIMALIA,CHORDATA,MAMMALIA,DIPROTODONTIA,POTOROIDAE,Bettongia,Bettongia lesueur,"(Quoy &amp; Gaimard, 1824)",NA,NA,NA,NT,Burrowing Bettong
269,2785,ANIMALIA,CHORDATA,MAMMALIA,DIPROTODONTIA,POTOROIDAE,Bettongia,Bettongia penicillata,"Gray, 1837",NA,NA,NA,CR,Woylie
270,2787,ANIMALIA,CHORDATA,MAMMALIA,DIPROTODONTIA,POTOROIDAE,Bettongia,Bettongia tropica,"Wakefield, 1967",NA,NA,NA,EN,Northern Bettong
271,2801,ANIMALIA,CHORDATA,MAMMALIA,RODENTIA,CRICETIDAE,Bibimys,Bibimys chacoensis,"(Shamel, 1931)",NA,NA,NA,LC,Chaco Crimson-nosed Rat
272,2802,ANIMALIA,CHORDATA,MAMMALIA,RODENTIA,CRICETIDAE,Bibimys,Bibimys labiosus,"(Winge, 1887)",NA,NA,NA,LC,Large-lipped Crimson-nosed Rat
273,2803,ANIMALIA,CHORDATA,MAMMALIA,RODENTIA,CRICETIDAE,Bibimys,Bibimys torresi,"Massoia, 1979",NA,NA,NA,VU,Torres's Crimson-nosed Rat
274,2814,ANIMALIA,CHORDATA,MAMMALIA,ARTIODACTYLA,BOVIDAE,Bison,Bison bonasus,"(Linnaeus, 1758)",NA,NA,NA,NT,European Bison
275,2815,ANIMALIA,CHORDATA,MAMMALIA,ARTIODACTYLA,BOVIDAE,Bison,Bison bison,"(Linnaeus, 1758)",NA,NA,NA,NT,American Bison
276,2816,ANIMALIA,CHORDATA,MAMMALIA,RODENTIA,SCIURIDAE,Biswamoyopterus,Biswamoyopterus biswasi,"Saha, 1981",NA,NA,NA,CR,Namdapha Flying Squirrel
277,2823,ANIMALIA,CHORDATA,MAMMALIA,RODENTIA,CRICETIDAE,Microtus,Microtus afghanus,"O. Thomas, 1912",NA,NA,NA,LC,Afghan Vole
278,2824,ANIMALIA,CHORDATA,MAMMALIA,RODENTIA,CRICETIDAE,Microtus,Microtus bucharensis,"Vinogradov, 1930",NA,NA,NA,LC,Bucharian Vole
279,2825,ANIMALIA,CHORDATA,MAMMALIA,EULIPOTYPHLA,SORICIDAE,Blarinella,Blarinella wardi,"Thomas, 1915",NA,NA,NA,LC,Burmese Short-tailed Shrew
280,2827,ANIMALIA,CHORDATA,MAMMALIA,RODENTIA,CRICETIDAE,Blarinomys,Blarinomys breviceps,"(Winge, 1887)",NA,NA,NA,LC,Brazilian Shrew Mouse
281,2828,ANIMALIA,CHORDATA,MAMMALIA,ARTIODACTYLA,CERVIDAE,Blastocerus,Blastocerus dichotomus,"(Illiger, 1815)",NA,NA,NA,VU,Marsh Deer
282,2857,ANIMALIA,CHORDATA,MAMMALIA,RODENTIA,CRICETIDAE,Necromys,Necromys amoenus,"(Thomas, 1900)",NA,NA,NA,LC,Pleasant Bolo Mouse
283,2858,ANIMALIA,CHORDATA,MAMMALIA,RODENTIA,CRICETIDAE,Necromys,Necromys lactens,"(Thomas, 1918)",NA,NA,NA,LC,Rufous-bellied Bolo Mouse
284,2859,ANIMALIA,CHORDATA,MAMMALIA,RODENTIA,CRICETIDAE,Necromys,Necromys lasiurus,"(Lund, 1840)",NA,NA,NA,LC,Hairy-tailed Bolo Mouse
285,2860,ANIMALIA,CHORDATA,MAMMALIA,RODENTIA,CRICETIDAE,Necromys,Necromys obscurus,"(Waterhouse, 1837)",NA,NA,NA,LC,Dark Bolo Mouse
286,2861,ANIMALIA,CHORDATA,MAMMALIA,RODENTIA,CRICETIDAE,Necromys,Necromys punctulatus,"(Thomas, 1894)",NA,NA,NA,DD,Spotted Bolo Mouse
287,2862,ANIMALIA,CHORDATA,MAMMALIA,RODENTIA,CRICETIDAE,Necromys,Necromys temchuki,"(Massoia, 1982)",NA,NA,NA,LC,Temchuk's Bolo Mouse
288,2885,ANIMALIA,CHORDATA,MAMMALIA,RODENTIA,ECHIMYIDAE,Boromys,Boromys offella,"Miller, 1916",NA,NA,NA,EX,Oriente Cave Rat
289,2886,ANIMALIA,CHORDATA,MAMMALIA,RODENTIA,ECHIMYIDAE,Boromys,Boromys torrei,"Allen, 1917",NA,NA,NA,EX,Torre’s Cave Rat
290,2888,ANIMALIA,CHORDATA,MAMMALIA,ARTIODACTYLA,BOVIDAE,Bos,Bos javanicus,"d'Alton, 1823",NA,NA,NA,EN,Banteng
291,2890,ANIMALIA,CHORDATA,MAMMALIA,ARTIODACTYLA,BOVIDAE,Bos,Bos sauveli,"Urbain, 1937",NA,NA,NA,CR,Kouprey
292,2891,ANIMALIA,CHORDATA,MAMMALIA,ARTIODACTYLA,BOVIDAE,Bos,Bos gaurus,"C.H. Smith, 1827",NA,NA,NA,VU,Gaur
293,2892,ANIMALIA,CHORDATA,MAMMALIA,ARTIODACTYLA,BOVIDAE,Bos,Bos mutus,"(Przewalski, 1883)",NA,NA,NA,VU,Wild Yak
294,2893,ANIMALIA,CHORDATA,MAMMALIA,ARTIODACTYLA,BOVIDAE,Boselaphus,Boselaphus tragocamelus,"(Pallas, 1766)",NA,NA,NA,LC,Nilgai
295,2957,ANIMALIA,CHORDATA,MAMMALIA,RODENTIA,MURIDAE,Brachiones,Brachiones przewalskii,"(Büchner, 1889)",NA,NA,NA,LC,Przewalski's Jird
296,2963,ANIMALIA,CHORDATA,MAMMALIA,LAGOMORPHA,LEPORIDAE,Brachylagus,Brachylagus idahoensis,"(Merriam, 1891)",NA,NA,NA,LC,Pygmy Rabbit
297,2982,ANIMALIA,CHORDATA,MAMMALIA,CHIROPTERA,PHYLLOSTOMIDAE,Brachyphylla,Brachyphylla cavernarum,"Gray, 1834",NA,NA,NA,LC,Antillean Fruit-eating Bat
298,2983,ANIMALIA,CHORDATA,MAMMALIA,CHIROPTERA,PHYLLOSTOMIDAE,Brachyphylla,Brachyphylla nana,"Miller, 1902",NA,NA,NA,LC,Cuban Fruit-eating Bat
299,2991,ANIMALIA,CHORDATA,MAMMALIA,RODENTIA,NESOMYIDAE,Brachytarsomys,Brachytarsomys albicauda,"Günther, 1875",NA,NA,NA,LC,White-tailed Tree Rat
300,2993,ANIMALIA,CHORDATA,MAMMALIA,PRIMATES,ATELIDAE,Brachyteles,Brachyteles arachnoides,"(É. Geoffroy, 1806)",NA,NA,NA,CR,Southern Muriqui
301,2994,ANIMALIA,CHORDATA,MAMMALIA,PRIMATES,ATELIDAE,Brachyteles,Brachyteles hypoxanthus,"(Kuhl, 1820)",NA,NA,NA,CR,Northern Muriqui
302,2997,ANIMALIA,CHORDATA,MAMMALIA,RODENTIA,NESOMYIDAE,Brachyuromys,Brachyuromys betsileoensis,"(Bartlett, 1880)",NA,NA,NA,LC,Betsileo Short-tailed Rat
303,2998,ANIMALIA,CHORDATA,MAMMALIA,RODENTIA,NESOMYIDAE,Brachyuromys,Brachyuromys ramirohitra,"Major, 1896",NA,NA,NA,LC,Gregarious Short-tailed Rat
304,3036,ANIMALIA,CHORDATA,MAMMALIA,PILOSA,BRADYPODIDAE,Bradypus,Bradypus torquatus,"Illiger, 1811",NA,NA,NA,VU,Maned Three-toed Sloth
305,3037,ANIMALIA,CHORDATA,MAMMALIA,PILOSA,BRADYPODIDAE,Bradypus,Bradypus tridactylus,"Linnaeus, 1758",NA,NA,NA,LC,Pale-throated Three-toed Sloth
306,3038,ANIMALIA,CHORDATA,MAMMALIA,PILOSA,BRADYPODIDAE,Bradypus,Bradypus variegatus,"Schinz, 1825",NA,NA,NA,LC,Brown-throated Sloth
307,3121,ANIMALIA,CHORDATA,MAMMALIA,RODENTIA,ECHIMYIDAE,Brotomys,Brotomys voratus,"Miller, 1916",NA,NA,NA,EX,Hispaniolan Edible Rat
308,3126,ANIMALIA,CHORDATA,MAMMALIA,ARTIODACTYLA,BOVIDAE,Bubalus,Bubalus depressicornis,"(C.H. Smith, 1827)",NA,NA,NA,EN,Lowland Anoa
309,3127,ANIMALIA,CHORDATA,MAMMALIA,ARTIODACTYLA,BOVIDAE,Bubalus,Bubalus mindorensis,"Heude, 1888",NA,NA,NA,CR,Tamaraw
310,3128,ANIMALIA,CHORDATA,MAMMALIA,ARTIODACTYLA,BOVIDAE,Bubalus,Bubalus quarlesi,"(Ouwens, 1910)",NA,NA,NA,EN,Mountain Anoa
311,3129,ANIMALIA,CHORDATA,MAMMALIA,ARTIODACTYLA,BOVIDAE,Bubalus,Bubalus arnee,"(Kerr, 1792)",NA,NA,NA,EN,Wild Water Buffalo
312,3160,ANIMALIA,CHORDATA,MAMMALIA,ARTIODACTYLA,BOVIDAE,Budorcas,Budorcas taxicolor,"Hodgson, 1850",NA,NA,NA,VU,Takin
313,3322,ANIMALIA,CHORDATA,MAMMALIA,RODENTIA,MURIDAE,Bullimus,Bullimus bagobus,"Mearns, 1905",NA,NA,NA,LC,Mindanao Bullimus
314,3323,ANIMALIA,CHORDATA,MAMMALIA,RODENTIA,MURIDAE,Bullimus,Bullimus luzonicus,"(Thomas, 1895)",NA,NA,NA,LC,Luzon Bullimus
315,3326,ANIMALIA,CHORDATA,MAMMALIA,LAGOMORPHA,LEPORIDAE,Bunolagus,Bunolagus monticularis,"(Thomas, 1903)",NA,NA,NA,CR,Riverine Rabbit
316,3327,ANIMALIA,CHORDATA,MAMMALIA,RODENTIA,MURIDAE,Bunomys,Bunomys andrewsi,"(J.A. Allen, 1911)",NA,NA,NA,LC,Andrew’s Bunomys
317,3328,ANIMALIA,CHORDATA,MAMMALIA,RODENTIA,MURIDAE,Bunomys,Bunomys chrysocomus,"(Hoffmann, 1887)",NA,NA,NA,LC,Common Hill Rat
318,3329,ANIMALIA,CHORDATA,MAMMALIA,RODENTIA,MURIDAE,Bunomys,Bunomys coelestis,"(Thomas, 1896)",NA,NA,NA,EN,Lompobatang Bunomys
319,3330,ANIMALIA,CHORDATA,MAMMALIA,RODENTIA,MURIDAE,Bunomys,Bunomys fratrorum,"(Thomas, 1896)",NA,NA,NA,VU,Northeastern Peninsula Bunomys
320,3332,ANIMALIA,CHORDATA,MAMMALIA,RODENTIA,MURIDAE,Bunomys,Bunomys penitus,"(Miller &amp; Hollister, 1921)",NA,NA,NA,LC,Montane Bunomys
321,3333,ANIMALIA,CHORDATA,MAMMALIA,RODENTIA,MURIDAE,Bunomys,Bunomys prolatus,"Musser, 1991",NA,NA,NA,EN,Tambusisi Bunomys
322,3339,ANIMALIA,CHORDATA,MAMMALIA,DIPROTODONTIA,BURRAMYIDAE,Burramys,Burramys parvus,"Broom, 1896",NA,NA,NA,CR,Mountain Pygmy Possum
323,3412,ANIMALIA,CHORDATA,MAMMALIA,CINGULATA,CHLAMYPHORIDAE,Cabassous,Cabassous centralis,"(Miller, 1899)",NA,NA,NA,DD,Northern Naked-tailed Armadillo
324,3413,ANIMALIA,CHORDATA,MAMMALIA,CINGULATA,CHLAMYPHORIDAE,Cabassous,Cabassous chacoensis,"Wetzel, 1980",NA,NA,NA,NT,Chacoan Naked-tailed Armadillo
325,3414,ANIMALIA,CHORDATA,MAMMALIA,CINGULATA,CHLAMYPHORIDAE,Cabassous,Cabassous tatouay,"(Desmarest, 1804)",NA,NA,NA,LC,Greater Naked-tailed Armadillo
326,3415,ANIMALIA,CHORDATA,MAMMALIA,CINGULATA,CHLAMYPHORIDAE,Cabassous,Cabassous unicinctus,"(Linnaeus, 1758)",NA,NA,NA,LC,Southern Naked-Tailed Armadillo
327,3416,ANIMALIA,CHORDATA,MAMMALIA,PRIMATES,PITHECIIDAE,Cacajao,Cacajao calvus,"(I. Geoffroy, 1847)",NA,NA,NA,VU,Bald-headed Uacari
328,3519,ANIMALIA,CHORDATA,MAMMALIA,AFROSORICIDA,CHRYSOCHLORIDAE,Calcochloris,Calcochloris obtusirostris,"(Peters, 1851)",NA,NA,NA,LC,Yellow Golden Mole
329,3549,ANIMALIA,CHORDATA,MAMMALIA,PRIMATES,PITHECIIDAE,Plecturocebus,Plecturocebus dubius,"Hershkovitz, 1990",NA,NA,NA,LC,Hershkovitz's Titi
330,3553,ANIMALIA,CHORDATA,MAMMALIA,PRIMATES,PITHECIIDAE,Plecturocebus,Plecturocebus oenanthe,"Thomas, 1924",NA,NA,NA,CR,San Martin Titi Monkey
331,3554,ANIMALIA,CHORDATA,MAMMALIA,PRIMATES,PITHECIIDAE,Plecturocebus,Plecturocebus olallae,"Lönnberg, 1939",NA,NA,NA,CR,Olalla Brothers’ Titi
332,3555,ANIMALIA,CHORDATA,MAMMALIA,PRIMATES,PITHECIIDAE,Callicebus,Callicebus personatus,"(É. Geoffroy, 1812)",NA,NA,NA,VU,Atlantic Titi
333,3564,ANIMALIA,CHORDATA,MAMMALIA,PRIMATES,CALLITRICHIDAE,Callimico,Callimico goeldii,"(Thomas, 1904)",NA,NA,NA,VU,Goeldi’s Monkey
334,3570,ANIMALIA,CHORDATA,MAMMALIA,PRIMATES,CALLITRICHIDAE,Callithrix,Callithrix aurita,"(É. Geoffroy in Humboldt, 1812)",NA,NA,NA,EN,Buffy-tufted-ear Marmoset
335,3571,ANIMALIA,CHORDATA,MAMMALIA,PRIMATES,CALLITRICHIDAE,Callithrix,Callithrix flaviceps,"(Thomas, 1903)",NA,NA,NA,CR,Buffy-headed Marmoset
336,3572,ANIMALIA,CHORDATA,MAMMALIA,PRIMATES,CALLITRICHIDAE,Callithrix,Callithrix geoffroyi,"(É. Geoffroy in Humboldt, 1812)",NA,NA,NA,LC,Geoffroy’s Tufted-ear Marmoset
337,3575,ANIMALIA,CHORDATA,MAMMALIA,PRIMATES,CALLITRICHIDAE,Callithrix,Callithrix kuhlii,"Coimbra-Filho, 1985",NA,NA,NA,VU,Wied's Marmoset
338,3590,ANIMALIA,CHORDATA,MAMMALIA,CARNIVORA,OTARIIDAE,Callorhinus,Callorhinus ursinus,"(Linnaeus, 1758)",NA,NA,NA,VU,Northern Fur Seal
339,3591,ANIMALIA,CHORDATA,MAMMALIA,RODENTIA,SCIURIDAE,Callosciurus,Callosciurus adamsi,"Kloss, 1921",NA,NA,NA,NT,Ear-spot Squirrel
340,3592,ANIMALIA,CHORDATA,MAMMALIA,RODENTIA,SCIURIDAE,Callosciurus,Callosciurus albescens,"(Bonhote, 1901)",NA,NA,NA,DD,Kloss’s Squirrel
341,3593,ANIMALIA,CHORDATA,MAMMALIA,RODENTIA,SCIURIDAE,Callosciurus,Callosciurus baluensis,"(Bonhote, 1901)",NA,NA,NA,LC,Kinabalu Squirrel
342,3594,ANIMALIA,CHORDATA,MAMMALIA,RODENTIA,SCIURIDAE,Callosciurus,Callosciurus caniceps,"(Gray, 1842)",NA,NA,NA,LC,Grey-bellied Squirrel
343,3595,ANIMALIA,CHORDATA,MAMMALIA,RODENTIA,SCIURIDAE,Callosciurus,Callosciurus erythraeus,"(Pallas, 1779)",NA,NA,NA,LC,Pallas's Squirrel
344,3596,ANIMALIA,CHORDATA,MAMMALIA,RODENTIA,SCIURIDAE,Callosciurus,Callosciurus finlaysonii,"(Horsfield, 1823)",NA,NA,NA,LC,Variable Squirrel
345,3597,ANIMALIA,CHORDATA,MAMMALIA,RODENTIA,SCIURIDAE,Callosciurus,Callosciurus inornatus,"(Gray, 1867)",NA,NA,NA,LC,Inornate Squirrel
346,3598,ANIMALIA,CHORDATA,MAMMALIA,RODENTIA,SCIURIDAE,Callosciurus,Callosciurus melanogaster,"(Thomas, 1895)",NA,NA,NA,VU,Mentawai Squirrel
347,3599,ANIMALIA,CHORDATA,MAMMALIA,RODENTIA,SCIURIDAE,Callosciurus,Callosciurus nigrovittatus,"(Horsfield, 1823)",NA,NA,NA,LC,Black-striped Squirrel
348,3600,ANIMALIA,CHORDATA,MAMMALIA,RODENTIA,SCIURIDAE,Callosciurus,Callosciurus notatus,"(Boddaert, 1785)",NA,NA,NA,LC,Plantain Squirrel
349,3601,ANIMALIA,CHORDATA,MAMMALIA,RODENTIA,SCIURIDAE,Callosciurus,Callosciurus orestes,"(Thomas, 1895)",NA,NA,NA,LC,Borneo Black-banded Squirrel
350,3602,ANIMALIA,CHORDATA,MAMMALIA,RODENTIA,SCIURIDAE,Callosciurus,Callosciurus phayrei,"(Blyth, 1856)",NA,NA,NA,LC,Phayre's Squirrel
351,3603,ANIMALIA,CHORDATA,MAMMALIA,RODENTIA,SCIURIDAE,Callosciurus,Callosciurus prevostii,"(Desmarest, 1822)",NA,NA,NA,LC,Prevost's Squirrel
352,3604,ANIMALIA,CHORDATA,MAMMALIA,RODENTIA,SCIURIDAE,Callosciurus,Callosciurus pygerythrus,"(I. Geoffroy Saint Hilaire, 1832)",NA,NA,NA,LC,Hoary-bellied Squirrel
353,3605,ANIMALIA,CHORDATA,MAMMALIA,RODENTIA,SCIURIDAE,Callosciurus,Callosciurus quinquestriatus,"(Anderson, 1871)",NA,NA,NA,LC,Anderson's Squirrel
354,3609,ANIMALIA,CHORDATA,MAMMALIA,RODENTIA,CRICETIDAE,Calomys,Calomys boliviae,"(Thomas, 1901)",NA,NA,NA,LC,Bolivian Vesper Mouse
355,3610,ANIMALIA,CHORDATA,MAMMALIA,RODENTIA,CRICETIDAE,Calomys,Calomys callidus,"(Thomas, 1916)",NA,NA,NA,LC,Crafty Vesper Mouse
356,3611,ANIMALIA,CHORDATA,MAMMALIA,RODENTIA,CRICETIDAE,Calomys,Calomys callosus,"(Rengger, 1830)",NA,NA,NA,LC,Large Vesper Mouse
357,3612,ANIMALIA,CHORDATA,MAMMALIA,RODENTIA,CRICETIDAE,Calomys,Calomys hummelincki,"(Husson, 1960)",NA,NA,NA,LC,Hummelinck's Vesper Mouse
358,3613,ANIMALIA,CHORDATA,MAMMALIA,RODENTIA,CRICETIDAE,Calomys,Calomys laucha,"(Fischer, 1814)",NA,NA,NA,LC,Small Vesper Mouse
359,3614,ANIMALIA,CHORDATA,MAMMALIA,RODENTIA,CRICETIDAE,Calomys,Calomys lepidus,"(Thomas, 1884)",NA,NA,NA,LC,Andean Vesper Mouse
360,3615,ANIMALIA,CHORDATA,MAMMALIA,RODENTIA,CRICETIDAE,Calomys,Calomys musculinus,"(Thomas, 1913)",NA,NA,NA,LC,Drylands Vesper Mouse
361,3616,ANIMALIA,CHORDATA,MAMMALIA,RODENTIA,CRICETIDAE,Calomys,Calomys sorellus,"(Thomas, 1900)",NA,NA,NA,LC,Peruvian Vesper Mouse
362,3617,ANIMALIA,CHORDATA,MAMMALIA,RODENTIA,CRICETIDAE,Calomys,Calomys tener,"(Winge, 1887)",NA,NA,NA,LC,Delicate Vesper Mouse
363,3618,ANIMALIA,CHORDATA,MAMMALIA,RODENTIA,CALOMYSCIDAE,Calomyscus,Calomyscus bailwardi,"Thomas, 1905",NA,NA,NA,LC,Mouse-like Hamster
364,3619,ANIMALIA,CHORDATA,MAMMALIA,RODENTIA,CALOMYSCIDAE,Calomyscus,Calomyscus baluchi,"Thomas, 1920",NA,NA,NA,LC,Baluchi Brush-tailed Mouse
365,3620,ANIMALIA,CHORDATA,MAMMALIA,RODENTIA,CALOMYSCIDAE,Calomyscus,Calomyscus hotsoni,"Thomas, 1920",NA,NA,NA,LC,Hotson's Brush-tailed Mouse
366,3621,ANIMALIA,CHORDATA,MAMMALIA,RODENTIA,CALOMYSCIDAE,Calomyscus,Calomyscus mystax,"Kashkarov, 1925",NA,NA,NA,LC,Afghan Mouse-like Hamster
367,3622,ANIMALIA,CHORDATA,MAMMALIA,RODENTIA,CALOMYSCIDAE,Calomyscus,Calomyscus tsolovi,"Peshev, 1991",NA,NA,NA,DD,Tsolov's Mouse-like Hamster
368,3623,ANIMALIA,CHORDATA,MAMMALIA,RODENTIA,CALOMYSCIDAE,Calomyscus,Calomyscus urartensis,"Vorontsov &amp; Kartavseva, 1979",NA,NA,NA,LC,Urar Calomyscus
369,3626,ANIMALIA,CHORDATA,MAMMALIA,DIPROTODONTIA,POTOROIDAE,Caloprymnus,Caloprymnus campestris,"(Gould, 1843)",NA,NA,NA,EX,Desert Rat Kangaroo
370,3648,ANIMALIA,CHORDATA,MAMMALIA,DIDELPHIMORPHIA,DIDELPHIDAE,Caluromys,Caluromys lanatus,"(Olfers, 1818)",NA,NA,NA,LC,Brown-eared Woolly Opossum
371,3649,ANIMALIA,CHORDATA,MAMMALIA,DIDELPHIMORPHIA,DIDELPHIDAE,Caluromys,Caluromys philander,"Linnaeus, 1758",NA,NA,NA,LC,Bare-tailed Woolly Opossum
372,3650,ANIMALIA,CHORDATA,MAMMALIA,DIDELPHIMORPHIA,DIDELPHIDAE,Caluromys,Caluromys derbianus,"Waterhouse, 1841",NA,NA,NA,LC,Central American Woolly Opossum
373,3651,ANIMALIA,CHORDATA,MAMMALIA,DIDELPHIMORPHIA,DIDELPHIDAE,Caluromysiops,Caluromysiops irrupta,"Sanborn, 1951",NA,NA,NA,LC,Black-shouldered Opossum
374,3745,ANIMALIA,CHORDATA,MAMMALIA,CARNIVORA,CANIDAE,Canis,Canis latrans,"Say, 1823",NA,NA,NA,LC,Coyote
375,3746,ANIMALIA,CHORDATA,MAMMALIA,CARNIVORA,CANIDAE,Canis,Canis lupus,"Linnaeus, 1758",NA,NA,NA,LC,Grey Wolf
376,3747,ANIMALIA,CHORDATA,MAMMALIA,CARNIVORA,CANIDAE,Canis,Canis rufus,"Audubon &amp; Bachman, 1851",NA,NA,NA,CR,Red Wolf
377,3748,ANIMALIA,CHORDATA,MAMMALIA,CARNIVORA,CANIDAE,Canis,Canis simensis,"Rüppell, 1840",NA,NA,NA,EN,Ethiopian Wolf
378,3753,ANIMALIA,CHORDATA,MAMMALIA,CARNIVORA,CANIDAE,Canis,Canis adustus,"Sundevall, 1847",NA,NA,NA,LC,Side-striped Jackal
379,3755,ANIMALIA,CHORDATA,MAMMALIA,CARNIVORA,CANIDAE,Canis,Canis mesomelas,"Schreber, 1775",NA,NA,NA,LC,Black-backed Jackal
380,3759,ANIMALIA,CHORDATA,MAMMALIA,RODENTIA,SPALACIDAE,Cannomys,Cannomys badius,"(Hodgson, 1841)",NA,NA,NA,LC,Lesser Bamboo Rat
381,3760,ANIMALIA,CHORDATA,MAMMALIA,RODENTIA,CRICETIDAE,Cansumys,Cansumys canus,"G.M. Allen, 1928",NA,NA,NA,LC,Gansu Hamster
382,3778,ANIMALIA,CHORDATA,MAMMALIA,ARTIODACTYLA,NEOBALAENIDAE,Caperea,Caperea marginata,"(Gray, 1846)",NA,NA,NA,LC,Pygmy Right Whale
383,3786,ANIMALIA,CHORDATA,MAMMALIA,ARTIODACTYLA,BOVIDAE,Capra,Capra aegagrus,"Erxleben, 1777",NA,NA,NA,NT,Wild Goat
384,3787,ANIMALIA,CHORDATA,MAMMALIA,ARTIODACTYLA,BOVIDAE,Capra,Capra falconeri,"(Wagner, 1839)",NA,NA,NA,NT,Markhor
385,3794,ANIMALIA,CHORDATA,MAMMALIA,ARTIODACTYLA,BOVIDAE,Capra,Capra caucasica,"Güldenstädt &amp; Pallas, 1783",NA,NA,NA,EN,Western Tur
386,3795,ANIMALIA,CHORDATA,MAMMALIA,ARTIODACTYLA,BOVIDAE,Capra,Capra cylindricornis,"(Blyth, 1841)",NA,NA,NA,NT,Eastern Tur
387,3796,ANIMALIA,CHORDATA,MAMMALIA,ARTIODACTYLA,BOVIDAE,Capra,Capra nubiana,"F. Cuvier, 1825",NA,NA,NA,VU,Nubian Ibex
388,3797,ANIMALIA,CHORDATA,MAMMALIA,ARTIODACTYLA,BOVIDAE,Capra,Capra walie,"Rüppell, 1835",NA,NA,NA,VU,Walia Ibex
389,3798,ANIMALIA,CHORDATA,MAMMALIA,ARTIODACTYLA,BOVIDAE,Capra,Capra pyrenaica,"Schinz, 1838",NA,NA,NA,LC,Iberian Wild Goat
390,3810,ANIMALIA,CHORDATA,MAMMALIA,ARTIODACTYLA,BOVIDAE,Capricornis,Capricornis swinhoei,"Gray, 1862",NA,NA,NA,LC,Formosan Serow
391,3811,ANIMALIA,CHORDATA,MAMMALIA,ARTIODACTYLA,BOVIDAE,Capricornis,Capricornis crispus,"(Temminck, 1836)",NA,NA,NA,LC,Japanese Serow
392,3815,ANIMALIA,CHORDATA,MAMMALIA,ARTIODACTYLA,BOVIDAE,Capricornis,Capricornis rubidus,"Blyth, 1863",NA,NA,NA,VU,Burmese Red Serow
393,3833,ANIMALIA,CHORDATA,MAMMALIA,LAGOMORPHA,LEPORIDAE,Caprolagus,Caprolagus hispidus,"(Pearson, 1839)",NA,NA,NA,EN,Hispid Hare
394,3842,ANIMALIA,CHORDATA,MAMMALIA,RODENTIA,CAPROMYIDAE,Capromys,Capromys pilorides,"(Say, 1822)",NA,NA,NA,LC,Desmarest's Hutia
395,3847,ANIMALIA,CHORDATA,MAMMALIA,CARNIVORA,FELIDAE,Caracal,Caracal caracal,"(Schreber, 1776)",NA,NA,NA,LC,Caracal
396,3858,ANIMALIA,CHORDATA,MAMMALIA,RODENTIA,DIPODIDAE,Cardiocranius,Cardiocranius paradoxus,"Satunin, 1903",NA,NA,NA,DD,Five-toed Pygmy Jerboa
397,3859,ANIMALIA,CHORDATA,MAMMALIA,CHIROPTERA,MEGADERMATIDAE,Cardioderma,Cardioderma cor,"(Peters, 1872)",NA,NA,NA,LC,Heart-nosed Bat
398,3903,ANIMALIA,CHORDATA,MAMMALIA,CHIROPTERA,PHYLLOSTOMIDAE,Carollia,Carollia brevicauda,"(Schinz, 1821)",NA,NA,NA,LC,Silky Short-tailed Bat
399,3905,ANIMALIA,CHORDATA,MAMMALIA,CHIROPTERA,PHYLLOSTOMIDAE,Carollia,Carollia perspicillata,"(Linnaeus, 1758)",NA,NA,NA,LC,Seba's Short-tailed Bat
400,3906,ANIMALIA,CHORDATA,MAMMALIA,CHIROPTERA,PHYLLOSTOMIDAE,Carollia,Carollia subrufa,"(Hahn, 1905)",NA,NA,NA,LC,Gray Short-tailed Bat
401,3916,ANIMALIA,CHORDATA,MAMMALIA,RODENTIA,MURIDAE,Carpomys,Carpomys phaeurus,"Thomas, 1895",NA,NA,NA,LC,Small Luzon Carpomys
402,3917,ANIMALIA,CHORDATA,MAMMALIA,RODENTIA,MURIDAE,Carpomys,Carpomys melanurus,"Thomas, 1895",NA,NA,NA,DD,Large Luzon Carpomys
403,3921,ANIMALIA,CHORDATA,MAMMALIA,RODENTIA,ECHIMYIDAE,Carterodon,Carterodon sulcidens,"(Lund, 1841)",NA,NA,NA,DD,Owl's Spiny Rat
404,3999,ANIMALIA,CHORDATA,MAMMALIA,CHIROPTERA,PTEROPODIDAE,Casinycteris,Casinycteris argynnis,"Thomas, 1910",NA,NA,NA,LC,Short-palated Fruit Bat
405,4003,ANIMALIA,CHORDATA,MAMMALIA,RODENTIA,CASTORIDAE,Castor,Castor canadensis,"Kuhl, 1820",NA,NA,NA,LC,North American Beaver
406,4007,ANIMALIA,CHORDATA,MAMMALIA,RODENTIA,CASTORIDAE,Castor,Castor fiber,"Linnaeus, 1758",NA,NA,NA,LC,Eurasian Beaver
407,4015,ANIMALIA,CHORDATA,MAMMALIA,ARTIODACTYLA,TAYASSUIDAE,Catagonus,Catagonus wagneri,"(Rusconi, 1930)",NA,NA,NA,EN,Chacoan Peccary
408,4037,ANIMALIA,CHORDATA,MAMMALIA,CARNIVORA,FELIDAE,Catopuma,Catopuma badia,"(Gray, 1874)",NA,NA,NA,EN,Borneo Bay Cat
409,4038,ANIMALIA,CHORDATA,MAMMALIA,CARNIVORA,FELIDAE,Catopuma,Catopuma temminckii,"(Vigors &amp; Horsfield, 1827)",NA,NA,NA,NT,Asiatic Golden Cat
410,4065,ANIMALIA,CHORDATA,MAMMALIA,RODENTIA,CAVIIDAE,Cavia,Cavia fulgida,"Wagler, 1831",NA,NA,NA,LC,Shiny Guinea Pig
411,4066,ANIMALIA,CHORDATA,MAMMALIA,RODENTIA,CAVIIDAE,Cavia,Cavia magna,"Ximinez, 1980",NA,NA,NA,LC,Greater Guinea Pig
412,4068,ANIMALIA,CHORDATA,MAMMALIA,RODENTIA,CAVIIDAE,Cavia,Cavia tschudii,"Fitzinger, 1867",NA,NA,NA,LC,Montane Guinea Pig
413,4074,ANIMALIA,CHORDATA,MAMMALIA,PRIMATES,CEBIDAE,Sapajus,Sapajus xanthosternos,"(Wied-Neuwied, 1826)",NA,NA,NA,CR,Buff-headed Capuchin
414,4075,ANIMALIA,CHORDATA,MAMMALIA,PRIMATES,CEBIDAE,Cebus,Cebus cuscinus,"Thomas, 1901",NA,NA,NA,NT,Shock-headed Capuchin
415,4076,ANIMALIA,CHORDATA,MAMMALIA,PRIMATES,CEBIDAE,Cebus,Cebus yuracus,"Hershkowitz, 1949",NA,NA,NA,NT,Andean White-fronted Capuchin
416,4081,ANIMALIA,CHORDATA,MAMMALIA,PRIMATES,CEBIDAE,Cebus,Cebus aequatorialis,"J. A. Allen, 1914",NA,NA,NA,CR,Ecuadorian White-fronted Capuchin
417,4082,ANIMALIA,CHORDATA,MAMMALIA,PRIMATES,CEBIDAE,Cebus,Cebus cesarae,"Hershkovitz, 1949",NA,NA,NA,EN,Río Cesar White-fronted Capuchin
418,4084,ANIMALIA,CHORDATA,MAMMALIA,PRIMATES,CEBIDAE,Cebus,Cebus malitiosus,"Elliot, 1909",NA,NA,NA,EN,Santa Marta White-fronted Capuchin
419,4085,ANIMALIA,CHORDATA,MAMMALIA,PRIMATES,CEBIDAE,Cebus,Cebus trinitatis,"von Pusch, 1942",NA,NA,NA,CR,Trinidad White-fronted Capuchin
420,4092,ANIMALIA,CHORDATA,MAMMALIA,RODENTIA,MURIDAE,Chrotomys,Chrotomys silaceus,"(Thomas, 1895)",NA,NA,NA,LC,Blazed Luzon Chrotomys
421,4112,ANIMALIA,CHORDATA,MAMMALIA,CHIROPTERA,EMBALLONURIDAE,Centronycteris,Centronycteris maximiliani,"(Fischer, 1829)",NA,NA,NA,LC,Shaggy Bat
422,4133,ANIMALIA,CHORDATA,MAMMALIA,CHIROPTERA,PHYLLOSTOMIDAE,Centurio,Centurio senex,"Gray, 1842",NA,NA,NA,LC,Wrinkle-faced Bat
423,4137,ANIMALIA,CHORDATA,MAMMALIA,ARTIODACTYLA,BOVIDAE,Cephalophus,Cephalophus adersi,"Thomas, 1918",NA,NA,NA,VU,Aders' Duiker
424,4138,ANIMALIA,CHORDATA,MAMMALIA,ARTIODACTYLA,BOVIDAE,Cephalophus,Cephalophus callipygus,"Peters, 1876",NA,NA,NA,LC,Peters' Duiker
425,4139,ANIMALIA,CHORDATA,MAMMALIA,ARTIODACTYLA,BOVIDAE,Cephalophus,Cephalophus dorsalis,"Gray, 1846",NA,NA,NA,NT,Bay Duiker
426,4140,ANIMALIA,CHORDATA,MAMMALIA,ARTIODACTYLA,BOVIDAE,Cephalophus,Cephalophus jentinki,"Thomas, 1892",NA,NA,NA,EN,Jentink's Duiker
427,4141,ANIMALIA,CHORDATA,MAMMALIA,ARTIODACTYLA,BOVIDAE,Cephalophus,Cephalophus leucogaster,"Gray, 1873",NA,NA,NA,NT,White-bellied Duiker
428,4142,ANIMALIA,CHORDATA,MAMMALIA,ARTIODACTYLA,BOVIDAE,Philantomba,Philantomba maxwellii,"(C.H. Smith, 1827)",NA,NA,NA,LC,Maxwell's Duiker
429,4143,ANIMALIA,CHORDATA,MAMMALIA,ARTIODACTYLA,BOVIDAE,Philantomba,Philantomba monticola,"(Thunberg, 1789)",NA,NA,NA,LC,Blue Duiker
430,4144,ANIMALIA,CHORDATA,MAMMALIA,ARTIODACTYLA,BOVIDAE,Cephalophus,Cephalophus natalensis,"A. Smith, 1834",NA,NA,NA,LC,Natal Red Duiker
431,4145,ANIMALIA,CHORDATA,MAMMALIA,ARTIODACTYLA,BOVIDAE,Cephalophus,Cephalophus niger,"Gray, 1846",NA,NA,NA,LC,Black Duiker
432,4146,ANIMALIA,CHORDATA,MAMMALIA,ARTIODACTYLA,BOVIDAE,Cephalophus,Cephalophus nigrifrons,"Gray, 1871",NA,NA,NA,LC,Black-fronted Duiker
433,4148,ANIMALIA,CHORDATA,MAMMALIA,ARTIODACTYLA,BOVIDAE,Cephalophus,Cephalophus ogilbyi,"(Waterhouse, 1838)",NA,NA,NA,LC,Ogilby's Duiker
434,4149,ANIMALIA,CHORDATA,MAMMALIA,ARTIODACTYLA,BOVIDAE,Cephalophus,Cephalophus rufilatus,"Gray, 1846",NA,NA,NA,LC,Red-flanked Duiker
435,4150,ANIMALIA,CHORDATA,MAMMALIA,ARTIODACTYLA,BOVIDAE,Cephalophus,Cephalophus silvicultor,"(Afzelius, 1815)",NA,NA,NA,NT,Yellow-backed Duiker
436,4151,ANIMALIA,CHORDATA,MAMMALIA,ARTIODACTYLA,BOVIDAE,Cephalophus,Cephalophus spadix,"True, 1890",NA,NA,NA,EN,Abbott's Duiker
437,4152,ANIMALIA,CHORDATA,MAMMALIA,ARTIODACTYLA,BOVIDAE,Cephalophus,Cephalophus weynsi,"Thomas, 1901",NA,NA,NA,LC,Weyns's Duiker
438,4153,ANIMALIA,CHORDATA,MAMMALIA,ARTIODACTYLA,BOVIDAE,Cephalophus,Cephalophus zebra,"Gray, 1838",NA,NA,NA,VU,Zebra Duiker
439,4154,ANIMALIA,CHORDATA,MAMMALIA,ARTIODACTYLA,BOVIDAE,Cephalophus,Cephalophus harveyi,"(Thomas, 1893)",NA,NA,NA,LC,Harvey's Duiker
440,4159,ANIMALIA,CHORDATA,MAMMALIA,ARTIODACTYLA,DELPHINIDAE,Cephalorhynchus,Cephalorhynchus commersonii,"(Lacépède, 1804)",NA,NA,NA,LC,Commerson's Dolphin
441,4160,ANIMALIA,CHORDATA,MAMMALIA,ARTIODACTYLA,DELPHINIDAE,Cephalorhynchus,Cephalorhynchus eutropia,"Gray, 1846",NA,NA,NA,NT,Chilean Dolphin
442,4161,ANIMALIA,CHORDATA,MAMMALIA,ARTIODACTYLA,DELPHINIDAE,Cephalorhynchus,Cephalorhynchus heavisidii,"(Gray, 1828)",NA,NA,NA,NT,Heaviside's Dolphin
443,4162,ANIMALIA,CHORDATA,MAMMALIA,ARTIODACTYLA,DELPHINIDAE,Cephalorhynchus,Cephalorhynchus hectori,"(van Beneden, 1881)",NA,NA,NA,EN,Hector's Dolphin
444,4185,ANIMALIA,CHORDATA,MAMMALIA,PERISSODACTYLA,RHINOCEROTIDAE,Ceratotherium,Ceratotherium simum,"(Burchell, 1817)",NA,NA,NA,NT,White Rhino
445,4192,ANIMALIA,CHORDATA,MAMMALIA,DIPROTODONTIA,BURRAMYIDAE,Cercartetus,Cercartetus caudatus,"(Milne-Edwards, 1877)",NA,NA,NA,LC,Long-tailed Pygmy Possum
446,4200,ANIMALIA,CHORDATA,MAMMALIA,PRIMATES,CERCOPITHECIDAE,Cercocebus,Cercocebus galeritus,"Peters, 1879",NA,NA,NA,CR,Tana River Mangabey
447,4201,ANIMALIA,CHORDATA,MAMMALIA,PRIMATES,CERCOPITHECIDAE,Cercocebus,Cercocebus torquatus,"(Kerr, 1792)",NA,NA,NA,EN,Red-capped Mangabey
448,4203,ANIMALIA,CHORDATA,MAMMALIA,PRIMATES,CERCOPITHECIDAE,Cercocebus,Cercocebus sanjei,"Mittermeier, 1986",NA,NA,NA,EN,Sanje River Mangabey
449,4206,ANIMALIA,CHORDATA,MAMMALIA,PRIMATES,CERCOPITHECIDAE,Cercocebus,Cercocebus lunulatus,"(Temminck, 1853)",NA,NA,NA,EN,White-naped Mangabey
450,4207,ANIMALIA,CHORDATA,MAMMALIA,PRIMATES,CERCOPITHECIDAE,Cercocebus,Cercocebus chrysogaster,"Lydekker, 1900",NA,NA,NA,EN,Golden-bellied Mangabey
451,4212,ANIMALIA,CHORDATA,MAMMALIA,PRIMATES,CERCOPITHECIDAE,Cercopithecus,Cercopithecus ascanius,"(Audebert, 1799)",NA,NA,NA,LC,Red-tailed Monkey
452,4214,ANIMALIA,CHORDATA,MAMMALIA,PRIMATES,CERCOPITHECIDAE,Cercopithecus,Cercopithecus cephus,"(Linnaeus, 1758)",NA,NA,NA,LC,Moustached Monkey
453,4216,ANIMALIA,CHORDATA,MAMMALIA,PRIMATES,CERCOPITHECIDAE,Chlorocebus,Chlorocebus dryas,"Schwarz, 1932",NA,NA,NA,EN,Dryas Monkey
454,4217,ANIMALIA,CHORDATA,MAMMALIA,PRIMATES,CERCOPITHECIDAE,Cercopithecus,Cercopithecus erythrogaster,"Gray, 1866",NA,NA,NA,EN,Red-bellied Monkey
455,4218,ANIMALIA,CHORDATA,MAMMALIA,PRIMATES,CERCOPITHECIDAE,Cercopithecus,Cercopithecus erythrotis,"Waterhouse, 1838",NA,NA,NA,VU,Red-eared Monkey
456,4219,ANIMALIA,CHORDATA,MAMMALIA,PRIMATES,CERCOPITHECIDAE,Cercopithecus,Cercopithecus hamlyni,"Pocock, 1907",NA,NA,NA,VU,Owl-faced Monkey
457,4220,ANIMALIA,CHORDATA,MAMMALIA,PRIMATES,CERCOPITHECIDAE,Allochrocebus,Allochrocebus lhoesti,"(P. Sclater, 1899)",NA,NA,NA,VU,L'Hoest's Monkey
458,4221,ANIMALIA,CHORDATA,MAMMALIA,PRIMATES,CERCOPITHECIDAE,Cercopithecus,Cercopithecus mitis,"Wolf, 1822",NA,NA,NA,LC,Blue Monkey
459,4222,ANIMALIA,CHORDATA,MAMMALIA,PRIMATES,CERCOPITHECIDAE,Cercopithecus,Cercopithecus mona,"(Schreber, 1775)",NA,NA,NA,NT,Mona Monkey
460,4223,ANIMALIA,CHORDATA,MAMMALIA,PRIMATES,CERCOPITHECIDAE,Cercopithecus,Cercopithecus neglectus,"Schlegel, 1876",NA,NA,NA,LC,De Brazza’s Monkey
461,4224,ANIMALIA,CHORDATA,MAMMALIA,PRIMATES,CERCOPITHECIDAE,Cercopithecus,Cercopithecus nictitans,"(Linnaeus, 1766)",NA,NA,NA,NT,Putty-nosed Monkey
462,4225,ANIMALIA,CHORDATA,MAMMALIA,PRIMATES,CERCOPITHECIDAE,Cercopithecus,Cercopithecus petaurista,"(Schreber, 1774)",NA,NA,NA,NT,Spot-nosed Monkey
463,4227,ANIMALIA,CHORDATA,MAMMALIA,PRIMATES,CERCOPITHECIDAE,Allochrocebus,Allochrocebus preussi,"(Matschie, 1898)",NA,NA,NA,EN,Preuss’s Monkey
464,4229,ANIMALIA,CHORDATA,MAMMALIA,PRIMATES,CERCOPITHECIDAE,Cercopithecus,Cercopithecus sclateri,"Pocock, 1904",NA,NA,NA,EN,Sclater's Monkey
465,4230,ANIMALIA,CHORDATA,MAMMALIA,PRIMATES,CERCOPITHECIDAE,Allochrocebus,Allochrocebus solatus,"(Harrison, 1988)",NA,NA,NA,NT,Sun-tailed Monkey
466,4232,ANIMALIA,CHORDATA,MAMMALIA,PRIMATES,CERCOPITHECIDAE,Cercopithecus,Cercopithecus roloway,"(Schreber, 1774)",NA,NA,NA,CR,Roloway Monkey
467,4233,ANIMALIA,CHORDATA,MAMMALIA,PRIMATES,CERCOPITHECIDAE,Chlorocebus,Chlorocebus aethiops,"(Linnaeus, 1758)",NA,NA,NA,LC,Grivet Monkey
468,4240,ANIMALIA,CHORDATA,MAMMALIA,PRIMATES,CERCOPITHECIDAE,Chlorocebus,Chlorocebus djamdjamensis,"(Neumann, 1902)",NA,NA,NA,VU,Bale Monkey
469,4245,ANIMALIA,CHORDATA,MAMMALIA,PRIMATES,CERCOPITHECIDAE,Cercopithecus,Cercopithecus diana,"(Linnaeus, 1758)",NA,NA,NA,EN,Diana Monkey
470,4248,ANIMALIA,CHORDATA,MAMMALIA,CARNIVORA,CANIDAE,Cerdocyon,Cerdocyon thous,"(Linnaeus, 1766)",NA,NA,NA,LC,Crab-eating Fox
471,4256,ANIMALIA,CHORDATA,MAMMALIA,ARTIODACTYLA,CERVIDAE,Cervus,Cervus albirostris,"Przewalski, 1883",NA,NA,NA,VU,White-lipped Deer
472,4257,ANIMALIA,CHORDATA,MAMMALIA,ARTIODACTYLA,CERVIDAE,Rucervus,Rucervus duvaucelii,"(G. Cuvier, 1823)",NA,NA,NA,VU,Barasingha
473,4261,ANIMALIA,CHORDATA,MAMMALIA,ARTIODACTYLA,CERVIDAE,Cervus,Cervus hanglu,"Wagner, 1844",NA,NA,NA,LC,Tarim Red Deer
474,4265,ANIMALIA,CHORDATA,MAMMALIA,ARTIODACTYLA,CERVIDAE,Rucervus,Rucervus eldii,"(M'Clelland, 1842)",NA,NA,NA,EN,Eld's Deer
475,4273,ANIMALIA,CHORDATA,MAMMALIA,ARTIODACTYLA,CERVIDAE,Rusa,Rusa alfredi,"Sclater, 1870",NA,NA,NA,EN,Philippine Spotted Deer
476,4274,ANIMALIA,CHORDATA,MAMMALIA,ARTIODACTYLA,CERVIDAE,Rusa,Rusa marianna,"(Desmarest, 1822)",NA,NA,NA,VU,Philippine Deer
477,4288,ANIMALIA,CHORDATA,MAMMALIA,ARTIODACTYLA,CERVIDAE,Rucervus,Rucervus schomburgki,"(Blyth, 1863)",NA,NA,NA,EX,Schomburgk's Deer
478,4305,ANIMALIA,CHORDATA,MAMMALIA,CHIROPTERA,MOLOSSIDAE,Mops,Mops aloysiisabaudiae,"(Festa, 1907)",NA,NA,NA,LC,Duke of Abruzzi's Wrinkle-lipped Bat
479,4306,ANIMALIA,CHORDATA,MAMMALIA,CHIROPTERA,MOLOSSIDAE,Mops,Mops ansorgei,"(Thomas, 1913)",NA,NA,NA,LC,Ansorge's Wrinkle-lipped Bat
480,4307,ANIMALIA,CHORDATA,MAMMALIA,CHIROPTERA,MOLOSSIDAE,Mops,Mops bemmeleni,"(Jentink, 1879)",NA,NA,NA,LC,Gland-tailed Wrinkle-lipped Bat
481,4308,ANIMALIA,CHORDATA,MAMMALIA,CHIROPTERA,MOLOSSIDAE,Mops,Mops bivittatus,"(Heuglin, 1861)",NA,NA,NA,LC,Spotted Wrinkle-lipped Bat
482,4309,ANIMALIA,CHORDATA,MAMMALIA,CHIROPTERA,MOLOSSIDAE,Mops,Mops bregullae,"(Felten, 1964)",NA,NA,NA,EN,Fijian Free-tailed Bat
483,4310,ANIMALIA,CHORDATA,MAMMALIA,CHIROPTERA,MOLOSSIDAE,Mops,Mops chapini,"(J.A. Allen, 1917)",NA,NA,NA,LC,Long-crested Free-tailed Bat
484,4311,ANIMALIA,CHORDATA,MAMMALIA,CHIROPTERA,MOLOSSIDAE,Mops,Mops gallagheri,"(Harrison, 1975)",NA,NA,NA,DD,Gallagher's Wrinkle-lipped Bat
485,4312,ANIMALIA,CHORDATA,MAMMALIA,CHIROPTERA,MOLOSSIDAE,Mops,Mops jobensis,"(Miller, 1902)",NA,NA,NA,LC,Greater Northern Free-tailed Bat
486,4313,ANIMALIA,CHORDATA,MAMMALIA,CHIROPTERA,MOLOSSIDAE,Mops,Mops johorensis,"(Dobson, 1873)",NA,NA,NA,VU,Northern Free-tailed Bat
487,4314,ANIMALIA,CHORDATA,MAMMALIA,CHIROPTERA,MOLOSSIDAE,Mops,Mops major,"(Trouessart, 1897)",NA,NA,NA,LC,Large Wrinkle-lipped Bat
488,4315,ANIMALIA,CHORDATA,MAMMALIA,CHIROPTERA,MOLOSSIDAE,Mops,Mops nigeriae,"(Thomas, 1913)",NA,NA,NA,LC,Nigerian Free-tailed Bat
489,4316,ANIMALIA,CHORDATA,MAMMALIA,CHIROPTERA,MOLOSSIDAE,Mops,Mops plicatus,"(Buchanan, 1800)",NA,NA,NA,LC,Wrinkle-lipped Free-tailed Bat
490,4318,ANIMALIA,CHORDATA,MAMMALIA,CHIROPTERA,MOLOSSIDAE,Mops,Mops pusillus,"(Miller, 1902)",NA,NA,NA,VU,Seychelles Free-tailed bat
491,4319,ANIMALIA,CHORDATA,MAMMALIA,CHIROPTERA,MOLOSSIDAE,Mops,Mops russatus,"(J.A. Allen, 1917)",NA,NA,NA,DD,Russet Wrinkle-lipped Bat
492,4320,ANIMALIA,CHORDATA,MAMMALIA,CHIROPTERA,MOLOSSIDAE,Mops,Mops solomonis,"(Troughton, 1931)",NA,NA,NA,EN,Solomons Free-tailed Bat
493,4321,ANIMALIA,CHORDATA,MAMMALIA,CHIROPTERA,MOLOSSIDAE,Mops,Mops tomensis,"(Juste &amp; Ibáñez, 1993)",NA,NA,NA,EN,São Tomé Free-tailed Bat
494,4322,ANIMALIA,CHORDATA,MAMMALIA,PERAMELEMORPHIA,CHAEROPODIDAE,Chaeropus,Chaeropus ecaudatus,"(Ogilby, 1838)",NA,NA,NA,EX,Pig-footed Bandicoot
495,4327,ANIMALIA,CHORDATA,MAMMALIA,RODENTIA,HETEROMYIDAE,Chaetodipus,Chaetodipus artus,"(Osgood, 1900)",NA,NA,NA,LC,Narrow-skulled Pocket Mouse
496,4328,ANIMALIA,CHORDATA,MAMMALIA,RODENTIA,HETEROMYIDAE,Chaetodipus,Chaetodipus baileyi,"Merriam, 1894",NA,NA,NA,LC,Bailey's Pocket Mouse
497,4329,ANIMALIA,CHORDATA,MAMMALIA,RODENTIA,HETEROMYIDAE,Chaetodipus,Chaetodipus californicus,"(Merriam, 1889)",NA,NA,NA,LC,California Pocket Mouse
498,4330,ANIMALIA,CHORDATA,MAMMALIA,RODENTIA,HETEROMYIDAE,Chaetodipus,Chaetodipus fallax,"(Merriam, 1889)",NA,NA,NA,LC,San Diego Pocket Mouse
499,4331,ANIMALIA,CHORDATA,MAMMALIA,RODENTIA,HETEROMYIDAE,Chaetodipus,Chaetodipus formosus,"(Merriam, 1889)",NA,NA,NA,LC,Long-tailed Pocket Mouse
500,4332,ANIMALIA,CHORDATA,MAMMALIA,RODENTIA,HETEROMYIDAE,Chaetodipus,Chaetodipus goldmani,"(Osgood, 1900)",NA,NA,NA,NT,Goldman's Pocket Mouse
501,4333,ANIMALIA,CHORDATA,MAMMALIA,RODENTIA,HETEROMYIDAE,Chaetodipus,Chaetodipus hispidus,"(Baird, 1858)",NA,NA,NA,LC,Hispid Pocket Mouse
502,4334,ANIMALIA,CHORDATA,MAMMALIA,RODENTIA,HETEROMYIDAE,Chaetodipus,Chaetodipus intermedius,"(Merriam, 1889)",NA,NA,NA,LC,Rock Pocket Mouse
503,4335,ANIMALIA,CHORDATA,MAMMALIA,RODENTIA,HETEROMYIDAE,Chaetodipus,Chaetodipus nelsoni,"(Merriam, 1894)",NA,NA,NA,LC,Nelson's Pocket Mouse
504,4336,ANIMALIA,CHORDATA,MAMMALIA,RODENTIA,HETEROMYIDAE,Chaetodipus,Chaetodipus penicillatus,"Woodhouse, 1852",NA,NA,NA,LC,Desert Pocket Mouse
505,4337,ANIMALIA,CHORDATA,MAMMALIA,RODENTIA,HETEROMYIDAE,Chaetodipus,Chaetodipus pernix,"(J.A. Allen, 1898)",NA,NA,NA,LC,Sinaloan Pocket Mouse
506,4338,ANIMALIA,CHORDATA,MAMMALIA,RODENTIA,HETEROMYIDAE,Chaetodipus,Chaetodipus spinatus,"(Merriam, 1889)",NA,NA,NA,LC,Spiny Pocket Mouse
507,4366,ANIMALIA,CHORDATA,MAMMALIA,RODENTIA,ERETHIZONTIDAE,Chaetomys,Chaetomys subspinosus,"(Olfers, 1818)",NA,NA,NA,VU,Bristle-spined Rat
508,4369,ANIMALIA,CHORDATA,MAMMALIA,CINGULATA,CHLAMYPHORIDAE,Chaetophractus,Chaetophractus villosus,"(Desmarest, 1804)",NA,NA,NA,LC,Large Hairy Armadillo
509,4414,ANIMALIA,CHORDATA,MAMMALIA,CHIROPTERA,VESPERTILIONIDAE,Chalinolobus,Chalinolobus dwyeri,"Ryan, 1966",NA,NA,NA,VU,Large-eared Pied Bat
510,4417,ANIMALIA,CHORDATA,MAMMALIA,CHIROPTERA,VESPERTILIONIDAE,Chalinolobus,Chalinolobus gouldii,"(Gray, 1841)",NA,NA,NA,LC,Gould's Wattled Bat
511,4419,ANIMALIA,CHORDATA,MAMMALIA,CHIROPTERA,VESPERTILIONIDAE,Chalinolobus,Chalinolobus morio,"(Gray, 1841)",NA,NA,NA,LC,Chocolate Wattled Bat
512,4420,ANIMALIA,CHORDATA,MAMMALIA,CHIROPTERA,VESPERTILIONIDAE,Chalinolobus,Chalinolobus neocaledonicus,"Revilliod, 1914",NA,NA,NA,EN,New Caledonia Wattled Bat
513,4421,ANIMALIA,CHORDATA,MAMMALIA,CHIROPTERA,VESPERTILIONIDAE,Chalinolobus,Chalinolobus nigrogriseus,"(Gould, 1856)",NA,NA,NA,LC,Hoary Wattled Bat
514,4422,ANIMALIA,CHORDATA,MAMMALIA,CHIROPTERA,VESPERTILIONIDAE,Chalinolobus,Chalinolobus picatus,"(Gould, 1852)",NA,NA,NA,NT,Little Pied Bat
515,4425,ANIMALIA,CHORDATA,MAMMALIA,CHIROPTERA,VESPERTILIONIDAE,Chalinolobus,Chalinolobus tuberculatus,"(Forster, 1844)",NA,NA,NA,CR,New Zealand Long-tailed Bat
516,4600,ANIMALIA,CHORDATA,MAMMALIA,CHIROPTERA,MOLOSSIDAE,Cheiromeles,Cheiromeles parvidens,"Miller &amp; Hollister, 1921",NA,NA,NA,LC,Lesser Naked Bat
517,4601,ANIMALIA,CHORDATA,MAMMALIA,CHIROPTERA,MOLOSSIDAE,Cheiromeles,Cheiromeles torquatus,"Horsfield, 1824",NA,NA,NA,LC,Greater Naked Bat
518,4603,ANIMALIA,CHORDATA,MAMMALIA,RODENTIA,CRICETIDAE,Chelemys,Chelemys macronyx,"(Thomas, 1894)",NA,NA,NA,LC,Andean Long-clawed Mouse
519,4604,ANIMALIA,CHORDATA,MAMMALIA,RODENTIA,CRICETIDAE,Chelemys,Chelemys megalonyx,"(Waterhouse, 1845)",NA,NA,NA,NT,Large Long-clawed Mouse
520,4627,ANIMALIA,CHORDATA,MAMMALIA,RODENTIA,CRICETIDAE,Chibchanomys,Chibchanomys trichotis,"(Thomas, 1897)",NA,NA,NA,DD,Chibchan Water Mouse
521,4634,ANIMALIA,CHORDATA,MAMMALIA,RODENTIA,CRICETIDAE,Chilomys,Chilomys instans,"(O. Thomas, 1895)",NA,NA,NA,LC,Colombian Forest Mouse
522,4647,ANIMALIA,CHORDATA,MAMMALIA,EULIPOTYPHLA,SORICIDAE,Chimarrogale,Chimarrogale hantu,"Harrison, 1958",NA,NA,NA,NT,Malayan Water Shrew
523,4648,ANIMALIA,CHORDATA,MAMMALIA,EULIPOTYPHLA,SORICIDAE,Chimarrogale,Chimarrogale phaeura,"Thomas, 1898",NA,NA,NA,EN,Bornean Water Shrew
524,4649,ANIMALIA,CHORDATA,MAMMALIA,EULIPOTYPHLA,SORICIDAE,Chimarrogale,Chimarrogale sumatrana,"(Thomas, 1921)",NA,NA,NA,DD,Sumatran Water Shrew
525,4651,ANIMALIA,CHORDATA,MAMMALIA,RODENTIA,CHINCHILLIDAE,Chinchilla,Chinchilla chinchilla,"(Lichtenstein, 1829)",NA,NA,NA,EN,Short-tailed Chinchilla
526,4652,ANIMALIA,CHORDATA,MAMMALIA,RODENTIA,CHINCHILLIDAE,Chinchilla,Chinchilla lanigera,"Bennett, 1829",NA,NA,NA,EN,Long-tailed Chinchilla
527,4655,ANIMALIA,CHORDATA,MAMMALIA,RODENTIA,CRICETIDAE,Chinchillula,Chinchillula sahamae,"Thomas, 1898",NA,NA,NA,LC,Altiplano Chincilla Mouse
528,4658,ANIMALIA,CHORDATA,MAMMALIA,RODENTIA,CRICETIDAE,Chionomys,Chionomys gud,"(Satunin, 1909)",NA,NA,NA,LC,Gudaur Snow Vole
529,4659,ANIMALIA,CHORDATA,MAMMALIA,RODENTIA,CRICETIDAE,Chionomys,Chionomys syriacus,"(Brants, 1827)",NA,NA,NA,LC,European Snow Vole
530,4660,ANIMALIA,CHORDATA,MAMMALIA,RODENTIA,CRICETIDAE,Chionomys,Chionomys roberti,"(Thomas, 1906)",NA,NA,NA,LC,Robert's Snow Vole
531,4664,ANIMALIA,CHORDATA,MAMMALIA,CHIROPTERA,PHYLLOSTOMIDAE,Chiroderma,Chiroderma doriae,"Thomas, 1891",NA,NA,NA,LC,Brazilian Big-eyed Bat
532,4665,ANIMALIA,CHORDATA,MAMMALIA,CHIROPTERA,PHYLLOSTOMIDAE,Chiroderma,Chiroderma improvisum,"Baker &amp; Genoways, 1976",NA,NA,NA,EN,Guadeloupean Big-eyed Bat
533,4666,ANIMALIA,CHORDATA,MAMMALIA,CHIROPTERA,PHYLLOSTOMIDAE,Chiroderma,Chiroderma salvini,"Dobson, 1878",NA,NA,NA,LC,Salvin's Big-eyed Bat
534,4667,ANIMALIA,CHORDATA,MAMMALIA,CHIROPTERA,PHYLLOSTOMIDAE,Chiroderma,Chiroderma trinitatum,"Goodwin, 1958",NA,NA,NA,LC,Little Big-eyed Bat
535,4668,ANIMALIA,CHORDATA,MAMMALIA,CHIROPTERA,PHYLLOSTOMIDAE,Chiroderma,Chiroderma villosum,"Peters, 1860",NA,NA,NA,LC,Hairy Big-eyed Bat
536,4669,ANIMALIA,CHORDATA,MAMMALIA,RODENTIA,MURIDAE,Chiromyscus,Chiromyscus chiropus,"(Thomas, 1891)",NA,NA,NA,LC,Indochinese Chiromyscus
537,4670,ANIMALIA,CHORDATA,MAMMALIA,CHIROPTERA,PTEROPODIDAE,Chironax,Chironax melanocephalus,"(Temminck, 1825)",NA,NA,NA,LC,Black-capped Fruit Bat
538,4671,ANIMALIA,CHORDATA,MAMMALIA,DIDELPHIMORPHIA,DIDELPHIDAE,Chironectes,Chironectes minimus,"(Zimmermann, 1780)",NA,NA,NA,LC,Water Opossum
539,4679,ANIMALIA,CHORDATA,MAMMALIA,RODENTIA,MURIDAE,Chiropodomys,Chiropodomys calamianensis,"(Taylor, 1934)",NA,NA,NA,DD,Palawan Pencil-tailed Tree Mouse
540,4680,ANIMALIA,CHORDATA,MAMMALIA,RODENTIA,MURIDAE,Chiropodomys,Chiropodomys gliroides,"(Blyth, 1856)",NA,NA,NA,LC,Indomalayan Pencil-tailed Tree Mouse
541,4681,ANIMALIA,CHORDATA,MAMMALIA,RODENTIA,MURIDAE,Chiropodomys,Chiropodomys karlkoopmani,"Musser, 1979",NA,NA,NA,VU,Koopman’s Pencil-tailed Tree Mouse
542,4682,ANIMALIA,CHORDATA,MAMMALIA,RODENTIA,MURIDAE,Chiropodomys,Chiropodomys major,"Thomas, 1893",NA,NA,NA,LC,Greater Pencil-tailed Tree Mouse
543,4683,ANIMALIA,CHORDATA,MAMMALIA,RODENTIA,MURIDAE,Chiropodomys,Chiropodomys muroides,"Medway, 1965",NA,NA,NA,DD,Gray-bellied Pencil-tailed Tree Mouse
544,4684,ANIMALIA,CHORDATA,MAMMALIA,RODENTIA,MURIDAE,Chiropodomys,Chiropodomys pusillus,"Thomas, 1893",NA,NA,NA,DD,Lesser Pencil-tailed Tree Mouse
545,4685,ANIMALIA,CHORDATA,MAMMALIA,PRIMATES,PITHECIIDAE,Chiropotes,Chiropotes albinasus,"(I. Geoffroy &amp; Deville, 1848)",NA,NA,NA,VU,White-nosed Saki
546,4691,ANIMALIA,CHORDATA,MAMMALIA,RODENTIA,MURIDAE,Chiruromys,Chiruromys forbesi,"Thomas, 1888",NA,NA,NA,LC,Forbes's Tree Mouse
547,4692,ANIMALIA,CHORDATA,MAMMALIA,RODENTIA,MURIDAE,Chiruromys,Chiruromys lamia,"(Thomas, 1897)",NA,NA,NA,LC,Broad-headed Tree Mouse
548,4693,ANIMALIA,CHORDATA,MAMMALIA,RODENTIA,MURIDAE,Chiruromys,Chiruromys vates,"(Thomas, 1908)",NA,NA,NA,LC,Lesser Tree Mouse
549,4703,ANIMALIA,CHORDATA,MAMMALIA,CINGULATA,CHLAMYPHORIDAE,Calyptophractus,Calyptophractus retusus,"(Burmeister, 1863)",NA,NA,NA,DD,Greater Fairy Armadillo
550,4704,ANIMALIA,CHORDATA,MAMMALIA,CINGULATA,CHLAMYPHORIDAE,Chlamyphorus,Chlamyphorus truncatus,"Harlan, 1825",NA,NA,NA,DD,Pink Fairy Armadillo
551,4766,ANIMALIA,CHORDATA,MAMMALIA,AFROSORICIDA,CHRYSOCHLORIDAE,Chlorotalpa,Chlorotalpa sclateri,"(Broom, 1907)",NA,NA,NA,LC,Sclater's Golden Mole
552,4767,ANIMALIA,CHORDATA,MAMMALIA,AFROSORICIDA,CHRYSOCHLORIDAE,Calcochloris,Calcochloris tytonis,"(Simonetta, 1968)",NA,NA,NA,DD,Somali Golden Mole
553,4768,ANIMALIA,CHORDATA,MAMMALIA,AFROSORICIDA,CHRYSOCHLORIDAE,Chlorotalpa,Chlorotalpa duthieae,"(Broom, 1907)",NA,NA,NA,VU,Duthie's Golden Mole
554,4772,ANIMALIA,CHORDATA,MAMMALIA,CHIROPTERA,PHYLLOSTOMIDAE,Choeroniscus,Choeroniscus godmani,"(Thomas, 1903)",NA,NA,NA,LC,Godman's Long-tailed Bat
555,4774,ANIMALIA,CHORDATA,MAMMALIA,CHIROPTERA,PHYLLOSTOMIDAE,Choeroniscus,Choeroniscus minor,"(Peters, 1868)",NA,NA,NA,LC,Lesser Long-tailed Bat
556,4775,ANIMALIA,CHORDATA,MAMMALIA,CHIROPTERA,PHYLLOSTOMIDAE,Choeroniscus,Choeroniscus periosus,"Handley, 1966",NA,NA,NA,VU,Greater Long-tailed Bat
557,4776,ANIMALIA,CHORDATA,MAMMALIA,CHIROPTERA,PHYLLOSTOMIDAE,Choeronycteris,Choeronycteris mexicana,"Tschudi, 1844",NA,NA,NA,NT,Mexican Long-tongued Bat
558,4777,ANIMALIA,CHORDATA,MAMMALIA,PILOSA,MEGALONYCHIDAE,Choloepus,Choloepus didactylus,"(Linnaeus, 1758)",NA,NA,NA,LC,Linné's Two-toed Sloth
559,4778,ANIMALIA,CHORDATA,MAMMALIA,PILOSA,MEGALONYCHIDAE,Choloepus,Choloepus hoffmanni,"W. Peters, 1858",NA,NA,NA,LC,Hoffmann's Two-toed Sloth
560,4803,ANIMALIA,CHORDATA,MAMMALIA,RODENTIA,CRICETIDAE,Abrothrix,Abrothrix andinus,"(Philippi, 1858)",NA,NA,NA,LC,Andean Akodont
561,4804,ANIMALIA,CHORDATA,MAMMALIA,RODENTIA,CRICETIDAE,Abrothrix,Abrothrix jelskii,"(Thomas, 1894)",NA,NA,NA,LC,Jelski's Altiplano Mouse
562,4806,ANIMALIA,CHORDATA,MAMMALIA,CARNIVORA,VIVERRIDAE,Chrotogale,Chrotogale owstoni,"Thomas, 1912",NA,NA,NA,EN,Owston's Civet
563,4807,ANIMALIA,CHORDATA,MAMMALIA,RODENTIA,MURIDAE,Chrotomys,Chrotomys gonzalesi,"Rickart &amp; Heaney, 1991",NA,NA,NA,NT,Isarog Chrotomys
564,4808,ANIMALIA,CHORDATA,MAMMALIA,RODENTIA,MURIDAE,Chrotomys,Chrotomys mindorensis,"Kellogg, 1945",NA,NA,NA,LC,Lowland Chrotomys
565,4810,ANIMALIA,CHORDATA,MAMMALIA,RODENTIA,MURIDAE,Chrotomys,Chrotomys whiteheadi,"Thomas, 1895",NA,NA,NA,LC,Montane Chrotomys
566,4811,ANIMALIA,CHORDATA,MAMMALIA,CHIROPTERA,PHYLLOSTOMIDAE,Chrotopterus,Chrotopterus auritus,"(Peters, 1856)",NA,NA,NA,LC,Woolly False Vampire Bat
567,4812,ANIMALIA,CHORDATA,MAMMALIA,AFROSORICIDA,CHRYSOCHLORIDAE,Chrysochloris,Chrysochloris visagiei,"Broom, 1950",NA,NA,NA,DD,Visagie's Golden Mole
568,4819,ANIMALIA,CHORDATA,MAMMALIA,CARNIVORA,CANIDAE,Chrysocyon,Chrysocyon brachyurus,"(Illiger, 1815)",NA,NA,NA,NT,Maned Wolf
569,4828,ANIMALIA,CHORDATA,MAMMALIA,AFROSORICIDA,CHRYSOCHLORIDAE,Chrysospalax,Chrysospalax trevelyani,"(Günther, 1875)",NA,NA,NA,EN,Giant Golden Mole
570,4829,ANIMALIA,CHORDATA,MAMMALIA,AFROSORICIDA,CHRYSOCHLORIDAE,Chrysospalax,Chrysospalax villosus,"(A. Smith, 1833)",NA,NA,NA,VU,Rough-haired Golden Mole
571,4972,ANIMALIA,CHORDATA,MAMMALIA,RODENTIA,CRICETIDAE,Clethrionomys,Clethrionomys centralis,"(G.S. Miller, 1906)",NA,NA,NA,LC,Tien Shan Red-backed Vole
572,4973,ANIMALIA,CHORDATA,MAMMALIA,RODENTIA,CRICETIDAE,Clethrionomys,Clethrionomys glareolus,"Schreber, 1780",NA,NA,NA,LC,Bank Vole
573,4974,ANIMALIA,CHORDATA,MAMMALIA,RODENTIA,CRICETIDAE,Craseomys,Craseomys rufocanus,"(Sundevall, 1846)",NA,NA,NA,LC,Grey Red-backed Vole
574,4975,ANIMALIA,CHORDATA,MAMMALIA,RODENTIA,CRICETIDAE,Clethrionomys,Clethrionomys rutilus,"(Pallas, 1779)",NA,NA,NA,LC,Northern Red-backed Vole
575,4983,ANIMALIA,CHORDATA,MAMMALIA,CHIROPTERA,RHINONYCTERIDAE,Cloeotis,Cloeotis percivali,"Thomas, 1901",NA,NA,NA,LC,Percival's Trident Bat
576,4989,ANIMALIA,CHORDATA,MAMMALIA,RODENTIA,ECHIMYIDAE,Clyomys,Clyomys laticeps,"(Thomas, 1909)",NA,NA,NA,LC,Broad-headed Spiny Rat
577,5042,ANIMALIA,CHORDATA,MAMMALIA,RODENTIA,MURIDAE,Brassomys,Brassomys albidens,"(Tate, 1951)",NA,NA,NA,DD,White-toothed Mouse
578,5074,ANIMALIA,CHORDATA,MAMMALIA,CHIROPTERA,HIPPOSIDERIDAE,Coelops,Coelops frithii,"Blyth, 1848",NA,NA,NA,NT,Tail-less Leaf-nosed Bat
579,5076,ANIMALIA,CHORDATA,MAMMALIA,CHIROPTERA,HIPPOSIDERIDAE,Coelops,Coelops robinsoni,"Bonhote, 1908",NA,NA,NA,VU,Malayan Tailless Leaf-nosed Bat
580,5083,ANIMALIA,CHORDATA,MAMMALIA,RODENTIA,ERETHIZONTIDAE,Coendou,Coendou bicolor,"(Tschudi, 1844)",NA,NA,NA,LC,Bicolor-spined Porcupine
581,5084,ANIMALIA,CHORDATA,MAMMALIA,RODENTIA,ERETHIZONTIDAE,Coendou,Coendou nycthemera,"(Olfers, 1818)",NA,NA,NA,DD,Koopman's Porcupine
582,5112,ANIMALIA,CHORDATA,MAMMALIA,CHIROPTERA,EMBALLONURIDAE,Coleura,Coleura seychellensis,"Peters, 1868",NA,NA,NA,CR,Seychelles Sheath-tailed Bat
583,5113,ANIMALIA,CHORDATA,MAMMALIA,CHIROPTERA,EMBALLONURIDAE,Coleura,Coleura afra,"(Peters, 1852)",NA,NA,NA,LC,African Sheath-tailed Bat
584,5142,ANIMALIA,CHORDATA,MAMMALIA,PRIMATES,CERCOPITHECIDAE,Colobus,Colobus angolensis,"P. Sclater, 1860",NA,NA,NA,VU,Angolan Colobus
585,5143,ANIMALIA,CHORDATA,MAMMALIA,PRIMATES,CERCOPITHECIDAE,Colobus,Colobus guereza,"Rüppell, 1835",NA,NA,NA,LC,Guereza
586,5144,ANIMALIA,CHORDATA,MAMMALIA,PRIMATES,CERCOPITHECIDAE,Colobus,Colobus polykomos,"(E.A.W. Zimmermann, 1780)",NA,NA,NA,EN,King Colobus
587,5145,ANIMALIA,CHORDATA,MAMMALIA,PRIMATES,CERCOPITHECIDAE,Colobus,Colobus satanas,"Waterhouse, 1838",NA,NA,NA,VU,Black Colobus
588,5146,ANIMALIA,CHORDATA,MAMMALIA,PRIMATES,CERCOPITHECIDAE,Colobus,Colobus vellerosus,"(I. Geoffroy Saint-Hilaire, 1834)",NA,NA,NA,CR,White-thighed Colobus
589,5151,ANIMALIA,CHORDATA,MAMMALIA,RODENTIA,MURIDAE,Colomys,Colomys goslingi,"Thomas &amp; Wroughton, 1907",NA,NA,NA,LC,African Wading Rat
590,5221,ANIMALIA,CHORDATA,MAMMALIA,EULIPOTYPHLA,SORICIDAE,Congosorex,Congosorex polli,"(Heim de Balsac &amp; Lamotte, 1956)",NA,NA,NA,DD,Greater Congo Shrew
591,5223,ANIMALIA,CHORDATA,MAMMALIA,RODENTIA,MURIDAE,Conilurus,Conilurus albipes,"(Lichtenstein, 1829)",NA,NA,NA,EX,White-footed Rabbit-rat
592,5224,ANIMALIA,CHORDATA,MAMMALIA,RODENTIA,MURIDAE,Conilurus,Conilurus penicillatus,"(Gould, 1842)",NA,NA,NA,VU,Brush-tailed Rabbit-rat
593,5228,ANIMALIA,CHORDATA,MAMMALIA,ARTIODACTYLA,BOVIDAE,Connochaetes,Connochaetes gnou,"(Zimmermann, 1780)",NA,NA,NA,LC,Black Wildebeest
594,5229,ANIMALIA,CHORDATA,MAMMALIA,ARTIODACTYLA,BOVIDAE,Connochaetes,Connochaetes taurinus,"(Burchell, 1823)",NA,NA,NA,LC,Common Wildebeest
595,5414,ANIMALIA,CHORDATA,MAMMALIA,RODENTIA,MURIDAE,Coryphomys,Coryphomys buehleri,"Schaub, 1937",NA,NA,NA,EX,Buhler’s Coryphomys
596,5481,ANIMALIA,CHORDATA,MAMMALIA,CHIROPTERA,CRASEONYCTERIDAE,Craseonycteris,Craseonycteris thonglongyai,"Hill, 1974",NA,NA,NA,NT,Hog-nosed Bat
597,5499,ANIMALIA,CHORDATA,MAMMALIA,RODENTIA,MURIDAE,Crateromys,Crateromys australis,"Musser, Heaney &amp; Rabor, 1985",NA,NA,NA,DD,Dinagat Bushy-tailed Cloud Rat
598,5500,ANIMALIA,CHORDATA,MAMMALIA,RODENTIA,MURIDAE,Crateromys,Crateromys schadenbergi,"(Meyer, 1895)",NA,NA,NA,EN,Luzon Crateromys
599,5501,ANIMALIA,CHORDATA,MAMMALIA,RODENTIA,MURIDAE,Crateromys,Crateromys paulus,"Musser &amp; Gordon, 1981",NA,NA,NA,DD,Ilin Crateromys
600,5502,ANIMALIA,CHORDATA,MAMMALIA,RODENTIA,MURIDAE,Crateromys,Crateromys heaneyi,"Gonzales &amp; Kennedy, 1996",NA,NA,NA,EN,Panay Crateromys
601,5512,ANIMALIA,CHORDATA,MAMMALIA,RODENTIA,MURIDAE,Madromys,Madromys blanfordi,"(Thomas, 1881)",NA,NA,NA,LC,White-tailed Wood Rat
602,5513,ANIMALIA,CHORDATA,MAMMALIA,RODENTIA,MURIDAE,Cremnomys,Cremnomys cutchicus,"Wroughton, 1912",NA,NA,NA,LC,Cutch Rock-rat
603,5514,ANIMALIA,CHORDATA,MAMMALIA,RODENTIA,MURIDAE,Cremnomys,Cremnomys elvira,"(Ellerman, 1946)",NA,NA,NA,CR,Large Rock-rat
604,5521,ANIMALIA,CHORDATA,MAMMALIA,RODENTIA,NESOMYIDAE,Cricetomys,Cricetomys emini,"Wroughton, 1910",NA,NA,NA,LC,Forest Giant Pouched Rat
605,5523,ANIMALIA,CHORDATA,MAMMALIA,RODENTIA,CRICETIDAE,Urocricetus,Urocricetus alticola,"(O. Thomas, 1917)",NA,NA,NA,LC,Ladakh Dwarf Hamster
606,5524,ANIMALIA,CHORDATA,MAMMALIA,RODENTIA,CRICETIDAE,Cricetulus,Cricetulus barabensis,"(Pallas, 1773)",NA,NA,NA,LC,Striped Dwarf Hamster
607,5525,ANIMALIA,CHORDATA,MAMMALIA,RODENTIA,CRICETIDAE,Urocricetus,Urocricetus kamensis,"Satunin, 1903",NA,NA,NA,LC,Kam Dwarf Hamster
608,5526,ANIMALIA,CHORDATA,MAMMALIA,RODENTIA,CRICETIDAE,Cricetulus,Cricetulus longicaudatus,"(Milne-Edwards, 1867)",NA,NA,NA,LC,Long-tailed Dwarf Hamster
609,5527,ANIMALIA,CHORDATA,MAMMALIA,RODENTIA,CRICETIDAE,Cricetulus,Cricetulus sokolovi,"Orlov &amp; Malygin, 1988",NA,NA,NA,LC,Sokolov’s Dwarf Hamster
610,5528,ANIMALIA,CHORDATA,MAMMALIA,RODENTIA,CRICETIDAE,Nothocricetulus,Nothocricetulus migratorius,"(Pallas, 1773)",NA,NA,NA,LC,Grey Dwarf Hamster
611,5529,ANIMALIA,CHORDATA,MAMMALIA,RODENTIA,CRICETIDAE,Cricetus,Cricetus cricetus,"(Linnaeus, 1758)",NA,NA,NA,CR,Common Hamster
612,5558,ANIMALIA,CHORDATA,MAMMALIA,EULIPOTYPHLA,SORICIDAE,Crocidura,Crocidura ansellorum,"Hutterer &amp; Dippenaar, 1987",NA,NA,NA,EN,Ansell's Shrew
613,5559,ANIMALIA,CHORDATA,MAMMALIA,EULIPOTYPHLA,SORICIDAE,Crocidura,Crocidura baileyi,"Osgood, 1936",NA,NA,NA,LC,Bailey's Shrew
614,5560,ANIMALIA,CHORDATA,MAMMALIA,EULIPOTYPHLA,SORICIDAE,Crocidura,Crocidura canariensis,"Hutterer, López-Jurado, &amp; Vogel, 1987",NA,NA,NA,EN,Canary Shrew
615,5561,ANIMALIA,CHORDATA,MAMMALIA,EULIPOTYPHLA,SORICIDAE,Crocidura,Crocidura congobelgica,"Hollister, 1916",NA,NA,NA,LC,Congo White-toothed Shrew
616,5562,ANIMALIA,CHORDATA,MAMMALIA,EULIPOTYPHLA,SORICIDAE,Crocidura,Crocidura crenata,"Brosset, DuBost &amp; Heim de Balsac, 1965",NA,NA,NA,LC,Long-footed Shrew
617,5565,ANIMALIA,CHORDATA,MAMMALIA,EULIPOTYPHLA,SORICIDAE,Crocidura,Crocidura eisentrauti,"Heim de Balsac, 1957",NA,NA,NA,VU,Eisentraut's Shrew
618,5566,ANIMALIA,CHORDATA,MAMMALIA,EULIPOTYPHLA,SORICIDAE,Crocidura,Crocidura glassi,"Heim de Balsac, 1966",NA,NA,NA,NT,Glass's Shrew
619,5567,ANIMALIA,CHORDATA,MAMMALIA,EULIPOTYPHLA,SORICIDAE,Crocidura,Crocidura grassei,"Brosset, Dubost &amp; Heim de Balsac, 1965",NA,NA,NA,LC,Grasse's Shrew
620,5568,ANIMALIA,CHORDATA,MAMMALIA,EULIPOTYPHLA,SORICIDAE,Crocidura,Crocidura kivuana,"Heim de Balsac, 1968",NA,NA,NA,NT,Kivu Shrew
621,5569,ANIMALIA,CHORDATA,MAMMALIA,EULIPOTYPHLA,SORICIDAE,Crocidura,Crocidura lanosa,"Heim de Balsac, 1968",NA,NA,NA,VU,Lemara Shrew
622,5570,ANIMALIA,CHORDATA,MAMMALIA,EULIPOTYPHLA,SORICIDAE,Crocidura,Crocidura latona,"Hollister, 1916",NA,NA,NA,LC,Latona's Shrew
623,5571,ANIMALIA,CHORDATA,MAMMALIA,EULIPOTYPHLA,SORICIDAE,Crocidura,Crocidura longipes,"Hutterer &amp; Happold, 1983",NA,NA,NA,DD,Savanna Swamp Shrew
624,5572,ANIMALIA,CHORDATA,MAMMALIA,EULIPOTYPHLA,SORICIDAE,Crocidura,Crocidura lucina,"Dippenaar, 1980",NA,NA,NA,VU,Lucina's Shrew
625,5575,ANIMALIA,CHORDATA,MAMMALIA,EULIPOTYPHLA,SORICIDAE,Crocidura,Crocidura manengubae,"Hutterer, 1981",NA,NA,NA,VU,Manenguba Shrew
626,5576,ANIMALIA,CHORDATA,MAMMALIA,EULIPOTYPHLA,SORICIDAE,Crocidura,Crocidura maquassiensis,"Roberts, 1946",NA,NA,NA,LC,Makwassie Musk Shrew
627,5578,ANIMALIA,CHORDATA,MAMMALIA,EULIPOTYPHLA,SORICIDAE,Crocidura,Crocidura nimbae,"Heim de Balsac, 1956",NA,NA,NA,NT,Nimba Shrew
628,5580,ANIMALIA,CHORDATA,MAMMALIA,EULIPOTYPHLA,SORICIDAE,Crocidura,Crocidura phaeura,"Osgood, 1936",NA,NA,NA,EN,Guramba Shrew
629,5582,ANIMALIA,CHORDATA,MAMMALIA,EULIPOTYPHLA,SORICIDAE,Crocidura,Crocidura stenocephala,"Dieterlen &amp; Heim de Balsac, 1979",NA,NA,NA,EN,Narrow-headed Shrew
630,5584,ANIMALIA,CHORDATA,MAMMALIA,EULIPOTYPHLA,SORICIDAE,Crocidura,Crocidura telfordi,"Hutterer, 1986",NA,NA,NA,VU,Telford's Shrew
631,5585,ANIMALIA,CHORDATA,MAMMALIA,EULIPOTYPHLA,SORICIDAE,Crocidura,Crocidura thalia,"Dippenaar, 1980",NA,NA,NA,LC,Thalia's Shrew
632,5587,ANIMALIA,CHORDATA,MAMMALIA,EULIPOTYPHLA,SORICIDAE,Crocidura,Crocidura wimmeri,"Heim de Balsac &amp; Aellen, 1958",NA,NA,NA,CR,Wimmer's Shrew
633,5588,ANIMALIA,CHORDATA,MAMMALIA,EULIPOTYPHLA,SORICIDAE,Crocidura,Crocidura zimmermanni,"Wettstein, 1953",NA,NA,NA,EN,Cretan Shrew
634,5589,ANIMALIA,CHORDATA,MAMMALIA,EULIPOTYPHLA,SORICIDAE,Crocidura,Crocidura ludia,"Hollister, 1916",NA,NA,NA,LC,Dramatic Shrew
635,5590,ANIMALIA,CHORDATA,MAMMALIA,EULIPOTYPHLA,SORICIDAE,Crocidura,Crocidura orii,"Kuroda, 1924",NA,NA,NA,EN,Ryukyu Shrew
636,5591,ANIMALIA,CHORDATA,MAMMALIA,EULIPOTYPHLA,SORICIDAE,Crocidura,Crocidura polia,"Hollister, 1916",NA,NA,NA,DD,Fuscous Shrew
637,5592,ANIMALIA,CHORDATA,MAMMALIA,EULIPOTYPHLA,SORICIDAE,Crocidura,Crocidura raineyi,"Heller, 1912",NA,NA,NA,DD,Rainey Shrew
638,5593,ANIMALIA,CHORDATA,MAMMALIA,EULIPOTYPHLA,SORICIDAE,Crocidura,Crocidura selina,"Dollman, 1915",NA,NA,NA,DD,Moon Shrew
639,5594,ANIMALIA,CHORDATA,MAMMALIA,EULIPOTYPHLA,SORICIDAE,Crocidura,Crocidura thomensis,"(Bocage, 1887)",NA,NA,NA,EN,São Tomé Shrew
640,5595,ANIMALIA,CHORDATA,MAMMALIA,EULIPOTYPHLA,SORICIDAE,Crocidura,Crocidura andamanensis,"Miller, 1902",NA,NA,NA,CR,Andaman White-toothed Shrew
641,5596,ANIMALIA,CHORDATA,MAMMALIA,EULIPOTYPHLA,SORICIDAE,Crocidura,Crocidura armenica,"Gureev, 1963",NA,NA,NA,DD,Armenian Shrew
642,5597,ANIMALIA,CHORDATA,MAMMALIA,EULIPOTYPHLA,SORICIDAE,Crocidura,Crocidura beatus,"Miller, 1910",NA,NA,NA,LC,Mindanao Shrew
643,5598,ANIMALIA,CHORDATA,MAMMALIA,EULIPOTYPHLA,SORICIDAE,Crocidura,Crocidura beccarii,"Dobson, 1887",NA,NA,NA,LC,Beccari's Shrew
644,5599,ANIMALIA,CHORDATA,MAMMALIA,EULIPOTYPHLA,SORICIDAE,Crocidura,Crocidura dhofarensis,"Hutterer &amp; Harrison, 1988",NA,NA,NA,DD,Dhofarian Shrew
645,5600,ANIMALIA,CHORDATA,MAMMALIA,EULIPOTYPHLA,SORICIDAE,Crocidura,Crocidura floweri,"Dollman, 1915",NA,NA,NA,DD,Flower's Shrew
646,5601,ANIMALIA,CHORDATA,MAMMALIA,EULIPOTYPHLA,SORICIDAE,Crocidura,Crocidura grandis,"Miller, 1911",NA,NA,NA,DD,Greater Mindanao Shrew
647,5602,ANIMALIA,CHORDATA,MAMMALIA,EULIPOTYPHLA,SORICIDAE,Crocidura,Crocidura grayi,"Dobson, 1890",NA,NA,NA,LC,Luzon Shrew
648,5603,ANIMALIA,CHORDATA,MAMMALIA,EULIPOTYPHLA,SORICIDAE,Crocidura,Crocidura hispida,"Thomas, 1913",NA,NA,NA,VU,Andaman Spiny Shrew
649,5604,ANIMALIA,CHORDATA,MAMMALIA,EULIPOTYPHLA,SORICIDAE,Crocidura,Crocidura jenkinsi,"Chakraborty, 1978",NA,NA,NA,CR,Jenkin's Shrew
650,5605,ANIMALIA,CHORDATA,MAMMALIA,EULIPOTYPHLA,SORICIDAE,Crocidura,Crocidura malayana,"Robinson &amp; Kloss, 1911",NA,NA,NA,LC,Malayan Shrew
651,5608,ANIMALIA,CHORDATA,MAMMALIA,EULIPOTYPHLA,SORICIDAE,Crocidura,Crocidura miya,"Phillips, 1929",NA,NA,NA,EN,Sri Lankan Long-tailed Shrew
652,5609,ANIMALIA,CHORDATA,MAMMALIA,EULIPOTYPHLA,SORICIDAE,Crocidura,Crocidura negrina,"Rabor, 1952",NA,NA,NA,EN,Negros Shrew
653,5610,ANIMALIA,CHORDATA,MAMMALIA,EULIPOTYPHLA,SORICIDAE,Crocidura,Crocidura nicobarica,"Miller, 1902",NA,NA,NA,CR,Nicobar Shrew
654,5611,ANIMALIA,CHORDATA,MAMMALIA,EULIPOTYPHLA,SORICIDAE,Crocidura,Crocidura orientalis,"Jentink in Weber, 1890",NA,NA,NA,LC,Oriental Shrew
655,5613,ANIMALIA,CHORDATA,MAMMALIA,EULIPOTYPHLA,SORICIDAE,Crocidura,Crocidura palawanensis,"Taylor, 1934",NA,NA,NA,LC,Palawan Shrew
656,5614,ANIMALIA,CHORDATA,MAMMALIA,EULIPOTYPHLA,SORICIDAE,Crocidura,Crocidura paradoxura,"Dobson, 1886",NA,NA,NA,LC,Sumatran Long-tailed Shrew
657,5615,ANIMALIA,CHORDATA,MAMMALIA,EULIPOTYPHLA,SORICIDAE,Crocidura,Crocidura pergrisea,"Miller, 1913",NA,NA,NA,DD,Pale Grey Shrew
658,5616,ANIMALIA,CHORDATA,MAMMALIA,EULIPOTYPHLA,SORICIDAE,Crocidura,Crocidura religiosa,"(I. Geoffroy, 1827)",NA,NA,NA,DD,Egyptian Pygmy Shrew
659,5617,ANIMALIA,CHORDATA,MAMMALIA,EULIPOTYPHLA,SORICIDAE,Crocidura,Crocidura shantungensis,"Miller, 1901",NA,NA,NA,LC,Asian Lesser White-toothed Shrew
660,5618,ANIMALIA,CHORDATA,MAMMALIA,EULIPOTYPHLA,SORICIDAE,Crocidura,Crocidura susiana,"Redding &amp; Lay, 1978",NA,NA,NA,DD,Iranian Shrew
661,5619,ANIMALIA,CHORDATA,MAMMALIA,EULIPOTYPHLA,SORICIDAE,Crocidura,Crocidura tenuis,"Müller, 1840",NA,NA,NA,DD,Timor Shrew
662,5620,ANIMALIA,CHORDATA,MAMMALIA,EULIPOTYPHLA,SORICIDAE,Crocidura,Crocidura allex,"Osgood, 1910",NA,NA,NA,LC,East African Highland Shrew
663,5621,ANIMALIA,CHORDATA,MAMMALIA,EULIPOTYPHLA,SORICIDAE,Crocidura,Crocidura attila,"Dollman, 1915",NA,NA,NA,LC,Hun Shrew
664,5622,ANIMALIA,CHORDATA,MAMMALIA,EULIPOTYPHLA,SORICIDAE,Crocidura,Crocidura bottegoides,"Hutterer &amp; Yalden, 1990",NA,NA,NA,EN,Bale Shrew
665,5623,ANIMALIA,CHORDATA,MAMMALIA,EULIPOTYPHLA,SORICIDAE,Crocidura,Crocidura caliginea,"Hollister, 1916",NA,NA,NA,LC,African Dusky Shrew
666,5624,ANIMALIA,CHORDATA,MAMMALIA,EULIPOTYPHLA,SORICIDAE,Crocidura,Crocidura desperata,"Hutterer, Jenkins &amp; Verheyen, 1991",NA,NA,NA,VU,Desperate Shrew
667,5625,ANIMALIA,CHORDATA,MAMMALIA,EULIPOTYPHLA,SORICIDAE,Crocidura,Crocidura elgonius,"Osgood, 1910",NA,NA,NA,LC,Elgon Shrew
668,5626,ANIMALIA,CHORDATA,MAMMALIA,EULIPOTYPHLA,SORICIDAE,Crocidura,Crocidura erica,"Dollman, 1915",NA,NA,NA,DD,Heather Shrew
669,5627,ANIMALIA,CHORDATA,MAMMALIA,EULIPOTYPHLA,SORICIDAE,Crocidura,Crocidura fischeri,"Pagenstecher, 1885",NA,NA,NA,DD,Fischer's Shrew
670,5628,ANIMALIA,CHORDATA,MAMMALIA,EULIPOTYPHLA,SORICIDAE,Crocidura,Crocidura flavescens,"(I. Geoffroy, 1827)",NA,NA,NA,LC,Greater Red Musk Shrew
671,5629,ANIMALIA,CHORDATA,MAMMALIA,EULIPOTYPHLA,SORICIDAE,Crocidura,Crocidura foxi,"Dollman, 1915",NA,NA,NA,LC,Fox's Shrew
672,5630,ANIMALIA,CHORDATA,MAMMALIA,EULIPOTYPHLA,SORICIDAE,Crocidura,Crocidura fumosa,"Thomas, 1904",NA,NA,NA,LC,Smoky White-toothed Shrew
673,5631,ANIMALIA,CHORDATA,MAMMALIA,EULIPOTYPHLA,SORICIDAE,Crocidura,Crocidura gracilipes,"Peters, 1870",NA,NA,NA,DD,Peters' Musk Shrew
674,5632,ANIMALIA,CHORDATA,MAMMALIA,EULIPOTYPHLA,SORICIDAE,Crocidura,Crocidura greenwoodi,"Heim de Balsac, 1966",NA,NA,NA,LC,Greenwood's Shrew
675,5633,ANIMALIA,CHORDATA,MAMMALIA,EULIPOTYPHLA,SORICIDAE,Crocidura,Crocidura harenna,"Hutterer &amp; Yalden, 1990",NA,NA,NA,CR,Harenna Shrew
676,5634,ANIMALIA,CHORDATA,MAMMALIA,EULIPOTYPHLA,SORICIDAE,Crocidura,Crocidura macmillani,"Dollman, 1915",NA,NA,NA,NT,Macmillan's Shrew
677,5635,ANIMALIA,CHORDATA,MAMMALIA,EULIPOTYPHLA,SORICIDAE,Crocidura,Crocidura macowi,"Dollman, 1915",NA,NA,NA,DD,Macow's Shrew
678,5636,ANIMALIA,CHORDATA,MAMMALIA,EULIPOTYPHLA,SORICIDAE,Crocidura,Crocidura picea,"Sanderson, 1940",NA,NA,NA,EN,Cameroon Shrew
679,5637,ANIMALIA,CHORDATA,MAMMALIA,EULIPOTYPHLA,SORICIDAE,Crocidura,Crocidura pitmani,"Barclay, 1932",NA,NA,NA,DD,Pitman's Shrew
680,5638,ANIMALIA,CHORDATA,MAMMALIA,EULIPOTYPHLA,SORICIDAE,Crocidura,Crocidura ultima,"Dollman, 1915",NA,NA,NA,DD,Ultimate Shrew
681,5639,ANIMALIA,CHORDATA,MAMMALIA,EULIPOTYPHLA,SORICIDAE,Crocidura,Crocidura xantippe,"Osgood, 1910",NA,NA,NA,LC,Xanthippe's Shrew
682,5640,ANIMALIA,CHORDATA,MAMMALIA,EULIPOTYPHLA,SORICIDAE,Crocidura,Crocidura zimmeri,"Osgood, 1936",NA,NA,NA,DD,Zimmer's Shrew
683,5674,ANIMALIA,CHORDATA,MAMMALIA,CARNIVORA,HYAENIDAE,Crocuta,Crocuta crocuta,"(Erxleben, 1777)",NA,NA,NA,LC,Spotted Hyaena
684,5679,ANIMALIA,CHORDATA,MAMMALIA,RODENTIA,MURIDAE,Crossomys,Crossomys moncktoni,"Thomas, 1907",NA,NA,NA,LC,Earless Water Rat
685,5704,ANIMALIA,CHORDATA,MAMMALIA,RODENTIA,MURIDAE,Crunomys,Crunomys celebensis,"Musser, 1982",NA,NA,NA,DD,Sulawesi Shrew Mouse
686,5705,ANIMALIA,CHORDATA,MAMMALIA,RODENTIA,MURIDAE,Crunomys,Crunomys fallax,"Thomas, 1897",NA,NA,NA,DD,Luzon Shrew Mouse
687,5706,ANIMALIA,CHORDATA,MAMMALIA,RODENTIA,MURIDAE,Crunomys,Crunomys melanius,"Thomas, 1907",NA,NA,NA,LC,Mindanao Shrew Mouse
688,5748,ANIMALIA,CHORDATA,MAMMALIA,AFROSORICIDA,CHRYSOCHLORIDAE,Cryptochloris,Cryptochloris wintoni,"(Broom, 1907)",NA,NA,NA,CR,De Winton's Golden Mole
689,5749,ANIMALIA,CHORDATA,MAMMALIA,AFROSORICIDA,CHRYSOCHLORIDAE,Cryptochloris,Cryptochloris zyli,"Shortridge & Carter, 1938",NA,NA,NA,EN,Van Zyl's Golden Mole
690,5751,ANIMALIA,CHORDATA,MAMMALIA,RODENTIA,BATHYERGIDAE,Fukomys,Fukomys zechi,"(Matschie, 1900)",NA,NA,NA,LC,Ghana Mole Rat
691,5752,ANIMALIA,CHORDATA,MAMMALIA,RODENTIA,BATHYERGIDAE,Fukomys,Fukomys bocagei,"(de Winton, 1897)",NA,NA,NA,LC,Bocage's Mole Rat
692,5753,ANIMALIA,CHORDATA,MAMMALIA,RODENTIA,BATHYERGIDAE,Fukomys,Fukomys damarensis,"(Ogilby, 1838)",NA,NA,NA,LC,Damara Mole Rat
693,5754,ANIMALIA,CHORDATA,MAMMALIA,RODENTIA,BATHYERGIDAE,Fukomys,Fukomys foxi,"(Thomas, 1911)",NA,NA,NA,DD,Nigerian Mole Rat
694,5756,ANIMALIA,CHORDATA,MAMMALIA,RODENTIA,BATHYERGIDAE,Fukomys,Fukomys mechowii,"(Peters, 1881)",NA,NA,NA,LC,Mechow's Mole Rat
695,5757,ANIMALIA,CHORDATA,MAMMALIA,RODENTIA,BATHYERGIDAE,Fukomys,Fukomys ochraceocinereus,"(Heuglin, 1864)",NA,NA,NA,LC,Ochre Mole Rat
696,5760,ANIMALIA,CHORDATA,MAMMALIA,CARNIVORA,EUPLERIDAE,Cryptoprocta,Cryptoprocta ferox,"Bennett, 1833",NA,NA,NA,VU,Fossa
697,5763,ANIMALIA,CHORDATA,MAMMALIA,EULIPOTYPHLA,SORICIDAE,Cryptotis,Cryptotis endersi,"Setzer, 1950",NA,NA,NA,EN,Ender's Small-eared Shrew
698,5764,ANIMALIA,CHORDATA,MAMMALIA,EULIPOTYPHLA,SORICIDAE,Cryptotis,Cryptotis gracilis,"Miller, 1911",NA,NA,NA,LC,Talamancan Small-eared Shrew
699,5765,ANIMALIA,CHORDATA,MAMMALIA,EULIPOTYPHLA,SORICIDAE,Cryptotis,Cryptotis hondurensis,"Woodman &amp; Timm, 1992",NA,NA,NA,DD,Honduran Small-eared Shrew
700,5766,ANIMALIA,CHORDATA,MAMMALIA,EULIPOTYPHLA,SORICIDAE,Cryptotis,Cryptotis magna,"(Merriam, 1895)",NA,NA,NA,VU,Big Mexican Small-eared Shrew
701,5792,ANIMALIA,CHORDATA,MAMMALIA,RODENTIA,CTENODACTYLIDAE,Ctenodactylus,Ctenodactylus gundi,"(Rothmann, 1776)",NA,NA,NA,LC,North African Gundi
702,5793,ANIMALIA,CHORDATA,MAMMALIA,RODENTIA,CTENODACTYLIDAE,Ctenodactylus,Ctenodactylus vali,"Thomas, 1902",NA,NA,NA,DD,Val's Gundi
703,5795,ANIMALIA,CHORDATA,MAMMALIA,RODENTIA,CTENOMYIDAE,Ctenomys,Ctenomys argentinus,"Conterras &amp; Berry, 1982",NA,NA,NA,NT,Argentine Tuco-tuco
704,5796,ANIMALIA,CHORDATA,MAMMALIA,RODENTIA,CTENOMYIDAE,Ctenomys,Ctenomys australis,"Rusconi, 1934",NA,NA,NA,EN,Southern Tuco-tuco
705,5797,ANIMALIA,CHORDATA,MAMMALIA,RODENTIA,CTENOMYIDAE,Ctenomys,Ctenomys azarae,"Thomas, 1903",NA,NA,NA,EN,Azara's Tuco-tuco
706,5798,ANIMALIA,CHORDATA,MAMMALIA,RODENTIA,CTENOMYIDAE,Ctenomys,Ctenomys boliviensis,"Waterhouse, 1848",NA,NA,NA,LC,Bolivian Tuco-tuco
707,5799,ANIMALIA,CHORDATA,MAMMALIA,RODENTIA,CTENOMYIDAE,Ctenomys,Ctenomys bonettoi,"Contreras &amp; Berry, 1982",NA,NA,NA,EN,Bonetto's Tuco-tuco
708,5800,ANIMALIA,CHORDATA,MAMMALIA,RODENTIA,CTENOMYIDAE,Ctenomys,Ctenomys brasiliensis,"Blainville, 1826",NA,NA,NA,DD,Brazilian Tuco-tuco
709,5801,ANIMALIA,CHORDATA,MAMMALIA,RODENTIA,CTENOMYIDAE,Ctenomys,Ctenomys colburni,"J.A. Allen, 1903",NA,NA,NA,DD,Colburn's Tuco-tuco
710,5802,ANIMALIA,CHORDATA,MAMMALIA,RODENTIA,CTENOMYIDAE,Ctenomys,Ctenomys conoveri,"Osgood, 1946",NA,NA,NA,LC,Conover's Tuco-tuco
711,5803,ANIMALIA,CHORDATA,MAMMALIA,RODENTIA,CTENOMYIDAE,Ctenomys,Ctenomys dorsalis,"Thomas, 1900",NA,NA,NA,DD,Chacoan Tuco-tuco
712,5804,ANIMALIA,CHORDATA,MAMMALIA,RODENTIA,CTENOMYIDAE,Ctenomys,Ctenomys emilianus,"Thomas &amp; St. Leger, 1926",NA,NA,NA,LC,Emily's Tuco-tuco
713,5806,ANIMALIA,CHORDATA,MAMMALIA,RODENTIA,CTENOMYIDAE,Ctenomys,Ctenomys fulvus,"Philippi, 1860",NA,NA,NA,DD,Tawny Tuco-tuco
714,5807,ANIMALIA,CHORDATA,MAMMALIA,RODENTIA,CTENOMYIDAE,Ctenomys,Ctenomys haigi,"Thomas, 1917",NA,NA,NA,LC,Haig's Tuco-tuco
715,5808,ANIMALIA,CHORDATA,MAMMALIA,RODENTIA,CTENOMYIDAE,Ctenomys,Ctenomys knighti,"Thomas, 1919",NA,NA,NA,DD,Catamarca Tuco-tuco
716,5809,ANIMALIA,CHORDATA,MAMMALIA,RODENTIA,CTENOMYIDAE,Ctenomys,Ctenomys latro,"Thomas, 1918",NA,NA,NA,EN,Mottled Tuco-tuco
717,5810,ANIMALIA,CHORDATA,MAMMALIA,RODENTIA,CTENOMYIDAE,Ctenomys,Ctenomys leucodon,"Waterhouse, 1848",NA,NA,NA,LC,White-toothed Tuco-tuco
718,5811,ANIMALIA,CHORDATA,MAMMALIA,RODENTIA,CTENOMYIDAE,Ctenomys,Ctenomys lewisi,"Thomas, 1926",NA,NA,NA,LC,Lewis's Tuco-tuco
719,5812,ANIMALIA,CHORDATA,MAMMALIA,RODENTIA,CTENOMYIDAE,Ctenomys,Ctenomys magellanicus,"Bennett, 1836",NA,NA,NA,LC,Magellanic Tuco-tuco
720,5813,ANIMALIA,CHORDATA,MAMMALIA,RODENTIA,CTENOMYIDAE,Ctenomys,Ctenomys maulinus,"Philippi, 1872",NA,NA,NA,LC,Maule Tuco-tuco
721,5814,ANIMALIA,CHORDATA,MAMMALIA,RODENTIA,CTENOMYIDAE,Ctenomys,Ctenomys mendocinus,"Philippi, 1869",NA,NA,NA,LC,Mendoza Tuco-tuco
722,5815,ANIMALIA,CHORDATA,MAMMALIA,RODENTIA,CTENOMYIDAE,Ctenomys,Ctenomys minutus,"Nehring, 1887",NA,NA,NA,DD,Tiny Tuco-tuco
723,5817,ANIMALIA,CHORDATA,MAMMALIA,RODENTIA,CTENOMYIDAE,Ctenomys,Ctenomys occultus,"Thomas, 1920",NA,NA,NA,EN,Furtive Tuco-tuco
724,5818,ANIMALIA,CHORDATA,MAMMALIA,RODENTIA,CTENOMYIDAE,Ctenomys,Ctenomys opimus,"Wagner, 1848",NA,NA,NA,LC,Highland Tuco-tuco
725,5819,ANIMALIA,CHORDATA,MAMMALIA,RODENTIA,CTENOMYIDAE,Ctenomys,Ctenomys pearsoni,"Lessa &amp; Langguth, 1983",NA,NA,NA,NT,Pearson's Tuco-tuco
726,5820,ANIMALIA,CHORDATA,MAMMALIA,RODENTIA,CTENOMYIDAE,Ctenomys,Ctenomys perrensi,"Thomas, 1898",NA,NA,NA,LC,Goya Tuco-tuco
727,5821,ANIMALIA,CHORDATA,MAMMALIA,RODENTIA,CTENOMYIDAE,Ctenomys,Ctenomys peruanus,"Sanborn &amp; Pearson, 1947",NA,NA,NA,LC,Peruvian Tuco-tuco
728,5822,ANIMALIA,CHORDATA,MAMMALIA,RODENTIA,CTENOMYIDAE,Ctenomys,Ctenomys pontifex,"Thomas, 1918",NA,NA,NA,DD,San Luis Tuco-tuco
729,5823,ANIMALIA,CHORDATA,MAMMALIA,RODENTIA,CTENOMYIDAE,Ctenomys,Ctenomys porteousi,"Thomas, 1916",NA,NA,NA,NT,Porteous's Tuco-tuco
730,5824,ANIMALIA,CHORDATA,MAMMALIA,RODENTIA,CTENOMYIDAE,Ctenomys,Ctenomys saltarius,"Thomas, 1912",NA,NA,NA,DD,Salta Tuco-tuco
731,5825,ANIMALIA,CHORDATA,MAMMALIA,RODENTIA,CTENOMYIDAE,Ctenomys,Ctenomys sericeus,"J.A. Allen, 1903",NA,NA,NA,DD,Silky Tuco-tuco
732,5826,ANIMALIA,CHORDATA,MAMMALIA,RODENTIA,CTENOMYIDAE,Ctenomys,Ctenomys sociabilis,"Pearson &amp; Christie, 1985",NA,NA,NA,CR,Social Tuco-tuco
733,5827,ANIMALIA,CHORDATA,MAMMALIA,RODENTIA,CTENOMYIDAE,Ctenomys,Ctenomys steinbachi,"Thomas, 1907",NA,NA,NA,LC,Steinbach's Tuco-tuco
734,5828,ANIMALIA,CHORDATA,MAMMALIA,RODENTIA,CTENOMYIDAE,Ctenomys,Ctenomys talarum,"Thomas, 1898",NA,NA,NA,LC,Talas Tuco-tuco
735,5829,ANIMALIA,CHORDATA,MAMMALIA,RODENTIA,CTENOMYIDAE,Ctenomys,Ctenomys torquatus,"Lichtenstein, 1830",NA,NA,NA,LC,Collared Tuco-tuco
736,5830,ANIMALIA,CHORDATA,MAMMALIA,RODENTIA,CTENOMYIDAE,Ctenomys,Ctenomys tuconax,"Thomas, 1925",NA,NA,NA,DD,Robust Tuco-tuco
737,5831,ANIMALIA,CHORDATA,MAMMALIA,RODENTIA,CTENOMYIDAE,Ctenomys,Ctenomys tucumanus,"Thomas, 1900",NA,NA,NA,DD,Tucuman Tuco-tuco
738,5832,ANIMALIA,CHORDATA,MAMMALIA,RODENTIA,CTENOMYIDAE,Ctenomys,Ctenomys validus,"Contreras, Roig &amp; Suzarte, 1977",NA,NA,NA,DD,Strong Tuco-tuco
739,5953,ANIMALIA,CHORDATA,MAMMALIA,CARNIVORA,CANIDAE,Cuon,Cuon alpinus,"(Pallas, 1811)",NA,NA,NA,EN,Dhole
740,6019,ANIMALIA,CHORDATA,MAMMALIA,PILOSA,CYCLOPEDIDAE,Cyclopes,Cyclopes didactylus,"(Linnaeus, 1758)",NA,NA,NA,LC,Silky Anteater
741,6081,ANIMALIA,CHORDATA,MAMMALIA,DERMOPTERA,CYNOCEPHALIDAE,Cynocephalus,Cynocephalus volans,"(Linnaeus, 1758)",NA,NA,NA,LC,Philippine Flying Lemur
742,6082,ANIMALIA,CHORDATA,MAMMALIA,CARNIVORA,VIVERRIDAE,Cynogale,Cynogale bennettii,"Gray, 1837",NA,NA,NA,EN,Otter Civet
743,6089,ANIMALIA,CHORDATA,MAMMALIA,RODENTIA,SCIURIDAE,Cynomys,Cynomys mexicanus,"Merriam, 1892",NA,NA,NA,EN,Mexican Prairie Dog
744,6090,ANIMALIA,CHORDATA,MAMMALIA,RODENTIA,SCIURIDAE,Cynomys,Cynomys parvidens,"J. A. Allen, 1905",NA,NA,NA,EN,Utah Prairie Dog
745,6091,ANIMALIA,CHORDATA,MAMMALIA,RODENTIA,SCIURIDAE,Cynomys,Cynomys ludovicianus,"(Ord, 1815)",NA,NA,NA,LC,Arizona Black-tailed Prairie Dog
746,6103,ANIMALIA,CHORDATA,MAMMALIA,CHIROPTERA,PTEROPODIDAE,Cynopterus,Cynopterus brachyotis,"(Müller, 1838)",NA,NA,NA,LC,Lesser Dog-faced Fruit Bat
747,6104,ANIMALIA,CHORDATA,MAMMALIA,CHIROPTERA,PTEROPODIDAE,Cynopterus,Cynopterus horsfieldii,"Gray, 1843",NA,NA,NA,LC,Horsfield’s Fruit Bat
748,6105,ANIMALIA,CHORDATA,MAMMALIA,CHIROPTERA,PTEROPODIDAE,Cynopterus,Cynopterus nusatenggara,"Kitchener &amp; Maharadatunkamsi, 1991",NA,NA,NA,LC,Nusatenggara Short-nosed Fruit Bat
749,6106,ANIMALIA,CHORDATA,MAMMALIA,CHIROPTERA,PTEROPODIDAE,Cynopterus,Cynopterus sphinx,"(Vahl, 1797)",NA,NA,NA,LC,Greater Shortnosed Fruit Bat
750,6107,ANIMALIA,CHORDATA,MAMMALIA,CHIROPTERA,PTEROPODIDAE,Cynopterus,Cynopterus titthaecheilus,"(Temminck, 1825)",NA,NA,NA,LC,Indonesian Short-nosed Fruit Bat
751,6204,ANIMALIA,CHORDATA,MAMMALIA,CARNIVORA,PHOCIDAE,Cystophora,Cystophora cristata,"(Erxleben, 1777)",NA,NA,NA,VU,Hooded Seal
752,6206,ANIMALIA,CHORDATA,MAMMALIA,CHIROPTERA,EMBALLONURIDAE,Cyttarops,Cyttarops alecto,"Thomas, 1913",NA,NA,NA,LC,Short-eared Bat
753,6219,ANIMALIA,CHORDATA,MAMMALIA,RODENTIA,MURIDAE,Dacnomys,Dacnomys millardi,"Thomas, 1916",NA,NA,NA,DD,Millard's Rat
754,6220,ANIMALIA,CHORDATA,MAMMALIA,RODENTIA,ECHIMYIDAE,Dactylomys,Dactylomys boliviensis,"Anthony, 1920",NA,NA,NA,LC,Bolivian Bamboo Rat
755,6221,ANIMALIA,CHORDATA,MAMMALIA,RODENTIA,ECHIMYIDAE,Dactylomys,Dactylomys dactylinus,"(Desmarest, 1817)",NA,NA,NA,LC,Amazon Bamboo Rat
756,6222,ANIMALIA,CHORDATA,MAMMALIA,RODENTIA,ECHIMYIDAE,Dactylomys,Dactylomys peruanus,"J.A. Allen, 1900",NA,NA,NA,DD,Peruvian Bamboo Rat
757,6223,ANIMALIA,CHORDATA,MAMMALIA,DIPROTODONTIA,PETAURIDAE,Dactylopsila,Dactylopsila megalura,"Rothschild &amp; Dollman, 1932",NA,NA,NA,LC,Great-tailed Triok
758,6224,ANIMALIA,CHORDATA,MAMMALIA,DIPROTODONTIA,PETAURIDAE,Dactylopsila,Dactylopsila tatei,"Laurie, 1952",NA,NA,NA,EN,Tate's Triok
759,6225,ANIMALIA,CHORDATA,MAMMALIA,DIPROTODONTIA,PETAURIDAE,Dactylonax,Dactylonax palpator,"(Milne-Edwards, 1888)",NA,NA,NA,LC,Long-fingered Triok
760,6226,ANIMALIA,CHORDATA,MAMMALIA,DIPROTODONTIA,PETAURIDAE,Dactylopsila,Dactylopsila trivirgata,"Gray, 1858",NA,NA,NA,LC,Striped Possum
761,6232,ANIMALIA,CHORDATA,MAMMALIA,ARTIODACTYLA,CERVIDAE,Dama,Dama mesopotamica,"(Brooke, 1875)",NA,NA,NA,EN,Persian Fallow Deer
762,6234,ANIMALIA,CHORDATA,MAMMALIA,ARTIODACTYLA,BOVIDAE,Beatragus,Beatragus hunteri,"(P.L. Sclater, 1889)",NA,NA,NA,CR,Hirola
763,6235,ANIMALIA,CHORDATA,MAMMALIA,ARTIODACTYLA,BOVIDAE,Damaliscus,Damaliscus lunatus,"(Burchell, 1824)",NA,NA,NA,LC,Topi
764,6265,ANIMALIA,CHORDATA,MAMMALIA,DASYUROMORPHIA,DASYURIDAE,Dasyuroides,Dasyuroides byrnei,"Spencer, 1896",NA,NA,NA,VU,Kowari
765,6266,ANIMALIA,CHORDATA,MAMMALIA,DASYUROMORPHIA,DASYURIDAE,Dasycercus,Dasycercus cristicauda,"(Krefft, 1867)",NA,NA,NA,NT,Crest-tailed Mulgara
766,6267,ANIMALIA,CHORDATA,MAMMALIA,DASYUROMORPHIA,DASYURIDAE,Dasycercus,Dasycercus blythi,"(Waite, 1904)",NA,NA,NA,LC,Brush-tailed Mulgara
767,6268,ANIMALIA,CHORDATA,MAMMALIA,RODENTIA,MURIDAE,Dasymys,Dasymys foxi,"Thomas, 1912",NA,NA,NA,DD,Fox's Shaggy Rat
768,6269,ANIMALIA,CHORDATA,MAMMALIA,RODENTIA,MURIDAE,Dasymys,Dasymys incomtus,"(Sundevall, 1847)",NA,NA,NA,LC,African Marsh Rat
769,6270,ANIMALIA,CHORDATA,MAMMALIA,RODENTIA,MURIDAE,Dasymys,Dasymys montanus,"Thomas, 1906",NA,NA,NA,EN,Montane Shaggy Rat
770,6271,ANIMALIA,CHORDATA,MAMMALIA,RODENTIA,MURIDAE,Dasymys,Dasymys nudipes,"(Peters, 1870)",NA,NA,NA,DD,Angolan Shaggy Rat
771,6272,ANIMALIA,CHORDATA,MAMMALIA,RODENTIA,MURIDAE,Dasymys,Dasymys rufulus,"Miller, 1900",NA,NA,NA,LC,West African Shaggy Rat
772,6278,ANIMALIA,CHORDATA,MAMMALIA,RODENTIA,DASYPROCTIDAE,Dasyprocta,Dasyprocta azarae,"Lichtenstein, 1823",NA,NA,NA,DD,Azara's Agouti
773,6279,ANIMALIA,CHORDATA,MAMMALIA,RODENTIA,DASYPROCTIDAE,Dasyprocta,Dasyprocta coibae,"Thomas, 1902",NA,NA,NA,NT,Coiban Agouti
774,6281,ANIMALIA,CHORDATA,MAMMALIA,RODENTIA,DASYPROCTIDAE,Dasyprocta,Dasyprocta fuliginosa,"Wagler, 1832",NA,NA,NA,LC,Black Agouti
775,6282,ANIMALIA,CHORDATA,MAMMALIA,RODENTIA,DASYPROCTIDAE,Dasyprocta,Dasyprocta guamara,"Ojasti, 1972",NA,NA,NA,NT,Orinoco Agouti
776,6283,ANIMALIA,CHORDATA,MAMMALIA,RODENTIA,DASYPROCTIDAE,Dasyprocta,Dasyprocta kalinowskii,"Thomas, 1897",NA,NA,NA,DD,Kalinowski Agouti
777,6285,ANIMALIA,CHORDATA,MAMMALIA,RODENTIA,DASYPROCTIDAE,Dasyprocta,Dasyprocta mexicana,"Saussure, 1860",NA,NA,NA,CR,Mexican Agouti
778,6286,ANIMALIA,CHORDATA,MAMMALIA,RODENTIA,DASYPROCTIDAE,Dasyprocta,Dasyprocta prymnolopha,"Wagler, 1831",NA,NA,NA,LC,Black-rumped Agouti
779,6287,ANIMALIA,CHORDATA,MAMMALIA,RODENTIA,DASYPROCTIDAE,Dasyprocta,Dasyprocta ruatanica,"Thomas, 1901",NA,NA,NA,EN,Roatan Island Agouti
780,6288,ANIMALIA,CHORDATA,MAMMALIA,CINGULATA,DASYPODIDAE,Dasypus,Dasypus hybridus,"(Desmarest, 1804)",NA,NA,NA,NT,Southern Long-Nosed Armadillo
781,6289,ANIMALIA,CHORDATA,MAMMALIA,CINGULATA,DASYPODIDAE,Dasypus,Dasypus kappleri,"Krauss, 1862",NA,NA,NA,LC,Greater Long-nosed Armadillo
782,6290,ANIMALIA,CHORDATA,MAMMALIA,CINGULATA,DASYPODIDAE,Dasypus,Dasypus novemcinctus,"Linnaeus, 1758",NA,NA,NA,LC,Nine-banded Armadillo
783,6291,ANIMALIA,CHORDATA,MAMMALIA,CINGULATA,DASYPODIDAE,Dasypus,Dasypus pilosus,"(Fitzinger, 1856)",NA,NA,NA,DD,Hairy Long-nosed Armadillo
784,6292,ANIMALIA,CHORDATA,MAMMALIA,CINGULATA,DASYPODIDAE,Dasypus,Dasypus sabanicola,"Mondolfi, 1968",NA,NA,NA,NT,Northern Long-nosed Armadillo
785,6293,ANIMALIA,CHORDATA,MAMMALIA,CINGULATA,DASYPODIDAE,Dasypus,Dasypus septemcinctus,"Linnaeus, 1758",NA,NA,NA,LC,Brazilian Lesser Long-nosed Armadillo
786,6294,ANIMALIA,CHORDATA,MAMMALIA,DASYUROMORPHIA,DASYURIDAE,Dasyurus,Dasyurus geoffroii,"Gould, 1841",NA,NA,NA,NT,Western Quoll
787,6295,ANIMALIA,CHORDATA,MAMMALIA,DASYUROMORPHIA,DASYURIDAE,Dasyurus,Dasyurus hallucatus,"Gould, 1842",NA,NA,NA,EN,Northern Quoll
788,6296,ANIMALIA,CHORDATA,MAMMALIA,DASYUROMORPHIA,DASYURIDAE,Dasyurus,Dasyurus viverrinus,"(Shaw, 1800)",NA,NA,NA,EN,Eastern Quoll
789,6299,ANIMALIA,CHORDATA,MAMMALIA,DASYUROMORPHIA,DASYURIDAE,Dasyurus,Dasyurus albopunctatus,"Schlegel, 1880",NA,NA,NA,NT,New Guinea Quoll
790,6300,ANIMALIA,CHORDATA,MAMMALIA,DASYUROMORPHIA,DASYURIDAE,Dasyurus,Dasyurus maculatus,"(Kerr, 1792)",NA,NA,NA,NT,Spotted-tailed Quoll
791,6301,ANIMALIA,CHORDATA,MAMMALIA,DASYUROMORPHIA,DASYURIDAE,Dasyurus,Dasyurus spartacus,"Van Dyck, 1988",NA,NA,NA,NT,Bronze Quoll
792,6302,ANIMALIA,CHORDATA,MAMMALIA,PRIMATES,DAUBENTONIIDAE,Daubentonia,Daubentonia madagascariensis,"(Gmelin, 1788)",NA,NA,NA,EN,Aye-aye
793,6313,ANIMALIA,CHORDATA,MAMMALIA,RODENTIA,NESOMYIDAE,Delanymys,Delanymys brooksi,"Hayman, 1962",NA,NA,NA,VU,Delany's Swamp Mouse
794,6329,ANIMALIA,CHORDATA,MAMMALIA,RODENTIA,CRICETIDAE,Delomys,Delomys dorsalis,"(Hensel, 1873)",NA,NA,NA,LC,Striped Atlantic Forest Rat
795,6330,ANIMALIA,CHORDATA,MAMMALIA,RODENTIA,CRICETIDAE,Delomys,Delomys sublineatus,"(Thomas, 1903)",NA,NA,NA,LC,Pallid Atlantic Forest Rat
796,6335,ANIMALIA,CHORDATA,MAMMALIA,ARTIODACTYLA,MONODONTIDAE,Delphinapterus,Delphinapterus leucas,"(Pallas, 1776)",NA,NA,NA,LC,Beluga Whale
797,6405,ANIMALIA,CHORDATA,MAMMALIA,SCANDENTIA,TUPAIIDAE,Dendrogale,Dendrogale melanura,"(Thomas, 1892)",NA,NA,NA,DD,Bornean Smooth-tailed Treeshrew
798,6409,ANIMALIA,CHORDATA,MAMMALIA,HYRACOIDEA,PROCAVIIDAE,Dendrohyrax,Dendrohyrax arboreus,"(A. Smith, 1827)",NA,NA,NA,LC,Southern Tree Hyrax
799,6410,ANIMALIA,CHORDATA,MAMMALIA,HYRACOIDEA,PROCAVIIDAE,Dendrohyrax,Dendrohyrax dorsalis,"(Fraser, 1855)",NA,NA,NA,LC,Western Tree Hyrax
800,6426,ANIMALIA,CHORDATA,MAMMALIA,DIPROTODONTIA,MACROPODIDAE,Dendrolagus,Dendrolagus bennettianus,"De Vis, 1887",NA,NA,NA,NT,Bennett's Tree Kangaroo
801,6427,ANIMALIA,CHORDATA,MAMMALIA,DIPROTODONTIA,MACROPODIDAE,Dendrolagus,Dendrolagus dorianus,"Ramsay, 1883",NA,NA,NA,VU,Doria's Tree Kangaroo
802,6429,ANIMALIA,CHORDATA,MAMMALIA,DIPROTODONTIA,MACROPODIDAE,Dendrolagus,Dendrolagus goodfellowi,"Thomas, 1908",NA,NA,NA,EN,Goodfellow's Tree Kangaroo
803,6431,ANIMALIA,CHORDATA,MAMMALIA,DIPROTODONTIA,MACROPODIDAE,Dendrolagus,Dendrolagus inustus,"Müller, 1840",NA,NA,NA,VU,Grizzled Tree Kangaroo
804,6432,ANIMALIA,CHORDATA,MAMMALIA,DIPROTODONTIA,MACROPODIDAE,Dendrolagus,Dendrolagus lumholtzi,"Collett, 1884",NA,NA,NA,NT,Lumholtz's Tree Kangaroo
805,6433,ANIMALIA,CHORDATA,MAMMALIA,DIPROTODONTIA,MACROPODIDAE,Dendrolagus,Dendrolagus matschiei,"Förster &amp; Rothschild, 1907",NA,NA,NA,EN,Huon Tree Kangaroo
806,6434,ANIMALIA,CHORDATA,MAMMALIA,DIPROTODONTIA,MACROPODIDAE,Dendrolagus,Dendrolagus ursinus,"(Temminck, 1836)",NA,NA,NA,VU,Vogelkop Tree Kangaroo
807,6435,ANIMALIA,CHORDATA,MAMMALIA,DIPROTODONTIA,MACROPODIDAE,Dendrolagus,Dendrolagus scottae,"Flannery &amp; Seri, 1990",NA,NA,NA,CR,Tenkile
808,6436,ANIMALIA,CHORDATA,MAMMALIA,DIPROTODONTIA,MACROPODIDAE,Dendrolagus,Dendrolagus spadix,"Troughton &amp; Le Souef, 1936",NA,NA,NA,VU,Lowlands Tree Kangaroo
809,6437,ANIMALIA,CHORDATA,MAMMALIA,DIPROTODONTIA,MACROPODIDAE,Dendrolagus,Dendrolagus mbaiso,"Flannery, Boeadi &amp; Szalay, 1995",NA,NA,NA,EN,Dingiso
810,6439,ANIMALIA,CHORDATA,MAMMALIA,RODENTIA,NESOMYIDAE,Dendromus,Dendromus kahuziensis,"Dieterlen, 1969",NA,NA,NA,CR,Mt. Kahuzi Climbing Mouse
811,6440,ANIMALIA,CHORDATA,MAMMALIA,RODENTIA,NESOMYIDAE,Dendromus,Dendromus insignis,"(Thomas, 1903)",NA,NA,NA,LC,Montane African Climbing Mouse
812,6441,ANIMALIA,CHORDATA,MAMMALIA,RODENTIA,NESOMYIDAE,Dendromus,Dendromus kivu,"Thomas, 1916",NA,NA,NA,LC,Kivu African Climbing Mouse
813,6442,ANIMALIA,CHORDATA,MAMMALIA,RODENTIA,NESOMYIDAE,Dendromus,Dendromus lovati,"(de Winton, 1900)",NA,NA,NA,LC,Lovat’s African Climbing Mouse
814,6443,ANIMALIA,CHORDATA,MAMMALIA,RODENTIA,NESOMYIDAE,Dendromus,Dendromus melanotis,"(Smith, 1834)",NA,NA,NA,LC,Gray African Climbing Mouse
815,6444,ANIMALIA,CHORDATA,MAMMALIA,RODENTIA,NESOMYIDAE,Dendromus,Dendromus mesomelas,"(Brants, 1827)",NA,NA,NA,LC,Brant's Climbing Mouse
816,6445,ANIMALIA,CHORDATA,MAMMALIA,RODENTIA,NESOMYIDAE,Dendromus,Dendromus messorius,"(Thomas, 1903)",NA,NA,NA,LC,Banana Climbing Mouse
817,6446,ANIMALIA,CHORDATA,MAMMALIA,RODENTIA,NESOMYIDAE,Dendromus,Dendromus mystacalis,"(Heuglin, 1863)",NA,NA,NA,LC,Chestnut Climbing Mouse
818,6447,ANIMALIA,CHORDATA,MAMMALIA,RODENTIA,NESOMYIDAE,Dendromus,Dendromus nyikae,"Wroughton, 1909",NA,NA,NA,LC,Nyika Climbing Mouse
819,6448,ANIMALIA,CHORDATA,MAMMALIA,RODENTIA,NESOMYIDAE,Dendromus,Dendromus oreas,"Osgood, 1936",NA,NA,NA,LC,Cameroon Climbing Mouse
820,6449,ANIMALIA,CHORDATA,MAMMALIA,RODENTIA,NESOMYIDAE,Dendromus,Dendromus vernayi,"Hill &amp; Carter, 1937",NA,NA,NA,DD,Vernay's Climbing Mouse
821,6483,ANIMALIA,CHORDATA,MAMMALIA,RODENTIA,NESOMYIDAE,Dendroprionomys,Dendroprionomys rousseloti,"Petter, 1966",NA,NA,NA,DD,Velvet African Climbing Mouse
822,6490,ANIMALIA,CHORDATA,MAMMALIA,RODENTIA,MURIDAE,Deomys,Deomys ferrugineus,"Thomas, 1888",NA,NA,NA,LC,Congo Forest Mouse
823,6491,ANIMALIA,CHORDATA,MAMMALIA,RODENTIA,MURIDAE,Dephomys,Dephomys defua,"(Miller, 1900)",NA,NA,NA,LC,Defua Rat
824,6506,ANIMALIA,CHORDATA,MAMMALIA,EULIPOTYPHLA,TALPIDAE,Desmana,Desmana moschata,"(Linnaeus, 1758)",NA,NA,NA,CR,Russian Desman
825,6508,ANIMALIA,CHORDATA,MAMMALIA,RODENTIA,MURIDAE,Desmodilliscus,Desmodilliscus braueri,"Wettstein, 1916",NA,NA,NA,LC,Pouched Gerbil
826,6509,ANIMALIA,CHORDATA,MAMMALIA,RODENTIA,MURIDAE,Desmodillus,Desmodillus auricularis,"(Smith, 1834)",NA,NA,NA,LC,Cape Short-eared Gerbil
827,6510,ANIMALIA,CHORDATA,MAMMALIA,CHIROPTERA,PHYLLOSTOMIDAE,Desmodus,Desmodus rotundus,"(É. Geoffroy, 1810)",NA,NA,NA,LC,Vampire Bat
828,6511,ANIMALIA,CHORDATA,MAMMALIA,RODENTIA,MURIDAE,Desmomys,Desmomys harringtoni,"(Thomas, 1902)",NA,NA,NA,LC,Harrington's Rat
829,6520,ANIMALIA,CHORDATA,MAMMALIA,CHIROPTERA,PHYLLOSTOMIDAE,Diaemus,Diaemus youngii,"(Jentink, 1893)",NA,NA,NA,LC,White-winged Vampire Bat
830,6553,ANIMALIA,CHORDATA,MAMMALIA,PERISSODACTYLA,RHINOCEROTIDAE,Dicerorhinus,Dicerorhinus sumatrensis,"(G. Fischer, 1814)",NA,NA,NA,CR,Sumatran Rhinoceros
831,6557,ANIMALIA,CHORDATA,MAMMALIA,PERISSODACTYLA,RHINOCEROTIDAE,Diceros,Diceros bicornis,"(Linnaeus, 1758)",NA,NA,NA,CR,Black Rhino
832,6561,ANIMALIA,CHORDATA,MAMMALIA,CHIROPTERA,EMBALLONURIDAE,Diclidurus,Diclidurus albus,"Wied-Neuwied, 1820",NA,NA,NA,LC,Northern Ghost Bat
833,6562,ANIMALIA,CHORDATA,MAMMALIA,CHIROPTERA,EMBALLONURIDAE,Diclidurus,Diclidurus ingens,"Hernandez-Camacho, 1955",NA,NA,NA,DD,Greater Ghost Bat
834,6563,ANIMALIA,CHORDATA,MAMMALIA,CHIROPTERA,EMBALLONURIDAE,Diclidurus,Diclidurus isabella,"(Thomas, 1920)",NA,NA,NA,LC,Isabelle's Ghost Bat
835,6564,ANIMALIA,CHORDATA,MAMMALIA,CHIROPTERA,EMBALLONURIDAE,Diclidurus,Diclidurus scutatus,"Peters, 1869",NA,NA,NA,LC,Lesser Ghost Bat
836,6567,ANIMALIA,CHORDATA,MAMMALIA,RODENTIA,CRICETIDAE,Dicrostonyx,Dicrostonyx nunatakensis,"Youngman, 1967",NA,NA,NA,LC,Ogilvie Mountains Collared Lemming
837,6568,ANIMALIA,CHORDATA,MAMMALIA,RODENTIA,CRICETIDAE,Dicrostonyx,Dicrostonyx torquatus,"Pallas, 1778",NA,NA,NA,LC,Palearctic Collared Lemming
838,6569,ANIMALIA,CHORDATA,MAMMALIA,RODENTIA,CRICETIDAE,Dicrostonyx,Dicrostonyx vinogradovi,"Ognev, 1948",NA,NA,NA,DD,Wrangel Island Collared Lemming
839,6607,ANIMALIA,CHORDATA,MAMMALIA,RODENTIA,CRICETIDAE,Dinaromys,Dinaromys bogdanovi,"(V. Martino &amp; E. Martino, 1922)",NA,NA,NA,VU,Balkan Snow Vole
840,6608,ANIMALIA,CHORDATA,MAMMALIA,RODENTIA,DINOMYIDAE,Dinomys,Dinomys branickii,"Peters, 1873",NA,NA,NA,LC,Pacarana
841,6622,ANIMALIA,CHORDATA,MAMMALIA,RODENTIA,MURIDAE,Diomys,Diomys crumpi,"Thomas, 1917",NA,NA,NA,DD,Crump's Mouse
842,6628,ANIMALIA,CHORDATA,MAMMALIA,CHIROPTERA,PHYLLOSTOMIDAE,Diphylla,Diphylla ecaudata,"Spix, 1823",NA,NA,NA,LC,Hairy-legged Vampire Bat
843,6635,ANIMALIA,CHORDATA,MAMMALIA,CARNIVORA,VIVERRIDAE,Diplogale,Diplogale hosei,"(Thomas, 1892)",NA,NA,NA,VU,Hose's Civet
844,6662,ANIMALIA,CHORDATA,MAMMALIA,RODENTIA,ECHIMYIDAE,Diplomys,Diplomys caniceps,"(Günther, 1877)",NA,NA,NA,DD,Arboreal Soft-furred Spiny Rat
845,6663,ANIMALIA,CHORDATA,MAMMALIA,RODENTIA,ECHIMYIDAE,Diplomys,Diplomys labilis,"(Bangs, 1901)",NA,NA,NA,LC,Rufous Tree Rat
846,6664,ANIMALIA,CHORDATA,MAMMALIA,RODENTIA,ECHIMYIDAE,Santamartamys,Santamartamys rufodorsalis,"(J.A. Allen, 1899)",NA,NA,NA,CR,Red Crested Tree Rat
847,6671,ANIMALIA,CHORDATA,MAMMALIA,RODENTIA,MURIDAE,Diplothrix,Diplothrix legata,"(Thomas, 1906)",NA,NA,NA,EN,Ryukyus Islands Tree Rat
848,6675,ANIMALIA,CHORDATA,MAMMALIA,RODENTIA,HETEROMYIDAE,Dipodomys,Dipodomys elator,"Merriam, 1894",NA,NA,NA,VU,Texas Kangaroo Rat
849,6676,ANIMALIA,CHORDATA,MAMMALIA,RODENTIA,HETEROMYIDAE,Dipodomys,Dipodomys gravipes,"Huey, 1925",NA,NA,NA,CR,San Quintin Kangaroo Rat
850,6678,ANIMALIA,CHORDATA,MAMMALIA,RODENTIA,HETEROMYIDAE,Dipodomys,Dipodomys ingens,"(Merriam, 1904)",NA,NA,NA,EN,Giant Kangaroo Rat
851,6682,ANIMALIA,CHORDATA,MAMMALIA,RODENTIA,HETEROMYIDAE,Dipodomys,Dipodomys stephensi,"(Merriam, 1907)",NA,NA,NA,VU,Stephens' Kangaroo Rat
852,6683,ANIMALIA,CHORDATA,MAMMALIA,RODENTIA,HETEROMYIDAE,Dipodomys,Dipodomys nitratoides,"Merriam, 1894",NA,NA,NA,VU,Fresno Kangaroo Rat
853,6684,ANIMALIA,CHORDATA,MAMMALIA,RODENTIA,HETEROMYIDAE,Dipodomys,Dipodomys agilis,"Gambel, 1848",NA,NA,NA,LC,Agile Kangaroo Rat
854,6685,ANIMALIA,CHORDATA,MAMMALIA,RODENTIA,HETEROMYIDAE,Dipodomys,Dipodomys compactus,"True, 1889",NA,NA,NA,LC,Gulf Coast Kangaroo Rat
855,6686,ANIMALIA,CHORDATA,MAMMALIA,RODENTIA,HETEROMYIDAE,Dipodomys,Dipodomys deserti,"Stephens, 1887",NA,NA,NA,LC,Desert Kangaroo Rat
856,6690,ANIMALIA,CHORDATA,MAMMALIA,RODENTIA,HETEROMYIDAE,Dipodomys,Dipodomys nelsoni,"Merriam, 1907",NA,NA,NA,LC,Nelson's Kangaroo Rat
857,6691,ANIMALIA,CHORDATA,MAMMALIA,RODENTIA,HETEROMYIDAE,Dipodomys,Dipodomys ordii,"Woodhouse, 1853",NA,NA,NA,LC,Ord's Kangaroo Rat
858,6693,ANIMALIA,CHORDATA,MAMMALIA,RODENTIA,HETEROMYIDAE,Dipodomys,Dipodomys spectabilis,"Merriam, 1890",NA,NA,NA,NT,Banner-tailed Kangaroo Rat
859,6705,ANIMALIA,CHORDATA,MAMMALIA,RODENTIA,DIPODIDAE,Dipus,Dipus sagitta,"(Pallas, 1773)",NA,NA,NA,LC,Northern Three-toed Jerboa
860,6765,ANIMALIA,CHORDATA,MAMMALIA,DIPROTODONTIA,ACROBATIDAE,Distoechurus,Distoechurus pennatus,"(Peters, 1874)",NA,NA,NA,LC,Feather-tailed Possum
861,6770,ANIMALIA,CHORDATA,MAMMALIA,CHIROPTERA,PTEROPODIDAE,Dobsonia,Dobsonia minor,"(Dobson, 1879)",NA,NA,NA,LC,Lesser Bare-backed Fruit Bat
862,6771,ANIMALIA,CHORDATA,MAMMALIA,CHIROPTERA,PTEROPODIDAE,Dobsonia,Dobsonia peronii,"(É. Geoffroy, 1810)",NA,NA,NA,LC,Western Naked-backed Fruit Bat
863,6772,ANIMALIA,CHORDATA,MAMMALIA,CHIROPTERA,PTEROPODIDAE,Dobsonia,Dobsonia beauforti,"Bergmans, 1975",NA,NA,NA,LC,Beaufort's Bare-backed Fruit Bat
864,6773,ANIMALIA,CHORDATA,MAMMALIA,CHIROPTERA,PTEROPODIDAE,Dobsonia,Dobsonia chapmani,"Rabor, 1952",NA,NA,NA,CR,Negros Naked-backed Fruit Bat
865,6774,ANIMALIA,CHORDATA,MAMMALIA,CHIROPTERA,PTEROPODIDAE,Dobsonia,Dobsonia emersa,"Bergmans &amp; Sarbini, 1985",NA,NA,NA,VU,Biak Bare-backed Fruit Bat
866,6775,ANIMALIA,CHORDATA,MAMMALIA,CHIROPTERA,PTEROPODIDAE,Dobsonia,Dobsonia exoleta,"K. Andersen, 1909",NA,NA,NA,LC,Sulawesi Naked-backed Fruit Bat
867,6776,ANIMALIA,CHORDATA,MAMMALIA,CHIROPTERA,PTEROPODIDAE,Dobsonia,Dobsonia pannietensis,"(De Vis, 1905)",NA,NA,NA,NT,Panaeati Bare-backed Fruit Bat
868,6777,ANIMALIA,CHORDATA,MAMMALIA,CHIROPTERA,PTEROPODIDAE,Dobsonia,Dobsonia praedatrix,"K. Andersen, 1909",NA,NA,NA,LC,Bismarck Bare-backed Fruit Bat
869,6778,ANIMALIA,CHORDATA,MAMMALIA,CHIROPTERA,PTEROPODIDAE,Dobsonia,Dobsonia inermis,"Andersen, 1909",NA,NA,NA,LC,Solomons Bare-backed Fruit Bat
870,6780,ANIMALIA,CHORDATA,MAMMALIA,CHIROPTERA,PTEROPODIDAE,Dobsonia,Dobsonia viridis,"(Heude, 1896)",NA,NA,NA,LC,Greenish Naked-backed Fruit Bat
871,6785,ANIMALIA,CHORDATA,MAMMALIA,RODENTIA,CAVIIDAE,Dolichotis,Dolichotis patagonum,"(Zimmermann, 1780)",NA,NA,NA,NT,Patagonian Mara
872,6786,ANIMALIA,CHORDATA,MAMMALIA,RODENTIA,CAVIIDAE,Dolichotis,Dolichotis salinicola,"Burmeister, 1876",NA,NA,NA,LC,Conejo Del Palo
873,6793,ANIMALIA,CHORDATA,MAMMALIA,ARTIODACTYLA,BOVIDAE,Dorcatragus,Dorcatragus megalotis,"(Menges, 1894)",NA,NA,NA,VU,Beira
874,6794,ANIMALIA,CHORDATA,MAMMALIA,DIPROTODONTIA,MACROPODIDAE,Dorcopsis,Dorcopsis atrata,"Van Deusen, 1957",NA,NA,NA,CR,Black Dorcopsis
875,6795,ANIMALIA,CHORDATA,MAMMALIA,DIPROTODONTIA,MACROPODIDAE,Dorcopsis,Dorcopsis hageni,"Heller, 1897",NA,NA,NA,LC,White-striped Dorcopsis
876,6799,ANIMALIA,CHORDATA,MAMMALIA,DIPROTODONTIA,MACROPODIDAE,Dorcopsis,Dorcopsis luctuosa,"(D'Albertis, 1874)",NA,NA,NA,VU,Grey Dorcopsis
877,6800,ANIMALIA,CHORDATA,MAMMALIA,DIPROTODONTIA,MACROPODIDAE,Dorcopsis,Dorcopsis muelleri,"(Lesson, 1827)",NA,NA,NA,LC,Brown Dorcopsis
878,6801,ANIMALIA,CHORDATA,MAMMALIA,DIPROTODONTIA,MACROPODIDAE,Dorcopsulus,Dorcopsulus macleayi,"(Miklouho-Maclay, 1885)",NA,NA,NA,LC,Macleay's Dorcopsis
879,6802,ANIMALIA,CHORDATA,MAMMALIA,DIPROTODONTIA,MACROPODIDAE,Dorcopsulus,Dorcopsulus vanheurni,"(Thomas, 1922)",NA,NA,NA,NT,Small Dorcopsis
880,6820,ANIMALIA,CHORDATA,MAMMALIA,RODENTIA,SCIURIDAE,Dremomys,Dremomys everetti,"(Thomas, 1890)",NA,NA,NA,LC,Bornean Mountain Ground Squirrel
881,6821,ANIMALIA,CHORDATA,MAMMALIA,RODENTIA,SCIURIDAE,Dremomys,Dremomys lokriah,"(Hodgson, 1836)",NA,NA,NA,LC,Orange-bellied Himalayan Squirrel
882,6822,ANIMALIA,CHORDATA,MAMMALIA,RODENTIA,SCIURIDAE,Dremomys,Dremomys pernyi,"(Milne-Edwards, 1867)",NA,NA,NA,LC,Perny's Long-nosed Squirrel
883,6823,ANIMALIA,CHORDATA,MAMMALIA,RODENTIA,SCIURIDAE,Dremomys,Dremomys pyrrhomerus,"(Thomas, 1895)",NA,NA,NA,LC,Red-hipped Squirrel
884,6824,ANIMALIA,CHORDATA,MAMMALIA,RODENTIA,SCIURIDAE,Dremomys,Dremomys rufigenis,"(Blanford, 1878)",NA,NA,NA,LC,Red-cheeked Squirrel
885,6834,ANIMALIA,CHORDATA,MAMMALIA,MICROBIOTHERIA,MICROBIOTHERIIDAE,Dromiciops,Dromiciops gliroides,"Thomas, 1894",NA,NA,NA,NT,Monito del Monte
886,6858,ANIMALIA,CHORDATA,MAMMALIA,RODENTIA,GLIRIDAE,Dryomys,Dryomys nitedula,"(Pallas, 1778)",NA,NA,NA,LC,Forest Dormouse
887,6859,ANIMALIA,CHORDATA,MAMMALIA,RODENTIA,GLIRIDAE,Dryomys,Dryomys laniger,"Felten &amp; Storch, 1968",NA,NA,NA,DD,Woolly Dormouse
888,6860,ANIMALIA,CHORDATA,MAMMALIA,RODENTIA,GLIRIDAE,Chaetocauda,Chaetocauda sichuanensis,"Wang, 1985",NA,NA,NA,DD,Sichuan Dormouse
889,6909,ANIMALIA,CHORDATA,MAMMALIA,SIRENIA,DUGONGIDAE,Dugong,Dugong dugon,"(Müller, 1776)",NA,NA,NA,VU,Dugong
890,6923,ANIMALIA,CHORDATA,MAMMALIA,CARNIVORA,CANIDAE,Dusicyon,Dusicyon australis,"(Kerr, 1792)",NA,NA,NA,EX,Falklands Wolf
891,6924,ANIMALIA,CHORDATA,MAMMALIA,CARNIVORA,CANIDAE,Atelocynus,Atelocynus microtis,"(Sclater, 1883)",NA,NA,NA,NT,Short-eared Dog
892,6925,ANIMALIA,CHORDATA,MAMMALIA,CARNIVORA,CANIDAE,Lycalopex,Lycalopex sechurae,"Thomas, 1900",NA,NA,NA,NT,Sechuran Fox
893,6926,ANIMALIA,CHORDATA,MAMMALIA,CARNIVORA,CANIDAE,Lycalopex,Lycalopex vetulus,"Lund, 1842",NA,NA,NA,NT,Hoary Fox
894,6927,ANIMALIA,CHORDATA,MAMMALIA,CARNIVORA,CANIDAE,Lycalopex,Lycalopex griseus,"Gray, 1837",NA,NA,NA,LC,Chilla
895,6928,ANIMALIA,CHORDATA,MAMMALIA,CARNIVORA,CANIDAE,Lycalopex,Lycalopex gymnocercus,"G. Fischer, 1814",NA,NA,NA,LC,Pampas Fox
896,6929,ANIMALIA,CHORDATA,MAMMALIA,CARNIVORA,CANIDAE,Lycalopex,Lycalopex culpaeus,"Molina, 1782",NA,NA,NA,LC,Culpeo
897,6931,ANIMALIA,CHORDATA,MAMMALIA,CHIROPTERA,PTEROPODIDAE,Dyacopterus,Dyacopterus spadiceus,"(Thomas, 1890)",NA,NA,NA,NT,Dayak Fruit Bat
898,6977,ANIMALIA,CHORDATA,MAMMALIA,RODENTIA,ECHIMYIDAE,Phyllomys,Phyllomys blainvillii,"(Jordan, 1837)",NA,NA,NA,LC,Golden Atlantic Tree Rat
899,6978,ANIMALIA,CHORDATA,MAMMALIA,RODENTIA,ECHIMYIDAE,Phyllomys,Phyllomys brasiliensis,"Lund, 1840",NA,NA,NA,EN,Red-nosed Tree Rat
900,6979,ANIMALIA,CHORDATA,MAMMALIA,RODENTIA,ECHIMYIDAE,Echimys,Echimys chrysurus,"(Zimmermann, 1780)",NA,NA,NA,LC,White-faced Tree Rat
901,6980,ANIMALIA,CHORDATA,MAMMALIA,RODENTIA,ECHIMYIDAE,Phyllomys,Phyllomys dasythrix,"Hensel, 1872",NA,NA,NA,LC,Drab Atlantic Tree Rat
902,6981,ANIMALIA,CHORDATA,MAMMALIA,RODENTIA,ECHIMYIDAE,Toromys,Toromys grandis,"(Wagner, 1845)",NA,NA,NA,LC,Giant Tree Rat
903,6982,ANIMALIA,CHORDATA,MAMMALIA,RODENTIA,ECHIMYIDAE,Phyllomys,Phyllomys lamarum,"(Thomas, 1916)",NA,NA,NA,DD,Pallid Atlantic Tree Rat
904,6983,ANIMALIA,CHORDATA,MAMMALIA,RODENTIA,ECHIMYIDAE,Makalata,Makalata macrura,"(Wagner, 1842)",NA,NA,NA,LC,Long-tailed Tree Rat
905,6984,ANIMALIA,CHORDATA,MAMMALIA,RODENTIA,ECHIMYIDAE,Phyllomys,Phyllomys nigrispinus,"(Wagner, 1842)",NA,NA,NA,LC,Black-spined Atlantic Tree Rat
906,6985,ANIMALIA,CHORDATA,MAMMALIA,RODENTIA,ECHIMYIDAE,Callistomys,Callistomys pictus,"(Pictet, 1841)",NA,NA,NA,EN,Painted Tree-rat
907,6987,ANIMALIA,CHORDATA,MAMMALIA,RODENTIA,ECHIMYIDAE,Echimys,Echimys saturnus,"Thomas, 1928",NA,NA,NA,DD,Dark Spiny Tree-rat
908,6989,ANIMALIA,CHORDATA,MAMMALIA,RODENTIA,ECHIMYIDAE,Phyllomys,Phyllomys thomasi,"(Ihering, 1871)",NA,NA,NA,EN,Giant Atlantic Tree Rat
909,6990,ANIMALIA,CHORDATA,MAMMALIA,RODENTIA,ECHIMYIDAE,Phyllomys,Phyllomys unicolor,"(Wagner, 1842)",NA,NA,NA,CR,Unicolored Tree Rat
910,7010,ANIMALIA,CHORDATA,MAMMALIA,RODENTIA,ERETHIZONTIDAE,Coendou,Coendou rufescens,"(Gray, 1865)",NA,NA,NA,LC,Stump-tailed Porcupine
911,7014,ANIMALIA,CHORDATA,MAMMALIA,RODENTIA,MURIDAE,Echiothrix,Echiothrix leucura,"Gray, 1867",NA,NA,NA,EN,Northern Sulawesi Echiothrix
912,7015,ANIMALIA,CHORDATA,MAMMALIA,PERAMELEMORPHIA,PERAMELIDAE,Echymipera,Echymipera clara,"(Stein, 1932)",NA,NA,NA,LC,Clara's Echymipera
913,7016,ANIMALIA,CHORDATA,MAMMALIA,PERAMELEMORPHIA,PERAMELIDAE,Echymipera,Echymipera echinista,"Menzies, 1990",NA,NA,NA,DD,Menzies' Echymipera
914,7017,ANIMALIA,CHORDATA,MAMMALIA,PERAMELEMORPHIA,PERAMELIDAE,Echymipera,Echymipera davidi,"Flannery, 1990",NA,NA,NA,EN,David's Echymipera
915,7018,ANIMALIA,CHORDATA,MAMMALIA,PERAMELEMORPHIA,PERAMELIDAE,Echymipera,Echymipera kalubu,"(Fischer, 1829)",NA,NA,NA,LC,Common Echymipera
916,7019,ANIMALIA,CHORDATA,MAMMALIA,PERAMELEMORPHIA,PERAMELIDAE,Echymipera,Echymipera rufescens,"(Peters &amp; Doria, 1875)",NA,NA,NA,LC,Long-nosed Echymipera
917,7030,ANIMALIA,CHORDATA,MAMMALIA,CHIROPTERA,PHYLLOSTOMIDAE,Ectophylla,Ectophylla alba,"H. Allen, 1892",NA,NA,NA,NT,Honduran White Bat
918,7083,ANIMALIA,CHORDATA,MAMMALIA,CHIROPTERA,PTEROPODIDAE,Eidolon,Eidolon dupreanum,"(Pollen in Schlegel &amp; Pollen, 1866)",NA,NA,NA,VU,Madagascan Fruit Bat
919,7084,ANIMALIA,CHORDATA,MAMMALIA,CHIROPTERA,PTEROPODIDAE,Eidolon,Eidolon helvum,"(Kerr, 1792)",NA,NA,NA,NT,African Straw-coloured Fruit-bat
920,7112,ANIMALIA,CHORDATA,MAMMALIA,ARTIODACTYLA,CERVIDAE,Elaphodus,Elaphodus cephalophus,"Milne-Edwards, 1872",NA,NA,NA,NT,Tufted Deer
921,7121,ANIMALIA,CHORDATA,MAMMALIA,ARTIODACTYLA,CERVIDAE,Elaphurus,Elaphurus davidianus,"Milne-Edwards, 1866",NA,NA,NA,EW,Père David's Deer
922,7136,ANIMALIA,CHORDATA,MAMMALIA,MACROSCELIDEA,MACROSCELIDIDAE,Elephantulus,Elephantulus edwardii,"(A. Smith, 1839)",NA,NA,NA,LC,Cape Rock Sengi
923,7137,ANIMALIA,CHORDATA,MAMMALIA,MACROSCELIDEA,MACROSCELIDIDAE,Elephantulus,Elephantulus revoilii,"(Huet, 1881)",NA,NA,NA,DD,Somali Sengi
924,7138,ANIMALIA,CHORDATA,MAMMALIA,MACROSCELIDEA,MACROSCELIDIDAE,Elephantulus,Elephantulus rupestris,"(A. Smith, 1831)",NA,NA,NA,LC,Western Rock Sengi
925,7140,ANIMALIA,CHORDATA,MAMMALIA,PROBOSCIDEA,ELEPHANTIDAE,Elephas,Elephas maximus,"Linnaeus, 1758",NA,NA,NA,EN,Asian Elephant
926,7577,ANIMALIA,CHORDATA,MAMMALIA,RODENTIA,CRICETIDAE,Eligmodontia,Eligmodontia moreni,"(O. Thomas, 1896)",NA,NA,NA,LC,Monte Gerbil Mouse
927,7578,ANIMALIA,CHORDATA,MAMMALIA,RODENTIA,CRICETIDAE,Eligmodontia,Eligmodontia morgani,"J.A. Allen, 1901",NA,NA,NA,LC,Morgan's Gerbil Mouse
928,7579,ANIMALIA,CHORDATA,MAMMALIA,RODENTIA,CRICETIDAE,Eligmodontia,Eligmodontia puerulus,"(R.A. Philippi, 1896)",NA,NA,NA,LC,Andean Gerbil Mouse
929,7618,ANIMALIA,CHORDATA,MAMMALIA,RODENTIA,GLIRIDAE,Eliomys,Eliomys quercinus,"(Linnaeus, 1766)",NA,NA,NA,NT,Garden Dormouse
930,7619,ANIMALIA,CHORDATA,MAMMALIA,RODENTIA,GLIRIDAE,Eliomys,Eliomys melanurus,"(Wagner, 1839)",NA,NA,NA,LC,Black-tailed Garden Dormouse
931,7621,ANIMALIA,CHORDATA,MAMMALIA,RODENTIA,NESOMYIDAE,Eliurus,Eliurus minor,"Major, 1896",NA,NA,NA,LC,Lesser Tufted-tailed Rat
932,7622,ANIMALIA,CHORDATA,MAMMALIA,RODENTIA,NESOMYIDAE,Eliurus,Eliurus majori,"Thomas, 1895",NA,NA,NA,LC,Major's Tufted-tailed Rat
933,7623,ANIMALIA,CHORDATA,MAMMALIA,RODENTIA,NESOMYIDAE,Eliurus,Eliurus myoxinus,"Milne-Edwards, 1855",NA,NA,NA,LC,Western Tuft-tailed Rat
934,7624,ANIMALIA,CHORDATA,MAMMALIA,RODENTIA,NESOMYIDAE,Eliurus,Eliurus penicillatus,"Thomas, 1908",NA,NA,NA,EN,White-tipped Tuft-tailed Rat
935,7625,ANIMALIA,CHORDATA,MAMMALIA,RODENTIA,NESOMYIDAE,Eliurus,Eliurus tanala,"Major, 1896",NA,NA,NA,LC,Tanala Tuft-tailed Rat
936,7626,ANIMALIA,CHORDATA,MAMMALIA,RODENTIA,NESOMYIDAE,Eliurus,Eliurus webbi,"Ellerman, 1949",NA,NA,NA,LC,Webb's Tuft-tailed Rat
937,7653,ANIMALIA,CHORDATA,MAMMALIA,RODENTIA,CRICETIDAE,Ellobius,Ellobius alaicus,"Vorontsov, Liapounova &lt;i&gt;et al.&lt;/i&gt;, 1969",NA,NA,NA,DD,Alai Mole Vole
938,7654,ANIMALIA,CHORDATA,MAMMALIA,RODENTIA,CRICETIDAE,Ellobius,Ellobius fuscocapillus,"Blyth, 1843",NA,NA,NA,LC,Southern Mole Vole
939,7655,ANIMALIA,CHORDATA,MAMMALIA,RODENTIA,CRICETIDAE,Ellobius,Ellobius lutescens,"Thomas, 1897",NA,NA,NA,LC,Transcaucasian Mole Vole
940,7656,ANIMALIA,CHORDATA,MAMMALIA,RODENTIA,CRICETIDAE,Ellobius,Ellobius talpinus,"(Pallas, 1770)",NA,NA,NA,LC,Northern Mole Vole
941,7657,ANIMALIA,CHORDATA,MAMMALIA,RODENTIA,CRICETIDAE,Ellobius,Ellobius tancrei,"Blasius, 1884",NA,NA,NA,LC,Zaisan Mole Vole
942,7667,ANIMALIA,CHORDATA,MAMMALIA,CHIROPTERA,EMBALLONURIDAE,Emballonura,Emballonura furax,"Thomas, 1911",NA,NA,NA,LC,New Guinea Sheath-tailed Bat
943,7668,ANIMALIA,CHORDATA,MAMMALIA,CHIROPTERA,EMBALLONURIDAE,Emballonura,Emballonura raffrayana,"Dobson, 1879",NA,NA,NA,LC,Raffray's Sheath-tailed Bat
944,7669,ANIMALIA,CHORDATA,MAMMALIA,CHIROPTERA,EMBALLONURIDAE,Emballonura,Emballonura semicaudata,"(Peale, 1848)",NA,NA,NA,EN,Pacific Sheath-tailed Bat
945,7670,ANIMALIA,CHORDATA,MAMMALIA,CHIROPTERA,EMBALLONURIDAE,Emballonura,Emballonura alecto,"Eydoux &amp; Gervais, 1836",NA,NA,NA,LC,Small Asian Sheath-tailed Bat
946,7671,ANIMALIA,CHORDATA,MAMMALIA,CHIROPTERA,EMBALLONURIDAE,Paremballonura,Paremballonura atrata,"(Peters, 1874)",NA,NA,NA,LC,Peter's Sheath-tailed Bat
947,7672,ANIMALIA,CHORDATA,MAMMALIA,CHIROPTERA,EMBALLONURIDAE,Emballonura,Emballonura beccarii,"Peters &amp; Doria, 1881",NA,NA,NA,LC,Beccari's Sheath-tailed Bat
948,7673,ANIMALIA,CHORDATA,MAMMALIA,CHIROPTERA,EMBALLONURIDAE,Emballonura,Emballonura dianae,"Hill, 1956",NA,NA,NA,LC,Large-eared Sheath-tailed Bat
949,7674,ANIMALIA,CHORDATA,MAMMALIA,CHIROPTERA,EMBALLONURIDAE,Emballonura,Emballonura monticola,"Temminck, 1838",NA,NA,NA,LC,Lesser Sheath-tailed Bat
950,7750,ANIMALIA,CHORDATA,MAMMALIA,CARNIVORA,MUSTELIDAE,Enhydra,Enhydra lutris,"(Linnaeus, 1758)",NA,NA,NA,EN,Sea Otter
951,7781,ANIMALIA,CHORDATA,MAMMALIA,RODENTIA,SCIURIDAE,Eoglaucomys,Eoglaucomys fimbriatus,"(Gray, 1837)",NA,NA,NA,LC,Small Kashmir Flying Squirrel
952,7782,ANIMALIA,CHORDATA,MAMMALIA,RODENTIA,CRICETIDAE,Eolagurus,Eolagurus luteus,"(Eversmann, 1840)",NA,NA,NA,LC,Yellow Steppe Lemming
953,7783,ANIMALIA,CHORDATA,MAMMALIA,RODENTIA,CRICETIDAE,Eolagurus,Eolagurus przewalskii,"(Büchner, 1889)",NA,NA,NA,LC,Przewalski's Steppe Lemming
954,7786,ANIMALIA,CHORDATA,MAMMALIA,CHIROPTERA,PTEROPODIDAE,Eonycteris,Eonycteris major,"K. Andersen, 1910",NA,NA,NA,NT,Greater Dawn Bat
955,7787,ANIMALIA,CHORDATA,MAMMALIA,CHIROPTERA,PTEROPODIDAE,Eonycteris,Eonycteris spelaea,"(Dobson, 1871)",NA,NA,NA,LC,Dawn Bat
956,7797,ANIMALIA,CHORDATA,MAMMALIA,RODENTIA,CRICETIDAE,Eothenomys,Eothenomys chinensis,"(Thomas, 1891)",NA,NA,NA,LC,Sichuan Red-backed Vole
957,7798,ANIMALIA,CHORDATA,MAMMALIA,RODENTIA,CRICETIDAE,Eothenomys,Eothenomys custos,"(Thomas, 1912)",NA,NA,NA,LC,Southwest China Red-backed Vole
958,7799,ANIMALIA,CHORDATA,MAMMALIA,RODENTIA,CRICETIDAE,Caryomys,Caryomys eva,"(Thomas, 1911)",NA,NA,NA,LC,Eva's Red-backed Vole
959,7800,ANIMALIA,CHORDATA,MAMMALIA,RODENTIA,CRICETIDAE,Caryomys,Caryomys inez,"(Thomas, 1908)",NA,NA,NA,LC,Inez's Red-backed Vole
960,7801,ANIMALIA,CHORDATA,MAMMALIA,RODENTIA,CRICETIDAE,Eothenomys,Eothenomys melanogaster,"(Milne-Edwards, 1871)",NA,NA,NA,LC,Pére David's Vole
961,7802,ANIMALIA,CHORDATA,MAMMALIA,RODENTIA,CRICETIDAE,Eothenomys,Eothenomys olitor,"(Thomas, 1911)",NA,NA,NA,LC,Black-eared Red-backed Vole
962,7803,ANIMALIA,CHORDATA,MAMMALIA,RODENTIA,CRICETIDAE,Eothenomys,Eothenomys proditor,"Hinton, 1923",NA,NA,NA,DD,Yulongxuen Red-backed Vole
963,7804,ANIMALIA,CHORDATA,MAMMALIA,RODENTIA,CRICETIDAE,Craseomys,Craseomys regulus,"Thomas, 1907",NA,NA,NA,LC,Korean Red-backed Vole
964,7805,ANIMALIA,CHORDATA,MAMMALIA,RODENTIA,CRICETIDAE,Craseomys,Craseomys shanseius,"Thomas, 1908",NA,NA,NA,LC,Shanxi Red-backed Vole
965,7806,ANIMALIA,CHORDATA,MAMMALIA,RODENTIA,DIPODIDAE,Eozapus,Eozapus setchuanus,"(Pousargues, 1896)",NA,NA,NA,LC,Chinese Jumping Mouse
966,7899,ANIMALIA,CHORDATA,MAMMALIA,RODENTIA,SCIURIDAE,Epixerus,Epixerus ebii,"(Temminck, 1853)",NA,NA,NA,LC,Western Palm Squirrel
967,7901,ANIMALIA,CHORDATA,MAMMALIA,CHIROPTERA,PTEROPODIDAE,Epomophorus,Epomophorus angolensis,"Gray, 1870",NA,NA,NA,NT,Angolan Epauletted Fruit Bat
968,7902,ANIMALIA,CHORDATA,MAMMALIA,CHIROPTERA,PTEROPODIDAE,Epomophorus,Epomophorus grandis,"(Sanborn, 1950)",NA,NA,NA,DD,Lesser Angolan Epauletted Fruit Bat
969,7903,ANIMALIA,CHORDATA,MAMMALIA,CHIROPTERA,PTEROPODIDAE,Epomophorus,Epomophorus gambianus,"(Ogilby, 1835)",NA,NA,NA,LC,Gambian Epauletted Fruit Bat
970,7905,ANIMALIA,CHORDATA,MAMMALIA,CHIROPTERA,PTEROPODIDAE,Epomophorus,Epomophorus minimus,"Claessen &amp; Vree, 1991",NA,NA,NA,LC,East African Epauletted Fruit Bat
971,7906,ANIMALIA,CHORDATA,MAMMALIA,CHIROPTERA,PTEROPODIDAE,Epomophorus,Epomophorus wahlbergi,"(Sundevall, 1846)",NA,NA,NA,LC,Wahlberg's Epauletted Fruit Bat
972,7907,ANIMALIA,CHORDATA,MAMMALIA,CHIROPTERA,PTEROPODIDAE,Epomops,Epomops buettikoferi,"(Matschie, 1899)",NA,NA,NA,LC,Buettikofer's Epauletted Fruit Bat
973,7908,ANIMALIA,CHORDATA,MAMMALIA,CHIROPTERA,PTEROPODIDAE,Epomophorus,Epomophorus dobsonii,"(Bocage, 1899)",NA,NA,NA,LC,Dobson's Fruit Bat
974,7909,ANIMALIA,CHORDATA,MAMMALIA,CHIROPTERA,PTEROPODIDAE,Epomops,Epomops franqueti,"(Tomes, 1860)",NA,NA,NA,LC,Franquet's Epauletted Fruit Bat
975,7910,ANIMALIA,CHORDATA,MAMMALIA,CHIROPTERA,VESPERTILIONIDAE,Eptesicus,Eptesicus nilssonii,"(Keyserling &amp; Blasius, 1839)",NA,NA,NA,LC,Northern Bat
976,7912,ANIMALIA,CHORDATA,MAMMALIA,CHIROPTERA,VESPERTILIONIDAE,Eptesicus,Eptesicus andinus,"J.A. Allen, 1914",NA,NA,NA,LC,Little Black Serotine
977,7913,ANIMALIA,CHORDATA,MAMMALIA,CHIROPTERA,VESPERTILIONIDAE,Vespadelus,Vespadelus baverstocki,"(Kitchener, Jones &amp; Caputi, 1987)",NA,NA,NA,LC,Inland Forest Bat
978,7914,ANIMALIA,CHORDATA,MAMMALIA,CHIROPTERA,VESPERTILIONIDAE,Eptesicus,Eptesicus bobrinskoi,"Kuzyakin, 1935",NA,NA,NA,DD,Bobrinski's Serotine
979,7916,ANIMALIA,CHORDATA,MAMMALIA,CHIROPTERA,VESPERTILIONIDAE,Eptesicus,Eptesicus brasiliensis,"(Desmarest, 1819)",NA,NA,NA,LC,Brazilian Brown Bat
980,7919,ANIMALIA,CHORDATA,MAMMALIA,CHIROPTERA,VESPERTILIONIDAE,Vespadelus,Vespadelus caurinus,"(Thomas, 1914)",NA,NA,NA,LC,Northern Cave Bat
981,7920,ANIMALIA,CHORDATA,MAMMALIA,CHIROPTERA,VESPERTILIONIDAE,Vespadelus,Vespadelus darlingtoni,"(Allen, 1933)",NA,NA,NA,LC,Large Forest Bat
982,7921,ANIMALIA,CHORDATA,MAMMALIA,CHIROPTERA,VESPERTILIONIDAE,Eptesicus,Eptesicus dimissus,"Thomas, 1916",NA,NA,NA,DD,Surat Serotine
983,7922,ANIMALIA,CHORDATA,MAMMALIA,CHIROPTERA,VESPERTILIONIDAE,Eptesicus,Eptesicus diminutus,"Osgood, 1915",NA,NA,NA,LC,Diminutive Serotine
984,7923,ANIMALIA,CHORDATA,MAMMALIA,CHIROPTERA,VESPERTILIONIDAE,Vespadelus,Vespadelus douglasorum,"(Kitchener, 1976)",NA,NA,NA,LC,Yellow-lipped Cave Bat
985,7924,ANIMALIA,CHORDATA,MAMMALIA,CHIROPTERA,VESPERTILIONIDAE,Vespadelus,Vespadelus finlaysoni,"(Kitchener, Jones &amp; Caputi, 1987)",NA,NA,NA,LC,Finlayson's Cave Bat
986,7926,ANIMALIA,CHORDATA,MAMMALIA,CHIROPTERA,VESPERTILIONIDAE,Eptesicus,Eptesicus floweri,"(de Winton, 1901)",NA,NA,NA,LC,Horn-skinned Bat
987,7927,ANIMALIA,CHORDATA,MAMMALIA,CHIROPTERA,VESPERTILIONIDAE,Eptesicus,Eptesicus furinalis,"(D'Orbigny &amp; Gervais, 1847)",NA,NA,NA,LC,Argentine Brown Bat
988,7928,ANIMALIA,CHORDATA,MAMMALIA,CHIROPTERA,VESPERTILIONIDAE,Eptesicus,Eptesicus fuscus,"(Beauvois, 1796)",NA,NA,NA,LC,Big Brown Bat
989,7929,ANIMALIA,CHORDATA,MAMMALIA,CHIROPTERA,VESPERTILIONIDAE,Eptesicus,Eptesicus guadeloupensis,"Genoways &amp; Baker, 1975",NA,NA,NA,EN,Guadeloupe Big Brown Bat
990,7931,ANIMALIA,CHORDATA,MAMMALIA,CHIROPTERA,VESPERTILIONIDAE,Eptesicus,Eptesicus hottentotus,"(A. Smith, 1833)",NA,NA,NA,LC,Long-tailed Greater Serotine Bat
991,7932,ANIMALIA,CHORDATA,MAMMALIA,CHIROPTERA,VESPERTILIONIDAE,Eptesicus,Eptesicus innoxius,"(Gervais, 1841)",NA,NA,NA,NT,Harmless Serotine
992,7933,ANIMALIA,CHORDATA,MAMMALIA,CHIROPTERA,VESPERTILIONIDAE,Eptesicus,Eptesicus kobayashii,"Mori, 1928",NA,NA,NA,DD,Kobayashi's Serotine
993,7935,ANIMALIA,CHORDATA,MAMMALIA,CHIROPTERA,VESPERTILIONIDAE,Rhyneptesicus,Rhyneptesicus nasutus,"(Dobson, 1877)",NA,NA,NA,LC,Sind Serotine Bat
994,7936,ANIMALIA,CHORDATA,MAMMALIA,CHIROPTERA,VESPERTILIONIDAE,Eptesicus,Eptesicus pachyotis,"(Dobson, 1871)",NA,NA,NA,LC,Thick-eared Bat
995,7937,ANIMALIA,CHORDATA,MAMMALIA,CHIROPTERA,VESPERTILIONIDAE,Eptesicus,Eptesicus platyops,"(Thomas, 1901)",NA,NA,NA,DD,Lagos Serotine
996,7938,ANIMALIA,CHORDATA,MAMMALIA,CHIROPTERA,VESPERTILIONIDAE,Vespadelus,Vespadelus pumilus,"(Gray, 1841)",NA,NA,NA,LC,Eastern Forest Bat
997,7939,ANIMALIA,CHORDATA,MAMMALIA,CHIROPTERA,VESPERTILIONIDAE,Vespadelus,Vespadelus regulus,"(Thomas, 1906)",NA,NA,NA,LC,Southern Forest Bat
998,7942,ANIMALIA,CHORDATA,MAMMALIA,CHIROPTERA,VESPERTILIONIDAE,Eptesicus,Eptesicus tatei,"Ellerman &amp; Morrison-Scott, 1951",NA,NA,NA,DD,Sombre Bat
999,7944,ANIMALIA,CHORDATA,MAMMALIA,CHIROPTERA,VESPERTILIONIDAE,Vespadelus,Vespadelus troughtoni,"(Kitchener, Jones &amp; Caputi, 1987)",NA,NA,NA,LC,Eastern Cave Bat
1000,7945,ANIMALIA,CHORDATA,MAMMALIA,CHIROPTERA,VESPERTILIONIDAE,Vespadelus,Vespadelus vulturnus,"(Thomas, 1914)",NA,NA,NA,LC,Little Forest Bat
1001,7949,ANIMALIA,CHORDATA,MAMMALIA,PERISSODACTYLA,EQUIDAE,Equus,Equus africanus,"Heuglin &amp; Fitzinger, 1866",NA,NA,NA,CR,African Wild Ass
1002,7950,ANIMALIA,CHORDATA,MAMMALIA,PERISSODACTYLA,EQUIDAE,Equus,Equus grevyi,"Oustalet, 1882",NA,NA,NA,EN,Grevy's Zebra
1003,7951,ANIMALIA,CHORDATA,MAMMALIA,PERISSODACTYLA,EQUIDAE,Equus,Equus hemionus,"Pallas, 1775",NA,NA,NA,NT,Asiatic Wild Ass
1004,7953,ANIMALIA,CHORDATA,MAMMALIA,PERISSODACTYLA,EQUIDAE,Equus,Equus kiang,"Moorcroft, 1841",NA,NA,NA,LC,Kiang
1005,7960,ANIMALIA,CHORDATA,MAMMALIA,PERISSODACTYLA,EQUIDAE,Equus,Equus zebra,"Linnaeus, 1758",NA,NA,NA,VU,Mountain Zebra
1006,7994,ANIMALIA,CHORDATA,MAMMALIA,AFROSORICIDA,CHRYSOCHLORIDAE,Eremitalpa,Eremitalpa granti,"(Broom, 1907)",NA,NA,NA,LC,Grant's Golden Mole
1007,7995,ANIMALIA,CHORDATA,MAMMALIA,RODENTIA,DIPODIDAE,Eremodipus,Eremodipus lichtensteini,"(Vinogradov, 1927)",NA,NA,NA,LC,Lichtenstein's Jerboa
1008,8004,ANIMALIA,CHORDATA,MAMMALIA,RODENTIA,ERETHIZONTIDAE,Erethizon,Erethizon dorsatum,"(Linnaeus, 1758)",NA,NA,NA,LC,North American Porcupine
1009,8010,ANIMALIA,CHORDATA,MAMMALIA,CARNIVORA,PHOCIDAE,Erignathus,Erignathus barbatus,"(Erxleben, 1777)",NA,NA,NA,LC,Bearded Seal
1010,8032,ANIMALIA,CHORDATA,MAMMALIA,RODENTIA,MURIDAE,Eropeplus,Eropeplus canus,"Miller &amp; Hollister, 1921",NA,NA,NA,VU,Sulawesi Soft-furred Rat
1011,8033,ANIMALIA,CHORDATA,MAMMALIA,CHIROPTERA,PHYLLOSTOMIDAE,Erophylla,Erophylla sezekorni,"(Gundlach, 1860)",NA,NA,NA,LC,Buffy Flower Bat
1012,8097,ANIMALIA,CHORDATA,MAMMALIA,ARTIODACTYLA,ESCHRICHTIIDAE,Eschrichtius,Eschrichtius robustus,"(Lilljeborg, 1861)",NA,NA,NA,LC,Gray Whale
1013,8099,ANIMALIA,CHORDATA,MAMMALIA,ARTIODACTYLA,ESCHRICHTIIDAE,Eschrichtius,Eschrichtius robustus,"(Lilljeborg, 1861)",NA,NA,western subpopulation,EN,Western Gray Whale
1014,8153,ANIMALIA,CHORDATA,MAMMALIA,ARTIODACTYLA,BALAENIDAE,Eubalaena,Eubalaena australis,"(Desmoulins, 1822)",NA,NA,NA,LC,Southern Right Whale
1015,8162,ANIMALIA,CHORDATA,MAMMALIA,RODENTIA,DIPODIDAE,Euchoreutes,Euchoreutes naso,"Sclater, 1891",NA,NA,NA,LC,Long-eared Jerboa
1016,8166,ANIMALIA,CHORDATA,MAMMALIA,CHIROPTERA,VESPERTILIONIDAE,Euderma,Euderma maculatum,"(J.A. Allen, 1891)",NA,NA,NA,LC,Spotted Bat
1017,8168,ANIMALIA,CHORDATA,MAMMALIA,CHIROPTERA,VESPERTILIONIDAE,Eudiscopus,Eudiscopus denticulus,"(Osgood, 1932)",NA,NA,NA,LC,Disk-footed Bat
1018,8199,ANIMALIA,CHORDATA,MAMMALIA,PRIMATES,LEMURIDAE,Eulemur,Eulemur coronatus,"(Gray, 1842)",NA,NA,NA,EN,Crowned Lemur
1019,8202,ANIMALIA,CHORDATA,MAMMALIA,PRIMATES,LEMURIDAE,Eulemur,Eulemur mongoz,"(Linnaeus, 1766)",NA,NA,NA,CR,Mongoose Lemur
1020,8203,ANIMALIA,CHORDATA,MAMMALIA,PRIMATES,LEMURIDAE,Eulemur,Eulemur rubriventer,"(I. Geoffroy, 1850)",NA,NA,NA,VU,Red-bellied Lemur
1021,8204,ANIMALIA,CHORDATA,MAMMALIA,PRIMATES,LEMURIDAE,Eulemur,Eulemur albifrons,"(É. Geoffroy Saint-Hilaire, 1796)",NA,NA,NA,VU,White-fronted Lemur
1022,8205,ANIMALIA,CHORDATA,MAMMALIA,PRIMATES,LEMURIDAE,Eulemur,Eulemur cinereiceps,"(A. Grandidier &amp; Milne-Edwards, 1890)",NA,NA,NA,CR,White-collared Lemur
1023,8206,ANIMALIA,CHORDATA,MAMMALIA,PRIMATES,LEMURIDAE,Eulemur,Eulemur collaris,"(É. Geoffroy, 1812)",NA,NA,NA,EN,Collared Brown Lemur
1024,8207,ANIMALIA,CHORDATA,MAMMALIA,PRIMATES,LEMURIDAE,Eulemur,Eulemur fulvus,"(É. Geoffroy, 1796)",NA,NA,NA,VU,Brown Lemur
1025,8209,ANIMALIA,CHORDATA,MAMMALIA,PRIMATES,LEMURIDAE,Eulemur,Eulemur rufus,"(Audebert, 1799)",NA,NA,NA,VU,Red Brown Lemur
1026,8210,ANIMALIA,CHORDATA,MAMMALIA,PRIMATES,LEMURIDAE,Eulemur,Eulemur sanfordi,"(Archbold, 1932)",NA,NA,NA,EN,Sanford's Brown Lemur
1027,8211,ANIMALIA,CHORDATA,MAMMALIA,PRIMATES,LEMURIDAE,Eulemur,Eulemur flavifrons,"(Gray, 1867)",NA,NA,NA,CR,Blue-eyed Black Lemur
1028,8212,ANIMALIA,CHORDATA,MAMMALIA,PRIMATES,LEMURIDAE,Eulemur,Eulemur macaco,"(Linnaeus, 1766)",NA,NA,NA,EN,Black Lemur
1029,8239,ANIMALIA,CHORDATA,MAMMALIA,CARNIVORA,OTARIIDAE,Eumetopias,Eumetopias jubatus,"(Schreber, 1776)",NA,NA,NA,NT,Steller Sea Lion
1030,8241,ANIMALIA,CHORDATA,MAMMALIA,CHIROPTERA,MOLOSSIDAE,Eumops,Eumops auripendulus,"(Shaw, 1800)",NA,NA,NA,LC,Shaw’s Mastiff Bat
1031,8243,ANIMALIA,CHORDATA,MAMMALIA,CHIROPTERA,MOLOSSIDAE,Eumops,Eumops dabbenei,"Thomas, 1914",NA,NA,NA,LC,Dabbene’s Mastiff Bat
1032,8245,ANIMALIA,CHORDATA,MAMMALIA,CHIROPTERA,MOLOSSIDAE,Eumops,Eumops hansae,"Sanborn, 1932",NA,NA,NA,LC,Sanborn's Bonneted Bat
1033,8246,ANIMALIA,CHORDATA,MAMMALIA,CHIROPTERA,MOLOSSIDAE,Eumops,Eumops maurus,"(Thomas, 1901)",NA,NA,NA,DD,Guianan Bonneted Bat
1034,8247,ANIMALIA,CHORDATA,MAMMALIA,CHIROPTERA,MOLOSSIDAE,Eumops,Eumops perotis,"(Schinz, 1821)",NA,NA,NA,LC,Western Mastiff Bat
1035,8248,ANIMALIA,CHORDATA,MAMMALIA,CHIROPTERA,MOLOSSIDAE,Eumops,Eumops underwoodi,"Goodwin, 1940",NA,NA,NA,LC,Underwood's Bonneted Bat
1036,8256,ANIMALIA,CHORDATA,MAMMALIA,RODENTIA,CRICETIDAE,Euneomys,Euneomys chinchilloides,"(Waterhouse, 1839)",NA,NA,NA,DD,Patagonian Chincilla Mouse
1037,8257,ANIMALIA,CHORDATA,MAMMALIA,RODENTIA,CRICETIDAE,Euneomys,Euneomys mordax,"Thomas, 1912",NA,NA,NA,LC,Biting Chincilla Mouse
1038,8258,ANIMALIA,CHORDATA,MAMMALIA,RODENTIA,CRICETIDAE,Euneomys,Euneomys petersoni,"J.A. Allen, 1903",NA,NA,NA,LC,Peterson's Chincilla Mouse
1039,8265,ANIMALIA,CHORDATA,MAMMALIA,PRIMATES,GALAGIDAE,Euoticus,Euoticus elegantulus,"(Le Conte, 1857)",NA,NA,NA,LC,Southern Needle-clawed Galago
1040,8266,ANIMALIA,CHORDATA,MAMMALIA,PRIMATES,GALAGIDAE,Euoticus,Euoticus pallidus,"(Gray, 1863)",NA,NA,NA,NT,Northern Needle-clawed Galago
1041,8269,ANIMALIA,CHORDATA,MAMMALIA,RODENTIA,SCIURIDAE,Eupetaurus,Eupetaurus cinereus,"Thomas, 1888",NA,NA,NA,EN,Woolly Flying Squirrel
1042,8306,ANIMALIA,CHORDATA,MAMMALIA,CINGULATA,CHLAMYPHORIDAE,Euphractus,Euphractus sexcinctus,"(Linnaeus, 1758)",NA,NA,NA,LC,Yellow Armadillo
1043,8385,ANIMALIA,CHORDATA,MAMMALIA,EULIPOTYPHLA,TALPIDAE,Euroscaptor,Euroscaptor mizura,"(Günther, 1880)",NA,NA,NA,LC,Japanese Mountain Mole
1044,8386,ANIMALIA,CHORDATA,MAMMALIA,EULIPOTYPHLA,TALPIDAE,Euroscaptor,Euroscaptor parvidens,"Miller, 1940",NA,NA,NA,DD,Small-toothed Mole
1045,8418,ANIMALIA,CHORDATA,MAMMALIA,RODENTIA,ECHIMYIDAE,Euryzygomatomys,Euryzygomatomys spinosus,"(G. Fischer, 1814)",NA,NA,NA,LC,Guiara
1046,8436,ANIMALIA,CHORDATA,MAMMALIA,RODENTIA,SCIURIDAE,Exilisciurus,Exilisciurus concinnus,"(Thomas, 1888)",NA,NA,NA,LC,Philippine Pygmy Squirrel
1047,8437,ANIMALIA,CHORDATA,MAMMALIA,RODENTIA,SCIURIDAE,Exilisciurus,Exilisciurus exilis,"(Müller, 1838)",NA,NA,NA,DD,Least Pygmy Squirrel
1048,8438,ANIMALIA,CHORDATA,MAMMALIA,RODENTIA,SCIURIDAE,Exilisciurus,Exilisciurus whiteheadi,"(Thomas, 1887)",NA,NA,NA,LC,Tufted Pygmy Squirrel
1049,8539,ANIMALIA,CHORDATA,MAMMALIA,CARNIVORA,FELIDAE,Felis,Felis bieti,"Milne-Edwards, 1892",NA,NA,NA,VU,Chinese Mountain Cat
1050,8540,ANIMALIA,CHORDATA,MAMMALIA,CARNIVORA,FELIDAE,Felis,Felis chaus,"Schreber, 1777",NA,NA,NA,LC,Jungle Cat
1051,8541,ANIMALIA,CHORDATA,MAMMALIA,CARNIVORA,FELIDAE,Felis,Felis margarita,"Loche, 1858",NA,NA,NA,LC,Sand Cat
1052,8542,ANIMALIA,CHORDATA,MAMMALIA,CARNIVORA,FELIDAE,Felis,Felis nigripes,"Burchell, 1824",NA,NA,NA,VU,Black-footed Cat
1053,8548,ANIMALIA,CHORDATA,MAMMALIA,RODENTIA,CTENODACTYLIDAE,Felovia,Felovia vae,"Lataste, 1886",NA,NA,NA,LC,Felou Gundi
1054,8551,ANIMALIA,CHORDATA,MAMMALIA,ARTIODACTYLA,DELPHINIDAE,Feresa,Feresa attenuata,"Gray, 1875",NA,NA,NA,LC,Pygmy Killer Whale
1055,8553,ANIMALIA,CHORDATA,MAMMALIA,EULIPOTYPHLA,SORICIDAE,Feroculus,Feroculus feroculus,"(Kelaart, 1850)",NA,NA,NA,EN,Kelaart's Long-clawed Shrew
1056,8668,ANIMALIA,CHORDATA,MAMMALIA,CARNIVORA,EUPLERIDAE,Fossa,Fossa fossana,"(P.L.S. Müller, 1776)",NA,NA,NA,VU,Spotted Fanaloka
1057,8700,ANIMALIA,CHORDATA,MAMMALIA,RODENTIA,SCIURIDAE,Funambulus,Funambulus layardi,"(Blyth, 1849)",NA,NA,NA,VU,Layard's Palm Squirrel
1058,8701,ANIMALIA,CHORDATA,MAMMALIA,RODENTIA,SCIURIDAE,Funambulus,Funambulus palmarum,"(Linnaeus, 1766)",NA,NA,NA,LC,Common Palm Squirrel
1059,8702,ANIMALIA,CHORDATA,MAMMALIA,RODENTIA,SCIURIDAE,Funambulus,Funambulus pennantii,"Wroughton, 1905",NA,NA,NA,LC,Five-striped Palm Squirrel
1060,8704,ANIMALIA,CHORDATA,MAMMALIA,RODENTIA,SCIURIDAE,Funambulus,Funambulus tristriatus,"(Waterhouse, 1837)",NA,NA,NA,LC,Western Ghats Striped Squirrel
1061,8755,ANIMALIA,CHORDATA,MAMMALIA,RODENTIA,SCIURIDAE,Funisciurus,Funisciurus carruthersi,"Thomas, 1906",NA,NA,NA,LC,Carruther's Mountain Squirrel
1062,8756,ANIMALIA,CHORDATA,MAMMALIA,RODENTIA,SCIURIDAE,Funisciurus,Funisciurus anerythrus,"(Thomas, 1890)",NA,NA,NA,LC,Thomas's Rope Squirrel
1063,8757,ANIMALIA,CHORDATA,MAMMALIA,RODENTIA,SCIURIDAE,Funisciurus,Funisciurus bayonii,"(Bocage, 1890)",NA,NA,NA,DD,Lunda Rope Squirrel
1064,8758,ANIMALIA,CHORDATA,MAMMALIA,RODENTIA,SCIURIDAE,Funisciurus,Funisciurus congicus,"(Kuhl, 1820)",NA,NA,NA,LC,Congo Rope Squirrel
1065,8759,ANIMALIA,CHORDATA,MAMMALIA,RODENTIA,SCIURIDAE,Funisciurus,Funisciurus isabella,"(Gray, 1862)",NA,NA,NA,LC,Lady Burton's Rope Squirrel
1066,8760,ANIMALIA,CHORDATA,MAMMALIA,RODENTIA,SCIURIDAE,Funisciurus,Funisciurus lemniscatus,"(Le Conte, 1857)",NA,NA,NA,LC,Ribboned Rope Squirrel
1067,8761,ANIMALIA,CHORDATA,MAMMALIA,RODENTIA,SCIURIDAE,Funisciurus,Funisciurus leucogenys,"(Waterhouse, 1842)",NA,NA,NA,LC,Orange Headed Tree Squirrel
1068,8762,ANIMALIA,CHORDATA,MAMMALIA,RODENTIA,SCIURIDAE,Funisciurus,Funisciurus pyrropus,"(F. Cuvier, 1833)",NA,NA,NA,LC,Fire-footed Rope Squirrel
1069,8763,ANIMALIA,CHORDATA,MAMMALIA,RODENTIA,SCIURIDAE,Funisciurus,Funisciurus substriatus,"De Winton, 1899",NA,NA,NA,DD,Kintampo Rope Squirrel
1070,8771,ANIMALIA,CHORDATA,MAMMALIA,CHIROPTERA,FURIPTERIDAE,Furipterus,Furipterus horrens,"(F. Cuvier, 1828)",NA,NA,NA,LC,Thumbless Bat
1071,8785,ANIMALIA,CHORDATA,MAMMALIA,PRIMATES,GALAGIDAE,Sciurocheirus,Sciurocheirus alleni,"(Waterhouse, 1838)",NA,NA,NA,NT,Allen's Galago
1072,8786,ANIMALIA,CHORDATA,MAMMALIA,PRIMATES,GALAGIDAE,Galago,Galago gallarum,"Thomas, 1901",NA,NA,NA,LC,Somali Lesser Galago
1073,8787,ANIMALIA,CHORDATA,MAMMALIA,PRIMATES,GALAGIDAE,Galago,Galago matschiei,"Lorenz, 1917",NA,NA,NA,LC,Spectacled Lesser Galago
1074,8788,ANIMALIA,CHORDATA,MAMMALIA,PRIMATES,GALAGIDAE,Galago,Galago moholi,"A. Smith, 1836",NA,NA,NA,LC,Southern Lesser Galago
1075,8789,ANIMALIA,CHORDATA,MAMMALIA,PRIMATES,GALAGIDAE,Galago,Galago senegalensis,"É. Geoffroy Saint-Hilaire, 1796",NA,NA,NA,LC,Northern Lesser Galago
1076,8790,ANIMALIA,CHORDATA,MAMMALIA,PRIMATES,GALAGIDAE,Paragalago,Paragalago zanzibaricus,"(Matschie, 1893)",NA,NA,NA,NT,Tanzania Coast Dwarf Galago
1077,8823,ANIMALIA,CHORDATA,MAMMALIA,RODENTIA,CAVIIDAE,Galea,Galea flavidens,"(Brandt, 1835)",NA,NA,NA,LC,Yellow-toothed Cavy
1078,8825,ANIMALIA,CHORDATA,MAMMALIA,RODENTIA,CAVIIDAE,Galea,Galea spixii,"(Wagler, 1831)",NA,NA,NA,LC,Spix's Yellow-toothed Cavy
1079,8826,ANIMALIA,CHORDATA,MAMMALIA,EULIPOTYPHLA,TALPIDAE,Galemys,Galemys pyrenaicus,"(E. Geoffroy St. Hilaire, 1811)",NA,NA,NA,EN,Iberian Desman
1080,8827,ANIMALIA,CHORDATA,MAMMALIA,RODENTIA,CRICETIDAE,Galenomys,Galenomys garleppi,"(Thomas, 1898)",NA,NA,NA,DD,Gerlepp's Mouse
1081,8833,ANIMALIA,CHORDATA,MAMMALIA,CARNIVORA,EUPLERIDAE,Galidictis,Galidictis fasciata,"(Gmelin, 1788)",NA,NA,NA,VU,Broad-striped Vontsira
1082,8834,ANIMALIA,CHORDATA,MAMMALIA,CARNIVORA,EUPLERIDAE,Galidictis,Galidictis grandidieri,"Wozencraft, 1986",NA,NA,NA,EN,Grandidier’s Vontsira
1083,8967,ANIMALIA,CHORDATA,MAMMALIA,ARTIODACTYLA,BOVIDAE,Gazella,Gazella cuvieri,"(Ogilby, 1841)",NA,NA,NA,VU,Cuvier's Gazelle
1084,8968,ANIMALIA,CHORDATA,MAMMALIA,ARTIODACTYLA,BOVIDAE,Nanger,Nanger dama,"(Pallas, 1766)",NA,NA,NA,CR,Dama Gazelle
1085,8969,ANIMALIA,CHORDATA,MAMMALIA,ARTIODACTYLA,BOVIDAE,Gazella,Gazella dorcas,"(Linnaeus, 1758)",NA,NA,NA,VU,Dorcas Gazelle
1086,8971,ANIMALIA,CHORDATA,MAMMALIA,ARTIODACTYLA,BOVIDAE,Nanger,Nanger granti,"(Brooke, 1872)",NA,NA,NA,LC,Grant's Gazelle
1087,8972,ANIMALIA,CHORDATA,MAMMALIA,ARTIODACTYLA,BOVIDAE,Gazella,Gazella leptoceros,"(F. Cuvier, 1842)",NA,NA,NA,EN,Slender-horned Gazelle
1088,8973,ANIMALIA,CHORDATA,MAMMALIA,ARTIODACTYLA,BOVIDAE,Eudorcas,Eudorcas rufifrons,"(Gray, 1846)",NA,NA,NA,VU,Red-fronted Gazelle
1089,8975,ANIMALIA,CHORDATA,MAMMALIA,ARTIODACTYLA,BOVIDAE,Gazella,Gazella spekei,"Blyth, 1863",NA,NA,NA,EN,Speke's Gazelle
1090,8976,ANIMALIA,CHORDATA,MAMMALIA,ARTIODACTYLA,BOVIDAE,Gazella,Gazella subgutturosa,"(Güldenstädt, 1780)",NA,NA,NA,VU,Goitered Gazelle
1091,8977,ANIMALIA,CHORDATA,MAMMALIA,ARTIODACTYLA,BOVIDAE,Gazella,Gazella marica,"Thomas, 1897",NA,NA,NA,VU,Arabian Sand Gazelle
1092,8978,ANIMALIA,CHORDATA,MAMMALIA,ARTIODACTYLA,BOVIDAE,Gazella,Gazella bennettii,"(Sykes, 1831)",NA,NA,NA,LC,Chinkara
1093,8980,ANIMALIA,CHORDATA,MAMMALIA,ARTIODACTYLA,BOVIDAE,Gazella,Gazella saudiya,"Carruthers &amp; Schwarz, 1935",NA,NA,NA,EX,Saudi Gazelle
1094,8982,ANIMALIA,CHORDATA,MAMMALIA,ARTIODACTYLA,BOVIDAE,Eudorcas,Eudorcas thomsonii,"(Günther, 1884)",NA,NA,NA,LC,Thomson's Gazelle
1095,8987,ANIMALIA,CHORDATA,MAMMALIA,ARTIODACTYLA,BOVIDAE,Gazella,Gazella bilkis,"Groves &amp; Lay, 1985",NA,NA,NA,EX,Queen of Sheba's Gazelle
1096,8989,ANIMALIA,CHORDATA,MAMMALIA,ARTIODACTYLA,BOVIDAE,Gazella,Gazella gazella,"(Pallas, 1766)",NA,NA,NA,EN,Mountain Gazelle
1097,8991,ANIMALIA,CHORDATA,MAMMALIA,ARTIODACTYLA,BOVIDAE,Eudorcas,Eudorcas tilonura,"(Heuglin, 1868)",NA,NA,NA,EN,Heuglin's Gazelle
1098,8992,ANIMALIA,CHORDATA,MAMMALIA,ARTIODACTYLA,BOVIDAE,Eudorcas,Eudorcas albonotata,"(W. Rothschild, 1903)",NA,NA,NA,LC,Mongalla Gazelle
1099,8994,ANIMALIA,CHORDATA,MAMMALIA,CARNIVORA,VIVERRIDAE,Genetta,Genetta abyssinica,"(Rüppell, 1836)",NA,NA,NA,DD,Ethiopian Genet
1100,8997,ANIMALIA,CHORDATA,MAMMALIA,CARNIVORA,VIVERRIDAE,Genetta,Genetta johnstoni,"Pocock, 1908",NA,NA,NA,NT,Johnston's Genet
1101,8998,ANIMALIA,CHORDATA,MAMMALIA,CARNIVORA,VIVERRIDAE,Genetta,Genetta cristata,"Hayman in Sanborn, 1940",NA,NA,NA,VU,Crested Genet
1102,9001,ANIMALIA,CHORDATA,MAMMALIA,RODENTIA,CAPROMYIDAE,Geocapromys,Geocapromys brownii,"(J. Fischer, 1830)",NA,NA,NA,EN,Brown's Hutia
1103,9002,ANIMALIA,CHORDATA,MAMMALIA,RODENTIA,CAPROMYIDAE,Geocapromys,Geocapromys ingrahami,"(J.A. Allen, 1891)",NA,NA,NA,VU,Bahaman Hutia
1104,9003,ANIMALIA,CHORDATA,MAMMALIA,RODENTIA,CAPROMYIDAE,Geocapromys,Geocapromys thoracatus,"(True, 1888)",NA,NA,NA,EX,Little Swan Island Hutia
1105,9004,ANIMALIA,CHORDATA,MAMMALIA,RODENTIA,CAPROMYIDAE,Geocapromys,Geocapromys columbianus,"(J. Fischer, 1829)",NA,NA,NA,EX,Cuban Coney
1106,9048,ANIMALIA,CHORDATA,MAMMALIA,AFROSORICIDA,TENRECIDAE,Geogale,Geogale aurita,"Milne-Edwards &amp; A. Grandidier, 1872",NA,NA,NA,LC,Large-eared Tenrec
1107,9054,ANIMALIA,CHORDATA,MAMMALIA,RODENTIA,GEOMYIDAE,Geomys,Geomys arenarius,"Merriam, 1895",NA,NA,NA,NT,Desert Pocket Gopher
1108,9055,ANIMALIA,CHORDATA,MAMMALIA,RODENTIA,GEOMYIDAE,Geomys,Geomys personatus,"True, 1889",NA,NA,NA,LC,Texas Pocket Gopher
1109,9056,ANIMALIA,CHORDATA,MAMMALIA,RODENTIA,GEOMYIDAE,Geomys,Geomys tropicalis,"Goldman, 1915",NA,NA,NA,EN,Tropical Pocket Gopher
1110,9062,ANIMALIA,CHORDATA,MAMMALIA,RODENTIA,GEOMYIDAE,Geomys,Geomys texensis,"Merriam, 1895",NA,NA,NA,LC,Central Texas Pocket Gopher
1111,9077,ANIMALIA,CHORDATA,MAMMALIA,RODENTIA,BATHYERGIDAE,Georychus,Georychus capensis,"(Pallas, 1778)",NA,NA,NA,LC,Cape Mole Rat
1112,9089,ANIMALIA,CHORDATA,MAMMALIA,RODENTIA,CRICETIDAE,Geoxus,Geoxus valdivianus,"(Philippi, 1858)",NA,NA,NA,LC,Long-clawed Mole Mouse
1113,9092,ANIMALIA,CHORDATA,MAMMALIA,RODENTIA,MURIDAE,Gerbillurus,Gerbillurus paeba,"(A. Smith, 1836)",NA,NA,NA,LC,Hairy-footed Gerbil
1114,9093,ANIMALIA,CHORDATA,MAMMALIA,RODENTIA,MURIDAE,Gerbillurus,Gerbillurus setzeri,"(Schlitter, 1973)",NA,NA,NA,LC,Setzer's Hairy-footed Gerbil
1115,9094,ANIMALIA,CHORDATA,MAMMALIA,RODENTIA,MURIDAE,Gerbillurus,Gerbillurus tytonis,"(Bauer &amp; Niethammer, 1960)",NA,NA,NA,LC,Dune Hairy-footed Gerbil
1116,9095,ANIMALIA,CHORDATA,MAMMALIA,RODENTIA,MURIDAE,Gerbillurus,Gerbillurus vallinus,"(Thomas, 1918)",NA,NA,NA,LC,Bushy-tailed Hairy-footed Gerbil
1117,9096,ANIMALIA,CHORDATA,MAMMALIA,RODENTIA,MURIDAE,Gerbillus,Gerbillus acticola,"Thomas, 1918",NA,NA,NA,DD,Berbera Gerbil
1118,9097,ANIMALIA,CHORDATA,MAMMALIA,RODENTIA,MURIDAE,Gerbillus,Gerbillus maghrebi,"Schlitter &amp; Setzer, 1972",NA,NA,NA,LC,Greater Short-tailed Gerbil
1119,9099,ANIMALIA,CHORDATA,MAMMALIA,RODENTIA,MURIDAE,Gerbillus,Gerbillus muriculus,"(Thomas &amp; Hinton, 1923)",NA,NA,NA,DD,Darfur Gerbil
1120,9100,ANIMALIA,CHORDATA,MAMMALIA,RODENTIA,MURIDAE,Gerbillus,Gerbillus nancillus,"Thomas &amp; Hinton, 1923",NA,NA,NA,DD,Sudan Gerbil
1121,9101,ANIMALIA,CHORDATA,MAMMALIA,RODENTIA,MURIDAE,Gerbillus,Gerbillus rosalinda,"St Leger, 1929",NA,NA,NA,LC,Rosalinda Gerbil
1122,9102,ANIMALIA,CHORDATA,MAMMALIA,RODENTIA,MURIDAE,Gerbillus,Gerbillus agag,"Thomas, 1903",NA,NA,NA,DD,Agag Gerbil
1123,9104,ANIMALIA,CHORDATA,MAMMALIA,RODENTIA,MURIDAE,Gerbillus,Gerbillus amoenus,"(de Winton, 1902)",NA,NA,NA,LC,Pleasant Gerbil
1124,9105,ANIMALIA,CHORDATA,MAMMALIA,RODENTIA,MURIDAE,Gerbillus,Gerbillus andersoni,"de Winton, 1902",NA,NA,NA,LC,Anderson's Gerbil
1125,9106,ANIMALIA,CHORDATA,MAMMALIA,RODENTIA,MURIDAE,Gerbillus,Gerbillus aquilus,"Schlitter &amp; Setzer, 1972",NA,NA,NA,LC,Swarthy Gerbil
1126,9109,ANIMALIA,CHORDATA,MAMMALIA,RODENTIA,MURIDAE,Gerbillus,Gerbillus bottai,"Lataste, 1882",NA,NA,NA,DD,Botta's Gerbil
1127,9110,ANIMALIA,CHORDATA,MAMMALIA,RODENTIA,MURIDAE,Gerbillus,Gerbillus brockmani,"(Thomas, 1910)",NA,NA,NA,DD,Brockman's Gerbil
1128,9111,ANIMALIA,CHORDATA,MAMMALIA,RODENTIA,MURIDAE,Gerbillus,Gerbillus burtoni,"F. Cuvier, 1838",NA,NA,NA,DD,Burton's Gerbil
1129,9113,ANIMALIA,CHORDATA,MAMMALIA,RODENTIA,MURIDAE,Gerbillus,Gerbillus cheesmani,"Thomas, 1919",NA,NA,NA,LC,Cheesman's Gerbil
1130,9114,ANIMALIA,CHORDATA,MAMMALIA,RODENTIA,MURIDAE,Gerbillus,Gerbillus cosensis,"Dollman, 1914",NA,NA,NA,DD,Cosens's Gerbil
1131,9116,ANIMALIA,CHORDATA,MAMMALIA,RODENTIA,MURIDAE,Gerbillus,Gerbillus dasyurus,"(Wagner, 1842)",NA,NA,NA,LC,Wagner's Gerbil
1132,9119,ANIMALIA,CHORDATA,MAMMALIA,RODENTIA,MURIDAE,Gerbillus,Gerbillus dunni,"Thomas, 1904",NA,NA,NA,LC,Somalia Gerbil
1133,9120,ANIMALIA,CHORDATA,MAMMALIA,RODENTIA,MURIDAE,Gerbillus,Gerbillus famulus,"Yerbury &amp; Thomas, 1895",NA,NA,NA,LC,Black-tufted Gerbil
1134,9121,ANIMALIA,CHORDATA,MAMMALIA,RODENTIA,MURIDAE,Gerbillus,Gerbillus floweri,"Thomas, 1919",NA,NA,NA,LC,Flower's Gerbil
1135,9123,ANIMALIA,CHORDATA,MAMMALIA,RODENTIA,MURIDAE,Gerbillus,Gerbillus gerbillus,"(Olivier, 1801)",NA,NA,NA,LC,Lesser Egyptian Gerbil
1136,9124,ANIMALIA,CHORDATA,MAMMALIA,RODENTIA,MURIDAE,Gerbillus,Gerbillus gleadowi,"Murray, 1886",NA,NA,NA,LC,Little Hairy-footed Gerbil
1137,9125,ANIMALIA,CHORDATA,MAMMALIA,RODENTIA,MURIDAE,Gerbillus,Gerbillus grobbeni,"Klaptocz, 1909",NA,NA,NA,DD,Grobben's Gerbil
1138,9126,ANIMALIA,CHORDATA,MAMMALIA,RODENTIA,MURIDAE,Gerbillus,Gerbillus harwoodi,"Thomas, 1901",NA,NA,NA,LC,Harwood's Gerbil
1139,9127,ANIMALIA,CHORDATA,MAMMALIA,RODENTIA,MURIDAE,Gerbillus,Gerbillus henleyi,"(de Winton, 1903)",NA,NA,NA,LC,Pygmy Gerbil
1140,9128,ANIMALIA,CHORDATA,MAMMALIA,RODENTIA,MURIDAE,Gerbillus,Gerbillus hesperinus,"Cabrera, 1936",NA,NA,NA,EN,Western Gerbil
1141,9129,ANIMALIA,CHORDATA,MAMMALIA,RODENTIA,MURIDAE,Gerbillus,Gerbillus hoogstraali,"Lay, 1975",NA,NA,NA,VU,Hoogstraal's Gerbil
1142,9130,ANIMALIA,CHORDATA,MAMMALIA,RODENTIA,MURIDAE,Gerbillus,Gerbillus jamesi,"Harrison, 1967",NA,NA,NA,DD,James's Gerbil
1143,9131,ANIMALIA,CHORDATA,MAMMALIA,RODENTIA,MURIDAE,Gerbillus,Gerbillus juliani,"(St Leger, 1935)",NA,NA,NA,LC,Julian's Gerbil
1144,9132,ANIMALIA,CHORDATA,MAMMALIA,RODENTIA,MURIDAE,Gerbillus,Gerbillus latastei,"Thomas &amp; Trouessart, 1903",NA,NA,NA,DD,Lataste's Gerbil
1145,9133,ANIMALIA,CHORDATA,MAMMALIA,RODENTIA,MURIDAE,Gerbillus,Gerbillus lowei,"Thomas &amp; Hinton, 1923",NA,NA,NA,DD,Lowe's Gerbil
1146,9134,ANIMALIA,CHORDATA,MAMMALIA,RODENTIA,MURIDAE,Gerbillus,Gerbillus mackilligini,"(Thomas, 1904)",NA,NA,NA,LC,Mackillingin's Gerbil
1147,9135,ANIMALIA,CHORDATA,MAMMALIA,RODENTIA,MURIDAE,Gerbillus,Gerbillus mesopotamiae,"Harrison, 1956",NA,NA,NA,LC,Mesopotamian Gerbil
1148,9136,ANIMALIA,CHORDATA,MAMMALIA,RODENTIA,MURIDAE,Gerbillus,Gerbillus nanus,"Blanford, 1875",NA,NA,NA,LC,Dwarf Gerbil
1149,9137,ANIMALIA,CHORDATA,MAMMALIA,RODENTIA,MURIDAE,Gerbillus,Gerbillus nigeriae,"Thomas &amp; Hinton, 1920",NA,NA,NA,LC,Nigerian Gerbil
1150,9138,ANIMALIA,CHORDATA,MAMMALIA,RODENTIA,MURIDAE,Gerbillus,Gerbillus occiduus,"Lay, 1975",NA,NA,NA,DD,Occidental Gerbil
1151,9140,ANIMALIA,CHORDATA,MAMMALIA,RODENTIA,MURIDAE,Gerbillus,Gerbillus perpallidus,"Setzer, 1958",NA,NA,NA,LC,Pale Gerbil
1152,9141,ANIMALIA,CHORDATA,MAMMALIA,RODENTIA,MURIDAE,Gerbillus,Gerbillus poecilops,"Yerbury &amp; Thomas, 1895",NA,NA,NA,LC,Large Aden Gerbil
1153,9142,ANIMALIA,CHORDATA,MAMMALIA,RODENTIA,MURIDAE,Gerbillus,Gerbillus principulus,"(Thomas &amp; Hinton, 1923)",NA,NA,NA,DD,Principal Gerbil
1154,9143,ANIMALIA,CHORDATA,MAMMALIA,RODENTIA,MURIDAE,Gerbillus,Gerbillus pulvinatus,"Rhoads, 1896",NA,NA,NA,LC,Cushioned Gerbil
1155,9144,ANIMALIA,CHORDATA,MAMMALIA,RODENTIA,MURIDAE,Gerbillus,Gerbillus pusillus,"Peters, 1878",NA,NA,NA,LC,Least Gerbil
1156,9145,ANIMALIA,CHORDATA,MAMMALIA,RODENTIA,MURIDAE,Gerbillus,Gerbillus pyramidum,"Geoffroy, 1825",NA,NA,NA,LC,Greater Egyptian Gerbil
1157,9149,ANIMALIA,CHORDATA,MAMMALIA,RODENTIA,MURIDAE,Gerbillus,Gerbillus simoni,"Lataste, 1881",NA,NA,NA,LC,Lesser Short-tailed Gerbil
1158,9150,ANIMALIA,CHORDATA,MAMMALIA,RODENTIA,MURIDAE,Gerbillus,Gerbillus somalicus,"Thomas, 1910",NA,NA,NA,DD,Somalian Gerbil
1159,9151,ANIMALIA,CHORDATA,MAMMALIA,RODENTIA,MURIDAE,Gerbillus,Gerbillus stigmonyx,"Heuglin, 1877",NA,NA,NA,DD,Khartoum Gerbil
1160,9153,ANIMALIA,CHORDATA,MAMMALIA,RODENTIA,MURIDAE,Gerbillus,Gerbillus tarabuli,"Thomas, 1902",NA,NA,NA,LC,Tarabul's Gerbil
1161,9155,ANIMALIA,CHORDATA,MAMMALIA,RODENTIA,MURIDAE,Gerbillus,Gerbillus watersi,"de Winton, 1901",NA,NA,NA,LC,Waters's Gerbil
1162,9194,ANIMALIA,CHORDATA,MAMMALIA,ARTIODACTYLA,GIRAFFIDAE,Giraffa,Giraffa camelopardalis,"(Linnaeus, 1758)",NA,NA,NA,VU,Giraffe
1163,9240,ANIMALIA,CHORDATA,MAMMALIA,RODENTIA,SCIURIDAE,Glaucomys,Glaucomys volans,"(Linnaeus, 1758)",NA,NA,NA,LC,Southern Flying Squirrel
1164,9245,ANIMALIA,CHORDATA,MAMMALIA,DIDELPHIMORPHIA,DIDELPHIDAE,Glironia,Glironia venusta,"Thomas, 1912",NA,NA,NA,LC,Bushy-tailed Opossum
1165,9246,ANIMALIA,CHORDATA,MAMMALIA,RODENTIA,GLIRIDAE,Glirulus,Glirulus japonicus,"(Schinz, 1845)",NA,NA,NA,LC,Japanese Dormouse
1166,9247,ANIMALIA,CHORDATA,MAMMALIA,CHIROPTERA,VESPERTILIONIDAE,Glischropus,Glischropus javanus,"Chasen, 1939",NA,NA,NA,DD,Javan Thick-thumbed Bat
1167,9249,ANIMALIA,CHORDATA,MAMMALIA,ARTIODACTYLA,DELPHINIDAE,Globicephala,Globicephala macrorhynchus,"Gray, 1846",NA,NA,NA,LC,Short-finned Pilot Whale
1168,9250,ANIMALIA,CHORDATA,MAMMALIA,ARTIODACTYLA,DELPHINIDAE,Globicephala,Globicephala melas,"(Traill, 1809)",NA,NA,NA,LC,Long-finned Pilot Whale
1169,9273,ANIMALIA,CHORDATA,MAMMALIA,CHIROPTERA,PHYLLOSTOMIDAE,Glossophaga,Glossophaga commissarisi,"Gardner, 1962",NA,NA,NA,LC,Commissaris's Long-tongued Bat
1170,9274,ANIMALIA,CHORDATA,MAMMALIA,CHIROPTERA,PHYLLOSTOMIDAE,Glossophaga,Glossophaga leachii,"Gray, 1844",NA,NA,NA,LC,Gray's Long-tongued Bat
1171,9275,ANIMALIA,CHORDATA,MAMMALIA,CHIROPTERA,PHYLLOSTOMIDAE,Glossophaga,Glossophaga longirostris,"Miller, 1898",NA,NA,NA,LC,Miller's Long-tongued Bat
1172,9276,ANIMALIA,CHORDATA,MAMMALIA,CHIROPTERA,PHYLLOSTOMIDAE,Glossophaga,Glossophaga morenoi,"Martinez &amp; Villa, 1938",NA,NA,NA,LC,Western Long-tongued Bat
1173,9277,ANIMALIA,CHORDATA,MAMMALIA,CHIROPTERA,PHYLLOSTOMIDAE,Glossophaga,Glossophaga soricina,"(Pallas, 1766)",NA,NA,NA,LC,Pallas's Long-tongued Bat
1174,9283,ANIMALIA,CHORDATA,MAMMALIA,RODENTIA,SCIURIDAE,Glyphotes,Glyphotes simus,"Thomas, 1898",NA,NA,NA,DD,Sculptor Squirrel
1175,9303,ANIMALIA,CHORDATA,MAMMALIA,RODENTIA,MURIDAE,Golunda,Golunda ellioti,"Gray, 1837",NA,NA,NA,LC,Indian Bush-rat
1176,9404,ANIMALIA,CHORDATA,MAMMALIA,PRIMATES,HOMINIDAE,Gorilla,Gorilla gorilla,"(Savage, 1847)",NA,NA,NA,CR,Western Gorilla
1177,9416,ANIMALIA,CHORDATA,MAMMALIA,DIDELPHIMORPHIA,DIDELPHIDAE,Gracilinanus,Gracilinanus aceramarcae,"(Tate, 1931)",NA,NA,NA,LC,Aceramarca Gracile Mouse Opossum
1178,9417,ANIMALIA,CHORDATA,MAMMALIA,DIDELPHIMORPHIA,DIDELPHIDAE,Gracilinanus,Gracilinanus agilis,"(Burmeister, 1854)",NA,NA,NA,LC,Agile Gracile Opossum
1179,9418,ANIMALIA,CHORDATA,MAMMALIA,DIDELPHIMORPHIA,DIDELPHIDAE,Gracilinanus,Gracilinanus dryas,"(Thomas, 1898)",NA,NA,NA,LC,Wood Sprite Gracile Mouse Opossum
1180,9419,ANIMALIA,CHORDATA,MAMMALIA,DIDELPHIMORPHIA,DIDELPHIDAE,Gracilinanus,Gracilinanus emiliae,"(Thomas, 1909)",NA,NA,NA,DD,Emilia's Gracile Opossum
1181,9420,ANIMALIA,CHORDATA,MAMMALIA,DIDELPHIMORPHIA,DIDELPHIDAE,Gracilinanus,Gracilinanus marica,"(Thomas, 1898)",NA,NA,NA,LC,Northern Gracile Mouse Opossum
1182,9421,ANIMALIA,CHORDATA,MAMMALIA,DIDELPHIMORPHIA,DIDELPHIDAE,Gracilinanus,Gracilinanus microtarsus,"Wagner, 1842",NA,NA,NA,LC,Brazilian Gracile Opossum
1183,9422,ANIMALIA,CHORDATA,MAMMALIA,DIDELPHIMORPHIA,DIDELPHIDAE,Hyladelphys,Hyladelphys kalinowskii,"P. Hershkovitz, 1992",NA,NA,NA,LC,Kalinowski's Mouse Opossum
1184,9450,ANIMALIA,CHORDATA,MAMMALIA,RODENTIA,MURIDAE,Grammomys,Grammomys aridulus,"Thomas &amp; Hinton, 1923",NA,NA,NA,DD,Arid Thicket Rat
1185,9451,ANIMALIA,CHORDATA,MAMMALIA,RODENTIA,MURIDAE,Grammomys,Grammomys buntingi,"(Thomas, 1911)",NA,NA,NA,DD,Bunting's Thicket Rat
1186,9452,ANIMALIA,CHORDATA,MAMMALIA,RODENTIA,MURIDAE,Grammomys,Grammomys caniceps,"Hutterer &amp; Dieterlen, 1984",NA,NA,NA,DD,Grey-headed Thicket Rat
1187,9453,ANIMALIA,CHORDATA,MAMMALIA,RODENTIA,MURIDAE,Grammomys,Grammomys cometes,"(Thomas & Wroughton, 1908)",NA,NA,NA,LC,Mozambique Thicket Rat
1188,9454,ANIMALIA,CHORDATA,MAMMALIA,RODENTIA,MURIDAE,Grammomys,Grammomys dolichurus,"(Smuts, 1832)",NA,NA,NA,LC,Woodland Thicket Rat
1189,9455,ANIMALIA,CHORDATA,MAMMALIA,RODENTIA,MURIDAE,Grammomys,Grammomys dryas,"(Thomas, 1907)",NA,NA,NA,LC,Forest Thicket Rat
1190,9456,ANIMALIA,CHORDATA,MAMMALIA,RODENTIA,MURIDAE,Grammomys,Grammomys gigas,"(Dollman, 1911)",NA,NA,NA,EN,Giant Thicket Rat
1191,9457,ANIMALIA,CHORDATA,MAMMALIA,RODENTIA,MURIDAE,Grammomys,Grammomys ibeanus,"(Osgood, 1910)",NA,NA,NA,LC,Ruwenzori Thicket Rat
1192,9458,ANIMALIA,CHORDATA,MAMMALIA,RODENTIA,MURIDAE,Grammomys,Grammomys macmillani,"(Wroughton, 1907)",NA,NA,NA,LC,Macmillan's Thicket Rat
1193,9459,ANIMALIA,CHORDATA,MAMMALIA,RODENTIA,MURIDAE,Grammomys,Grammomys minnae,"Hutterer &amp; Dieterlen, 1984",NA,NA,NA,VU,Ethiopian Thicket Rat
1194,9460,ANIMALIA,CHORDATA,MAMMALIA,RODENTIA,MURIDAE,Grammomys,Grammomys kuru,"(Thomas &amp; Wroughton, 1907)",NA,NA,NA,LC,Eastern Rainforest Grammomys
1195,9461,ANIMALIA,CHORDATA,MAMMALIA,ARTIODACTYLA,DELPHINIDAE,Grampus,Grampus griseus,"(G. Cuvier, 1812)",NA,NA,NA,LC,Risso's Dolphin
1196,9465,ANIMALIA,CHORDATA,MAMMALIA,RODENTIA,CRICETIDAE,Graomys,Graomys domorum,"(Thomas, 1902)",NA,NA,NA,LC,Pale Leaf-eared Mouse
1197,9466,ANIMALIA,CHORDATA,MAMMALIA,RODENTIA,CRICETIDAE,Graomys,Graomys edithae,"Thomas, 1919",NA,NA,NA,DD,Edith's Leaf-eared Mouse
1198,9467,ANIMALIA,CHORDATA,MAMMALIA,RODENTIA,CRICETIDAE,Graomys,Graomys griseoflavus,"(Waterhouse, 1837)",NA,NA,NA,LC,Gray Leaf-eared Mouse
1199,9480,ANIMALIA,CHORDATA,MAMMALIA,RODENTIA,GLIRIDAE,Graphiurus,Graphiurus christyi,"Dollman, 1914",NA,NA,NA,LC,Christy's Dormouse
1200,9481,ANIMALIA,CHORDATA,MAMMALIA,RODENTIA,GLIRIDAE,Graphiurus,Graphiurus crassicaudatus,"(Jentink, 1888)",NA,NA,NA,DD,Jentink's Dormouse
1201,9483,ANIMALIA,CHORDATA,MAMMALIA,RODENTIA,GLIRIDAE,Graphiurus,Graphiurus kelleni,"(Reuvens, 1890)",NA,NA,NA,LC,Kellen's Dormouse
1202,9484,ANIMALIA,CHORDATA,MAMMALIA,RODENTIA,GLIRIDAE,Graphiurus,Graphiurus lorraineus,"Dollman, 1910",NA,NA,NA,LC,Lorrain Dormouse
1203,9485,ANIMALIA,CHORDATA,MAMMALIA,RODENTIA,GLIRIDAE,Graphiurus,Graphiurus microtis,"(Noack, 1887)",NA,NA,NA,LC,Small-eared Dormouse
1204,9486,ANIMALIA,CHORDATA,MAMMALIA,RODENTIA,GLIRIDAE,Graphiurus,Graphiurus monardi,"(St. Leger, 1936)",NA,NA,NA,DD,Monard's Dormouse
1205,9487,ANIMALIA,CHORDATA,MAMMALIA,RODENTIA,GLIRIDAE,Graphiurus,Graphiurus murinus,"(Desmarest, 1822)",NA,NA,NA,LC,Woodland Dormouse
1206,9488,ANIMALIA,CHORDATA,MAMMALIA,RODENTIA,GLIRIDAE,Graphiurus,Graphiurus ocularis,"(Smith, 1829)",NA,NA,NA,LC,Spectacled Dormouse
1207,9491,ANIMALIA,CHORDATA,MAMMALIA,RODENTIA,GLIRIDAE,Graphiurus,Graphiurus platyops,"Thomas, 1897",NA,NA,NA,LC,Rock Dormouse
1208,9492,ANIMALIA,CHORDATA,MAMMALIA,RODENTIA,GLIRIDAE,Graphiurus,Graphiurus rupicola,"(Thomas & Hinton, 1925)",NA,NA,NA,LC,Stone Dormouse
1209,9493,ANIMALIA,CHORDATA,MAMMALIA,RODENTIA,GLIRIDAE,Graphiurus,Graphiurus surdus,"Dollman, 1912",NA,NA,NA,DD,Silent Dormouse
1210,9561,ANIMALIA,CHORDATA,MAMMALIA,CARNIVORA,MUSTELIDAE,Gulo,Gulo gulo,"(Linnaeus, 1758)",NA,NA,NA,LC,Wolverine
1211,9564,ANIMALIA,CHORDATA,MAMMALIA,DIPROTODONTIA,PETAURIDAE,Gymnobelideus,Gymnobelideus leadbeateri,"McCoy, 1867",NA,NA,NA,CR,Leadbeater's Possum
1212,9581,ANIMALIA,CHORDATA,MAMMALIA,RODENTIA,NESOMYIDAE,Gymnuromys,Gymnuromys roberti,"Major, 1896",NA,NA,NA,LC,NA
1213,9608,ANIMALIA,CHORDATA,MAMMALIA,RODENTIA,CRICETIDAE,Habromys,Habromys chinanteco,"(Robertson &amp; Musser, 1976)",NA,NA,NA,CR,Chinanteco Deer Mouse
1214,9609,ANIMALIA,CHORDATA,MAMMALIA,RODENTIA,CRICETIDAE,Habromys,Habromys lepturus,"(Merriam, 1898)",NA,NA,NA,CR,Slender-tailed Deer Mouse
1215,9610,ANIMALIA,CHORDATA,MAMMALIA,RODENTIA,CRICETIDAE,Habromys,Habromys lophurus,"(Osgood, 1904)",NA,NA,NA,NT,Crested-tailed Deer Mouse
1216,9611,ANIMALIA,CHORDATA,MAMMALIA,RODENTIA,CRICETIDAE,Habromys,Habromys simulatus,"(Osgood, 1904)",NA,NA,NA,CR,Jico Deer Mouse
1217,9618,ANIMALIA,CHORDATA,MAMMALIA,RODENTIA,MURIDAE,Hadromys,Hadromys humei,"(Thomas, 1886)",NA,NA,NA,EN,Hume’s Rat
1218,9630,ANIMALIA,CHORDATA,MAMMALIA,RODENTIA,MURIDAE,Haeromys,Haeromys margarettae,"(Thomas, 1893)",NA,NA,NA,DD,Margaret’s Haeromys
1219,9631,ANIMALIA,CHORDATA,MAMMALIA,RODENTIA,MURIDAE,Haeromys,Haeromys minahassae,"(Thomas, 1896)",NA,NA,NA,NT,Lowland Sulawesi Haeromys
1220,9632,ANIMALIA,CHORDATA,MAMMALIA,RODENTIA,MURIDAE,Haeromys,Haeromys pusillus,"(Thomas, 1893)",NA,NA,NA,VU,Sundaic Haeromys
1221,9660,ANIMALIA,CHORDATA,MAMMALIA,CARNIVORA,PHOCIDAE,Halichoerus,Halichoerus grypus,"(Fabricius, 1791)",NA,NA,NA,LC,Grey Seal
1222,9672,ANIMALIA,CHORDATA,MAMMALIA,PRIMATES,LEMURIDAE,Hapalemur,Hapalemur aureus,"Meier, Albignac, Peyriéras, Rumpler &amp; Wright, 1987",NA,NA,NA,CR,Golden Bamboo Lemur
1223,9673,ANIMALIA,CHORDATA,MAMMALIA,PRIMATES,LEMURIDAE,Hapalemur,Hapalemur griseus,"(Link, 1795)",NA,NA,NA,VU,Eastern Lesser Bamboo Lemur
1224,9674,ANIMALIA,CHORDATA,MAMMALIA,PRIMATES,LEMURIDAE,Prolemur,Prolemur simus,"(Gray, 1871)",NA,NA,NA,CR,Greater Bamboo Lemur
1225,9676,ANIMALIA,CHORDATA,MAMMALIA,PRIMATES,LEMURIDAE,Hapalemur,Hapalemur alaotrensis,"Rumpler, 1975",NA,NA,NA,CR,Alaotra Reed Lemur
1226,9678,ANIMALIA,CHORDATA,MAMMALIA,PRIMATES,LEMURIDAE,Hapalemur,Hapalemur occidentalis,"Rumpler, 1975",NA,NA,NA,VU,Sambirano Lesser Bamboo Lemur
1227,9679,ANIMALIA,CHORDATA,MAMMALIA,RODENTIA,MURIDAE,Hapalomys,Hapalomys delacouri,"Thomas, 1927",NA,NA,NA,NT,Lesser Marmoset Rat
1228,9680,ANIMALIA,CHORDATA,MAMMALIA,RODENTIA,MURIDAE,Hapalomys,Hapalomys longicaudatus,"Blyth, 1859",NA,NA,NA,EN,Greater Marmoset Rat
1229,9690,ANIMALIA,CHORDATA,MAMMALIA,CHIROPTERA,PTEROPODIDAE,Haplonycteris,Haplonycteris fischeri,"Lawrence, 1939",NA,NA,NA,LC,Philippine Pygmy Fruit Bat
1230,9740,ANIMALIA,CHORDATA,MAMMALIA,CHIROPTERA,PTEROPODIDAE,Harpyionycteris,Harpyionycteris whiteheadi,"Thomas, 1896",NA,NA,NA,LC,Harpy Fruit Bat
1231,9759,ANIMALIA,CHORDATA,MAMMALIA,RODENTIA,MURIDAE,Heimyscus,Heimyscus fumosus,"(Brosset, DuBost &amp; Heim de Balsac, 1965)",NA,NA,NA,LC,African Smoky Mouse
1232,9760,ANIMALIA,CHORDATA,MAMMALIA,CARNIVORA,URSIDAE,Helarctos,Helarctos malayanus,"(Raffles, 1821)",NA,NA,NA,VU,Sun Bear
1233,9828,ANIMALIA,CHORDATA,MAMMALIA,RODENTIA,BATHYERGIDAE,Heliophobius,Heliophobius argenteocinereus,"Peters, 1846",NA,NA,NA,LC,Silvery Mole Rat
1234,9830,ANIMALIA,CHORDATA,MAMMALIA,RODENTIA,SCIURIDAE,Heliosciurus,Heliosciurus gambianus,"(Ogilby, 1835)",NA,NA,NA,LC,Gambian Sun Squirrel
1235,9831,ANIMALIA,CHORDATA,MAMMALIA,RODENTIA,SCIURIDAE,Heliosciurus,Heliosciurus mutabilis,"(Peters, 1852)",NA,NA,NA,LC,Mutable Sun Squirrel
1236,9832,ANIMALIA,CHORDATA,MAMMALIA,RODENTIA,SCIURIDAE,Heliosciurus,Heliosciurus punctatus,"(Temminck, 1853)",NA,NA,NA,DD,Small Sun Squirrel
1237,9833,ANIMALIA,CHORDATA,MAMMALIA,RODENTIA,SCIURIDAE,Heliosciurus,Heliosciurus rufobrachium,"(Waterhouse, 1842)",NA,NA,NA,LC,Red-legged Sun Squirrel
1238,9834,ANIMALIA,CHORDATA,MAMMALIA,RODENTIA,SCIURIDAE,Heliosciurus,Heliosciurus ruwenzorii,"(Schwann, 1904)",NA,NA,NA,LC,Ruwenzori Sun Squirrel
1239,9835,ANIMALIA,CHORDATA,MAMMALIA,RODENTIA,SCIURIDAE,Heliosciurus,Heliosciurus undulatus,"(True, 1892)",NA,NA,NA,DD,Zanj Sun Squirrel
1240,9869,ANIMALIA,CHORDATA,MAMMALIA,DIPROTODONTIA,PSEUDOCHEIRIDAE,Hemibelideus,Hemibelideus lemuroides,"(Collett, 1884)",NA,NA,NA,NT,Lemuroid Ringtail Possum
1241,9917,ANIMALIA,CHORDATA,MAMMALIA,ARTIODACTYLA,BOVIDAE,Nilgiritragus,Nilgiritragus hylocrius,"(Ogilby, 1838)",NA,NA,NA,EN,Nilgiri Tahr
1242,9918,ANIMALIA,CHORDATA,MAMMALIA,ARTIODACTYLA,BOVIDAE,Arabitragus,Arabitragus jayakari,"(Thomas, 1894)",NA,NA,NA,EN,Arabian Tahr
1243,9919,ANIMALIA,CHORDATA,MAMMALIA,ARTIODACTYLA,BOVIDAE,Hemitragus,Hemitragus jemlahicus,"(C.H. Smith, 1826)",NA,NA,NA,NT,Himalayan Tahr
1244,9948,ANIMALIA,CHORDATA,MAMMALIA,CARNIVORA,FELIDAE,Herpailurus,Herpailurus yagouaroundi,"(É. Geoffroy Saint-Hilaire, 1803)",NA,NA,NA,LC,Jaguarundi
1245,9975,ANIMALIA,CHORDATA,MAMMALIA,CHIROPTERA,VESPERTILIONIDAE,Hesperoptenus,Hesperoptenus blanfordi,"(Dobson, 1877)",NA,NA,NA,LC,Blanford's Bat
1246,9976,ANIMALIA,CHORDATA,MAMMALIA,CHIROPTERA,VESPERTILIONIDAE,Hesperoptenus,Hesperoptenus doriae,"(Peters, 1868)",NA,NA,NA,DD,False Serotine Bat
1247,9977,ANIMALIA,CHORDATA,MAMMALIA,CHIROPTERA,VESPERTILIONIDAE,Hesperoptenus,Hesperoptenus gaskelli,"Hill, 1983",NA,NA,NA,DD,Gaskell's False Serotine
1248,9978,ANIMALIA,CHORDATA,MAMMALIA,CHIROPTERA,VESPERTILIONIDAE,Hesperoptenus,Hesperoptenus tickelli,"(Blyth, 1851)",NA,NA,NA,LC,Tickell's Bat
1249,9979,ANIMALIA,CHORDATA,MAMMALIA,CHIROPTERA,VESPERTILIONIDAE,Hesperoptenus,Hesperoptenus tomesi,"Thomas, 1905",NA,NA,NA,VU,Large False Serotine
1250,9987,ANIMALIA,CHORDATA,MAMMALIA,RODENTIA,BATHYERGIDAE,Heterocephalus,Heterocephalus glaber,"Rüppell, 1842",NA,NA,NA,LC,Naked Mole Rat
1251,9997,ANIMALIA,CHORDATA,MAMMALIA,HYRACOIDEA,PROCAVIIDAE,Heterohyrax,Heterohyrax brucei,"(Gray, 1868)",NA,NA,NA,LC,Bush Hyrax
1252,10005,ANIMALIA,CHORDATA,MAMMALIA,RODENTIA,HETEROMYIDAE,Heteromys,Heteromys australis,"Thomas, 1901",NA,NA,NA,LC,Southern Spiny Pocket Mouse
1253,10007,ANIMALIA,CHORDATA,MAMMALIA,RODENTIA,HETEROMYIDAE,Heteromys,Heteromys gaumeri,"J.A. Allen &amp; Chapman, 1897",NA,NA,NA,LC,Gaumer's Spiny Pocket Mouse
1254,10009,ANIMALIA,CHORDATA,MAMMALIA,RODENTIA,HETEROMYIDAE,Heteromys,Heteromys nelsoni,"Merriam, 1902",NA,NA,NA,EN,Nelson's Spiny Pocket Mouse
1255,10010,ANIMALIA,CHORDATA,MAMMALIA,RODENTIA,HETEROMYIDAE,Heteromys,Heteromys oresterus,"Harris, 1932",NA,NA,NA,LC,Mountain Spiny Pocket Mouse
1256,10025,ANIMALIA,CHORDATA,MAMMALIA,RODENTIA,ECHIMYIDAE,Heteropsomys,Heteropsomys insulans,"Anthony, 1916",NA,NA,NA,EX,Insular Cave Rat
1257,10032,ANIMALIA,CHORDATA,MAMMALIA,ARTIODACTYLA,HIPPOPOTAMIDAE,Choeropsis,Choeropsis liberiensis,"(Morton, 1849)",NA,NA,NA,EN,Pygmy Hippopotamus
1258,10034,ANIMALIA,CHORDATA,MAMMALIA,RODENTIA,CAPROMYIDAE,Hexolobodon,Hexolobodon phenax,"Miller, 1929",NA,NA,NA,EX,Imposter Hutia
1259,10053,ANIMALIA,CHORDATA,MAMMALIA,ARTIODACTYLA,CERVIDAE,Hippocamelus,Hippocamelus antisensis,"(d'Orbigny, 1834)",NA,NA,NA,VU,Taruca
1260,10054,ANIMALIA,CHORDATA,MAMMALIA,ARTIODACTYLA,CERVIDAE,Hippocamelus,Hippocamelus bisulcus,"Molina, 1782",NA,NA,NA,EN,Patagonian Huemul
1261,10103,ANIMALIA,CHORDATA,MAMMALIA,ARTIODACTYLA,HIPPOPOTAMIDAE,Hippopotamus,Hippopotamus amphibius,"Linnaeus, 1758",NA,NA,NA,VU,Hippopotamus
1262,10107,ANIMALIA,CHORDATA,MAMMALIA,CHIROPTERA,HIPPOSIDERIDAE,Hipposideros,Hipposideros papua,"(Thomas &amp; Doria, 1886)",NA,NA,NA,LC,Biak Leaf-nosed Bat
1263,10108,ANIMALIA,CHORDATA,MAMMALIA,CHIROPTERA,HIPPOSIDERIDAE,Hipposideros,Hipposideros ridleyi,"Robinson &amp; Kloss, 1911",NA,NA,NA,VU,Ridley's Leaf-nosed Bat
1264,10109,ANIMALIA,CHORDATA,MAMMALIA,CHIROPTERA,HIPPOSIDERIDAE,Hipposideros,Hipposideros abae,"J.A. Allen, 1917",NA,NA,NA,LC,Aba Roundleaf Bat
1265,10110,ANIMALIA,CHORDATA,MAMMALIA,CHIROPTERA,HIPPOSIDERIDAE,Hipposideros,Hipposideros armiger,"(Hodgson, 1835)",NA,NA,NA,LC,Great Himalayan Leaf-nosed Bat
1266,10112,ANIMALIA,CHORDATA,MAMMALIA,CHIROPTERA,HIPPOSIDERIDAE,Hipposideros,Hipposideros beatus,"K. Andersen, 1906",NA,NA,NA,LC,Benito Roundleaf Bat
1267,10114,ANIMALIA,CHORDATA,MAMMALIA,CHIROPTERA,HIPPOSIDERIDAE,Hipposideros,Hipposideros breviceps,"Tate, 1941",NA,NA,NA,DD,Short-headed Leaf-nosed Bat
1268,10116,ANIMALIA,CHORDATA,MAMMALIA,CHIROPTERA,HIPPOSIDERIDAE,Hipposideros,Hipposideros calcaratus,"(Dobson, 1877)",NA,NA,NA,LC,Spurred Leaf-nosed Bat
1269,10117,ANIMALIA,CHORDATA,MAMMALIA,CHIROPTERA,HIPPOSIDERIDAE,Doryrhina,Doryrhina camerunensis,"(Eisentraut, 1956)",NA,NA,NA,DD,Greater Roundleaf Bat
1270,10118,ANIMALIA,CHORDATA,MAMMALIA,CHIROPTERA,HIPPOSIDERIDAE,Hipposideros,Hipposideros cervinus,"(Gould, 1863)",NA,NA,NA,LC,Fawn Leaf-nosed Bat
1271,10119,ANIMALIA,CHORDATA,MAMMALIA,CHIROPTERA,HIPPOSIDERIDAE,Hipposideros,Hipposideros cineraceus,"Blyth, 1853",NA,NA,NA,LC,Least Leaf-nosed Bat
1272,10120,ANIMALIA,CHORDATA,MAMMALIA,CHIROPTERA,HIPPOSIDERIDAE,Macronycteris,Macronycteris commersonii,"(É. Geoffroy, 1813)",NA,NA,NA,NT,Commerson's Leaf-nosed Bat
1273,10121,ANIMALIA,CHORDATA,MAMMALIA,CHIROPTERA,HIPPOSIDERIDAE,Hipposideros,Hipposideros coronatus,"(Peters, 1871)",NA,NA,NA,DD,Large Mindanao Leaf-nosed Bat
1274,10122,ANIMALIA,CHORDATA,MAMMALIA,CHIROPTERA,HIPPOSIDERIDAE,Hipposideros,Hipposideros corynophyllus,"Hill, 1985",NA,NA,NA,LC,Telefomin Leaf-nosed Bat
1275,10123,ANIMALIA,CHORDATA,MAMMALIA,CHIROPTERA,HIPPOSIDERIDAE,Hipposideros,Hipposideros coxi,"Shelford, 1901",NA,NA,NA,EN,Cox's Leaf-nosed Bat
1276,10124,ANIMALIA,CHORDATA,MAMMALIA,CHIROPTERA,HIPPOSIDERIDAE,Hipposideros,Hipposideros crumeniferus,"(Lesueur &amp; Petit, 1807)",NA,NA,NA,DD,Timor Leaf-nosed Bat
1277,10125,ANIMALIA,CHORDATA,MAMMALIA,CHIROPTERA,HIPPOSIDERIDAE,Hipposideros,Hipposideros curtus,"G.M. Allen, 1921",NA,NA,NA,EN,Short-tailed Roundleaf Bat
1278,10126,ANIMALIA,CHORDATA,MAMMALIA,CHIROPTERA,HIPPOSIDERIDAE,Doryrhina,Doryrhina cyclops,"(Temminck, 1853)",NA,NA,NA,LC,Cyclops Roundleaf Bat
1279,10127,ANIMALIA,CHORDATA,MAMMALIA,CHIROPTERA,HIPPOSIDERIDAE,Hipposideros,Hipposideros demissus,"K. Andersen, 1909",NA,NA,NA,EN,Makira Leaf-nosed Bat
1280,10128,ANIMALIA,CHORDATA,MAMMALIA,CHIROPTERA,HIPPOSIDERIDAE,Hipposideros,Hipposideros diadema,"Geoffroy, 1813",NA,NA,NA,LC,Diadem Leaf-nosed Bat
1281,10129,ANIMALIA,CHORDATA,MAMMALIA,CHIROPTERA,HIPPOSIDERIDAE,Hipposideros,Hipposideros dinops,"K. Andersen, 1905",NA,NA,NA,VU,Fierce Leaf-nosed Bat
1282,10130,ANIMALIA,CHORDATA,MAMMALIA,CHIROPTERA,HIPPOSIDERIDAE,Hipposideros,Hipposideros doriae,"(Peters, 1871)",NA,NA,NA,NT,Bornean Leaf-nosed Bat
1283,10131,ANIMALIA,CHORDATA,MAMMALIA,CHIROPTERA,HIPPOSIDERIDAE,Hipposideros,Hipposideros durgadasi,"Khajuria, 1970",NA,NA,NA,VU,Durga Das's Leaf-nosed Bat
1284,10132,ANIMALIA,CHORDATA,MAMMALIA,CHIROPTERA,HIPPOSIDERIDAE,Hipposideros,Hipposideros dyacorum,"Thomas, 1902",NA,NA,NA,LC,Dayak Leaf-nosed Bat
1285,10133,ANIMALIA,CHORDATA,MAMMALIA,CHIROPTERA,HIPPOSIDERIDAE,Hipposideros,Hipposideros edwardshilli,"Flannery &amp; Colgan, 1993",NA,NA,NA,VU,Hill's Leaf-nosed Bat
1286,10134,ANIMALIA,CHORDATA,MAMMALIA,CHIROPTERA,HIPPOSIDERIDAE,Hipposideros,Hipposideros fuliginosus,"(Temminck, 1853)",NA,NA,NA,LC,Sooty Roundleaf Bat
1287,10135,ANIMALIA,CHORDATA,MAMMALIA,CHIROPTERA,HIPPOSIDERIDAE,Hipposideros,Hipposideros fulvus,"Gray, 1838",NA,NA,NA,LC,Fulvus Leaf-nosed Bat
1288,10136,ANIMALIA,CHORDATA,MAMMALIA,CHIROPTERA,HIPPOSIDERIDAE,Hipposideros,Hipposideros galeritus,"Cantor, 1846",NA,NA,NA,LC,Cantor's Leaf-nosed Bat
1289,10137,ANIMALIA,CHORDATA,MAMMALIA,CHIROPTERA,HIPPOSIDERIDAE,Hipposideros,Hipposideros halophyllus,"Hill &amp; Yenbutra, 1984",NA,NA,NA,VU,Thailand Leaf-nosed Bat
1290,10138,ANIMALIA,CHORDATA,MAMMALIA,CHIROPTERA,HIPPOSIDERIDAE,Hipposideros,Hipposideros hypophyllus,"Kock &amp; Bhat, 1994",NA,NA,NA,CR,Kolar Leaf-nosed Bat
1291,10139,ANIMALIA,CHORDATA,MAMMALIA,CHIROPTERA,HIPPOSIDERIDAE,Hipposideros,Hipposideros inexpectatus,"Laurie &amp; Hill, 1954",NA,NA,NA,DD,Crested Leaf-nosed Bat
1292,10140,ANIMALIA,CHORDATA,MAMMALIA,CHIROPTERA,HIPPOSIDERIDAE,Hipposideros,Hipposideros jonesi,"Hayman, 1947",NA,NA,NA,NT,Jones' Roundleaf Bat
1293,10141,ANIMALIA,CHORDATA,MAMMALIA,CHIROPTERA,HIPPOSIDERIDAE,Hipposideros,Hipposideros lamottei,"Brosset, 1985",NA,NA,NA,CR,Lamotte's Roundleaf Bat
1294,10142,ANIMALIA,CHORDATA,MAMMALIA,CHIROPTERA,HIPPOSIDERIDAE,Hipposideros,Hipposideros lankadiva,"Kelaart, 1850",NA,NA,NA,LC,Indian Leaf-nosed Bat
1295,10144,ANIMALIA,CHORDATA,MAMMALIA,CHIROPTERA,HIPPOSIDERIDAE,Hipposideros,Hipposideros lekaguli,"Thonglongya &amp; Hill, 1974",NA,NA,NA,NT,Large Asian Leaf-nosed Bat
1296,10145,ANIMALIA,CHORDATA,MAMMALIA,CHIROPTERA,HIPPOSIDERIDAE,Hipposideros,Hipposideros lylei,"Thomas, 1913",NA,NA,NA,LC,Shield-faced Leaf-nosed Bat
1297,10146,ANIMALIA,CHORDATA,MAMMALIA,CHIROPTERA,HIPPOSIDERIDAE,Hipposideros,Hipposideros macrobullatus,"Tate, 1941",NA,NA,NA,DD,Big-eared Leaf-nosed Bat
1298,10147,ANIMALIA,CHORDATA,MAMMALIA,CHIROPTERA,HIPPOSIDERIDAE,Hipposideros,Hipposideros madurae,"Kitchener &amp; Maryanto, 1993",NA,NA,NA,NT,Maduran Leaf-nosed Bat
1299,10148,ANIMALIA,CHORDATA,MAMMALIA,CHIROPTERA,HIPPOSIDERIDAE,Hipposideros,Hipposideros maggietaylorae,"Smith &amp; Hill, 1981",NA,NA,NA,LC,Maggie Taylor's Leaf-nosed Bat
1300,10149,ANIMALIA,CHORDATA,MAMMALIA,CHIROPTERA,HIPPOSIDERIDAE,Hipposideros,Hipposideros marisae,"Aellen, 1954",NA,NA,NA,VU,Aellen's Roundleaf Bat
1301,10150,ANIMALIA,CHORDATA,MAMMALIA,CHIROPTERA,HIPPOSIDERIDAE,Hipposideros,Hipposideros megalotis,"(Heuglin, 1862)",NA,NA,NA,LC,Ethiopian Large-eared Roundleaf Bat
1302,10151,ANIMALIA,CHORDATA,MAMMALIA,CHIROPTERA,HIPPOSIDERIDAE,Hipposideros,Hipposideros muscinus,"(Thomas &amp; Doria, 1886)",NA,NA,NA,LC,Fly River Leaf-nosed Bat
1303,10152,ANIMALIA,CHORDATA,MAMMALIA,CHIROPTERA,HIPPOSIDERIDAE,Hipposideros,Hipposideros nequam,"K. Andersen, 1918",NA,NA,NA,DD,Malayan Leaf-nosed Bat
1304,10153,ANIMALIA,CHORDATA,MAMMALIA,CHIROPTERA,HIPPOSIDERIDAE,Hipposideros,Hipposideros obscurus,"(Peters, 1861)",NA,NA,NA,LC,Philippine Forest Leaf-nosed Bat
1305,10155,ANIMALIA,CHORDATA,MAMMALIA,CHIROPTERA,HIPPOSIDERIDAE,Hipposideros,Hipposideros pratti,"Thomas, 1891",NA,NA,NA,LC,Pratt's Leaf-nosed Bat
1306,10156,ANIMALIA,CHORDATA,MAMMALIA,CHIROPTERA,HIPPOSIDERIDAE,Hipposideros,Hipposideros pygmaeus,"(Waterhouse, 1843)",NA,NA,NA,LC,Philippine Pygmy Leaf-nosed Bat
1307,10157,ANIMALIA,CHORDATA,MAMMALIA,CHIROPTERA,HIPPOSIDERIDAE,Hipposideros,Hipposideros ruber,"(Noack, 1893)",NA,NA,NA,LC,Noack's Roundleaf Bat
1308,10160,ANIMALIA,CHORDATA,MAMMALIA,CHIROPTERA,HIPPOSIDERIDAE,Hipposideros,Hipposideros semoni,"Matschie, 1903",NA,NA,NA,LC,Semon's Leaf-nosed Bat
1309,10161,ANIMALIA,CHORDATA,MAMMALIA,CHIROPTERA,HIPPOSIDERIDAE,Hipposideros,Hipposideros sorenseni,"Kitchener &amp; Maryanto, 1993",NA,NA,NA,EN,Sorensen's Leaf-nosed Bat
1310,10162,ANIMALIA,CHORDATA,MAMMALIA,CHIROPTERA,HIPPOSIDERIDAE,Hipposideros,Hipposideros speoris,"(Schneider, 1800)",NA,NA,NA,LC,Schneider’s Leaf-nosed Bat
1311,10163,ANIMALIA,CHORDATA,MAMMALIA,CHIROPTERA,HIPPOSIDERIDAE,Hipposideros,Hipposideros stenotis,"Thomas, 1913",NA,NA,NA,VU,Northern Leaf-nosed Bat
1312,10164,ANIMALIA,CHORDATA,MAMMALIA,CHIROPTERA,HIPPOSIDERIDAE,Hipposideros,Hipposideros sumbae,"Oei, 1960",NA,NA,NA,LC,Sumban Leaf-nosed Bat
1313,10166,ANIMALIA,CHORDATA,MAMMALIA,CHIROPTERA,HIPPOSIDERIDAE,Hipposideros,Hipposideros wollastoni,"Thomas, 1913",NA,NA,NA,LC,Wollaston's Leaf-nosed Bat
1314,10167,ANIMALIA,CHORDATA,MAMMALIA,ARTIODACTYLA,BOVIDAE,Hippotragus,Hippotragus equinus,"(É. Geoffroy Saint-Hilaire, 1803)",NA,NA,NA,LC,Roan Antelope
1315,10168,ANIMALIA,CHORDATA,MAMMALIA,ARTIODACTYLA,BOVIDAE,Hippotragus,Hippotragus leucophaeus,"(Pallas, 1766)",NA,NA,NA,EX,Bluebuck
1316,10170,ANIMALIA,CHORDATA,MAMMALIA,ARTIODACTYLA,BOVIDAE,Hippotragus,Hippotragus niger,"(Harris, 1838)",NA,NA,NA,LC,Sable Antelope
1317,10200,ANIMALIA,CHORDATA,MAMMALIA,CHIROPTERA,VESPERTILIONIDAE,Histiotus,Histiotus alienus,"Thomas, 1916",NA,NA,NA,DD,Strange Big-eared Brown Bat
1318,10201,ANIMALIA,CHORDATA,MAMMALIA,CHIROPTERA,VESPERTILIONIDAE,Histiotus,Histiotus macrotus,"(Poeppig, 1835)",NA,NA,NA,LC,Big-eared Brown Bat
1319,10202,ANIMALIA,CHORDATA,MAMMALIA,CHIROPTERA,VESPERTILIONIDAE,Histiotus,Histiotus montanus,"(Philippi &amp; Landbeck, 1861)",NA,NA,NA,LC,Small Big-eared Brown Bat
1320,10203,ANIMALIA,CHORDATA,MAMMALIA,CHIROPTERA,VESPERTILIONIDAE,Histiotus,Histiotus velatus,"(I. Geoffroy, 1824)",NA,NA,NA,DD,Tropical Big-eared Brown Bat
1321,10211,ANIMALIA,CHORDATA,MAMMALIA,RODENTIA,CRICETIDAE,Hodomys,Hodomys alleni,"(Merriam, 1892)",NA,NA,NA,LC,Allen's Wood Rat
1322,10217,ANIMALIA,CHORDATA,MAMMALIA,RODENTIA,CRICETIDAE,Holochilus,Holochilus brasiliensis,"(Desmarest, 1819)",NA,NA,NA,LC,Web-footed Marsh Rat
1323,10218,ANIMALIA,CHORDATA,MAMMALIA,RODENTIA,CRICETIDAE,Holochilus,Holochilus chacarius,"Thomas, 1906",NA,NA,NA,LC,Chaco Marsh Rat
1324,10219,ANIMALIA,CHORDATA,MAMMALIA,RODENTIA,CRICETIDAE,Lundomys,Lundomys molitor,"(Winge, 1887)",NA,NA,NA,LC,Lund’s Amphibious Rat
1325,10220,ANIMALIA,CHORDATA,MAMMALIA,RODENTIA,CRICETIDAE,Holochilus,Holochilus sciureus,"Wagner, 1842",NA,NA,NA,LC,Marsh Rat
1326,10259,ANIMALIA,CHORDATA,MAMMALIA,RODENTIA,ECHIMYIDAE,Hoplomys,Hoplomys gymnurus,"(Thomas, 1897)",NA,NA,NA,LC,Armored Rat
1327,10274,ANIMALIA,CHORDATA,MAMMALIA,CARNIVORA,HYAENIDAE,Hyaena,Hyaena hyaena,"(Linnaeus, 1758)",NA,NA,NA,NT,Striped Hyaena
1328,10276,ANIMALIA,CHORDATA,MAMMALIA,CARNIVORA,HYAENIDAE,Parahyaena,Parahyaena brunnea,"(Thunberg, 1820)",NA,NA,NA,NT,Brown Hyaena
1329,10278,ANIMALIA,CHORDATA,MAMMALIA,RODENTIA,MURIDAE,Hybomys,Hybomys basilii,"Eisentraut, 1965",NA,NA,NA,EN,Father Basilio's Striped Mouse
1330,10280,ANIMALIA,CHORDATA,MAMMALIA,RODENTIA,MURIDAE,Hybomys,Hybomys lunaris,"(Thomas, 1906)",NA,NA,NA,VU,Moon Striped Mouse
1331,10281,ANIMALIA,CHORDATA,MAMMALIA,RODENTIA,MURIDAE,Hybomys,Hybomys planifrons,"(Miller, 1900)",NA,NA,NA,LC,Liberian Forest Hybomys
1332,10282,ANIMALIA,CHORDATA,MAMMALIA,RODENTIA,MURIDAE,Hybomys,Hybomys trivirgatus,"(Temminck, 1853)",NA,NA,NA,LC,Temminck's Striped Mouse
1333,10283,ANIMALIA,CHORDATA,MAMMALIA,RODENTIA,MURIDAE,Hybomys,Hybomys univittatus,"(Peters, 1876)",NA,NA,NA,LC,Peters' Striped Mouse
1334,10300,ANIMALIA,CHORDATA,MAMMALIA,RODENTIA,CAVIIDAE,Hydrochoerus,Hydrochoerus hydrochaeris,"(Linnaeus, 1766)",NA,NA,NA,LC,Capybara
1335,10303,ANIMALIA,CHORDATA,MAMMALIA,SIRENIA,DUGONGIDAE,Hydrodamalis,Hydrodamalis gigas,"(Zimmermann, 1780)",NA,NA,NA,EX,Steller's Sea Cow
1336,10310,ANIMALIA,CHORDATA,MAMMALIA,RODENTIA,MURIDAE,Hydromys,Hydromys chrysogaster,"É. Geoffroy Saint-Hilaire, 1804",NA,NA,NA,LC,Common Water Rat
1337,10311,ANIMALIA,CHORDATA,MAMMALIA,RODENTIA,MURIDAE,Baiyankamys,Baiyankamys habbema,"(Tate &amp; Archbold, 1941)",NA,NA,NA,DD,Mountain Water Rat
1338,10312,ANIMALIA,CHORDATA,MAMMALIA,RODENTIA,MURIDAE,Hydromys,Hydromys hussoni,"Musser &amp; Piik, 1982",NA,NA,NA,DD,Western Water Rat
1339,10313,ANIMALIA,CHORDATA,MAMMALIA,RODENTIA,MURIDAE,Hydromys,Hydromys neobritannicus,"Tate &amp; Archbold, 1935",NA,NA,NA,DD,New Britain Water Rat
1340,10314,ANIMALIA,CHORDATA,MAMMALIA,RODENTIA,MURIDAE,Baiyankamys,Baiyankamys shawmayeri,"Hinton, 1943",NA,NA,NA,LC,Shaw Mayer's Water Rat
1341,10329,ANIMALIA,CHORDATA,MAMMALIA,ARTIODACTYLA,CERVIDAE,Hydropotes,Hydropotes inermis,"Swinhoe, 1870",NA,NA,NA,VU,Water Deer
1342,10340,ANIMALIA,CHORDATA,MAMMALIA,CARNIVORA,PHOCIDAE,Hydrurga,Hydrurga leptonyx,"(de Blainville, 1820)",NA,NA,NA,LC,Leopard Seal
1343,10341,ANIMALIA,CHORDATA,MAMMALIA,ARTIODACTYLA,TRAGULIDAE,Hyemoschus,Hyemoschus aquaticus,"(Ogilby, 1841)",NA,NA,NA,LC,Water Chevrotain
1344,10543,ANIMALIA,CHORDATA,MAMMALIA,PRIMATES,HYLOBATIDAE,Hylobates,Hylobates agilis,"F. Cuvier, 1821",NA,NA,NA,EN,Agile Gibbon
1345,10547,ANIMALIA,CHORDATA,MAMMALIA,PRIMATES,HYLOBATIDAE,Hylobates,Hylobates klossii,"(G.S. Miller, 1903)",NA,NA,NA,EN,Kloss’s Gibbon
1346,10548,ANIMALIA,CHORDATA,MAMMALIA,PRIMATES,HYLOBATIDAE,Hylobates,Hylobates lar,"(Linneaus, 1771)",NA,NA,NA,EN,Lar Gibbon
1347,10550,ANIMALIA,CHORDATA,MAMMALIA,PRIMATES,HYLOBATIDAE,Hylobates,Hylobates moloch,"(Audebert, 1798)",NA,NA,NA,EN,Silvery Gibbon
1348,10552,ANIMALIA,CHORDATA,MAMMALIA,PRIMATES,HYLOBATIDAE,Hylobates,Hylobates pileatus,"Gray, 1861",NA,NA,NA,EN,Pileated Gibbon
1349,10588,ANIMALIA,CHORDATA,MAMMALIA,EULIPOTYPHLA,ERINACEIDAE,Neohylomys,Neohylomys hainanensis,"Shaw &amp; Wong, 1959",NA,NA,NA,EN,Hainan Gymnure
1350,10589,ANIMALIA,CHORDATA,MAMMALIA,EULIPOTYPHLA,ERINACEIDAE,Hylomys,Hylomys parvus,"Robinson &amp; Kloss, 1916",NA,NA,NA,VU,Dwarf Gymnure
1351,10590,ANIMALIA,CHORDATA,MAMMALIA,EULIPOTYPHLA,ERINACEIDAE,Neotetracus,Neotetracus sinensis,"Trouessart, 1909",NA,NA,NA,LC,Shrew Gymnure
1352,10591,ANIMALIA,CHORDATA,MAMMALIA,RODENTIA,MURIDAE,Hylomyscus,Hylomyscus baeri,"Heim de Balsac &amp; Aellen, 1965",NA,NA,NA,EN,Baer's Wood Mouse
1353,10592,ANIMALIA,CHORDATA,MAMMALIA,RODENTIA,MURIDAE,Hylomyscus,Hylomyscus parvus,"Brosset, DuBost &amp; Heim de Balsac, 1965",NA,NA,NA,LC,Little Wood Mouse
1354,10593,ANIMALIA,CHORDATA,MAMMALIA,RODENTIA,MURIDAE,Hylomyscus,Hylomyscus aeta,"(Thomas, 1911)",NA,NA,NA,LC,Beaded Wood Mouse
1355,10594,ANIMALIA,CHORDATA,MAMMALIA,RODENTIA,MURIDAE,Hylomyscus,Hylomyscus alleni,"(Waterhouse, 1838)",NA,NA,NA,LC,Allen's Wood Mouse
1356,10595,ANIMALIA,CHORDATA,MAMMALIA,RODENTIA,MURIDAE,Hylomyscus,Hylomyscus carillus,"(Thomas, 1904)",NA,NA,NA,LC,Angolan Hylomyscus
1357,10598,ANIMALIA,CHORDATA,MAMMALIA,CHIROPTERA,PHYLLOSTOMIDAE,Hylonycteris,Hylonycteris underwoodi,"Thomas, 1903",NA,NA,NA,LC,Underwood's Long-tongued Bat
1358,10600,ANIMALIA,CHORDATA,MAMMALIA,RODENTIA,SCIURIDAE,Hylopetes,Hylopetes alboniger,"(Hodgson, 1836)",NA,NA,NA,LC,Particolored Flying Squirrel
1359,10602,ANIMALIA,CHORDATA,MAMMALIA,RODENTIA,SCIURIDAE,Hylopetes,Hylopetes bartelsi,"(Chasen, 1939)",NA,NA,NA,DD,Bartels's Flying Squirrel
1360,10604,ANIMALIA,CHORDATA,MAMMALIA,RODENTIA,SCIURIDAE,Hylopetes,Hylopetes nigripes,"(Thomas, 1893)",NA,NA,NA,NT,Palawan Flying Squirrel
1361,10605,ANIMALIA,CHORDATA,MAMMALIA,RODENTIA,SCIURIDAE,Hylopetes,Hylopetes phayrei,"(Blyth, 1859)",NA,NA,NA,LC,Indochinese Flying Squirrel
1362,10606,ANIMALIA,CHORDATA,MAMMALIA,RODENTIA,SCIURIDAE,Hylopetes,Hylopetes sipora,"Chasen, 1940",NA,NA,NA,EN,Sipora Flying Squirrel
1363,10607,ANIMALIA,CHORDATA,MAMMALIA,RODENTIA,SCIURIDAE,Hylopetes,Hylopetes spadiceus,"(Blyth, 1847)",NA,NA,NA,LC,Red-cheeked Flying Squirrel
1364,10608,ANIMALIA,CHORDATA,MAMMALIA,RODENTIA,SCIURIDAE,Hylopetes,Hylopetes winstoni,"(Sody, 1949)",NA,NA,NA,DD,Sumatran Flying Squirrel
1365,10632,ANIMALIA,CHORDATA,MAMMALIA,RODENTIA,MURIDAE,Hyomys,Hyomys dammermani,"Stein, 1933",NA,NA,NA,DD,Western White-eared Giant Rat
1366,10633,ANIMALIA,CHORDATA,MAMMALIA,RODENTIA,MURIDAE,Hyomys,Hyomys goliath,"(Milne-Edwards, 1900)",NA,NA,NA,LC,Eastern White-eared Giant Rat
1367,10635,ANIMALIA,CHORDATA,MAMMALIA,RODENTIA,SCIURIDAE,Hyosciurus,Hyosciurus heinrichi,"Archbold &amp; Tate, 1935",NA,NA,NA,LC,Montane Long-nosed Squirrel
1368,10636,ANIMALIA,CHORDATA,MAMMALIA,RODENTIA,SCIURIDAE,Hyosciurus,Hyosciurus ileile,"Tate &amp; Archbold, 1936",NA,NA,NA,VU,Lowland Long-nosed Squirrel
1369,10642,ANIMALIA,CHORDATA,MAMMALIA,RODENTIA,CRICETIDAE,Hyperacrius,Hyperacrius fertilis,"(True, 1894)",NA,NA,NA,NT,Burrowing Vole
1370,10643,ANIMALIA,CHORDATA,MAMMALIA,RODENTIA,CRICETIDAE,Hyperacrius,Hyperacrius wynnei,"(Blanford, 1881)",NA,NA,NA,LC,Murree Vole
1371,10707,ANIMALIA,CHORDATA,MAMMALIA,ARTIODACTYLA,ZIPHIIDAE,Hyperoodon,Hyperoodon ampullatus,"(Forster, 1770)",NA,NA,NA,NT,Northern Bottlenose Whale
1372,10708,ANIMALIA,CHORDATA,MAMMALIA,ARTIODACTYLA,ZIPHIIDAE,Hyperoodon,Hyperoodon planifrons,"Flower, 1882",NA,NA,NA,LC,Southern Bottlenose Whale
1373,10714,ANIMALIA,CHORDATA,MAMMALIA,RODENTIA,NESOMYIDAE,Hypogeomys,Hypogeomys antimena,"A. Grandidier, 1869",NA,NA,NA,CR,Malagasy Giant Jumping Rat
1374,10734,ANIMALIA,CHORDATA,MAMMALIA,CHIROPTERA,PTEROPODIDAE,Hypsignathus,Hypsignathus monstrosus,"H. Allen, 1861",NA,NA,NA,LC,Hammer-headed Fruit Bat
1375,10746,ANIMALIA,CHORDATA,MAMMALIA,RODENTIA,HYSTRICIDAE,Hystrix,Hystrix cristata,"Linnaeus, 1758",NA,NA,NA,LC,Crested Porcupine
1376,10748,ANIMALIA,CHORDATA,MAMMALIA,RODENTIA,HYSTRICIDAE,Hystrix,Hystrix africaeaustralis,"Peters, 1852",NA,NA,NA,LC,Cape Porcupine
1377,10749,ANIMALIA,CHORDATA,MAMMALIA,RODENTIA,HYSTRICIDAE,Hystrix,Hystrix brachyura,"Linnaeus, 1758",NA,NA,NA,LC,Malayan Porcupine
1378,10750,ANIMALIA,CHORDATA,MAMMALIA,RODENTIA,HYSTRICIDAE,Hystrix,Hystrix crassispinis,"(Günther, 1877)",NA,NA,NA,LC,Thick-spined Porcupine
1379,10751,ANIMALIA,CHORDATA,MAMMALIA,RODENTIA,HYSTRICIDAE,Hystrix,Hystrix indica,"Kerr, 1792",NA,NA,NA,LC,Indian Crested Porcupine
1380,10752,ANIMALIA,CHORDATA,MAMMALIA,RODENTIA,HYSTRICIDAE,Hystrix,Hystrix javanica,"(F. Cuvier, 1823)",NA,NA,NA,LC,Sunda Porcupine
1381,10753,ANIMALIA,CHORDATA,MAMMALIA,RODENTIA,HYSTRICIDAE,Hystrix,Hystrix pumila,"(Günther, 1879)",NA,NA,NA,VU,Phillipine Porcupine
1382,10754,ANIMALIA,CHORDATA,MAMMALIA,RODENTIA,HYSTRICIDAE,Hystrix,Hystrix sumatrae,"(Lyon, 1907)",NA,NA,NA,LC,Sumatran Porcupine
1383,10755,ANIMALIA,CHORDATA,MAMMALIA,CHIROPTERA,VESPERTILIONIDAE,Ia,Ia io,"Thomas, 1902",NA,NA,NA,NT,Great Evening Bat
1384,10761,ANIMALIA,CHORDATA,MAMMALIA,RODENTIA,CRICETIDAE,Ichthyomys,Ichthyomys hydrobates,"(Winge, 1891)",NA,NA,NA,LC,Crab-eating Rat
1385,10762,ANIMALIA,CHORDATA,MAMMALIA,RODENTIA,CRICETIDAE,Ichthyomys,Ichthyomys pittieri,"Handley &amp; Mondolfi, 1963",NA,NA,NA,NT,Pittier's Crab-eating Rat
1386,10763,ANIMALIA,CHORDATA,MAMMALIA,RODENTIA,CRICETIDAE,Ichthyomys,Ichthyomys stolzmanni,"Thomas, 1893",NA,NA,NA,DD,Stolzmann's Crab-eating Rat
1387,10764,ANIMALIA,CHORDATA,MAMMALIA,RODENTIA,CRICETIDAE,Ichthyomys,Ichthyomys tweedii,"Anthony, 1921",NA,NA,NA,DD,Tweedy's Crab-eating Rat
1388,10790,ANIMALIA,CHORDATA,MAMMALIA,CHIROPTERA,VESPERTILIONIDAE,Idionycteris,Idionycteris phyllotis,"(G.M. Allen, 1916)",NA,NA,NA,LC,Allen's Big-eared Bat
1389,10794,ANIMALIA,CHORDATA,MAMMALIA,RODENTIA,ANOMALURIDAE,Idiurus,Idiurus macrotis,"Miller, 1898",NA,NA,NA,LC,Long-eared Scaly-tailed Flying Squirrel
1390,10796,ANIMALIA,CHORDATA,MAMMALIA,RODENTIA,ANOMALURIDAE,Idiurus,Idiurus zenkeri,"Matschie, 1894",NA,NA,NA,LC,Pygmy Scaly-tailed Flying Squirrel
1391,10826,ANIMALIA,CHORDATA,MAMMALIA,PRIMATES,INDRIIDAE,Indri,Indri indri,"(Gmelin, 1788)",NA,NA,NA,CR,Indri
1392,10831,ANIMALIA,CHORDATA,MAMMALIA,ARTIODACTYLA,INIIDAE,Inia,Inia geoffrensis,"(Blainville, 1817)",NA,NA,NA,EN,Amazon River Dolphin
1393,10845,ANIMALIA,CHORDATA,MAMMALIA,RODENTIA,SCIURIDAE,Iomys,Iomys horsfieldii,"(Waterhouse, 1838)",NA,NA,NA,LC,Javanese Flying Squirrel
1394,10846,ANIMALIA,CHORDATA,MAMMALIA,RODENTIA,SCIURIDAE,Iomys,Iomys sipora,"Chasen &amp; Kloss, 1928",NA,NA,NA,EN,Mentawi Flying Squirrel
1395,10851,ANIMALIA,CHORDATA,MAMMALIA,RODENTIA,CRICETIDAE,Irenomys,Irenomys tarsalis,"(Philippi, 1900)",NA,NA,NA,LC,Chilean Climbing Mouse
1396,10859,ANIMALIA,CHORDATA,MAMMALIA,RODENTIA,CAPROMYIDAE,Isolobodon,Isolobodon montanus,"(Miller, 1922)",NA,NA,NA,EX,Montane Hutia
1397,10860,ANIMALIA,CHORDATA,MAMMALIA,RODENTIA,CAPROMYIDAE,Isolobodon,Isolobodon portoricensis,"Allen, 1916",NA,NA,NA,EX,Puerto Rican Hutia
1398,10863,ANIMALIA,CHORDATA,MAMMALIA,PERAMELEMORPHIA,PERAMELIDAE,Isoodon,Isoodon auratus,"(Ramsay, 1887)",NA,NA,NA,VU,Golden Bandicoot
1399,10879,ANIMALIA,CHORDATA,MAMMALIA,RODENTIA,ECHIMYIDAE,Isothrix,Isothrix pagurus,"Wagner, 1845",NA,NA,NA,LC,Plain Brush-tailed Rat
1400,10886,ANIMALIA,CHORDATA,MAMMALIA,RODENTIA,CRICETIDAE,Isthmomys,Isthmomys flavidus,"(Bangs, 1902)",NA,NA,NA,NT,Yellow Isthmus Rat
1401,10887,ANIMALIA,CHORDATA,MAMMALIA,RODENTIA,CRICETIDAE,Isthmomys,Isthmomys pirrensis,"(Goldman, 1912)",NA,NA,NA,LC,Mt. Pirri Isthmus Rat
1402,10911,ANIMALIA,CHORDATA,MAMMALIA,RODENTIA,DIPODIDAE,Jaculus,Jaculus blanfordi,"(Murray, 1884)",NA,NA,NA,LC,Blanford’s Jerboa
1403,10912,ANIMALIA,CHORDATA,MAMMALIA,RODENTIA,DIPODIDAE,Jaculus,Jaculus jaculus,"(Linnaeus, 1758)",NA,NA,NA,LC,Lesser Egyptian Jerboa
1404,10913,ANIMALIA,CHORDATA,MAMMALIA,RODENTIA,DIPODIDAE,Jaculus,Jaculus orientalis,"Erxleben, 1777",NA,NA,NA,LC,Greater Egyptian Jerboa
1405,10946,ANIMALIA,CHORDATA,MAMMALIA,RODENTIA,CRICETIDAE,Juscelinomys,Juscelinomys candango,"Moojen, 1965",NA,NA,NA,EX,Candango Mouse
1406,10954,ANIMALIA,CHORDATA,MAMMALIA,RODENTIA,MURIDAE,Kadarsanomys,Kadarsanomys sodyi,"(Bartels, 1937)",NA,NA,NA,EN,Javan Bamboo Rat
1407,10957,ANIMALIA,CHORDATA,MAMMALIA,RODENTIA,ECHIMYIDAE,Kannabateomys,Kannabateomys amblyonyx,"(Wagner, 1845)",NA,NA,NA,LC,Atlantic Bamboo Rat
1408,10966,ANIMALIA,CHORDATA,MAMMALIA,CHIROPTERA,VESPERTILIONIDAE,Kerivoula,Kerivoula africana,"Dobson, 1878",NA,NA,NA,EN,Tanzanian Woolly Bat
1409,10967,ANIMALIA,CHORDATA,MAMMALIA,CHIROPTERA,VESPERTILIONIDAE,Phoniscus,Phoniscus aerosus,"(Tomes, 1858)",NA,NA,NA,DD,Dubious Trumpet-eared Bat
1410,10968,ANIMALIA,CHORDATA,MAMMALIA,CHIROPTERA,VESPERTILIONIDAE,Kerivoula,Kerivoula agnella,"Thomas, 1908",NA,NA,NA,EN,Louisiade Woolly Bat
1411,10969,ANIMALIA,CHORDATA,MAMMALIA,CHIROPTERA,VESPERTILIONIDAE,Kerivoula,Kerivoula argentata,"Tomes, 1861",NA,NA,NA,LC,Silvered Woolly Bat
1412,10970,ANIMALIA,CHORDATA,MAMMALIA,CHIROPTERA,VESPERTILIONIDAE,Phoniscus,Phoniscus atrox,"Miller, 1905",NA,NA,NA,NT,Groove-toothed Trumpet-eared Bat
1413,10971,ANIMALIA,CHORDATA,MAMMALIA,CHIROPTERA,VESPERTILIONIDAE,Kerivoula,Kerivoula cuprosa,"Thomas, 1912",NA,NA,NA,DD,Copper Woolly Bat
1414,10972,ANIMALIA,CHORDATA,MAMMALIA,CHIROPTERA,VESPERTILIONIDAE,Kerivoula,Kerivoula eriophora,"(Heuglin, 1877)",NA,NA,NA,DD,Ethiopian Woolly Bat
1415,10973,ANIMALIA,CHORDATA,MAMMALIA,CHIROPTERA,VESPERTILIONIDAE,Kerivoula,Kerivoula flora,"Thomas, 1914",NA,NA,NA,VU,Flores Woolly Bat
1416,10975,ANIMALIA,CHORDATA,MAMMALIA,CHIROPTERA,VESPERTILIONIDAE,Kerivoula,Kerivoula intermedia,"Hill &amp; Francis, 1984",NA,NA,NA,NT,Small Woolly Bat
1417,10976,ANIMALIA,CHORDATA,MAMMALIA,CHIROPTERA,VESPERTILIONIDAE,Phoniscus,Phoniscus jagorii,"(Peters, 1866)",NA,NA,NA,LC,Peters's Trumpet-eared Bat
1418,10977,ANIMALIA,CHORDATA,MAMMALIA,CHIROPTERA,VESPERTILIONIDAE,Kerivoula,Kerivoula lanosa,"(A. Smith, 1847)",NA,NA,NA,LC,Lesser Woolly Bat
1419,10978,ANIMALIA,CHORDATA,MAMMALIA,CHIROPTERA,VESPERTILIONIDAE,Kerivoula,Kerivoula minuta,"Miller, 1898",NA,NA,NA,NT,Least Woolly Bat
1420,10979,ANIMALIA,CHORDATA,MAMMALIA,CHIROPTERA,VESPERTILIONIDAE,Kerivoula,Kerivoula muscina,"Tate, 1941",NA,NA,NA,LC,Fly River Woolly Bat
1421,10980,ANIMALIA,CHORDATA,MAMMALIA,CHIROPTERA,VESPERTILIONIDAE,Kerivoula,Kerivoula myrella,"Thomas, 1914",NA,NA,NA,VU,Manus Island Woolly Bat
1422,10981,ANIMALIA,CHORDATA,MAMMALIA,CHIROPTERA,VESPERTILIONIDAE,Kerivoula,Kerivoula papillosa,"(Temminck, 1840)",NA,NA,NA,LC,Papillose Woolly Bat
1423,10982,ANIMALIA,CHORDATA,MAMMALIA,CHIROPTERA,VESPERTILIONIDAE,Phoniscus,Phoniscus papuensis,"(Dobson, 1878)",NA,NA,NA,VU,Golden-tipped Bat
1424,10983,ANIMALIA,CHORDATA,MAMMALIA,CHIROPTERA,VESPERTILIONIDAE,Kerivoula,Kerivoula pellucida,"(Waterhouse, 1845)",NA,NA,NA,NT,Clear-winged Woolly Bat
1425,10984,ANIMALIA,CHORDATA,MAMMALIA,CHIROPTERA,VESPERTILIONIDAE,Kerivoula,Kerivoula phalaena,"Thomas, 1912",NA,NA,NA,LC,Spurrell's Woolly Bat
1426,10985,ANIMALIA,CHORDATA,MAMMALIA,CHIROPTERA,VESPERTILIONIDAE,Kerivoula,Kerivoula picta,"(Pallas, 1767)",NA,NA,NA,NT,Painted Woolly Bat
1427,10986,ANIMALIA,CHORDATA,MAMMALIA,CHIROPTERA,VESPERTILIONIDAE,Kerivoula,Kerivoula smithii,"Thomas, 1880",NA,NA,NA,LC,Smith's Woolly Bat
1428,10987,ANIMALIA,CHORDATA,MAMMALIA,CHIROPTERA,VESPERTILIONIDAE,Kerivoula,Kerivoula whiteheadi,"Thomas, 1894",NA,NA,NA,LC,Whitehead's Woolly Bat
1429,10988,ANIMALIA,CHORDATA,MAMMALIA,RODENTIA,CAVIIDAE,Kerodon,Kerodon rupestris,"F. Cuvier, 1825",NA,NA,NA,LC,Rock Cavy
1430,11033,ANIMALIA,CHORDATA,MAMMALIA,ARTIODACTYLA,BOVIDAE,Kobus,Kobus leche,"Gray, 1850",NA,NA,NA,NT,Southern Lechwe
1431,11034,ANIMALIA,CHORDATA,MAMMALIA,ARTIODACTYLA,BOVIDAE,Kobus,Kobus megaceros,"(Fitzinger, 1855)",NA,NA,NA,EN,Nile Lechwe
1432,11035,ANIMALIA,CHORDATA,MAMMALIA,ARTIODACTYLA,BOVIDAE,Kobus,Kobus ellipsiprymnus,"(Ogilbyi, 1833)",NA,NA,NA,LC,Waterbuck
1433,11036,ANIMALIA,CHORDATA,MAMMALIA,ARTIODACTYLA,BOVIDAE,Kobus,Kobus kob,"(Erxleben, 1777)",NA,NA,NA,LC,Kob
1434,11037,ANIMALIA,CHORDATA,MAMMALIA,ARTIODACTYLA,BOVIDAE,Kobus,Kobus vardonii,"(Livingstone, 1857)",NA,NA,NA,NT,Puku
1435,11047,ANIMALIA,CHORDATA,MAMMALIA,ARTIODACTYLA,KOGIIDAE,Kogia,Kogia breviceps,"(Blainville, 1838)",NA,NA,NA,LC,Pygmy Sperm Whale
1436,11048,ANIMALIA,CHORDATA,MAMMALIA,ARTIODACTYLA,KOGIIDAE,Kogia,Kogia sima,"(Owen, 1866)",NA,NA,NA,LC,Dwarf Sperm Whale
1437,11050,ANIMALIA,CHORDATA,MAMMALIA,RODENTIA,MURIDAE,Komodomys,Komodomys rintjanus,"(Sody, 1941)",NA,NA,NA,VU,Nusa Tenggara Komodomys
1438,11061,ANIMALIA,CHORDATA,MAMMALIA,RODENTIA,CRICETIDAE,Kunsia,Kunsia tomentosus,"(Lichtenstein, 1830)",NA,NA,NA,LC,Woolly Giant Rat
1439,11062,ANIMALIA,CHORDATA,MAMMALIA,RODENTIA,CRICETIDAE,Gyldenstolpia,Gyldenstolpia fronto,"Winge, 1887",NA,NA,NA,CR,Fossorial Giant Rat
1440,11135,ANIMALIA,CHORDATA,MAMMALIA,CHIROPTERA,VESPERTILIONIDAE,Laephotis,Laephotis angolensis,"Monard, 1935",NA,NA,NA,DD,Angolan Long-eared Bat
1441,11136,ANIMALIA,CHORDATA,MAMMALIA,CHIROPTERA,VESPERTILIONIDAE,Laephotis,Laephotis botswanae,"Setzer, 1971",NA,NA,NA,LC,Botswanan Long-eared Bat
1442,11137,ANIMALIA,CHORDATA,MAMMALIA,CHIROPTERA,VESPERTILIONIDAE,Laephotis,Laephotis namibensis,"Setzer, 1971",NA,NA,NA,LC,Namibian Long-eared Bat
1443,11138,ANIMALIA,CHORDATA,MAMMALIA,CHIROPTERA,VESPERTILIONIDAE,Laephotis,Laephotis wintoni,"Thomas, 1901",NA,NA,NA,LC,De Winton's Long-eared Bat
1444,11140,ANIMALIA,CHORDATA,MAMMALIA,ARTIODACTYLA,DELPHINIDAE,Lagenodelphis,Lagenodelphis hosei,"Fraser, 1956",NA,NA,NA,LC,Fraser's Dolphin
1445,11141,ANIMALIA,CHORDATA,MAMMALIA,ARTIODACTYLA,DELPHINIDAE,Lagenorhynchus,Lagenorhynchus acutus,"(Gray, 1828)",NA,NA,NA,LC,Atlantic White-sided Dolphin
1446,11142,ANIMALIA,CHORDATA,MAMMALIA,ARTIODACTYLA,DELPHINIDAE,Lagenorhynchus,Lagenorhynchus albirostris,"(Gray, 1846)",NA,NA,NA,LC,White-beaked Dolphin
1447,11143,ANIMALIA,CHORDATA,MAMMALIA,ARTIODACTYLA,DELPHINIDAE,Lagenorhynchus,Lagenorhynchus australis,"(Peale, 1848)",NA,NA,NA,LC,Peale's Dolphin
1448,11144,ANIMALIA,CHORDATA,MAMMALIA,ARTIODACTYLA,DELPHINIDAE,Lagenorhynchus,Lagenorhynchus cruciger,"(Quoy & Gaimard, 1824)",NA,NA,NA,LC,Hourglass Dolphin
1449,11145,ANIMALIA,CHORDATA,MAMMALIA,ARTIODACTYLA,DELPHINIDAE,Lagenorhynchus,Lagenorhynchus obliquidens,"Gill, 1865",NA,NA,NA,LC,Pacific White-sided Dolphin
1450,11146,ANIMALIA,CHORDATA,MAMMALIA,ARTIODACTYLA,DELPHINIDAE,Lagenorhynchus,Lagenorhynchus obscurus,"(Gray, 1828)",NA,NA,NA,LC,Dusky Dolphin
1451,11148,ANIMALIA,CHORDATA,MAMMALIA,RODENTIA,CHINCHILLIDAE,Lagidium,Lagidium viscacia,"(Molina, 1782)",NA,NA,NA,LC,Southern Mountain Viscacha
1452,11149,ANIMALIA,CHORDATA,MAMMALIA,RODENTIA,CHINCHILLIDAE,Lagidium,Lagidium wolffsohni,"(Thomas, 1907)",NA,NA,NA,DD,Wolffsohn's Viscacha
1453,11160,ANIMALIA,CHORDATA,MAMMALIA,DIPROTODONTIA,MACROPODIDAE,Lagorchestes,Lagorchestes asomatus,"Finlayson, 1943",NA,NA,NA,EX,Kuluwarri
1454,11161,ANIMALIA,CHORDATA,MAMMALIA,DIPROTODONTIA,MACROPODIDAE,Lagorchestes,Lagorchestes conspicillatus,"Gould, 1842",NA,NA,NA,LC,Spectacled Hare-wallaby
1455,11162,ANIMALIA,CHORDATA,MAMMALIA,DIPROTODONTIA,MACROPODIDAE,Lagorchestes,Lagorchestes hirsutus,"Gould, 1844",NA,NA,NA,VU,Rufous Hare-wallaby
1456,11163,ANIMALIA,CHORDATA,MAMMALIA,DIPROTODONTIA,MACROPODIDAE,Lagorchestes,Lagorchestes leporides,"(Gould, 1841)",NA,NA,NA,EX,Eastern Hare-wallaby
1457,11170,ANIMALIA,CHORDATA,MAMMALIA,RODENTIA,CHINCHILLIDAE,Lagostomus,Lagostomus maximus,"(Desmarest, 1817)",NA,NA,NA,LC,Plains Viscacha
1458,11171,ANIMALIA,CHORDATA,MAMMALIA,DIPROTODONTIA,MACROPODIDAE,Lagostrophus,Lagostrophus fasciatus,"(Péron &amp; Lesueur, 1807)",NA,NA,NA,VU,Banded Hare Wallaby
1459,11179,ANIMALIA,CHORDATA,MAMMALIA,RODENTIA,CRICETIDAE,Lagurus,Lagurus lagurus,"Pallas, 1773",NA,NA,NA,LC,Steppe Lemming
1460,11186,ANIMALIA,CHORDATA,MAMMALIA,ARTIODACTYLA,CAMELIDAE,Lama,Lama guanicoe,"(P.L.S. Müller, 1776)",NA,NA,NA,LC,Guanaco
1461,11202,ANIMALIA,CHORDATA,MAMMALIA,RODENTIA,MURIDAE,Lamottemys,Lamottemys okuensis,"F. Petter, 1986",NA,NA,NA,EN,Mount Oku Rat
1462,11304,ANIMALIA,CHORDATA,MAMMALIA,RODENTIA,SCIURIDAE,Lariscus,Lariscus hosei,"(Thomas, 1892)",NA,NA,NA,LC,Four-striped Ground Squirrel
1463,11305,ANIMALIA,CHORDATA,MAMMALIA,RODENTIA,SCIURIDAE,Lariscus,Lariscus insignis,"(F.Cuvier, 1821)",NA,NA,NA,LC,Three-striped Ground Squirrel
1464,11306,ANIMALIA,CHORDATA,MAMMALIA,RODENTIA,SCIURIDAE,Lariscus,Lariscus niobe,"(Thomas, 1898)",NA,NA,NA,DD,Niobe Ground Squirrel
1465,11307,ANIMALIA,CHORDATA,MAMMALIA,RODENTIA,SCIURIDAE,Lariscus,Lariscus obscurus,"(Miller, 1903)",NA,NA,NA,NT,Mentawai Three-striped Squirrel
1466,11339,ANIMALIA,CHORDATA,MAMMALIA,CHIROPTERA,VESPERTILIONIDAE,Lasionycteris,Lasionycteris noctivagans,"(La Conte, 1831)",NA,NA,NA,LC,Silver-haired Bat
1467,11340,ANIMALIA,CHORDATA,MAMMALIA,RODENTIA,CRICETIDAE,Lasiopodomys,Lasiopodomys brandtii,"(Radde, 1861)",NA,NA,NA,LC,Brandt's Vole
1468,11341,ANIMALIA,CHORDATA,MAMMALIA,RODENTIA,CRICETIDAE,Neodon,Neodon fuscus,"(Büchner, 1889)",NA,NA,NA,LC,Smoky Mountain Vole
1469,11342,ANIMALIA,CHORDATA,MAMMALIA,RODENTIA,CRICETIDAE,Lasiopodomys,Lasiopodomys mandarinus,"(Milne-Edwards, 1871)",NA,NA,NA,LC,Mandarin Vole
1470,11343,ANIMALIA,CHORDATA,MAMMALIA,DIPROTODONTIA,VOMBATIDAE,Lasiorhinus,Lasiorhinus krefftii,"(Owen, 1873)",NA,NA,NA,CR,Northern Hairy-nosed Wombat
1471,11345,ANIMALIA,CHORDATA,MAMMALIA,CHIROPTERA,VESPERTILIONIDAE,Lasiurus,Lasiurus cinereus,"(Palisot de Beauvois, 1796)",NA,NA,NA,LC,Hoary Bat
1472,11347,ANIMALIA,CHORDATA,MAMMALIA,CHIROPTERA,VESPERTILIONIDAE,Lasiurus,Lasiurus borealis,"(Müller, 1776)",NA,NA,NA,LC,Eastern Red Bat
1473,11348,ANIMALIA,CHORDATA,MAMMALIA,CHIROPTERA,VESPERTILIONIDAE,Lasiurus,Lasiurus castaneus,"Handley, 1960",NA,NA,NA,DD,Tacarcunan Bat
1474,11349,ANIMALIA,CHORDATA,MAMMALIA,CHIROPTERA,VESPERTILIONIDAE,Lasiurus,Lasiurus ebenus,"Fazzolari-Corrêa, 1994",NA,NA,NA,DD,NA
1475,11350,ANIMALIA,CHORDATA,MAMMALIA,CHIROPTERA,VESPERTILIONIDAE,Lasiurus,Lasiurus ega,"(Gervais, 1856)",NA,NA,NA,LC,Southern Yellow Bat
1476,11351,ANIMALIA,CHORDATA,MAMMALIA,CHIROPTERA,VESPERTILIONIDAE,Lasiurus,Lasiurus egregius,"(Peters, 1870)",NA,NA,NA,DD,Big Red Bat
1477,11352,ANIMALIA,CHORDATA,MAMMALIA,CHIROPTERA,VESPERTILIONIDAE,Lasiurus,Lasiurus intermedius,"H. Allen, 1862",NA,NA,NA,LC,Northern Yellow Bat
1478,11353,ANIMALIA,CHORDATA,MAMMALIA,CHIROPTERA,VESPERTILIONIDAE,Lasiurus,Lasiurus seminolus,"(Rhoads, 1895)",NA,NA,NA,LC,Seminole Bat
1479,11374,ANIMALIA,CHORDATA,MAMMALIA,CHIROPTERA,PTEROPODIDAE,Latidens,Latidens salimalii,"Thonglongya, 1972",NA,NA,NA,EN,Salim Ali's Fruit Bat
1480,11378,ANIMALIA,CHORDATA,MAMMALIA,CHIROPTERA,MEGADERMATIDAE,Lavia,Lavia frons,"(É. Geoffroy, 1810)",NA,NA,NA,LC,Yellow-winged Bat
1481,11384,ANIMALIA,CHORDATA,MAMMALIA,RODENTIA,MURIDAE,Leggadina,Leggadina lakedownensis,"Watts, 1976",NA,NA,NA,LC,Northern Short-tailed Mouse
1482,11385,ANIMALIA,CHORDATA,MAMMALIA,RODENTIA,MURIDAE,Leggadina,Leggadina forresti,"(Thomas, 1906)",NA,NA,NA,LC,Central Short-tailed Mouse
1483,11387,ANIMALIA,CHORDATA,MAMMALIA,RODENTIA,MURIDAE,Leimacomys,Leimacomys buettneri,"Matschie, 1893",NA,NA,NA,DD,Groove-toothed Forest Mouse
1484,11480,ANIMALIA,CHORDATA,MAMMALIA,RODENTIA,CRICETIDAE,Lemmus,Lemmus amurensis,"Vinogradov, 1924",NA,NA,NA,LC,Amur Lemming
1485,11481,ANIMALIA,CHORDATA,MAMMALIA,RODENTIA,CRICETIDAE,Lemmus,Lemmus lemmus,"(Linnaeus, 1758)",NA,NA,NA,LC,Norway Lemming
1486,11482,ANIMALIA,CHORDATA,MAMMALIA,RODENTIA,CRICETIDAE,Lemmus,Lemmus sibiricus,"(Kerr, 1792)",NA,NA,NA,LC,Brown Lemming
1487,11486,ANIMALIA,CHORDATA,MAMMALIA,RODENTIA,MURIDAE,Lemniscomys,Lemniscomys mittendorfi,"Eisentraut, 1968",NA,NA,NA,LC,Mittendorf's Striped Grass Mouse
1488,11487,ANIMALIA,CHORDATA,MAMMALIA,RODENTIA,MURIDAE,Lemniscomys,Lemniscomys barbarus,"(Linnaeus, 1766)",NA,NA,NA,LC,Barbary Striped Grass Mouse
1489,11488,ANIMALIA,CHORDATA,MAMMALIA,RODENTIA,MURIDAE,Lemniscomys,Lemniscomys bellieri,"Van der Straeten, 1975",NA,NA,NA,LC,Bellier's Striped Grass Mouse
1490,11489,ANIMALIA,CHORDATA,MAMMALIA,RODENTIA,MURIDAE,Lemniscomys,Lemniscomys griselda,"(Thomas, 1904)",NA,NA,NA,LC,Griselda's Striped Grass Mouse
1491,11490,ANIMALIA,CHORDATA,MAMMALIA,RODENTIA,MURIDAE,Lemniscomys,Lemniscomys hoogstraali,"Dieterlen, 1991",NA,NA,NA,DD,Hoogstraal's Striped Grass Mouse
1492,11491,ANIMALIA,CHORDATA,MAMMALIA,RODENTIA,MURIDAE,Lemniscomys,Lemniscomys linulus,"(Thomas, 1910)",NA,NA,NA,LC,Senegal One-striped Grass Mouse
1493,11492,ANIMALIA,CHORDATA,MAMMALIA,RODENTIA,MURIDAE,Lemniscomys,Lemniscomys macculus,"(Thomas &amp; Wroughton, 1910)",NA,NA,NA,LC,Buffoon Striped Grass Mouse
1494,11493,ANIMALIA,CHORDATA,MAMMALIA,RODENTIA,MURIDAE,Lemniscomys,Lemniscomys rosalia,"(Thomas, 1904)",NA,NA,NA,LC,Single-striped Grass Mouse
1495,11494,ANIMALIA,CHORDATA,MAMMALIA,RODENTIA,MURIDAE,Lemniscomys,Lemniscomys roseveari,"Van der Straeten, 1980",NA,NA,NA,DD,Rosevear's Striped Grass Mouse
1496,11495,ANIMALIA,CHORDATA,MAMMALIA,RODENTIA,MURIDAE,Lemniscomys,Lemniscomys striatus,"(Linnaeus, 1758)",NA,NA,NA,LC,Typical Striped Grass Mouse
1497,11496,ANIMALIA,CHORDATA,MAMMALIA,PRIMATES,LEMURIDAE,Lemur,Lemur catta,"Linnaeus, 1758",NA,NA,NA,EN,Ring-tailed Lemur
1498,11498,ANIMALIA,CHORDATA,MAMMALIA,RODENTIA,MURIDAE,Lenomys,Lenomys meyeri,"(Jentink, 1879)",NA,NA,NA,LC,Meyer’s Lenomys
1499,11499,ANIMALIA,CHORDATA,MAMMALIA,RODENTIA,MURIDAE,Lenothrix,Lenothrix canus,"Miller, 1903",NA,NA,NA,LC,Sundaic Lenothrix
1500,11500,ANIMALIA,CHORDATA,MAMMALIA,RODENTIA,CRICETIDAE,Lenoxus,Lenoxus apicalis,"(J.A. Allen, 1900)",NA,NA,NA,LC,Andean Rat
1501,11503,ANIMALIA,CHORDATA,MAMMALIA,PRIMATES,CALLITRICHIDAE,Leontopithecus,Leontopithecus caissara,"Lorini &amp; Persson, 1990",NA,NA,NA,EN,Black-faced Lion Tamarin
1502,11505,ANIMALIA,CHORDATA,MAMMALIA,PRIMATES,CALLITRICHIDAE,Leontopithecus,Leontopithecus chrysopygus,"(Mikan, 1823)",NA,NA,NA,EN,Black Lion Tamarin
1503,11506,ANIMALIA,CHORDATA,MAMMALIA,PRIMATES,CALLITRICHIDAE,Leontopithecus,Leontopithecus rosalia,"(Linnaeus, 1766)",NA,NA,NA,EN,Golden Lion Tamarin
1504,11509,ANIMALIA,CHORDATA,MAMMALIA,CARNIVORA,FELIDAE,Leopardus,Leopardus pardalis,"(Linnaeus, 1758)",NA,NA,NA,LC,Ocelot
1505,11511,ANIMALIA,CHORDATA,MAMMALIA,CARNIVORA,FELIDAE,Leopardus,Leopardus wiedii,"(Schinz, 1821)",NA,NA,NA,NT,Margay
1506,11518,ANIMALIA,CHORDATA,MAMMALIA,RODENTIA,MURIDAE,Leopoldamys,Leopoldamys edwardsi,"(Thomas, 1882)",NA,NA,NA,LC,Edwards's Long-tailed Giant Rat
1507,11519,ANIMALIA,CHORDATA,MAMMALIA,RODENTIA,MURIDAE,Leopoldamys,Leopoldamys neilli,"(J.T. Marshall Jr., 1976)",NA,NA,NA,LC,Neill’s Leopoldamys
1508,11520,ANIMALIA,CHORDATA,MAMMALIA,RODENTIA,MURIDAE,Leopoldamys,Leopoldamys sabanus,"(Thomas, 1887)",NA,NA,NA,LC,Long-tailed Giant Rat
1509,11521,ANIMALIA,CHORDATA,MAMMALIA,RODENTIA,MURIDAE,Leopoldamys,Leopoldamys siporanus,"(Thomas, 1895)",NA,NA,NA,VU,Mentawai Archipelago Leopoldamys
1510,11617,ANIMALIA,CHORDATA,MAMMALIA,PRIMATES,LEPILEMURIDAE,Lepilemur,Lepilemur edwardsi,"(Forbes, 1894)",NA,NA,NA,EN,Milne-Edwards's Sportive Lemur
1511,11618,ANIMALIA,CHORDATA,MAMMALIA,PRIMATES,LEPILEMURIDAE,Lepilemur,Lepilemur leucopus,"(Major, 1894)",NA,NA,NA,EN,White-footed Sportive Lemur
1512,11619,ANIMALIA,CHORDATA,MAMMALIA,PRIMATES,LEPILEMURIDAE,Lepilemur,Lepilemur microdon,"(Forsyth Major, 1894)",NA,NA,NA,EN,Small-toothed Sportive Lemur
1513,11620,ANIMALIA,CHORDATA,MAMMALIA,PRIMATES,LEPILEMURIDAE,Lepilemur,Lepilemur mustelinus,"I. Geoffroy, 1851",NA,NA,NA,VU,Weasel Sportive Lemur
1514,11621,ANIMALIA,CHORDATA,MAMMALIA,PRIMATES,LEPILEMURIDAE,Lepilemur,Lepilemur ruficaudatus,"A. Grandidier, 1867",NA,NA,NA,CR,Red-tailed Sportive Lemur
1515,11622,ANIMALIA,CHORDATA,MAMMALIA,PRIMATES,LEPILEMURIDAE,Lepilemur,Lepilemur septentrionalis,"Rumpler &amp; Albignac, 1975",NA,NA,NA,CR,Sahafary Sportive Lemur
1516,11633,ANIMALIA,CHORDATA,MAMMALIA,RODENTIA,MURIDAE,Leporillus,Leporillus apicalis,"(Gould, 1853)",NA,NA,NA,EX,Lesser Stick-nest Rat
1517,11634,ANIMALIA,CHORDATA,MAMMALIA,RODENTIA,MURIDAE,Leporillus,Leporillus conditor,"(Sturt, 1848)",NA,NA,NA,NT,Greater Stick-nest Rat
1518,11638,ANIMALIA,CHORDATA,MAMMALIA,CARNIVORA,FELIDAE,Leptailurus,Leptailurus serval,"(Schreber, 1776)",NA,NA,NA,LC,Serval
1519,11691,ANIMALIA,CHORDATA,MAMMALIA,RODENTIA,MURIDAE,Leptomys,Leptomys elegans,"Thomas, 1897",NA,NA,NA,LC,Large Leptomys
1520,11692,ANIMALIA,CHORDATA,MAMMALIA,RODENTIA,MURIDAE,Leptomys,Leptomys ernstmayri,"Rümmler, 1932",NA,NA,NA,LC,Ernst Mayr's Leptomys
1521,11693,ANIMALIA,CHORDATA,MAMMALIA,RODENTIA,MURIDAE,Leptomys,Leptomys signatus,"Tate &amp; Archbold, 1938",NA,NA,NA,LC,Fly River Leptomys
1522,11696,ANIMALIA,CHORDATA,MAMMALIA,CARNIVORA,PHOCIDAE,Leptonychotes,Leptonychotes weddellii,"(Lesson, 1826)",NA,NA,NA,LC,Weddell Seal
1523,11697,ANIMALIA,CHORDATA,MAMMALIA,CHIROPTERA,PHYLLOSTOMIDAE,Leptonycteris,Leptonycteris nivalis,"(Saussure, 1860)",NA,NA,NA,EN,Greater Long-nosed Bat
1524,11699,ANIMALIA,CHORDATA,MAMMALIA,CHIROPTERA,PHYLLOSTOMIDAE,Leptonycteris,Leptonycteris curasoae,"Miller, 1900",NA,NA,NA,VU,Curaçaoan Long-nosed Bat
1525,11790,ANIMALIA,CHORDATA,MAMMALIA,LAGOMORPHA,LEPORIDAE,Lepus,Lepus flavigularis,"Wagner, 1844",NA,NA,NA,EN,Tehuantepec Jackrabbit
1526,11791,ANIMALIA,CHORDATA,MAMMALIA,LAGOMORPHA,LEPORIDAE,Lepus,Lepus timidus,"Linnaeus, 1758",NA,NA,NA,LC,Mountain Hare
1527,11792,ANIMALIA,CHORDATA,MAMMALIA,LAGOMORPHA,LEPORIDAE,Lepus,Lepus callotis,"Wagler, 1830",NA,NA,NA,VU,White-sided Jackrabbit
1528,11793,ANIMALIA,CHORDATA,MAMMALIA,LAGOMORPHA,LEPORIDAE,Lepus,Lepus hainanus,"Swinhoe, 1870",NA,NA,NA,EN,Hainan Hare
1529,11794,ANIMALIA,CHORDATA,MAMMALIA,LAGOMORPHA,LEPORIDAE,Lepus,Lepus insularis,"W. Bryant, 1891",NA,NA,NA,VU,Black Jackrabbit
1530,11795,ANIMALIA,CHORDATA,MAMMALIA,LAGOMORPHA,LEPORIDAE,Lepus,Lepus othus,"Merriam, 1900",NA,NA,NA,LC,Alaskan Hare
1531,11796,ANIMALIA,CHORDATA,MAMMALIA,LAGOMORPHA,LEPORIDAE,Lepus,Lepus yarkandensis,"Günther, 1875",NA,NA,NA,NT,Yarkand Hare
1532,11797,ANIMALIA,CHORDATA,MAMMALIA,LAGOMORPHA,LEPORIDAE,Lepus,Lepus castroviejoi,"Palacios, 1977",NA,NA,NA,VU,Broom Hare
1533,11798,ANIMALIA,CHORDATA,MAMMALIA,LAGOMORPHA,LEPORIDAE,Lepus,Lepus fagani,"Thomas, 1903",NA,NA,NA,LC,Ethiopian Hare
1534,11856,ANIMALIA,CHORDATA,MAMMALIA,DIDELPHIMORPHIA,DIDELPHIDAE,Lestodelphys,Lestodelphys halli,"(Thomas, 1921)",NA,NA,NA,LC,Patagonian Opossum
1535,11933,ANIMALIA,CHORDATA,MAMMALIA,CARNIVORA,HERPESTIDAE,Liberiictis,Liberiictis kuhni,"Hayman, 1958",NA,NA,NA,VU,Liberian Mongoose
1536,11979,ANIMALIA,CHORDATA,MAMMALIA,AFROSORICIDA,TENRECIDAE,Limnogale,Limnogale mergulus,"Major, 1896",NA,NA,NA,VU,Web-footed Tenrec
1537,11980,ANIMALIA,CHORDATA,MAMMALIA,RODENTIA,MURIDAE,Limnomys,Limnomys sibuanus,"Mearns, 1905",NA,NA,NA,LC,White-bellied Limnomys
1538,12073,ANIMALIA,CHORDATA,MAMMALIA,RODENTIA,HETEROMYIDAE,Heteromys,Heteromys adspersus,"(Peters, 1874)",NA,NA,NA,LC,Panamanian Spiny Pocket Mouse
1539,12074,ANIMALIA,CHORDATA,MAMMALIA,RODENTIA,HETEROMYIDAE,Heteromys,Heteromys irroratus,"(Gray, 1868)",NA,NA,NA,LC,Mexican Spiny Pocket Mouse
1540,12075,ANIMALIA,CHORDATA,MAMMALIA,RODENTIA,HETEROMYIDAE,Heteromys,Heteromys pictus,"(Thomas, 1893)",NA,NA,NA,LC,Painted Spiny Pocket Mouse
1541,12076,ANIMALIA,CHORDATA,MAMMALIA,RODENTIA,HETEROMYIDAE,Heteromys,Heteromys salvini,"(Thomas, 1893)",NA,NA,NA,LC,Salvin's Spiny Pocket Mouse
1542,12077,ANIMALIA,CHORDATA,MAMMALIA,RODENTIA,HETEROMYIDAE,Heteromys,Heteromys spectabilis,"(Genoways, 1971)",NA,NA,NA,EN,Jaliscan Spiny Pocket Mouse
1543,12078,ANIMALIA,CHORDATA,MAMMALIA,CHIROPTERA,PHYLLOSTOMIDAE,Lionycteris,Lionycteris spurrelli,"Thomas, 1913",NA,NA,NA,LC,Chestnut Long-tongued Bat
1544,12119,ANIMALIA,CHORDATA,MAMMALIA,ARTIODACTYLA,LIPOTIDAE,Lipotes,Lipotes vexillifer,"Miller, 1918",NA,NA,NA,CR,Yangtze River Dolphin
1545,12125,ANIMALIA,CHORDATA,MAMMALIA,ARTIODACTYLA,DELPHINIDAE,Lissodelphis,Lissodelphis borealis,"(Peale, 1848)",NA,NA,NA,LC,Northern Right Whale Dolphin
1546,12126,ANIMALIA,CHORDATA,MAMMALIA,ARTIODACTYLA,DELPHINIDAE,Lissodelphis,Lissodelphis peronii,"(Lacépède, 1804)",NA,NA,NA,LC,Southern Right Whale Dolphin
1547,12142,ANIMALIA,CHORDATA,MAMMALIA,ARTIODACTYLA,BOVIDAE,Litocranius,Litocranius walleri,"(Brooke, 1879)",NA,NA,NA,NT,Gerenuk
1548,12246,ANIMALIA,CHORDATA,MAMMALIA,CARNIVORA,PHOCIDAE,Lobodon,Lobodon carcinophaga,"(Hombron & Jacquinot, 1842)",NA,NA,NA,LC,Crabeater Seal
1549,12263,ANIMALIA,CHORDATA,MAMMALIA,CHIROPTERA,PHYLLOSTOMIDAE,Lonchophylla,Lonchophylla bokermanni,"Sazima, Vizotto &amp; Taddei , 1978",NA,NA,NA,EN,Bokermann's Nectar Bat
1550,12264,ANIMALIA,CHORDATA,MAMMALIA,CHIROPTERA,PHYLLOSTOMIDAE,Lonchophylla,Lonchophylla dekeyseri,"Taddei, Vizotto &amp; Sazima, 1983",NA,NA,NA,EN,Dekeyser's Nectar Bat
1551,12265,ANIMALIA,CHORDATA,MAMMALIA,CHIROPTERA,PHYLLOSTOMIDAE,Lonchophylla,Lonchophylla handleyi,"Hill, 1980",NA,NA,NA,LC,Handley's Nectar Bat
1552,12266,ANIMALIA,CHORDATA,MAMMALIA,CHIROPTERA,PHYLLOSTOMIDAE,Lonchophylla,Lonchophylla hesperia,"G.M. Allen, 1908",NA,NA,NA,NT,Western Nectar Bat
1553,12267,ANIMALIA,CHORDATA,MAMMALIA,CHIROPTERA,PHYLLOSTOMIDAE,Lonchophylla,Lonchophylla mordax,"Thomas, 1903",NA,NA,NA,NT,Goldman's Nectar Bat
1554,12268,ANIMALIA,CHORDATA,MAMMALIA,CHIROPTERA,PHYLLOSTOMIDAE,Lonchophylla,Lonchophylla robusta,"Miller, 1912",NA,NA,NA,LC,Orange Nectar Bat
1555,12269,ANIMALIA,CHORDATA,MAMMALIA,CHIROPTERA,PHYLLOSTOMIDAE,Lonchophylla,Lonchophylla thomasi,"J.A. Allen, 1904",NA,NA,NA,LC,Thomas's Nectar Bat
1556,12270,ANIMALIA,CHORDATA,MAMMALIA,CHIROPTERA,PHYLLOSTOMIDAE,Lonchorhina,Lonchorhina aurita,"Tomes, 1863",NA,NA,NA,LC,Tomes's Sword-nosed Bat
1557,12271,ANIMALIA,CHORDATA,MAMMALIA,CHIROPTERA,PHYLLOSTOMIDAE,Lonchorhina,Lonchorhina fernandezi,"Ochoa &amp; Ibanez, 1982",NA,NA,NA,EN,Fernandez's Sword-nosed Bat
1558,12272,ANIMALIA,CHORDATA,MAMMALIA,CHIROPTERA,PHYLLOSTOMIDAE,Lonchorhina,Lonchorhina marinkellei,"Hernandez-Camacho &amp; Cadena-G., 1978",NA,NA,NA,VU,Marinkelle's Sword-nosed Bat
1559,12273,ANIMALIA,CHORDATA,MAMMALIA,CHIROPTERA,PHYLLOSTOMIDAE,Lonchorhina,Lonchorhina orinocensis,"Linares &amp; Ojasti, 1971",NA,NA,NA,VU,Orinoco Sword-nosed Bat
1560,12274,ANIMALIA,CHORDATA,MAMMALIA,RODENTIA,ECHIMYIDAE,Lonchothrix,Lonchothrix emiliae,"Thomas, 1920",NA,NA,NA,LC,Tuft-tailed Spiny Tree Rat
1561,12302,ANIMALIA,CHORDATA,MAMMALIA,CARNIVORA,MUSTELIDAE,Lontra,Lontra canadensis,"(Schreber, 1777)",NA,NA,NA,LC,North American River Otter
1562,12303,ANIMALIA,CHORDATA,MAMMALIA,CARNIVORA,MUSTELIDAE,Lontra,Lontra felina,"(Molina, 1782)",NA,NA,NA,EN,Marine Otter
1563,12304,ANIMALIA,CHORDATA,MAMMALIA,CARNIVORA,MUSTELIDAE,Lontra,Lontra longicaudis,"(Olfers, 1818)",NA,NA,NA,NT,Neotropical Otter
1564,12305,ANIMALIA,CHORDATA,MAMMALIA,CARNIVORA,MUSTELIDAE,Lontra,Lontra provocax,"(Thomas, 1908)",NA,NA,NA,EN,Southern River Otter
1565,12308,ANIMALIA,CHORDATA,MAMMALIA,RODENTIA,CRICETIDAE,Lophiomys,Lophiomys imhausi,"Milne-Edwards, 1867",NA,NA,NA,LC,Crested Rat
1566,12309,ANIMALIA,CHORDATA,MAMMALIA,PRIMATES,CERCOPITHECIDAE,Lophocebus,Lophocebus albigena,"(Gray, 1850)",NA,NA,NA,VU,Grey-cheeked Mangabey
1567,12310,ANIMALIA,CHORDATA,MAMMALIA,PRIMATES,CERCOPITHECIDAE,Lophocebus,Lophocebus aterrimus,"(Oudemans, 1890)",NA,NA,NA,VU,Black Mangabey
1568,12349,ANIMALIA,CHORDATA,MAMMALIA,RODENTIA,MURIDAE,Lophuromys,Lophuromys cinereus,"Dieterlen &amp; Gelmroth, 1974",NA,NA,NA,DD,Gray Brush-furred Rat
1569,12350,ANIMALIA,CHORDATA,MAMMALIA,RODENTIA,MURIDAE,Lophuromys,Lophuromys medicaudatus,"Dieterlen, 1975",NA,NA,NA,VU,Medium-tailed Brush-furred Rat
1570,12351,ANIMALIA,CHORDATA,MAMMALIA,RODENTIA,MURIDAE,Lophuromys,Lophuromys melanonyx,"F. Petter, 1972",NA,NA,NA,VU,Black-clawed Brush-furred Rat
1571,12352,ANIMALIA,CHORDATA,MAMMALIA,RODENTIA,MURIDAE,Lophuromys,Lophuromys rahmi,"Verheyen, 1964",NA,NA,NA,NT,Rahm's Brush-furred Rat
1572,12354,ANIMALIA,CHORDATA,MAMMALIA,RODENTIA,MURIDAE,Lophuromys,Lophuromys luteogaster,"Hatt, 1934",NA,NA,NA,LC,Yellow-bellied Brush-furred Rat
1573,12355,ANIMALIA,CHORDATA,MAMMALIA,RODENTIA,MURIDAE,Lophuromys,Lophuromys nudicaudus,"Heller, 1911",NA,NA,NA,LC,Fire-bellied Brush-furred Rat
1574,12356,ANIMALIA,CHORDATA,MAMMALIA,RODENTIA,MURIDAE,Lophuromys,Lophuromys sikapusi,"(Temminck, 1853)",NA,NA,NA,LC,Rusty-bellied Brush-furred Rat
1575,12357,ANIMALIA,CHORDATA,MAMMALIA,RODENTIA,MURIDAE,Lophuromys,Lophuromys woosnami,"Thomas, 1906",NA,NA,NA,LC,Woosnam's Brush-furred Rat
1576,12361,ANIMALIA,CHORDATA,MAMMALIA,RODENTIA,MURIDAE,Lorentzimys,Lorentzimys nouhuysi,"Jentink, 1911",NA,NA,NA,LC,Long-footed Tree Mouse
1577,12375,ANIMALIA,CHORDATA,MAMMALIA,PRIMATES,LORISIDAE,Loris,Loris tardigradus,"(Linnaeus, 1758)",NA,NA,NA,EN,Red Slender Loris
1578,12419,ANIMALIA,CHORDATA,MAMMALIA,CARNIVORA,MUSTELIDAE,Lutra,Lutra lutra,"(Linnaeus, 1758)",NA,NA,NA,NT,Eurasian Otter
1579,12420,ANIMALIA,CHORDATA,MAMMALIA,CARNIVORA,MUSTELIDAE,Hydrictis,Hydrictis maculicollis,"(Lichtenstein, 1835)",NA,NA,NA,NT,Spotted-necked Otter
1580,12421,ANIMALIA,CHORDATA,MAMMALIA,CARNIVORA,MUSTELIDAE,Lutra,Lutra sumatrana,"(Gray, 1865)",NA,NA,NA,EN,Hairy-nosed Otter
1581,12427,ANIMALIA,CHORDATA,MAMMALIA,CARNIVORA,MUSTELIDAE,Lutrogale,Lutrogale perspicillata,"(I. Geoffroy Saint-Hilaire, 1826)",NA,NA,NA,VU,Smooth-coated Otter
1582,12436,ANIMALIA,CHORDATA,MAMMALIA,CARNIVORA,CANIDAE,Lycaon,Lycaon pictus,"(Temminck, 1820)",NA,NA,NA,EN,African Wild Dog
1583,12518,ANIMALIA,CHORDATA,MAMMALIA,CARNIVORA,FELIDAE,Lynx,Lynx canadensis,"Kerr, 1792",NA,NA,NA,LC,Canada Lynx
1584,12519,ANIMALIA,CHORDATA,MAMMALIA,CARNIVORA,FELIDAE,Lynx,Lynx lynx,"(Linnaeus, 1758)",NA,NA,NA,LC,Eurasian Lynx
1585,12520,ANIMALIA,CHORDATA,MAMMALIA,CARNIVORA,FELIDAE,Lynx,Lynx pardinus,"(Temminck, 1827)",NA,NA,NA,EN,Iberian Lynx
1586,12521,ANIMALIA,CHORDATA,MAMMALIA,CARNIVORA,FELIDAE,Lynx,Lynx rufus,"(Schreber, 1777)",NA,NA,NA,LC,Bobcat
1587,12548,ANIMALIA,CHORDATA,MAMMALIA,PRIMATES,CERCOPITHECIDAE,Macaca,Macaca arctoides,"(I. Geoffroy, 1831)",NA,NA,NA,VU,Stump-tailed Macaque
1588,12549,ANIMALIA,CHORDATA,MAMMALIA,PRIMATES,CERCOPITHECIDAE,Macaca,Macaca assamensis,"M'Clelland, 1840",NA,NA,NA,NT,Assamese Macaque
1589,12550,ANIMALIA,CHORDATA,MAMMALIA,PRIMATES,CERCOPITHECIDAE,Macaca,Macaca cyclopis,"(Swinhoe, 1863)",NA,NA,NA,LC,Formosan Rock Macaque
1590,12551,ANIMALIA,CHORDATA,MAMMALIA,PRIMATES,CERCOPITHECIDAE,Macaca,Macaca fascicularis,"(Raffles, 1821)",NA,NA,NA,EN,Long-tailed Macaque
1591,12552,ANIMALIA,CHORDATA,MAMMALIA,PRIMATES,CERCOPITHECIDAE,Macaca,Macaca fuscata,"(Blyth, 1875)",NA,NA,NA,LC,Japanese Macaque
1592,12553,ANIMALIA,CHORDATA,MAMMALIA,PRIMATES,CERCOPITHECIDAE,Macaca,Macaca maura,"(H.R. Schinz, 1825)",NA,NA,NA,EN,Moor Macaque
1593,12554,ANIMALIA,CHORDATA,MAMMALIA,PRIMATES,CERCOPITHECIDAE,Macaca,Macaca mulatta,"(Zimmermann, 1780)",NA,NA,NA,LC,Rhesus Monkey
1594,12555,ANIMALIA,CHORDATA,MAMMALIA,PRIMATES,CERCOPITHECIDAE,Macaca,Macaca nemestrina,"(Linnaeus, 1766)",NA,NA,NA,EN,Southern Pig-tailed Macaque
1595,12556,ANIMALIA,CHORDATA,MAMMALIA,PRIMATES,CERCOPITHECIDAE,Macaca,Macaca nigra,"(Desmarest, 1822)",NA,NA,NA,CR,Celebes Crested Macaque
1596,12558,ANIMALIA,CHORDATA,MAMMALIA,PRIMATES,CERCOPITHECIDAE,Macaca,Macaca radiata,"(É. Geoffroy, 1812)",NA,NA,NA,VU,Bonnet Macaque
1597,12559,ANIMALIA,CHORDATA,MAMMALIA,PRIMATES,CERCOPITHECIDAE,Macaca,Macaca silenus,"(Linnaeus, 1758)",NA,NA,NA,EN,Lion-tailed Macaque
1598,12560,ANIMALIA,CHORDATA,MAMMALIA,PRIMATES,CERCOPITHECIDAE,Macaca,Macaca sinica,"(Linneaus, 1771)",NA,NA,NA,EN,Toque Macaque
1599,12561,ANIMALIA,CHORDATA,MAMMALIA,PRIMATES,CERCOPITHECIDAE,Macaca,Macaca sylvanus,"(Linnaeus, 1758)",NA,NA,NA,EN,Barbary Macaque
1600,12562,ANIMALIA,CHORDATA,MAMMALIA,PRIMATES,CERCOPITHECIDAE,Macaca,Macaca thibetana,"(Milne-Edwards, 1870)",NA,NA,NA,NT,Tibetan Macaque
1601,12563,ANIMALIA,CHORDATA,MAMMALIA,PRIMATES,CERCOPITHECIDAE,Macaca,Macaca tonkeana,"(Meyer, 1899)",NA,NA,NA,VU,Tonkean Macaque
1602,12568,ANIMALIA,CHORDATA,MAMMALIA,PRIMATES,CERCOPITHECIDAE,Macaca,Macaca nigrescens,"(Temminck, 1849)",NA,NA,NA,VU,Gorontalo Macaque
1603,12569,ANIMALIA,CHORDATA,MAMMALIA,PRIMATES,CERCOPITHECIDAE,Macaca,Macaca brunnescens,"(Matschie, 1901)",NA,NA,NA,VU,Buton Macaque
1604,12570,ANIMALIA,CHORDATA,MAMMALIA,PRIMATES,CERCOPITHECIDAE,Macaca,Macaca hecki,"(Matschie, 1901)",NA,NA,NA,VU,Heck's Macaque
1605,12590,ANIMALIA,CHORDATA,MAMMALIA,CHIROPTERA,MEGADERMATIDAE,Macroderma,Macroderma gigas,"(Dobson, 1880)",NA,NA,NA,VU,Ghost Bat
1606,12592,ANIMALIA,CHORDATA,MAMMALIA,CARNIVORA,VIVERRIDAE,Macrogalidia,Macrogalidia musschenbroekii,"(Schlegel, 1877)",NA,NA,NA,VU,Sulawesi Civet
1607,12594,ANIMALIA,CHORDATA,MAMMALIA,CHIROPTERA,PTEROPODIDAE,Macroglossus,Macroglossus minimus,"(É. Geoffroy Saint-Hilaire, 1810)",NA,NA,NA,LC,Dagger-toothed Long-nosed Fruit Bat
1608,12595,ANIMALIA,CHORDATA,MAMMALIA,CHIROPTERA,PTEROPODIDAE,Macroglossus,Macroglossus sobrinus,"K. Andersen, 1911",NA,NA,NA,LC,Hill Long-tongued Fruit Bat
1609,12615,ANIMALIA,CHORDATA,MAMMALIA,CHIROPTERA,PHYLLOSTOMIDAE,Macrophyllum,Macrophyllum macrophyllum,"(Schinz, 1821)",NA,NA,NA,LC,Long-legged Bat
1610,12620,ANIMALIA,CHORDATA,MAMMALIA,DIPROTODONTIA,MACROPODIDAE,Osphranter,Osphranter bernardus,"(Rothschild, 1904)",NA,NA,NA,NT,Black Wallaroo
1611,12625,ANIMALIA,CHORDATA,MAMMALIA,DIPROTODONTIA,MACROPODIDAE,Notamacropus,Notamacropus greyi,"(Waterhouse, 1845)",NA,NA,NA,EX,Toolache Wallaby
1612,12626,ANIMALIA,CHORDATA,MAMMALIA,DIPROTODONTIA,MACROPODIDAE,Notamacropus,Notamacropus irma,"(Jourdan, 1837)",NA,NA,NA,LC,Western Brush Wallaby
1613,12627,ANIMALIA,CHORDATA,MAMMALIA,DIPROTODONTIA,MACROPODIDAE,Notamacropus,Notamacropus parma,"(Waterhouse, 1845)",NA,NA,NA,NT,Parma Wallaby
1614,12646,ANIMALIA,CHORDATA,MAMMALIA,RODENTIA,NESOMYIDAE,Macrotarsomys,Macrotarsomys ingens,"Petter, 1959",NA,NA,NA,EN,Long-tailed Big-footed Mouse
1615,12647,ANIMALIA,CHORDATA,MAMMALIA,RODENTIA,NESOMYIDAE,Macrotarsomys,Macrotarsomys bastardi,"Milne-Edwards &amp; G. Grandidier, 1898",NA,NA,NA,LC,Western Big-footed Mouse
1616,12650,ANIMALIA,CHORDATA,MAMMALIA,PERAMELEMORPHIA,THYLACOMYIDAE,Macrotis,Macrotis lagotis,"(Reid, 1837)",NA,NA,NA,VU,Bilby
1617,12651,ANIMALIA,CHORDATA,MAMMALIA,PERAMELEMORPHIA,THYLACOMYIDAE,Macrotis,Macrotis leucura,"(Thomas, 1887)",NA,NA,NA,EX,Yallara
1618,12652,ANIMALIA,CHORDATA,MAMMALIA,CHIROPTERA,PHYLLOSTOMIDAE,Macrotus,Macrotus californicus,"Baird, 1858",NA,NA,NA,LC,Californian Leaf-nosed Bat
1619,12653,ANIMALIA,CHORDATA,MAMMALIA,CHIROPTERA,PHYLLOSTOMIDAE,Macrotus,Macrotus waterhousii,"Gray, 1843",NA,NA,NA,LC,Waterhouse's Leaf-nosed Bat
1620,12655,ANIMALIA,CHORDATA,MAMMALIA,RODENTIA,MURIDAE,Macruromys,Macruromys elegans,"Stein, 1933",NA,NA,NA,DD,Lesser Small-toothed Rat
1621,12656,ANIMALIA,CHORDATA,MAMMALIA,RODENTIA,MURIDAE,Macruromys,Macruromys major,"Rümmler, 1935",NA,NA,NA,LC,Greater Small-toothed Rat
1622,12667,ANIMALIA,CHORDATA,MAMMALIA,ARTIODACTYLA,BOVIDAE,Madoqua,Madoqua piacentinii,"Drake-Brockman, 1911",NA,NA,NA,DD,Silver Dik-dik
1623,12668,ANIMALIA,CHORDATA,MAMMALIA,ARTIODACTYLA,BOVIDAE,Madoqua,Madoqua saltiana,"(de Blainville, 1816)",NA,NA,NA,LC,Salt's Dik-dik
1624,12669,ANIMALIA,CHORDATA,MAMMALIA,ARTIODACTYLA,BOVIDAE,Madoqua,Madoqua guentheri,"Thomas, 1894",NA,NA,NA,LC,Guenther's Dik-dik
1625,12670,ANIMALIA,CHORDATA,MAMMALIA,ARTIODACTYLA,BOVIDAE,Madoqua,Madoqua kirkii,"(Günther, 1880)",NA,NA,NA,LC,Kirk's Dik-dik
1626,12702,ANIMALIA,CHORDATA,MAMMALIA,RODENTIA,MURIDAE,Malacomys,Malacomys cansdalei,"Ansell, 1958",NA,NA,NA,LC,Cansdale's Swamp Rat
1627,12703,ANIMALIA,CHORDATA,MAMMALIA,RODENTIA,MURIDAE,Malacomys,Malacomys edwardsi,"Rochebrune, 1885",NA,NA,NA,LC,Edward's Swamp Rat
1628,12704,ANIMALIA,CHORDATA,MAMMALIA,RODENTIA,MURIDAE,Malacomys,Malacomys longipes,"Milne-Edwards, 1877",NA,NA,NA,LC,Big-eared Swamp Rat
1629,12712,ANIMALIA,CHORDATA,MAMMALIA,RODENTIA,NESOMYIDAE,Malacothrix,Malacothrix typica,"(A. Smith, 1834)",NA,NA,NA,LC,Gerbil Mouse
1630,12721,ANIMALIA,CHORDATA,MAMMALIA,RODENTIA,MURIDAE,Mallomys,Mallomys aroaensis,"(De Vis, 1907)",NA,NA,NA,LC,De Vis's Woolly Rat
1631,12722,ANIMALIA,CHORDATA,MAMMALIA,RODENTIA,MURIDAE,Mallomys,Mallomys gunung,"Flannery, Aplin &amp; Groves, 1989",NA,NA,NA,EN,Alpine Woolly Rat
1632,12723,ANIMALIA,CHORDATA,MAMMALIA,RODENTIA,MURIDAE,Mallomys,Mallomys istapantap,"Flannery, Aplin &amp; Groves, 1989",NA,NA,NA,LC,Subalpine Woolly Rat
1633,12724,ANIMALIA,CHORDATA,MAMMALIA,RODENTIA,MURIDAE,Mallomys,Mallomys rothschildi,"Thomas, 1898",NA,NA,NA,LC,Rothschild's Woolly Rat
1634,12753,ANIMALIA,CHORDATA,MAMMALIA,PRIMATES,CERCOPITHECIDAE,Mandrillus,Mandrillus leucophaeus,"(F. Cuvier, 1807)",NA,NA,NA,EN,Drill
1635,12754,ANIMALIA,CHORDATA,MAMMALIA,PRIMATES,CERCOPITHECIDAE,Mandrillus,Mandrillus sphinx,"(Linnaeus, 1758)",NA,NA,NA,VU,Mandrill
1636,12761,ANIMALIA,CHORDATA,MAMMALIA,PHOLIDOTA,MANIDAE,Manis,Manis crassicaudata,"É. Geoffroy, 1803",NA,NA,NA,EN,Indian Pangolin
1637,12762,ANIMALIA,CHORDATA,MAMMALIA,PHOLIDOTA,MANIDAE,Smutsia,Smutsia gigantea,"(Illiger, 1815)",NA,NA,NA,EN,Giant Ground Pangolin
1638,12763,ANIMALIA,CHORDATA,MAMMALIA,PHOLIDOTA,MANIDAE,Manis,Manis javanica,"Desmarest, 1822",NA,NA,NA,CR,Sunda Pangolin
1639,12764,ANIMALIA,CHORDATA,MAMMALIA,PHOLIDOTA,MANIDAE,Manis,Manis pentadactyla,"Linnaeus, 1758",NA,NA,NA,CR,Chinese Pangolin
1640,12765,ANIMALIA,CHORDATA,MAMMALIA,PHOLIDOTA,MANIDAE,Smutsia,Smutsia temminckii,"(Smuts, 1832)",NA,NA,NA,VU,Temminck's Pangolin
1641,12766,ANIMALIA,CHORDATA,MAMMALIA,PHOLIDOTA,MANIDAE,Phataginus,Phataginus tetradactyla,"(Linnaeus, 1766)",NA,NA,NA,VU,Black-bellied Pangolin
1642,12767,ANIMALIA,CHORDATA,MAMMALIA,PHOLIDOTA,MANIDAE,Phataginus,Phataginus tricuspis,"(Rafinesque, 1821)",NA,NA,NA,EN,White-bellied Pangolin
1643,12795,ANIMALIA,CHORDATA,MAMMALIA,RODENTIA,MURIDAE,Margaretamys,Margaretamys beccarii,"(Jentink, 1880)",NA,NA,NA,DD,Spiny Lowland Margaretamys
1644,12796,ANIMALIA,CHORDATA,MAMMALIA,RODENTIA,MURIDAE,Margaretamys,Margaretamys elegans,"Musser, 1981",NA,NA,NA,NT,Elegant Margaretamys
1645,12797,ANIMALIA,CHORDATA,MAMMALIA,RODENTIA,MURIDAE,Margaretamys,Margaretamys parvus,"Musser, 1981",NA,NA,NA,DD,Lesser Margaretamys
1646,12812,ANIMALIA,CHORDATA,MAMMALIA,DIDELPHIMORPHIA,DIDELPHIDAE,Marmosa,Marmosa andersoni,"Pine, 1972",NA,NA,NA,DD,Anderson's Mouse Opossum
1647,12813,ANIMALIA,CHORDATA,MAMMALIA,DIDELPHIMORPHIA,DIDELPHIDAE,Tlacuatzin,Tlacuatzin canescens,"J.A. Allen, 1893",NA,NA,NA,LC,Grayish Mouse Opossum
1648,12814,ANIMALIA,CHORDATA,MAMMALIA,DIDELPHIMORPHIA,DIDELPHIDAE,Marmosa,Marmosa lepida,"(Thomas, 1888)",NA,NA,NA,LC,Little Rufous Mouse Opossum
1649,12815,ANIMALIA,CHORDATA,MAMMALIA,DIDELPHIMORPHIA,DIDELPHIDAE,Marmosa,Marmosa xerophila,"Handley &amp; Gordon, 1979",NA,NA,NA,VU,Dryland Mouse Opossum
1650,12816,ANIMALIA,CHORDATA,MAMMALIA,DIDELPHIMORPHIA,DIDELPHIDAE,Marmosa,Marmosa tyleriana,"Tate, 1931",NA,NA,NA,DD,Tyler's Mouse Opossum
1651,12817,ANIMALIA,CHORDATA,MAMMALIA,DIDELPHIMORPHIA,DIDELPHIDAE,Marmosops,Marmosops cracens,"(Handley &amp; Gordon, 1979)",NA,NA,NA,DD,Slim-faced Slender Mouse Opossum
1652,12819,ANIMALIA,CHORDATA,MAMMALIA,DIDELPHIMORPHIA,DIDELPHIDAE,Marmosops,Marmosops fuscatus,"Thomas, 1896",NA,NA,NA,DD,Gray-bellied Slender Mouse Opossum
1653,12820,ANIMALIA,CHORDATA,MAMMALIA,DIDELPHIMORPHIA,DIDELPHIDAE,Marmosops,Marmosops handleyi,"(Pine, 1981)",NA,NA,NA,CR,Handley's Slender Mouse Opossum
1654,12822,ANIMALIA,CHORDATA,MAMMALIA,DIDELPHIMORPHIA,DIDELPHIDAE,Marmosops,Marmosops incanus,"(Lund, 1840)",NA,NA,NA,LC,Grey Slender Mouse Opossum
1655,12823,ANIMALIA,CHORDATA,MAMMALIA,DIDELPHIMORPHIA,DIDELPHIDAE,Marmosops,Marmosops invictus,"Goldman, 1912",NA,NA,NA,LC,Slaty Slender Mouse Opossum
1656,12824,ANIMALIA,CHORDATA,MAMMALIA,DIDELPHIMORPHIA,DIDELPHIDAE,Marmosops,Marmosops parvidens,"(Tate, 1931)",NA,NA,NA,LC,Delicate Slender Mouse Opossum
1657,12825,ANIMALIA,CHORDATA,MAMMALIA,RODENTIA,SCIURIDAE,Marmota,Marmota caudata,"(Geoffroy, 1844)",NA,NA,NA,LC,Long-tailed Marmot
1658,12826,ANIMALIA,CHORDATA,MAMMALIA,RODENTIA,SCIURIDAE,Marmota,Marmota himalayana,"(Hodgson, 1841)",NA,NA,NA,LC,Himalayan Marmot
1659,12827,ANIMALIA,CHORDATA,MAMMALIA,RODENTIA,SCIURIDAE,Marmota,Marmota menzbieri,"(Kashkarov, 1925)",NA,NA,NA,VU,Menzbier's Marmot
1660,12828,ANIMALIA,CHORDATA,MAMMALIA,RODENTIA,SCIURIDAE,Marmota,Marmota vancouverensis,"Swarth, 1911",NA,NA,NA,CR,Vancouver Island Marmot
1661,12829,ANIMALIA,CHORDATA,MAMMALIA,RODENTIA,SCIURIDAE,Marmota,Marmota baibacina,"Kastschenko, 1899",NA,NA,NA,LC,Altai Marmot
1662,12830,ANIMALIA,CHORDATA,MAMMALIA,RODENTIA,SCIURIDAE,Marmota,Marmota bobak,"Muller, 1776",NA,NA,NA,LC,Bobak Marmot
1663,12831,ANIMALIA,CHORDATA,MAMMALIA,RODENTIA,SCIURIDAE,Marmota,Marmota camtschatica,"(Pallas, 1811)",NA,NA,NA,LC,Black-capped Marmot
1664,12832,ANIMALIA,CHORDATA,MAMMALIA,RODENTIA,SCIURIDAE,Marmota,Marmota sibirica,"(Radde, 1862)",NA,NA,NA,EN,Mongolian Marmot
1665,12835,ANIMALIA,CHORDATA,MAMMALIA,RODENTIA,SCIURIDAE,Marmota,Marmota marmota,"(Linnaeus, 1758)",NA,NA,NA,LC,Alpine Marmot
1666,12847,ANIMALIA,CHORDATA,MAMMALIA,CARNIVORA,MUSTELIDAE,Martes,Martes gwatkinsii,"Horsfield, 1851",NA,NA,NA,VU,Nilgiri Marten
1667,12848,ANIMALIA,CHORDATA,MAMMALIA,CARNIVORA,MUSTELIDAE,Martes,Martes martes,"(Linnaeus, 1758)",NA,NA,NA,LC,Pine Marten
1668,12855,ANIMALIA,CHORDATA,MAMMALIA,RODENTIA,CTENODACTYLIDAE,Massoutiera,Massoutiera mzabi,"(Lataste, 1881)",NA,NA,NA,LC,Mzab Gundi
1669,12863,ANIMALIA,CHORDATA,MAMMALIA,RODENTIA,MURIDAE,Mastomys,Mastomys pernanus,"(Kershaw, 1921)",NA,NA,NA,DD,Dwarf Mastomys
1670,12865,ANIMALIA,CHORDATA,MAMMALIA,RODENTIA,MURIDAE,Mastomys,Mastomys coucha,"(Smith, 1834)",NA,NA,NA,LC,Southern Multimammate Mouse
1671,12866,ANIMALIA,CHORDATA,MAMMALIA,RODENTIA,MURIDAE,Mastomys,Mastomys erythroleucus,"(Temminck, 1853)",NA,NA,NA,LC,Guinea Multimammate Mouse
1672,12868,ANIMALIA,CHORDATA,MAMMALIA,RODENTIA,MURIDAE,Mastomys,Mastomys natalensis,"(Smith, 1834)",NA,NA,NA,LC,Natal Multimammate Mouse
1673,12869,ANIMALIA,CHORDATA,MAMMALIA,RODENTIA,MURIDAE,Mastomys,Mastomys shortridgei,"(St. Leger, 1933)",NA,NA,NA,LC,Shortridge's Multimammate Mouse
1674,12891,ANIMALIA,CHORDATA,MAMMALIA,RODENTIA,MURIDAE,Maxomys,Maxomys alticola,"(Thomas, 1888)",NA,NA,NA,LC,Bornean Mountain Maxomys
1675,12892,ANIMALIA,CHORDATA,MAMMALIA,RODENTIA,MURIDAE,Maxomys,Maxomys baeodon,"(Thomas, 1894)",NA,NA,NA,DD,Small Bornean Maxomys
1676,12893,ANIMALIA,CHORDATA,MAMMALIA,RODENTIA,MURIDAE,Maxomys,Maxomys bartelsii,"(Jentink, 1910)",NA,NA,NA,LC,Bartels’s Javan Maxomys
1677,12894,ANIMALIA,CHORDATA,MAMMALIA,RODENTIA,MURIDAE,Maxomys,Maxomys dollmani,"(Ellerman, 1941)",NA,NA,NA,DD,Dollman’s Sulawesi Maxomys
1678,12895,ANIMALIA,CHORDATA,MAMMALIA,RODENTIA,MURIDAE,Maxomys,Maxomys hellwaldii,"(Jentink, 1878)",NA,NA,NA,LC,Hellwald’s Sulawesi Maxomys
1679,12896,ANIMALIA,CHORDATA,MAMMALIA,RODENTIA,MURIDAE,Maxomys,Maxomys hylomyoides,"(Robinson &amp; Kloss, 1916)",NA,NA,NA,DD,Sumatran Mountain Maxomys
1680,12897,ANIMALIA,CHORDATA,MAMMALIA,RODENTIA,MURIDAE,Maxomys,Maxomys inas,"(Bonhote, 1906)",NA,NA,NA,LC,Malayan Mountain Maxomys
1681,12898,ANIMALIA,CHORDATA,MAMMALIA,RODENTIA,MURIDAE,Maxomys,Maxomys inflatus,"(Robinson &amp; Kloss, 1916)",NA,NA,NA,VU,Broad-nosed Sumatran Maxomys
1682,12899,ANIMALIA,CHORDATA,MAMMALIA,RODENTIA,MURIDAE,Maxomys,Maxomys moi,"(Robinson &amp; Kloss, 1922)",NA,NA,NA,LC,Indochinese Mountain Maxomys
1683,12900,ANIMALIA,CHORDATA,MAMMALIA,RODENTIA,MURIDAE,Maxomys,Maxomys musschenbroekii,"(Jentink, 1878)",NA,NA,NA,LC,Musschenbroek’s Sulawesi Maxomys
1684,12901,ANIMALIA,CHORDATA,MAMMALIA,RODENTIA,MURIDAE,Maxomys,Maxomys ochraceiventer,"(Thomas, 1894)",NA,NA,NA,DD,Ochraceous-bellied Bornean Maxomys
1685,12902,ANIMALIA,CHORDATA,MAMMALIA,RODENTIA,MURIDAE,Maxomys,Maxomys pagensis,"(Miller, 1903)",NA,NA,NA,VU,Mentawai Archipelago Maxomys
1686,12903,ANIMALIA,CHORDATA,MAMMALIA,RODENTIA,MURIDAE,Maxomys,Maxomys panglima,"(Robinson, 1921)",NA,NA,NA,LC,Palawan Maxomys
1687,12904,ANIMALIA,CHORDATA,MAMMALIA,RODENTIA,MURIDAE,Maxomys,Maxomys rajah,"(Thomas, 1894)",NA,NA,NA,VU,Rajah Sundaic Maxomys
1688,12905,ANIMALIA,CHORDATA,MAMMALIA,RODENTIA,MURIDAE,Maxomys,Maxomys surifer,"(Miller, 1900)",NA,NA,NA,LC,Indomalayan Maxomys
1689,12906,ANIMALIA,CHORDATA,MAMMALIA,RODENTIA,MURIDAE,Maxomys,Maxomys wattsi,"Musser, 1991",NA,NA,NA,EN,Watts’s Sulawesi Maxomys
1690,12907,ANIMALIA,CHORDATA,MAMMALIA,RODENTIA,MURIDAE,Maxomys,Maxomys whiteheadi,"(Thomas, 1894)",NA,NA,NA,VU,Whitehead’s Sundaic Maxomys
1691,12913,ANIMALIA,CHORDATA,MAMMALIA,ARTIODACTYLA,CERVIDAE,Mazama,Mazama chunyi,"Hershkovitz, 1959",NA,NA,NA,VU,Peruvian Dwarf Brocket
1692,12914,ANIMALIA,CHORDATA,MAMMALIA,ARTIODACTYLA,CERVIDAE,Mazama,Mazama rufina,"(Pucheran, 1851)",NA,NA,NA,VU,Dwarf Red Brocket
1693,12937,ANIMALIA,CHORDATA,MAMMALIA,RODENTIA,NESOMYIDAE,Megadendromus,Megadendromus nikolausi,"Deiterlen &amp; Rupp, 1978",NA,NA,NA,VU,Nikolaus's Mouse
1694,12938,ANIMALIA,CHORDATA,MAMMALIA,CHIROPTERA,MEGADERMATIDAE,Lyroderma,Lyroderma lyra,"É. Geoffroy, 1810",NA,NA,NA,LC,Greater False Vampire
1695,12939,ANIMALIA,CHORDATA,MAMMALIA,CHIROPTERA,MEGADERMATIDAE,Megaderma,Megaderma spasma,"(Linnaeus, 1758)",NA,NA,NA,LC,Lesser False Vampire
1696,12940,ANIMALIA,CHORDATA,MAMMALIA,RODENTIA,CRICETIDAE,Megadontomys,Megadontomys cryophilus,"(Musser, 1964)",NA,NA,NA,EN,Oaxaca Giant Deer Mouse
1697,12941,ANIMALIA,CHORDATA,MAMMALIA,RODENTIA,CRICETIDAE,Megadontomys,Megadontomys nelsoni,"(Merriam, 1898)",NA,NA,NA,EN,Nelson's Giant Deer Mouse
1698,12942,ANIMALIA,CHORDATA,MAMMALIA,RODENTIA,CRICETIDAE,Megadontomys,Megadontomys thomasi,"(Merriam, 1898)",NA,NA,NA,EN,Thomas's Giant Deer Mouse
1699,12945,ANIMALIA,CHORDATA,MAMMALIA,CHIROPTERA,PTEROPODIDAE,Megaerops,Megaerops kusnotoi,"Hill &amp; Boeadi, 1978",NA,NA,NA,VU,Javan Tailless Fruit Bat
1700,12946,ANIMALIA,CHORDATA,MAMMALIA,CHIROPTERA,PTEROPODIDAE,Megaerops,Megaerops ecaudatus,"(Temminck, 1837)",NA,NA,NA,LC,Temminck’s Tailless Fruit Bat
1701,12947,ANIMALIA,CHORDATA,MAMMALIA,CHIROPTERA,PTEROPODIDAE,Megaerops,Megaerops niphanae,"Yenbutra &amp; Felten, 1983",NA,NA,NA,LC,Ratanaworabhan's Fruit Bat
1702,12948,ANIMALIA,CHORDATA,MAMMALIA,CHIROPTERA,PTEROPODIDAE,Megaerops,Megaerops wetmorei,"Taylor, 1934",NA,NA,NA,VU,White-collared Fruit Bat
1703,12980,ANIMALIA,CHORDATA,MAMMALIA,RODENTIA,CRICETIDAE,Megalomys,Megalomys desmarestii,"(J. Fischer, 1829)",NA,NA,NA,EX,Desmarest’s Pilorie
1704,12981,ANIMALIA,CHORDATA,MAMMALIA,RODENTIA,CRICETIDAE,Megalomys,Megalomys luciae,"(Forsyth Major, 1901)",NA,NA,NA,EX,Santa Lucian Pilorie
1705,13006,ANIMALIA,CHORDATA,MAMMALIA,ARTIODACTYLA,BALAENOPTERIDAE,Megaptera,Megaptera novaeangliae,"(Borowski, 1781)",NA,NA,NA,LC,Humpback Whale
1706,13046,ANIMALIA,CHORDATA,MAMMALIA,RODENTIA,CRICETIDAE,Melanomys,Melanomys caliginosus,"(Tomes, 1860)",NA,NA,NA,LC,Dusky Rice Rat
1707,13047,ANIMALIA,CHORDATA,MAMMALIA,RODENTIA,CRICETIDAE,Melanomys,Melanomys robustulus,"Thomas, 1914",NA,NA,NA,LC,Robust Dark Rice Rat
1708,13048,ANIMALIA,CHORDATA,MAMMALIA,RODENTIA,CRICETIDAE,Melanomys,Melanomys zunigae,"(Sanborn, 1949)",NA,NA,NA,CR,Zuniga's Dark Rice Rat
1709,13079,ANIMALIA,CHORDATA,MAMMALIA,RODENTIA,MURIDAE,Melasmothrix,Melasmothrix naso,"Miller &amp; Hollister, 1921",NA,NA,NA,DD,Diurnal Sulawesian Shrew Rat
1710,13110,ANIMALIA,CHORDATA,MAMMALIA,CARNIVORA,MUSTELIDAE,Melogale,Melogale everetti,"(Thomas, 1895)",NA,NA,NA,EN,Bornean Ferret Badger
1711,13114,ANIMALIA,CHORDATA,MAMMALIA,RODENTIA,MURIDAE,Melomys,Melomys aerosus,"(Thomas, 1920)",NA,NA,NA,EN,Dusky Seram Melomys
1712,13115,ANIMALIA,CHORDATA,MAMMALIA,RODENTIA,MURIDAE,Melomys,Melomys bougainville,"Troughton, 1936",NA,NA,NA,DD,Bougainville Melomys
1713,13116,ANIMALIA,CHORDATA,MAMMALIA,RODENTIA,MURIDAE,Melomys,Melomys burtoni,"(Ramsay, 1887)",NA,NA,NA,LC,Grassland Melomys
1714,13117,ANIMALIA,CHORDATA,MAMMALIA,RODENTIA,MURIDAE,Melomys,Melomys capensis,"Tate, 1951",NA,NA,NA,LC,Cape York Melomys
1715,13118,ANIMALIA,CHORDATA,MAMMALIA,RODENTIA,MURIDAE,Melomys,Melomys cervinipes,"(Gould, 1852)",NA,NA,NA,LC,Fawn-footed Melomys
1716,13119,ANIMALIA,CHORDATA,MAMMALIA,RODENTIA,MURIDAE,Protochromys,Protochromys fellowsi,"(Hinton, 1943)",NA,NA,NA,LC,Red-bellied Protochromys
1717,13120,ANIMALIA,CHORDATA,MAMMALIA,RODENTIA,MURIDAE,Melomys,Melomys fraterculus,"(Thomas, 1920)",NA,NA,NA,EN,Manusela Melomys
1718,13122,ANIMALIA,CHORDATA,MAMMALIA,RODENTIA,MURIDAE,Mammelomys,Mammelomys lanosus,"(Thomas, 1922)",NA,NA,NA,LC,Highland Mammelomys
1719,13123,ANIMALIA,CHORDATA,MAMMALIA,RODENTIA,MURIDAE,Melomys,Melomys leucogaster,"(Jentink, 1908)",NA,NA,NA,LC,White-bellied Melomys
1720,13124,ANIMALIA,CHORDATA,MAMMALIA,RODENTIA,MURIDAE,Paramelomys,Paramelomys levipes,"(Thomas, 1897)",NA,NA,NA,LC,Papuan Lowland Paramelomys
1721,13125,ANIMALIA,CHORDATA,MAMMALIA,RODENTIA,MURIDAE,Paramelomys,Paramelomys lorentzii,"(Jentink, 1908)",NA,NA,NA,LC,Lorentz’s Paramelomys
1722,13126,ANIMALIA,CHORDATA,MAMMALIA,RODENTIA,MURIDAE,Paramelomys,Paramelomys mollis,"(Thomas, 1913)",NA,NA,NA,LC,Montane Soft-furred Paramelomys
1723,13127,ANIMALIA,CHORDATA,MAMMALIA,RODENTIA,MURIDAE,Paramelomys,Paramelomys moncktoni,"(Thomas, 1904)",NA,NA,NA,LC,Moncton's Paramelomys
1724,13128,ANIMALIA,CHORDATA,MAMMALIA,RODENTIA,MURIDAE,Melomys,Melomys obiensis,"(Thomas, 1911)",NA,NA,NA,LC,Obi Island Melomys
1725,13129,ANIMALIA,CHORDATA,MAMMALIA,RODENTIA,MURIDAE,Paramelomys,Paramelomys platyops,"(Thomas, 1906)",NA,NA,NA,LC,Common Lowland Paramelomys
1726,13130,ANIMALIA,CHORDATA,MAMMALIA,RODENTIA,MURIDAE,Mammelomys,Mammelomys rattoides,"(Thomas, 1922)",NA,NA,NA,LC,Lowland Mammelomys
1727,13131,ANIMALIA,CHORDATA,MAMMALIA,RODENTIA,MURIDAE,Paramelomys,Paramelomys rubex,"(Thomas, 1922)",NA,NA,NA,LC,Mountain Paramelomys
1728,13132,ANIMALIA,CHORDATA,MAMMALIA,RODENTIA,MURIDAE,Melomys,Melomys rubicola,"Thomas, 1924",NA,NA,NA,EX,Bramble Cay Melomys
1729,13133,ANIMALIA,CHORDATA,MAMMALIA,RODENTIA,MURIDAE,Melomys,Melomys rufescens,"(Alston, 1877)",NA,NA,NA,LC,Black-tailed Melomys
1730,13139,ANIMALIA,CHORDATA,MAMMALIA,CHIROPTERA,PTEROPODIDAE,Melonycteris,Melonycteris melanops,"Dobson, 1877",NA,NA,NA,LC,Bismarck Blossom Bat
1731,13140,ANIMALIA,CHORDATA,MAMMALIA,CHIROPTERA,PTEROPODIDAE,Nesonycteris,Nesonycteris woodfordi,"Thomas, 1887",NA,NA,NA,LC,Woodford's Blossom Bat
1732,13141,ANIMALIA,CHORDATA,MAMMALIA,CHIROPTERA,PTEROPODIDAE,Nesonycteris,Nesonycteris fardoulisi,"Flannery, 1993",NA,NA,NA,NT,Fardoulis's Blossom Bat
1733,13143,ANIMALIA,CHORDATA,MAMMALIA,CARNIVORA,URSIDAE,Melursus,Melursus ursinus,"(Shaw, 1791)",NA,NA,NA,VU,Sloth Bear
1734,13144,ANIMALIA,CHORDATA,MAMMALIA,RODENTIA,SCIURIDAE,Menetes,Menetes berdmorei,"(Blyth, 1849)",NA,NA,NA,LC,Berdmore’s Squirrel
1735,13159,ANIMALIA,CHORDATA,MAMMALIA,RODENTIA,MURIDAE,Meriones,Meriones arimalius,"Cheesman &amp; Hinton, 1924",NA,NA,NA,LC,Arabian Jird
1736,13160,ANIMALIA,CHORDATA,MAMMALIA,RODENTIA,MURIDAE,Meriones,Meriones chengi,"Wang, 1964",NA,NA,NA,LC,Cheng's Jird
1737,13161,ANIMALIA,CHORDATA,MAMMALIA,RODENTIA,MURIDAE,Meriones,Meriones crassus,"Sundevall, 1842",NA,NA,NA,LC,Sundevall's Jird
1738,13162,ANIMALIA,CHORDATA,MAMMALIA,RODENTIA,MURIDAE,Meriones,Meriones dahli,"Shidlovsky, 1962",NA,NA,NA,CR,Dahl's Jird
1739,13163,ANIMALIA,CHORDATA,MAMMALIA,RODENTIA,MURIDAE,Meriones,Meriones hurrianae,"Jordon, 1867",NA,NA,NA,LC,Indian Desert Gerbil
1740,13164,ANIMALIA,CHORDATA,MAMMALIA,RODENTIA,MURIDAE,Meriones,Meriones libycus,"Lichtenstein, 1823",NA,NA,NA,LC,Libyan Jird
1741,13165,ANIMALIA,CHORDATA,MAMMALIA,RODENTIA,MURIDAE,Meriones,Meriones meridianus,"(Pallas, 1773)",NA,NA,NA,LC,Mid-day Gerbil
1742,13166,ANIMALIA,CHORDATA,MAMMALIA,RODENTIA,MURIDAE,Meriones,Meriones persicus,"(Blanford, 1875)",NA,NA,NA,LC,Persian Jird
1743,13167,ANIMALIA,CHORDATA,MAMMALIA,RODENTIA,MURIDAE,Meriones,Meriones rex,"Yerbury &amp; Thomas, 1895",NA,NA,NA,LC,King Jird
1744,13168,ANIMALIA,CHORDATA,MAMMALIA,RODENTIA,MURIDAE,Meriones,Meriones sacramenti,"Thomas, 1922",NA,NA,NA,VU,Buxton's Jird
1745,13169,ANIMALIA,CHORDATA,MAMMALIA,RODENTIA,MURIDAE,Meriones,Meriones tamariscinus,"Pallas, 1773",NA,NA,NA,LC,Tamarisk Gerbil
1746,13170,ANIMALIA,CHORDATA,MAMMALIA,RODENTIA,MURIDAE,Meriones,Meriones tristrami,"Thomas, 1892",NA,NA,NA,LC,Tristram's Jird
1747,13171,ANIMALIA,CHORDATA,MAMMALIA,RODENTIA,MURIDAE,Meriones,Meriones unguiculatus,"(Milne-Edwards, 1867)",NA,NA,NA,LC,Mongolian Gerbil
1748,13172,ANIMALIA,CHORDATA,MAMMALIA,RODENTIA,MURIDAE,Meriones,Meriones vinogradovi,"Heptner, 1931",NA,NA,NA,LC,Vinogradov's Jird
1749,13173,ANIMALIA,CHORDATA,MAMMALIA,RODENTIA,MURIDAE,Meriones,Meriones zarudnyi,"Heptner, 1937",NA,NA,NA,DD,Zarundny's Jird
1750,13209,ANIMALIA,CHORDATA,MAMMALIA,EULIPOTYPHLA,ERINACEIDAE,Mesechinus,Mesechinus hughi,"(Thomas, 1908)",NA,NA,NA,LC,Hugh's Hedgehog
1751,13211,ANIMALIA,CHORDATA,MAMMALIA,RODENTIA,MURIDAE,Mesembriomys,Mesembriomys gouldii,"(Gray, 1843)",NA,NA,NA,VU,Black-footed Tree-rat
1752,13212,ANIMALIA,CHORDATA,MAMMALIA,RODENTIA,MURIDAE,Mesembriomys,Mesembriomys macrurus,"(Peters, 1876)",NA,NA,NA,NT,Golden-backed Tree-rat
1753,13215,ANIMALIA,CHORDATA,MAMMALIA,RODENTIA,CAPROMYIDAE,Mesocapromys,Mesocapromys angelcabrerai,"(Varona, 1979)",NA,NA,NA,CR,Cabrera's Hutia
1754,13216,ANIMALIA,CHORDATA,MAMMALIA,RODENTIA,CAPROMYIDAE,Mesocapromys,Mesocapromys auritus,"(Varona, 1970)",NA,NA,NA,EN,Large-eared Hutia
1755,13217,ANIMALIA,CHORDATA,MAMMALIA,RODENTIA,CAPROMYIDAE,Mesocapromys,Mesocapromys nanus,"(G.M. Allen, 1917)",NA,NA,NA,CR,Dwarf Hutia
1756,13218,ANIMALIA,CHORDATA,MAMMALIA,RODENTIA,CAPROMYIDAE,Mesocapromys,Mesocapromys sanfelipensis,"(Varona &amp; Garrido, 1970)",NA,NA,NA,CR,Little Earth Hutia
1757,13219,ANIMALIA,CHORDATA,MAMMALIA,RODENTIA,CRICETIDAE,Mesocricetus,Mesocricetus auratus,"(Waterhouse, 1839)",NA,NA,NA,EN,Golden Hamster
1758,13220,ANIMALIA,CHORDATA,MAMMALIA,RODENTIA,CRICETIDAE,Mesocricetus,Mesocricetus brandti,"(Nehring, 1898)",NA,NA,NA,NT,Brandt's Hamster
1759,13221,ANIMALIA,CHORDATA,MAMMALIA,RODENTIA,CRICETIDAE,Mesocricetus,Mesocricetus newtoni,"(Nehring, 1898)",NA,NA,NA,NT,Romanian Hamster
1760,13222,ANIMALIA,CHORDATA,MAMMALIA,RODENTIA,CRICETIDAE,Mesocricetus,Mesocricetus raddei,"(Nehring, 1894)",NA,NA,NA,LC,Ciscaucasian Hamster
1761,13233,ANIMALIA,CHORDATA,MAMMALIA,RODENTIA,ECHIMYIDAE,Makalata,Makalata didelphoides,"(Desmarest, 1817)",NA,NA,NA,LC,Brazilian Spiny Tree Rat
1762,13234,ANIMALIA,CHORDATA,MAMMALIA,RODENTIA,ECHIMYIDAE,Mesomys,Mesomys hispidus,"(Desmarest, 1817)",NA,NA,NA,LC,Spiny Tree Rat
1763,13235,ANIMALIA,CHORDATA,MAMMALIA,RODENTIA,ECHIMYIDAE,Mesomys,Mesomys leniceps,"Thomas, 1926",NA,NA,NA,DD,Woolly-headed Spiny Tree Rat
1764,13236,ANIMALIA,CHORDATA,MAMMALIA,RODENTIA,ECHIMYIDAE,Makalata,Makalata obscura,"(Wagner, 1840)",NA,NA,NA,DD,Dark Armored Tree-rat
1765,13237,ANIMALIA,CHORDATA,MAMMALIA,RODENTIA,ECHIMYIDAE,Mesomys,Mesomys stimulax,"Thomas, 1911",NA,NA,NA,LC,Surinam Spiny Tree Rat
1766,13240,ANIMALIA,CHORDATA,MAMMALIA,CHIROPTERA,PHYLLOSTOMIDAE,Mesophylla,Mesophylla macconnelli,"Thomas, 1901",NA,NA,NA,LC,Macconnell's Bat
1767,13241,ANIMALIA,CHORDATA,MAMMALIA,ARTIODACTYLA,ZIPHIIDAE,Mesoplodon,Mesoplodon bidens,"(Sowerby, 1804)",NA,NA,NA,LC,Sowerby's Beaked Whale
1768,13242,ANIMALIA,CHORDATA,MAMMALIA,ARTIODACTYLA,ZIPHIIDAE,Mesoplodon,Mesoplodon bowdoini,"Andrews, 1908",NA,NA,NA,DD,Andrew's Beaked Whale
1769,13243,ANIMALIA,CHORDATA,MAMMALIA,ARTIODACTYLA,ZIPHIIDAE,Mesoplodon,Mesoplodon carlhubbsi,"Moore, 1963",NA,NA,NA,DD,Hubbs' Beaked Whale
1770,13244,ANIMALIA,CHORDATA,MAMMALIA,ARTIODACTYLA,ZIPHIIDAE,Mesoplodon,Mesoplodon densirostris,"(Blainville, 1817)",NA,NA,NA,LC,Blainville's Beaked Whale
1771,13245,ANIMALIA,CHORDATA,MAMMALIA,ARTIODACTYLA,ZIPHIIDAE,Mesoplodon,Mesoplodon europaeus,"(Gervais, 1855)",NA,NA,NA,LC,Gervais' Beaked Whale
1772,13247,ANIMALIA,CHORDATA,MAMMALIA,ARTIODACTYLA,ZIPHIIDAE,Mesoplodon,Mesoplodon grayi,"Von Haast, 1876",NA,NA,NA,LC,Gray's Beaked Whale
1773,13248,ANIMALIA,CHORDATA,MAMMALIA,ARTIODACTYLA,ZIPHIIDAE,Mesoplodon,Mesoplodon hectori,"(Gray, 1871)",NA,NA,NA,DD,Hector's Beaked Whale
1774,13249,ANIMALIA,CHORDATA,MAMMALIA,ARTIODACTYLA,ZIPHIIDAE,Mesoplodon,Mesoplodon layardii,"(Gray, 1865)",NA,NA,NA,LC,Strap-toothed Whale
1775,13250,ANIMALIA,CHORDATA,MAMMALIA,ARTIODACTYLA,ZIPHIIDAE,Mesoplodon,Mesoplodon mirus,"True, 1913",NA,NA,NA,LC,True's Beaked Whale
1776,13251,ANIMALIA,CHORDATA,MAMMALIA,ARTIODACTYLA,ZIPHIIDAE,Mesoplodon,Mesoplodon peruvianus,"Reyes, Mead &amp; Van Waerebeek, 1991",NA,NA,NA,LC,Pygmy Beaked Whale
1777,13252,ANIMALIA,CHORDATA,MAMMALIA,ARTIODACTYLA,ZIPHIIDAE,Mesoplodon,Mesoplodon stejnegeri,"True, 1885",NA,NA,NA,NT,Stejneger's Beaked Whale
1778,13296,ANIMALIA,CHORDATA,MAMMALIA,DIDELPHIMORPHIA,DIDELPHIDAE,Marmosa,Marmosa alstoni,"(J.A. Allen, 1900)",NA,NA,NA,LC,Alston's Woolly Mouse Opossum
1779,13297,ANIMALIA,CHORDATA,MAMMALIA,DIDELPHIMORPHIA,DIDELPHIDAE,Marmosa,Marmosa constantiae,"O. Thomas, 1904",NA,NA,NA,LC,White-bellied Wooly Mouse Opossum
1780,13319,ANIMALIA,CHORDATA,MAMMALIA,RODENTIA,CAVIIDAE,Microcavia,Microcavia australis,"(I. Geoffroy &amp; d’Orbigny, 1833)",NA,NA,NA,LC,Southern Mountain Cavy
1781,13320,ANIMALIA,CHORDATA,MAMMALIA,RODENTIA,CAVIIDAE,Microcavia,Microcavia niata,"(Thomas, 1898)",NA,NA,NA,LC,Andean Mountain Cavy
1782,13321,ANIMALIA,CHORDATA,MAMMALIA,RODENTIA,CAVIIDAE,Microcavia,Microcavia shiptoni,"(Thomas, 1925)",NA,NA,NA,LC,Shipton's Mountain Cavy
1783,13325,ANIMALIA,CHORDATA,MAMMALIA,PRIMATES,CHEIROGALEIDAE,Microcebus,Microcebus myoxinus,"Peters, 1852",NA,NA,NA,VU,Peters’ Mouse Lemur
1784,13332,ANIMALIA,CHORDATA,MAMMALIA,RODENTIA,MURIDAE,Microdillus,Microdillus peeli,"(de Winton, 1898)",NA,NA,NA,DD,Somali Pygmy Gerbil
1785,13343,ANIMALIA,CHORDATA,MAMMALIA,AFROSORICIDA,TENRECIDAE,Microgale,Microgale gracilis,"(Major, 1896)",NA,NA,NA,LC,Gracile Shrew Tenrec
1786,13344,ANIMALIA,CHORDATA,MAMMALIA,AFROSORICIDA,TENRECIDAE,Microgale,Microgale longicaudata,"Thomas, 1882",NA,NA,NA,LC,Lesser Long-tailed Shrew Tenrec
1787,13349,ANIMALIA,CHORDATA,MAMMALIA,AFROSORICIDA,TENRECIDAE,Microgale,Microgale parvula,"G. Grandidier, 1934",NA,NA,NA,LC,Pygmy Shrew Tenrec
1788,13350,ANIMALIA,CHORDATA,MAMMALIA,AFROSORICIDA,TENRECIDAE,Microgale,Microgale principula,"Thomas, 1926",NA,NA,NA,LC,Greater Long-tailed Shrew Tenrec
1789,13355,ANIMALIA,CHORDATA,MAMMALIA,AFROSORICIDA,TENRECIDAE,Microgale,Microgale thomasi,"Major, 1896",NA,NA,NA,LC,Thomas' Shrew Tenrec
1790,13356,ANIMALIA,CHORDATA,MAMMALIA,AFROSORICIDA,TENRECIDAE,Microgale,Microgale dryas,"Jenkins, 1992",NA,NA,NA,VU,Dryad Shrew Tenrec
1791,13373,ANIMALIA,CHORDATA,MAMMALIA,RODENTIA,MURIDAE,Micromys,Micromys minutus,"(Pallas, 1771)",NA,NA,NA,LC,Eurasian Harvest Mouse
1792,13375,ANIMALIA,CHORDATA,MAMMALIA,CHIROPTERA,PHYLLOSTOMIDAE,Glyphonycteris,Glyphonycteris behnii,"(Peters, 1865)",NA,NA,NA,DD,Behn's Big-eared Bat
1793,13376,ANIMALIA,CHORDATA,MAMMALIA,CHIROPTERA,PHYLLOSTOMIDAE,Lampronycteris,Lampronycteris brachyotis,"(Dobson, 1879)",NA,NA,NA,LC,Yellow-throated Big-eared Bat
1794,13377,ANIMALIA,CHORDATA,MAMMALIA,CHIROPTERA,PHYLLOSTOMIDAE,Glyphonycteris,Glyphonycteris daviesi,"(Hill, 1964)",NA,NA,NA,LC,Davies's Big-eared Bat
1795,13378,ANIMALIA,CHORDATA,MAMMALIA,CHIROPTERA,PHYLLOSTOMIDAE,Micronycteris,Micronycteris hirsuta,"(Peters, 1869)",NA,NA,NA,LC,Hairy Big-eared Bat
1796,13379,ANIMALIA,CHORDATA,MAMMALIA,CHIROPTERA,PHYLLOSTOMIDAE,Micronycteris,Micronycteris megalotis,"(Gray, 1842)",NA,NA,NA,LC,Little Big-eared Bat
1797,13380,ANIMALIA,CHORDATA,MAMMALIA,CHIROPTERA,PHYLLOSTOMIDAE,Micronycteris,Micronycteris minuta,"(Gervais, 1856)",NA,NA,NA,LC,White-bellied Big-eared Bat
1798,13381,ANIMALIA,CHORDATA,MAMMALIA,CHIROPTERA,PHYLLOSTOMIDAE,Trinycteris,Trinycteris nicefori,"Sanborn, 1949",NA,NA,NA,LC,Niceforo's Big-eared Bat
1799,13382,ANIMALIA,CHORDATA,MAMMALIA,CHIROPTERA,PHYLLOSTOMIDAE,Neonycteris,Neonycteris pusilla,"Sanborn, 1949",NA,NA,NA,DD,Least Big-eared Bat
1800,13383,ANIMALIA,CHORDATA,MAMMALIA,CHIROPTERA,PHYLLOSTOMIDAE,Micronycteris,Micronycteris schmidtorum,"Sanborn, 1935",NA,NA,NA,LC,Schmidts's Big-eared Bat
1801,13384,ANIMALIA,CHORDATA,MAMMALIA,CHIROPTERA,PHYLLOSTOMIDAE,Glyphonycteris,Glyphonycteris sylvestris,"(Thomas, 1896)",NA,NA,NA,LC,Tri-colored Big-eared Bat
1802,13389,ANIMALIA,CHORDATA,MAMMALIA,PERAMELEMORPHIA,PERAMELIDAE,Microperoryctes,Microperoryctes murina,"Stein, 1932",NA,NA,NA,VU,Mouse Bandicoot
1803,13390,ANIMALIA,CHORDATA,MAMMALIA,PERAMELEMORPHIA,PERAMELIDAE,Microperoryctes,Microperoryctes papuensis,"(Laurie, 1952)",NA,NA,NA,LC,Papuan Bandicoot
1804,13393,ANIMALIA,CHORDATA,MAMMALIA,AFROSORICIDA,TENRECIDAE,Micropotamogale,Micropotamogale lamottei,"Heim de Balsac, 1954",NA,NA,NA,VU,Nimba Otter Shrew
1805,13394,ANIMALIA,CHORDATA,MAMMALIA,AFROSORICIDA,TENRECIDAE,Micropotamogale,Micropotamogale ruwenzorii,"(de Witte &amp; Frechkop, 1955)",NA,NA,NA,LC,Rwenzori Otter Shrew
1806,13401,ANIMALIA,CHORDATA,MAMMALIA,CHIROPTERA,PTEROPODIDAE,Epomophorus,Epomophorus intermedius,"Hayman, 1963",NA,NA,NA,DD,Hayman's Lesser Epauletted Fruit Bat
1807,13402,ANIMALIA,CHORDATA,MAMMALIA,CHIROPTERA,PTEROPODIDAE,Epomophorus,Epomophorus pusillus,"(Peters, 1868)",NA,NA,NA,LC,Peter's Dwarf Epauletted Fruit Bat
1808,13407,ANIMALIA,CHORDATA,MAMMALIA,RODENTIA,CRICETIDAE,Microryzomys,Microryzomys altissimus,"(Osgood, 1933)",NA,NA,NA,LC,Highland Small Rice Rat
1809,13408,ANIMALIA,CHORDATA,MAMMALIA,RODENTIA,CRICETIDAE,Microryzomys,Microryzomys minutus,"(Tomes, 1860)",NA,NA,NA,LC,Forest Small Rice Rat
1810,13409,ANIMALIA,CHORDATA,MAMMALIA,RODENTIA,SCIURIDAE,Microsciurus,Microsciurus alfari,"(J.A. Allen, 1895)",NA,NA,NA,LC,Central American Dwarf Squirrel
1811,13410,ANIMALIA,CHORDATA,MAMMALIA,RODENTIA,SCIURIDAE,Microsciurus,Microsciurus flaviventer,"(Gray, 1867)",NA,NA,NA,LC,Amazon Dwarf Squirrel
1812,13411,ANIMALIA,CHORDATA,MAMMALIA,RODENTIA,SCIURIDAE,Microsciurus,Microsciurus mimulus,"(Thomas, 1898)",NA,NA,NA,LC,Western Dwarf Squirrel
1813,13412,ANIMALIA,CHORDATA,MAMMALIA,RODENTIA,SCIURIDAE,Microsciurus,Microsciurus santanderensis,"(Hernandez-Camacho, 1957)",NA,NA,NA,DD,Santander Dwarf Squirrel
1814,13417,ANIMALIA,CHORDATA,MAMMALIA,RODENTIA,CRICETIDAE,Microtus,Microtus breweri,"(Baird, 1858)",NA,NA,NA,VU,Beach Vole
1815,13418,ANIMALIA,CHORDATA,MAMMALIA,RODENTIA,CRICETIDAE,Microtus,Microtus cabrerae,"O. Thomas, 1906",NA,NA,NA,NT,Cabrera's Vole
1816,13425,ANIMALIA,CHORDATA,MAMMALIA,RODENTIA,CRICETIDAE,Microtus,Microtus abbreviatus,"Miller, 1899",NA,NA,NA,LC,Insular Vole
1817,13426,ANIMALIA,CHORDATA,MAMMALIA,RODENTIA,CRICETIDAE,Microtus,Microtus agrestis,"(Linnaeus, 1761)",NA,NA,NA,LC,Field Vole
1818,13427,ANIMALIA,CHORDATA,MAMMALIA,RODENTIA,CRICETIDAE,Microtus,Microtus californicus,"(Peale, 1848)",NA,NA,NA,LC,Amargosa Vole
1819,13428,ANIMALIA,CHORDATA,MAMMALIA,RODENTIA,CRICETIDAE,Microtus,Microtus daghestanicus,"(Shidlovsky, 1919)",NA,NA,NA,LC,Daghestan Pine Vole
1820,13429,ANIMALIA,CHORDATA,MAMMALIA,RODENTIA,CRICETIDAE,Alexandromys,Alexandromys evoronensis,"(Kovalskaya &amp; Sokolov, 1980)",NA,NA,NA,DD,Evoron Vole
1821,13430,ANIMALIA,CHORDATA,MAMMALIA,RODENTIA,CRICETIDAE,Alexandromys,Alexandromys fortis,"(Büchner, 1889)",NA,NA,NA,LC,Reed Vole
1822,13431,ANIMALIA,CHORDATA,MAMMALIA,RODENTIA,CRICETIDAE,Lasiopodomys,Lasiopodomys gregalis,"(Pallas, 1779)",NA,NA,NA,LC,Narrow-headed Vole
1823,13432,ANIMALIA,CHORDATA,MAMMALIA,RODENTIA,CRICETIDAE,Microtus,Microtus guatemalensis,"Merriam, 1898",NA,NA,NA,NT,Guatemalan Vole
1824,13433,ANIMALIA,CHORDATA,MAMMALIA,RODENTIA,CRICETIDAE,Microtus,Microtus hyperboreus,"Vinogradov, 1934",NA,NA,NA,LC,North Siberian Vole
1825,13435,ANIMALIA,CHORDATA,MAMMALIA,RODENTIA,CRICETIDAE,Neodon,Neodon irene,"(Thomas, 1911)",NA,NA,NA,LC,Irene's Mountain Vole
1826,13436,ANIMALIA,CHORDATA,MAMMALIA,RODENTIA,CRICETIDAE,Microtus,Microtus juldaschi,"(Severtzov, 1879)",NA,NA,NA,LC,Juniper Vole
1827,13437,ANIMALIA,CHORDATA,MAMMALIA,RODENTIA,CRICETIDAE,Microtus,Microtus kermanensis,"Roguin, 1988",NA,NA,NA,DD,Baluchistan Vole
1828,13438,ANIMALIA,CHORDATA,MAMMALIA,RODENTIA,CRICETIDAE,Microtus,Microtus ilaeus,"Thomas, 1912",NA,NA,NA,LC,Kazakhstan Vole
1829,13439,ANIMALIA,CHORDATA,MAMMALIA,RODENTIA,CRICETIDAE,Phaiomys,Phaiomys leucurus,"Blyth, 1863",NA,NA,NA,LC,Blyth's Vole
1830,13440,ANIMALIA,CHORDATA,MAMMALIA,RODENTIA,CRICETIDAE,Alexandromys,Alexandromys limnophilus,"(Büchner, 1889)",NA,NA,NA,LC,Lacustrine Vole
1831,13442,ANIMALIA,CHORDATA,MAMMALIA,RODENTIA,CRICETIDAE,Alexandromys,Alexandromys maximowiczii,"(Schrenk, 1859)",NA,NA,NA,LC,Maximowicz's Vole
1832,13443,ANIMALIA,CHORDATA,MAMMALIA,RODENTIA,CRICETIDAE,Microtus,Microtus mexicanus,"(Saussure, 1861)",NA,NA,NA,LC,Mexican Vole
1833,13444,ANIMALIA,CHORDATA,MAMMALIA,RODENTIA,CRICETIDAE,Alexandromys,Alexandromys middendorffii,"(Poljakov, 1881)",NA,NA,NA,LC,Middendorff's Vole
1834,13445,ANIMALIA,CHORDATA,MAMMALIA,RODENTIA,CRICETIDAE,Alexandromys,Alexandromys mongolicus,"(Radde, 1861)",NA,NA,NA,LC,Mongolian Vole
1835,13446,ANIMALIA,CHORDATA,MAMMALIA,RODENTIA,CRICETIDAE,Alexandromys,Alexandromys montebelli,"(Milne-Edwards, 1872)",NA,NA,NA,LC,Japanese Grass Vole
1836,13447,ANIMALIA,CHORDATA,MAMMALIA,RODENTIA,CRICETIDAE,Alexandromys,Alexandromys mujanensis,"(Orlov &amp; Kovalskaya, 1978)",NA,NA,NA,DD,Muya Valley Vole
1837,13448,ANIMALIA,CHORDATA,MAMMALIA,RODENTIA,CRICETIDAE,Microtus,Microtus nasarovi,"(Shidlovsky, 1938)",NA,NA,NA,DD,Nasarov's Vole
1838,13449,ANIMALIA,CHORDATA,MAMMALIA,RODENTIA,CRICETIDAE,Microtus,Microtus oaxacensis,"Goodwin, 1966",NA,NA,NA,EN,Tarabundi Vole
1839,13451,ANIMALIA,CHORDATA,MAMMALIA,RODENTIA,CRICETIDAE,Alexandromys,Alexandromys oeconomus,"(Pallas, 1776)",NA,NA,NA,LC,Root Vole
1840,13452,ANIMALIA,CHORDATA,MAMMALIA,RODENTIA,CRICETIDAE,Microtus,Microtus pennsylvanicus,"(Ord, 1815)",NA,NA,NA,LC,Meadow Vole
1841,13453,ANIMALIA,CHORDATA,MAMMALIA,RODENTIA,CRICETIDAE,Microtus,Microtus quasiater,"(Coues, 1874)",NA,NA,NA,NT,Jalapan Pine Vole
1842,13454,ANIMALIA,CHORDATA,MAMMALIA,RODENTIA,CRICETIDAE,Microtus,Microtus mystacinus,"(de Filippi, 1865)",NA,NA,NA,LC,East European Vole
1843,13455,ANIMALIA,CHORDATA,MAMMALIA,RODENTIA,CRICETIDAE,Alexandromys,Alexandromys sachalinensis,"Vasin, 1955",NA,NA,NA,LC,Sakhalin Vole
1844,13456,ANIMALIA,CHORDATA,MAMMALIA,RODENTIA,CRICETIDAE,Microtus,Microtus schelkovnikovi,"(Satunin, 1907)",NA,NA,NA,LC,Schelkovnikov's Pine Vole
1845,13457,ANIMALIA,CHORDATA,MAMMALIA,RODENTIA,CRICETIDAE,Neodon,Neodon sikimensis,"(Horsfield, 1841)",NA,NA,NA,LC,Sikkim Vole
1846,13458,ANIMALIA,CHORDATA,MAMMALIA,RODENTIA,CRICETIDAE,Microtus,Microtus socialis,"(Pallas, 1773)",NA,NA,NA,LC,Social Vole
1847,13459,ANIMALIA,CHORDATA,MAMMALIA,RODENTIA,CRICETIDAE,Microtus,Microtus transcaspicus,"Satunin, 1905",NA,NA,NA,LC,Baluchistan Vole
1848,13461,ANIMALIA,CHORDATA,MAMMALIA,RODENTIA,CRICETIDAE,Microtus,Microtus bavaricus,"(König, 1962)",NA,NA,NA,CR,Bavarian Pine Vole
1849,13462,ANIMALIA,CHORDATA,MAMMALIA,RODENTIA,CRICETIDAE,Microtus,Microtus felteni,"Malec &amp; Storch, 1963",NA,NA,NA,LC,Balkan Pine Vole
1850,13464,ANIMALIA,CHORDATA,MAMMALIA,RODENTIA,CRICETIDAE,Microtus,Microtus tatricus,"Kratochvíl, 1952",NA,NA,NA,LC,Tatra Vole
1851,13486,ANIMALIA,CHORDATA,MAMMALIA,RODENTIA,CRICETIDAE,Microtus,Microtus thomasi,"(Barrett-Hamilton, 1903)",NA,NA,NA,LC,Thomas's Pine Vole
1852,13487,ANIMALIA,CHORDATA,MAMMALIA,RODENTIA,CRICETIDAE,Microtus,Microtus townsendii,"(Bachman, 1839)",NA,NA,NA,LC,Townsend's Vole
1853,13488,ANIMALIA,CHORDATA,MAMMALIA,RODENTIA,CRICETIDAE,Microtus,Microtus arvalis,"(Pallas, 1778)",NA,NA,NA,LC,Common Vole
1854,13489,ANIMALIA,CHORDATA,MAMMALIA,RODENTIA,CRICETIDAE,Microtus,Microtus subterraneus,"(de Selys-Longchamps, 1836)",NA,NA,NA,LC,European Pine Vole
1855,13490,ANIMALIA,CHORDATA,MAMMALIA,RODENTIA,CRICETIDAE,Microtus,Microtus multiplex,"(Fatio, 1905)",NA,NA,NA,LC,Alpine Pine Vole
1856,13491,ANIMALIA,CHORDATA,MAMMALIA,RODENTIA,CRICETIDAE,Microtus,Microtus savii,"(de Sélys-Longchamps, 1838)",NA,NA,NA,LC,Savi's Pine Vole
1857,13493,ANIMALIA,CHORDATA,MAMMALIA,RODENTIA,CRICETIDAE,Microtus,Microtus duodecimcostatus,"(de Selys-Longchamps, 1839)",NA,NA,NA,LC,Mediterranean Pine Vole
1858,13494,ANIMALIA,CHORDATA,MAMMALIA,RODENTIA,CRICETIDAE,Microtus,Microtus lusitanicus,"(Gerbe, 1879)",NA,NA,NA,LC,Lusitanian Pine Vole
1859,13522,ANIMALIA,CHORDATA,MAMMALIA,RODENTIA,MURIDAE,Millardia,Millardia gleadowi,"(Murray, 1886)",NA,NA,NA,LC,Sand-coloured Metad
1860,13523,ANIMALIA,CHORDATA,MAMMALIA,RODENTIA,MURIDAE,Millardia,Millardia kathleenae,"Thomas, 1914",NA,NA,NA,LC,Burmese Metad
1861,13524,ANIMALIA,CHORDATA,MAMMALIA,RODENTIA,MURIDAE,Millardia,Millardia kondana,"Mishra &amp; Dhanda, 1975",NA,NA,NA,EN,Kondana Rat
1862,13525,ANIMALIA,CHORDATA,MAMMALIA,RODENTIA,MURIDAE,Millardia,Millardia meltada,"(Gray, 1837)",NA,NA,NA,LC,Soft-furred Metad
1863,13556,ANIMALIA,CHORDATA,MAMMALIA,CHIROPTERA,VESPERTILIONIDAE,Mimetillus,Mimetillus moloneyi,"(Thomas, 1891)",NA,NA,NA,LC,Moloney's Flat-headed Bat
1864,13559,ANIMALIA,CHORDATA,MAMMALIA,CHIROPTERA,PHYLLOSTOMIDAE,Mimon,Mimon bennettii,"(Gray, 1838)",NA,NA,NA,LC,Golden Bat
1865,13560,ANIMALIA,CHORDATA,MAMMALIA,CHIROPTERA,PHYLLOSTOMIDAE,Gardnerycteris,Gardnerycteris crenulatum,"É. Geoffroy, 1810",NA,NA,NA,LC,Striped Hairy-nosed Bat
1866,13562,ANIMALIA,CHORDATA,MAMMALIA,CHIROPTERA,MINIOPTERIDAE,Miniopterus,Miniopterus australis,"Tommes, 1858",NA,NA,NA,LC,Little Bent-winged Bat
1867,13563,ANIMALIA,CHORDATA,MAMMALIA,CHIROPTERA,MINIOPTERIDAE,Miniopterus,Miniopterus fraterculus,"Thomas & Schwann, 1906",NA,NA,NA,LC,Lesser Long-fingered Bat
1868,13564,ANIMALIA,CHORDATA,MAMMALIA,CHIROPTERA,MINIOPTERIDAE,Miniopterus,Miniopterus fuscus,"Bonhote, 1902",NA,NA,NA,EN,Southeast Asian Long-fingered Bat
1869,13565,ANIMALIA,CHORDATA,MAMMALIA,CHIROPTERA,MINIOPTERIDAE,Miniopterus,Miniopterus inflatus,"Thomas, 1903",NA,NA,NA,LC,Greater Long-fingered Bat
1870,13566,ANIMALIA,CHORDATA,MAMMALIA,CHIROPTERA,MINIOPTERIDAE,Miniopterus,Miniopterus magnater,"Sanborn, 1931",NA,NA,NA,LC,Large Bent-winged Bat
1871,13567,ANIMALIA,CHORDATA,MAMMALIA,CHIROPTERA,MINIOPTERIDAE,Miniopterus,Miniopterus medius,"Thomas &amp; Wroughton, 1909",NA,NA,NA,LC,Medium Bent-winged Bat
1872,13568,ANIMALIA,CHORDATA,MAMMALIA,CHIROPTERA,MINIOPTERIDAE,Miniopterus,Miniopterus minor,"Peters, 1867",NA,NA,NA,DD,Least Long-fingered Bat
1873,13569,ANIMALIA,CHORDATA,MAMMALIA,CHIROPTERA,MINIOPTERIDAE,Miniopterus,Miniopterus pusillus,"Dobson, 1876",NA,NA,NA,LC,Small Long-fingered Bat
1874,13570,ANIMALIA,CHORDATA,MAMMALIA,CHIROPTERA,MINIOPTERIDAE,Miniopterus,Miniopterus robustior,"Revilliod, 1914",NA,NA,NA,EN,Loyalty Bent-winged Bat
1875,13571,ANIMALIA,CHORDATA,MAMMALIA,CHIROPTERA,MINIOPTERIDAE,Miniopterus,Miniopterus tristis,"Waterhouse, 1845",NA,NA,NA,LC,Great Long-fingered Bat
1876,13572,ANIMALIA,CHORDATA,MAMMALIA,PRIMATES,CERCOPITHECIDAE,Miopithecus,Miopithecus talapoin,"(Schreber, 1774)",NA,NA,NA,VU,Southern Talapoin Monkey
1877,13581,ANIMALIA,CHORDATA,MAMMALIA,CARNIVORA,PHOCIDAE,Mirounga,Mirounga angustirostris,"(Gill, 1866)",NA,NA,NA,LC,Northern Elephant Seal
1878,13583,ANIMALIA,CHORDATA,MAMMALIA,CARNIVORA,PHOCIDAE,Mirounga,Mirounga leonina,"(Linnaeus, 1758)",NA,NA,NA,LC,Southern Elephant Seal
1879,13584,ANIMALIA,CHORDATA,MAMMALIA,PRIMATES,CHEIROGALEIDAE,Mirza,Mirza coquereli,"(A. Grandidier, 1867)",NA,NA,NA,EN,Coquerel's Giant Mouse Lemur
1880,13603,ANIMALIA,CHORDATA,MAMMALIA,EULIPOTYPHLA,TALPIDAE,Mogera,Mogera tokudae,"Kuroda, 1940",NA,NA,NA,NT,Sado Mole
1881,13604,ANIMALIA,CHORDATA,MAMMALIA,EULIPOTYPHLA,TALPIDAE,Mogera,Mogera etigo,"Yoshiyuki &amp; Imaizumi, 1991",NA,NA,NA,EN,Etigo Mole
1882,13637,ANIMALIA,CHORDATA,MAMMALIA,CHIROPTERA,MOLOSSIDAE,Cynomops,Cynomops abrasus,"(Temminck, 1827)",NA,NA,NA,DD,Cinnamon Dog-faced Bat
1883,13638,ANIMALIA,CHORDATA,MAMMALIA,CHIROPTERA,MOLOSSIDAE,Molossops,Molossops aequatorianus,"Cabrera, 1917",NA,NA,NA,EN,Equatorial Dog-faced Bat
1884,13639,ANIMALIA,CHORDATA,MAMMALIA,CHIROPTERA,MOLOSSIDAE,Cynomops,Cynomops greenhalli,"(Goodwin, 1958)",NA,NA,NA,LC,Greenhall's Dog-faced Bat
1885,13640,ANIMALIA,CHORDATA,MAMMALIA,CHIROPTERA,MOLOSSIDAE,Molossops,Molossops mattogrossensis,"Vieira, 1942",NA,NA,NA,LC,Mato Grosso Dog-faced Bat
1886,13641,ANIMALIA,CHORDATA,MAMMALIA,CHIROPTERA,MOLOSSIDAE,Molossops,Molossops neglectus,"Williams &amp; Genoways, 1980",NA,NA,NA,DD,Rufous Dog-faced Bat
1887,13642,ANIMALIA,CHORDATA,MAMMALIA,CHIROPTERA,MOLOSSIDAE,Cynomops,Cynomops planirostris,"(Peters, 1865)",NA,NA,NA,LC,Southern Dog-faced Bat
1888,13643,ANIMALIA,CHORDATA,MAMMALIA,CHIROPTERA,MOLOSSIDAE,Molossops,Molossops temminckii,"(Burmeister, 1854)",NA,NA,NA,LC,Dwarf Dog-faced Bat
1889,13644,ANIMALIA,CHORDATA,MAMMALIA,CHIROPTERA,MOLOSSIDAE,Molossus,Molossus rufus,"É. Geoffroy Saint-Hilaire, 1805",NA,NA,NA,LC,Black Mastiff Bat
1890,13645,ANIMALIA,CHORDATA,MAMMALIA,CHIROPTERA,MOLOSSIDAE,Molossus,Molossus aztecus,"Saussure, 1860",NA,NA,NA,LC,Aztec Mastiff Bat
1891,13648,ANIMALIA,CHORDATA,MAMMALIA,CHIROPTERA,MOLOSSIDAE,Molossus,Molossus molossus,"(Pallas, 1766)",NA,NA,NA,LC,Pallas's Mastiff Bat
1892,13649,ANIMALIA,CHORDATA,MAMMALIA,CHIROPTERA,MOLOSSIDAE,Molossus,Molossus pretiosus,"Miller, 1902",NA,NA,NA,LC,Miller's Mastiff Bat
1893,13650,ANIMALIA,CHORDATA,MAMMALIA,CHIROPTERA,MOLOSSIDAE,Molossus,Molossus sinaloae,"J.A. Allen, 1906",NA,NA,NA,LC,Sinaloan Mastiff Bat
1894,13653,ANIMALIA,CHORDATA,MAMMALIA,CARNIVORA,PHOCIDAE,Monachus,Monachus monachus,"(Hermann, 1779)",NA,NA,NA,VU,Mediterranean Monk Seal
1895,13654,ANIMALIA,CHORDATA,MAMMALIA,CARNIVORA,PHOCIDAE,Neomonachus,Neomonachus schauinslandi,"(Matschie, 1905)",NA,NA,NA,EN,Hawaiian Monk Seal
1896,13655,ANIMALIA,CHORDATA,MAMMALIA,CARNIVORA,PHOCIDAE,Neomonachus,Neomonachus tropicalis,"(Gray, 1850)",NA,NA,NA,EX,Caribbean Monk Seal
1897,13693,ANIMALIA,CHORDATA,MAMMALIA,DIDELPHIMORPHIA,DIDELPHIDAE,Monodelphis,Monodelphis dimidiata,"(Wagner, 1847)",NA,NA,NA,LC,Southern Short-tailed Opossum
1898,13694,ANIMALIA,CHORDATA,MAMMALIA,DIDELPHIMORPHIA,DIDELPHIDAE,Monodelphis,Monodelphis emiliae,"(Thomas, 1912)",NA,NA,NA,LC,Emilia's Short-tailed Opossum
1899,13695,ANIMALIA,CHORDATA,MAMMALIA,DIDELPHIMORPHIA,DIDELPHIDAE,Monodelphis,Monodelphis iheringi,"Thomas, 1888",NA,NA,NA,DD,Ihering's Short-tailed Opossum
1900,13696,ANIMALIA,CHORDATA,MAMMALIA,DIDELPHIMORPHIA,DIDELPHIDAE,Monodelphis,Monodelphis kunsi,"Pine, 1975",NA,NA,NA,LC,Pygmy Short-tailed Opossum
1901,13698,ANIMALIA,CHORDATA,MAMMALIA,DIDELPHIMORPHIA,DIDELPHIDAE,Monodelphis,Monodelphis osgoodi,"Doutt, 1938",NA,NA,NA,LC,Osgood's Short-tailed Opossum
1902,13703,ANIMALIA,CHORDATA,MAMMALIA,DIDELPHIMORPHIA,DIDELPHIDAE,Monodelphis,Monodelphis unistriata,"(Wagner, 1842)",NA,NA,NA,CR,Single-striped Opossum
1903,13704,ANIMALIA,CHORDATA,MAMMALIA,ARTIODACTYLA,MONODONTIDAE,Monodon,Monodon monoceros,"Linnaeus, 1758",NA,NA,NA,LC,Narwhal
1904,13719,ANIMALIA,CHORDATA,MAMMALIA,CHIROPTERA,PHYLLOSTOMIDAE,Monophyllus,Monophyllus plethodon,"Miller, 1900",NA,NA,NA,LC,Insular Single-leaf Bat
1905,13720,ANIMALIA,CHORDATA,MAMMALIA,CHIROPTERA,PHYLLOSTOMIDAE,Monophyllus,Monophyllus redmani,"Leach, 1821",NA,NA,NA,LC,Leach's Single-leaf Bat
1906,13837,ANIMALIA,CHORDATA,MAMMALIA,CHIROPTERA,MOLOSSIDAE,Mops,Mops brachypterus,"(Peters, 1852)",NA,NA,NA,LC,Sierra Leone Mops Bat
1907,13838,ANIMALIA,CHORDATA,MAMMALIA,CHIROPTERA,MOLOSSIDAE,Mops,Mops condylurus,"(A. Smith, 1833)",NA,NA,NA,LC,Angolan Mops Bat
1908,13839,ANIMALIA,CHORDATA,MAMMALIA,CHIROPTERA,MOLOSSIDAE,Mops,Mops congicus,"J.A. Allen, 1917",NA,NA,NA,LC,Medje Mops Bat
1909,13840,ANIMALIA,CHORDATA,MAMMALIA,CHIROPTERA,MOLOSSIDAE,Mops,Mops demonstrator,"(Thomas, 1903)",NA,NA,NA,LC,Mongalla Mops Bat
1910,13841,ANIMALIA,CHORDATA,MAMMALIA,CHIROPTERA,MOLOSSIDAE,Mops,Mops midas,"(Sundevall, 1843)",NA,NA,NA,LC,Midas Mops Bat
1911,13842,ANIMALIA,CHORDATA,MAMMALIA,CHIROPTERA,MOLOSSIDAE,Mops,Mops mops,"(de Blainville, 1840)",NA,NA,NA,NT,Malayan Free-tailed Bat
1912,13843,ANIMALIA,CHORDATA,MAMMALIA,CHIROPTERA,MOLOSSIDAE,Mops,Mops nanulus,"J.A. Allen, 1917",NA,NA,NA,LC,Dwarf Mops Bat
1913,13844,ANIMALIA,CHORDATA,MAMMALIA,CHIROPTERA,MOLOSSIDAE,Mops,Mops niangarae,"J.A. Allen, 1917",NA,NA,NA,DD,Niangara Mops Bat
1914,13845,ANIMALIA,CHORDATA,MAMMALIA,CHIROPTERA,MOLOSSIDAE,Mops,Mops niveiventer,"Cabrera &amp; Ruxton, 1926",NA,NA,NA,LC,White-bellied Mops Bat
1915,13846,ANIMALIA,CHORDATA,MAMMALIA,CHIROPTERA,MOLOSSIDAE,Mops,Mops petersoni,"(El-Rayah, 1981)",NA,NA,NA,NT,Peterson's Mops Bat
1916,13847,ANIMALIA,CHORDATA,MAMMALIA,CHIROPTERA,MOLOSSIDAE,Mops,Mops sarasinorum,"(Meyer, 1899)",NA,NA,NA,DD,Sulawesian Free-tailed Bat
1917,13848,ANIMALIA,CHORDATA,MAMMALIA,CHIROPTERA,MOLOSSIDAE,Mops,Mops spurrelli,"(Dollman, 1911)",NA,NA,NA,LC,Spurrell's Mops Bat
1918,13849,ANIMALIA,CHORDATA,MAMMALIA,CHIROPTERA,MOLOSSIDAE,Mops,Mops thersites,"(Thomas, 1903)",NA,NA,NA,LC,Railer Bat
1919,13850,ANIMALIA,CHORDATA,MAMMALIA,CHIROPTERA,MOLOSSIDAE,Mops,Mops trevori,"J.A. Allen, 1917",NA,NA,NA,DD,Trevor's Mops Bat
1920,13877,ANIMALIA,CHORDATA,MAMMALIA,CHIROPTERA,MORMOOPIDAE,Mormoops,Mormoops blainvillei,"Leach, 1821",NA,NA,NA,LC,Antillean Ghost-faced Bat
1921,13878,ANIMALIA,CHORDATA,MAMMALIA,CHIROPTERA,MORMOOPIDAE,Mormoops,Mormoops megalophylla,"(Peters, 1864)",NA,NA,NA,LC,Ghost-faced Bat
1922,13880,ANIMALIA,CHORDATA,MAMMALIA,CHIROPTERA,MOLOSSIDAE,Ozimops,Ozimops beccarii,"(Peters, 1881)",NA,NA,NA,LC,Beccari's Free-tailed Bat
1923,13881,ANIMALIA,CHORDATA,MAMMALIA,CHIROPTERA,MOLOSSIDAE,Mormopterus,Mormopterus doriae,"K. Andersen, 1907",NA,NA,NA,DD,Sumatran Mastiff Bat
1924,13882,ANIMALIA,CHORDATA,MAMMALIA,CHIROPTERA,MOLOSSIDAE,Mormopterus,Mormopterus jugularis,"(Peters in Sclater, 1865)",NA,NA,NA,LC,Peters' Wrinkle-lipped Bat
1925,13883,ANIMALIA,CHORDATA,MAMMALIA,CHIROPTERA,MOLOSSIDAE,Mormopterus,Mormopterus kalinowskii,"(Thomas, 1893)",NA,NA,NA,LC,Kalinowski's Mastiff Bat
1926,13884,ANIMALIA,CHORDATA,MAMMALIA,CHIROPTERA,MOLOSSIDAE,Mormopterus,Mormopterus minutus,"(Miller, 1899)",NA,NA,NA,VU,Little Goblin Bat
1927,13887,ANIMALIA,CHORDATA,MAMMALIA,CHIROPTERA,MOLOSSIDAE,Mormopterus,Mormopterus phrudus,"Handley, 1956",NA,NA,NA,VU,Incan Little Mastiff Bat
1928,13894,ANIMALIA,CHORDATA,MAMMALIA,ARTIODACTYLA,MOSCHIDAE,Moschus,Moschus berezovskii,"Flerov, 1929",NA,NA,NA,EN,Forest Musk Deer
1929,13895,ANIMALIA,CHORDATA,MAMMALIA,ARTIODACTYLA,MOSCHIDAE,Moschus,Moschus chrysogaster,"(Hodgson, 1839)",NA,NA,NA,EN,Alpine Musk Deer
1930,13896,ANIMALIA,CHORDATA,MAMMALIA,ARTIODACTYLA,MOSCHIDAE,Moschus,Moschus fuscus,"Li, 1981",NA,NA,NA,EN,Black Musk Deer
1931,13897,ANIMALIA,CHORDATA,MAMMALIA,ARTIODACTYLA,MOSCHIDAE,Moschus,Moschus moschiferus,"Linnaeus, 1758",NA,NA,NA,VU,Siberian Musk Deer
1932,13901,ANIMALIA,CHORDATA,MAMMALIA,ARTIODACTYLA,MOSCHIDAE,Moschus,Moschus leucogaster,"Hodgson, 1839",NA,NA,NA,EN,Himalayan Muskdeer
1933,13904,ANIMALIA,CHORDATA,MAMMALIA,CHIROPTERA,EMBALLONURIDAE,Mosia,Mosia nigrescens,"(Gray, 1843)",NA,NA,NA,LC,Lesser Sheath-tailed Bat
1934,13922,ANIMALIA,CHORDATA,MAMMALIA,CARNIVORA,HERPESTIDAE,Mungos,Mungos gambianus,"(Ogilby, 1835)",NA,NA,NA,LC,Gambian Mongoose
1935,13923,ANIMALIA,CHORDATA,MAMMALIA,CARNIVORA,EUPLERIDAE,Mungotictis,Mungotictis decemlineata,"(A. Grandidier, 1867)",NA,NA,NA,EN,Bokiboky
1936,13924,ANIMALIA,CHORDATA,MAMMALIA,ARTIODACTYLA,CERVIDAE,Muntiacus,Muntiacus crinifrons,"(Sclater, 1885)",NA,NA,NA,VU,Black Muntjac
1937,13926,ANIMALIA,CHORDATA,MAMMALIA,ARTIODACTYLA,CERVIDAE,Muntiacus,Muntiacus gongshanensis,"Ma in Ma, Wang &amp; Shi, 1990",NA,NA,NA,DD,Gongshan Muntjac
1938,13927,ANIMALIA,CHORDATA,MAMMALIA,ARTIODACTYLA,CERVIDAE,Muntiacus,Muntiacus feae,"(Thomas &amp; Doria, 1889)",NA,NA,NA,DD,Fea's Muntjac
1939,13928,ANIMALIA,CHORDATA,MAMMALIA,ARTIODACTYLA,CERVIDAE,Muntiacus,Muntiacus rooseveltorum,"Osgood, 1932",NA,NA,NA,DD,Roosevelts' Muntjac
1940,13930,ANIMALIA,CHORDATA,MAMMALIA,DASYUROMORPHIA,DASYURIDAE,Murexia,Murexia longicaudata,"(Schlegel, 1866)",NA,NA,NA,LC,Short-furred Dasyure
1941,13931,ANIMALIA,CHORDATA,MAMMALIA,DASYUROMORPHIA,DASYURIDAE,Murexia,Murexia rothschildi,"Tate, 1938",NA,NA,NA,NT,Broad-striped Dasyure
1942,13935,ANIMALIA,CHORDATA,MAMMALIA,RODENTIA,MURIDAE,Muriculus,Muriculus imberbis,"(Rüppell, 1842)",NA,NA,NA,LC,Ethiopian Striped Mouse
1943,13936,ANIMALIA,CHORDATA,MAMMALIA,CHIROPTERA,VESPERTILIONIDAE,Murina,Murina aenea,"Hill, 1964",NA,NA,NA,VU,Bronze Tube-nosed Bat
1944,13937,ANIMALIA,CHORDATA,MAMMALIA,CHIROPTERA,VESPERTILIONIDAE,Murina,Murina aurata,"Milne-Edwards, 1872",NA,NA,NA,DD,Tibetan Tube-nosed Bat
1945,13939,ANIMALIA,CHORDATA,MAMMALIA,CHIROPTERA,VESPERTILIONIDAE,Murina,Murina florium,"Thomas, 1908",NA,NA,NA,LC,Flute-nosed Bat
1946,13940,ANIMALIA,CHORDATA,MAMMALIA,CHIROPTERA,VESPERTILIONIDAE,Murina,Murina fusca,"Sowerby, 1922",NA,NA,NA,DD,Dusky Tube-nosed Bat
1947,13941,ANIMALIA,CHORDATA,MAMMALIA,CHIROPTERA,VESPERTILIONIDAE,Harpiola,Harpiola grisea,"(Peters, 1872)",NA,NA,NA,DD,Peter's Tube-nosed Bat
1948,13942,ANIMALIA,CHORDATA,MAMMALIA,CHIROPTERA,VESPERTILIONIDAE,Murina,Murina huttoni,"(Peters, 1872)",NA,NA,NA,LC,White-bellied Tube-nosed Bat
1949,13943,ANIMALIA,CHORDATA,MAMMALIA,CHIROPTERA,VESPERTILIONIDAE,Murina,Murina leucogaster,"Milne-Edwards, 1872",NA,NA,NA,LC,Rufous Tube-nosed Bat
1950,13944,ANIMALIA,CHORDATA,MAMMALIA,CHIROPTERA,VESPERTILIONIDAE,Murina,Murina puta,"Kishida, 1924",NA,NA,NA,LC,Taiwanese Tube-nosed Bat
1951,13945,ANIMALIA,CHORDATA,MAMMALIA,CHIROPTERA,VESPERTILIONIDAE,Murina,Murina rozendaali,"Hill &amp; Francis, 1984",NA,NA,NA,VU,Gilded Tube-nosed Bat
1952,13947,ANIMALIA,CHORDATA,MAMMALIA,CHIROPTERA,VESPERTILIONIDAE,Murina,Murina suilla,"(Temminck, 1840)",NA,NA,NA,LC,Brown Tube-nosed Bat
1953,13948,ANIMALIA,CHORDATA,MAMMALIA,CHIROPTERA,VESPERTILIONIDAE,Murina,Murina tenebrosa,"Yoshiyuki, 1970",NA,NA,NA,CR,Gloomy Tube-nosed Bat
1954,13952,ANIMALIA,CHORDATA,MAMMALIA,RODENTIA,MURIDAE,Mus,Mus baoulei,"(Vermeiren &amp; Verheyen, 1980)",NA,NA,NA,LC,Baoule's Mouse
1955,13953,ANIMALIA,CHORDATA,MAMMALIA,RODENTIA,MURIDAE,Mus,Mus booduga,"(Gray, 1837)",NA,NA,NA,LC,Common Indian Field Mouse
1956,13954,ANIMALIA,CHORDATA,MAMMALIA,RODENTIA,MURIDAE,Mus,Mus bufo,"(Thomas, 1906)",NA,NA,NA,LC,Toad Mouse
1957,13955,ANIMALIA,CHORDATA,MAMMALIA,RODENTIA,MURIDAE,Mus,Mus callewaerti,"(Thomas, 1925)",NA,NA,NA,DD,Callewaert's Mouse
1958,13956,ANIMALIA,CHORDATA,MAMMALIA,RODENTIA,MURIDAE,Mus,Mus caroli,"Bonhote, 1902",NA,NA,NA,LC,Ryukyu Mouse
1959,13957,ANIMALIA,CHORDATA,MAMMALIA,RODENTIA,MURIDAE,Mus,Mus cervicolor,"Hodgson, 1845",NA,NA,NA,LC,Fawn-colored Mouse
1960,13958,ANIMALIA,CHORDATA,MAMMALIA,RODENTIA,MURIDAE,Mus,Mus cookii,"Ryley, 1914",NA,NA,NA,LC,Ryley’s Spiny Mouse
1961,13959,ANIMALIA,CHORDATA,MAMMALIA,RODENTIA,MURIDAE,Mus,Mus crociduroides,"Robinson &amp; Kloss, 1916",NA,NA,NA,DD,Sumatran Shrewlike Mouse
1962,13960,ANIMALIA,CHORDATA,MAMMALIA,RODENTIA,MURIDAE,Mus,Mus famulus,"Bonhote, 1898",NA,NA,NA,EN,Bonhote’s Mouse
1963,13961,ANIMALIA,CHORDATA,MAMMALIA,RODENTIA,MURIDAE,Mus,Mus fernandoni,"(Phillips, 1932)",NA,NA,NA,EN,Ceylon Spiny Mouse
1964,13962,ANIMALIA,CHORDATA,MAMMALIA,RODENTIA,MURIDAE,Mus,Mus goundae,"F. Petter &amp; Genest, 1970",NA,NA,NA,DD,Gounda Mouse
1965,13963,ANIMALIA,CHORDATA,MAMMALIA,RODENTIA,MURIDAE,Mus,Mus haussa,"(Thomas &amp; Hinton, 1920)",NA,NA,NA,LC,Hausa Mouse
1966,13964,ANIMALIA,CHORDATA,MAMMALIA,RODENTIA,MURIDAE,Mus,Mus indutus,"(Thomas, 1910)",NA,NA,NA,LC,Desert Pygmy Mouse
1967,13966,ANIMALIA,CHORDATA,MAMMALIA,RODENTIA,MURIDAE,Mus,Mus macedonicus,"Petrov &amp; Ruzic, 1983",NA,NA,NA,LC,Macedonian Mouse
1968,13967,ANIMALIA,CHORDATA,MAMMALIA,RODENTIA,MURIDAE,Mus,Mus mahomet,"Rhoads, 1896",NA,NA,NA,LC,Mahomet Mouse
1969,13968,ANIMALIA,CHORDATA,MAMMALIA,RODENTIA,MURIDAE,Mus,Mus mattheyi,"F. Petter, 1969",NA,NA,NA,LC,Matthey's Mouse
1970,13969,ANIMALIA,CHORDATA,MAMMALIA,RODENTIA,MURIDAE,Mus,Mus mayori,"(Thomas, 1915)",NA,NA,NA,VU,Mayor’s Mouse
1971,13970,ANIMALIA,CHORDATA,MAMMALIA,RODENTIA,MURIDAE,Mus,Mus minutoides,"Smith, 1834",NA,NA,NA,LC,Pygmy Mouse
1972,13972,ANIMALIA,CHORDATA,MAMMALIA,RODENTIA,MURIDAE,Mus,Mus musculus,"Linnaeus, 1758",NA,NA,NA,LC,House Mouse
1973,13973,ANIMALIA,CHORDATA,MAMMALIA,RODENTIA,MURIDAE,Mus,Mus neavei,"(Thomas, 1910)",NA,NA,NA,DD,Neave's Mouse
1974,13975,ANIMALIA,CHORDATA,MAMMALIA,RODENTIA,MURIDAE,Mus,Mus oubanguii,"F. Petter &amp; Genest, 1970",NA,NA,NA,DD,Oubangui Mouse
1975,13976,ANIMALIA,CHORDATA,MAMMALIA,RODENTIA,MURIDAE,Mus,Mus pahari,"Thomas, 1916",NA,NA,NA,LC,Gairdner's Shrewmouse
1976,13977,ANIMALIA,CHORDATA,MAMMALIA,RODENTIA,MURIDAE,Mus,Mus phillipsi,"Wroughton, 1912",NA,NA,NA,LC,Wroughton’s Small Spiny Mouse
1977,13978,ANIMALIA,CHORDATA,MAMMALIA,RODENTIA,MURIDAE,Mus,Mus platythrix,"Bennett, 1832",NA,NA,NA,LC,Brown Spiny Mouse
1978,13979,ANIMALIA,CHORDATA,MAMMALIA,RODENTIA,MURIDAE,Mus,Mus saxicola,"Elliot, 1839",NA,NA,NA,LC,Brown Spiny Mouse
1979,13980,ANIMALIA,CHORDATA,MAMMALIA,RODENTIA,MURIDAE,Mus,Mus setulosus,"Peters, 1876",NA,NA,NA,LC,Peter's Mouse
1980,13981,ANIMALIA,CHORDATA,MAMMALIA,RODENTIA,MURIDAE,Mus,Mus setzeri,"F. Petter, 1978",NA,NA,NA,LC,Setzer's Pygmy Mouse
1981,13982,ANIMALIA,CHORDATA,MAMMALIA,RODENTIA,MURIDAE,Mus,Mus shortridgei,"Thomas, 1914",NA,NA,NA,LC,Shortridge’s Mouse
1982,13983,ANIMALIA,CHORDATA,MAMMALIA,RODENTIA,MURIDAE,Mus,Mus sorella,"(Thomas, 1909)",NA,NA,NA,LC,Thomas's Pygmy Mouse
1983,13984,ANIMALIA,CHORDATA,MAMMALIA,RODENTIA,MURIDAE,Mus,Mus spicilegus,"Petényi, 1882",NA,NA,NA,LC,Steppe Mouse
1984,13985,ANIMALIA,CHORDATA,MAMMALIA,RODENTIA,MURIDAE,Mus,Mus spretus,"Lataste, 1883",NA,NA,NA,LC,Western Mediterranean Mouse
1985,13986,ANIMALIA,CHORDATA,MAMMALIA,RODENTIA,MURIDAE,Mus,Mus tenellus,"(Thomas, 1903)",NA,NA,NA,LC,Delicate Mouse
1986,13987,ANIMALIA,CHORDATA,MAMMALIA,RODENTIA,MURIDAE,Mus,Mus terricolor,"Blyth, 1851",NA,NA,NA,LC,Earth-colored Mouse
1987,13988,ANIMALIA,CHORDATA,MAMMALIA,RODENTIA,MURIDAE,Mus,Mus triton,"(Thomas, 1909)",NA,NA,NA,LC,Gray-bellied Pygmy Mouse
1988,13989,ANIMALIA,CHORDATA,MAMMALIA,RODENTIA,MURIDAE,Mus,Mus vulcani,"(Robinson &amp; Kloss, 1919)",NA,NA,NA,LC,Javan Shrew-like Mouse
1989,13992,ANIMALIA,CHORDATA,MAMMALIA,RODENTIA,GLIRIDAE,Muscardinus,Muscardinus avellanarius,"(Linnaeus, 1758)",NA,NA,NA,LC,Hazel Dormouse
1990,14003,ANIMALIA,CHORDATA,MAMMALIA,CHIROPTERA,PHYLLOSTOMIDAE,Musonycteris,Musonycteris harrisoni,"Schaldach &amp; McLaughlin, 1960",NA,NA,NA,VU,Banana Bat
1991,14018,ANIMALIA,CHORDATA,MAMMALIA,CARNIVORA,MUSTELIDAE,Mustela,Mustela lutreola,"(Linnaeus, 1761)",NA,NA,NA,CR,European Mink
1992,14019,ANIMALIA,CHORDATA,MAMMALIA,CARNIVORA,MUSTELIDAE,Mustela,Mustela lutreolina,"Robinson &amp; Thomas, 1917",NA,NA,NA,LC,Indonesian Mountain Weasel
1993,14020,ANIMALIA,CHORDATA,MAMMALIA,CARNIVORA,MUSTELIDAE,Mustela,Mustela nigripes,"(Audubon &amp; Bachman, 1851)",NA,NA,NA,EN,Black-footed Ferret
1994,14025,ANIMALIA,CHORDATA,MAMMALIA,CARNIVORA,MUSTELIDAE,Mustela,Mustela africana,"Desmarest, 1818",NA,NA,NA,LC,Amazon Weasel
1995,14026,ANIMALIA,CHORDATA,MAMMALIA,CARNIVORA,MUSTELIDAE,Mustela,Mustela felipei,"Izor &amp; de la Torre, 1978",NA,NA,NA,VU,Colombian Weasel
1996,14027,ANIMALIA,CHORDATA,MAMMALIA,CARNIVORA,MUSTELIDAE,Mustela,Mustela strigidorsa,"Gray, 1853",NA,NA,NA,LC,Stripe-backed Weasel
1997,14055,ANIMALIA,CHORDATA,MAMMALIA,CARNIVORA,MEPHITIDAE,Mydaus,Mydaus marchei,"(Huet, 1887)",NA,NA,NA,LC,Palawan Stink-badger
1998,14085,ANIMALIA,CHORDATA,MAMMALIA,RODENTIA,MYOCASTORIDAE,Myocastor,Myocastor coypus,"(Molina, 1782)",NA,NA,NA,LC,Coypu
1999,14086,ANIMALIA,CHORDATA,MAMMALIA,DASYUROMORPHIA,DASYURIDAE,Myoictis,Myoictis melas,"(Müller, 1840)",NA,NA,NA,LC,Müller’s Three-striped Dasyure
2000,14087,ANIMALIA,CHORDATA,MAMMALIA,RODENTIA,GLIRIDAE,Myomimus,Myomimus roachi,"(Bate, 1937)",NA,NA,NA,VU,Roach's Mouse-tailed Dormouse
2001,14088,ANIMALIA,CHORDATA,MAMMALIA,RODENTIA,GLIRIDAE,Myomimus,Myomimus personatus,"Ognev, 1924",NA,NA,NA,DD,Masked Mouse-tailed Dormouse
2002,14089,ANIMALIA,CHORDATA,MAMMALIA,RODENTIA,GLIRIDAE,Myomimus,Myomimus setzeri,"Rossolimo, 1976",NA,NA,NA,DD,Setzer's Mouse-tailed Dormouse
2003,14096,ANIMALIA,CHORDATA,MAMMALIA,RODENTIA,MURIDAE,Myomyscus,Myomyscus yemeni,"(Sanborn &amp; Hoogstraal, 1953)",NA,NA,NA,DD,Yemeni Mouse
2004,14097,ANIMALIA,CHORDATA,MAMMALIA,CHIROPTERA,PTEROPODIDAE,Myonycteris,Myonycteris brachycephala,"(Bocage, 1889)",NA,NA,NA,EN,Sao Tomé Collared Fruit Bat
2005,14098,ANIMALIA,CHORDATA,MAMMALIA,CHIROPTERA,PTEROPODIDAE,Myonycteris,Myonycteris relicta,"Bergmans, 1980",NA,NA,NA,LC,East African Little Collared Fruit Bat
2006,14100,ANIMALIA,CHORDATA,MAMMALIA,RODENTIA,DASYPROCTIDAE,Myoprocta,Myoprocta acouchy,"(Erxleben, 1777)",NA,NA,NA,LC,Red Acouchi
2007,14102,ANIMALIA,CHORDATA,MAMMALIA,CHIROPTERA,MOLOSSIDAE,Myopterus,Myopterus daubentonii,"Desmarest, 1820",NA,NA,NA,DD,Daubenton's Free-tailed Bat
2008,14103,ANIMALIA,CHORDATA,MAMMALIA,CHIROPTERA,MOLOSSIDAE,Myopterus,Myopterus whitleyi,"(Scharff, 1900)",NA,NA,NA,LC,Bini Free-tailed Bat
2009,14104,ANIMALIA,CHORDATA,MAMMALIA,RODENTIA,CRICETIDAE,Myopus,Myopus schisticolor,"(Lilljeborg, 1844)",NA,NA,NA,LC,Wood Lemming
2010,14105,ANIMALIA,CHORDATA,MAMMALIA,RODENTIA,SCIURIDAE,Myosciurus,Myosciurus pumilio,"(Le Conte, 1857)",NA,NA,NA,LC,African Pygmy Squirrel
2011,14106,ANIMALIA,CHORDATA,MAMMALIA,EULIPOTYPHLA,SORICIDAE,Myosorex,Myosorex eisentrauti,"Heim de Balsac, 1968",NA,NA,NA,CR,Eisentraut's Mouse Shrew
2012,14107,ANIMALIA,CHORDATA,MAMMALIA,EULIPOTYPHLA,SORICIDAE,Myosorex,Myosorex geata,"(Allen &amp; Loveridge, 1927)",NA,NA,NA,EN,Geata Mouse Shrew
2013,14108,ANIMALIA,CHORDATA,MAMMALIA,EULIPOTYPHLA,SORICIDAE,Myosorex,Myosorex longicaudatus,"Meester & Dippenaar, 1978",NA,NA,NA,EN,Long-tailed Forest Shrew
2014,14110,ANIMALIA,CHORDATA,MAMMALIA,EULIPOTYPHLA,SORICIDAE,Myosorex,Myosorex schalleri,"Heim de Balsac, 1966",NA,NA,NA,DD,Schaller's Mouse Shrew
2015,14111,ANIMALIA,CHORDATA,MAMMALIA,EULIPOTYPHLA,SORICIDAE,Myosorex,Myosorex blarina,"Thomas, 1906",NA,NA,NA,EN,Montane Mouse Shrew
2016,14112,ANIMALIA,CHORDATA,MAMMALIA,EULIPOTYPHLA,SORICIDAE,Myosorex,Myosorex okuensis,"Heim de Balsac, 1968",NA,NA,NA,VU,Oku Mouse Shrew
2017,14113,ANIMALIA,CHORDATA,MAMMALIA,EULIPOTYPHLA,SORICIDAE,Myosorex,Myosorex rumpii,"Heim de Balsac, 1968",NA,NA,NA,EN,Rumpi Mouse Shrew
2018,14114,ANIMALIA,CHORDATA,MAMMALIA,EULIPOTYPHLA,SORICIDAE,Myosorex,Myosorex sclateri,"Thomas & Schwann, 1905",NA,NA,NA,VU,Sclater's Mouse Shrew
2019,14116,ANIMALIA,CHORDATA,MAMMALIA,RODENTIA,SPALACIDAE,Myospalax,Myospalax aspalax,"(Pallas, 1776)",NA,NA,NA,LC,False Zokor
2020,14118,ANIMALIA,CHORDATA,MAMMALIA,RODENTIA,SPALACIDAE,Eospalax,Eospalax fontanierii,"(Milne-Edwards, 1867)",NA,NA,NA,LC,Chinese Zokor
2021,14119,ANIMALIA,CHORDATA,MAMMALIA,RODENTIA,SPALACIDAE,Myospalax,Myospalax myospalax,"(Laxmann, 1773)",NA,NA,NA,LC,Siberian Zokor
2022,14120,ANIMALIA,CHORDATA,MAMMALIA,RODENTIA,SPALACIDAE,Myospalax,Myospalax psilurus,"(Milne-Edwards, 1874)",NA,NA,NA,LC,Transbaikal Zokor
2023,14121,ANIMALIA,CHORDATA,MAMMALIA,RODENTIA,SPALACIDAE,Eospalax,Eospalax rothschildi,"(Thomas, 1911)",NA,NA,NA,LC,Rothschild's Zokor
2024,14122,ANIMALIA,CHORDATA,MAMMALIA,RODENTIA,SPALACIDAE,Eospalax,Eospalax smithii,"(Thomas, 1911)",NA,NA,NA,LC,Smith's Zokor
2025,14123,ANIMALIA,CHORDATA,MAMMALIA,CHIROPTERA,VESPERTILIONIDAE,Myotis,Myotis bechsteinii,"(Kuhl, 1817)",NA,NA,NA,NT,Bechstein's Myotis
2026,14124,ANIMALIA,CHORDATA,MAMMALIA,CHIROPTERA,VESPERTILIONIDAE,Myotis,Myotis blythii,"(Tomes, 1857)",NA,NA,NA,LC,Lesser Mouse-eared Myotis
2027,14126,ANIMALIA,CHORDATA,MAMMALIA,CHIROPTERA,VESPERTILIONIDAE,Myotis,Myotis capaccinii,"(Bonaparte, 1837)",NA,NA,NA,VU,Long-fingered Bat
2028,14127,ANIMALIA,CHORDATA,MAMMALIA,CHIROPTERA,VESPERTILIONIDAE,Myotis,Myotis dasycneme,"(Boie, 1825)",NA,NA,NA,NT,Pond Myotis
2029,14129,ANIMALIA,CHORDATA,MAMMALIA,CHIROPTERA,VESPERTILIONIDAE,Myotis,Myotis emarginatus,"(É. Geoffroy, 1806)",NA,NA,NA,LC,Geoffroy's Bat
2030,14132,ANIMALIA,CHORDATA,MAMMALIA,CHIROPTERA,VESPERTILIONIDAE,Myotis,Myotis grisescens,"A.H. Howell, 1909",NA,NA,NA,VU,Grey Bat
2031,14133,ANIMALIA,CHORDATA,MAMMALIA,CHIROPTERA,VESPERTILIONIDAE,Myotis,Myotis myotis,"(Borkhausen, 1797)",NA,NA,NA,LC,Greater Mouse-eared Bat
2032,14134,ANIMALIA,CHORDATA,MAMMALIA,CHIROPTERA,VESPERTILIONIDAE,Myotis,Myotis mystacinus,"(Kuhl, 1817)",NA,NA,NA,LC,Whiskered Myotis
2033,14136,ANIMALIA,CHORDATA,MAMMALIA,CHIROPTERA,VESPERTILIONIDAE,Myotis,Myotis sodalis,"Miller &amp; Allen, 1928",NA,NA,NA,NT,Indiana Bat
2034,14139,ANIMALIA,CHORDATA,MAMMALIA,CHIROPTERA,VESPERTILIONIDAE,Myotis,Myotis aelleni,"Baud, 1979",NA,NA,NA,DD,Southern Myotis
2035,14140,ANIMALIA,CHORDATA,MAMMALIA,CHIROPTERA,VESPERTILIONIDAE,Myotis,Myotis albescens,"(É. Geoffroy, 1806)",NA,NA,NA,LC,Silver-tipped Myotis
2036,14141,ANIMALIA,CHORDATA,MAMMALIA,CHIROPTERA,VESPERTILIONIDAE,Myotis,Myotis altarium,"Thomas, 1911",NA,NA,NA,LC,Szechwan Myotis
2037,14142,ANIMALIA,CHORDATA,MAMMALIA,CHIROPTERA,VESPERTILIONIDAE,Myotis,Myotis annectans,"(Dobson, 1871)",NA,NA,NA,LC,Hairy-faced Bat
2038,14143,ANIMALIA,CHORDATA,MAMMALIA,CHIROPTERA,VESPERTILIONIDAE,Myotis,Myotis atacamensis,"(Lataste, 1892)",NA,NA,NA,EN,Atacama Myotis
2039,14144,ANIMALIA,CHORDATA,MAMMALIA,CHIROPTERA,VESPERTILIONIDAE,Myotis,Myotis ater,"(Peters, 1866)",NA,NA,NA,LC,Peters's Myotis
2040,14145,ANIMALIA,CHORDATA,MAMMALIA,CHIROPTERA,VESPERTILIONIDAE,Myotis,Myotis auriculus,"Baker &amp; Stains, 1955",NA,NA,NA,LC,Southwestern Myotis
2041,14146,ANIMALIA,CHORDATA,MAMMALIA,CHIROPTERA,VESPERTILIONIDAE,Myotis,Myotis australis,"(Dobson, 1878)",NA,NA,NA,DD,Australian Myotis
2042,14147,ANIMALIA,CHORDATA,MAMMALIA,CHIROPTERA,VESPERTILIONIDAE,Myotis,Myotis austroriparius,"(Rhoads, 1897)",NA,NA,NA,LC,Southeastern Myotis
2043,14148,ANIMALIA,CHORDATA,MAMMALIA,CHIROPTERA,VESPERTILIONIDAE,Myotis,Myotis bocagii,"(Peters, 1870)",NA,NA,NA,LC,Bocage's Mouse-eared Bat
2044,14149,ANIMALIA,CHORDATA,MAMMALIA,CHIROPTERA,VESPERTILIONIDAE,Myotis,Myotis bombinus,"Thomas, 1906",NA,NA,NA,NT,Far Eastern Myotis
2045,14150,ANIMALIA,CHORDATA,MAMMALIA,CHIROPTERA,VESPERTILIONIDAE,Myotis,Myotis californicus,"(Audubon &amp; Bachman, 1842)",NA,NA,NA,LC,Californian Myotis
2046,14151,ANIMALIA,CHORDATA,MAMMALIA,CHIROPTERA,VESPERTILIONIDAE,Myotis,Myotis chiloensis,"(Waterhouse, 1840)",NA,NA,NA,LC,Chilean Myotis
2047,14152,ANIMALIA,CHORDATA,MAMMALIA,CHIROPTERA,VESPERTILIONIDAE,Myotis,Myotis chinensis,"(Tomes, 1857)",NA,NA,NA,LC,Large Myotis
2048,14153,ANIMALIA,CHORDATA,MAMMALIA,CHIROPTERA,VESPERTILIONIDAE,Myotis,Myotis ciliolabrum,"(Merriam, 1886)",NA,NA,NA,LC,Western Small-footed Myotis
2049,14154,ANIMALIA,CHORDATA,MAMMALIA,CHIROPTERA,VESPERTILIONIDAE,Myotis,Myotis cobanensis,"Goodwin, 1955",NA,NA,NA,DD,Guatemalan Myotis
2050,14155,ANIMALIA,CHORDATA,MAMMALIA,CHIROPTERA,VESPERTILIONIDAE,Myotis,Myotis dominicensis,"Miller, 1902",NA,NA,NA,VU,Dominican Myotis
2051,14156,ANIMALIA,CHORDATA,MAMMALIA,CHIROPTERA,VESPERTILIONIDAE,Myotis,Myotis elegans,"Hall, 1962",NA,NA,NA,LC,Elegant Myotis
2052,14157,ANIMALIA,CHORDATA,MAMMALIA,CHIROPTERA,VESPERTILIONIDAE,Myotis,Myotis evotis,"(H. Allen, 1864)",NA,NA,NA,LC,Long-eared Myotis
2053,14159,ANIMALIA,CHORDATA,MAMMALIA,CHIROPTERA,VESPERTILIONIDAE,Myotis,Myotis findleyi,"Bogan, 1978",NA,NA,NA,EN,Findley's Myotis
2054,14161,ANIMALIA,CHORDATA,MAMMALIA,CHIROPTERA,VESPERTILIONIDAE,Myotis,Myotis fortidens,"Miller &amp; Allen, 1928",NA,NA,NA,LC,Cinnamon Myotis
2055,14163,ANIMALIA,CHORDATA,MAMMALIA,CHIROPTERA,VESPERTILIONIDAE,Myotis,Myotis goudoti,"(A. Smith, 1834)",NA,NA,NA,LC,Malagasy Mouse-eared Bat
2056,14164,ANIMALIA,CHORDATA,MAMMALIA,CHIROPTERA,VESPERTILIONIDAE,Myotis,Myotis hasseltii,"(Temminck, 1840)",NA,NA,NA,LC,Lesser Large-footed Myotis
2057,14165,ANIMALIA,CHORDATA,MAMMALIA,CHIROPTERA,VESPERTILIONIDAE,Myotis,Myotis hermani,"Thomas, 1923",NA,NA,NA,DD,Herman's Myotis
2058,14166,ANIMALIA,CHORDATA,MAMMALIA,CHIROPTERA,VESPERTILIONIDAE,Myotis,Myotis horsfieldii,"(Temminck, 1840)",NA,NA,NA,LC,Horsfield's Myotis
2059,14168,ANIMALIA,CHORDATA,MAMMALIA,CHIROPTERA,VESPERTILIONIDAE,Myotis,Myotis ikonnikovi,"Ognev, 1912",NA,NA,NA,LC,Ikonnikov's Bat
2060,14169,ANIMALIA,CHORDATA,MAMMALIA,CHIROPTERA,VESPERTILIONIDAE,Myotis,Myotis insularum,"(Dobson, 1878)",NA,NA,NA,DD,Insular Myotis
2061,14170,ANIMALIA,CHORDATA,MAMMALIA,CHIROPTERA,VESPERTILIONIDAE,Myotis,Myotis keaysi,"J.A. Allen, 1914",NA,NA,NA,LC,Hairy-legged Myotis
2062,14171,ANIMALIA,CHORDATA,MAMMALIA,CHIROPTERA,VESPERTILIONIDAE,Myotis,Myotis keenii,"(Merriam, 1895)",NA,NA,NA,LC,Keen's Myotis
2063,14172,ANIMALIA,CHORDATA,MAMMALIA,CHIROPTERA,VESPERTILIONIDAE,Myotis,Myotis leibii,"(Audubon &amp; Bachman, 1842)",NA,NA,NA,EN,Eastern Small-footed Myotis
2064,14174,ANIMALIA,CHORDATA,MAMMALIA,CHIROPTERA,VESPERTILIONIDAE,Myotis,Myotis levis,"(I. Geoffroy, 1824)",NA,NA,NA,LC,Yellowish Myotis
2065,14175,ANIMALIA,CHORDATA,MAMMALIA,CHIROPTERA,VESPERTILIONIDAE,Myotis,Myotis longipes,"(Dobson, 1873)",NA,NA,NA,DD,Kashmir Cave Bat
2066,14176,ANIMALIA,CHORDATA,MAMMALIA,CHIROPTERA,VESPERTILIONIDAE,Myotis,Myotis lucifugus,"(Le Conte, 1831)",NA,NA,NA,EN,Little Brown Bat
2067,14177,ANIMALIA,CHORDATA,MAMMALIA,CHIROPTERA,VESPERTILIONIDAE,Myotis,Myotis macrodactylus,"(Temminck, 1840)",NA,NA,NA,LC,Big-footed Myotis
2068,14178,ANIMALIA,CHORDATA,MAMMALIA,CHIROPTERA,VESPERTILIONIDAE,Myotis,Myotis macrotarsus,"(Waterhouse, 1845)",NA,NA,NA,LC,Pallid Large-footed Myotis
2069,14182,ANIMALIA,CHORDATA,MAMMALIA,CHIROPTERA,VESPERTILIONIDAE,Myotis,Myotis morrisi,"Hill, 1971",NA,NA,NA,DD,Morris's Bat
2070,14184,ANIMALIA,CHORDATA,MAMMALIA,CHIROPTERA,VESPERTILIONIDAE,Myotis,Myotis nesopolus,"Miller, 1900",NA,NA,NA,LC,Curacao Myotis
2071,14185,ANIMALIA,CHORDATA,MAMMALIA,CHIROPTERA,VESPERTILIONIDAE,Myotis,Myotis nigricans,"(Schinz, 1821)",NA,NA,NA,LC,Black Myotis
2072,14186,ANIMALIA,CHORDATA,MAMMALIA,CHIROPTERA,VESPERTILIONIDAE,Myotis,Myotis oreias,"(Temminck, 1840)",NA,NA,NA,DD,Singaporese Whiskered Myotis
2073,14187,ANIMALIA,CHORDATA,MAMMALIA,CHIROPTERA,VESPERTILIONIDAE,Myotis,Myotis oxyotus,"(Peters, 1867)",NA,NA,NA,LC,Montane Myotis
2074,14189,ANIMALIA,CHORDATA,MAMMALIA,CHIROPTERA,VESPERTILIONIDAE,Myotis,Myotis peninsularis,"Miller, 1898",NA,NA,NA,EN,Peninsular Myotis
2075,14190,ANIMALIA,CHORDATA,MAMMALIA,CHIROPTERA,VESPERTILIONIDAE,Myotis,Myotis pequinius,"Thomas, 1908",NA,NA,NA,LC,Peking Myotis
2076,14191,ANIMALIA,CHORDATA,MAMMALIA,CHIROPTERA,VESPERTILIONIDAE,Myotis,Myotis planiceps,"Baker, 1955",NA,NA,NA,EN,Flat-headed Myotis
2077,14192,ANIMALIA,CHORDATA,MAMMALIA,CHIROPTERA,VESPERTILIONIDAE,Myotis,Myotis pruinosus,"Yoshiyuki, 1971",NA,NA,NA,EN,Frosted Myotis
2078,14193,ANIMALIA,CHORDATA,MAMMALIA,CHIROPTERA,VESPERTILIONIDAE,Myotis,Myotis pilosus,"(Peters, 1869)",NA,NA,NA,VU,Rickett's Big-footed Myotis
2079,14194,ANIMALIA,CHORDATA,MAMMALIA,CHIROPTERA,VESPERTILIONIDAE,Myotis,Myotis ridleyi,"Thomas, 1898",NA,NA,NA,NT,Ridley's Myotis
2080,14195,ANIMALIA,CHORDATA,MAMMALIA,CHIROPTERA,VESPERTILIONIDAE,Myotis,Myotis riparius,"Handley, 1960",NA,NA,NA,LC,Riparian Myotis
2081,14196,ANIMALIA,CHORDATA,MAMMALIA,CHIROPTERA,VESPERTILIONIDAE,Myotis,Myotis rosseti,"(Oey, 1951)",NA,NA,NA,LC,Thick-thumbed Myotis
2082,14197,ANIMALIA,CHORDATA,MAMMALIA,CHIROPTERA,VESPERTILIONIDAE,Myotis,Myotis ruber,"(É. Geoffroy, 1806)",NA,NA,NA,NT,Red Myotis
2083,14198,ANIMALIA,CHORDATA,MAMMALIA,CHIROPTERA,VESPERTILIONIDAE,Myotis,Myotis schaubi,"Kormos, 1934",NA,NA,NA,DD,Schaub's Myotis
2084,14199,ANIMALIA,CHORDATA,MAMMALIA,CHIROPTERA,VESPERTILIONIDAE,Myotis,Myotis scotti,"Thomas, 1927",NA,NA,NA,VU,Scott's Mouse-eared Bat
2085,14201,ANIMALIA,CHORDATA,MAMMALIA,CHIROPTERA,VESPERTILIONIDAE,Myotis,Myotis septentrionalis,"(Trouessart, 1897)",NA,NA,NA,NT,Northern Myotis
2086,14202,ANIMALIA,CHORDATA,MAMMALIA,CHIROPTERA,VESPERTILIONIDAE,Myotis,Myotis sicarius,"Thomas, 1915",NA,NA,NA,VU,Mandelli's Mouse-eared Myotis
2087,14203,ANIMALIA,CHORDATA,MAMMALIA,CHIROPTERA,VESPERTILIONIDAE,Myotis,Myotis siligorensis,"(Horsfield, 1855)",NA,NA,NA,LC,Himalayan Whiskered Bat
2088,14204,ANIMALIA,CHORDATA,MAMMALIA,CHIROPTERA,VESPERTILIONIDAE,Myotis,Myotis simus,"Thomas, 1901",NA,NA,NA,DD,Velvety Myotis
2089,14205,ANIMALIA,CHORDATA,MAMMALIA,CHIROPTERA,VESPERTILIONIDAE,Myotis,Myotis stalkeri,"Thomas, 1910",NA,NA,NA,LC,Stalker's Myotis
2090,14206,ANIMALIA,CHORDATA,MAMMALIA,CHIROPTERA,VESPERTILIONIDAE,Myotis,Myotis thysanodes,"Miller, 1897",NA,NA,NA,LC,Fringed Myotis
2091,14207,ANIMALIA,CHORDATA,MAMMALIA,CHIROPTERA,VESPERTILIONIDAE,Myotis,Myotis tricolor,"(Temminck, 1832)",NA,NA,NA,LC,Temminck's Mouse-eared Bat
2092,14208,ANIMALIA,CHORDATA,MAMMALIA,CHIROPTERA,VESPERTILIONIDAE,Myotis,Myotis velifer,"(J.A. Allen, 1890)",NA,NA,NA,LC,Cave Myotis
2093,14209,ANIMALIA,CHORDATA,MAMMALIA,CHIROPTERA,VESPERTILIONIDAE,Myotis,Myotis vivesi,"Ménègaux, 1901",NA,NA,NA,VU,Fish-eating Bat
2094,14210,ANIMALIA,CHORDATA,MAMMALIA,CHIROPTERA,VESPERTILIONIDAE,Myotis,Myotis volans,"(H. Allen, 1866)",NA,NA,NA,LC,Long-legged Myotis
2095,14211,ANIMALIA,CHORDATA,MAMMALIA,CHIROPTERA,VESPERTILIONIDAE,Myotis,Myotis welwitschii,"(Gray, 1866)",NA,NA,NA,LC,Welwitsch's Mouse-eared Bat
2096,14213,ANIMALIA,CHORDATA,MAMMALIA,CHIROPTERA,VESPERTILIONIDAE,Myotis,Myotis yumanensis,"(H. Allen, 1864)",NA,NA,NA,LC,Yuma Myotis
2097,14222,ANIMALIA,CHORDATA,MAMMALIA,DASYUROMORPHIA,MYRMECOBIIDAE,Myrmecobius,Myrmecobius fasciatus,"Waterhouse, 1836",NA,NA,NA,EN,Numbat
2098,14224,ANIMALIA,CHORDATA,MAMMALIA,PILOSA,MYRMECOPHAGIDAE,Myrmecophaga,Myrmecophaga tridactyla,"Linnaeus, 1758",NA,NA,NA,VU,Giant Anteater
2099,14256,ANIMALIA,CHORDATA,MAMMALIA,RODENTIA,CAPROMYIDAE,Mysateles,Mysateles melanurus,"(Poey, 1865)",NA,NA,NA,VU,Black-tailed Hutia
2100,14258,ANIMALIA,CHORDATA,MAMMALIA,RODENTIA,CAPROMYIDAE,Mysateles,Mysateles prehensilis,"(Poeppig, 1824)",NA,NA,NA,NT,Prehensile-tailed Hutia
2101,14260,ANIMALIA,CHORDATA,MAMMALIA,CHIROPTERA,MYSTACINIDAE,Mystacina,Mystacina robusta,"Dwyer, 1962",NA,NA,NA,CR,New Zealand Greater Short-tailed Bat
2102,14261,ANIMALIA,CHORDATA,MAMMALIA,CHIROPTERA,MYSTACINIDAE,Mystacina,Mystacina tuberculata,"Gray, 1843",NA,NA,NA,VU,New Zealand Lesser Short-tailed Bat
2103,14262,ANIMALIA,CHORDATA,MAMMALIA,RODENTIA,NESOMYIDAE,Mystromys,Mystromys albicaudatus,"(A. Smith, 1834)",NA,NA,NA,VU,White-tailed Rat
2104,14288,ANIMALIA,CHORDATA,MAMMALIA,CHIROPTERA,MYZOPODIDAE,Myzopoda,Myzopoda aurita,"Milne-Edwards &amp; A. Grandidier, 1878",NA,NA,NA,LC,Eastern Sucker-footed Bat
2105,14294,ANIMALIA,CHORDATA,MAMMALIA,ARTIODACTYLA,BOVIDAE,Naemorhedus,Naemorhedus baileyi,"Pocock, 1914",NA,NA,NA,VU,Red Goral
2106,14295,ANIMALIA,CHORDATA,MAMMALIA,ARTIODACTYLA,BOVIDAE,Naemorhedus,Naemorhedus caudatus,"(Milne-Edwards, 1867)",NA,NA,NA,VU,Long-tailed Goral
2107,14296,ANIMALIA,CHORDATA,MAMMALIA,ARTIODACTYLA,BOVIDAE,Naemorhedus,Naemorhedus goral,"(Hardwicke, 1825)",NA,NA,NA,NT,Himalayan Goral
2108,14325,ANIMALIA,CHORDATA,MAMMALIA,RODENTIA,SCIURIDAE,Nannosciurus,Nannosciurus melanotis,"(Müller, 1840)",NA,NA,NA,LC,Black-eared Squirrel
2109,14326,ANIMALIA,CHORDATA,MAMMALIA,RODENTIA,SPALACIDAE,Nannospalax,Nannospalax ehrenbergi,"(Nehring, 1898)",NA,NA,NA,LC,Palestine Mole Rat
2110,14327,ANIMALIA,CHORDATA,MAMMALIA,RODENTIA,SPALACIDAE,Nannospalax,Nannospalax xanthodon,"(Nordman, 1840)",NA,NA,NA,LC,Nehring's Blind Mole Rat
2111,14328,ANIMALIA,CHORDATA,MAMMALIA,RODENTIA,SPALACIDAE,Nannospalax,Nannospalax leucodon,"(Nordmann, 1840)",NA,NA,NA,DD,Lesser Mole Rat
2112,14333,ANIMALIA,CHORDATA,MAMMALIA,CHIROPTERA,PTEROPODIDAE,Nanonycteris,Nanonycteris veldkampii,"(Jentink, 1888)",NA,NA,NA,LC,Veldkamp's Bat
2113,14352,ANIMALIA,CHORDATA,MAMMALIA,PRIMATES,CERCOPITHECIDAE,Nasalis,Nasalis larvatus,"(Wurmb, 1787)",NA,NA,NA,EN,Proboscis Monkey
2114,14358,ANIMALIA,CHORDATA,MAMMALIA,CHIROPTERA,NATALIDAE,Nyctiellus,Nyctiellus lepidus,"(Gervais, 1837)",NA,NA,NA,LC,Gervais's Funnel-eared Bat
2115,14360,ANIMALIA,CHORDATA,MAMMALIA,CHIROPTERA,NATALIDAE,Natalus,Natalus stramineus,"Gray, 1838",NA,NA,NA,LC,Mexican Funnel-eared Bat
2116,14361,ANIMALIA,CHORDATA,MAMMALIA,CHIROPTERA,NATALIDAE,Chilonatalus,Chilonatalus tumidifrons,"Miller, 1903",NA,NA,NA,NT,Bahamian Lesser Funnel-eared Bat
2117,14362,ANIMALIA,CHORDATA,MAMMALIA,CHIROPTERA,NATALIDAE,Natalus,Natalus tumidirostris,"Miller, 1900",NA,NA,NA,LC,Trinidadian Funnel-eared Bat
2118,14386,ANIMALIA,CHORDATA,MAMMALIA,RODENTIA,CRICETIDAE,Neacomys,Neacomys guianae,"Thomas, 1905",NA,NA,NA,LC,Guiana Bristly Mouse
2119,14387,ANIMALIA,CHORDATA,MAMMALIA,RODENTIA,CRICETIDAE,Neacomys,Neacomys pictus,"Goldman, 1912",NA,NA,NA,DD,Painted Bristly Mouse
2120,14388,ANIMALIA,CHORDATA,MAMMALIA,RODENTIA,CRICETIDAE,Neacomys,Neacomys spinosus,"(Thomas, 1882)",NA,NA,NA,LC,Bristly Mouse
2121,14473,ANIMALIA,CHORDATA,MAMMALIA,RODENTIA,CRICETIDAE,Nectomys,Nectomys palmipes,"J.A. Allen &amp; Chapman, 1893",NA,NA,NA,LC,Trinidad Water Rat
2122,14474,ANIMALIA,CHORDATA,MAMMALIA,RODENTIA,CRICETIDAE,Nectomys,Nectomys rattus,"(Pelzen, 1883)",NA,NA,NA,LC,Common Water Rat
2123,14475,ANIMALIA,CHORDATA,MAMMALIA,RODENTIA,CRICETIDAE,Nectomys,Nectomys squamipes,"(Brants, 1827)",NA,NA,NA,LC,South American Water Rat
2124,14486,ANIMALIA,CHORDATA,MAMMALIA,RODENTIA,CRICETIDAE,Nelsonia,Nelsonia goldmani,"Merriam, 1903",NA,NA,NA,EN,Nelson and Coldman's Woodrat
2125,14487,ANIMALIA,CHORDATA,MAMMALIA,RODENTIA,CRICETIDAE,Nelsonia,Nelsonia neotomodon,"Merriam, 1897",NA,NA,NA,LC,Diminutive Wood Rat
2126,14519,ANIMALIA,CHORDATA,MAMMALIA,CARNIVORA,FELIDAE,Neofelis,Neofelis nebulosa,"(Griffith, 1821)",NA,NA,NA,VU,Clouded Leopard
2127,14520,ANIMALIA,CHORDATA,MAMMALIA,RODENTIA,CRICETIDAE,Neofiber,Neofiber alleni,"True, 1884",NA,NA,NA,LC,Round-tailed Muskrat
2128,14528,ANIMALIA,CHORDATA,MAMMALIA,RODENTIA,MURIDAE,Pseudohydromys,Pseudohydromys fuscus,"(Laurie, 1952)",NA,NA,NA,LC,Mottled-tailed Shrew Mouse
2129,14541,ANIMALIA,CHORDATA,MAMMALIA,DASYUROMORPHIA,DASYURIDAE,Neophascogale,Neophascogale lorentzii,"(Jentink, 1911)",NA,NA,NA,LC,Speckled Dasyure
2130,14549,ANIMALIA,CHORDATA,MAMMALIA,CARNIVORA,OTARIIDAE,Neophoca,Neophoca cinerea,"(Péron, 1816)",NA,NA,NA,EN,Australian Sea Lion
2131,14560,ANIMALIA,CHORDATA,MAMMALIA,CHIROPTERA,PTEROPODIDAE,Neopteryx,Neopteryx frosti,"Hayman, 1946",NA,NA,NA,EN,Small-toothed Fruit Bat
2132,14563,ANIMALIA,CHORDATA,MAMMALIA,EULIPOTYPHLA,TALPIDAE,Mogera,Mogera uchidai,"(Abe, Shiraishi &amp; Arai, 1991)",NA,NA,NA,VU,Senkaku Mole
2133,14581,ANIMALIA,CHORDATA,MAMMALIA,RODENTIA,CRICETIDAE,Neotoma,Neotoma magister,"Baird, 1858",NA,NA,NA,NT,Allegheny Woodrat
2134,14582,ANIMALIA,CHORDATA,MAMMALIA,RODENTIA,CRICETIDAE,Neotoma,Neotoma albigula,"Hartley, 1894",NA,NA,NA,LC,White-throated Woodrat
2135,14583,ANIMALIA,CHORDATA,MAMMALIA,RODENTIA,CRICETIDAE,Neotoma,Neotoma angustapalata,"Baker, 1951",NA,NA,NA,NT,Tamaulipan Woodrat
2136,14585,ANIMALIA,CHORDATA,MAMMALIA,RODENTIA,CRICETIDAE,Neotoma,Neotoma chrysomelas,"J.A. Allen, 1908",NA,NA,NA,LC,Nicaraguan Woodrat
2137,14586,ANIMALIA,CHORDATA,MAMMALIA,RODENTIA,CRICETIDAE,Neotoma,Neotoma devia,"Goldman, 1927",NA,NA,NA,LC,Arizona Woodrat
2138,14587,ANIMALIA,CHORDATA,MAMMALIA,RODENTIA,CRICETIDAE,Neotoma,Neotoma fuscipes,"Baird, 1858",NA,NA,NA,LC,Dusky-footed Woodrat
2139,14588,ANIMALIA,CHORDATA,MAMMALIA,RODENTIA,CRICETIDAE,Neotoma,Neotoma goldmani,"Merriam, 1903",NA,NA,NA,LC,Goldman's Woodrat
2140,14590,ANIMALIA,CHORDATA,MAMMALIA,RODENTIA,CRICETIDAE,Neotoma,Neotoma mexicana,"Baird, 1855",NA,NA,NA,LC,Mexican Woodrat
2141,14591,ANIMALIA,CHORDATA,MAMMALIA,RODENTIA,CRICETIDAE,Neotoma,Neotoma micropus,"Baird, 1855",NA,NA,NA,LC,Southern Plains Woodrat
2142,14592,ANIMALIA,CHORDATA,MAMMALIA,RODENTIA,CRICETIDAE,Neotoma,Neotoma nelsoni,"Goldman, 1905",NA,NA,NA,CR,Nelson's Woodrat
2143,14593,ANIMALIA,CHORDATA,MAMMALIA,RODENTIA,CRICETIDAE,Neotoma,Neotoma palatina,"Goldman, 1905",NA,NA,NA,VU,Bolano's Woodrat
2144,14594,ANIMALIA,CHORDATA,MAMMALIA,RODENTIA,CRICETIDAE,Neotoma,Neotoma phenax,"(Merriam, 1903)",NA,NA,NA,LC,Sonoran Woodrat
2145,14597,ANIMALIA,CHORDATA,MAMMALIA,RODENTIA,CRICETIDAE,Neotoma,Neotoma macrotis,"Thomas, 1893",NA,NA,NA,LC,Big-eared Woodrat
2146,14600,ANIMALIA,CHORDATA,MAMMALIA,RODENTIA,CRICETIDAE,Neotomodon,Neotomodon alstoni,"Merriam, 1898",NA,NA,NA,LC,Mexican Volcano Mouse
2147,14601,ANIMALIA,CHORDATA,MAMMALIA,RODENTIA,CRICETIDAE,Neotomys,Neotomys ebriosus,"Thomas, 1894",NA,NA,NA,LC,Andean Swamp Rat
2148,14602,ANIMALIA,CHORDATA,MAMMALIA,ARTIODACTYLA,BOVIDAE,Neotragus,Neotragus pygmaeus,"(Linnaeus, 1758)",NA,NA,NA,LC,Royal Antelope
2149,14603,ANIMALIA,CHORDATA,MAMMALIA,ARTIODACTYLA,BOVIDAE,Neotragus,Neotragus batesi,"de Winton, 1903",NA,NA,NA,LC,Bates' Pygmy Antelope
2150,14604,ANIMALIA,CHORDATA,MAMMALIA,ARTIODACTYLA,BOVIDAE,Nesotragus,Nesotragus moschatus,"Von Dueben, 1846",NA,NA,NA,LC,Suni
2151,14660,ANIMALIA,CHORDATA,MAMMALIA,RODENTIA,MURIDAE,Nesokia,Nesokia bunnii,"(Khajuria, 1981)",NA,NA,NA,EN,Bunni's Short-tailed Bandicoot Rat
2152,14661,ANIMALIA,CHORDATA,MAMMALIA,RODENTIA,MURIDAE,Nesokia,Nesokia indica,"(Gray, 1830)",NA,NA,NA,LC,Short-tailed Bandicoot Rat
2153,14662,ANIMALIA,CHORDATA,MAMMALIA,LAGOMORPHA,LEPORIDAE,Nesolagus,Nesolagus netscheri,"(Schlegel, 1880)",NA,NA,NA,DD,Sumatran Striped Rabbit
2154,14671,ANIMALIA,CHORDATA,MAMMALIA,RODENTIA,NESOMYIDAE,Nesomys,Nesomys rufus,"Peters, 1870",NA,NA,NA,LC,Eastern Red Forest Rat
2155,14672,ANIMALIA,CHORDATA,MAMMALIA,EULIPOTYPHLA,NESOPHONTIDAE,Nesophontes,Nesophontes hypomicrus,"Miller, 1929",NA,NA,NA,EX,Atalaye Nesophontes
2156,14673,ANIMALIA,CHORDATA,MAMMALIA,EULIPOTYPHLA,NESOPHONTIDAE,Nesophontes,Nesophontes micrus,"G.M. Allen, 1917",NA,NA,NA,EX,Western Cuban Nesophontes
2157,14674,ANIMALIA,CHORDATA,MAMMALIA,EULIPOTYPHLA,NESOPHONTIDAE,Nesophontes,Nesophontes paramicrus,"Miller, 1929",NA,NA,NA,EX,St. Michel Nesophontes
2158,14676,ANIMALIA,CHORDATA,MAMMALIA,EULIPOTYPHLA,NESOPHONTIDAE,Nesophontes,Nesophontes zamicrus,"Miller, 1929",NA,NA,NA,EX,Haitian Nesophontes
2159,14706,ANIMALIA,CHORDATA,MAMMALIA,RODENTIA,CRICETIDAE,Nesoryzomys,Nesoryzomys darwini,"Osgood, 1929",NA,NA,NA,EX,Darwin's Galapagos Mouse
2160,14707,ANIMALIA,CHORDATA,MAMMALIA,RODENTIA,CRICETIDAE,Nesoryzomys,Nesoryzomys fernandinae,"Hutterer &amp; Hirsch, 1979",NA,NA,NA,VU,Fernandina Rice Rat
2161,14708,ANIMALIA,CHORDATA,MAMMALIA,RODENTIA,CRICETIDAE,Nesoryzomys,Nesoryzomys indefessus,"(Thomas, 1899)",NA,NA,NA,EX,Indefatigable Galapagos Mouse
2162,14709,ANIMALIA,CHORDATA,MAMMALIA,RODENTIA,CRICETIDAE,Nesoryzomys,Nesoryzomys swarthi,"Orr, 1938",NA,NA,NA,VU,Santiago Galapagos Mouse
2163,14740,ANIMALIA,CHORDATA,MAMMALIA,RODENTIA,CRICETIDAE,Neusticomys,Neusticomys monticolus,"Anthony, 1921",NA,NA,NA,LC,Montane Fish-eating Rat
2164,14741,ANIMALIA,CHORDATA,MAMMALIA,RODENTIA,CRICETIDAE,Neusticomys,Neusticomys mussoi,"G. Ochoa &amp; Soriano, 1991",NA,NA,NA,VU,Musso's Fish-eating Rat
2165,14742,ANIMALIA,CHORDATA,MAMMALIA,RODENTIA,CRICETIDAE,Neusticomys,Neusticomys oyapocki,"(Dubost &amp; Petter, 1978)",NA,NA,NA,DD,Oyapock's Fish-eating Rat
2166,14743,ANIMALIA,CHORDATA,MAMMALIA,RODENTIA,CRICETIDAE,Neusticomys,Neusticomys peruviensis,"(Musser &amp; Gardner, 1974)",NA,NA,NA,LC,Peruvian Fish-eating Rat
2167,14744,ANIMALIA,CHORDATA,MAMMALIA,RODENTIA,CRICETIDAE,Neusticomys,Neusticomys venezuelae,"(Anthony, 1929)",NA,NA,NA,VU,Venezuelan Fish-eating Rat
2168,14812,ANIMALIA,CHORDATA,MAMMALIA,RODENTIA,MURIDAE,Niviventer,Niviventer andersoni,"(Thomas, 1911)",NA,NA,NA,LC,Anderson's Niviventer
2169,14813,ANIMALIA,CHORDATA,MAMMALIA,RODENTIA,MURIDAE,Niviventer,Niviventer brahma,"(Thomas, 1914)",NA,NA,NA,LC,Brahma White-bellied Rat
2170,14814,ANIMALIA,CHORDATA,MAMMALIA,RODENTIA,MURIDAE,Niviventer,Niviventer confucianus,"(Milne-Edwards, 1871)",NA,NA,NA,LC,Confucian Niviventer
2171,14815,ANIMALIA,CHORDATA,MAMMALIA,RODENTIA,MURIDAE,Niviventer,Niviventer coninga,"(Swinhoe, 1864)",NA,NA,NA,LC,Spiny Taiwan Niviventer
2172,14816,ANIMALIA,CHORDATA,MAMMALIA,RODENTIA,MURIDAE,Niviventer,Niviventer cremoriventer,"(Miller, 1900)",NA,NA,NA,LC,Sundaic Arboreal Niviventer
2173,14817,ANIMALIA,CHORDATA,MAMMALIA,RODENTIA,MURIDAE,Niviventer,Niviventer culturatus,"(Thomas, 1917)",NA,NA,NA,LC,Soft-furred Taiwan Niviventer
2174,14818,ANIMALIA,CHORDATA,MAMMALIA,RODENTIA,MURIDAE,Niviventer,Niviventer eha,"(Wroughton, 1916)",NA,NA,NA,LC,Little Himalayan Rat
2175,14819,ANIMALIA,CHORDATA,MAMMALIA,RODENTIA,MURIDAE,Niviventer,Niviventer excelsior,"(Thomas, 1911)",NA,NA,NA,LC,Sichuan Niviventer
2176,14820,ANIMALIA,CHORDATA,MAMMALIA,RODENTIA,MURIDAE,Niviventer,Niviventer fulvescens,"(Gray, 1847)",NA,NA,NA,LC,Chestnut White-bellied Rat
2177,14821,ANIMALIA,CHORDATA,MAMMALIA,RODENTIA,MURIDAE,Niviventer,Niviventer hinpoon,"(J.T. Marshall Jr., 1976)",NA,NA,NA,EN,Limestone Niviventer
2178,14822,ANIMALIA,CHORDATA,MAMMALIA,RODENTIA,MURIDAE,Niviventer,Niviventer langbianis,"(Robinson &amp; Kloss, 1922)",NA,NA,NA,LC,Lang Bian White-bellied Rat
2179,14823,ANIMALIA,CHORDATA,MAMMALIA,RODENTIA,MURIDAE,Niviventer,Niviventer lepturus,"(Jentink, 1879)",NA,NA,NA,LC,Montane Javan Niviventer
2180,14824,ANIMALIA,CHORDATA,MAMMALIA,RODENTIA,MURIDAE,Niviventer,Niviventer niviventer,"(Hodgson, 1836)",NA,NA,NA,LC,Himalayan White-bellied Rat
2181,14825,ANIMALIA,CHORDATA,MAMMALIA,RODENTIA,MURIDAE,Niviventer,Niviventer rapit,"(Bonhote, 1903)",NA,NA,NA,LC,Montane Bornean Niviventer
2182,14826,ANIMALIA,CHORDATA,MAMMALIA,RODENTIA,MURIDAE,Niviventer,Niviventer tenaster,"Thomas, 1916",NA,NA,NA,LC,Indochinese Mountain Niviventer
2183,14829,ANIMALIA,CHORDATA,MAMMALIA,CHIROPTERA,NOCTILIONIDAE,Noctilio,Noctilio albiventris,"Desmarest, 1818",NA,NA,NA,LC,Lesser Bulldog Bat
2184,14830,ANIMALIA,CHORDATA,MAMMALIA,CHIROPTERA,NOCTILIONIDAE,Noctilio,Noctilio leporinus,"(Linnaeus, 1758)",NA,NA,NA,LC,Greater Bulldog Bat
2185,14854,ANIMALIA,CHORDATA,MAMMALIA,RODENTIA,CRICETIDAE,Notiomys,Notiomys edwardsii,"(Thomas, 1890)",NA,NA,NA,LC,Edwards's Long-clawed Mouse
2186,14861,ANIMALIA,CHORDATA,MAMMALIA,RODENTIA,MURIDAE,Notomys,Notomys amplus,"Brazenor, 1936",NA,NA,NA,EX,Short-tailed Hopping-mouse
2187,14862,ANIMALIA,CHORDATA,MAMMALIA,RODENTIA,MURIDAE,Notomys,Notomys aquilo,"Thomas, 1921",NA,NA,NA,EN,Northern Hopping-mouse
2188,14863,ANIMALIA,CHORDATA,MAMMALIA,RODENTIA,MURIDAE,Notomys,Notomys fuscus,"(Jones, 1925)",NA,NA,NA,VU,Dusky Hopping-mouse
2189,14864,ANIMALIA,CHORDATA,MAMMALIA,RODENTIA,MURIDAE,Notomys,Notomys longicaudatus,"(Gould, 1844)",NA,NA,NA,EX,Long-tailed Hopping-mouse
2190,14865,ANIMALIA,CHORDATA,MAMMALIA,RODENTIA,MURIDAE,Notomys,Notomys macrotis,"Thomas, 1921",NA,NA,NA,EX,Big-eared Hopping-mouse
2191,14866,ANIMALIA,CHORDATA,MAMMALIA,RODENTIA,MURIDAE,Notomys,Notomys mordax,"Thomas, 1922",NA,NA,NA,EX,Darling Downs Hopping-mouse
2192,14867,ANIMALIA,CHORDATA,MAMMALIA,RODENTIA,MURIDAE,Notomys,Notomys alexis,"Thomas, 1922",NA,NA,NA,LC,Spinifex Hopping Mouse
2193,14868,ANIMALIA,CHORDATA,MAMMALIA,RODENTIA,MURIDAE,Notomys,Notomys cervinus,"(Gould, 1853)",NA,NA,NA,NT,Fawn Hopping-mouse
2194,14869,ANIMALIA,CHORDATA,MAMMALIA,RODENTIA,MURIDAE,Notomys,Notomys mitchellii,"(Ogilby, 1838)",NA,NA,NA,LC,Mitchell's Hopping Mouse
2195,14876,ANIMALIA,CHORDATA,MAMMALIA,CHIROPTERA,PTEROPODIDAE,Notopteris,Notopteris macdonaldii,"Gray, 1859",NA,NA,NA,VU,Fijian Blossom Bat
2196,14878,ANIMALIA,CHORDATA,MAMMALIA,NOTORYCTEMORPHIA,NOTORYCTIDAE,Notoryctes,Notoryctes caurinus,"Thomas, 1920",NA,NA,NA,LC,Kakarratul
2197,14879,ANIMALIA,CHORDATA,MAMMALIA,NOTORYCTEMORPHIA,NOTORYCTIDAE,Notoryctes,Notoryctes typhlops,"(Stirling, 1889)",NA,NA,NA,LC,Itjaritjari
2198,14918,ANIMALIA,CHORDATA,MAMMALIA,CHIROPTERA,VESPERTILIONIDAE,Nyctalus,Nyctalus lasiopterus,"(Schreber, 1780)",NA,NA,NA,VU,Giant Noctule
2199,14919,ANIMALIA,CHORDATA,MAMMALIA,CHIROPTERA,VESPERTILIONIDAE,Nyctalus,Nyctalus leisleri,"(Kuhl, 1817)",NA,NA,NA,LC,Lesser Noctule
2200,14920,ANIMALIA,CHORDATA,MAMMALIA,CHIROPTERA,VESPERTILIONIDAE,Nyctalus,Nyctalus noctula,"(Schreber, 1774)",NA,NA,NA,LC,Noctule
2201,14921,ANIMALIA,CHORDATA,MAMMALIA,CHIROPTERA,VESPERTILIONIDAE,Nyctalus,Nyctalus aviator,"(Thomas, 1911)",NA,NA,NA,NT,Japanese Large Noctule
2202,14922,ANIMALIA,CHORDATA,MAMMALIA,CHIROPTERA,VESPERTILIONIDAE,Nyctalus,Nyctalus azoreum,"(Thomas, 1901)",NA,NA,NA,VU,Azorean Bat
2203,14923,ANIMALIA,CHORDATA,MAMMALIA,CHIROPTERA,VESPERTILIONIDAE,Nyctalus,Nyctalus montanus,"(Barrett-Hamilton, 1906)",NA,NA,NA,LC,Mountain Noctule
2204,14925,ANIMALIA,CHORDATA,MAMMALIA,CARNIVORA,CANIDAE,Nyctereutes,Nyctereutes procyonoides,"(J.E. Gray, 1834)",NA,NA,NA,LC,Raccoon Dog
2205,14926,ANIMALIA,CHORDATA,MAMMALIA,CHIROPTERA,NYCTERIDAE,Nycteris,Nycteris arge,"Thomas, 1903",NA,NA,NA,LC,Bate's Slit-faced Bat
2206,14927,ANIMALIA,CHORDATA,MAMMALIA,CHIROPTERA,NYCTERIDAE,Nycteris,Nycteris aurita,"(K. Andersen, 1912)",NA,NA,NA,LC,Andersen's Slit-faced Bat
2207,14928,ANIMALIA,CHORDATA,MAMMALIA,CHIROPTERA,NYCTERIDAE,Nycteris,Nycteris gambiensis,"(K. Andersen, 1912)",NA,NA,NA,LC,Gambian Slit-faced Bat
2208,14929,ANIMALIA,CHORDATA,MAMMALIA,CHIROPTERA,NYCTERIDAE,Nycteris,Nycteris grandis,"Peters, 1865",NA,NA,NA,LC,Large Slit-faced Bat
2209,14930,ANIMALIA,CHORDATA,MAMMALIA,CHIROPTERA,NYCTERIDAE,Nycteris,Nycteris hispida,"(Schreber, 1775)",NA,NA,NA,LC,Hairy Slit-faced Bat
2210,14931,ANIMALIA,CHORDATA,MAMMALIA,CHIROPTERA,NYCTERIDAE,Nycteris,Nycteris intermedia,"Aellen, 1959",NA,NA,NA,LC,Intermediate Slit-faced Bat
2211,14932,ANIMALIA,CHORDATA,MAMMALIA,CHIROPTERA,NYCTERIDAE,Nycteris,Nycteris javanica,"É. Geoffroy, 1813",NA,NA,NA,VU,Javan Slit-faced Bat
2212,14933,ANIMALIA,CHORDATA,MAMMALIA,CHIROPTERA,NYCTERIDAE,Nycteris,Nycteris macrotis,"Dobson, 1876",NA,NA,NA,LC,Large-eared Slit-faced Bat
2213,14934,ANIMALIA,CHORDATA,MAMMALIA,CHIROPTERA,NYCTERIDAE,Nycteris,Nycteris major,"(K. Andersen, 1912)",NA,NA,NA,DD,Dja Slit-faced Bat
2214,14935,ANIMALIA,CHORDATA,MAMMALIA,CHIROPTERA,NYCTERIDAE,Nycteris,Nycteris nana,"(K. Andersen, 1912)",NA,NA,NA,LC,Dwarf Slit-faced Bat
2215,14936,ANIMALIA,CHORDATA,MAMMALIA,CHIROPTERA,NYCTERIDAE,Nycteris,Nycteris thebaica,"É. Geoffroy, 1818",NA,NA,NA,LC,Cape Long-eared Bat
2216,14937,ANIMALIA,CHORDATA,MAMMALIA,CHIROPTERA,NYCTERIDAE,Nycteris,Nycteris tragata,"(K. Andersen, 1912)",NA,NA,NA,NT,Malayan Slit-faced Bat
2217,14939,ANIMALIA,CHORDATA,MAMMALIA,CHIROPTERA,NYCTERIDAE,Nycteris,Nycteris woodi,"K. Andersen, 1914",NA,NA,NA,LC,Wood's Slit-faced Bat
2218,14941,ANIMALIA,CHORDATA,MAMMALIA,PRIMATES,LORISIDAE,Nycticebus,Nycticebus pygmaeus,"Bonhote, 1907",NA,NA,NA,EN,Pygmy Slow Loris
2219,14942,ANIMALIA,CHORDATA,MAMMALIA,CHIROPTERA,VESPERTILIONIDAE,Scotorepens,Scotorepens balstoni,"(Thomas, 1906)",NA,NA,NA,LC,Inland Broad-nosed Bat
2220,14943,ANIMALIA,CHORDATA,MAMMALIA,CHIROPTERA,VESPERTILIONIDAE,Scotorepens,Scotorepens greyii,"(Gray, 1843)",NA,NA,NA,LC,Little Broad-nosed Bat
2221,14944,ANIMALIA,CHORDATA,MAMMALIA,CHIROPTERA,VESPERTILIONIDAE,Nycticeius,Nycticeius humeralis,"(Rafinesque, 1818)",NA,NA,NA,LC,Evening Bat
2222,14945,ANIMALIA,CHORDATA,MAMMALIA,CHIROPTERA,VESPERTILIONIDAE,Scotorepens,Scotorepens orion,"(Troughton, 1937)",NA,NA,NA,LC,Eastern Broad-nosed Bat
2223,14946,ANIMALIA,CHORDATA,MAMMALIA,CHIROPTERA,VESPERTILIONIDAE,Scoteanax,Scoteanax rueppellii,"(Peters, 1866)",NA,NA,NA,LC,Greater Broad-nosed Bat
2224,14947,ANIMALIA,CHORDATA,MAMMALIA,CHIROPTERA,VESPERTILIONIDAE,Scotorepens,Scotorepens sanborni,"(Troughton, 1937)",NA,NA,NA,LC,Northern Broad-nosed Bat
2225,14953,ANIMALIA,CHORDATA,MAMMALIA,CHIROPTERA,PTEROPODIDAE,Nyctimene,Nyctimene rabori,"Heaney &amp; Peterson, 1984",NA,NA,NA,EN,Philippine Tube-nosed Fruit Bat
2226,14954,ANIMALIA,CHORDATA,MAMMALIA,CHIROPTERA,PTEROPODIDAE,Nyctimene,Nyctimene aello,"(Thomas, 1900)",NA,NA,NA,LC,Greater Tube-nosed Bat
2227,14955,ANIMALIA,CHORDATA,MAMMALIA,CHIROPTERA,PTEROPODIDAE,Nyctimene,Nyctimene cyclotis,"Andersen, 1910",NA,NA,NA,DD,Round-eared Tube-nosed Bat
2228,14956,ANIMALIA,CHORDATA,MAMMALIA,CHIROPTERA,PTEROPODIDAE,Nyctimene,Nyctimene draconilla,"Thomas, 1922",NA,NA,NA,DD,Lesser Tube-nosed Bat
2229,14958,ANIMALIA,CHORDATA,MAMMALIA,CHIROPTERA,PTEROPODIDAE,Nyctimene,Nyctimene malaitensis,"Phillips, 1968",NA,NA,NA,LC,Malaita Tube-nosed Bat
2230,14959,ANIMALIA,CHORDATA,MAMMALIA,CHIROPTERA,PTEROPODIDAE,Nyctimene,Nyctimene masalai,"Smith &amp; Hood, 1983",NA,NA,NA,DD,Demonic Tube-nosed Bat
2231,14960,ANIMALIA,CHORDATA,MAMMALIA,CHIROPTERA,PTEROPODIDAE,Nyctimene,Nyctimene varius,"K. Andersen, 1910",NA,NA,NA,VU,Lesser Tube-nosed Fruit Bat
2232,14961,ANIMALIA,CHORDATA,MAMMALIA,CHIROPTERA,PTEROPODIDAE,Nyctimene,Nyctimene sanctacrucis,"Troughton, 1931",NA,NA,NA,DD,Nendö Tube-nosed Bat
2233,14962,ANIMALIA,CHORDATA,MAMMALIA,CHIROPTERA,PTEROPODIDAE,Nyctimene,Nyctimene albiventer,"(Gray, 1863)",NA,NA,NA,LC,Common Tube-nosed Fruit Bat
2234,14963,ANIMALIA,CHORDATA,MAMMALIA,CHIROPTERA,PTEROPODIDAE,Nyctimene,Nyctimene cephalotes,"(Pallas, 1767)",NA,NA,NA,LC,Pallas's Tube-nosed Bat
2235,14964,ANIMALIA,CHORDATA,MAMMALIA,CHIROPTERA,PTEROPODIDAE,Nyctimene,Nyctimene certans,"Andersen, 1912",NA,NA,NA,LC,Mountain Tube-nosed Bat
2236,14965,ANIMALIA,CHORDATA,MAMMALIA,CHIROPTERA,PTEROPODIDAE,Nyctimene,Nyctimene major,"(Dobson, 1877)",NA,NA,NA,LC,Island Tube-nosed Bat
2237,14966,ANIMALIA,CHORDATA,MAMMALIA,CHIROPTERA,PTEROPODIDAE,Nyctimene,Nyctimene robinsoni,"Thomas, 1904",NA,NA,NA,LC,Eastern Tube-nosed Bat
2238,14967,ANIMALIA,CHORDATA,MAMMALIA,CHIROPTERA,PTEROPODIDAE,Nyctimene,Nyctimene vizcaccia,"Thomas, 1914",NA,NA,NA,LC,Umboi Tube-nosed Bat
2239,14993,ANIMALIA,CHORDATA,MAMMALIA,CHIROPTERA,MOLOSSIDAE,Nyctinomops,Nyctinomops aurispinosus,"(Peale, 1848)",NA,NA,NA,LC,Peale's Free-tailed Bat
2240,14994,ANIMALIA,CHORDATA,MAMMALIA,CHIROPTERA,MOLOSSIDAE,Nyctinomops,Nyctinomops femorosaccus,"(Merriam, 1899)",NA,NA,NA,LC,Pocketed Free-tailed Bat
2241,14995,ANIMALIA,CHORDATA,MAMMALIA,CHIROPTERA,MOLOSSIDAE,Nyctinomops,Nyctinomops laticaudatus,"(É. Geoffroy, 1805)",NA,NA,NA,LC,Broad-eared Free-tailed Bat
2242,14996,ANIMALIA,CHORDATA,MAMMALIA,CHIROPTERA,MOLOSSIDAE,Nyctinomops,Nyctinomops macrotis,"(Gray, 1839)",NA,NA,NA,LC,Big Free-tailed Bat
2243,14999,ANIMALIA,CHORDATA,MAMMALIA,RODENTIA,CRICETIDAE,Nyctomys,Nyctomys sumichrasti,"(Saussure, 1860)",NA,NA,NA,LC,Vesper Rat
2244,15000,ANIMALIA,CHORDATA,MAMMALIA,CHIROPTERA,VESPERTILIONIDAE,Nyctophilus,Nyctophilus arnhemensis,"Johnson, 1959",NA,NA,NA,LC,Arnhem Long-eared Bat
2245,15003,ANIMALIA,CHORDATA,MAMMALIA,CHIROPTERA,VESPERTILIONIDAE,Nyctophilus,Nyctophilus geoffroyi,"Leach, 1821",NA,NA,NA,LC,Lesser Long-eared Bat
2246,15005,ANIMALIA,CHORDATA,MAMMALIA,CHIROPTERA,VESPERTILIONIDAE,Nyctophilus,Nyctophilus heran,"Kitchener, How &amp; Maharadatunkamsi, 1991",NA,NA,NA,DD,Sundan Long-eared Bat
2247,15006,ANIMALIA,CHORDATA,MAMMALIA,CHIROPTERA,VESPERTILIONIDAE,Nyctophilus,Nyctophilus howensis,"McKean, 1975",NA,NA,NA,EX,Lord Howe Long-eared Bat
2248,15007,ANIMALIA,CHORDATA,MAMMALIA,CHIROPTERA,VESPERTILIONIDAE,Nyctophilus,Nyctophilus microdon,"Laurie &amp; Hill, 1954",NA,NA,NA,LC,Small-toothed Long-eared Bat
2249,15008,ANIMALIA,CHORDATA,MAMMALIA,CHIROPTERA,VESPERTILIONIDAE,Nyctophilus,Nyctophilus microtis,"Thomas, 1888",NA,NA,NA,LC,Papuan Long-eared Bat
2250,15009,ANIMALIA,CHORDATA,MAMMALIA,CHIROPTERA,VESPERTILIONIDAE,Nyctophilus,Nyctophilus sherrini,"Thomas, 1915",NA,NA,NA,VU,Tasmanian Long-eared Bat
2251,15011,ANIMALIA,CHORDATA,MAMMALIA,CHIROPTERA,VESPERTILIONIDAE,Nyctophilus,Nyctophilus walkeri,"Thomas, 1892",NA,NA,NA,LC,Pygmy Long-eared Bat
2252,15046,ANIMALIA,CHORDATA,MAMMALIA,LAGOMORPHA,OCHOTONIDAE,Ochotona,Ochotona koslowi,"(Büchner, 1894)",NA,NA,NA,EN,Kozlov's Pika
2253,15048,ANIMALIA,CHORDATA,MAMMALIA,LAGOMORPHA,OCHOTONIDAE,Ochotona,Ochotona forresti,"Thomas, 1923",NA,NA,NA,LC,Forrest's Pika
2254,15050,ANIMALIA,CHORDATA,MAMMALIA,LAGOMORPHA,OCHOTONIDAE,Ochotona,Ochotona iliensis,"Li &amp; Ma, 1986",NA,NA,NA,EN,Ili Pika
2255,15051,ANIMALIA,CHORDATA,MAMMALIA,LAGOMORPHA,OCHOTONIDAE,Ochotona,Ochotona nubrica,"Thomas, 1922",NA,NA,NA,LC,Nubra Pika
2256,15052,ANIMALIA,CHORDATA,MAMMALIA,LAGOMORPHA,OCHOTONIDAE,Ochotona,Ochotona pusilla,"(Pallas, 1769)",NA,NA,NA,LC,Steppe Pika
2257,15053,ANIMALIA,CHORDATA,MAMMALIA,LAGOMORPHA,OCHOTONIDAE,Ochotona,Ochotona thomasi,"Argyropulo, 1948",NA,NA,NA,LC,Thomas's Pika
2258,15087,ANIMALIA,CHORDATA,MAMMALIA,RODENTIA,OCTODONTIDAE,Octodon,Octodon bridgesi,"Waterhouse, 1845",NA,NA,NA,VU,Bridges's Degu
2259,15088,ANIMALIA,CHORDATA,MAMMALIA,RODENTIA,OCTODONTIDAE,Octodon,Octodon degus,"(Molina, 1782)",NA,NA,NA,LC,Degu
2260,15089,ANIMALIA,CHORDATA,MAMMALIA,RODENTIA,OCTODONTIDAE,Octodon,Octodon lunatus,"Osgood, 1943",NA,NA,NA,NT,Moon-toothed Degu
2261,15090,ANIMALIA,CHORDATA,MAMMALIA,RODENTIA,OCTODONTIDAE,Octodon,Octodon pacificus,"R. Hutterer, 1994",NA,NA,NA,CR,NA
2262,15091,ANIMALIA,CHORDATA,MAMMALIA,RODENTIA,OCTODONTIDAE,Octodontomys,Octodontomys gliroides,"(Gervais &amp; d'Orbigny, 1844)",NA,NA,NA,LC,Mountain Degu
2263,15093,ANIMALIA,CHORDATA,MAMMALIA,RODENTIA,OCTODONTIDAE,Octomys,Octomys mimax,"Thomas, 1920",NA,NA,NA,LC,Viscacha Rat
2264,15106,ANIMALIA,CHORDATA,MAMMALIA,CARNIVORA,ODOBENIDAE,Odobenus,Odobenus rosmarus,"(Linnaeus, 1758)",NA,NA,NA,VU,Walrus
2265,15131,ANIMALIA,CHORDATA,MAMMALIA,RODENTIA,CRICETIDAE,Oecomys,Oecomys bicolor,"(Tomes, 1860)",NA,NA,NA,LC,Bicolored Arboreal Rice Rat
2266,15132,ANIMALIA,CHORDATA,MAMMALIA,RODENTIA,CRICETIDAE,Oecomys,Oecomys cleberi,"Locks, 1981",NA,NA,NA,DD,Cleber's Arboreal Rice Rat
2267,15134,ANIMALIA,CHORDATA,MAMMALIA,RODENTIA,CRICETIDAE,Oecomys,Oecomys flavicans,"(Thomas, 1894)",NA,NA,NA,LC,Yellow Arboreal Rice Rat
2268,15135,ANIMALIA,CHORDATA,MAMMALIA,RODENTIA,CRICETIDAE,Oecomys,Oecomys mamorae,"(Thomas, 1906)",NA,NA,NA,LC,Mamore Arboreal Rice Rat
2269,15136,ANIMALIA,CHORDATA,MAMMALIA,RODENTIA,CRICETIDAE,Oecomys,Oecomys paricola,"(Thomas, 1904)",NA,NA,NA,DD,Brazilian Arboreal Rice Rat
2270,15137,ANIMALIA,CHORDATA,MAMMALIA,RODENTIA,CRICETIDAE,Oecomys,Oecomys phaeotis,"(Thomas, 1901)",NA,NA,NA,LC,Dusky Arboreal Rice Rat
2271,15138,ANIMALIA,CHORDATA,MAMMALIA,RODENTIA,CRICETIDAE,Oecomys,Oecomys rex,"Thomas, 1910",NA,NA,NA,LC,King Arboreal Rice Rat
2272,15139,ANIMALIA,CHORDATA,MAMMALIA,RODENTIA,CRICETIDAE,Oecomys,Oecomys roberti,"(Thomas, 1904)",NA,NA,NA,LC,Robert's Arboreal Rice Rat
2273,15140,ANIMALIA,CHORDATA,MAMMALIA,RODENTIA,CRICETIDAE,Oecomys,Oecomys rutilus,"Anthony, 1921",NA,NA,NA,LC,Red Arboreal Rice Rat
2274,15141,ANIMALIA,CHORDATA,MAMMALIA,RODENTIA,CRICETIDAE,Oecomys,Oecomys speciosus,"(J.A. Allen &amp; Chapman, 1893)",NA,NA,NA,LC,Arboreal Rice Rat
2275,15142,ANIMALIA,CHORDATA,MAMMALIA,RODENTIA,CRICETIDAE,Oecomys,Oecomys superans,"Thomas, 1911",NA,NA,NA,LC,Foothill Arboreal Rice Rat
2276,15143,ANIMALIA,CHORDATA,MAMMALIA,RODENTIA,CRICETIDAE,Oecomys,Oecomys trinitatis,"(J.A. Allen &amp; Chapman, 1893)",NA,NA,NA,LC,Long-furred Rice Rat
2277,15164,ANIMALIA,CHORDATA,MAMMALIA,RODENTIA,MURIDAE,Oenomys,Oenomys hypoxanthus,"(Pucheran, 1855)",NA,NA,NA,LC,Rufous-nosed Rat
2278,15165,ANIMALIA,CHORDATA,MAMMALIA,RODENTIA,MURIDAE,Oenomys,Oenomys ornatus,"Thomas, 1911",NA,NA,NA,DD,Ghana Rufous-nosed Rat
2279,15188,ANIMALIA,CHORDATA,MAMMALIA,ARTIODACTYLA,GIRAFFIDAE,Okapia,Okapia johnstoni,"(P.L. Sclater, 1901)",NA,NA,NA,EN,Okapi
2280,15189,ANIMALIA,CHORDATA,MAMMALIA,RODENTIA,ECHIMYIDAE,Olallamys,Olallamys albicauda,"(Günther, 1879)",NA,NA,NA,DD,White-tailed Olalla Rat
2281,15190,ANIMALIA,CHORDATA,MAMMALIA,RODENTIA,ECHIMYIDAE,Olallamys,Olallamys edax,"(Thomas, 1916)",NA,NA,NA,DD,Greedy Olalla Rat
2282,15241,ANIMALIA,CHORDATA,MAMMALIA,RODENTIA,CRICETIDAE,Oligoryzomys,Oligoryzomys andinus,"(Osgood, 1914)",NA,NA,NA,LC,Andean Pygmy Rice Rat
2283,15242,ANIMALIA,CHORDATA,MAMMALIA,RODENTIA,CRICETIDAE,Oligoryzomys,Oligoryzomys arenalis,"(Thomas, 1913)",NA,NA,NA,LC,Sandy Pygmy Rice Rat
2284,15243,ANIMALIA,CHORDATA,MAMMALIA,RODENTIA,CRICETIDAE,Oligoryzomys,Oligoryzomys chacoensis,"(Myers &amp; Carleton, 1981)",NA,NA,NA,LC,Chacoan Pygmy Rice Rat
2285,15244,ANIMALIA,CHORDATA,MAMMALIA,RODENTIA,CRICETIDAE,Oligoryzomys,Oligoryzomys delticola,"(Thomas, 1917)",NA,NA,NA,LC,Delta Pygmy Rice Rat
2286,15245,ANIMALIA,CHORDATA,MAMMALIA,RODENTIA,CRICETIDAE,Oligoryzomys,Oligoryzomys destructor,"(Tschudi, 1844)",NA,NA,NA,LC,Destructive Pygmy Rice Rat
2287,15246,ANIMALIA,CHORDATA,MAMMALIA,RODENTIA,CRICETIDAE,Oligoryzomys,Oligoryzomys eliurus,"(Wagner, 1845)",NA,NA,NA,LC,Brazilian Pygmy Rice Rat
2288,15247,ANIMALIA,CHORDATA,MAMMALIA,RODENTIA,CRICETIDAE,Oligoryzomys,Oligoryzomys flavescens,"(Waterhouse, 1837)",NA,NA,NA,LC,Yellow Pygmy Rice Rat
2289,15248,ANIMALIA,CHORDATA,MAMMALIA,RODENTIA,CRICETIDAE,Oligoryzomys,Oligoryzomys fulvescens,"(Saussure, 1860)",NA,NA,NA,LC,Fulvous Pygmy Rice Rat
2290,15249,ANIMALIA,CHORDATA,MAMMALIA,RODENTIA,CRICETIDAE,Oligoryzomys,Oligoryzomys griseolus,"(Osgood, 1912)",NA,NA,NA,LC,Grayish Pygmy Rice Rat
2291,15250,ANIMALIA,CHORDATA,MAMMALIA,RODENTIA,CRICETIDAE,Oligoryzomys,Oligoryzomys longicaudatus,"(Bennett, 1832)",NA,NA,NA,LC,Long-tailed Pygmy Rice Rat
2292,15251,ANIMALIA,CHORDATA,MAMMALIA,RODENTIA,CRICETIDAE,Oligoryzomys,Oligoryzomys magellanicus,"(Bennett, 1836)",NA,NA,NA,LC,Magellanic Pygmy Rice Rat
2293,15252,ANIMALIA,CHORDATA,MAMMALIA,RODENTIA,CRICETIDAE,Oligoryzomys,Oligoryzomys microtis,"(Allen, 1916)",NA,NA,NA,LC,Small-eared Pygmy Rice Rat
2294,15253,ANIMALIA,CHORDATA,MAMMALIA,RODENTIA,CRICETIDAE,Oligoryzomys,Oligoryzomys nigripes,"(Olfers, 1818)",NA,NA,NA,LC,Black-footed Pygmy Rice Rat
2295,15254,ANIMALIA,CHORDATA,MAMMALIA,RODENTIA,CRICETIDAE,Oligoryzomys,Oligoryzomys vegetus,"(Bangs, 1902)",NA,NA,NA,LC,Sprightly Pygmy Rice Rat
2296,15255,ANIMALIA,CHORDATA,MAMMALIA,RODENTIA,CRICETIDAE,Oligoryzomys,Oligoryzomys victus,"(Thomas, 1898)",NA,NA,NA,EX,St. Vincent Pygmy Rice Rat
2297,15269,ANIMALIA,CHORDATA,MAMMALIA,CARNIVORA,PHOCIDAE,Ommatophoca,Ommatophoca rossii,"(Gray, 1844)",NA,NA,NA,LC,Ross Seal
2298,15309,ANIMALIA,CHORDATA,MAMMALIA,CARNIVORA,FELIDAE,Leopardus,Leopardus colocolo,"(Molina, 1782)",NA,NA,NA,NT,Pampas Cat
2299,15310,ANIMALIA,CHORDATA,MAMMALIA,CARNIVORA,FELIDAE,Leopardus,Leopardus geoffroyi,"(d'Orbigny &amp; Gervais, 1844)",NA,NA,NA,LC,Geoffroy's Cat
2300,15311,ANIMALIA,CHORDATA,MAMMALIA,CARNIVORA,FELIDAE,Leopardus,Leopardus guigna,"(Molina, 1782)",NA,NA,NA,VU,Guiña
2301,15324,ANIMALIA,CHORDATA,MAMMALIA,RODENTIA,CRICETIDAE,Ondatra,Ondatra zibethicus,"(Linnaeus, 1766)",NA,NA,NA,LC,Common Muskrat
2302,15330,ANIMALIA,CHORDATA,MAMMALIA,DIPROTODONTIA,MACROPODIDAE,Onychogalea,Onychogalea fraenata,"(Gould, 1841)",NA,NA,NA,VU,Bridled Nailtail Wallaby
2303,15331,ANIMALIA,CHORDATA,MAMMALIA,DIPROTODONTIA,MACROPODIDAE,Onychogalea,Onychogalea lunata,"(Gould, 1841)",NA,NA,NA,EX,Crescent Nailtail Wallaby
2304,15337,ANIMALIA,CHORDATA,MAMMALIA,RODENTIA,CRICETIDAE,Onychomys,Onychomys arenicola,"Mearns, 1896",NA,NA,NA,LC,Chihuahuan Grasshopper Mouse
2305,15338,ANIMALIA,CHORDATA,MAMMALIA,RODENTIA,CRICETIDAE,Onychomys,Onychomys leucogaster,"(Wied-Neuwied, 1841)",NA,NA,NA,LC,Northern Grasshopper Mouse
2306,15339,ANIMALIA,CHORDATA,MAMMALIA,RODENTIA,CRICETIDAE,Onychomys,Onychomys torridus,"(Coues, 1874)",NA,NA,NA,LC,Southern Grasshopper Mouse
2307,15419,ANIMALIA,CHORDATA,MAMMALIA,ARTIODACTYLA,DELPHINIDAE,Orcaella,Orcaella brevirostris,"(Owen in Gray, 1866)",NA,NA,NA,EN,Irrawaddy Dolphin
2308,15421,ANIMALIA,CHORDATA,MAMMALIA,ARTIODACTYLA,DELPHINIDAE,Orcinus,Orcinus orca,"(Linnaeus, 1758)",NA,NA,NA,DD,Killer Whale
2309,15452,ANIMALIA,CHORDATA,MAMMALIA,CARNIVORA,FELIDAE,Leopardus,Leopardus jacobita,"(Cornalia, 1865)",NA,NA,NA,EN,Andean Cat
2310,15485,ANIMALIA,CHORDATA,MAMMALIA,ARTIODACTYLA,BOVIDAE,Oreotragus,Oreotragus oreotragus,"(Zimmermann, 1783)",NA,NA,NA,LC,Klipspringer
2311,15544,ANIMALIA,CHORDATA,MAMMALIA,RODENTIA,GEOMYIDAE,Orthogeomys,Orthogeomys cavator,"(Bangs, 1902)",NA,NA,NA,LC,Chiriqui Pocket Gopher
2312,15546,ANIMALIA,CHORDATA,MAMMALIA,RODENTIA,GEOMYIDAE,Orthogeomys,Orthogeomys cuniculus,"Elliot, 1905",NA,NA,NA,DD,Oaxacan Pocket Gopher
2313,15548,ANIMALIA,CHORDATA,MAMMALIA,RODENTIA,GEOMYIDAE,Orthogeomys,Orthogeomys heterodus,"(Peters, 1865)",NA,NA,NA,LC,Variable Pocket Gopher
2314,15549,ANIMALIA,CHORDATA,MAMMALIA,RODENTIA,GEOMYIDAE,Orthogeomys,Orthogeomys hispidus,"(Le Conte, 1852)",NA,NA,NA,LC,Hispid Pocket Gopher
2315,15568,ANIMALIA,CHORDATA,MAMMALIA,ARTIODACTYLA,BOVIDAE,Oryx,Oryx dammah,"(Cretzschmar, 1826)",NA,NA,NA,EN,Scimitar-horned Oryx
2316,15569,ANIMALIA,CHORDATA,MAMMALIA,ARTIODACTYLA,BOVIDAE,Oryx,Oryx leucoryx,"(Pallas, 1777)",NA,NA,NA,VU,Arabian Oryx
2317,15571,ANIMALIA,CHORDATA,MAMMALIA,ARTIODACTYLA,BOVIDAE,Oryx,Oryx beisa,"(Rüppell, 1835)",NA,NA,NA,EN,Beisa Oryx
2318,15573,ANIMALIA,CHORDATA,MAMMALIA,ARTIODACTYLA,BOVIDAE,Oryx,Oryx gazella,"(Linnaeus, 1758)",NA,NA,NA,LC,Gemsbok
2319,15583,ANIMALIA,CHORDATA,MAMMALIA,RODENTIA,CRICETIDAE,Oryzomys,Oryzomys nelsoni,"Merriam, 1898",NA,NA,NA,EX,Nelson's Rice Rat
2320,15584,ANIMALIA,CHORDATA,MAMMALIA,RODENTIA,CRICETIDAE,Nephelomys,Nephelomys albigularis,"(Tomes, 1860)",NA,NA,NA,LC,Tomes's Rice Rat
2321,15585,ANIMALIA,CHORDATA,MAMMALIA,RODENTIA,CRICETIDAE,Handleyomys,Handleyomys alfaroi,"(J.A. Allen, 1891)",NA,NA,NA,LC,Alfaro's Rice Rat
2322,15586,ANIMALIA,CHORDATA,MAMMALIA,RODENTIA,CRICETIDAE,Nephelomys,Nephelomys auriventer,"(Thomas, 1890)",NA,NA,NA,LC,Ecuadorean Rice Rat
2323,15587,ANIMALIA,CHORDATA,MAMMALIA,RODENTIA,CRICETIDAE,Oreoryzomys,Oreoryzomys balneator,"(Thomas, 1900)",NA,NA,NA,DD,Peruvian Rice Rat
2324,15588,ANIMALIA,CHORDATA,MAMMALIA,RODENTIA,CRICETIDAE,Transandinomys,Transandinomys bolivaris,"(J.A. Allen, 1901)",NA,NA,NA,LC,Bolivar Rice Rat
2325,15591,ANIMALIA,CHORDATA,MAMMALIA,RODENTIA,CRICETIDAE,Handleyomys,Handleyomys chapmani,"(Thomas, 1898)",NA,NA,NA,VU,Chapman's Rice Rat
2326,15592,ANIMALIA,CHORDATA,MAMMALIA,RODENTIA,CRICETIDAE,Oryzomys,Oryzomys couesi,"(Alston, 1877)",NA,NA,NA,LC,Coues's Rice Rat
2327,15593,ANIMALIA,CHORDATA,MAMMALIA,RODENTIA,CRICETIDAE,Nephelomys,Nephelomys devius,"(Bangs, 1902)",NA,NA,NA,LC,Boquete Rice Rat
2328,15594,ANIMALIA,CHORDATA,MAMMALIA,RODENTIA,CRICETIDAE,Oryzomys,Oryzomys dimidiatus,"(Thomas, 1905)",NA,NA,NA,DD,Thomas's Rice Rat
2329,15595,ANIMALIA,CHORDATA,MAMMALIA,RODENTIA,CRICETIDAE,Aegialomys,Aegialomys galapagoensis,"(Waterhouse, 1839)",NA,NA,NA,VU,Galapagos Rice Rat
2330,15597,ANIMALIA,CHORDATA,MAMMALIA,RODENTIA,CRICETIDAE,Mindomys,Mindomys hammondi,"(Thomas, 1913)",NA,NA,NA,EN,Hammond's Rice Rat
2331,15598,ANIMALIA,CHORDATA,MAMMALIA,RODENTIA,CRICETIDAE,Handleyomys,Handleyomys intectus,"(Thomas, 1921)",NA,NA,NA,LC,Colombian Rice Rat
2332,15600,ANIMALIA,CHORDATA,MAMMALIA,RODENTIA,CRICETIDAE,Nephelomys,Nephelomys keaysi,"(J.A. Allen, 1900)",NA,NA,NA,LC,Keays's Rice Rat
2333,15602,ANIMALIA,CHORDATA,MAMMALIA,RODENTIA,CRICETIDAE,Euryoryzomys,Euryoryzomys lamia,"(Thomas, 1901)",NA,NA,NA,VU,Monster Rice Rat
2334,15603,ANIMALIA,CHORDATA,MAMMALIA,RODENTIA,CRICETIDAE,Euryoryzomys,Euryoryzomys legatus,"(Thomas, 1925)",NA,NA,NA,LC,Big-headed Rice Rat
2335,15604,ANIMALIA,CHORDATA,MAMMALIA,RODENTIA,CRICETIDAE,Nephelomys,Nephelomys levipes,"(Thomas, 1902)",NA,NA,NA,LC,Light-footed Rice Rat
2336,15605,ANIMALIA,CHORDATA,MAMMALIA,RODENTIA,CRICETIDAE,Euryoryzomys,Euryoryzomys macconnelli,"(O. Thomas, 1910)",NA,NA,NA,LC,Macconnell's Rice Rat
2337,15606,ANIMALIA,CHORDATA,MAMMALIA,RODENTIA,CRICETIDAE,Handleyomys,Handleyomys melanotis,"(Thomas, 1893)",NA,NA,NA,LC,Black-eared Rice Rat
2338,15607,ANIMALIA,CHORDATA,MAMMALIA,RODENTIA,CRICETIDAE,Euryoryzomys,Euryoryzomys nitidus,"(Thomas, 1884)",NA,NA,NA,LC,Elegant Rice Rat
2339,15608,ANIMALIA,CHORDATA,MAMMALIA,RODENTIA,CRICETIDAE,Hylaeamys,Hylaeamys oniscus,"(Thomas, 1904)",NA,NA,NA,NT,Sowbug Rice Rat
2340,15609,ANIMALIA,CHORDATA,MAMMALIA,RODENTIA,CRICETIDAE,Eremoryzomys,Eremoryzomys polius,"(Osgood, 1913)",NA,NA,NA,DD,Gray Rice Rat
2341,15611,ANIMALIA,CHORDATA,MAMMALIA,RODENTIA,CRICETIDAE,Handleyomys,Handleyomys rhabdops,"(Merriam, 1901)",NA,NA,NA,EN,Striped Rice Rat
2342,15612,ANIMALIA,CHORDATA,MAMMALIA,RODENTIA,CRICETIDAE,Handleyomys,Handleyomys rostratus,"(Merriam, 1901)",NA,NA,NA,LC,Long-nosed Rice Rat
2343,15613,ANIMALIA,CHORDATA,MAMMALIA,RODENTIA,CRICETIDAE,Handleyomys,Handleyomys saturatior,"(Merriam, 1901)",NA,NA,NA,LC,Cloud Forest Rice Rat
2344,15614,ANIMALIA,CHORDATA,MAMMALIA,RODENTIA,CRICETIDAE,Cerradomys,Cerradomys subflavus,"(Wagner, 1842)",NA,NA,NA,LC,Terraced Rice Rat
2345,15615,ANIMALIA,CHORDATA,MAMMALIA,RODENTIA,CRICETIDAE,Transandinomys,Transandinomys talamancae,"(J.A. Allen, 1891)",NA,NA,NA,LC,Talamancan Rice Rat
2346,15616,ANIMALIA,CHORDATA,MAMMALIA,RODENTIA,CRICETIDAE,Aegialomys,Aegialomys xanthaeolus,"(Thomas, 1894)",NA,NA,NA,LC,Yellowish Rice Rat
2347,15617,ANIMALIA,CHORDATA,MAMMALIA,RODENTIA,CRICETIDAE,Hylaeamys,Hylaeamys yunganus,"(Thomas, 1902)",NA,NA,NA,LC,Yungas Rice Rat
2348,15628,ANIMALIA,CHORDATA,MAMMALIA,CARNIVORA,VIVERRIDAE,Genetta,Genetta piscivora,"(J.A. Allen, 1919)",NA,NA,NA,NT,Aquatic Genet
2349,15629,ANIMALIA,CHORDATA,MAMMALIA,RODENTIA,CRICETIDAE,Osgoodomys,Osgoodomys banderanus,"(J.A. Allen, 1897)",NA,NA,NA,LC,Michoacan Deer Mouse
2350,15640,ANIMALIA,CHORDATA,MAMMALIA,CARNIVORA,FELIDAE,Otocolobus,Otocolobus manul,"(Pallas, 1776)",NA,NA,NA,LC,Pallas's Cat
2351,15642,ANIMALIA,CHORDATA,MAMMALIA,CARNIVORA,CANIDAE,Otocyon,Otocyon megalotis,"(Desmarest, 1822)",NA,NA,NA,LC,Bat-eared Fox
2352,15643,ANIMALIA,CHORDATA,MAMMALIA,PRIMATES,GALAGIDAE,Otolemur,Otolemur crassicaudatus,"(É. Geoffroy Saint-Hilaire, 1812)",NA,NA,NA,LC,Thick-tailed Greater Galago
2353,15644,ANIMALIA,CHORDATA,MAMMALIA,PRIMATES,GALAGIDAE,Otolemur,Otolemur garnettii,"(Ogilby, 1838)",NA,NA,NA,LC,Garnett's Greater Galago
2354,15645,ANIMALIA,CHORDATA,MAMMALIA,CHIROPTERA,MOLOSSIDAE,Otomops,Otomops formosus,"Chasen, 1939",NA,NA,NA,DD,Java Giant Mastiff Bat
2355,15646,ANIMALIA,CHORDATA,MAMMALIA,CHIROPTERA,MOLOSSIDAE,Otomops,Otomops wroughtoni,"(Thomas, 1913)",NA,NA,NA,DD,Wroughton's Free-tailed Bat
2356,15647,ANIMALIA,CHORDATA,MAMMALIA,CHIROPTERA,MOLOSSIDAE,Otomops,Otomops johnstonei,"Kitchener, How &amp; Maryanto, 1992",NA,NA,NA,DD,Johnstone's Giant Mastiff Bat
2357,15648,ANIMALIA,CHORDATA,MAMMALIA,CHIROPTERA,MOLOSSIDAE,Otomops,Otomops martiensseni,"(Matschie, 1897)",NA,NA,NA,NT,Large-eared Free-tailed Bat
2358,15649,ANIMALIA,CHORDATA,MAMMALIA,CHIROPTERA,MOLOSSIDAE,Otomops,Otomops papuensis,"Lawrence, 1948",NA,NA,NA,DD,Papuan Free-tailed Bat
2359,15650,ANIMALIA,CHORDATA,MAMMALIA,CHIROPTERA,MOLOSSIDAE,Otomops,Otomops secundus,"Hayman, 1952",NA,NA,NA,DD,Mantled Free-tailed Bat
2360,15651,ANIMALIA,CHORDATA,MAMMALIA,RODENTIA,MURIDAE,Otomys,Otomys anchietae,"(Bocage, 1882)",NA,NA,NA,LC,Angolan Vlei Rat
2361,15652,ANIMALIA,CHORDATA,MAMMALIA,RODENTIA,MURIDAE,Otomys,Otomys angoniensis,"Wroughton, 1906",NA,NA,NA,LC,Angoni Vlei Rat
2362,15653,ANIMALIA,CHORDATA,MAMMALIA,RODENTIA,MURIDAE,Otomys,Otomys denti,"Thomas, 1906",NA,NA,NA,LC,Dent's Vlei Rat
2363,15655,ANIMALIA,CHORDATA,MAMMALIA,RODENTIA,MURIDAE,Otomys,Otomys laminatus,"Thomas & Schwann, 1905",NA,NA,NA,NT,Laminate Vlei Rat
2364,15657,ANIMALIA,CHORDATA,MAMMALIA,RODENTIA,MURIDAE,Otomys,Otomys occidentalis,"Dieterlen &amp; Van der Straeten, 1992",NA,NA,NA,VU,Western Vlei Rat
2365,15659,ANIMALIA,CHORDATA,MAMMALIA,RODENTIA,MURIDAE,Otomys,Otomys sloggetti,"Thomas, 1902",NA,NA,NA,LC,Sloggett's Vlei Rat
2366,15660,ANIMALIA,CHORDATA,MAMMALIA,RODENTIA,MURIDAE,Otomys,Otomys tropicalis,"Thomas, 1902",NA,NA,NA,LC,Tropical Vlei Rat
2367,15662,ANIMALIA,CHORDATA,MAMMALIA,RODENTIA,MURIDAE,Otomys,Otomys unisulcatus,"F. Cuvier, 1829",NA,NA,NA,LC,Karoo Bush Rat
2368,15664,ANIMALIA,CHORDATA,MAMMALIA,RODENTIA,CRICETIDAE,Otonyctomys,Otonyctomys hatti,"Anthony, 1932",NA,NA,NA,LC,Hatt's Vesper Mouse
2369,15665,ANIMALIA,CHORDATA,MAMMALIA,CHIROPTERA,PTEROPODIDAE,Otopteropus,Otopteropus cartilagonodus,"Kock, 1969",NA,NA,NA,LC,Luzon Fruit Bat
2370,15666,ANIMALIA,CHORDATA,MAMMALIA,RODENTIA,CRICETIDAE,Ototylomys,Ototylomys phyllotis,"Merriam, 1901",NA,NA,NA,LC,Big-eared Climbing Rat
2371,15730,ANIMALIA,CHORDATA,MAMMALIA,ARTIODACTYLA,BOVIDAE,Ourebia,Ourebia ourebi,"(Zimmermann, 1783)",NA,NA,NA,LC,Oribi
2372,15733,ANIMALIA,CHORDATA,MAMMALIA,ARTIODACTYLA,BOVIDAE,Ovis,Ovis ammon,"(Linnaeus, 1758)",NA,NA,NA,NT,Argali
2373,15735,ANIMALIA,CHORDATA,MAMMALIA,ARTIODACTYLA,BOVIDAE,Ovis,Ovis canadensis,"Shaw, 1804",NA,NA,NA,LC,Bighorn Sheep
2374,15740,ANIMALIA,CHORDATA,MAMMALIA,ARTIODACTYLA,BOVIDAE,Ovis,Ovis nivicola,"Eschcholtz, 1829",NA,NA,NA,LC,Snow Sheep
2375,15783,ANIMALIA,CHORDATA,MAMMALIA,RODENTIA,CRICETIDAE,Oxymycterus,Oxymycterus angularis,"Thomas, 1909",NA,NA,NA,LC,Angular Hocicudo
2376,15784,ANIMALIA,CHORDATA,MAMMALIA,RODENTIA,CRICETIDAE,Oxymycterus,Oxymycterus delator,"Thomas, 1903",NA,NA,NA,LC,Spy Hocicudo
2377,15785,ANIMALIA,CHORDATA,MAMMALIA,RODENTIA,CRICETIDAE,Oxymycterus,Oxymycterus hispidus,"Pictet, 1843",NA,NA,NA,LC,Hispid Hocicudo
2378,15786,ANIMALIA,CHORDATA,MAMMALIA,RODENTIA,CRICETIDAE,Oxymycterus,Oxymycterus hucucha,"Hinojosa, Anderson &amp; Patton, 1987",NA,NA,NA,EN,Quechuan Hocicudo
2379,15787,ANIMALIA,CHORDATA,MAMMALIA,RODENTIA,CRICETIDAE,Brucepattersonius,Brucepattersonius iheringi,"(Thomas, 1896)",NA,NA,NA,LC,Ihering's Hocicudo
2380,15788,ANIMALIA,CHORDATA,MAMMALIA,RODENTIA,CRICETIDAE,Oxymycterus,Oxymycterus inca,"Thomas, 1900",NA,NA,NA,LC,Incan Hocicudo
2381,15789,ANIMALIA,CHORDATA,MAMMALIA,RODENTIA,CRICETIDAE,Oxymycterus,Oxymycterus nasutus,"(Waterhouse, 1837)",NA,NA,NA,LC,Long-nosed Hocicudo
2382,15791,ANIMALIA,CHORDATA,MAMMALIA,RODENTIA,CRICETIDAE,Oxymycterus,Oxymycterus roberti,"Thomas, 1901",NA,NA,NA,LC,Robert's Hocicudo
2383,15792,ANIMALIA,CHORDATA,MAMMALIA,RODENTIA,CRICETIDAE,Oxymycterus,Oxymycterus rufus,"(Fischer, 1814)",NA,NA,NA,LC,Red Hocicudo
2384,15793,ANIMALIA,CHORDATA,MAMMALIA,RODENTIA,CRICETIDAE,Oxymycterus,Oxymycterus hiska,"Hinojosa, Anderson &amp; Patton, 1987",NA,NA,NA,LC,Small Hocicudo
2385,15803,ANIMALIA,CHORDATA,MAMMALIA,ARTIODACTYLA,CERVIDAE,Ozotoceros,Ozotoceros bezoarticus,"(Linnaeus, 1758)",NA,NA,NA,NT,Pampas Deer
2386,15865,ANIMALIA,CHORDATA,MAMMALIA,RODENTIA,MURIDAE,Pachyuromys,Pachyuromys duprasi,"Lataste, 1880",NA,NA,NA,LC,Fat-tailed Gerbil
2387,15917,ANIMALIA,CHORDATA,MAMMALIA,RODENTIA,MURIDAE,Palawanomys,Palawanomys furvus,"Musser &amp; Newcomb, 1983",NA,NA,NA,LC,Palawan Mountain Rat
2388,15932,ANIMALIA,CHORDATA,MAMMALIA,PRIMATES,HOMINIDAE,Pan,Pan paniscus,"Schwarz, 1929",NA,NA,NA,EN,Bonobo
2389,15933,ANIMALIA,CHORDATA,MAMMALIA,PRIMATES,HOMINIDAE,Pan,Pan troglodytes,"(Blumenbach, 1799)",NA,NA,NA,EN,Chimpanzee
2390,15951,ANIMALIA,CHORDATA,MAMMALIA,CARNIVORA,FELIDAE,Panthera,Panthera leo,"(Linnaeus, 1758)",NA,NA,NA,VU,Lion
2391,15953,ANIMALIA,CHORDATA,MAMMALIA,CARNIVORA,FELIDAE,Panthera,Panthera onca,"(Linnaeus, 1758)",NA,NA,NA,NT,Jaguar
2392,15954,ANIMALIA,CHORDATA,MAMMALIA,CARNIVORA,FELIDAE,Panthera,Panthera pardus,"(Linnaeus, 1758)",NA,NA,NA,VU,Leopard
2393,15955,ANIMALIA,CHORDATA,MAMMALIA,CARNIVORA,FELIDAE,Panthera,Panthera tigris,"(Linnaeus, 1758)",NA,NA,NA,EN,Tiger
2394,15967,ANIMALIA,CHORDATA,MAMMALIA,ARTIODACTYLA,BOVIDAE,Pantholops,Pantholops hodgsonii,"(Abel, 1826)",NA,NA,NA,NT,Chiru
2395,15975,ANIMALIA,CHORDATA,MAMMALIA,RODENTIA,MURIDAE,Papagomys,Papagomys armandvillei,"Jentink, 1892",NA,NA,NA,NT,Armandville’s Papagomys
2396,16018,ANIMALIA,CHORDATA,MAMMALIA,PRIMATES,CERCOPITHECIDAE,Papio,Papio papio,"(Desmarest, 1820)",NA,NA,NA,NT,Guinea Baboon
2397,16019,ANIMALIA,CHORDATA,MAMMALIA,PRIMATES,CERCOPITHECIDAE,Papio,Papio hamadryas,"(Linnaeus, 1758)",NA,NA,NA,LC,Hamadryas Baboon
2398,16022,ANIMALIA,CHORDATA,MAMMALIA,PRIMATES,CERCOPITHECIDAE,Papio,Papio ursinus,"(Kerr, 1792)",NA,NA,NA,LC,Chacma Baboon
2399,16025,ANIMALIA,CHORDATA,MAMMALIA,RODENTIA,GEOMYIDAE,Cratogeomys,Cratogeomys castanops,"(Baird, 1852)",NA,NA,NA,LC,Yellow-faced Pocket Gopher
2400,16026,ANIMALIA,CHORDATA,MAMMALIA,RODENTIA,GEOMYIDAE,Cratogeomys,Cratogeomys fumosus,"(Merriam, 1892)",NA,NA,NA,LC,Smoky Pocket Gopher
2401,16028,ANIMALIA,CHORDATA,MAMMALIA,RODENTIA,GEOMYIDAE,Cratogeomys,Cratogeomys merriami,"(Thomas, 1893)",NA,NA,NA,LC,Merriam’s Pocket Gopher
2402,16042,ANIMALIA,CHORDATA,MAMMALIA,EULIPOTYPHLA,SORICIDAE,Paracrocidura,Paracrocidura graueri,"Hutterer, 1986",NA,NA,NA,DD,Grauer's Large-headed Shrew
2403,16043,ANIMALIA,CHORDATA,MAMMALIA,EULIPOTYPHLA,SORICIDAE,Paracrocidura,Paracrocidura maxima,"Heim de Balsac, 1959",NA,NA,NA,LC,Greater Large-headed Shrew
2404,16074,ANIMALIA,CHORDATA,MAMMALIA,RODENTIA,DIPODIDAE,Paradipus,Paradipus ctenodactylus,"(Vinogradov, 1929)",NA,NA,NA,LC,Comb-toed Jerboa
2405,16104,ANIMALIA,CHORDATA,MAMMALIA,CARNIVORA,VIVERRIDAE,Paradoxurus,Paradoxurus jerdoni,"Blanford, 1885",NA,NA,NA,LC,Brown Palm Civet
2406,16114,ANIMALIA,CHORDATA,MAMMALIA,RODENTIA,MURIDAE,Parahydromys,Parahydromys asper,"(Thomas, 1906)",NA,NA,NA,LC,Waterside Rat
2407,16121,ANIMALIA,CHORDATA,MAMMALIA,RODENTIA,MURIDAE,Paraleptomys,Paraleptomys rufilatus,"Osgood, 1945",NA,NA,NA,EN,Northern Hydromyine
2408,16122,ANIMALIA,CHORDATA,MAMMALIA,RODENTIA,MURIDAE,Paraleptomys,Paraleptomys wilhelmina,"Tate &amp; Archbold, 1941",NA,NA,NA,DD,Short-haired Hydromyine
2409,16138,ANIMALIA,CHORDATA,MAMMALIA,DASYUROMORPHIA,DASYURIDAE,Parantechinus,Parantechinus apicalis,"(Gray, 1842)",NA,NA,NA,EN,Dibbler
2410,16174,ANIMALIA,CHORDATA,MAMMALIA,CHIROPTERA,PTEROPODIDAE,Paranyctimene,Paranyctimene raptor,"Tate, 1942",NA,NA,NA,LC,Unstriped Tube-nosed Bat
2411,16202,ANIMALIA,CHORDATA,MAMMALIA,RODENTIA,SCIURIDAE,Paraxerus,Paraxerus vexillarius,"(Kershaw, 1923)",NA,NA,NA,LC,Svynnerton's Bush Squirrel
2412,16203,ANIMALIA,CHORDATA,MAMMALIA,RODENTIA,SCIURIDAE,Paraxerus,Paraxerus alexandri,"(Thomas &amp; Wroughton, 1907)",NA,NA,NA,LC,Alexander's Bush Squirrel
2413,16204,ANIMALIA,CHORDATA,MAMMALIA,RODENTIA,SCIURIDAE,Paraxerus,Paraxerus boehmi,"(Reichenow, 1886)",NA,NA,NA,LC,Boehm's Bush Squirrel
2414,16205,ANIMALIA,CHORDATA,MAMMALIA,RODENTIA,SCIURIDAE,Paraxerus,Paraxerus cepapi,"(A. Smith, 1836)",NA,NA,NA,LC,Smith's Bush Squirrel
2415,16206,ANIMALIA,CHORDATA,MAMMALIA,RODENTIA,SCIURIDAE,Paraxerus,Paraxerus cooperi,"Hayman, 1950",NA,NA,NA,DD,Cooper's Mountain Squirrel
2416,16207,ANIMALIA,CHORDATA,MAMMALIA,RODENTIA,SCIURIDAE,Paraxerus,Paraxerus flavovittis,"(Peters, 1852)",NA,NA,NA,LC,Striped Bush Squirrel
2417,16208,ANIMALIA,CHORDATA,MAMMALIA,RODENTIA,SCIURIDAE,Paraxerus,Paraxerus lucifer,"(Thomas, 1897)",NA,NA,NA,DD,Black And Red Bush Squirrel
2418,16209,ANIMALIA,CHORDATA,MAMMALIA,RODENTIA,SCIURIDAE,Paraxerus,Paraxerus ochraceus,"(Huet, 1880)",NA,NA,NA,LC,Ochre Bush Squirrel
2419,16210,ANIMALIA,CHORDATA,MAMMALIA,RODENTIA,SCIURIDAE,Paraxerus,Paraxerus palliatus,"(Peters, 1852)",NA,NA,NA,LC,Red Bush Squirrel
2420,16211,ANIMALIA,CHORDATA,MAMMALIA,RODENTIA,SCIURIDAE,Paraxerus,Paraxerus poensis,"(A. Smith, 1830)",NA,NA,NA,LC,Green Bush Squirrel
2421,16212,ANIMALIA,CHORDATA,MAMMALIA,RODENTIA,SCIURIDAE,Paraxerus,Paraxerus vincenti,"Hayman, 1950",NA,NA,NA,EN,Vincent's Bush Squirrel
2422,16218,ANIMALIA,CHORDATA,MAMMALIA,CARNIVORA,FELIDAE,Pardofelis,Pardofelis marmorata,"(Martin, 1837)",NA,NA,NA,NT,Marbled Cat
2423,16270,ANIMALIA,CHORDATA,MAMMALIA,RODENTIA,MURIDAE,Parotomys,Parotomys brantsii,"(A. Smith, 1834)",NA,NA,NA,LC,Brants's Whistling Rat
2424,16271,ANIMALIA,CHORDATA,MAMMALIA,RODENTIA,MURIDAE,Parotomys,Parotomys littledalei,"Thomas, 1918",NA,NA,NA,LC,Littledale's Whistling Rat
2425,16375,ANIMALIA,CHORDATA,MAMMALIA,RODENTIA,MURIDAE,Paruromys,Paruromys dominator,"Thomas, 1921",NA,NA,NA,LC,Giant Sulawesi Rat
2426,16426,ANIMALIA,CHORDATA,MAMMALIA,RODENTIA,MURIDAE,Paulamys,Paulamys naso,"(Musser, 1981)",NA,NA,NA,EN,Paula’s Long-nosed Rat
2427,16458,ANIMALIA,CHORDATA,MAMMALIA,RODENTIA,CTENODACTYLIDAE,Pectinator,Pectinator spekei,"Blyth, 1856",NA,NA,NA,LC,Speke's Pectinator
2428,16467,ANIMALIA,CHORDATA,MAMMALIA,RODENTIA,PEDETIDAE,Pedetes,Pedetes capensis,"(Forster, 1778)",NA,NA,NA,LC,Spring Hare
2429,16484,ANIMALIA,CHORDATA,MAMMALIA,ARTIODACTYLA,BOVIDAE,Pelea,Pelea capreolus,"(Forster, 1790)",NA,NA,NA,NT,Grey Rhebok
2430,16506,ANIMALIA,CHORDATA,MAMMALIA,RODENTIA,MURIDAE,Pelomys,Pelomys hopkinsi,"Hayman, 1955",NA,NA,NA,DD,Hopkins's Groove-toothed Swamp Rat
2431,16507,ANIMALIA,CHORDATA,MAMMALIA,RODENTIA,MURIDAE,Pelomys,Pelomys isseli,"(de Beaux, 1924)",NA,NA,NA,NT,Issel's Groove-toothed Swamp Rat
2432,16508,ANIMALIA,CHORDATA,MAMMALIA,RODENTIA,MURIDAE,Pelomys,Pelomys campanae,"(Huet, 1888)",NA,NA,NA,LC,Bell Groove-toothed Swamp Rat
2433,16509,ANIMALIA,CHORDATA,MAMMALIA,RODENTIA,MURIDAE,Pelomys,Pelomys fallax,"(Peters, 1852)",NA,NA,NA,LC,Creek Groove-toothed Swamp Rat
2434,16510,ANIMALIA,CHORDATA,MAMMALIA,RODENTIA,MURIDAE,Pelomys,Pelomys minor,"Cabrera &amp; Ruxton, 1926",NA,NA,NA,LC,Least Groove-toothed Swamp Rat
2435,16559,ANIMALIA,CHORDATA,MAMMALIA,LAGOMORPHA,LEPORIDAE,Pentalagus,Pentalagus furnessi,"(Stone, 1900)",NA,NA,NA,EN,Amami Rabbit
2436,16563,ANIMALIA,CHORDATA,MAMMALIA,CHIROPTERA,PTEROPODIDAE,Penthetor,Penthetor lucasi,"(Dobson, 1880)",NA,NA,NA,LC,Lucas's Short-nosed Fruit Bat
2437,16564,ANIMALIA,CHORDATA,MAMMALIA,ARTIODACTYLA,DELPHINIDAE,Peponocephala,Peponocephala electra,"(Gray, 1846)",NA,NA,NA,LC,Melon-headed Whale
2438,16569,ANIMALIA,CHORDATA,MAMMALIA,PERAMELEMORPHIA,PERAMELIDAE,Perameles,Perameles bougainville,"Quoy &amp; Gaimard, 1824",NA,NA,NA,VU,Shark Bay bandicoot
2439,16570,ANIMALIA,CHORDATA,MAMMALIA,PERAMELEMORPHIA,PERAMELIDAE,Perameles,Perameles eremiana,"Spencer, 1897",NA,NA,NA,EX,Desert Bandicoot
2440,16572,ANIMALIA,CHORDATA,MAMMALIA,PERAMELEMORPHIA,PERAMELIDAE,Perameles,Perameles gunnii,"Gray, 1838",NA,NA,NA,VU,Eastern Barred Bandicoot
2441,16631,ANIMALIA,CHORDATA,MAMMALIA,RODENTIA,HETEROMYIDAE,Perognathus,Perognathus alticola,"Rhoads, 1894",NA,NA,NA,VU,White-eared Pocket Mouse
2442,16633,ANIMALIA,CHORDATA,MAMMALIA,RODENTIA,HETEROMYIDAE,Perognathus,Perognathus amplus,"Osgood, 1900",NA,NA,NA,LC,Arizona Pocket Mouse
2443,16634,ANIMALIA,CHORDATA,MAMMALIA,RODENTIA,HETEROMYIDAE,Perognathus,Perognathus flavescens,"Merriam, 1889",NA,NA,NA,LC,Plains Pocket Mouse
2444,16635,ANIMALIA,CHORDATA,MAMMALIA,RODENTIA,HETEROMYIDAE,Perognathus,Perognathus flavus,"Baird, 1855",NA,NA,NA,LC,Silky Pocket Mouse
2445,16636,ANIMALIA,CHORDATA,MAMMALIA,RODENTIA,HETEROMYIDAE,Perognathus,Perognathus longimembris,"(Coues, 1875)",NA,NA,NA,LC,Los Angeles Little Pocket Mouse
2446,16637,ANIMALIA,CHORDATA,MAMMALIA,RODENTIA,HETEROMYIDAE,Perognathus,Perognathus merriami,"J.A. Allen, 1892",NA,NA,NA,LC,Great Basin Pocket Mouse
2447,16645,ANIMALIA,CHORDATA,MAMMALIA,RODENTIA,CRICETIDAE,Peromyscus,Peromyscus pembertoni,"Burt, 1932",NA,NA,NA,EX,Pemberton's Deer Mouse
2448,16651,ANIMALIA,CHORDATA,MAMMALIA,RODENTIA,CRICETIDAE,Peromyscus,Peromyscus aztecus,"(Saussure, 1860)",NA,NA,NA,LC,Aztec Mouse
2449,16652,ANIMALIA,CHORDATA,MAMMALIA,RODENTIA,CRICETIDAE,Peromyscus,Peromyscus boylii,"(Baird, 1855)",NA,NA,NA,LC,Brush Mouse
2450,16653,ANIMALIA,CHORDATA,MAMMALIA,RODENTIA,CRICETIDAE,Peromyscus,Peromyscus bullatus,"Osgood, 1904",NA,NA,NA,CR,Perote Deer Mouse
2451,16654,ANIMALIA,CHORDATA,MAMMALIA,RODENTIA,CRICETIDAE,Peromyscus,Peromyscus californicus,"(Gambel, 1848)",NA,NA,NA,LC,California Mouse
2452,16655,ANIMALIA,CHORDATA,MAMMALIA,RODENTIA,CRICETIDAE,Peromyscus,Peromyscus caniceps,"Burt, 1932",NA,NA,NA,CR,Monserrat Island Deermouse
2453,16656,ANIMALIA,CHORDATA,MAMMALIA,RODENTIA,CRICETIDAE,Peromyscus,Peromyscus crinitus,"(Merriam, 1891)",NA,NA,NA,LC,Canyon Mouse
2454,16657,ANIMALIA,CHORDATA,MAMMALIA,RODENTIA,CRICETIDAE,Peromyscus,Peromyscus dickeyi,"Burt, 1932",NA,NA,NA,CR,Dickey’s Deermouse
2455,16658,ANIMALIA,CHORDATA,MAMMALIA,RODENTIA,CRICETIDAE,Peromyscus,Peromyscus difficilis,"(J.A. Allen, 1891)",NA,NA,NA,LC,Zacatecan Deer Mouse
2456,16659,ANIMALIA,CHORDATA,MAMMALIA,RODENTIA,CRICETIDAE,Peromyscus,Peromyscus eremicus,"(Baird, 1858)",NA,NA,NA,LC,Cactus Mouse
2457,16660,ANIMALIA,CHORDATA,MAMMALIA,RODENTIA,CRICETIDAE,Peromyscus,Peromyscus eva,"Thomas, 1898",NA,NA,NA,LC,Eva's Desert Mouse
2458,16661,ANIMALIA,CHORDATA,MAMMALIA,RODENTIA,CRICETIDAE,Peromyscus,Peromyscus furvus,"J.A. Allen &amp; Chapman, 1897",NA,NA,NA,DD,Blackish Deer Mouse
2459,16662,ANIMALIA,CHORDATA,MAMMALIA,RODENTIA,CRICETIDAE,Peromyscus,Peromyscus grandis,"Goodwin, 1932",NA,NA,NA,NT,Big Deer Mouse
2460,16663,ANIMALIA,CHORDATA,MAMMALIA,RODENTIA,CRICETIDAE,Peromyscus,Peromyscus gratus,"Merriam, 1898",NA,NA,NA,LC,Osgood's Mouse
2461,16664,ANIMALIA,CHORDATA,MAMMALIA,RODENTIA,CRICETIDAE,Peromyscus,Peromyscus guardia,"Townsend, 1912",NA,NA,NA,CR,Angel Island Mouse
2462,16665,ANIMALIA,CHORDATA,MAMMALIA,RODENTIA,CRICETIDAE,Peromyscus,Peromyscus guatemalensis,"Merriam, 1898",NA,NA,NA,LC,Guatemalan Deer Mouse
2463,16666,ANIMALIA,CHORDATA,MAMMALIA,RODENTIA,CRICETIDAE,Peromyscus,Peromyscus gymnotis,"Thomas, 1894",NA,NA,NA,LC,Naked-eared Deer Mouse
2464,16667,ANIMALIA,CHORDATA,MAMMALIA,RODENTIA,CRICETIDAE,Peromyscus,Peromyscus hooperi,"Lee &amp; Schmidly, 1977",NA,NA,NA,LC,Hooper's Deer Mouse
2465,16668,ANIMALIA,CHORDATA,MAMMALIA,RODENTIA,CRICETIDAE,Peromyscus,Peromyscus interparietalis,"Burt, 1932",NA,NA,NA,CR,San Lorenzo Deermouse
2466,16669,ANIMALIA,CHORDATA,MAMMALIA,RODENTIA,CRICETIDAE,Peromyscus,Peromyscus leucopus,"(Rafinesque, 1818)",NA,NA,NA,LC,White-footed Mouse
2467,16670,ANIMALIA,CHORDATA,MAMMALIA,RODENTIA,CRICETIDAE,Peromyscus,Peromyscus levipes,"Merriam, 1898",NA,NA,NA,LC,Nimble-footed Deer Mouse
2468,16671,ANIMALIA,CHORDATA,MAMMALIA,RODENTIA,CRICETIDAE,Peromyscus,Peromyscus madrensis,"Merriam, 1898",NA,NA,NA,EN,Tres Marias Deer Mouse
2469,16672,ANIMALIA,CHORDATA,MAMMALIA,RODENTIA,CRICETIDAE,Peromyscus,Peromyscus maniculatus,"(Wagner, 1845)",NA,NA,NA,LC,North American Deermouse
2470,16673,ANIMALIA,CHORDATA,MAMMALIA,RODENTIA,CRICETIDAE,Peromyscus,Peromyscus mayensis,"Carleton &amp; Huckaby, 1975",NA,NA,NA,CR,Mayan Deer Mouse
2471,16674,ANIMALIA,CHORDATA,MAMMALIA,RODENTIA,CRICETIDAE,Peromyscus,Peromyscus megalops,"Merriam, 1898",NA,NA,NA,LC,Broad-faced Deer Mouse
2472,16675,ANIMALIA,CHORDATA,MAMMALIA,RODENTIA,CRICETIDAE,Peromyscus,Peromyscus mekisturus,"Merriam, 1898",NA,NA,NA,CR,Puebla Deer Mouse
2473,16676,ANIMALIA,CHORDATA,MAMMALIA,RODENTIA,CRICETIDAE,Peromyscus,Peromyscus melanocarpus,"Osgood, 1904",NA,NA,NA,EN,Black-wristed Deer Mouse
2474,16677,ANIMALIA,CHORDATA,MAMMALIA,RODENTIA,CRICETIDAE,Peromyscus,Peromyscus melanophrys,"(Coues, 1874)",NA,NA,NA,LC,Plateau Deer Mouse
2475,16678,ANIMALIA,CHORDATA,MAMMALIA,RODENTIA,CRICETIDAE,Peromyscus,Peromyscus melanotis,"J.A. Allen &amp; Chapman, 1897",NA,NA,NA,LC,Black-eared Mouse
2476,16679,ANIMALIA,CHORDATA,MAMMALIA,RODENTIA,CRICETIDAE,Peromyscus,Peromyscus melanurus,"Osgood, 1909",NA,NA,NA,EN,Black-tailed Deer Mouse
2477,16680,ANIMALIA,CHORDATA,MAMMALIA,RODENTIA,CRICETIDAE,Peromyscus,Peromyscus merriami,"Mearns, 1896",NA,NA,NA,LC,Mesquite Mouse
2478,16681,ANIMALIA,CHORDATA,MAMMALIA,RODENTIA,CRICETIDAE,Peromyscus,Peromyscus mexicanus,"(Saussure, 1860)",NA,NA,NA,LC,Mexican Deer Mouse
2479,16682,ANIMALIA,CHORDATA,MAMMALIA,RODENTIA,CRICETIDAE,Peromyscus,Peromyscus nasutus,"(J.A. Allen, 1891)",NA,NA,NA,LC,Northern Rock Mouse
2480,16683,ANIMALIA,CHORDATA,MAMMALIA,RODENTIA,CRICETIDAE,Peromyscus,Peromyscus ochraventer,"Baker, 1951",NA,NA,NA,EN,El Carrizo Deer Mouse
2481,16684,ANIMALIA,CHORDATA,MAMMALIA,RODENTIA,CRICETIDAE,Peromyscus,Peromyscus pectoralis,"Osgood, 1904",NA,NA,NA,LC,White-ankled Mouse
2482,16685,ANIMALIA,CHORDATA,MAMMALIA,RODENTIA,CRICETIDAE,Peromyscus,Peromyscus perfulvus,"Osgood, 1945",NA,NA,NA,LC,Tawny Deer Mouse
2483,16686,ANIMALIA,CHORDATA,MAMMALIA,RODENTIA,CRICETIDAE,Peromyscus,Peromyscus polius,"Osgood, 1904",NA,NA,NA,NT,Chihuahuan Deer Mouse
2484,16687,ANIMALIA,CHORDATA,MAMMALIA,RODENTIA,CRICETIDAE,Peromyscus,Peromyscus pseudocrinitus,"Burt, 1932",NA,NA,NA,CR,Coronados Deer Mouse
2485,16688,ANIMALIA,CHORDATA,MAMMALIA,RODENTIA,CRICETIDAE,Peromyscus,Peromyscus sejugis,"Burt, 1932",NA,NA,NA,EN,Santa Cruz Mouse
2486,16689,ANIMALIA,CHORDATA,MAMMALIA,RODENTIA,CRICETIDAE,Peromyscus,Peromyscus simulus,"Osgood, 1904",NA,NA,NA,VU,Nayarit Deer Mouse
2487,16690,ANIMALIA,CHORDATA,MAMMALIA,RODENTIA,CRICETIDAE,Peromyscus,Peromyscus slevini,"Mailliard, 1924",NA,NA,NA,CR,Catalina Deer Mouse
2488,16691,ANIMALIA,CHORDATA,MAMMALIA,RODENTIA,CRICETIDAE,Peromyscus,Peromyscus spicilegus,"J.A. Allen, 1897",NA,NA,NA,LC,Gleaning Deer Mouse
2489,16692,ANIMALIA,CHORDATA,MAMMALIA,RODENTIA,CRICETIDAE,Peromyscus,Peromyscus stephani,"Townsend, 1912",NA,NA,NA,CR,San Esteban Deermouse
2490,16693,ANIMALIA,CHORDATA,MAMMALIA,RODENTIA,CRICETIDAE,Peromyscus,Peromyscus stirtoni,"Dickey, 1928",NA,NA,NA,LC,Stirton's Deer Mouse
2491,16694,ANIMALIA,CHORDATA,MAMMALIA,RODENTIA,CRICETIDAE,Peromyscus,Peromyscus truei,"(Shufeldt, 1885)",NA,NA,NA,LC,Pinyon Mouse
2492,16695,ANIMALIA,CHORDATA,MAMMALIA,RODENTIA,CRICETIDAE,Peromyscus,Peromyscus winkelmanni,"Carleton, 1977",NA,NA,NA,EN,Coalcoman Deer Mouse
2493,16696,ANIMALIA,CHORDATA,MAMMALIA,RODENTIA,CRICETIDAE,Peromyscus,Peromyscus yucatanicus,"J.A. Allen &amp; Chapman, 1897",NA,NA,NA,LC,Yucatan Deer Mouse
2494,16697,ANIMALIA,CHORDATA,MAMMALIA,RODENTIA,CRICETIDAE,Peromyscus,Peromyscus zarhynchus,"Merriam, 1898",NA,NA,NA,VU,Chiapan Deer Mouse
2495,16707,ANIMALIA,CHORDATA,MAMMALIA,CHIROPTERA,EMBALLONURIDAE,Peropteryx,Peropteryx kappleri,"Peters, 1867",NA,NA,NA,LC,Greater Dog-like Bat
2496,16708,ANIMALIA,CHORDATA,MAMMALIA,CHIROPTERA,EMBALLONURIDAE,Peropteryx,Peropteryx leucoptera,"Peters, 1867",NA,NA,NA,LC,White-winged Dog-like Bat
2497,16709,ANIMALIA,CHORDATA,MAMMALIA,CHIROPTERA,EMBALLONURIDAE,Peropteryx,Peropteryx macrotis,"(Wagner, 1843)",NA,NA,NA,LC,Lesser Dog-like Bat
2498,16710,ANIMALIA,CHORDATA,MAMMALIA,PERAMELEMORPHIA,PERAMELIDAE,Peroryctes,Peroryctes broadbenti,"(Ramsay, 1879)",NA,NA,NA,EN,Giant Bandicoot
2499,16711,ANIMALIA,CHORDATA,MAMMALIA,PERAMELEMORPHIA,PERAMELIDAE,Peroryctes,Peroryctes raffrayana,"(Milne-Edwards, 1878)",NA,NA,NA,LC,Raffray's Bandicoot
2500,16714,ANIMALIA,CHORDATA,MAMMALIA,RODENTIA,SCIURIDAE,Petaurillus,Petaurillus emiliae,"Thomas, 1908",NA,NA,NA,DD,Lesser Pygmy Flying Squirrel
2501,16715,ANIMALIA,CHORDATA,MAMMALIA,RODENTIA,SCIURIDAE,Petaurillus,Petaurillus hosei,"(Thomas, 1900)",NA,NA,NA,DD,Hose's Pygmy Flying Squirrel
2502,16716,ANIMALIA,CHORDATA,MAMMALIA,RODENTIA,SCIURIDAE,Petaurillus,Petaurillus kinlochii,"(Robinson &amp; Kloss, 1911)",NA,NA,NA,DD,Selangor Pygmy Flying Squirrel
2503,16718,ANIMALIA,CHORDATA,MAMMALIA,RODENTIA,SCIURIDAE,Petaurista,Petaurista alborufus,"(Milne-Edwards, 1870)",NA,NA,NA,LC,Red And White Giant Flying Squirrel
2504,16719,ANIMALIA,CHORDATA,MAMMALIA,RODENTIA,SCIURIDAE,Petaurista,Petaurista elegans,"(Müller, 1840)",NA,NA,NA,LC,Spotted Giant Flying Squirrel
2505,16720,ANIMALIA,CHORDATA,MAMMALIA,RODENTIA,SCIURIDAE,Petaurista,Petaurista leucogenys,"(Temminck, 1827)",NA,NA,NA,LC,Japanese Giant Flying Squirrel
2506,16721,ANIMALIA,CHORDATA,MAMMALIA,RODENTIA,SCIURIDAE,Petaurista,Petaurista magnificus,"(Hodgson, 1836)",NA,NA,NA,LC,Hodgson's Giant Flying Squirrel
2507,16722,ANIMALIA,CHORDATA,MAMMALIA,RODENTIA,SCIURIDAE,Petaurista,Petaurista nobilis,"(Gray, 1842)",NA,NA,NA,NT,Bhutan Giant Flying Squirrel
2508,16723,ANIMALIA,CHORDATA,MAMMALIA,RODENTIA,SCIURIDAE,Petaurista,Petaurista petaurista,"(Pallas, 1766)",NA,NA,NA,LC,Red Giant Flying Squirrel
2509,16724,ANIMALIA,CHORDATA,MAMMALIA,RODENTIA,SCIURIDAE,Petaurista,Petaurista philippensis,"(Elliot, 1839)",NA,NA,NA,LC,Indian Giant Flying Squirrel
2510,16725,ANIMALIA,CHORDATA,MAMMALIA,RODENTIA,SCIURIDAE,Petaurista,Petaurista xanthotis,"(Milne-Edwards, 1872)",NA,NA,NA,LC,Chinese Giant Flying Squirrel
2511,16726,ANIMALIA,CHORDATA,MAMMALIA,DIPROTODONTIA,PETAURIDAE,Petaurus,Petaurus abidi,"Ziegler, 1981",NA,NA,NA,CR,Northern Glider
2512,16727,ANIMALIA,CHORDATA,MAMMALIA,DIPROTODONTIA,PETAURIDAE,Petaurus,Petaurus gracilis,"(de Vis, 1883)",NA,NA,NA,EN,Mahogany Glider
2513,16728,ANIMALIA,CHORDATA,MAMMALIA,DIPROTODONTIA,PETAURIDAE,Petaurus,Petaurus norfolcensis,"(Kerr, 1792)",NA,NA,NA,LC,Squirrel Glider
2514,16730,ANIMALIA,CHORDATA,MAMMALIA,DIPROTODONTIA,PETAURIDAE,Petaurus,Petaurus australis,"Shaw, 1791",NA,NA,NA,NT,Yellow-bellied Glider
2515,16731,ANIMALIA,CHORDATA,MAMMALIA,DIPROTODONTIA,PETAURIDAE,Petaurus,Petaurus breviceps,"Waterhouse, 1838",NA,NA,NA,LC,Sugar Glider
2516,16732,ANIMALIA,CHORDATA,MAMMALIA,DIPROTODONTIA,PETAURIDAE,Petaurus,Petaurus biacensis,"Ulmer, 1940",NA,NA,NA,LC,Biak Glider
2517,16733,ANIMALIA,CHORDATA,MAMMALIA,RODENTIA,SCIURIDAE,Petinomys,Petinomys crinitus,"(Hollister, 1911)",NA,NA,NA,LC,Mindanao Flying Squirrel
2518,16734,ANIMALIA,CHORDATA,MAMMALIA,RODENTIA,SCIURIDAE,Petinomys,Petinomys fuscocapillus,"(Jerdon, 1847)",NA,NA,NA,LC,Travancore Flying Squirrel
2519,16735,ANIMALIA,CHORDATA,MAMMALIA,RODENTIA,SCIURIDAE,Petinomys,Petinomys genibarbis,"(Horsfield, 1822)",NA,NA,NA,VU,Whiskered Flying Squirrel
2520,16736,ANIMALIA,CHORDATA,MAMMALIA,RODENTIA,SCIURIDAE,Petinomys,Petinomys hageni,"(Jentink, 1888)",NA,NA,NA,DD,Hagen's Flying Squirrel
2521,16737,ANIMALIA,CHORDATA,MAMMALIA,RODENTIA,SCIURIDAE,Petinomys,Petinomys lugens,"(Thomas, 1895)",NA,NA,NA,VU,Siberut Flying Squirrel
2522,16739,ANIMALIA,CHORDATA,MAMMALIA,RODENTIA,SCIURIDAE,Petinomys,Petinomys setosus,"(Temminck, 1844)",NA,NA,NA,VU,Temminck's Flying Squirrel
2523,16740,ANIMALIA,CHORDATA,MAMMALIA,RODENTIA,SCIURIDAE,Petinomys,Petinomys vordermanni,"(Jentink, 1890)",NA,NA,NA,VU,Vordermann's Flying Squirrel
2524,16744,ANIMALIA,CHORDATA,MAMMALIA,DIPROTODONTIA,MACROPODIDAE,Petrogale,Petrogale burbidgei,"Kitchener &amp; Sanson, 1978",NA,NA,NA,NT,Monjon
2525,16746,ANIMALIA,CHORDATA,MAMMALIA,DIPROTODONTIA,MACROPODIDAE,Petrogale,Petrogale penicillata,"(Gray, 1827)",NA,NA,NA,VU,Brush-tailed Rock Wallaby
2526,16747,ANIMALIA,CHORDATA,MAMMALIA,DIPROTODONTIA,MACROPODIDAE,Petrogale,Petrogale persephone,"Maynes, 1982",NA,NA,NA,EN,Proserpine Rock Wallaby
2527,16750,ANIMALIA,CHORDATA,MAMMALIA,DIPROTODONTIA,MACROPODIDAE,Petrogale,Petrogale xanthopus,"Gray, 1855",NA,NA,NA,NT,Yellow-footed Rock Wallaby
2528,16751,ANIMALIA,CHORDATA,MAMMALIA,DIPROTODONTIA,MACROPODIDAE,Petrogale,Petrogale lateralis,"Gould, 1842",NA,NA,NA,VU,Black-footed Rock Wallaby
2529,16752,ANIMALIA,CHORDATA,MAMMALIA,DIPROTODONTIA,MACROPODIDAE,Petrogale,Petrogale coenensis,"Eldridge &amp; Close, 1992",NA,NA,NA,EN,Cape York Rock Wallaby
2530,16753,ANIMALIA,CHORDATA,MAMMALIA,DIPROTODONTIA,MACROPODIDAE,Petrogale,Petrogale sharmani,"Eldridge &amp; Close, 1992",NA,NA,NA,VU,Mount Claro Rock Wallaby
2531,16761,ANIMALIA,CHORDATA,MAMMALIA,DIPROTODONTIA,MACROPODIDAE,Petrogale,Petrogale concinna,"Gould, 1842",NA,NA,NA,EN,Nabarlek
2532,16776,ANIMALIA,CHORDATA,MAMMALIA,RODENTIA,PETROMURIDAE,Petromus,Petromus typicus,"A. Smith, 1831",NA,NA,NA,LC,Dassie Rat
2533,16777,ANIMALIA,CHORDATA,MAMMALIA,RODENTIA,NESOMYIDAE,Petromyscus,Petromyscus barbouri,"Shortridge & Carter, 1938",NA,NA,NA,LC,Barbour's Rock Mouse
2534,16778,ANIMALIA,CHORDATA,MAMMALIA,RODENTIA,NESOMYIDAE,Petromyscus,Petromyscus collinus,"(Thomas & Hinton, 1925)",NA,NA,NA,LC,Pygmy Rock Mouse
2535,16779,ANIMALIA,CHORDATA,MAMMALIA,RODENTIA,NESOMYIDAE,Petromyscus,Petromyscus monticularis,"(Thomas & Hinton, 1925)",NA,NA,NA,LC,Brukkaros Pygmy Rock Mouse
2536,16780,ANIMALIA,CHORDATA,MAMMALIA,RODENTIA,NESOMYIDAE,Petromyscus,Petromyscus shortridgei,"Thomas, 1926",NA,NA,NA,LC,Shortridge's Rock Mouse
2537,16799,ANIMALIA,CHORDATA,MAMMALIA,RODENTIA,CRICETIDAE,Phaenomys,Phaenomys ferrugineus,"(Thomas, 1894)",NA,NA,NA,EN,Rio de Janeiro Arboreal Rat
2538,16846,ANIMALIA,CHORDATA,MAMMALIA,DIPROTODONTIA,PHALANGERIDAE,Phalanger,Phalanger lullulae,"Thomas, 1896",NA,NA,NA,EN,Woodlark Cuscus
2539,16847,ANIMALIA,CHORDATA,MAMMALIA,DIPROTODONTIA,PHALANGERIDAE,Phalanger,Phalanger orientalis,"(Pallas, 1766)",NA,NA,NA,LC,Northern Common Cuscus
2540,16850,ANIMALIA,CHORDATA,MAMMALIA,DIPROTODONTIA,PHALANGERIDAE,Phalanger,Phalanger vestitus,"(Milne-Edwards, 1877)",NA,NA,NA,LC,Stein's Cuscus
2541,16851,ANIMALIA,CHORDATA,MAMMALIA,DIPROTODONTIA,PHALANGERIDAE,Phalanger,Phalanger matanim,"Flannery, 1987",NA,NA,NA,CR,Telefomin Cuscus
2542,16852,ANIMALIA,CHORDATA,MAMMALIA,DIPROTODONTIA,PHALANGERIDAE,Phalanger,Phalanger rothschildi,"Thomas, 1898",NA,NA,NA,LC,Obi Cuscus
2543,16853,ANIMALIA,CHORDATA,MAMMALIA,DIPROTODONTIA,PHALANGERIDAE,Phalanger,Phalanger carmelitae,"Thomas, 1898",NA,NA,NA,LC,Mountain Cuscus
2544,16854,ANIMALIA,CHORDATA,MAMMALIA,DIPROTODONTIA,PHALANGERIDAE,Phalanger,Phalanger ornatus,"(Gray, 1860)",NA,NA,NA,LC,Ornate Cuscus
2545,16855,ANIMALIA,CHORDATA,MAMMALIA,DIPROTODONTIA,PHALANGERIDAE,Phalanger,Phalanger sericeus,"Thomas, 1907",NA,NA,NA,LC,Silky Cuscus
2546,16856,ANIMALIA,CHORDATA,MAMMALIA,DIPROTODONTIA,PHALANGERIDAE,Phalanger,Phalanger gymnotis,"Peters &amp; Doria, 1875",NA,NA,NA,LC,Ground Cuscus
2547,16857,ANIMALIA,CHORDATA,MAMMALIA,DIPROTODONTIA,PHALANGERIDAE,Phalanger,Phalanger intercastellanus,"Thomas, 1895",NA,NA,NA,LC,Eastern Common Cuscus
2548,16858,ANIMALIA,CHORDATA,MAMMALIA,DIPROTODONTIA,PHALANGERIDAE,Phalanger,Phalanger alexandrae,"Flannery &amp; Boeadi, 1995",NA,NA,NA,EN,Gebe Cuscus
2549,16872,ANIMALIA,CHORDATA,MAMMALIA,PRIMATES,CHEIROGALEIDAE,Phaner,Phaner furcifer,"(de Blainville, 1839)",NA,NA,NA,EN,Masoala Fork-marked Lemur
2550,16873,ANIMALIA,CHORDATA,MAMMALIA,PRIMATES,CHEIROGALEIDAE,Phaner,Phaner parienti,"Groves &amp; Tattersall, 1991",NA,NA,NA,EN,Sambirano Fork-marked Lemur
2551,16874,ANIMALIA,CHORDATA,MAMMALIA,PRIMATES,CHEIROGALEIDAE,Phaner,Phaner pallescens,"Groves &amp; Tattersall, 1991",NA,NA,NA,EN,Pale Fork-marked Lemur
2552,16875,ANIMALIA,CHORDATA,MAMMALIA,PRIMATES,CHEIROGALEIDAE,Phaner,Phaner electromontis,"Groves &amp; Tattersall, 1991",NA,NA,NA,EN,Amber Mountain Fork-marked Lemur
2553,16887,ANIMALIA,CHORDATA,MAMMALIA,CHIROPTERA,VESPERTILIONIDAE,Pharotis,Pharotis imogene,"Thomas, 1914",NA,NA,NA,CR,Thomas's Big-eared Bat
2554,16888,ANIMALIA,CHORDATA,MAMMALIA,DASYUROMORPHIA,DASYURIDAE,Phascogale,Phascogale calura,"Gould, 1844",NA,NA,NA,NT,Red-tailed Phascogale
2555,16889,ANIMALIA,CHORDATA,MAMMALIA,DASYUROMORPHIA,DASYURIDAE,Phascogale,Phascogale pirata,"(Thomas, 1904)",NA,NA,NA,VU,Northern Brush-tailed Phascogale
2556,16890,ANIMALIA,CHORDATA,MAMMALIA,DASYUROMORPHIA,DASYURIDAE,Phascogale,Phascogale tapoatafa,"(Meyer, 1793)",NA,NA,NA,NT,Brush-tailed Phascogale
2557,16892,ANIMALIA,CHORDATA,MAMMALIA,DIPROTODONTIA,PHASCOLARCTIDAE,Phascolarctos,Phascolarctos cinereus,"(Goldfuss, 1817)",NA,NA,NA,VU,Koala
2558,16893,ANIMALIA,CHORDATA,MAMMALIA,DASYUROMORPHIA,DASYURIDAE,Phascolosorex,Phascolosorex doriae,"(Thomas, 1886)",NA,NA,NA,LC,Red-bellied Phascogale
2559,16894,ANIMALIA,CHORDATA,MAMMALIA,DASYUROMORPHIA,DASYURIDAE,Phascolosorex,Phascolosorex dorsalis,"(Peters &amp; Doria, 1876)",NA,NA,NA,LC,Narrow-striped Dasyure
2560,16899,ANIMALIA,CHORDATA,MAMMALIA,RODENTIA,CRICETIDAE,Craseomys,Craseomys andersoni,"(Thomas, 1905)",NA,NA,NA,LC,Anderson’s Red-backed Vole
2561,16900,ANIMALIA,CHORDATA,MAMMALIA,RODENTIA,CRICETIDAE,Craseomys,Craseomys smithii,"(Thomas, 1905)",NA,NA,NA,LC,Smith's Red-backed Vole
2562,16981,ANIMALIA,CHORDATA,MAMMALIA,CHIROPTERA,VESPERTILIONIDAE,Philetor,Philetor brachypterus,"(Temminck, 1840)",NA,NA,NA,LC,Short-winged Pipistrelle
2563,17003,ANIMALIA,CHORDATA,MAMMALIA,RODENTIA,MURIDAE,Phloeomys,Phloeomys cumingi,"(Waterhouse, 1839)",NA,NA,NA,LC,Southern Luzon Phloeomys
2564,17004,ANIMALIA,CHORDATA,MAMMALIA,RODENTIA,MURIDAE,Phloeomys,Phloeomys pallidus,"Nehring, 1890",NA,NA,NA,LC,Northern Luzon Phloeomys
2565,17013,ANIMALIA,CHORDATA,MAMMALIA,CARNIVORA,PHOCIDAE,Phoca,Phoca vitulina,"Linnaeus, 1758",NA,NA,NA,LC,Harbor Seal
2566,17023,ANIMALIA,CHORDATA,MAMMALIA,CARNIVORA,PHOCIDAE,Phoca,Phoca largha,"(Pallas, 1811)",NA,NA,NA,LC,Spotted Seal
2567,17026,ANIMALIA,CHORDATA,MAMMALIA,CARNIVORA,OTARIIDAE,Phocarctos,Phocarctos hookeri,"(Gray, 1844)",NA,NA,NA,EN,New Zealand Sea Lion
2568,17027,ANIMALIA,CHORDATA,MAMMALIA,ARTIODACTYLA,PHOCOENIDAE,Phocoena,Phocoena phocoena,"(Linnaeus, 1758)",NA,NA,NA,LC,Harbor Porpoise
2569,17028,ANIMALIA,CHORDATA,MAMMALIA,ARTIODACTYLA,PHOCOENIDAE,Phocoena,Phocoena sinus,"Norris &amp; McFarland, 1958",NA,NA,NA,CR,Vaquita
2570,17029,ANIMALIA,CHORDATA,MAMMALIA,ARTIODACTYLA,PHOCOENIDAE,Phocoena,Phocoena spinipinnis,"Burmeister, 1865",NA,NA,NA,NT,Burmeister's Porpoise
2571,17031,ANIMALIA,CHORDATA,MAMMALIA,ARTIODACTYLA,PHOCOENIDAE,Phocoena,Phocoena phocoena,"(Linnaeus, 1758)",NA,NA,Baltic Sea subpopulation,CR,Harbour Porpoise
2572,17032,ANIMALIA,CHORDATA,MAMMALIA,ARTIODACTYLA,PHOCOENIDAE,Phocoenoides,Phocoenoides dalli,"(True, 1885)",NA,NA,NA,LC,Dall's Porpoise
2573,17035,ANIMALIA,CHORDATA,MAMMALIA,RODENTIA,CRICETIDAE,Phodopus,Phodopus campbelli,"(Thomas, 1905)",NA,NA,NA,LC,Campbell's Hamster
2574,17036,ANIMALIA,CHORDATA,MAMMALIA,RODENTIA,CRICETIDAE,Phodopus,Phodopus roborovskii,"(Satunin, 1903)",NA,NA,NA,LC,Desert Hamster
2575,17037,ANIMALIA,CHORDATA,MAMMALIA,RODENTIA,CRICETIDAE,Phodopus,Phodopus sungorus,"(Pallas, 1773)",NA,NA,NA,LC,Dzhungarian Hamster
2576,17168,ANIMALIA,CHORDATA,MAMMALIA,CHIROPTERA,PHYLLOSTOMIDAE,Phylloderma,Phylloderma stenops,"Peters, 1865",NA,NA,NA,LC,Pale-faced Bat
2577,17173,ANIMALIA,CHORDATA,MAMMALIA,CHIROPTERA,PHYLLOSTOMIDAE,Phyllonycteris,Phyllonycteris aphylla,"(Miller, 1898)",NA,NA,NA,CR,Jamaican Flower Bat
2578,17175,ANIMALIA,CHORDATA,MAMMALIA,CHIROPTERA,PHYLLOSTOMIDAE,Phyllonycteris,Phyllonycteris poeyi,"Gundlach, 1860",NA,NA,NA,LC,Cuban Flower Bat
2579,17176,ANIMALIA,CHORDATA,MAMMALIA,CHIROPTERA,PHYLLOSTOMIDAE,Phyllops,Phyllops falcatus,"(Gray, 1839)",NA,NA,NA,LC,Cuban Fig-eating Bat
2580,17216,ANIMALIA,CHORDATA,MAMMALIA,CHIROPTERA,PHYLLOSTOMIDAE,Phyllostomus,Phyllostomus discolor,"Wagner, 1843",NA,NA,NA,LC,Pale Spear-nosed Bat
2581,17217,ANIMALIA,CHORDATA,MAMMALIA,CHIROPTERA,PHYLLOSTOMIDAE,Phyllostomus,Phyllostomus elongatus,"(É. Geoffroy, 1810)",NA,NA,NA,LC,Lesser Spear-nosed Bat
2582,17218,ANIMALIA,CHORDATA,MAMMALIA,CHIROPTERA,PHYLLOSTOMIDAE,Phyllostomus,Phyllostomus hastatus,"(Pallas, 1767)",NA,NA,NA,LC,Greater Spear-nosed Bat
2583,17219,ANIMALIA,CHORDATA,MAMMALIA,CHIROPTERA,PHYLLOSTOMIDAE,Phyllostomus,Phyllostomus latifolius,"(Thomas, 1901)",NA,NA,NA,LC,Guianan Spear-nosed Bat
2584,17220,ANIMALIA,CHORDATA,MAMMALIA,RODENTIA,CRICETIDAE,Phyllotis,Phyllotis amicus,"(Thomas, 1900)",NA,NA,NA,LC,Friendly Leaf-eared Mouse
2585,17221,ANIMALIA,CHORDATA,MAMMALIA,RODENTIA,CRICETIDAE,Phyllotis,Phyllotis andium,"Thomas, 1912",NA,NA,NA,LC,Andean Leaf-eared Mouse
2586,17222,ANIMALIA,CHORDATA,MAMMALIA,RODENTIA,CRICETIDAE,Phyllotis,Phyllotis bonariensis,"Crespo, 1964",NA,NA,NA,NT,Buenos Aires Leaf-eared Mouse
2587,17223,ANIMALIA,CHORDATA,MAMMALIA,RODENTIA,CRICETIDAE,Phyllotis,Phyllotis caprinus,"Pearson, 1958",NA,NA,NA,LC,Capricorn Leaf-eared Mouse
2588,17224,ANIMALIA,CHORDATA,MAMMALIA,RODENTIA,CRICETIDAE,Phyllotis,Phyllotis darwini,"(Waterhouse, 1837)",NA,NA,NA,LC,Darwin's Leaf-eared Mouse
2589,17225,ANIMALIA,CHORDATA,MAMMALIA,RODENTIA,CRICETIDAE,Phyllotis,Phyllotis definitus,"Osgood, 1915",NA,NA,NA,EN,Definitive Leaf-eared Mouse
2590,17226,ANIMALIA,CHORDATA,MAMMALIA,RODENTIA,CRICETIDAE,Phyllotis,Phyllotis gerbillus,"Thomas, 1900",NA,NA,NA,LC,Gerbil Leaf-eared Mouse
2591,17227,ANIMALIA,CHORDATA,MAMMALIA,RODENTIA,CRICETIDAE,Phyllotis,Phyllotis haggardi,"Thomas, 1908",NA,NA,NA,LC,Haggard's Leaf-eared Mouse
2592,17228,ANIMALIA,CHORDATA,MAMMALIA,RODENTIA,CRICETIDAE,Phyllotis,Phyllotis magister,"Thomas, 1912",NA,NA,NA,LC,Master Leaf-eared Mouse
2593,17229,ANIMALIA,CHORDATA,MAMMALIA,RODENTIA,CRICETIDAE,Phyllotis,Phyllotis osgoodi,"Mann, 1945",NA,NA,NA,DD,Osgood's Leaf-eared Mouse
2594,17230,ANIMALIA,CHORDATA,MAMMALIA,RODENTIA,CRICETIDAE,Phyllotis,Phyllotis osilae,"J.A. Allen, 1901",NA,NA,NA,LC,Bunchgrass Leaf-eared Mouse
2595,17231,ANIMALIA,CHORDATA,MAMMALIA,RODENTIA,CRICETIDAE,Phyllotis,Phyllotis wolffsohni,"Thomas, 1902",NA,NA,NA,LC,Wolffsohn's Leaf-eared Mouse
2596,17232,ANIMALIA,CHORDATA,MAMMALIA,RODENTIA,CRICETIDAE,Phyllotis,Phyllotis xanthopygus,"(Waterhouse, 1837)",NA,NA,NA,LC,Yellow-rumped Leaf-eared Mouse
2597,17314,ANIMALIA,CHORDATA,MAMMALIA,CHIROPTERA,VESPERTILIONIDAE,Pipistrellus,Pipistrellus kuhlii,"(Kuhl, 1817)",NA,NA,NA,LC,Kuhl's Pipistrelle
2598,17315,ANIMALIA,CHORDATA,MAMMALIA,CHIROPTERA,VESPERTILIONIDAE,Pipistrellus,Pipistrellus maderensis,"(Dobson, 1878)",NA,NA,NA,EN,Murciélago de Madeira
2599,17316,ANIMALIA,CHORDATA,MAMMALIA,CHIROPTERA,VESPERTILIONIDAE,Pipistrellus,Pipistrellus nathusii,"(Keyserling &amp; Blasius, 1839)",NA,NA,NA,LC,Nathusius' Pipistrelle
2600,17320,ANIMALIA,CHORDATA,MAMMALIA,CHIROPTERA,VESPERTILIONIDAE,Pipistrellus,Pipistrellus abramus,"(Temminck, 1838)",NA,NA,NA,LC,Japanese Pipistrelle
2601,17321,ANIMALIA,CHORDATA,MAMMALIA,CHIROPTERA,VESPERTILIONIDAE,Pipistrellus,Pipistrellus adamsi,"Kitchener, Caputi &amp; Jones, 1986",NA,NA,NA,LC,Forest Pipistrelle
2602,17323,ANIMALIA,CHORDATA,MAMMALIA,CHIROPTERA,VESPERTILIONIDAE,Pipistrellus,Pipistrellus aero,"Heller, 1912",NA,NA,NA,DD,Mount Gargues Pipistrelle
2603,17324,ANIMALIA,CHORDATA,MAMMALIA,CHIROPTERA,VESPERTILIONIDAE,Hypsugo,Hypsugo affinis,"Dobson, 1871",NA,NA,NA,LC,Chocolate Pipistrelle
2604,17326,ANIMALIA,CHORDATA,MAMMALIA,CHIROPTERA,VESPERTILIONIDAE,Pipistrellus,Pipistrellus angulatus,"Peters, 1880",NA,NA,NA,LC,New Guinea Pipistrelle
2605,17327,ANIMALIA,CHORDATA,MAMMALIA,CHIROPTERA,VESPERTILIONIDAE,Hypsugo,Hypsugo anthonyi,"Tate, 1942",NA,NA,NA,DD,Anthony's Pipistrelle
2606,17328,ANIMALIA,CHORDATA,MAMMALIA,CHIROPTERA,VESPERTILIONIDAE,Hypsugo,Hypsugo arabicus,"Harrison, 1979",NA,NA,NA,DD,Arabian Pipistrelle
2607,17331,ANIMALIA,CHORDATA,MAMMALIA,CHIROPTERA,VESPERTILIONIDAE,Hypsugo,Hypsugo cadornae,"Thomas, 1916",NA,NA,NA,LC,Cadorna’s Pipistrelle
2608,17332,ANIMALIA,CHORDATA,MAMMALIA,CHIROPTERA,VESPERTILIONIDAE,Pipistrellus,Pipistrellus ceylonicus,"(Kelaart, 1852)",NA,NA,NA,LC,Kelaart's Pipistrelle
2609,17334,ANIMALIA,CHORDATA,MAMMALIA,CHIROPTERA,VESPERTILIONIDAE,Pipistrellus,Pipistrellus collinus,"Thomas, 1920",NA,NA,NA,LC,Mountain Pipistrelle
2610,17335,ANIMALIA,CHORDATA,MAMMALIA,CHIROPTERA,VESPERTILIONIDAE,Pipistrellus,Pipistrellus coromandra,"(Gray, 1838)",NA,NA,NA,LC,Coromandel Pipistrelle
2611,17338,ANIMALIA,CHORDATA,MAMMALIA,CHIROPTERA,VESPERTILIONIDAE,Scotozous,Scotozous dormeri,"Dobson, 1875",NA,NA,NA,LC,Dormer's Pipistrelle
2612,17340,ANIMALIA,CHORDATA,MAMMALIA,CHIROPTERA,VESPERTILIONIDAE,Pipistrellus,Pipistrellus endoi,"Imaizumi, 1959",NA,NA,NA,NT,Endo's Pipistrelle
2613,17341,ANIMALIA,CHORDATA,MAMMALIA,CHIROPTERA,VESPERTILIONIDAE,Parastrellus,Parastrellus hesperus,"(H. Allen, 1864)",NA,NA,NA,LC,Western Pipistrelle
2614,17342,ANIMALIA,CHORDATA,MAMMALIA,CHIROPTERA,VESPERTILIONIDAE,Pipistrellus,Pipistrellus imbricatus,"(Horsfield, 1824)",NA,NA,NA,LC,Brown Pipistrelle
2615,17343,ANIMALIA,CHORDATA,MAMMALIA,CHIROPTERA,VESPERTILIONIDAE,Pipistrellus,Pipistrellus inexspectatus,"Aellen, 1959",NA,NA,NA,DD,Aellen's Pipistrelle
2616,17344,ANIMALIA,CHORDATA,MAMMALIA,CHIROPTERA,VESPERTILIONIDAE,Pipistrellus,Pipistrellus javanicus,"(Gray, 1838)",NA,NA,NA,LC,Javan Pipistrelle
2617,17345,ANIMALIA,CHORDATA,MAMMALIA,CHIROPTERA,VESPERTILIONIDAE,Hypsugo,Hypsugo joffrei,"Thomas, 1915",NA,NA,NA,DD,Joffre's Pipistrelle
2618,17346,ANIMALIA,CHORDATA,MAMMALIA,CHIROPTERA,VESPERTILIONIDAE,Hypsugo,Hypsugo kitcheneri,"Thomas, 1915",NA,NA,NA,DD,Red-brown Pipistrelle
2619,17347,ANIMALIA,CHORDATA,MAMMALIA,CHIROPTERA,VESPERTILIONIDAE,Hypsugo,Hypsugo lophurus,"Thomas, 1915",NA,NA,NA,DD,Burmese Pipistrelle
2620,17348,ANIMALIA,CHORDATA,MAMMALIA,CHIROPTERA,VESPERTILIONIDAE,Falsistrellus,Falsistrellus mackenziei,"Kitchener, Caputi &amp; Jones, 1986",NA,NA,NA,NT,Western False Pipistrelle
2621,17349,ANIMALIA,CHORDATA,MAMMALIA,CHIROPTERA,VESPERTILIONIDAE,Hypsugo,Hypsugo macrotis,"Temminck, 1840",NA,NA,NA,DD,Big-eared Pipistrelle
2622,17350,ANIMALIA,CHORDATA,MAMMALIA,CHIROPTERA,VESPERTILIONIDAE,Pipistrellus,Pipistrellus minahassae,"(Meyer, 1899)",NA,NA,NA,DD,Minahassa Pipistrelle
2623,17351,ANIMALIA,CHORDATA,MAMMALIA,CHIROPTERA,VESPERTILIONIDAE,Falsistrellus,Falsistrellus mordax,"(Peters, 1866)",NA,NA,NA,DD,Pungent Pipistrelle
2624,17353,ANIMALIA,CHORDATA,MAMMALIA,CHIROPTERA,VESPERTILIONIDAE,Pipistrellus,Pipistrellus nanulus,"Thomas, 1904",NA,NA,NA,LC,Tiny Pipistrelle
2625,17355,ANIMALIA,CHORDATA,MAMMALIA,CHIROPTERA,VESPERTILIONIDAE,Pipistrellus,Pipistrellus papuanus,"Peters &amp; Doria, 1881",NA,NA,NA,LC,Papuan Pipistrelle
2626,17356,ANIMALIA,CHORDATA,MAMMALIA,CHIROPTERA,VESPERTILIONIDAE,Pipistrellus,Pipistrellus paterculus,"Thomas, 1915",NA,NA,NA,LC,Mount Popa Pipistrelle
2627,17358,ANIMALIA,CHORDATA,MAMMALIA,CHIROPTERA,VESPERTILIONIDAE,Pipistrellus,Pipistrellus permixtus,"Aellen, 1957",NA,NA,NA,DD,Dar-es-salaam Pipistrelle
2628,17359,ANIMALIA,CHORDATA,MAMMALIA,CHIROPTERA,VESPERTILIONIDAE,Falsistrellus,Falsistrellus petersi,"(Meyer, 1899)",NA,NA,NA,DD,Peters's Pipistrelle
2629,17360,ANIMALIA,CHORDATA,MAMMALIA,CHIROPTERA,VESPERTILIONIDAE,Hypsugo,Hypsugo pulveratus,"Peters, 1871",NA,NA,NA,LC,Chinese Pipistrelle
2630,17361,ANIMALIA,CHORDATA,MAMMALIA,CHIROPTERA,VESPERTILIONIDAE,Pipistrellus,Pipistrellus rueppellii,"(Fischer, 1829)",NA,NA,NA,LC,Rüppel's Pipistrelle
2631,17362,ANIMALIA,CHORDATA,MAMMALIA,CHIROPTERA,VESPERTILIONIDAE,Pipistrellus,Pipistrellus rusticus,"(Tomes, 1861)",NA,NA,NA,LC,Rusty Bat
2632,17364,ANIMALIA,CHORDATA,MAMMALIA,CHIROPTERA,VESPERTILIONIDAE,Pipistrellus,Pipistrellus stenopterus,"(Dobson, 1875)",NA,NA,NA,LC,Narrow-winged Pipistrelle
2633,17365,ANIMALIA,CHORDATA,MAMMALIA,CHIROPTERA,VESPERTILIONIDAE,Pipistrellus,Pipistrellus sturdeei,"Thomas, 1915",NA,NA,NA,EX,Bonin Pipistrelle
2634,17366,ANIMALIA,CHORDATA,MAMMALIA,CHIROPTERA,VESPERTILIONIDAE,Perimyotis,Perimyotis subflavus,"F. Cuvier, 1832",NA,NA,NA,VU,Eastern Pipistrelle
2635,17367,ANIMALIA,CHORDATA,MAMMALIA,CHIROPTERA,VESPERTILIONIDAE,Falsistrellus,Falsistrellus tasmaniensis,"(Gould, 1858)",NA,NA,NA,VU,Eastern False Pipistrelle
2636,17369,ANIMALIA,CHORDATA,MAMMALIA,CHIROPTERA,VESPERTILIONIDAE,Pipistrellus,Pipistrellus wattsi,"Kitchener, Caputi &amp; Jones, 1986",NA,NA,NA,LC,Watts's Pipistrelle
2637,17370,ANIMALIA,CHORDATA,MAMMALIA,CHIROPTERA,VESPERTILIONIDAE,Pipistrellus,Pipistrellus westralis,"Koopman, 1984",NA,NA,NA,LC,Northern Pipistrelle
2638,17400,ANIMALIA,CHORDATA,MAMMALIA,RODENTIA,MURIDAE,Pithecheir,Pithecheir melanurus,"Lesson, 1840",NA,NA,NA,VU,Javan Pithecheir
2639,17401,ANIMALIA,CHORDATA,MAMMALIA,RODENTIA,MURIDAE,Pithecheir,Pithecheir parvus,"Kloss, 1916",NA,NA,NA,DD,Malay Peninsula Pithecheir
2640,17402,ANIMALIA,CHORDATA,MAMMALIA,PRIMATES,PITHECIIDAE,Pithecia,Pithecia aequatorialis,"Hershkovitz, 1987",NA,NA,NA,LC,Equatorial Saki
2641,17407,ANIMALIA,CHORDATA,MAMMALIA,PRIMATES,PITHECIIDAE,Pithecia,Pithecia milleri,"J.A. Allen, 1914",NA,NA,NA,VU,Miller's Saki
2642,17460,ANIMALIA,CHORDATA,MAMMALIA,RODENTIA,CAPROMYIDAE,Plagiodontia,Plagiodontia aedium,"F. Cuvier, 1836",NA,NA,NA,EN,Cuvier's Hutia
2643,17462,ANIMALIA,CHORDATA,MAMMALIA,RODENTIA,CAPROMYIDAE,Plagiodontia,Plagiodontia ipnaeum,"Johnson, 1948",NA,NA,NA,EX,Samana Hutia
2644,17474,ANIMALIA,CHORDATA,MAMMALIA,DASYUROMORPHIA,DASYURIDAE,Planigale,Planigale novaeguineae,"Tate &amp; Archbold, 1941",NA,NA,NA,LC,Papuan Planigale
2645,17481,ANIMALIA,CHORDATA,MAMMALIA,RODENTIA,PLATACANTHOMYIDAE,Platacanthomys,Platacanthomys lasiurus,"Blyth, 1859",NA,NA,NA,VU,Malabar Spiny Tree Mouse
2646,17487,ANIMALIA,CHORDATA,MAMMALIA,CHIROPTERA,PHYLLOSTOMIDAE,Platalina,Platalina genovensium,"Thomas, 1928",NA,NA,NA,NT,Long-snouted Bat
2647,17565,ANIMALIA,CHORDATA,MAMMALIA,CHIROPTERA,PHYLLOSTOMIDAE,Platyrrhinus,Platyrrhinus lineatus,"(É. Geoffroy, 1810)",NA,NA,NA,LC,White-lined Broad-nosed Bat
2648,17566,ANIMALIA,CHORDATA,MAMMALIA,CHIROPTERA,PHYLLOSTOMIDAE,Platyrrhinus,Platyrrhinus aurarius,"(Handley &amp; Ferris, 1972)",NA,NA,NA,LC,Eldorado Broad-nosed Bat
2649,17567,ANIMALIA,CHORDATA,MAMMALIA,CHIROPTERA,PHYLLOSTOMIDAE,Platyrrhinus,Platyrrhinus brachycephalus,"(Rouk &amp; Carter, 1972)",NA,NA,NA,LC,Short-headed Broad-nosed Bat
2650,17568,ANIMALIA,CHORDATA,MAMMALIA,CHIROPTERA,PHYLLOSTOMIDAE,Platyrrhinus,Platyrrhinus chocoensis,"Alberico &amp; Velasco, 1991",NA,NA,NA,VU,Choco Broad-nosed Bat
2651,17571,ANIMALIA,CHORDATA,MAMMALIA,CHIROPTERA,PHYLLOSTOMIDAE,Platyrrhinus,Platyrrhinus infuscus,"(Peters, 1880)",NA,NA,NA,LC,Buffy Broad-nosed Bat
2652,17572,ANIMALIA,CHORDATA,MAMMALIA,CHIROPTERA,PHYLLOSTOMIDAE,Platyrrhinus,Platyrrhinus recifinus,"(Thomas, 1901)",NA,NA,NA,LC,Recife Broad-nosed Bat
2653,17574,ANIMALIA,CHORDATA,MAMMALIA,CHIROPTERA,PHYLLOSTOMIDAE,Platyrrhinus,Platyrrhinus vittatus,"(Peters, 1860)",NA,NA,NA,LC,Greater Broad-nosed Bat
2654,17598,ANIMALIA,CHORDATA,MAMMALIA,CHIROPTERA,VESPERTILIONIDAE,Corynorhinus,Corynorhinus townsendii,"Cooper, 1837",NA,NA,NA,LC,Townsend's Big-eared Bat
2655,17599,ANIMALIA,CHORDATA,MAMMALIA,CHIROPTERA,VESPERTILIONIDAE,Corynorhinus,Corynorhinus mexicanus,"G.M. Allen, 1916",NA,NA,NA,NT,Mexican Big-eared Bat
2656,17600,ANIMALIA,CHORDATA,MAMMALIA,CHIROPTERA,VESPERTILIONIDAE,Corynorhinus,Corynorhinus rafinesquii,"(Lesson, 1827)",NA,NA,NA,LC,Rafinesque's Big-eared Bat
2657,17601,ANIMALIA,CHORDATA,MAMMALIA,CHIROPTERA,VESPERTILIONIDAE,Plecotus,Plecotus taivanus,"Yoshiyuki, 1991",NA,NA,NA,NT,Taiwan Long-eared Bat
2658,17618,ANIMALIA,CHORDATA,MAMMALIA,CHIROPTERA,PTEROPODIDAE,Plerotes,Plerotes anchietae,"(de Seabra, 1900)",NA,NA,NA,LC,D'Anchieta's Fruit Bat
2659,17828,ANIMALIA,CHORDATA,MAMMALIA,EULIPOTYPHLA,ERINACEIDAE,Podogymnura,Podogymnura truei,"Mearns, 1905",NA,NA,NA,LC,Mindanao Gymnure
2660,17829,ANIMALIA,CHORDATA,MAMMALIA,EULIPOTYPHLA,ERINACEIDAE,Podogymnura,Podogymnura aureospinula,"Heaney &amp; Morgan, 1982",NA,NA,NA,EN,Dinagat Gymnure
2661,17830,ANIMALIA,CHORDATA,MAMMALIA,RODENTIA,CRICETIDAE,Podomys,Podomys floridanus,"(Chapman, 1889)",NA,NA,NA,NT,Florida Mouse
2662,17831,ANIMALIA,CHORDATA,MAMMALIA,RODENTIA,CRICETIDAE,Podoxymys,Podoxymys roraimae,"Anthony, 1929",NA,NA,NA,VU,Roraima Mouse
2663,17877,ANIMALIA,CHORDATA,MAMMALIA,RODENTIA,MURIDAE,Pogonomelomys,Pogonomelomys bruijnii,"(Peters &amp; Doria, 1876)",NA,NA,NA,LC,Bruijn’s Pogonomelomys
2664,17878,ANIMALIA,CHORDATA,MAMMALIA,RODENTIA,MURIDAE,Pogonomelomys,Pogonomelomys mayeri,"(Rothschild &amp; Dollman, 1932)",NA,NA,NA,LC,Shaw Mayer's Pogonomelomys
2665,17879,ANIMALIA,CHORDATA,MAMMALIA,RODENTIA,MURIDAE,Abeomelomys,Abeomelomys sevia,"(Tate &amp; Archbold, 1935)",NA,NA,NA,LC,Menzies' Mouse
2666,17882,ANIMALIA,CHORDATA,MAMMALIA,RODENTIA,MURIDAE,Pogonomys,Pogonomys championi,"Flannery, 1988",NA,NA,NA,DD,Champion's Tree Mouse
2667,17883,ANIMALIA,CHORDATA,MAMMALIA,RODENTIA,MURIDAE,Pogonomys,Pogonomys loriae,"Thomas, 1897",NA,NA,NA,LC,Loria’s Pogonomys
2668,17884,ANIMALIA,CHORDATA,MAMMALIA,RODENTIA,MURIDAE,Pogonomys,Pogonomys macrourus,"(Milne-Edwards, 1877)",NA,NA,NA,LC,Chestnut Tree Mouse
2669,17885,ANIMALIA,CHORDATA,MAMMALIA,RODENTIA,MURIDAE,Pogonomys,Pogonomys sylvestris,"Thomas, 1920",NA,NA,NA,LC,Gray-bellied Tree Mouse
2670,17975,ANIMALIA,CHORDATA,MAMMALIA,PRIMATES,HOMINIDAE,Pongo,Pongo pygmaeus,"(Linnaeus, 1760)",NA,NA,NA,CR,Bornean Orangutan
2671,17978,ANIMALIA,CHORDATA,MAMMALIA,ARTIODACTYLA,PONTOPORIIDAE,Pontoporia,Pontoporia blainvillei,"(Gervais &amp; d'Orbigny, 1844)",NA,NA,NA,VU,Franciscana
2672,18095,ANIMALIA,CHORDATA,MAMMALIA,AFROSORICIDA,TENRECIDAE,Potamogale,Potamogale velox,"(Du Chaillu, 1860)",NA,NA,NA,LC,Giant Otter Shrew
2673,18102,ANIMALIA,CHORDATA,MAMMALIA,DIPROTODONTIA,POTOROIDAE,Potorous,Potorous longipes,"Seebeck &amp; Johnston, 1980",NA,NA,NA,VU,Long-footed Potoroo
2674,18103,ANIMALIA,CHORDATA,MAMMALIA,DIPROTODONTIA,POTOROIDAE,Potorous,Potorous platyops,"(Gould, 1844)",NA,NA,NA,EX,Broad-faced Potoroo
2675,18107,ANIMALIA,CHORDATA,MAMMALIA,DIPROTODONTIA,POTOROIDAE,Potorous,Potorous gilbertii,"(Gould, 1841)",NA,NA,NA,CR,Gilbert's Potoroo
2676,18113,ANIMALIA,CHORDATA,MAMMALIA,RODENTIA,MURIDAE,Praomys,Praomys hartwigi,"Eisentraut, 1968",NA,NA,NA,VU,Hartwig's Soft-furred Mouse
2677,18114,ANIMALIA,CHORDATA,MAMMALIA,RODENTIA,MURIDAE,Praomys,Praomys delectorum,"(Thomas, 1910)",NA,NA,NA,LC,East African Praomys
2678,18115,ANIMALIA,CHORDATA,MAMMALIA,RODENTIA,MURIDAE,Praomys,Praomys jacksoni,"(de Winton, 1897)",NA,NA,NA,LC,Jackson's Soft-furred Mouse
2679,18116,ANIMALIA,CHORDATA,MAMMALIA,RODENTIA,MURIDAE,Praomys,Praomys minor,"Hatt, 1934",NA,NA,NA,LC,Least Soft-furred Mouse
2680,18117,ANIMALIA,CHORDATA,MAMMALIA,RODENTIA,MURIDAE,Praomys,Praomys misonnei,"Van der Straeten &amp; Dieterlen, 1987",NA,NA,NA,LC,Misonne's Soft-furred Mouse
2681,18118,ANIMALIA,CHORDATA,MAMMALIA,RODENTIA,MURIDAE,Praomys,Praomys morio,"(Trouessart, 1881)",NA,NA,NA,EN,Cameroon Soft-furred Mouse
2682,18119,ANIMALIA,CHORDATA,MAMMALIA,RODENTIA,MURIDAE,Praomys,Praomys mutoni,"Van der Straeten &amp; Dudu, 1990",NA,NA,NA,NT,Riverine Soft-furred Mouse
2683,18120,ANIMALIA,CHORDATA,MAMMALIA,RODENTIA,MURIDAE,Praomys,Praomys rostratus,"(Miller, 1900)",NA,NA,NA,LC,Forest Soft-furred Mouse
2684,18127,ANIMALIA,CHORDATA,MAMMALIA,PRIMATES,CERCOPITHECIDAE,Presbytis,Presbytis frontata,"(Müller, 1838)",NA,NA,NA,VU,White-fronted Langur
2685,18131,ANIMALIA,CHORDATA,MAMMALIA,PRIMATES,CERCOPITHECIDAE,Presbytis,Presbytis rubicunda,"(Müller, 1838)",NA,NA,NA,VU,Red Langur
2686,18132,ANIMALIA,CHORDATA,MAMMALIA,PRIMATES,CERCOPITHECIDAE,Presbytis,Presbytis thomasi,"(Collett, 1892)",NA,NA,NA,VU,Thomas’s Langur
2687,18133,ANIMALIA,CHORDATA,MAMMALIA,PRIMATES,CERCOPITHECIDAE,Presbytis,Presbytis fredericae,"(Sody, 1930)",NA,NA,NA,VU,Javan Fuscous Leaf Monkey
2688,18134,ANIMALIA,CHORDATA,MAMMALIA,PRIMATES,CERCOPITHECIDAE,Presbytis,Presbytis siamensis,"(Müller &amp; Schlegel, 1841)",NA,NA,NA,NT,White-thighed Surili
2689,18144,ANIMALIA,CHORDATA,MAMMALIA,CINGULATA,CHLAMYPHORIDAE,Priodontes,Priodontes maximus,"(Kerr, 1792)",NA,NA,NA,VU,Giant Armadillo
2690,18148,ANIMALIA,CHORDATA,MAMMALIA,CARNIVORA,FELIDAE,Prionailurus,Prionailurus planiceps,"(Vigors &amp; Horsfield, 1827)",NA,NA,NA,EN,Flat-headed Cat
2691,18149,ANIMALIA,CHORDATA,MAMMALIA,CARNIVORA,FELIDAE,Prionailurus,Prionailurus rubiginosus,"(I. Geoffroy Saint-Hilaire, 1831)",NA,NA,NA,NT,Rusty-spotted Cat
2692,18150,ANIMALIA,CHORDATA,MAMMALIA,CARNIVORA,FELIDAE,Prionailurus,Prionailurus viverrinus,"(Bennett, 1833)",NA,NA,NA,VU,Fishing Cat
2693,18164,ANIMALIA,CHORDATA,MAMMALIA,RODENTIA,NESOMYIDAE,Prionomys,Prionomys batesi,"Dollman, 1910",NA,NA,NA,DD,Dollman's Tree Mouse
2694,18230,ANIMALIA,CHORDATA,MAMMALIA,ARTIODACTYLA,BOVIDAE,Procapra,Procapra przewalskii,"(Büchner, 1891)",NA,NA,NA,EN,Przewalski's Gazelle
2695,18231,ANIMALIA,CHORDATA,MAMMALIA,ARTIODACTYLA,BOVIDAE,Procapra,Procapra picticaudata,"Hodgson, 1846",NA,NA,NA,NT,Tibetan Gazelle
2696,18232,ANIMALIA,CHORDATA,MAMMALIA,ARTIODACTYLA,BOVIDAE,Procapra,Procapra gutturosa,"(Pallas, 1777)",NA,NA,NA,LC,Mongolian Gazelle
2697,18245,ANIMALIA,CHORDATA,MAMMALIA,PRIMATES,CERCOPITHECIDAE,Procolobus,Procolobus verus,"(Van Beneden, 1838)",NA,NA,NA,VU,Olive Colobus
2698,18248,ANIMALIA,CHORDATA,MAMMALIA,PRIMATES,CERCOPITHECIDAE,Piliocolobus,Piliocolobus waldroni,"(Hayman, 1936)",NA,NA,NA,CR,Miss Waldron’s Red Colobus
2699,18250,ANIMALIA,CHORDATA,MAMMALIA,PRIMATES,CERCOPITHECIDAE,Piliocolobus,Piliocolobus bouvieri,"de Rochebrune, 1887",NA,NA,NA,EN,Bouvier’s Red Colobus
2700,18252,ANIMALIA,CHORDATA,MAMMALIA,PRIMATES,CERCOPITHECIDAE,Piliocolobus,Piliocolobus foai,"(de Pousargues, 1899)",NA,NA,NA,EN,Foa's Red Colobus
2701,18255,ANIMALIA,CHORDATA,MAMMALIA,PRIMATES,CERCOPITHECIDAE,Piliocolobus,Piliocolobus oustaleti,"(Trouessart, 1906)",NA,NA,NA,VU,Oustalet’s Red Colobus
2702,18256,ANIMALIA,CHORDATA,MAMMALIA,PRIMATES,CERCOPITHECIDAE,Piliocolobus,Piliocolobus tephrosceles,"(Elliot, 1907)",NA,NA,NA,EN,Ashy Red Colobus
2703,18257,ANIMALIA,CHORDATA,MAMMALIA,PRIMATES,CERCOPITHECIDAE,Piliocolobus,Piliocolobus tholloni,"(Milne-Edwards, 1886)",NA,NA,NA,VU,Tshuapa Red Colobus
2704,18261,ANIMALIA,CHORDATA,MAMMALIA,PRIMATES,CERCOPITHECIDAE,Piliocolobus,Piliocolobus langi,"(J.A. Allen, 1925)",NA,NA,NA,EN,Lang's Red Colobus
2705,18262,ANIMALIA,CHORDATA,MAMMALIA,PRIMATES,CERCOPITHECIDAE,Piliocolobus,Piliocolobus lulindicus,"Matschie, 1914",NA,NA,NA,EN,Ulindi River Red Colobus
2706,18267,ANIMALIA,CHORDATA,MAMMALIA,CARNIVORA,PROCYONIDAE,Procyon,Procyon pygmaeus,"Merriam, 1901",NA,NA,NA,CR,Pygmy Raccoon
2707,18272,ANIMALIA,CHORDATA,MAMMALIA,RODENTIA,ECHIMYIDAE,Trinomys,Trinomys albispinus,"(I. Geoffroy, 1838)",NA,NA,NA,LC,White-spined Spiny Rat
2708,18275,ANIMALIA,CHORDATA,MAMMALIA,RODENTIA,ECHIMYIDAE,Proechimys,Proechimys brevicauda,"(Günther, 1877)",NA,NA,NA,LC,Huallaga Spiny Rat
2709,18276,ANIMALIA,CHORDATA,MAMMALIA,RODENTIA,ECHIMYIDAE,Proechimys,Proechimys canicollis,"(J.A. Allen, 1899)",NA,NA,NA,LC,Colombian Spiny Rat
2710,18277,ANIMALIA,CHORDATA,MAMMALIA,RODENTIA,ECHIMYIDAE,Proechimys,Proechimys guyannensis,"(É. Geoffroy, 1803)",NA,NA,NA,LC,Cayenne Spiny Rat
2711,18278,ANIMALIA,CHORDATA,MAMMALIA,RODENTIA,ECHIMYIDAE,Proechimys,Proechimys chrysaeolus,"(Thomas, 1898)",NA,NA,NA,DD,Boyaca Spiny Rat
2712,18279,ANIMALIA,CHORDATA,MAMMALIA,RODENTIA,ECHIMYIDAE,Proechimys,Proechimys cuvieri,"Petter, 1978",NA,NA,NA,LC,Cuvier's Spiny Rat
2713,18280,ANIMALIA,CHORDATA,MAMMALIA,RODENTIA,ECHIMYIDAE,Proechimys,Proechimys decumanus,"(Thomas, 1899)",NA,NA,NA,NT,Pacific Spiny Rat
2714,18281,ANIMALIA,CHORDATA,MAMMALIA,RODENTIA,ECHIMYIDAE,Trinomys,Trinomys dimidiatus,"(Günther, 1877)",NA,NA,NA,LC,Atlantic Spiny Rat
2715,18282,ANIMALIA,CHORDATA,MAMMALIA,RODENTIA,ECHIMYIDAE,Proechimys,Proechimys goeldii,"Thomas, 1905",NA,NA,NA,LC,Goeldi's Spiny Rat
2716,18284,ANIMALIA,CHORDATA,MAMMALIA,RODENTIA,ECHIMYIDAE,Proechimys,Proechimys guairae,"Thomas, 1901",NA,NA,NA,LC,Guaira Spiny Rat
2717,18287,ANIMALIA,CHORDATA,MAMMALIA,RODENTIA,ECHIMYIDAE,Proechimys,Proechimys hoplomyoides,"(Tate, 1939)",NA,NA,NA,DD,Guyanan Spiny Rat
2718,18288,ANIMALIA,CHORDATA,MAMMALIA,RODENTIA,ECHIMYIDAE,Trinomys,Trinomys iheringi,"Thomas, 1911",NA,NA,NA,LC,Ihering's Spiny Rat
2719,18289,ANIMALIA,CHORDATA,MAMMALIA,RODENTIA,ECHIMYIDAE,Proechimys,Proechimys longicaudatus,"(Rengger, 1830)",NA,NA,NA,LC,Long-tailed Spiny Rat
2720,18291,ANIMALIA,CHORDATA,MAMMALIA,RODENTIA,ECHIMYIDAE,Proechimys,Proechimys mincae,"(J.A. Allen, 1899)",NA,NA,NA,DD,Minca Spiny Rat
2721,18293,ANIMALIA,CHORDATA,MAMMALIA,RODENTIA,ECHIMYIDAE,Proechimys,Proechimys oconnelli,"J.A. Allen, 1913",NA,NA,NA,DD,O'Connell's Spiny Rat
2722,18294,ANIMALIA,CHORDATA,MAMMALIA,RODENTIA,ECHIMYIDAE,Proechimys,Proechimys roberti,"Thomas, 1901",NA,NA,NA,LC,Roberto's Spiny Rat
2723,18296,ANIMALIA,CHORDATA,MAMMALIA,RODENTIA,ECHIMYIDAE,Proechimys,Proechimys quadruplicatus,"Hershkovitz, 1948",NA,NA,NA,LC,Napo Spiny Rat
2724,18297,ANIMALIA,CHORDATA,MAMMALIA,RODENTIA,ECHIMYIDAE,Proechimys,Proechimys semispinosus,"Tomes, 1860",NA,NA,NA,LC,Tome's Spiny Rat
2725,18298,ANIMALIA,CHORDATA,MAMMALIA,RODENTIA,ECHIMYIDAE,Trinomys,Trinomys setosus,"(Desmarest, 1817)",NA,NA,NA,LC,Hairy Spiny Rat
2726,18299,ANIMALIA,CHORDATA,MAMMALIA,RODENTIA,ECHIMYIDAE,Proechimys,Proechimys simonsi,"Thomas, 1900",NA,NA,NA,LC,Simon's Spiny Rat
2727,18300,ANIMALIA,CHORDATA,MAMMALIA,RODENTIA,ECHIMYIDAE,Proechimys,Proechimys steerei,"Goldman, 1911",NA,NA,NA,LC,Steere's Spiny Rat
2728,18301,ANIMALIA,CHORDATA,MAMMALIA,RODENTIA,ECHIMYIDAE,Proechimys,Proechimys trinitatis,"(J.A. Allen &amp; Chapman, 1893)",NA,NA,NA,DD,Trinidad Spiny Rat
2729,18305,ANIMALIA,CHORDATA,MAMMALIA,RODENTIA,CRICETIDAE,Proedromys,Proedromys bedfordi,"Thomas, 1911",NA,NA,NA,VU,Duke Of Bedford's Vole
2730,18306,ANIMALIA,CHORDATA,MAMMALIA,CARNIVORA,FELIDAE,Caracal,Caracal aurata,"(Temminck, 1827)",NA,NA,NA,VU,African Golden Cat
2731,18338,ANIMALIA,CHORDATA,MAMMALIA,LAGOMORPHA,PROLAGIDAE,Prolagus,Prolagus sardus,"(J.A. Wagner, 1829)",NA,NA,NA,EX,Sardinian Pika
2732,18339,ANIMALIA,CHORDATA,MAMMALIA,RODENTIA,CRICETIDAE,Prometheomys,Prometheomys schaposchnikowi,"Satunin, 1901",NA,NA,NA,LC,Long-clawed Mole Vole
2733,18341,ANIMALIA,CHORDATA,MAMMALIA,CHIROPTERA,MOLOSSIDAE,Promops,Promops nasutus,"(Spix, 1823)",NA,NA,NA,LC,Brown Mastiff Bat
2734,18352,ANIMALIA,CHORDATA,MAMMALIA,PRIMATES,INDRIIDAE,Propithecus,Propithecus tattersalli,"Simons, 1988",NA,NA,NA,CR,Golden-crowned Sifaka
2735,18354,ANIMALIA,CHORDATA,MAMMALIA,PRIMATES,INDRIIDAE,Propithecus,Propithecus verreauxi,"A. Grandidier, 1867",NA,NA,NA,CR,Verreaux's Sifaka
2736,18355,ANIMALIA,CHORDATA,MAMMALIA,PRIMATES,INDRIIDAE,Propithecus,Propithecus coquereli,"(A. Grandidier, 1867)",NA,NA,NA,CR,Coquerel's Sifaka
2737,18356,ANIMALIA,CHORDATA,MAMMALIA,PRIMATES,INDRIIDAE,Propithecus,Propithecus coronatus,"Milne-Edwards, 1871",NA,NA,NA,CR,Crowned Sifaka
2738,18357,ANIMALIA,CHORDATA,MAMMALIA,PRIMATES,INDRIIDAE,Propithecus,Propithecus deckenii,"A. Grandidier, 1867",NA,NA,NA,CR,Van der Decken’s Sifaka
2739,18358,ANIMALIA,CHORDATA,MAMMALIA,PRIMATES,INDRIIDAE,Propithecus,Propithecus diadema,"Bennett, 1832",NA,NA,NA,CR,Diademed Sifaka
2740,18359,ANIMALIA,CHORDATA,MAMMALIA,PRIMATES,INDRIIDAE,Propithecus,Propithecus edwardsi,"A. Grandidier, 1871",NA,NA,NA,EN,Milne-Edward's Sifaka
2741,18360,ANIMALIA,CHORDATA,MAMMALIA,PRIMATES,INDRIIDAE,Propithecus,Propithecus candidus,"A. Grandidier, 1871",NA,NA,NA,CR,Silky Sifaka
2742,18361,ANIMALIA,CHORDATA,MAMMALIA,PRIMATES,INDRIIDAE,Propithecus,Propithecus perrieri,"Lavauden, 1931",NA,NA,NA,CR,Perrier’s Sifaka
2743,18362,ANIMALIA,CHORDATA,MAMMALIA,RODENTIA,SCIURIDAE,Prosciurillus,Prosciurillus abstrusus,"Moore, 1958",NA,NA,NA,DD,Secretive Dwarf Squirrel
2744,18364,ANIMALIA,CHORDATA,MAMMALIA,RODENTIA,SCIURIDAE,Prosciurillus,Prosciurillus murinus,"(Müller &amp; Schlegel, 1844)",NA,NA,NA,LC,Celebes Dwarf Squirrel
2745,18365,ANIMALIA,CHORDATA,MAMMALIA,RODENTIA,SCIURIDAE,Prosciurillus,Prosciurillus weberi,"(Jentink, 1890)",NA,NA,NA,EN,Weber's Sulawesi Dwarf Squirrel
2746,18372,ANIMALIA,CHORDATA,MAMMALIA,CARNIVORA,HYAENIDAE,Proteles,Proteles cristata,"(Sparrman, 1783)",NA,NA,NA,LC,Aardwolf
2747,18385,ANIMALIA,CHORDATA,MAMMALIA,RODENTIA,SCIURIDAE,Protoxerus,Protoxerus aubinnii,"(Gray, 1873)",NA,NA,NA,NT,Slender-tailed Squirrel
2748,18386,ANIMALIA,CHORDATA,MAMMALIA,RODENTIA,SCIURIDAE,Protoxerus,Protoxerus stangeri,"(Waterhouse, 1842)",NA,NA,NA,LC,African Giant Squirrel
2749,18418,ANIMALIA,CHORDATA,MAMMALIA,RODENTIA,MURIDAE,Psammomys,Psammomys obesus,"Cretzschmar, 1828",NA,NA,NA,LC,Fat Sand Rat
2750,18419,ANIMALIA,CHORDATA,MAMMALIA,RODENTIA,MURIDAE,Psammomys,Psammomys vexillaris,"Thomas, 1925",NA,NA,NA,DD,Lesser Sand Rat
2751,18447,ANIMALIA,CHORDATA,MAMMALIA,DASYUROMORPHIA,DASYURIDAE,Pseudantechinus,Pseudantechinus mimulus,"(Thomas, 1906)",NA,NA,NA,NT,Carpentarian Antechinus
2752,18492,ANIMALIA,CHORDATA,MAMMALIA,DIPROTODONTIA,PSEUDOCHEIRIDAE,Pseudocheirus,Pseudocheirus occidentalis,"(Thomas, 1888)",NA,NA,NA,CR,Western Ringtail Possum
2753,18502,ANIMALIA,CHORDATA,MAMMALIA,DIPROTODONTIA,PSEUDOCHEIRIDAE,Pseudochirops,Pseudochirops archeri,"(Collett, 1884)",NA,NA,NA,NT,Green Ringtail Possum
2754,18503,ANIMALIA,CHORDATA,MAMMALIA,DIPROTODONTIA,PSEUDOCHEIRIDAE,Pseudochirops,Pseudochirops albertisii,"(Peters, 1874)",NA,NA,NA,NT,D'Albertis's Ringtail
2755,18504,ANIMALIA,CHORDATA,MAMMALIA,DIPROTODONTIA,PSEUDOCHEIRIDAE,Pseudochirops,Pseudochirops corinnae,"(Thomas, 1897)",NA,NA,NA,NT,Plush-coated Ringtail
2756,18505,ANIMALIA,CHORDATA,MAMMALIA,DIPROTODONTIA,PSEUDOCHEIRIDAE,Pseudochirops,Pseudochirops cupreus,"(Thomas, 1897)",NA,NA,NA,LC,Coppery Ringtail
2757,18507,ANIMALIA,CHORDATA,MAMMALIA,DIPROTODONTIA,PSEUDOCHEIRIDAE,Pseudochirulus,Pseudochirulus caroli,"(Thomas, 1921)",NA,NA,NA,LC,Weyland Ringtail
2758,18508,ANIMALIA,CHORDATA,MAMMALIA,DIPROTODONTIA,PSEUDOCHEIRIDAE,Pseudochirulus,Pseudochirulus cinereus,"Tate, 1945",NA,NA,NA,NT,Daintree River Ringtail Possum
2759,18509,ANIMALIA,CHORDATA,MAMMALIA,DIPROTODONTIA,PSEUDOCHEIRIDAE,Pseudochirulus,Pseudochirulus herbertensis,"(Collett, 1884)",NA,NA,NA,LC,Herbert River Ringtail Possum
2760,18549,ANIMALIA,CHORDATA,MAMMALIA,RODENTIA,MURIDAE,Pseudomys,Pseudomys fieldi,"(Waite, 1896)",NA,NA,NA,VU,Djoongari
2761,18550,ANIMALIA,CHORDATA,MAMMALIA,RODENTIA,MURIDAE,Pseudomys,Pseudomys fumeus,"Brazenor, 1934",NA,NA,NA,VU,Smoky Mouse
2762,18551,ANIMALIA,CHORDATA,MAMMALIA,RODENTIA,MURIDAE,Pseudomys,Pseudomys gouldii,"(Waterhouse, 1839)",NA,NA,NA,EX,Gould's Mouse
2763,18552,ANIMALIA,CHORDATA,MAMMALIA,RODENTIA,MURIDAE,Pseudomys,Pseudomys novaehollandiae,"(Waterhouse, 1843)",NA,NA,NA,VU,New Holland Mouse
2764,18553,ANIMALIA,CHORDATA,MAMMALIA,RODENTIA,MURIDAE,Pseudomys,Pseudomys occidentalis,"Tate, 1951",NA,NA,NA,NT,Western Mouse
2765,18554,ANIMALIA,CHORDATA,MAMMALIA,RODENTIA,MURIDAE,Pseudomys,Pseudomys oralis,"Thomas, 1921",NA,NA,NA,VU,Hastings River Mouse
2766,18555,ANIMALIA,CHORDATA,MAMMALIA,RODENTIA,MURIDAE,Pseudomys,Pseudomys pilligaensis,"Fox &amp; Briscoe, 1980",NA,NA,NA,DD,Pilliga Mouse
2767,18557,ANIMALIA,CHORDATA,MAMMALIA,RODENTIA,MURIDAE,Pseudomys,Pseudomys shortridgei,"(Thomas, 1907)",NA,NA,NA,NT,Heath Mouse
2768,18558,ANIMALIA,CHORDATA,MAMMALIA,RODENTIA,MURIDAE,Pseudomys,Pseudomys albocinereus,"(Gould, 1845)",NA,NA,NA,LC,Ash-grey Mouse
2769,18559,ANIMALIA,CHORDATA,MAMMALIA,RODENTIA,MURIDAE,Pseudomys,Pseudomys apodemoides,"Finlayson, 1932",NA,NA,NA,LC,Silky Mouse
2770,18561,ANIMALIA,CHORDATA,MAMMALIA,RODENTIA,MURIDAE,Pseudomys,Pseudomys delicatulus,"(Gould, 1842)",NA,NA,NA,LC,Delicate Mouse
2771,18562,ANIMALIA,CHORDATA,MAMMALIA,RODENTIA,MURIDAE,Pseudomys,Pseudomys desertor,"Troughton, 1932",NA,NA,NA,LC,Desert Mouse
2772,18563,ANIMALIA,CHORDATA,MAMMALIA,RODENTIA,MURIDAE,Mastacomys,Mastacomys fuscus,"Thomas, 1882",NA,NA,NA,NT,Broad-toothed Rat
2773,18564,ANIMALIA,CHORDATA,MAMMALIA,RODENTIA,MURIDAE,Pseudomys,Pseudomys glaucus,"Thomas, 1910",NA,NA,NA,EX,Blue-grey Mouse
2774,18565,ANIMALIA,CHORDATA,MAMMALIA,RODENTIA,MURIDAE,Pseudomys,Pseudomys gracilicaudatus,"(Gould, 1845)",NA,NA,NA,LC,Eastern Chestnut Mouse
2775,18566,ANIMALIA,CHORDATA,MAMMALIA,RODENTIA,MURIDAE,Pseudomys,Pseudomys hermannsburgensis,"(Waite, 1896)",NA,NA,NA,LC,Sandy Inland Mouse
2776,18567,ANIMALIA,CHORDATA,MAMMALIA,RODENTIA,MURIDAE,Pseudomys,Pseudomys higginsi,"(Trouessart, 1897)",NA,NA,NA,LC,Long-tailed Mouse
2777,18568,ANIMALIA,CHORDATA,MAMMALIA,RODENTIA,MURIDAE,Pseudomys,Pseudomys johnsoni,"Kitchener, 1985",NA,NA,NA,LC,Central Pebble Mouse
2778,18570,ANIMALIA,CHORDATA,MAMMALIA,RODENTIA,MURIDAE,Pseudomys,Pseudomys nanus,"(Gould, 1858)",NA,NA,NA,LC,Western Chestnut Mouse
2779,18571,ANIMALIA,CHORDATA,MAMMALIA,RODENTIA,MURIDAE,Pseudomys,Pseudomys patrius,"(Thomas &amp; Dollman, 1909)",NA,NA,NA,LC,Eastern Pebble Mouse
2780,18596,ANIMALIA,CHORDATA,MAMMALIA,ARTIODACTYLA,DELPHINIDAE,Pseudorca,Pseudorca crassidens,"(Owen, 1846)",NA,NA,NA,NT,False Killer Whale
2781,18597,ANIMALIA,CHORDATA,MAMMALIA,ARTIODACTYLA,BOVIDAE,Pseudoryx,Pseudoryx nghetinhensis,"Dung, Giao, Chinh, Touc, Arctander &amp; MacKinnon, 1993",NA,NA,NA,CR,Saola
2782,18598,ANIMALIA,CHORDATA,MAMMALIA,RODENTIA,CRICETIDAE,Pseudoryzomys,Pseudoryzomys simplex,"(Winge, 1887)",NA,NA,NA,LC,Brazilian False Rice Rat
2783,18653,ANIMALIA,CHORDATA,MAMMALIA,CHIROPTERA,PTEROPODIDAE,Ptenochirus,Ptenochirus jagorii,"(Peters, 1861)",NA,NA,NA,LC,Greater Musky Fruit Bat
2784,18654,ANIMALIA,CHORDATA,MAMMALIA,CHIROPTERA,PTEROPODIDAE,Ptenochirus,Ptenochirus minor,"Yoshiyuki, 1979",NA,NA,NA,LC,Lesser Musky Fruit Bat
2785,18655,ANIMALIA,CHORDATA,MAMMALIA,CHIROPTERA,PTEROPODIDAE,Mirimiri,Mirimiri acrodonta,"(Hill &amp; Beckon, 1978)",NA,NA,NA,CR,Fijian Monkey-faced Bat
2786,18656,ANIMALIA,CHORDATA,MAMMALIA,CHIROPTERA,PTEROPODIDAE,Pteralopex,Pteralopex anceps,"K. Andersen, 1909",NA,NA,NA,EN,Bougainville Monkey-faced Bat
2787,18657,ANIMALIA,CHORDATA,MAMMALIA,CHIROPTERA,PTEROPODIDAE,Pteralopex,Pteralopex atrata,"Thomas, 1888",NA,NA,NA,EN,Guadalcanal Monkey-faced Bat
2788,18658,ANIMALIA,CHORDATA,MAMMALIA,CHIROPTERA,PTEROPODIDAE,Pteralopex,Pteralopex pulchra,"Flannery, 1991",NA,NA,NA,CR,Montane Monkey-faced Bat
2789,18701,ANIMALIA,CHORDATA,MAMMALIA,RODENTIA,SCIURIDAE,Pteromys,Pteromys momonga,"Temminck, 1844",NA,NA,NA,LC,Japanese Flying Squirrel
2790,18702,ANIMALIA,CHORDATA,MAMMALIA,RODENTIA,SCIURIDAE,Pteromys,Pteromys volans,"(Linnaeus, 1758)",NA,NA,NA,LC,Siberian Flying Squirrel
2791,18703,ANIMALIA,CHORDATA,MAMMALIA,RODENTIA,SCIURIDAE,Pteromyscus,Pteromyscus pulverulentus,"(Günther, 1873)",NA,NA,NA,EN,Smoky Flying Squirrel
2792,18705,ANIMALIA,CHORDATA,MAMMALIA,CHIROPTERA,MORMOOPIDAE,Pteronotus,Pteronotus davyi,"Gray, 1838",NA,NA,NA,LC,Davy's Naked-backed Bat
2793,18706,ANIMALIA,CHORDATA,MAMMALIA,CHIROPTERA,MORMOOPIDAE,Pteronotus,Pteronotus gymnonotus,"Wagner, 1843",NA,NA,NA,LC,Big Naked-backed Bat
2794,18707,ANIMALIA,CHORDATA,MAMMALIA,CHIROPTERA,MORMOOPIDAE,Pteronotus,Pteronotus macleayii,"(Gray, 1839)",NA,NA,NA,LC,Macleay's Mustached Bat
2795,18709,ANIMALIA,CHORDATA,MAMMALIA,CHIROPTERA,MORMOOPIDAE,Pteronotus,Pteronotus personatus,"(Wagner, 1843)",NA,NA,NA,LC,Wagner's Mustached Bat
2796,18710,ANIMALIA,CHORDATA,MAMMALIA,CHIROPTERA,MORMOOPIDAE,Pteronotus,Pteronotus quadridens,"(Gundlach, 1840)",NA,NA,NA,LC,Sooty Mustached Bat
2797,18711,ANIMALIA,CHORDATA,MAMMALIA,CARNIVORA,MUSTELIDAE,Pteronura,Pteronura brasiliensis,"(Gmelin, 1788)",NA,NA,NA,EN,Giant Otter
2798,18713,ANIMALIA,CHORDATA,MAMMALIA,CHIROPTERA,PTEROPODIDAE,Pteropus,Pteropus admiralitatum,"Thomas, 1894",NA,NA,NA,LC,Admiralty Flying Fox
2799,18714,ANIMALIA,CHORDATA,MAMMALIA,CHIROPTERA,PTEROPODIDAE,Pteropus,Pteropus aldabrensis,"True, 1893",NA,NA,NA,EN,Aldabra Flying-fox
2800,18715,ANIMALIA,CHORDATA,MAMMALIA,CHIROPTERA,PTEROPODIDAE,Pteropus,Pteropus alecto,"Temminck, 1837",NA,NA,NA,LC,Black Flying Fox
2801,18716,ANIMALIA,CHORDATA,MAMMALIA,CHIROPTERA,PTEROPODIDAE,Pteropus,Pteropus anetianus,"Gray, 1870",NA,NA,NA,VU,Vanuatu Flying Fox
2802,18718,ANIMALIA,CHORDATA,MAMMALIA,CHIROPTERA,PTEROPODIDAE,Pteropus,Pteropus brunneus,"Dobson, 1878",NA,NA,NA,EX,Percy Island Flying Fox
2803,18719,ANIMALIA,CHORDATA,MAMMALIA,CHIROPTERA,PTEROPODIDAE,Pteropus,Pteropus caniceps,"Gray, 1870",NA,NA,NA,VU,North Moluccan Flying Fox
2804,18721,ANIMALIA,CHORDATA,MAMMALIA,CHIROPTERA,PTEROPODIDAE,Pteropus,Pteropus conspicillatus,"Gould, 1850",NA,NA,NA,EN,Spectacled Flying Fox
2805,18722,ANIMALIA,CHORDATA,MAMMALIA,CHIROPTERA,PTEROPODIDAE,Pteropus,Pteropus dasymallus,"Temminck, 1825",NA,NA,NA,VU,Ryukyu Flying Fox
2806,18723,ANIMALIA,CHORDATA,MAMMALIA,CHIROPTERA,PTEROPODIDAE,Pteropus,Pteropus faunulus,"Miller, 1902",NA,NA,NA,EN,Nicobar Flying Fox
2807,18724,ANIMALIA,CHORDATA,MAMMALIA,CHIROPTERA,PTEROPODIDAE,Pteropus,Pteropus fundatus,"Felten &amp; Kock, 1972",NA,NA,NA,EN,Banks Flying Fox
2808,18725,ANIMALIA,CHORDATA,MAMMALIA,CHIROPTERA,PTEROPODIDAE,Pteropus,Pteropus medius,"Temminck, 1825",NA,NA,NA,LC,Indian Flying Fox
2809,18726,ANIMALIA,CHORDATA,MAMMALIA,CHIROPTERA,PTEROPODIDAE,Pteropus,Pteropus gilliardorum,"Van Deusen, 1969",NA,NA,NA,VU,Gilliard's Flying Fox
2810,18727,ANIMALIA,CHORDATA,MAMMALIA,CHIROPTERA,PTEROPODIDAE,Pteropus,Pteropus griseus,"(É. Geoffroy, 1810)",NA,NA,NA,VU,Gray Flying Fox
2811,18728,ANIMALIA,CHORDATA,MAMMALIA,CHIROPTERA,PTEROPODIDAE,Pteropus,Pteropus howensis,"Troughton, 1931",NA,NA,NA,CR,Ontong Java Flying Fox
2812,18729,ANIMALIA,CHORDATA,MAMMALIA,CHIROPTERA,PTEROPODIDAE,Pteropus,Pteropus hypomelanus,"Temminck, 1853",NA,NA,NA,NT,Island Flying Fox
2813,18731,ANIMALIA,CHORDATA,MAMMALIA,CHIROPTERA,PTEROPODIDAE,Desmalopex,Desmalopex leucopterus,"Temminck, 1853",NA,NA,NA,VU,White-winged Flying Fox
2814,18732,ANIMALIA,CHORDATA,MAMMALIA,CHIROPTERA,PTEROPODIDAE,Pteropus,Pteropus livingstonii,"Gray, 1866",NA,NA,NA,CR,Livingstone's Flying Fox
2815,18733,ANIMALIA,CHORDATA,MAMMALIA,CHIROPTERA,PTEROPODIDAE,Pteropus,Pteropus lombocensis,"Dobson, 1878",NA,NA,NA,DD,Lombok Flying Fox
2816,18734,ANIMALIA,CHORDATA,MAMMALIA,CHIROPTERA,PTEROPODIDAE,Pteropus,Pteropus lylei,"K. Andersen, 1908",NA,NA,NA,VU,Lyle's Flying Fox
2817,18735,ANIMALIA,CHORDATA,MAMMALIA,CHIROPTERA,PTEROPODIDAE,Pteropus,Pteropus macrotis,"Peters, 1867",NA,NA,NA,LC,Large-eared Flying Fox
2818,18736,ANIMALIA,CHORDATA,MAMMALIA,CHIROPTERA,PTEROPODIDAE,Pteropus,Pteropus mahaganus,"Sanborn, 1931",NA,NA,NA,LC,Sanborn's Flying Fox
2819,18739,ANIMALIA,CHORDATA,MAMMALIA,CHIROPTERA,PTEROPODIDAE,Pteropus,Pteropus melanopogon,"Peters, 1867",NA,NA,NA,EN,Black-bearded Flying Fox
2820,18740,ANIMALIA,CHORDATA,MAMMALIA,CHIROPTERA,PTEROPODIDAE,Pteropus,Pteropus melanotus,"Blyth, 1863",NA,NA,NA,VU,Blyth's Flying Fox
2821,18741,ANIMALIA,CHORDATA,MAMMALIA,CHIROPTERA,PTEROPODIDAE,Pteropus,Pteropus molossinus,"Temminck, 1853",NA,NA,NA,EN,Pohnpei Flying Fox
2822,18742,ANIMALIA,CHORDATA,MAMMALIA,CHIROPTERA,PTEROPODIDAE,Pteropus,Pteropus neohibernicus,"Peters, 1876",NA,NA,NA,LC,Great Flying Fox
2823,18743,ANIMALIA,CHORDATA,MAMMALIA,CHIROPTERA,PTEROPODIDAE,Pteropus,Pteropus niger,"(Kerr, 1792)",NA,NA,NA,EN,Greater Mascarene Flying Fox
2824,18744,ANIMALIA,CHORDATA,MAMMALIA,CHIROPTERA,PTEROPODIDAE,Pteropus,Pteropus nitendiensis,"Sanborn, 1930",NA,NA,NA,EN,Temotu Flying Fox
2825,18745,ANIMALIA,CHORDATA,MAMMALIA,CHIROPTERA,PTEROPODIDAE,Pteropus,Pteropus ocularis,"Peters, 1867",NA,NA,NA,VU,Seram Flying Fox
2826,18746,ANIMALIA,CHORDATA,MAMMALIA,CHIROPTERA,PTEROPODIDAE,Pteropus,Pteropus ornatus,"Gray, 1870",NA,NA,NA,VU,Ornate Flying Fox
2827,18747,ANIMALIA,CHORDATA,MAMMALIA,CHIROPTERA,PTEROPODIDAE,Pteropus,Pteropus personatus,"Temminck, 1825",NA,NA,NA,LC,Moluccan Masked Flying Fox
2828,18749,ANIMALIA,CHORDATA,MAMMALIA,CHIROPTERA,PTEROPODIDAE,Pteropus,Pteropus pilosus,"K. Andersen, 1908",NA,NA,NA,EX,Large Palau Flying Fox
2829,18750,ANIMALIA,CHORDATA,MAMMALIA,CHIROPTERA,PTEROPODIDAE,Pteropus,Pteropus pohlei,"Stein, 1933",NA,NA,NA,VU,Geelvink Bay Flying Fox
2830,18751,ANIMALIA,CHORDATA,MAMMALIA,CHIROPTERA,PTEROPODIDAE,Pteropus,Pteropus poliocephalus,"Temminck, 1825",NA,NA,NA,VU,Grey-headed Flying Fox
2831,18752,ANIMALIA,CHORDATA,MAMMALIA,CHIROPTERA,PTEROPODIDAE,Pteropus,Pteropus pselaphon,"Lay, 1829",NA,NA,NA,EN,Bonin Flying Fox
2832,18753,ANIMALIA,CHORDATA,MAMMALIA,CHIROPTERA,PTEROPODIDAE,Pteropus,Pteropus pumilus,"Miller, 1910",NA,NA,NA,NT,Little Golden-mantled Flying Fox
2833,18754,ANIMALIA,CHORDATA,MAMMALIA,CHIROPTERA,PTEROPODIDAE,Pteropus,Pteropus rayneri,"Gray, 1870",NA,NA,NA,NT,Solomons Flying Fox
2834,18755,ANIMALIA,CHORDATA,MAMMALIA,CHIROPTERA,PTEROPODIDAE,Pteropus,Pteropus rodricensis,"Dobson, 1878",NA,NA,NA,EN,Rodrigues Flying Fox
2835,18756,ANIMALIA,CHORDATA,MAMMALIA,CHIROPTERA,PTEROPODIDAE,Pteropus,Pteropus rufus,"É. Geoffroy Saint-Hilaire, 1803",NA,NA,NA,VU,Madagascan Flying Fox
2836,18757,ANIMALIA,CHORDATA,MAMMALIA,CHIROPTERA,PTEROPODIDAE,Pteropus,Pteropus samoensis,"Peale, 1848",NA,NA,NA,NT,Samoan Flying Fox
2837,18758,ANIMALIA,CHORDATA,MAMMALIA,CHIROPTERA,PTEROPODIDAE,Pteropus,Pteropus scapulatus,"Peters, 1862",NA,NA,NA,LC,Little Red Flying Fox
2838,18759,ANIMALIA,CHORDATA,MAMMALIA,CHIROPTERA,PTEROPODIDAE,Pteropus,Pteropus seychellensis,"Milne-Edwards, 1877",NA,NA,NA,LC,Seychelles Flying Fox
2839,18760,ANIMALIA,CHORDATA,MAMMALIA,CHIROPTERA,PTEROPODIDAE,Pteropus,Pteropus speciosus,"Andersen, 1908",NA,NA,NA,DD,Philippine Gray Flying Fox
2840,18761,ANIMALIA,CHORDATA,MAMMALIA,CHIROPTERA,PTEROPODIDAE,Pteropus,Pteropus subniger,"(Kerr, 1792)",NA,NA,NA,EX,Lesser Mascarene Flying-fox
2841,18762,ANIMALIA,CHORDATA,MAMMALIA,CHIROPTERA,PTEROPODIDAE,Pteropus,Pteropus temminckii,"Peters, 1867",NA,NA,NA,VU,Temminck's Flying Fox
2842,18763,ANIMALIA,CHORDATA,MAMMALIA,CHIROPTERA,PTEROPODIDAE,Pteropus,Pteropus tokudae,"Tate, 1934",NA,NA,NA,EX,Guam Flying Fox
2843,18764,ANIMALIA,CHORDATA,MAMMALIA,CHIROPTERA,PTEROPODIDAE,Pteropus,Pteropus tonganus,"Quoy &amp; Gaimard, 1830",NA,NA,NA,LC,Pacific Flying Fox
2844,18765,ANIMALIA,CHORDATA,MAMMALIA,CHIROPTERA,PTEROPODIDAE,Pteropus,Pteropus tuberculatus,"Peters, 1869",NA,NA,NA,EN,Vanikoro Flying Fox
2845,18766,ANIMALIA,CHORDATA,MAMMALIA,CHIROPTERA,PTEROPODIDAE,Pteropus,Pteropus vampyrus,"(Linnaeus, 1758)",NA,NA,NA,EN,Large Flying-fox
2846,18767,ANIMALIA,CHORDATA,MAMMALIA,CHIROPTERA,PTEROPODIDAE,Pteropus,Pteropus vetula,"Jouan, 1863",NA,NA,NA,NT,New Caledonia Flying Fox
2847,18768,ANIMALIA,CHORDATA,MAMMALIA,CHIROPTERA,PTEROPODIDAE,Pteropus,Pteropus voeltzkowi,"Matschie, 1909",NA,NA,NA,VU,Pemba Flying Fox
2848,18769,ANIMALIA,CHORDATA,MAMMALIA,CHIROPTERA,PTEROPODIDAE,Pteropus,Pteropus woodfordi,"Thomas, 1888",NA,NA,NA,LC,Dwarf Flying Fox
2849,18773,ANIMALIA,CHORDATA,MAMMALIA,CHIROPTERA,PTEROPODIDAE,Pteropus,Pteropus loochoensis,"Gray, 1870",NA,NA,NA,DD,Okinawa Flying-fox
2850,18847,ANIMALIA,CHORDATA,MAMMALIA,ARTIODACTYLA,CERVIDAE,Pudu,Pudu mephistophiles,"(de Winton, 1896)",NA,NA,NA,DD,Northern Pudu
2851,18848,ANIMALIA,CHORDATA,MAMMALIA,ARTIODACTYLA,CERVIDAE,Pudu,Pudu puda,"(Molina, 1782)",NA,NA,NA,NT,Southern Pudu
2852,18868,ANIMALIA,CHORDATA,MAMMALIA,CARNIVORA,FELIDAE,Puma,Puma concolor,"(Linnaeus, 1771)",NA,NA,NA,LC,Puma
2853,18880,ANIMALIA,CHORDATA,MAMMALIA,RODENTIA,CRICETIDAE,Punomys,Punomys lemminus,"Osgood, 1943",NA,NA,NA,VU,Puna Mouse
2854,18942,ANIMALIA,CHORDATA,MAMMALIA,RODENTIA,DIPODIDAE,Pygeretmus,Pygeretmus platyurus,"(Lichtenstein, 1823)",NA,NA,NA,LC,Lesser Fat-tailed Jerboa
2855,18943,ANIMALIA,CHORDATA,MAMMALIA,RODENTIA,DIPODIDAE,Pygeretmus,Pygeretmus pumilio,"(Kerr, 1792)",NA,NA,NA,LC,Dwarf Fat-tailed Jerboa
2856,18944,ANIMALIA,CHORDATA,MAMMALIA,RODENTIA,DIPODIDAE,Pygeretmus,Pygeretmus zhitkovi,"(Kuznetsov, 1930)",NA,NA,NA,LC,Greater Fat-tailed Jerboa
2857,18945,ANIMALIA,CHORDATA,MAMMALIA,CHIROPTERA,PHYLLOSTOMIDAE,Pygoderma,Pygoderma bilabiatum,"(Wagner, 1843)",NA,NA,NA,LC,Ipanema Broad-nosed Bat
2858,19306,ANIMALIA,CHORDATA,MAMMALIA,ARTIODACTYLA,BOVIDAE,Raphicerus,Raphicerus melanotis,"(Thunberg, 1811)",NA,NA,NA,LC,Cape Grysbok
2859,19307,ANIMALIA,CHORDATA,MAMMALIA,ARTIODACTYLA,BOVIDAE,Raphicerus,Raphicerus sharpei,"Thomas, 1897",NA,NA,NA,LC,Sharpe's Grysbok
2860,19308,ANIMALIA,CHORDATA,MAMMALIA,ARTIODACTYLA,BOVIDAE,Raphicerus,Raphicerus campestris,"(Thunberg, 1811)",NA,NA,NA,LC,Steenbok
2861,19318,ANIMALIA,CHORDATA,MAMMALIA,RODENTIA,MURIDAE,Rattus,Rattus giluwensis,"Hill, 1960",NA,NA,NA,LC,Giluwe Rat
2862,19319,ANIMALIA,CHORDATA,MAMMALIA,RODENTIA,MURIDAE,Rattus,Rattus tawitawiensis,"Musser &amp; Heaney, 1985",NA,NA,NA,DD,Tawitawi Forest Rat
2863,19320,ANIMALIA,CHORDATA,MAMMALIA,RODENTIA,MURIDAE,Rattus,Rattus adustus,"Sody, 1940",NA,NA,NA,DD,Burnished Enggano Rat
2864,19321,ANIMALIA,CHORDATA,MAMMALIA,RODENTIA,MURIDAE,Rattus,Rattus annandalei,"Bonhote, 1903",NA,NA,NA,LC,Annandale’s Sundaic Rat
2865,19322,ANIMALIA,CHORDATA,MAMMALIA,RODENTIA,MURIDAE,Rattus,Rattus argentiventer,"(Robinson &amp; Kloss, 1916)",NA,NA,NA,LC,Ricefield Rat
2866,19323,ANIMALIA,CHORDATA,MAMMALIA,RODENTIA,MURIDAE,Rattus,Rattus baluensis,"(Thomas, 1894)",NA,NA,NA,LC,Kinabalu Rat
2867,19324,ANIMALIA,CHORDATA,MAMMALIA,RODENTIA,MURIDAE,Rattus,Rattus bontanus,"Thomas, 1921",NA,NA,NA,DD,Southwestern Xanthurus Rat
2868,19325,ANIMALIA,CHORDATA,MAMMALIA,RODENTIA,MURIDAE,Rattus,Rattus burrus,"(Miller, 1902)",NA,NA,NA,EN,Miller’s Nicobar Rat
2869,19326,ANIMALIA,CHORDATA,MAMMALIA,RODENTIA,MURIDAE,Rattus,Rattus colletti,"(Thomas, 1904)",NA,NA,NA,LC,Dusky Rat
2870,19327,ANIMALIA,CHORDATA,MAMMALIA,RODENTIA,MURIDAE,Rattus,Rattus elaphinus,"Sody, 1941",NA,NA,NA,NT,Sula Archipelago Rat
2871,19328,ANIMALIA,CHORDATA,MAMMALIA,RODENTIA,MURIDAE,Rattus,Rattus enganus,"(Miller, 1906)",NA,NA,NA,DD,Enggano Island Rat
2872,19329,ANIMALIA,CHORDATA,MAMMALIA,RODENTIA,MURIDAE,Rattus,Rattus everetti,"(Günther, 1879)",NA,NA,NA,LC,Philippine Forest Rat
2873,19330,ANIMALIA,CHORDATA,MAMMALIA,RODENTIA,MURIDAE,Rattus,Rattus exulans,"(Peale, 1848)",NA,NA,NA,LC,Polynesian Rat
2874,19331,ANIMALIA,CHORDATA,MAMMALIA,RODENTIA,MURIDAE,Rattus,Rattus feliceus,"Thomas, 1920",NA,NA,NA,NT,Spiny Seram Island Rat
2875,19333,ANIMALIA,CHORDATA,MAMMALIA,RODENTIA,MURIDAE,Rattus,Rattus fuscipes,"(Waterhouse, 1839)",NA,NA,NA,LC,Bush Rat
2876,19334,ANIMALIA,CHORDATA,MAMMALIA,RODENTIA,MURIDAE,Rattus,Rattus hainaldi,"Kitchener, How &amp; Maharadatunkamsi, 1991",NA,NA,NA,EN,Hainald’s Flores Island Rat
2877,19335,ANIMALIA,CHORDATA,MAMMALIA,RODENTIA,MURIDAE,Rattus,Rattus hoffmanni,"(Matschie, 1901)",NA,NA,NA,LC,Hoffmann’s Sulawesi Rat
2878,19336,ANIMALIA,CHORDATA,MAMMALIA,RODENTIA,MURIDAE,Rattus,Rattus hoogerwerfi,"Chasen, 1939",NA,NA,NA,VU,Hoogerwerf’s Sumatran Rat
2879,19337,ANIMALIA,CHORDATA,MAMMALIA,RODENTIA,MURIDAE,Rattus,Rattus jobiensis,"Rümmler, 1935",NA,NA,NA,LC,Yapen Rat
2880,19338,ANIMALIA,CHORDATA,MAMMALIA,RODENTIA,MURIDAE,Rattus,Rattus koopmani,"Musser &amp; Holden, 1991",NA,NA,NA,DD,Koopman’s Peleng Island Rat
2881,19339,ANIMALIA,CHORDATA,MAMMALIA,RODENTIA,MURIDAE,Rattus,Rattus korinchi,"(Robinson &amp; Kloss, 1916)",NA,NA,NA,DD,Sumatran Mountain Rat
2882,19340,ANIMALIA,CHORDATA,MAMMALIA,RODENTIA,MURIDAE,Rattus,Rattus leucopus,"(Gray, 1867)",NA,NA,NA,LC,Cape York Rat
2883,19341,ANIMALIA,CHORDATA,MAMMALIA,RODENTIA,MURIDAE,Rattus,Rattus losea,"(Swinhoe, 1871)",NA,NA,NA,LC,Losea Rat
2884,19342,ANIMALIA,CHORDATA,MAMMALIA,RODENTIA,MURIDAE,Rattus,Rattus lugens,"(Miller, 1903)",NA,NA,NA,VU,Mentawai Archipelago Rat
2885,19343,ANIMALIA,CHORDATA,MAMMALIA,RODENTIA,MURIDAE,Rattus,Rattus lutreolus,"(J.E. Gray, 1841)",NA,NA,NA,LC,Australian Swamp Rat
2886,19344,ANIMALIA,CHORDATA,MAMMALIA,RODENTIA,MURIDAE,Rattus,Rattus macleari,"(Thomas, 1887)",NA,NA,NA,EX,Maclear's Rat
2887,19345,ANIMALIA,CHORDATA,MAMMALIA,RODENTIA,MURIDAE,Rattus,Rattus marmosurus,"Thomas, 1921",NA,NA,NA,LC,Marmoset Xanthurus Rat
2888,19346,ANIMALIA,CHORDATA,MAMMALIA,RODENTIA,MURIDAE,Rattus,Rattus mindorensis,"(Thomas, 1898)",NA,NA,NA,LC,Mindoro Mountain Rat
2889,19347,ANIMALIA,CHORDATA,MAMMALIA,RODENTIA,MURIDAE,Rattus,Rattus mollicomulus,"Tate &amp; Archbold, 1935",NA,NA,NA,LC,Lompobatang Sulawesi Rat
2890,19348,ANIMALIA,CHORDATA,MAMMALIA,RODENTIA,MURIDAE,Rattus,Rattus montanus,"Phillips, 1932",NA,NA,NA,EN,Sri Lankan Mountain Rat
2891,19349,ANIMALIA,CHORDATA,MAMMALIA,RODENTIA,MURIDAE,Rattus,Rattus mordax,"(Thomas, 1904)",NA,NA,NA,LC,Eastern Rat
2892,19350,ANIMALIA,CHORDATA,MAMMALIA,RODENTIA,MURIDAE,Rattus,Rattus morotaiensis,"Kellogg, 1945",NA,NA,NA,LC,Halmahara Rat
2893,19351,ANIMALIA,CHORDATA,MAMMALIA,RODENTIA,MURIDAE,Rattus,Rattus nativitatis,"(Thomas, 1889)",NA,NA,NA,EX,Bulldog Rat
2894,19352,ANIMALIA,CHORDATA,MAMMALIA,RODENTIA,MURIDAE,Rattus,Rattus nitidus,"(Hodgson, 1845)",NA,NA,NA,LC,Himalayan Field Rat
2895,19353,ANIMALIA,CHORDATA,MAMMALIA,RODENTIA,MURIDAE,Rattus,Rattus norvegicus,"(Berkenhout, 1769)",NA,NA,NA,LC,Brown Rat
2896,19354,ANIMALIA,CHORDATA,MAMMALIA,RODENTIA,MURIDAE,Rattus,Rattus novaeguineae,"Taylor &amp; Calaby, 1982",NA,NA,NA,LC,New Guinea Rat
2897,19355,ANIMALIA,CHORDATA,MAMMALIA,RODENTIA,MURIDAE,Rattus,Rattus osgoodi,"Musser &amp; Newcomb, 1985",NA,NA,NA,LC,Osgood’s Vietnamese Rat
2898,19356,ANIMALIA,CHORDATA,MAMMALIA,RODENTIA,MURIDAE,Rattus,Rattus palmarum,"(Zelebor, 1869)",NA,NA,NA,VU,Zelebor’s Nicobar Rat
2899,19357,ANIMALIA,CHORDATA,MAMMALIA,RODENTIA,MURIDAE,Rattus,Rattus pelurus,"Sody, 1941",NA,NA,NA,DD,Peleng Island Xanthurus Rat
2900,19358,ANIMALIA,CHORDATA,MAMMALIA,RODENTIA,MURIDAE,Rattus,Rattus praetor,"(Thomas, 1888)",NA,NA,NA,LC,Large Spiny Rat
2901,19359,ANIMALIA,CHORDATA,MAMMALIA,RODENTIA,MURIDAE,Rattus,Rattus ranjiniae,"Agrawal &amp; Ghosal, 1969",NA,NA,NA,EN,Ranjini’s Field Rat
2902,19360,ANIMALIA,CHORDATA,MAMMALIA,RODENTIA,MURIDAE,Rattus,Rattus rattus,"(Linnaeus, 1758)",NA,NA,NA,LC,House Rat
2903,19361,ANIMALIA,CHORDATA,MAMMALIA,RODENTIA,MURIDAE,Rattus,Rattus andamanensis,"(Blyth, 1860)",NA,NA,NA,LC,Indochinese Forest Rat
2904,19362,ANIMALIA,CHORDATA,MAMMALIA,RODENTIA,MURIDAE,Rattus,Rattus simalurensis,"(Miller, 1903)",NA,NA,NA,EN,Simalur Archipelago Rat
2905,19363,ANIMALIA,CHORDATA,MAMMALIA,RODENTIA,MURIDAE,Rattus,Rattus sordidus,"(Gould, 1858)",NA,NA,NA,LC,Canefield Rat
2906,19364,ANIMALIA,CHORDATA,MAMMALIA,RODENTIA,MURIDAE,Rattus,Rattus steini,"Rümmler, 1935",NA,NA,NA,LC,Small Spiny Rat
2907,19365,ANIMALIA,CHORDATA,MAMMALIA,RODENTIA,MURIDAE,Rattus,Rattus stoicus,"(Miller, 1902)",NA,NA,NA,VU,Andaman Rat
2908,19366,ANIMALIA,CHORDATA,MAMMALIA,RODENTIA,MURIDAE,Rattus,Rattus tanezumi,"Temminck, 1844",NA,NA,NA,LC,Oriental House Rat
2909,19367,ANIMALIA,CHORDATA,MAMMALIA,RODENTIA,MURIDAE,Rattus,Rattus timorensis,"Kitchener, Aplin &amp; Boeadi, 1991",NA,NA,NA,DD,Timor Forest Rat
2910,19368,ANIMALIA,CHORDATA,MAMMALIA,RODENTIA,MURIDAE,Rattus,Rattus tiomanicus,"(Miller, 1900)",NA,NA,NA,LC,Malaysian Field Rat
2911,19369,ANIMALIA,CHORDATA,MAMMALIA,RODENTIA,MURIDAE,Rattus,Rattus tunneyi,"(Thomas, 1904)",NA,NA,NA,LC,Pale Field Rat
2912,19370,ANIMALIA,CHORDATA,MAMMALIA,RODENTIA,MURIDAE,Rattus,Rattus pyctoris,"(Hodgson, 1845)",NA,NA,NA,LC,Himalayan Rat
2913,19371,ANIMALIA,CHORDATA,MAMMALIA,RODENTIA,MURIDAE,Rattus,Rattus villosissimus,"(Waite, 1898)",NA,NA,NA,LC,Long-haired Rat
2914,19372,ANIMALIA,CHORDATA,MAMMALIA,RODENTIA,MURIDAE,Rattus,Rattus xanthurus,"(Gray, 1867)",NA,NA,NA,NT,Northeastern Xanthurus Rat
2915,19376,ANIMALIA,CHORDATA,MAMMALIA,RODENTIA,SCIURIDAE,Ratufa,Ratufa affinis,"(Raffles, 1821)",NA,NA,NA,NT,Pale Giant Squirrel
2916,19377,ANIMALIA,CHORDATA,MAMMALIA,RODENTIA,SCIURIDAE,Ratufa,Ratufa bicolor,"(Sparrman, 1778)",NA,NA,NA,NT,Black Giant Squirrel
2917,19378,ANIMALIA,CHORDATA,MAMMALIA,RODENTIA,SCIURIDAE,Ratufa,Ratufa indica,"(Erxleben, 1777)",NA,NA,NA,LC,Indian Giant Squirrel
2918,19381,ANIMALIA,CHORDATA,MAMMALIA,RODENTIA,SCIURIDAE,Ratufa,Ratufa macroura,"(Pennant, 1769)",NA,NA,NA,NT,Sri Lankan Giant Squirrel
2919,19390,ANIMALIA,CHORDATA,MAMMALIA,ARTIODACTYLA,BOVIDAE,Redunca,Redunca arundinum,"(Boddaert, 1785)",NA,NA,NA,LC,Southern Reedbuck
2920,19391,ANIMALIA,CHORDATA,MAMMALIA,ARTIODACTYLA,BOVIDAE,Redunca,Redunca fulvorufula,"(Afzelius, 1815)",NA,NA,NA,EN,Mountain Reedbuck
2921,19392,ANIMALIA,CHORDATA,MAMMALIA,ARTIODACTYLA,BOVIDAE,Redunca,Redunca redunca,"(Pallas, 1767)",NA,NA,NA,LC,Bohor Reedbuck
2922,19399,ANIMALIA,CHORDATA,MAMMALIA,RODENTIA,CRICETIDAE,Reithrodon,Reithrodon auritus,"(Fischer, 1814)",NA,NA,NA,LC,Bunny Rat
2923,19401,ANIMALIA,CHORDATA,MAMMALIA,RODENTIA,CRICETIDAE,Reithrodontomys,Reithrodontomys raviventris,"Dixon, 1908",NA,NA,NA,EN,Salt-marsh Harvest Mouse
2924,19402,ANIMALIA,CHORDATA,MAMMALIA,RODENTIA,CRICETIDAE,Reithrodontomys,Reithrodontomys brevirostris,"Goodwin, 1943",NA,NA,NA,LC,Short-nosed Harvest Mouse
2925,19403,ANIMALIA,CHORDATA,MAMMALIA,RODENTIA,CRICETIDAE,Reithrodontomys,Reithrodontomys burti,"Benson, 1939",NA,NA,NA,DD,Sonoran Harvest Mouse
2926,19404,ANIMALIA,CHORDATA,MAMMALIA,RODENTIA,CRICETIDAE,Reithrodontomys,Reithrodontomys chrysopsis,"Merriam, 1900",NA,NA,NA,LC,Volcano Harvest Mouse
2927,19405,ANIMALIA,CHORDATA,MAMMALIA,RODENTIA,CRICETIDAE,Reithrodontomys,Reithrodontomys creper,"Bangs, 1902",NA,NA,NA,LC,Chiriqui Harvest Mouse
2928,19406,ANIMALIA,CHORDATA,MAMMALIA,RODENTIA,CRICETIDAE,Reithrodontomys,Reithrodontomys darienensis,"Pearson, 1939",NA,NA,NA,LC,Darien Harvest Mouse
2929,19407,ANIMALIA,CHORDATA,MAMMALIA,RODENTIA,CRICETIDAE,Reithrodontomys,Reithrodontomys fulvescens,"J.A. Allen, 1894",NA,NA,NA,LC,Fulvous Harvest Mouse
2930,19408,ANIMALIA,CHORDATA,MAMMALIA,RODENTIA,CRICETIDAE,Reithrodontomys,Reithrodontomys gracilis,"J.A. Allen &amp; Chapman, 1897",NA,NA,NA,LC,Slender Harvest Mouse
2931,19409,ANIMALIA,CHORDATA,MAMMALIA,RODENTIA,CRICETIDAE,Reithrodontomys,Reithrodontomys hirsutus,"Merriam, 1901",NA,NA,NA,VU,Hairy Harvest Mouse
2932,19410,ANIMALIA,CHORDATA,MAMMALIA,RODENTIA,CRICETIDAE,Reithrodontomys,Reithrodontomys megalotis,"(Baird, 1857)",NA,NA,NA,LC,Southern Marsh Harvest Mouse
2933,19411,ANIMALIA,CHORDATA,MAMMALIA,RODENTIA,CRICETIDAE,Reithrodontomys,Reithrodontomys mexicanus,"(Saussure, 1860)",NA,NA,NA,LC,Mexican Harvest Mouse
2934,19412,ANIMALIA,CHORDATA,MAMMALIA,RODENTIA,CRICETIDAE,Reithrodontomys,Reithrodontomys microdon,"Merriam, 1901",NA,NA,NA,LC,Small-toothed Harvest Mouse
2935,19413,ANIMALIA,CHORDATA,MAMMALIA,RODENTIA,CRICETIDAE,Reithrodontomys,Reithrodontomys montanus,"(Baird, 1855)",NA,NA,NA,LC,Plains Harvest Mouse
2936,19414,ANIMALIA,CHORDATA,MAMMALIA,RODENTIA,CRICETIDAE,Reithrodontomys,Reithrodontomys paradoxus,"Jones &amp; Genoways, 1970",NA,NA,NA,DD,Nicaraguan Harvest Mouse
2937,19415,ANIMALIA,CHORDATA,MAMMALIA,RODENTIA,CRICETIDAE,Reithrodontomys,Reithrodontomys rodriguezi,"Goodwin, 1943",NA,NA,NA,LC,Rodriguez's Harvest Mouse
2938,19416,ANIMALIA,CHORDATA,MAMMALIA,RODENTIA,CRICETIDAE,Reithrodontomys,Reithrodontomys spectabilis,"Jones &amp; Lawlor, 1965",NA,NA,NA,CR,Cozumel Harvest Mouse
2939,19417,ANIMALIA,CHORDATA,MAMMALIA,RODENTIA,CRICETIDAE,Reithrodontomys,Reithrodontomys sumichrasti,"(Saussure, 1861)",NA,NA,NA,LC,Sumichrast's Harvest Mouse
2940,19418,ANIMALIA,CHORDATA,MAMMALIA,RODENTIA,CRICETIDAE,Reithrodontomys,Reithrodontomys tenuirostris,"Merriam, 1901",NA,NA,NA,EN,Narrow-nosed Harvest Mouse
2941,19419,ANIMALIA,CHORDATA,MAMMALIA,RODENTIA,CRICETIDAE,Reithrodontomys,Reithrodontomys zacatecae,"Merriam, 1901",NA,NA,NA,LC,Zacatecas Harvest Mouse
2942,19454,ANIMALIA,CHORDATA,MAMMALIA,RODENTIA,CRICETIDAE,Rhagomys,Rhagomys rufescens,"(Thomas, 1886)",NA,NA,NA,VU,Brazilian Arboreal Mouse
2943,19474,ANIMALIA,CHORDATA,MAMMALIA,RODENTIA,SCIURIDAE,Rheithrosciurus,Rheithrosciurus macrotis,"(Gray, 1856)",NA,NA,NA,VU,Tufted Ground Squirrel
2944,19484,ANIMALIA,CHORDATA,MAMMALIA,RODENTIA,CRICETIDAE,Rheomys,Rheomys mexicanus,"Goodwin, 1959",NA,NA,NA,EN,Mexican Water Mouse
2945,19485,ANIMALIA,CHORDATA,MAMMALIA,RODENTIA,CRICETIDAE,Rheomys,Rheomys raptor,"Goldman, 1912",NA,NA,NA,LC,Goldman's Water Mouse
2946,19486,ANIMALIA,CHORDATA,MAMMALIA,RODENTIA,CRICETIDAE,Rheomys,Rheomys thomasi,"Dickey, 1928",NA,NA,NA,NT,Thomas's Water Mouse
2947,19487,ANIMALIA,CHORDATA,MAMMALIA,RODENTIA,CRICETIDAE,Rheomys,Rheomys underwoodi,"Thomas, 1906",NA,NA,NA,LC,Underwood's Water Mouse
2948,19495,ANIMALIA,CHORDATA,MAMMALIA,PERISSODACTYLA,RHINOCEROTIDAE,Rhinoceros,Rhinoceros sondaicus,"Desmarest, 1822",NA,NA,NA,CR,Javan Rhinoceros
2949,19496,ANIMALIA,CHORDATA,MAMMALIA,PERISSODACTYLA,RHINOCEROTIDAE,Rhinoceros,Rhinoceros unicornis,"Linnaeus, 1758",NA,NA,NA,VU,Greater One-horned Rhino
2950,19515,ANIMALIA,CHORDATA,MAMMALIA,CHIROPTERA,RHINOLOPHIDAE,Rhinolophus,Rhinolophus blasii,"Peters, 1867",NA,NA,NA,LC,Blasius's Horseshoe Bat
2951,19516,ANIMALIA,CHORDATA,MAMMALIA,CHIROPTERA,RHINOLOPHIDAE,Rhinolophus,Rhinolophus euryale,"Blasius, 1853",NA,NA,NA,NT,Mediterranean Horseshoe Bat
2952,19517,ANIMALIA,CHORDATA,MAMMALIA,CHIROPTERA,RHINOLOPHIDAE,Rhinolophus,Rhinolophus ferrumequinum,"(Schreber, 1774)",NA,NA,NA,LC,Greater Horseshoe Bat
2953,19518,ANIMALIA,CHORDATA,MAMMALIA,CHIROPTERA,RHINOLOPHIDAE,Rhinolophus,Rhinolophus hipposideros,"(Bechstein, 1800)",NA,NA,NA,LC,Lesser Horseshoe Bat
2954,19519,ANIMALIA,CHORDATA,MAMMALIA,CHIROPTERA,RHINOLOPHIDAE,Rhinolophus,Rhinolophus mehelyi,"Matschie, 1901",NA,NA,NA,VU,Mehely's Horseshoe Bat
2955,19520,ANIMALIA,CHORDATA,MAMMALIA,CHIROPTERA,RHINOLOPHIDAE,Rhinolophus,Rhinolophus acuminatus,"Peters, 1871",NA,NA,NA,LC,Accuminate Horseshoe Bat
2956,19521,ANIMALIA,CHORDATA,MAMMALIA,CHIROPTERA,RHINOLOPHIDAE,Rhinolophus,Rhinolophus adami,"Aellen &amp; Brosset, 1968",NA,NA,NA,DD,Adam's Horseshoe Bat
2957,19522,ANIMALIA,CHORDATA,MAMMALIA,CHIROPTERA,RHINOLOPHIDAE,Rhinolophus,Rhinolophus affinis,"Horsfield, 1823",NA,NA,NA,LC,Intermediate Horseshoe Bat
2958,19523,ANIMALIA,CHORDATA,MAMMALIA,CHIROPTERA,RHINOLOPHIDAE,Rhinolophus,Rhinolophus alcyone,"Temminck, 1852",NA,NA,NA,LC,Halcyon Horseshoe Bat
2959,19526,ANIMALIA,CHORDATA,MAMMALIA,CHIROPTERA,RHINOLOPHIDAE,Rhinolophus,Rhinolophus bocharicus,"Kastschenko &amp; Akimov, 1917",NA,NA,NA,LC,Bokhara Horseshoe Bat
2960,19527,ANIMALIA,CHORDATA,MAMMALIA,CHIROPTERA,RHINOLOPHIDAE,Rhinolophus,Rhinolophus borneensis,"Peters, 1861",NA,NA,NA,LC,Bornean Horseshoe Bat
2961,19528,ANIMALIA,CHORDATA,MAMMALIA,CHIROPTERA,RHINOLOPHIDAE,Rhinolophus,Rhinolophus canuti,"Thomas &amp; Wroughton, 1909",NA,NA,NA,VU,Canut's Horseshoe Bat
2962,19529,ANIMALIA,CHORDATA,MAMMALIA,CHIROPTERA,RHINOLOPHIDAE,Rhinolophus,Rhinolophus capensis,"Lichtenstein, 1823",NA,NA,NA,LC,Cape Horseshoe Bat
2963,19530,ANIMALIA,CHORDATA,MAMMALIA,CHIROPTERA,RHINOLOPHIDAE,Rhinolophus,Rhinolophus celebensis,"K. Andersen, 1905",NA,NA,NA,LC,Sulawesi Horseshoe Bat
2964,19531,ANIMALIA,CHORDATA,MAMMALIA,CHIROPTERA,RHINOLOPHIDAE,Rhinolophus,Rhinolophus clivosus,"Cretzschmar, 1828",NA,NA,NA,LC,Geoffroy's Horseshoe Bat
2965,19532,ANIMALIA,CHORDATA,MAMMALIA,CHIROPTERA,RHINOLOPHIDAE,Rhinolophus,Rhinolophus coelophyllus,"Peters, 1867",NA,NA,NA,LC,Croslet Horseshoe Bat
2966,19533,ANIMALIA,CHORDATA,MAMMALIA,CHIROPTERA,RHINOLOPHIDAE,Rhinolophus,Rhinolophus cognatus,"K. Andersen, 1906",NA,NA,NA,EN,Andaman Horseshoe Bat
2967,19534,ANIMALIA,CHORDATA,MAMMALIA,CHIROPTERA,RHINOLOPHIDAE,Rhinolophus,Rhinolophus cornutus,"Temminck, 1835",NA,NA,NA,LR/nt,Little Japanese Horseshoe Bat
2968,19535,ANIMALIA,CHORDATA,MAMMALIA,CHIROPTERA,RHINOLOPHIDAE,Rhinolophus,Rhinolophus creaghi,"Thomas, 1896",NA,NA,NA,LC,Creagh's Horseshoe Bat
2969,19537,ANIMALIA,CHORDATA,MAMMALIA,CHIROPTERA,RHINOLOPHIDAE,Rhinolophus,Rhinolophus deckenii,"Peters, 1868",NA,NA,NA,NT,Decken's Horseshoe Bat
2970,19538,ANIMALIA,CHORDATA,MAMMALIA,CHIROPTERA,RHINOLOPHIDAE,Rhinolophus,Rhinolophus denti,"Thomas, 1904",NA,NA,NA,LC,Dent's Horseshoe Bat
2971,19539,ANIMALIA,CHORDATA,MAMMALIA,CHIROPTERA,RHINOLOPHIDAE,Rhinolophus,Rhinolophus eloquens,"K. Andersen, 1905",NA,NA,NA,LC,Eloquent Horseshoe Bat
2972,19541,ANIMALIA,CHORDATA,MAMMALIA,CHIROPTERA,RHINOLOPHIDAE,Rhinolophus,Rhinolophus fumigatus,"Rüppell, 1842",NA,NA,NA,LC,Rüppell's Horseshoe Bat
2973,19542,ANIMALIA,CHORDATA,MAMMALIA,CHIROPTERA,RHINOLOPHIDAE,Rhinolophus,Rhinolophus guineensis,"Eisentraut, 1960",NA,NA,NA,EN,Guinean Horseshoe Bat
2974,19545,ANIMALIA,CHORDATA,MAMMALIA,CHIROPTERA,RHINOLOPHIDAE,Rhinolophus,Rhinolophus inops,"Andersen, 1905",NA,NA,NA,LC,Philippine Forest Horseshoe Bat
2975,19546,ANIMALIA,CHORDATA,MAMMALIA,CHIROPTERA,RHINOLOPHIDAE,Rhinolophus,Rhinolophus landeri,"Martin, 1838",NA,NA,NA,LC,Lander's Horseshoe Bat
2976,19547,ANIMALIA,CHORDATA,MAMMALIA,CHIROPTERA,RHINOLOPHIDAE,Rhinolophus,Rhinolophus lepidus,"Blyth, 1844",NA,NA,NA,LC,Blyth's Horseshoe Bat
2977,19548,ANIMALIA,CHORDATA,MAMMALIA,CHIROPTERA,RHINOLOPHIDAE,Rhinolophus,Rhinolophus luctus,"Temminck, 1834",NA,NA,NA,LC,Great Woolly Horsehoe Bat
2978,19549,ANIMALIA,CHORDATA,MAMMALIA,CHIROPTERA,RHINOLOPHIDAE,Rhinolophus,Rhinolophus maclaudi,"Pousargues, 1897",NA,NA,NA,EN,Maclaud's Horseshoe Bat
2979,19550,ANIMALIA,CHORDATA,MAMMALIA,CHIROPTERA,RHINOLOPHIDAE,Rhinolophus,Rhinolophus macrotis,"Blyth, 1844",NA,NA,NA,LC,Big-eared Horseshoe Bat
2980,19551,ANIMALIA,CHORDATA,MAMMALIA,CHIROPTERA,RHINOLOPHIDAE,Rhinolophus,Rhinolophus malayanus,"Bonhote, 1903",NA,NA,NA,LC,Malayan Horseshoe Bat
2981,19552,ANIMALIA,CHORDATA,MAMMALIA,CHIROPTERA,RHINOLOPHIDAE,Rhinolophus,Rhinolophus marshalli,"Thonglongya, 1973",NA,NA,NA,LC,Marshall's Horseshoe Bat
2982,19553,ANIMALIA,CHORDATA,MAMMALIA,CHIROPTERA,RHINOLOPHIDAE,Rhinolophus,Rhinolophus megaphyllus,"Gray, 1834",NA,NA,NA,LC,Eastern Horseshoe Bat
2983,19554,ANIMALIA,CHORDATA,MAMMALIA,CHIROPTERA,RHINOLOPHIDAE,Rhinolophus,Rhinolophus mitratus,"Blyth, 1844",NA,NA,NA,DD,Mitred Horseshoe Bat
2984,19556,ANIMALIA,CHORDATA,MAMMALIA,CHIROPTERA,RHINOLOPHIDAE,Rhinolophus,Rhinolophus nereis,"K. Andersen, 1905",NA,NA,NA,DD,Anamban Horseshoe Bat
2985,19557,ANIMALIA,CHORDATA,MAMMALIA,CHIROPTERA,RHINOLOPHIDAE,Rhinolophus,Rhinolophus osgoodi,"Sanborn, 1939",NA,NA,NA,LC,Osgood's Horseshoe Bat
2986,19558,ANIMALIA,CHORDATA,MAMMALIA,CHIROPTERA,RHINOLOPHIDAE,Rhinolophus,Rhinolophus paradoxolophus,"(Bourret, 1951)",NA,NA,NA,LC,Bourret's Horseshoe Bat
2987,19559,ANIMALIA,CHORDATA,MAMMALIA,CHIROPTERA,RHINOLOPHIDAE,Rhinolophus,Rhinolophus pearsonii,"Horsfield, 1851",NA,NA,NA,LC,Pearson's Horseshoe Bat
2988,19560,ANIMALIA,CHORDATA,MAMMALIA,CHIROPTERA,RHINOLOPHIDAE,Rhinolophus,Rhinolophus philippinensis,"Waterhouse, 1843",NA,NA,NA,LC,Large-eared Horseshoe Bat
2989,19562,ANIMALIA,CHORDATA,MAMMALIA,CHIROPTERA,RHINOLOPHIDAE,Rhinolophus,Rhinolophus rex,"G.M. Allen, 1923",NA,NA,NA,EN,King Horseshoe Bat
2990,19564,ANIMALIA,CHORDATA,MAMMALIA,CHIROPTERA,RHINOLOPHIDAE,Rhinolophus,Rhinolophus rufus,"Eydoux &amp; Gervais, 1836",NA,NA,NA,NT,Large Rufous Horseshoe Bat
2991,19565,ANIMALIA,CHORDATA,MAMMALIA,CHIROPTERA,RHINOLOPHIDAE,Rhinolophus,Rhinolophus sedulus,"K. Andersen, 1905",NA,NA,NA,NT,Lesser Wooly Horseshoe Bat
2992,19566,ANIMALIA,CHORDATA,MAMMALIA,CHIROPTERA,RHINOLOPHIDAE,Rhinolophus,Rhinolophus shameli,"Tate, 1943",NA,NA,NA,LC,Shamel's Horseshoe Bat
2993,19567,ANIMALIA,CHORDATA,MAMMALIA,CHIROPTERA,RHINOLOPHIDAE,Rhinolophus,Rhinolophus silvestris,"Aellen, 1959",NA,NA,NA,DD,Forest Horseshoe Bat
2994,19568,ANIMALIA,CHORDATA,MAMMALIA,CHIROPTERA,RHINOLOPHIDAE,Rhinolophus,Rhinolophus simulator,"K. Andersen, 1904",NA,NA,NA,LC,Bushveld Horseshoe Bat
2995,19570,ANIMALIA,CHORDATA,MAMMALIA,CHIROPTERA,RHINOLOPHIDAE,Rhinolophus,Rhinolophus subbadius,"Blyth, 1844",NA,NA,NA,LC,Little Nepalese Horseshoe Bat
2996,19571,ANIMALIA,CHORDATA,MAMMALIA,CHIROPTERA,RHINOLOPHIDAE,Rhinolophus,Rhinolophus subrufus,"Andersen, 1905",NA,NA,NA,DD,Small Rufous Horseshoe Bat
2997,19572,ANIMALIA,CHORDATA,MAMMALIA,CHIROPTERA,RHINOLOPHIDAE,Rhinolophus,Rhinolophus swinnyi,"Gough, 1908",NA,NA,NA,LC,Swinny's Horseshoe Bat
2998,19573,ANIMALIA,CHORDATA,MAMMALIA,CHIROPTERA,RHINOLOPHIDAE,Rhinolophus,Rhinolophus thomasi,"K. Andersen, 1905",NA,NA,NA,LC,Thomas's Horseshoe Bat
2999,19574,ANIMALIA,CHORDATA,MAMMALIA,CHIROPTERA,RHINOLOPHIDAE,Rhinolophus,Rhinolophus trifoliatus,"Temminck, 1834",NA,NA,NA,NT,Trefoil Horseshoe Bat
3000,19575,ANIMALIA,CHORDATA,MAMMALIA,CHIROPTERA,RHINOLOPHIDAE,Rhinolophus,Rhinolophus virgo,"Andersen, 1905",NA,NA,NA,LC,Yellow-faced Horseshoe Bat
3001,19576,ANIMALIA,CHORDATA,MAMMALIA,CHIROPTERA,RHINOLOPHIDAE,Rhinolophus,Rhinolophus yunanensis,"Dobson, 1872",NA,NA,NA,LC,Dobson's Horseshoe Bat
3002,19577,ANIMALIA,CHORDATA,MAMMALIA,CHIROPTERA,RHINOLOPHIDAE,Rhinolophus,Rhinolophus keyensis,"Andersen, 1905",NA,NA,NA,DD,Kai Horseshoe Bat
3003,19589,ANIMALIA,CHORDATA,MAMMALIA,CHIROPTERA,RHINONYCTERIDAE,Rhinonicteris,Rhinonicteris aurantia,"(Gray, 1845)",NA,NA,NA,LC,Orange Leaf-nosed Bat
3004,19591,ANIMALIA,CHORDATA,MAMMALIA,CHIROPTERA,PHYLLOSTOMIDAE,Rhinophylla,Rhinophylla alethina,"Handley, 1966",NA,NA,NA,NT,Hairy Little Fruit Bat
3005,19592,ANIMALIA,CHORDATA,MAMMALIA,CHIROPTERA,PHYLLOSTOMIDAE,Rhinophylla,Rhinophylla fischerae,"Carter, 1966",NA,NA,NA,LC,Fischer's Little Fruit Bat
3006,19593,ANIMALIA,CHORDATA,MAMMALIA,CHIROPTERA,PHYLLOSTOMIDAE,Rhinophylla,Rhinophylla pumilio,"Peters, 1865",NA,NA,NA,LC,Dwarf Little Fruit Bat
3007,19594,ANIMALIA,CHORDATA,MAMMALIA,PRIMATES,CERCOPITHECIDAE,Rhinopithecus,Rhinopithecus avunculus,"(Dollman, 1912)",NA,NA,NA,CR,Tonkin Snub-nosed Monkey
3008,19595,ANIMALIA,CHORDATA,MAMMALIA,PRIMATES,CERCOPITHECIDAE,Rhinopithecus,Rhinopithecus brelichi,"(Thomas, 1903)",NA,NA,NA,CR,Grey Snub-nosed Monkey
3009,19596,ANIMALIA,CHORDATA,MAMMALIA,PRIMATES,CERCOPITHECIDAE,Rhinopithecus,Rhinopithecus roxellana,"(Milne-Edwards, 1870)",NA,NA,NA,EN,Golden Snub-nosed Monkey
3010,19597,ANIMALIA,CHORDATA,MAMMALIA,PRIMATES,CERCOPITHECIDAE,Rhinopithecus,Rhinopithecus bieti,"Milne-Edwards, 1897",NA,NA,NA,EN,Black Snub-nosed Monkey
3011,19600,ANIMALIA,CHORDATA,MAMMALIA,CHIROPTERA,RHINOPOMATIDAE,Rhinopoma,Rhinopoma microphyllum,"(Brünnich, 1792)",NA,NA,NA,LC,Greater Mouse-tailed Bat
3012,19601,ANIMALIA,CHORDATA,MAMMALIA,CHIROPTERA,RHINOPOMATIDAE,Rhinopoma,Rhinopoma macinnesi,"Hayman, 1937",NA,NA,NA,DD,Macinnes's Mouse-tailed Bat
3013,19602,ANIMALIA,CHORDATA,MAMMALIA,CHIROPTERA,RHINOPOMATIDAE,Rhinopoma,Rhinopoma muscatellum,"Thomas, 1903",NA,NA,NA,LC,Small Mouse-tailed Bat
3014,19605,ANIMALIA,CHORDATA,MAMMALIA,RODENTIA,CRICETIDAE,Rhipidomys,Rhipidomys austrinus,"Thomas, 1921",NA,NA,NA,LC,Southern Climbing Mouse
3015,19606,ANIMALIA,CHORDATA,MAMMALIA,RODENTIA,CRICETIDAE,Rhipidomys,Rhipidomys caucensis,"J.A. Allen, 1913",NA,NA,NA,DD,Cauca Climbing Mouse
3016,19607,ANIMALIA,CHORDATA,MAMMALIA,RODENTIA,CRICETIDAE,Rhipidomys,Rhipidomys couesi,"(J.A. Allen &amp; Chapman, 1893)",NA,NA,NA,LC,Coues's Climbing Mouse
3017,19608,ANIMALIA,CHORDATA,MAMMALIA,RODENTIA,CRICETIDAE,Rhipidomys,Rhipidomys fulviventer,"Thomas, 1896",NA,NA,NA,LC,Buff-bellied Climbing Mouse
3018,19609,ANIMALIA,CHORDATA,MAMMALIA,RODENTIA,CRICETIDAE,Rhipidomys,Rhipidomys latimanus,"(Tomes, 1860)",NA,NA,NA,LC,Broad-footed Climbing Mouse
3019,19610,ANIMALIA,CHORDATA,MAMMALIA,RODENTIA,CRICETIDAE,Rhipidomys,Rhipidomys leucodactylus,"(Tschudi, 1844)",NA,NA,NA,LC,White-footed Climbing Mouse
3020,19611,ANIMALIA,CHORDATA,MAMMALIA,RODENTIA,CRICETIDAE,Rhipidomys,Rhipidomys macconnelli,"de Winton, 1900",NA,NA,NA,LC,Macconnell's Climbing Mouse
3021,19612,ANIMALIA,CHORDATA,MAMMALIA,RODENTIA,CRICETIDAE,Rhipidomys,Rhipidomys mastacalis,"(Lund, 1840)",NA,NA,NA,LC,Long-tailed Climbing Mouse
3022,19614,ANIMALIA,CHORDATA,MAMMALIA,RODENTIA,CRICETIDAE,Rhipidomys,Rhipidomys ochrogaster,"J.A. Allen, 1901",NA,NA,NA,DD,Yellow-bellied Climbing Mouse
3023,19616,ANIMALIA,CHORDATA,MAMMALIA,RODENTIA,CRICETIDAE,Rhipidomys,Rhipidomys venezuelae,"Thomas, 1896",NA,NA,NA,LC,Venezuelan Climbing Mouse
3024,19617,ANIMALIA,CHORDATA,MAMMALIA,RODENTIA,CRICETIDAE,Rhipidomys,Rhipidomys venustus,"Thomas, 1900",NA,NA,NA,LC,Charming Climbing Mouse
3025,19618,ANIMALIA,CHORDATA,MAMMALIA,RODENTIA,CRICETIDAE,Rhipidomys,Rhipidomys wetzeli,"Gardner, 1989",NA,NA,NA,LC,Wetzel's Climbing Mouse
3026,19645,ANIMALIA,CHORDATA,MAMMALIA,RODENTIA,SPALACIDAE,Rhizomys,Rhizomys pruinosus,"Blyth, 1851",NA,NA,NA,LC,Hoary Bamboo Rat
3027,19646,ANIMALIA,CHORDATA,MAMMALIA,RODENTIA,SPALACIDAE,Rhizomys,Rhizomys sinensis,"Gray, 1831",NA,NA,NA,LC,Chinese Bamboo Rat
3028,19647,ANIMALIA,CHORDATA,MAMMALIA,RODENTIA,SPALACIDAE,Rhizomys,Rhizomys sumatrensis,"(Raffles, 1821)",NA,NA,NA,LC,Indomalayan Bamboo Rat
3029,19679,ANIMALIA,CHORDATA,MAMMALIA,CHIROPTERA,VESPERTILIONIDAE,Baeodon,Baeodon alleni,"Thomas, 1892",NA,NA,NA,LC,Allen's Yellow Bat
3030,19680,ANIMALIA,CHORDATA,MAMMALIA,CHIROPTERA,VESPERTILIONIDAE,Rhogeessa,Rhogeessa genowaysi,"Baker, 1984",NA,NA,NA,EN,Genoways's Yellow Bat
3031,19681,ANIMALIA,CHORDATA,MAMMALIA,CHIROPTERA,VESPERTILIONIDAE,Baeodon,Baeodon gracilis,"Miller, 1897",NA,NA,NA,LC,Slender Yellow Bat
3032,19682,ANIMALIA,CHORDATA,MAMMALIA,CHIROPTERA,VESPERTILIONIDAE,Rhogeessa,Rhogeessa minutilla,"Miller, 1897",NA,NA,NA,VU,Tiny Yellow Bat
3033,19683,ANIMALIA,CHORDATA,MAMMALIA,CHIROPTERA,VESPERTILIONIDAE,Rhogeessa,Rhogeessa mira,"LaVal, 1973",NA,NA,NA,VU,Least Yellow Bat
3034,19684,ANIMALIA,CHORDATA,MAMMALIA,CHIROPTERA,VESPERTILIONIDAE,Rhogeessa,Rhogeessa parvula,"H. Allen, 1866",NA,NA,NA,LC,Little Yellow Bat
3035,19685,ANIMALIA,CHORDATA,MAMMALIA,CHIROPTERA,VESPERTILIONIDAE,Rhogeessa,Rhogeessa tumida,"H. Allen, 1866",NA,NA,NA,LC,Black-winged Little Yellow Bat
3036,19686,ANIMALIA,CHORDATA,MAMMALIA,RODENTIA,MURIDAE,Rhombomys,Rhombomys opimus,"(Lichtenstein, 1823)",NA,NA,NA,LC,Great Gerbil
3037,19705,ANIMALIA,CHORDATA,MAMMALIA,MACROSCELIDEA,MACROSCELIDIDAE,Rhynchocyon,Rhynchocyon chrysopygus,"Günther, 1881",NA,NA,NA,EN,Golden-rumped Sengi
3038,19708,ANIMALIA,CHORDATA,MAMMALIA,MACROSCELIDEA,MACROSCELIDIDAE,Rhynchocyon,Rhynchocyon petersi,"Bocage, 1880",NA,NA,NA,LC,Black and Rufous Sengi
3039,19709,ANIMALIA,CHORDATA,MAMMALIA,MACROSCELIDEA,MACROSCELIDIDAE,Rhynchocyon,Rhynchocyon cirnei,"Peters, 1847",NA,NA,NA,LC,Chequered Sengi
3040,19710,ANIMALIA,CHORDATA,MAMMALIA,PAUCITUBERCULATA,CAENOLESTIDAE,Rhyncholestes,Rhyncholestes raphanurus,"Osgood, 1924",NA,NA,NA,NT,Long-nosed Caenolestid
3041,19711,ANIMALIA,CHORDATA,MAMMALIA,PERAMELEMORPHIA,PERAMELIDAE,Rhynchomeles,Rhynchomeles prattorum,"Thomas, 1920",NA,NA,NA,EN,Seram Bandicoot
3042,19712,ANIMALIA,CHORDATA,MAMMALIA,RODENTIA,MURIDAE,Rhynchomys,Rhynchomys isarogensis,"Musser &amp; Freeman, 1981",NA,NA,NA,VU,Isarog Rhynchomys
3043,19713,ANIMALIA,CHORDATA,MAMMALIA,RODENTIA,MURIDAE,Rhynchomys,Rhynchomys soricoides,"Thomas, 1895",NA,NA,NA,NT,Northern Luzon Rhynchomys
3044,19714,ANIMALIA,CHORDATA,MAMMALIA,CHIROPTERA,EMBALLONURIDAE,Rhynchonycteris,Rhynchonycteris naso,"(Wied-Neuwied, 1820)",NA,NA,NA,LC,Proboscis Bat
3045,19742,ANIMALIA,CHORDATA,MAMMALIA,LAGOMORPHA,LEPORIDAE,Romerolagus,Romerolagus diazi,"(Ferrari-Pérez, 1893)",NA,NA,NA,EN,Volcano Rabbit
3046,19749,ANIMALIA,CHORDATA,MAMMALIA,CHIROPTERA,PTEROPODIDAE,Boneia,Boneia bidens,"Jentink, 1879",NA,NA,NA,VU,Manado Rousette
3047,19750,ANIMALIA,CHORDATA,MAMMALIA,CHIROPTERA,PTEROPODIDAE,Rousettus,Rousettus madagascariensis,"G. Grandidier, 1928",NA,NA,NA,VU,Madagascan Rousette
3048,19751,ANIMALIA,CHORDATA,MAMMALIA,CHIROPTERA,PTEROPODIDAE,Rousettus,Rousettus spinalatus,"Bergmans &amp; Hill, 1980",NA,NA,NA,VU,Bare-backed Rousette
3049,19754,ANIMALIA,CHORDATA,MAMMALIA,CHIROPTERA,PTEROPODIDAE,Rousettus,Rousettus amplexicaudatus,"(É. Geoffroy Saint-Hilaire, 1810)",NA,NA,NA,LC,Geoffroy's Rousette
3050,19755,ANIMALIA,CHORDATA,MAMMALIA,CHIROPTERA,PTEROPODIDAE,Pilonycteris,Pilonycteris celebensis,"(K. Andersen, 1907)",NA,NA,NA,LC,Sulawesi Rousette
3051,19756,ANIMALIA,CHORDATA,MAMMALIA,CHIROPTERA,PTEROPODIDAE,Rousettus,Rousettus leschenaultii,"(Desmarest, 1820)",NA,NA,NA,NT,Leschenault’s Rousette
3052,19757,ANIMALIA,CHORDATA,MAMMALIA,CHIROPTERA,PTEROPODIDAE,Rousettus,Rousettus obliviosus,"Kock, 1978",NA,NA,NA,VU,Comoros Rousette
3053,19758,ANIMALIA,CHORDATA,MAMMALIA,CHIROPTERA,PTEROPODIDAE,Stenonycteris,Stenonycteris lanosus,"(Thomas, 1906)",NA,NA,NA,LC,Long-haired Rousette
3054,19762,ANIMALIA,CHORDATA,MAMMALIA,RODENTIA,SCIURIDAE,Rubrisciurus,Rubrisciurus rubriventer,"(Müller &amp; Schlegel, 1844)",NA,NA,NA,LC,Sulawesi Giant Squirrel
3055,19771,ANIMALIA,CHORDATA,MAMMALIA,ARTIODACTYLA,BOVIDAE,Rupicapra,Rupicapra pyrenaica,"Bonaparte, 1845",NA,NA,NA,LC,Southern Chamois
3056,19790,ANIMALIA,CHORDATA,MAMMALIA,EULIPOTYPHLA,SORICIDAE,Ruwenzorisorex,Ruwenzorisorex suncoides,"(Osgood, 1936)",NA,NA,NA,VU,Ruwenzori Shrew
3057,19799,ANIMALIA,CHORDATA,MAMMALIA,CHIROPTERA,EMBALLONURIDAE,Saccolaimus,Saccolaimus flaviventris,"(Peters, 1867)",NA,NA,NA,LC,Yellow-bellied Sheath-tailed Bat
3058,19800,ANIMALIA,CHORDATA,MAMMALIA,CHIROPTERA,EMBALLONURIDAE,Saccolaimus,Saccolaimus mixtus,"Troughton, 1925",NA,NA,NA,NT,Papuan Sheath-tailed Bat
3059,19801,ANIMALIA,CHORDATA,MAMMALIA,CHIROPTERA,EMBALLONURIDAE,Saccolaimus,Saccolaimus peli,"(Temminck, 1853)",NA,NA,NA,LC,Pel's Pouched Bat
3060,19802,ANIMALIA,CHORDATA,MAMMALIA,CHIROPTERA,EMBALLONURIDAE,Saccolaimus,Saccolaimus saccolaimus,"(Temminck, 1838)",NA,NA,NA,LC,Bare-rumped Sheathtail-bat
3061,19804,ANIMALIA,CHORDATA,MAMMALIA,CHIROPTERA,EMBALLONURIDAE,Saccopteryx,Saccopteryx bilineata,"(Temminck, 1838)",NA,NA,NA,LC,Greater Sac-winged Bat
3062,19805,ANIMALIA,CHORDATA,MAMMALIA,CHIROPTERA,EMBALLONURIDAE,Saccopteryx,Saccopteryx canescens,"Thomas, 1901",NA,NA,NA,LC,Frosted Sac-winged Bat
3063,19806,ANIMALIA,CHORDATA,MAMMALIA,CHIROPTERA,EMBALLONURIDAE,Saccopteryx,Saccopteryx gymnura,"Thomas, 1901",NA,NA,NA,DD,Amazonian Sac-winged Bat
3064,19807,ANIMALIA,CHORDATA,MAMMALIA,CHIROPTERA,EMBALLONURIDAE,Saccopteryx,Saccopteryx leptura,"(Schreber, 1774)",NA,NA,NA,LC,Lesser Sac-winged Bat
3065,19808,ANIMALIA,CHORDATA,MAMMALIA,RODENTIA,NESOMYIDAE,Saccostomus,Saccostomus campestris,"Peters, 1846",NA,NA,NA,LC,Southern African Pouched Mouse
3066,19809,ANIMALIA,CHORDATA,MAMMALIA,RODENTIA,NESOMYIDAE,Saccostomus,Saccostomus mearnsi,"Heller, 1910",NA,NA,NA,LC,East African Pouched Mouse
3067,19819,ANIMALIA,CHORDATA,MAMMALIA,PRIMATES,CALLITRICHIDAE,Saguinus,Saguinus leucopus,"(Günther, 1877)",NA,NA,NA,VU,Silvery-brown Tamarin
3068,19823,ANIMALIA,CHORDATA,MAMMALIA,PRIMATES,CALLITRICHIDAE,Saguinus,Saguinus oedipus,"(Linnaeus, 1758)",NA,NA,NA,CR,Cotton-headed Tamarin
3069,19824,ANIMALIA,CHORDATA,MAMMALIA,PRIMATES,CALLITRICHIDAE,Leontocebus,Leontocebus tripartitus,"(Milne-Edwards, 1878)",NA,NA,NA,NT,Golden-mantle Saddleback Tamarin
3070,19826,ANIMALIA,CHORDATA,MAMMALIA,PRIMATES,CALLITRICHIDAE,Leontocebus,Leontocebus leucogenys,"(Gray, 1866)",NA,NA,NA,LC,Andean Saddle-back Tamarin
3071,19829,ANIMALIA,CHORDATA,MAMMALIA,PRIMATES,CALLITRICHIDAE,Leontocebus,Leontocebus cruzlimai,"Hershkovitz, 1966",NA,NA,NA,LC,Cruz Lima’s Saddle-back Tamarin
3072,19832,ANIMALIA,CHORDATA,MAMMALIA,ARTIODACTYLA,BOVIDAE,Saiga,Saiga tatarica,"(Linnaeus, 1766)",NA,NA,NA,NT,Saiga
3073,19836,ANIMALIA,CHORDATA,MAMMALIA,PRIMATES,CEBIDAE,Saimiri,Saimiri oerstedii,"(Reinhardt, 1872)",NA,NA,NA,EN,Black-crowned Central American Squirrel Monkey
3074,19839,ANIMALIA,CHORDATA,MAMMALIA,PRIMATES,CEBIDAE,Saimiri,Saimiri vanzolinii,"Ayres, 1985",NA,NA,NA,EN,Black Squirrel Monkey
3075,19852,ANIMALIA,CHORDATA,MAMMALIA,CARNIVORA,EUPLERIDAE,Salanoia,Salanoia concolor,"(I. Geoffroy Saint-Hilaire, 1837)",NA,NA,NA,VU,Brown-tailed Vontsira
3076,19863,ANIMALIA,CHORDATA,MAMMALIA,RODENTIA,DIPODIDAE,Salpingotus,Salpingotus crassicauda,"Vinogradov, 1924",NA,NA,NA,LC,Thick-tailed Pygmy Jerboa
3077,19864,ANIMALIA,CHORDATA,MAMMALIA,RODENTIA,DIPODIDAE,Salpingotus,Salpingotus heptneri,"Vorontsov &amp; Smirnov, 1969",NA,NA,NA,DD,Heptner's Pygmy Jerboa
3078,19865,ANIMALIA,CHORDATA,MAMMALIA,RODENTIA,DIPODIDAE,Salpingotus,Salpingotus kozlovi,"Vinogradov, 1922",NA,NA,NA,LC,Kozlov's Pygmy Jerboa
3079,19866,ANIMALIA,CHORDATA,MAMMALIA,RODENTIA,DIPODIDAE,Salpingotulus,Salpingotulus michaelis,"(Fitzgibbon, 1966)",NA,NA,NA,DD,Baluchistan Pygmy Jerboa
3080,19867,ANIMALIA,CHORDATA,MAMMALIA,RODENTIA,DIPODIDAE,Salpingotus,Salpingotus pallidus,"Vorontsov &amp; Shenbrot, 1984",NA,NA,NA,DD,Pallid Pygmy Jerboa
3081,19945,ANIMALIA,CHORDATA,MAMMALIA,RODENTIA,CRICETIDAE,Scapteromys,Scapteromys tumidus,"(Waterhouse, 1837)",NA,NA,NA,LC,Swamp Rat
3082,19997,ANIMALIA,CHORDATA,MAMMALIA,RODENTIA,SCIURIDAE,Sciurillus,Sciurillus pusillus,"(É. Geoffroy, 1803)",NA,NA,NA,LC,Neotropical Pygmy Squirrel
3083,19998,ANIMALIA,CHORDATA,MAMMALIA,RODENTIA,SCIURIDAE,Sciurotamias,Sciurotamias davidianus,"(Milne-Edwards, 1867)",NA,NA,NA,LC,Pére David's Rock Squirrel
3084,19999,ANIMALIA,CHORDATA,MAMMALIA,RODENTIA,SCIURIDAE,Sciurotamias,Sciurotamias forresti,"(Thomas, 1922)",NA,NA,NA,LC,Forrest's Rock Squirrel
3085,20000,ANIMALIA,CHORDATA,MAMMALIA,RODENTIA,SCIURIDAE,Sciurus,Sciurus anomalus,"Gmelin, 1778",NA,NA,NA,LC,Caucasian Squirrel
3086,20001,ANIMALIA,CHORDATA,MAMMALIA,RODENTIA,SCIURIDAE,Sciurus,Sciurus deppei,"Peters, 1863",NA,NA,NA,LC,Deppe's Squirrel
3087,20003,ANIMALIA,CHORDATA,MAMMALIA,RODENTIA,SCIURIDAE,Sciurus,Sciurus aestuans,"Linnaeus, 1766",NA,NA,NA,LC,Guianan Squirrel
3088,20004,ANIMALIA,CHORDATA,MAMMALIA,RODENTIA,SCIURIDAE,Sciurus,Sciurus alleni,"Nelson, 1898",NA,NA,NA,LC,Allen's Squirrel
3089,20005,ANIMALIA,CHORDATA,MAMMALIA,RODENTIA,SCIURIDAE,Sciurus,Sciurus arizonensis,"Coues, 1867",NA,NA,NA,DD,Arizona Gray Squirrel
3090,20006,ANIMALIA,CHORDATA,MAMMALIA,RODENTIA,SCIURIDAE,Sciurus,Sciurus aureogaster,"F. Cuvier, 1829",NA,NA,NA,LC,Mexican Gray Squirrel
3091,20007,ANIMALIA,CHORDATA,MAMMALIA,RODENTIA,SCIURIDAE,Sciurus,Sciurus colliaei,"Richardson, 1839",NA,NA,NA,LC,Collie's Squirrel
3092,20008,ANIMALIA,CHORDATA,MAMMALIA,RODENTIA,SCIURIDAE,Sciurus,Sciurus flammifer,"Thomas, 1904",NA,NA,NA,DD,Fiery Squirrel
3093,20009,ANIMALIA,CHORDATA,MAMMALIA,RODENTIA,SCIURIDAE,Sciurus,Sciurus gilvigularis,"Wagner, 1842",NA,NA,NA,DD,Yellow-throated Squirrel
3094,20010,ANIMALIA,CHORDATA,MAMMALIA,RODENTIA,SCIURIDAE,Sciurus,Sciurus granatensis,"Humboldt, 1811",NA,NA,NA,LC,Red-tailed Squirrel
3095,20011,ANIMALIA,CHORDATA,MAMMALIA,RODENTIA,SCIURIDAE,Sciurus,Sciurus griseus,"Ord, 1818",NA,NA,NA,LC,Western Gray Squirrel
3096,20012,ANIMALIA,CHORDATA,MAMMALIA,RODENTIA,SCIURIDAE,Sciurus,Sciurus ignitus,"(Gray, 1867)",NA,NA,NA,LC,Bolivian Squirrel
3097,20013,ANIMALIA,CHORDATA,MAMMALIA,RODENTIA,SCIURIDAE,Sciurus,Sciurus igniventris,"Wagner, 1842",NA,NA,NA,LC,Northern Amazon Red Squirrel
3098,20014,ANIMALIA,CHORDATA,MAMMALIA,RODENTIA,SCIURIDAE,Sciurus,Sciurus lis,"Temminck, 1844",NA,NA,NA,LC,Japanese Squirrel
3099,20015,ANIMALIA,CHORDATA,MAMMALIA,RODENTIA,SCIURIDAE,Sciurus,Sciurus nayaritensis,"J.A. Allen, 1890",NA,NA,NA,LC,Mexican Fox Squirrel
3100,20016,ANIMALIA,CHORDATA,MAMMALIA,RODENTIA,SCIURIDAE,Sciurus,Sciurus niger,"Linnaeus, 1758",NA,NA,NA,LC,Bryant's Fox Squirrel
3101,20017,ANIMALIA,CHORDATA,MAMMALIA,RODENTIA,SCIURIDAE,Sciurus,Sciurus oculatus,"Peters, 1863",NA,NA,NA,LC,Peters's Squirrel
3102,20018,ANIMALIA,CHORDATA,MAMMALIA,RODENTIA,SCIURIDAE,Sciurus,Sciurus pucheranii,"(Fitzinger, 1867)",NA,NA,NA,DD,Andean Squirrel
3103,20019,ANIMALIA,CHORDATA,MAMMALIA,RODENTIA,SCIURIDAE,Sciurus,Sciurus pyrrhinus,"Thomas, 1898",NA,NA,NA,DD,Junín Red Squirrel
3104,20020,ANIMALIA,CHORDATA,MAMMALIA,RODENTIA,SCIURIDAE,Sciurus,Sciurus richmondi,"Nelson, 1898",NA,NA,NA,NT,Richmond's Squirrel
3105,20021,ANIMALIA,CHORDATA,MAMMALIA,RODENTIA,SCIURIDAE,Sciurus,Sciurus sanborni,"Osgood, 1944",NA,NA,NA,DD,Sanborn's Squirrel
3106,20022,ANIMALIA,CHORDATA,MAMMALIA,RODENTIA,SCIURIDAE,Sciurus,Sciurus spadiceus,"Olfers, 1818",NA,NA,NA,LC,Southern Amazon Red Squirrel
3107,20023,ANIMALIA,CHORDATA,MAMMALIA,RODENTIA,SCIURIDAE,Sciurus,Sciurus stramineus,"Eydoux &amp; Souleyet, 1841",NA,NA,NA,LC,Guayaquil Squirrel
3108,20024,ANIMALIA,CHORDATA,MAMMALIA,RODENTIA,SCIURIDAE,Sciurus,Sciurus variegatoides,"Ogilby, 1839",NA,NA,NA,LC,Variegated Squirrel
3109,20026,ANIMALIA,CHORDATA,MAMMALIA,RODENTIA,SCIURIDAE,Sciurus,Sciurus yucatanensis,"J.A. Allen, 1877",NA,NA,NA,LC,Yucatan Squirrel
3110,20033,ANIMALIA,CHORDATA,MAMMALIA,CHIROPTERA,PHYLLOSTOMIDAE,Scleronycteris,Scleronycteris ega,"Thomas, 1912",NA,NA,NA,DD,Ega Long-tongued Bat
3111,20036,ANIMALIA,CHORDATA,MAMMALIA,RODENTIA,CRICETIDAE,Scolomys,Scolomys melanops,"Anthony, 1924",NA,NA,NA,LC,South American Spiny Mouse
3112,20037,ANIMALIA,CHORDATA,MAMMALIA,RODENTIA,CRICETIDAE,Scolomys,Scolomys ucayalensis,"Pacheco, 1991",NA,NA,NA,LC,Ucayali Spiny Mouse
3113,20052,ANIMALIA,CHORDATA,MAMMALIA,RODENTIA,CRICETIDAE,Scotinomys,Scotinomys teguina,"Alston, 1877",NA,NA,NA,LC,Short-tailed Singing Mouse
3114,20053,ANIMALIA,CHORDATA,MAMMALIA,RODENTIA,CRICETIDAE,Scotinomys,Scotinomys xerampelinus,"Bangs, 1902",NA,NA,NA,LC,Long-tailed Singing Mouse
3115,20054,ANIMALIA,CHORDATA,MAMMALIA,CHIROPTERA,VESPERTILIONIDAE,Scotoecus,Scotoecus albofuscus,"(Thomas, 1890)",NA,NA,NA,DD,Light-winged Lesser House Bat
3116,20055,ANIMALIA,CHORDATA,MAMMALIA,CHIROPTERA,VESPERTILIONIDAE,Scotoecus,Scotoecus hirundo,"de Winton, 1899",NA,NA,NA,LC,Dark-winged Lesser House Bat
3117,20056,ANIMALIA,CHORDATA,MAMMALIA,CHIROPTERA,VESPERTILIONIDAE,Scotoecus,Scotoecus pallidus,"(Dobson, 1876)",NA,NA,NA,LC,Desert Yellow Lesser House Bat
3118,20058,ANIMALIA,CHORDATA,MAMMALIA,CHIROPTERA,VESPERTILIONIDAE,Scotomanes,Scotomanes ornatus,"(Blyth, 1851)",NA,NA,NA,LC,Harlequin Bat
3119,20064,ANIMALIA,CHORDATA,MAMMALIA,CHIROPTERA,VESPERTILIONIDAE,Scotophilus,Scotophilus borbonicus,"(É. Geoffroy, 1803)",NA,NA,NA,DD,Lesser Yellow Bat
3120,20065,ANIMALIA,CHORDATA,MAMMALIA,CHIROPTERA,VESPERTILIONIDAE,Scotophilus,Scotophilus celebensis,"Sody, 1928",NA,NA,NA,DD,Sulawesi Yellow House Bat
3121,20066,ANIMALIA,CHORDATA,MAMMALIA,CHIROPTERA,VESPERTILIONIDAE,Scotophilus,Scotophilus dinganii,"(A. Smith, 1833)",NA,NA,NA,LC,Yellow-bellied House Bat
3122,20067,ANIMALIA,CHORDATA,MAMMALIA,CHIROPTERA,VESPERTILIONIDAE,Scotophilus,Scotophilus heathii,"(Horsfield, 1831)",NA,NA,NA,LC,Greater Asiatic Yellow House Bat
3123,20068,ANIMALIA,CHORDATA,MAMMALIA,CHIROPTERA,VESPERTILIONIDAE,Scotophilus,Scotophilus kuhlii,"Leach, 1821",NA,NA,NA,LC,Lesser Asiatic Yellow House Bat
3124,20069,ANIMALIA,CHORDATA,MAMMALIA,CHIROPTERA,VESPERTILIONIDAE,Scotophilus,Scotophilus leucogaster,"(Cretzschmar, 1826)",NA,NA,NA,LC,White-bellied Yellow Bat
3125,20070,ANIMALIA,CHORDATA,MAMMALIA,CHIROPTERA,VESPERTILIONIDAE,Scotophilus,Scotophilus nigrita,"(Schreber, 1774)",NA,NA,NA,LC,Giant House Bat
3126,20071,ANIMALIA,CHORDATA,MAMMALIA,CHIROPTERA,VESPERTILIONIDAE,Scotophilus,Scotophilus nux,"Thomas, 1904",NA,NA,NA,LC,Nut-colored Yellow Bat
3127,20072,ANIMALIA,CHORDATA,MAMMALIA,CHIROPTERA,VESPERTILIONIDAE,Scotophilus,Scotophilus robustus,"Milne-Edwards, 1881",NA,NA,NA,LC,Robust Yellow Bat
3128,20073,ANIMALIA,CHORDATA,MAMMALIA,CHIROPTERA,VESPERTILIONIDAE,Scotophilus,Scotophilus viridis,"(Peters, 1852)",NA,NA,NA,LC,Lesser Yellow House Bat
3129,20089,ANIMALIA,CHORDATA,MAMMALIA,RODENTIA,MURIDAE,Sekeetamys,Sekeetamys calurus,"(Thomas, 1892)",NA,NA,NA,LC,Bushy-tailed Jird
3130,20102,ANIMALIA,CHORDATA,MAMMALIA,RODENTIA,GLIRIDAE,Selevinia,Selevinia betpakdalaensis,"Belosludov &amp; Bazhanov, 1939",NA,NA,NA,DD,Desert Dormouse
3131,20165,ANIMALIA,CHORDATA,MAMMALIA,DIPROTODONTIA,MACROPODIDAE,Setonix,Setonix brachyurus,"(Quoy &amp; Gaimard, 1830)",NA,NA,NA,VU,Quokka
3132,20184,ANIMALIA,CHORDATA,MAMMALIA,RODENTIA,SMINTHIDAE,Sicista,Sicista betulina,"(Pallas, 1779)",NA,NA,NA,LC,Northern Birch Mouse
3133,20185,ANIMALIA,CHORDATA,MAMMALIA,RODENTIA,SMINTHIDAE,Sicista,Sicista armenica,"Sokolov &amp; Baskevich, 1988",NA,NA,NA,CR,Armenian Birch Mouse
3134,20186,ANIMALIA,CHORDATA,MAMMALIA,RODENTIA,SMINTHIDAE,Sicista,Sicista caucasica,"Vinogradov, 1925",NA,NA,NA,NT,Caucasian Birch Mouse
3135,20187,ANIMALIA,CHORDATA,MAMMALIA,RODENTIA,SMINTHIDAE,Sicista,Sicista caudata,"O. Thomas, 1907",NA,NA,NA,DD,Long-tailed Birch Mouse
3136,20188,ANIMALIA,CHORDATA,MAMMALIA,RODENTIA,SMINTHIDAE,Sicista,Sicista concolor,"(Büchner, 1892)",NA,NA,NA,LC,Chinese Birch Mouse
3137,20189,ANIMALIA,CHORDATA,MAMMALIA,RODENTIA,SMINTHIDAE,Sicista,Sicista kazbegica,"Sokolov, Baskevich &amp; Kovalskaya, 1986",NA,NA,NA,EN,Kazbeg Birch Mouse
3138,20190,ANIMALIA,CHORDATA,MAMMALIA,RODENTIA,SMINTHIDAE,Sicista,Sicista napaea,"Hollister, 1912",NA,NA,NA,LC,Altai Birch Mouse
3139,20191,ANIMALIA,CHORDATA,MAMMALIA,RODENTIA,SMINTHIDAE,Sicista,Sicista pseudonapaea,"Strautman, 1949",NA,NA,NA,DD,Grey Birch Mouse
3140,20192,ANIMALIA,CHORDATA,MAMMALIA,RODENTIA,SMINTHIDAE,Sicista,Sicista severtzovi,"Ognev, 1935",NA,NA,NA,LC,Severtzov's Birch Mouse
3141,20193,ANIMALIA,CHORDATA,MAMMALIA,RODENTIA,SMINTHIDAE,Sicista,Sicista strandi,"Formozov, 1931",NA,NA,NA,LC,Strand's Birch Mouse
3142,20195,ANIMALIA,CHORDATA,MAMMALIA,RODENTIA,SMINTHIDAE,Sicista,Sicista tianshanica,"(Salensky, 1903)",NA,NA,NA,LC,Tien Shan Birch Mouse
3143,20196,ANIMALIA,CHORDATA,MAMMALIA,RODENTIA,SMINTHIDAE,Sicista,Sicista kluchorica,"Sokolov, Kovalskaya &amp; Baskevich, 1980",NA,NA,NA,LC,Kluchor Birch Mouse
3144,20210,ANIMALIA,CHORDATA,MAMMALIA,RODENTIA,CRICETIDAE,Sigmodon,Sigmodon alstoni,"(Thomas, 1881)",NA,NA,NA,LC,Alston's Cotton Rat
3145,20211,ANIMALIA,CHORDATA,MAMMALIA,RODENTIA,CRICETIDAE,Sigmodon,Sigmodon arizonae,"Mearns, 1890",NA,NA,NA,LC,Arizona Cotton Rat
3146,20212,ANIMALIA,CHORDATA,MAMMALIA,RODENTIA,CRICETIDAE,Sigmodon,Sigmodon fulviventer,"J.A. Allen, 1889",NA,NA,NA,LC,Tawny-bellied Cotton Rat
3147,20213,ANIMALIA,CHORDATA,MAMMALIA,RODENTIA,CRICETIDAE,Sigmodon,Sigmodon hispidus,"Say &amp; Ord, 1825",NA,NA,NA,LC,Hispid Cotton Rat
3148,20214,ANIMALIA,CHORDATA,MAMMALIA,RODENTIA,CRICETIDAE,Sigmodon,Sigmodon inopinatus,"Anthony, 1924",NA,NA,NA,VU,Unexpected Cotton Rat
3149,20215,ANIMALIA,CHORDATA,MAMMALIA,RODENTIA,CRICETIDAE,Sigmodon,Sigmodon leucotis,"Bailey, 1902",NA,NA,NA,LC,White-eared Cotton Rat
3150,20216,ANIMALIA,CHORDATA,MAMMALIA,RODENTIA,CRICETIDAE,Sigmodon,Sigmodon mascotensis,"J.A. Allen, 1897",NA,NA,NA,LC,West Mexican Cotton Rat
3151,20217,ANIMALIA,CHORDATA,MAMMALIA,RODENTIA,CRICETIDAE,Sigmodon,Sigmodon ochrognathus,"Bailey, 1902",NA,NA,NA,LC,Yellow-nosed Cotton Rat
3152,20218,ANIMALIA,CHORDATA,MAMMALIA,RODENTIA,CRICETIDAE,Sigmodon,Sigmodon peruanus,"J.A. Allen, 1897",NA,NA,NA,LC,Peruvian Cotton Rat
3153,20221,ANIMALIA,CHORDATA,MAMMALIA,RODENTIA,CRICETIDAE,Sigmodontomys,Sigmodontomys alfari,"J.A. Allen, 1897",NA,NA,NA,LC,Short-tailed Sigmodontomys
3154,20222,ANIMALIA,CHORDATA,MAMMALIA,RODENTIA,CRICETIDAE,Tanyuromys,Tanyuromys aphrastus,"Harris, 1932",NA,NA,NA,DD,Harris's Rice Water Rat
3155,20229,ANIMALIA,CHORDATA,MAMMALIA,PRIMATES,CERCOPITHECIDAE,Simias,Simias concolor,"Miller, 1903",NA,NA,NA,CR,Pig-tailed Snub-nosed Langur
3156,20290,ANIMALIA,CHORDATA,MAMMALIA,DASYUROMORPHIA,DASYURIDAE,Sminthopsis,Sminthopsis douglasi,"Archer, 1979",NA,NA,NA,NT,Julia Creek Dunnart
3157,20293,ANIMALIA,CHORDATA,MAMMALIA,DASYUROMORPHIA,DASYURIDAE,Sminthopsis,Sminthopsis psammophila,"Spencer, 1895",NA,NA,NA,VU,Sandhill Dunnart
3158,20295,ANIMALIA,CHORDATA,MAMMALIA,DASYUROMORPHIA,DASYURIDAE,Sminthopsis,Sminthopsis butleri,"Archer, 1979",NA,NA,NA,VU,Butler's Dunnart
3159,20296,ANIMALIA,CHORDATA,MAMMALIA,DASYUROMORPHIA,DASYURIDAE,Sminthopsis,Sminthopsis archeri,"Van Dyck, 1986",NA,NA,NA,DD,Chestnut Dunnart
3160,20297,ANIMALIA,CHORDATA,MAMMALIA,DASYUROMORPHIA,DASYURIDAE,Sminthopsis,Sminthopsis leucopus,"(Gray, 1842)",NA,NA,NA,LC,White-footed Dunnart
3161,20320,ANIMALIA,CHORDATA,MAMMALIA,EULIPOTYPHLA,SOLENODONTIDAE,Atopogale,Atopogale cubana,"(Peters, 1861)",NA,NA,NA,EN,Cuban Solenodon
3162,20321,ANIMALIA,CHORDATA,MAMMALIA,EULIPOTYPHLA,SOLENODONTIDAE,Solenodon,Solenodon paradoxus,"Brandt, 1833",NA,NA,NA,LC,Hispaniolan Solenodon
3163,20322,ANIMALIA,CHORDATA,MAMMALIA,EULIPOTYPHLA,SOLENODONTIDAE,Solenodon,Solenodon marcanoi,"(Patterson, 1962)",NA,NA,NA,EX,Marcano's Solenodon
3164,20332,ANIMALIA,CHORDATA,MAMMALIA,EULIPOTYPHLA,SORICIDAE,Solisorex,Solisorex pearsoni,"Thomas, 1924",NA,NA,NA,EN,Pearson's Long-clawed Shrew
3165,20333,ANIMALIA,CHORDATA,MAMMALIA,RODENTIA,MURIDAE,Solomys,Solomys ponceleti,"(Troughton, 1935)",NA,NA,NA,CR,Poncelet's Giant Rat
3166,20334,ANIMALIA,CHORDATA,MAMMALIA,RODENTIA,MURIDAE,Solomys,Solomys salamonis,"(Ramsay, 1883)",NA,NA,NA,DD,Florida Giant Rat
3167,20335,ANIMALIA,CHORDATA,MAMMALIA,RODENTIA,MURIDAE,Solomys,Solomys salebrosus,"Troughton, 1936",NA,NA,NA,VU,Bougainville Giant Rat
3168,20336,ANIMALIA,CHORDATA,MAMMALIA,RODENTIA,MURIDAE,Solomys,Solomys sapientis,"(Thomas, 1902)",NA,NA,NA,EN,Isabel Giant Rat
3169,20383,ANIMALIA,CHORDATA,MAMMALIA,EULIPOTYPHLA,SORICIDAE,Sorex,Sorex cansulus,"Thomas, 1912",NA,NA,NA,DD,Gansu Shrew
3170,20384,ANIMALIA,CHORDATA,MAMMALIA,EULIPOTYPHLA,SORICIDAE,Sorex,Sorex cylindricauda,"Milne-Edwards, 1872",NA,NA,NA,LC,Stripe-backed Shrew
3171,20385,ANIMALIA,CHORDATA,MAMMALIA,EULIPOTYPHLA,SORICIDAE,Sorex,Sorex excelsus,"G.M. Allen, 1923",NA,NA,NA,LC,Highland Shrew
3172,20386,ANIMALIA,CHORDATA,MAMMALIA,EULIPOTYPHLA,SORICIDAE,Sorex,Sorex hosonoi,"Imaizumi, 1954",NA,NA,NA,LC,Azumi Shrew
3173,20387,ANIMALIA,CHORDATA,MAMMALIA,EULIPOTYPHLA,SORICIDAE,Sorex,Sorex kozlovi,"Stroganov, 1952",NA,NA,NA,DD,Kozlov's Shrew
3174,20388,ANIMALIA,CHORDATA,MAMMALIA,EULIPOTYPHLA,SORICIDAE,Sorex,Sorex leucogaster,"Kuroda, 1933",NA,NA,NA,DD,Paramushir Shrew
3175,20389,ANIMALIA,CHORDATA,MAMMALIA,EULIPOTYPHLA,SORICIDAE,Sorex,Sorex sinalis,"Thomas, 1912",NA,NA,NA,DD,Chinese Shrew
3176,20390,ANIMALIA,CHORDATA,MAMMALIA,EULIPOTYPHLA,SORICIDAE,Sorex,Sorex jacksoni,"Hall &amp; Gilmore, 1932",NA,NA,NA,LC,Saint Lawrence Island Shrew
3177,20391,ANIMALIA,CHORDATA,MAMMALIA,EULIPOTYPHLA,SORICIDAE,Sorex,Sorex pribilofensis,"Merriam, 1895",NA,NA,NA,EN,Pribilof Island Shrew
3178,20392,ANIMALIA,CHORDATA,MAMMALIA,EULIPOTYPHLA,SORICIDAE,Sorex,Sorex macrodon,"Merriam, 1895",NA,NA,NA,VU,Large-toothed Shrew
3179,20393,ANIMALIA,CHORDATA,MAMMALIA,EULIPOTYPHLA,SORICIDAE,Sorex,Sorex oreopolus,"Merriam, 1892",NA,NA,NA,LC,Mexican Long-tailed Shrew
3180,20394,ANIMALIA,CHORDATA,MAMMALIA,EULIPOTYPHLA,SORICIDAE,Sorex,Sorex sclateri,"Merriam, 1897",NA,NA,NA,CR,Sclater's Shrew
3181,20395,ANIMALIA,CHORDATA,MAMMALIA,EULIPOTYPHLA,SORICIDAE,Sorex,Sorex stizodon,"Merriam, 1895",NA,NA,NA,CR,San Cristobal Shrew
3182,20396,ANIMALIA,CHORDATA,MAMMALIA,EULIPOTYPHLA,SORICIDAE,Sorex,Sorex arizonae,"Diersing &amp; Hoffmeister, 1977",NA,NA,NA,LC,Arizona Shrew
3183,20397,ANIMALIA,CHORDATA,MAMMALIA,EULIPOTYPHLA,SORICIDAE,Sorex,Sorex milleri,"Jackson, 1947",NA,NA,NA,VU,Carmen Mountain Shrew
3184,20411,ANIMALIA,CHORDATA,MAMMALIA,EULIPOTYPHLA,SORICIDAE,Sorex,Sorex samniticus,"Altobello, 1926",NA,NA,NA,LC,Appenine Shrew
3185,20416,ANIMALIA,CHORDATA,MAMMALIA,EULIPOTYPHLA,SORICIDAE,Chodsigoa,Chodsigoa salenskii,"(Kastschenko, 1907)",NA,NA,NA,DD,Salenski's Shrew
3186,20425,ANIMALIA,CHORDATA,MAMMALIA,ARTIODACTYLA,DELPHINIDAE,Sousa,Sousa teuszii,"(Kükenthal, 1892)",NA,NA,NA,CR,Atlantic Humpback Dolphin
3187,20427,ANIMALIA,CHORDATA,MAMMALIA,RODENTIA,OCTODONTIDAE,Spalacopus,Spalacopus cyanus,"(Molina, 1782)",NA,NA,NA,LC,Coruro
3188,20428,ANIMALIA,CHORDATA,MAMMALIA,RODENTIA,SPALACIDAE,Spalax,Spalax arenarius,"Reshetnik, 1939",NA,NA,NA,EN,Sandy Mole-rat
3189,20429,ANIMALIA,CHORDATA,MAMMALIA,RODENTIA,SPALACIDAE,Spalax,Spalax giganteus,"Nehring, 1897",NA,NA,NA,LC,Giant Mole Rat
3190,20430,ANIMALIA,CHORDATA,MAMMALIA,RODENTIA,SPALACIDAE,Spalax,Spalax microphthalmus,"Guldenstaedt, 1770",NA,NA,NA,LC,Greater Blind Mole Rat
3191,20468,ANIMALIA,CHORDATA,MAMMALIA,CARNIVORA,CANIDAE,Speothos,Speothos venaticus,"(Lund, 1842)",NA,NA,NA,NT,Bush Dog
3192,20471,ANIMALIA,CHORDATA,MAMMALIA,RODENTIA,SCIURIDAE,Spermophilopsis,Spermophilopsis leptodactylus,"(Lichtenstein, 1823)",NA,NA,NA,LC,Long-clawed Ground Squirrel
3193,20472,ANIMALIA,CHORDATA,MAMMALIA,RODENTIA,SCIURIDAE,Spermophilus,Spermophilus citellus,"(Linnaeus, 1766)",NA,NA,NA,EN,European Ground Squirrel
3194,20474,ANIMALIA,CHORDATA,MAMMALIA,RODENTIA,SCIURIDAE,Xerospermophilus,Xerospermophilus mohavensis,"Merriam, 1889",NA,NA,NA,NT,Mohave Ground Squirrel
3195,20475,ANIMALIA,CHORDATA,MAMMALIA,RODENTIA,SCIURIDAE,Urocitellus,Urocitellus washingtoni,"A.H. Howell, 1938",NA,NA,NA,NT,Washington Ground Squirrel
3196,20476,ANIMALIA,CHORDATA,MAMMALIA,RODENTIA,SCIURIDAE,Urocitellus,Urocitellus townsendii,"Bachman, 1839",NA,NA,NA,VU,Townsend's Ground Squirrel
3197,20477,ANIMALIA,CHORDATA,MAMMALIA,RODENTIA,SCIURIDAE,Notocitellus,Notocitellus adocetus,"(Merriam, 1903)",NA,NA,NA,LC,Lesser Tropical Ground Squirel
3198,20478,ANIMALIA,CHORDATA,MAMMALIA,RODENTIA,SCIURIDAE,Spermophilus,Spermophilus alashanicus,"Büchner, 1888",NA,NA,NA,LC,Alashan Ground Squirrel
3199,20479,ANIMALIA,CHORDATA,MAMMALIA,RODENTIA,SCIURIDAE,Notocitellus,Notocitellus annulatus,"(Audubon &amp; Bachman, 1842)",NA,NA,NA,LC,Ring-tailed Ground Squirrel
3200,20481,ANIMALIA,CHORDATA,MAMMALIA,RODENTIA,SCIURIDAE,Otospermophilus,Otospermophilus beecheyi,"(Richardson, 1829)",NA,NA,NA,LC,California Ground Squirrel
3201,20482,ANIMALIA,CHORDATA,MAMMALIA,RODENTIA,SCIURIDAE,Spermophilus,Spermophilus dauricus,"Brandt, 1843",NA,NA,NA,LC,Daurian Ground Squirrel
3202,20483,ANIMALIA,CHORDATA,MAMMALIA,RODENTIA,SCIURIDAE,Spermophilus,Spermophilus erythrogenys,"Brandt, 1841",NA,NA,NA,LC,Red-cheeked Ground Squirrel
3203,20484,ANIMALIA,CHORDATA,MAMMALIA,RODENTIA,SCIURIDAE,Spermophilus,Spermophilus fulvus,"Lichtenstein, 1823",NA,NA,NA,LC,Yellow Ground Squirrel
3204,20485,ANIMALIA,CHORDATA,MAMMALIA,RODENTIA,SCIURIDAE,Callospermophilus,Callospermophilus madrensis,"Merriam, 1901",NA,NA,NA,NT,Sierra Madre Ground Squirrel
3205,20486,ANIMALIA,CHORDATA,MAMMALIA,RODENTIA,SCIURIDAE,Spermophilus,Spermophilus major,"Pallas, 1779",NA,NA,NA,LC,Russet Ground Squirrel
3206,20487,ANIMALIA,CHORDATA,MAMMALIA,RODENTIA,SCIURIDAE,Ictidomys,Ictidomys mexicanus,"Erxleben, 1777",NA,NA,NA,LC,Mexican Ground Squirrel
3207,20488,ANIMALIA,CHORDATA,MAMMALIA,RODENTIA,SCIURIDAE,Urocitellus,Urocitellus parryii,"Richardson, 1825",NA,NA,NA,LC,Arctic Ground Squirrel
3208,20489,ANIMALIA,CHORDATA,MAMMALIA,RODENTIA,SCIURIDAE,Xerospermophilus,Xerospermophilus perotensis,"Merriam, 1893",NA,NA,NA,EN,Perote Ground Squirrel
3209,20490,ANIMALIA,CHORDATA,MAMMALIA,RODENTIA,SCIURIDAE,Spermophilus,Spermophilus pygmaeus,"(Pallas, 1778)",NA,NA,NA,LC,Little Ground Squirrel
3210,20491,ANIMALIA,CHORDATA,MAMMALIA,RODENTIA,SCIURIDAE,Spermophilus,Spermophilus relictus,"(Kashkarov, 1923)",NA,NA,NA,LC,Tien Shan Ground Squirrel
3211,20492,ANIMALIA,CHORDATA,MAMMALIA,RODENTIA,SCIURIDAE,Spermophilus,Spermophilus suslicus,"(Güldenstaedt, 1770)",NA,NA,NA,NT,Speckled Ground Squirrel
3212,20493,ANIMALIA,CHORDATA,MAMMALIA,RODENTIA,SCIURIDAE,Xerospermophilus,Xerospermophilus tereticaudus,"Baird, 1858",NA,NA,NA,LC,Round-tailed Ground Squirrel
3213,20494,ANIMALIA,CHORDATA,MAMMALIA,RODENTIA,SCIURIDAE,Urocitellus,Urocitellus undulatus,"Pallas, 1778",NA,NA,NA,LC,Long-tailed Ground Squirrel
3214,20495,ANIMALIA,CHORDATA,MAMMALIA,RODENTIA,SCIURIDAE,Otospermophilus,Otospermophilus variegatus,"(Erxleben, 1777)",NA,NA,NA,LC,Rock Squirrel
3215,20496,ANIMALIA,CHORDATA,MAMMALIA,RODENTIA,SCIURIDAE,Spermophilus,Spermophilus xanthoprymnus,"(Bennett, 1835)",NA,NA,NA,NT,Anatolian Ground Squirrel
3216,20497,ANIMALIA,CHORDATA,MAMMALIA,RODENTIA,SCIURIDAE,Urocitellus,Urocitellus brunneus,"(A.H. Howell, 1928)",NA,NA,NA,EN,Northern Idaho Ground Squirrel
3217,20498,ANIMALIA,CHORDATA,MAMMALIA,RODENTIA,SCIURIDAE,Urocitellus,Urocitellus endemicus,"Yensen, 1991",NA,NA,NA,VU,Southern Idaho Ground Squirrel
3218,20521,ANIMALIA,CHORDATA,MAMMALIA,CHIROPTERA,PTEROPODIDAE,Sphaerias,Sphaerias blanfordi,"(Thomas, 1891)",NA,NA,NA,LC,Blandford's Fruit Bat
3219,20599,ANIMALIA,CHORDATA,MAMMALIA,CHIROPTERA,PHYLLOSTOMIDAE,Sphaeronycteris,Sphaeronycteris toxophyllum,"Peters, 1882",NA,NA,NA,LC,Visored Bat
3220,20629,ANIMALIA,CHORDATA,MAMMALIA,RODENTIA,ERETHIZONTIDAE,Coendou,Coendou mexicanus,"Kerr, 1792",NA,NA,NA,LC,Mexican Hairy Dwarf Porcupine
3221,20630,ANIMALIA,CHORDATA,MAMMALIA,RODENTIA,ERETHIZONTIDAE,Coendou,Coendou spinosus,"F. Cuvier, 1823",NA,NA,NA,LC,Paraguay Hairy Dwarf Porcupine
3222,20631,ANIMALIA,CHORDATA,MAMMALIA,RODENTIA,ERETHIZONTIDAE,Coendou,Coendou insidiosus,"Lichtenstein, 1818",NA,NA,NA,LC,Bahia Hairy Dwarf Porcupine
3223,20633,ANIMALIA,CHORDATA,MAMMALIA,RODENTIA,ERETHIZONTIDAE,Coendou,Coendou vestitus,"Thomas, 1899",NA,NA,NA,DD,Brown Hairy Dwarf Porcupine
3224,20636,ANIMALIA,CHORDATA,MAMMALIA,DIPROTODONTIA,PHALANGERIDAE,Spilocuscus,Spilocuscus maculatus,"(É. Geoffroy, 1803)",NA,NA,NA,LC,Common Spotted Cuscus
3225,20637,ANIMALIA,CHORDATA,MAMMALIA,DIPROTODONTIA,PHALANGERIDAE,Spilocuscus,Spilocuscus kraemeri,"(Schwartz, 1910)",NA,NA,NA,NT,Admiralty Cuscus
3226,20638,ANIMALIA,CHORDATA,MAMMALIA,DIPROTODONTIA,PHALANGERIDAE,Spilocuscus,Spilocuscus papuensis,"(Desmarest, 1822)",NA,NA,NA,VU,Waigeo Cuscus
3227,20639,ANIMALIA,CHORDATA,MAMMALIA,DIPROTODONTIA,PHALANGERIDAE,Spilocuscus,Spilocuscus rufoniger,"(Zimara, 1937)",NA,NA,NA,CR,Black-spotted Cuscus
3228,20688,ANIMALIA,CHORDATA,MAMMALIA,RODENTIA,MURIDAE,Srilankamys,Srilankamys ohiensis,"(Phillips, 1929)",NA,NA,NA,VU,Ohiya Rat
3229,20717,ANIMALIA,CHORDATA,MAMMALIA,RODENTIA,NESOMYIDAE,Steatomys,Steatomys jacksoni,"Hayman, 1936",NA,NA,NA,DD,Jackson's Fat Mouse
3230,20718,ANIMALIA,CHORDATA,MAMMALIA,RODENTIA,NESOMYIDAE,Steatomys,Steatomys caurinus,"Thomas, 1912",NA,NA,NA,LC,Northwestern Fat Mouse
3231,20719,ANIMALIA,CHORDATA,MAMMALIA,RODENTIA,NESOMYIDAE,Steatomys,Steatomys cuppedius,"Thomas &amp; Hinton, 1920",NA,NA,NA,LC,Dainty Fat Mouse
3232,20720,ANIMALIA,CHORDATA,MAMMALIA,RODENTIA,NESOMYIDAE,Steatomys,Steatomys krebsii,"Peters, 1852",NA,NA,NA,LC,Kreb's Fat Mouse
3233,20721,ANIMALIA,CHORDATA,MAMMALIA,RODENTIA,NESOMYIDAE,Steatomys,Steatomys parvus,"Rhoads, 1896",NA,NA,NA,LC,Tiny Fat Mouse
3234,20722,ANIMALIA,CHORDATA,MAMMALIA,RODENTIA,NESOMYIDAE,Steatomys,Steatomys pratensis,"Peters, 1846",NA,NA,NA,LC,Fat Mouse
3235,20729,ANIMALIA,CHORDATA,MAMMALIA,ARTIODACTYLA,DELPHINIDAE,Stenella,Stenella attenuata,"(Gray, 1846)",NA,NA,NA,LC,Pantropical Spotted Dolphin
3236,20730,ANIMALIA,CHORDATA,MAMMALIA,ARTIODACTYLA,DELPHINIDAE,Stenella,Stenella clymene,"(Gray, 1846)",NA,NA,NA,LC,Clymene Dolphin
3237,20731,ANIMALIA,CHORDATA,MAMMALIA,ARTIODACTYLA,DELPHINIDAE,Stenella,Stenella coeruleoalba,"(Meyen, 1833)",NA,NA,NA,LC,Striped Dolphin
3238,20732,ANIMALIA,CHORDATA,MAMMALIA,ARTIODACTYLA,DELPHINIDAE,Stenella,Stenella frontalis,"(G. Cuvier, 1829)",NA,NA,NA,LC,Atlantic Spotted Dolphin
3239,20733,ANIMALIA,CHORDATA,MAMMALIA,ARTIODACTYLA,DELPHINIDAE,Stenella,Stenella longirostris,"(Gray, 1828)",NA,NA,NA,LC,Spinner Dolphin
3240,20738,ANIMALIA,CHORDATA,MAMMALIA,ARTIODACTYLA,DELPHINIDAE,Steno,Steno bredanensis,"(Lesson, 1828)",NA,NA,NA,LC,Rough-toothed Dolphin
3241,20740,ANIMALIA,CHORDATA,MAMMALIA,RODENTIA,MURIDAE,Stenocephalemys,Stenocephalemys albocaudata,"Frick, 1914",NA,NA,NA,LC,Ethiopian Narrow-headed Rat
3242,20741,ANIMALIA,CHORDATA,MAMMALIA,RODENTIA,MURIDAE,Stenocephalemys,Stenocephalemys griseicauda,"F. Petter, 1972",NA,NA,NA,LC,Gray-tailed Narrow-headed Rat
3243,20743,ANIMALIA,CHORDATA,MAMMALIA,CHIROPTERA,PHYLLOSTOMIDAE,Stenoderma,Stenoderma rufum,"Desmarest, 1820",NA,NA,NA,NT,Red Fruit Bat
3244,20757,ANIMALIA,CHORDATA,MAMMALIA,RODENTIA,MURIDAE,Nesoromys,Nesoromys ceramicus,"Thomas, 1920",NA,NA,NA,EN,Seram Island Mountain Rat
3245,20758,ANIMALIA,CHORDATA,MAMMALIA,RODENTIA,MURIDAE,Rattus,Rattus niobe,"Thomas, 1906",NA,NA,NA,LC,Moss-forest Rat
3246,20759,ANIMALIA,CHORDATA,MAMMALIA,RODENTIA,MURIDAE,Rattus,Rattus richardsoni,"Tate, 1949",NA,NA,NA,VU,Glacier Rat
3247,20760,ANIMALIA,CHORDATA,MAMMALIA,RODENTIA,MURIDAE,Rattus,Rattus vandeuseni,"Taylor &amp; Calaby, 1982",NA,NA,NA,EN,Van Deusen's Rat
3248,20761,ANIMALIA,CHORDATA,MAMMALIA,RODENTIA,MURIDAE,Rattus,Rattus verecundus,"(Thomas, 1904)",NA,NA,NA,LC,Slender Rat
3249,20863,ANIMALIA,CHORDATA,MAMMALIA,RODENTIA,MURIDAE,Stochomys,Stochomys longicaudatus,"(Tullberg, 1893)",NA,NA,NA,LC,Target Rat
3250,20890,ANIMALIA,CHORDATA,MAMMALIA,DIPROTODONTIA,PHALANGERIDAE,Strigocuscus,Strigocuscus celebensis,"(Gray, 1858)",NA,NA,NA,NT,Small Sulawesi Cuscus
3251,20892,ANIMALIA,CHORDATA,MAMMALIA,DIPROTODONTIA,PHALANGERIDAE,Strigocuscus,Strigocuscus pelengensis,"(Tate, 1945)",NA,NA,NA,LC,Peleng Cuscus
3252,20949,ANIMALIA,CHORDATA,MAMMALIA,CHIROPTERA,PHYLLOSTOMIDAE,Sturnira,Sturnira aratathomasi,"Peterson &amp; Tamsitt, 1968",NA,NA,NA,LC,Aratathomas's Yellow-shouldered Bat
3253,20950,ANIMALIA,CHORDATA,MAMMALIA,CHIROPTERA,PHYLLOSTOMIDAE,Sturnira,Sturnira bidens,"Thomas, 1915",NA,NA,NA,LC,Bidentate Yellow-shouldered Bat
3254,20951,ANIMALIA,CHORDATA,MAMMALIA,CHIROPTERA,PHYLLOSTOMIDAE,Sturnira,Sturnira bogotensis,"Shamel, 1927",NA,NA,NA,LC,Bogota Yellow-shouldered Bat
3255,20952,ANIMALIA,CHORDATA,MAMMALIA,CHIROPTERA,PHYLLOSTOMIDAE,Sturnira,Sturnira erythromos,"(Tschudi, 1844)",NA,NA,NA,LC,Hairy Yellow-shouldered Bat
3256,20955,ANIMALIA,CHORDATA,MAMMALIA,CHIROPTERA,PHYLLOSTOMIDAE,Sturnira,Sturnira luisi,"Davis, 1980",NA,NA,NA,LC,Louis's Yellow-shouldered Bat
3257,20956,ANIMALIA,CHORDATA,MAMMALIA,CHIROPTERA,PHYLLOSTOMIDAE,Sturnira,Sturnira magna,"de la Torre, 1966",NA,NA,NA,LC,Greater Yellow-shouldered Bat
3258,20957,ANIMALIA,CHORDATA,MAMMALIA,CHIROPTERA,PHYLLOSTOMIDAE,Sturnira,Sturnira mordax,"(Goodwin, 1938)",NA,NA,NA,LC,Talamancan Yellow-shouldered Bat
3259,20958,ANIMALIA,CHORDATA,MAMMALIA,CHIROPTERA,PHYLLOSTOMIDAE,Sturnira,Sturnira nana,"Gardner &amp; O'Neill, 1971",NA,NA,NA,EN,Lesser Yellow-shouldered Bat
3260,20960,ANIMALIA,CHORDATA,MAMMALIA,CHIROPTERA,PHYLLOSTOMIDAE,Sturnira,Sturnira tildae,"de la Torre, 1959",NA,NA,NA,LC,Tilda's Yellow-shouldered Bat
3261,21100,ANIMALIA,CHORDATA,MAMMALIA,CHIROPTERA,PTEROPODIDAE,Styloctenium,Styloctenium wallacei,"(Gray, 1866)",NA,NA,NA,NT,Wallace's Stripe-faced Fruit Bat
3262,21101,ANIMALIA,CHORDATA,MAMMALIA,RODENTIA,DIPODIDAE,Stylodipus,Stylodipus andrewsi,"Allen, 1925",NA,NA,NA,LC,Andrews's Three-toed Jerboa
3263,21102,ANIMALIA,CHORDATA,MAMMALIA,RODENTIA,DIPODIDAE,Stylodipus,Stylodipus sungorus,"Sokolov &amp; Shenbrot, 1987",NA,NA,NA,LC,Mongolian Three-toed Jerboa
3264,21103,ANIMALIA,CHORDATA,MAMMALIA,RODENTIA,DIPODIDAE,Stylodipus,Stylodipus telum,"Lichtenstein, 1823",NA,NA,NA,LC,Thick-tailed Three-toed Jerboa
3265,21134,ANIMALIA,CHORDATA,MAMMALIA,EULIPOTYPHLA,SORICIDAE,Surdisorex,Surdisorex norae,"Thomas, 1906",NA,NA,NA,LC,Aberdare Mole Shrew
3266,21135,ANIMALIA,CHORDATA,MAMMALIA,EULIPOTYPHLA,SORICIDAE,Surdisorex,Surdisorex polulus,"Hollister, 1916",NA,NA,NA,DD,Mt. Kenya Mole Shrew
3267,21140,ANIMALIA,CHORDATA,MAMMALIA,EULIPOTYPHLA,SORICIDAE,Suncus,Suncus remyi,"Brosset, Dubost &amp; Heim de Balsac, 1965",NA,NA,NA,LC,Remy's Pygmy Shrew
3268,21141,ANIMALIA,CHORDATA,MAMMALIA,EULIPOTYPHLA,SORICIDAE,Suncus,Suncus ater,"Medway, 1965",NA,NA,NA,DD,Black Shrew
3269,21142,ANIMALIA,CHORDATA,MAMMALIA,EULIPOTYPHLA,SORICIDAE,Suncus,Suncus dayi,"(Dodson, 1888)",NA,NA,NA,EN,Day's Shrew
3270,21143,ANIMALIA,CHORDATA,MAMMALIA,EULIPOTYPHLA,SORICIDAE,Suncus,Suncus fellowesgordoni,"Phillips, 1932",NA,NA,NA,EN,Ceylon Pygmy Shrew
3271,21144,ANIMALIA,CHORDATA,MAMMALIA,EULIPOTYPHLA,SORICIDAE,Suncus,Suncus hosei,"Thomas, 1893",NA,NA,NA,DD,Bornean Pgymy Shrew
3272,21145,ANIMALIA,CHORDATA,MAMMALIA,EULIPOTYPHLA,SORICIDAE,Suncus,Suncus malayanus,"Kloss, 1917",NA,NA,NA,LC,Malayan Pygmy Shrew
3273,21146,ANIMALIA,CHORDATA,MAMMALIA,EULIPOTYPHLA,SORICIDAE,Suncus,Suncus mertensi,"Kock, 1974",NA,NA,NA,EN,Flores Shrew
3274,21147,ANIMALIA,CHORDATA,MAMMALIA,EULIPOTYPHLA,SORICIDAE,Suncus,Suncus montanus,"(Kelaart, 1850)",NA,NA,NA,VU,Sri Lanka Highland Shrew
3275,21148,ANIMALIA,CHORDATA,MAMMALIA,EULIPOTYPHLA,SORICIDAE,Suncus,Suncus zeylanicus,"Phillips, 1928",NA,NA,NA,EN,Sri Lankan Shrew
3276,21150,ANIMALIA,CHORDATA,MAMMALIA,RODENTIA,MURIDAE,Sundamys,Sundamys infraluteus,"(Thomas, 1888)",NA,NA,NA,LC,Mountain Sundamys
3277,21151,ANIMALIA,CHORDATA,MAMMALIA,RODENTIA,MURIDAE,Sundamys,Sundamys maxi,"(Sody, 1932)",NA,NA,NA,VU,Javan Sundamys
3278,21152,ANIMALIA,CHORDATA,MAMMALIA,RODENTIA,MURIDAE,Sundamys,Sundamys muelleri,"(Jentink, 1879)",NA,NA,NA,LC,Müller’s Sundamys
3279,21153,ANIMALIA,CHORDATA,MAMMALIA,RODENTIA,SCIURIDAE,Sundasciurus,Sundasciurus brookei,"(Thomas, 1892)",NA,NA,NA,LC,Brooke's Squirrel
3280,21154,ANIMALIA,CHORDATA,MAMMALIA,RODENTIA,SCIURIDAE,Sundasciurus,Sundasciurus fraterculus,"(Thomas, 1895)",NA,NA,NA,VU,Fraternal Squirrel
3281,21155,ANIMALIA,CHORDATA,MAMMALIA,RODENTIA,SCIURIDAE,Sundasciurus,Sundasciurus hippurus,"(I. Geoffroy, 1831)",NA,NA,NA,NT,Horse-tailed Squirrel
3282,21156,ANIMALIA,CHORDATA,MAMMALIA,RODENTIA,SCIURIDAE,Sundasciurus,Sundasciurus jentinki,"(Thomas, 1887)",NA,NA,NA,LC,Jentink's Squirrel
3283,21157,ANIMALIA,CHORDATA,MAMMALIA,RODENTIA,SCIURIDAE,Sundasciurus,Sundasciurus juvencus,"(Thomas, 1908)",NA,NA,NA,LC,Northern Palawan Tree Squirrel
3284,21158,ANIMALIA,CHORDATA,MAMMALIA,RODENTIA,SCIURIDAE,Sundasciurus,Sundasciurus lowii,"(Thomas, 1892)",NA,NA,NA,LC,Low's Squirrel
3285,21159,ANIMALIA,CHORDATA,MAMMALIA,RODENTIA,SCIURIDAE,Sundasciurus,Sundasciurus moellendorffi,"(Matschie, 1898)",NA,NA,NA,NT,Culion Tree Squirrel
3286,21160,ANIMALIA,CHORDATA,MAMMALIA,RODENTIA,SCIURIDAE,Sundasciurus,Sundasciurus philippinensis,"(Waterhouse, 1839)",NA,NA,NA,LC,Philippine Tree Squirrel
3287,21161,ANIMALIA,CHORDATA,MAMMALIA,RODENTIA,SCIURIDAE,Sundasciurus,Sundasciurus rabori,"Heaney, 1979",NA,NA,NA,DD,Palawan Montane Squirrel
3288,21162,ANIMALIA,CHORDATA,MAMMALIA,RODENTIA,SCIURIDAE,Sundasciurus,Sundasciurus samarensis,"(Steere, 1890)",NA,NA,NA,LC,Samar Squirrel
3289,21163,ANIMALIA,CHORDATA,MAMMALIA,RODENTIA,SCIURIDAE,Sundasciurus,Sundasciurus steerii,"(Günther, 1877)",NA,NA,NA,LC,Southern Palawan Tree Squirrel
3290,21164,ANIMALIA,CHORDATA,MAMMALIA,RODENTIA,SCIURIDAE,Sundasciurus,Sundasciurus tenuis,"(Horsfield, 1824)",NA,NA,NA,LC,Slender Squirrel
3291,21172,ANIMALIA,CHORDATA,MAMMALIA,ARTIODACTYLA,SUIDAE,Porcula,Porcula salvania,"Hodgson, 1847",NA,NA,NA,EN,Pygmy Hog
3292,21174,ANIMALIA,CHORDATA,MAMMALIA,ARTIODACTYLA,SUIDAE,Sus,Sus verrucosus,"Boie, 1832",NA,NA,NA,EN,Javan Warty Pig
3293,21175,ANIMALIA,CHORDATA,MAMMALIA,ARTIODACTYLA,SUIDAE,Sus,Sus cebifrons,"Heude, 1888",NA,NA,NA,CR,Visayan Warty Pig
3294,21176,ANIMALIA,CHORDATA,MAMMALIA,ARTIODACTYLA,SUIDAE,Sus,Sus philippensis,"Nehring, 1886",NA,NA,NA,VU,Philippine Warty Pig
3295,21177,ANIMALIA,CHORDATA,MAMMALIA,ARTIODACTYLA,SUIDAE,Sus,Sus ahoenobarbus,"Huet, 1888",NA,NA,NA,NT,Palawan Bearded Pig
3296,21178,ANIMALIA,CHORDATA,MAMMALIA,ARTIODACTYLA,SUIDAE,Sus,Sus bucculentus,"Heude, 1892",NA,NA,NA,EX,Indo-chinese Warty Pig
3297,21183,ANIMALIA,CHORDATA,MAMMALIA,CHIROPTERA,PTEROPODIDAE,Syconycteris,Syconycteris hobbit,"Ziegler, 1982",NA,NA,NA,LC,Moss-forest Blossom Bat
3298,21184,ANIMALIA,CHORDATA,MAMMALIA,CHIROPTERA,PTEROPODIDAE,Syconycteris,Syconycteris carolinae,"Rozendaal, 1984",NA,NA,NA,NT,Halmaheran Blossom Bat
3299,21185,ANIMALIA,CHORDATA,MAMMALIA,CHIROPTERA,PTEROPODIDAE,Syconycteris,Syconycteris australis,"(Peters, 1867)",NA,NA,NA,LC,Common Blossom Bat
3300,21203,ANIMALIA,CHORDATA,MAMMALIA,ARTIODACTYLA,BOVIDAE,Sylvicapra,Sylvicapra grimmia,"(Linnaeus, 1758)",NA,NA,NA,LC,Common Duiker
3301,21206,ANIMALIA,CHORDATA,MAMMALIA,LAGOMORPHA,LEPORIDAE,Sylvilagus,Sylvilagus graysoni,"(J.A. Allen, 1877)",NA,NA,NA,EN,Tres Marias Cottontail
3302,21207,ANIMALIA,CHORDATA,MAMMALIA,LAGOMORPHA,LEPORIDAE,Sylvilagus,Sylvilagus insonus,"(Nelson, 1904)",NA,NA,NA,DD,Omiltemi Cottontail
3303,21209,ANIMALIA,CHORDATA,MAMMALIA,LAGOMORPHA,LEPORIDAE,Sylvilagus,Sylvilagus dicei,"Harris, 1932",NA,NA,NA,VU,Dice's Cottontail
3304,21210,ANIMALIA,CHORDATA,MAMMALIA,LAGOMORPHA,LEPORIDAE,Sylvilagus,Sylvilagus mansuetus,"Nelson, 1907",NA,NA,NA,CR,San José Brush Rabbit
3305,21211,ANIMALIA,CHORDATA,MAMMALIA,LAGOMORPHA,LEPORIDAE,Sylvilagus,Sylvilagus cunicularius,"(Waterhouse, 1848)",NA,NA,NA,LC,Mexican Cottontail
3306,21212,ANIMALIA,CHORDATA,MAMMALIA,LAGOMORPHA,LEPORIDAE,Sylvilagus,Sylvilagus transitionalis,"(Bangs, 1895)",NA,NA,NA,VU,New England Cottontail
3307,21216,ANIMALIA,CHORDATA,MAMMALIA,EULIPOTYPHLA,SORICIDAE,Sylvisorex,Sylvisorex howelli,"Jenkins, 1984",NA,NA,NA,LC,Howell's Forest Shrew
3308,21219,ANIMALIA,CHORDATA,MAMMALIA,EULIPOTYPHLA,SORICIDAE,Sylvisorex,Sylvisorex vulcanorum,"Hutterer &amp; Verheyan, 1985",NA,NA,NA,LC,Volcano Shrew
3309,21220,ANIMALIA,CHORDATA,MAMMALIA,EULIPOTYPHLA,SORICIDAE,Sylvisorex,Sylvisorex isabellae,"Heim de Balsac, 1968",NA,NA,NA,VU,Bioko Forest Shrew
3310,21221,ANIMALIA,CHORDATA,MAMMALIA,EULIPOTYPHLA,SORICIDAE,Sylvisorex,Sylvisorex morio,"(Gray, 1862)",NA,NA,NA,EN,Arrogant Shrew
3311,21222,ANIMALIA,CHORDATA,MAMMALIA,EULIPOTYPHLA,SORICIDAE,Sylvisorex,Sylvisorex oriundus,"Hollister, 1916",NA,NA,NA,DD,Lesser Forest Shrew
3312,21251,ANIMALIA,CHORDATA,MAMMALIA,ARTIODACTYLA,BOVIDAE,Syncerus,Syncerus caffer,"(Sparrman, 1779)",NA,NA,NA,NT,African Buffalo
3313,21260,ANIMALIA,CHORDATA,MAMMALIA,RODENTIA,SCIURIDAE,Syntheosciurus,Syntheosciurus brochus,"Bangs, 1902",NA,NA,NA,DD,Bangs's Mountain Squirrel
3314,21293,ANIMALIA,CHORDATA,MAMMALIA,RODENTIA,SPALACIDAE,Tachyoryctes,Tachyoryctes macrocephalus,"(Rüppell, 1842)",NA,NA,NA,EN,Giant Mole Rat
3315,21299,ANIMALIA,CHORDATA,MAMMALIA,RODENTIA,SPALACIDAE,Tachyoryctes,Tachyoryctes splendens,"(Rüppell, 1835)",NA,NA,NA,LC,East African Mole Rat
3316,21311,ANIMALIA,CHORDATA,MAMMALIA,CHIROPTERA,MOLOSSIDAE,Tadarida,Tadarida teniotis,"(Rafinesque, 1814)",NA,NA,NA,LC,European Free-tailed Bat
3317,21312,ANIMALIA,CHORDATA,MAMMALIA,CHIROPTERA,MOLOSSIDAE,Tadarida,Tadarida aegyptiaca,"(É. Geoffroy, 1818)",NA,NA,NA,LC,Egyptian Free-tailed Bat
3318,21313,ANIMALIA,CHORDATA,MAMMALIA,CHIROPTERA,MOLOSSIDAE,Austronomus,Austronomus australis,"Gray, 1838",NA,NA,NA,LC,White-striped Free-tailed Bat
3319,21314,ANIMALIA,CHORDATA,MAMMALIA,CHIROPTERA,MOLOSSIDAE,Tadarida,Tadarida brasiliensis,"(I. Geoffroy, 1824)",NA,NA,NA,LC,Brazilian Free-tailed Bat
3320,21316,ANIMALIA,CHORDATA,MAMMALIA,CHIROPTERA,MOLOSSIDAE,Tadarida,Tadarida fulminans,"(Thomas, 1903)",NA,NA,NA,LC,Malagasy Free-tailed Bat
3321,21317,ANIMALIA,CHORDATA,MAMMALIA,CHIROPTERA,MOLOSSIDAE,Tadarida,Tadarida lobata,"(Thomas, 1891)",NA,NA,NA,LC,Kenyan Big-eared Free-tailed Bat
3322,21318,ANIMALIA,CHORDATA,MAMMALIA,CHIROPTERA,MOLOSSIDAE,Tadarida,Tadarida ventralis,"(Heuglin, 1861)",NA,NA,NA,DD,African Giant Free-tailed Bat
3323,21328,ANIMALIA,CHORDATA,MAMMALIA,RODENTIA,MURIDAE,Taeromys,Taeromys arcuatus,"(Tate &amp; Archbold, 1935)",NA,NA,NA,LC,Southeastern Mountain Taeromys
3324,21329,ANIMALIA,CHORDATA,MAMMALIA,RODENTIA,MURIDAE,Taeromys,Taeromys callitrichus,"(Jentink, 1878)",NA,NA,NA,DD,Greater Taeromys
3325,21330,ANIMALIA,CHORDATA,MAMMALIA,RODENTIA,MURIDAE,Taeromys,Taeromys celebensis,"(Gray, 1867)",NA,NA,NA,LC,Long-tailed Taeromys
3326,21331,ANIMALIA,CHORDATA,MAMMALIA,RODENTIA,MURIDAE,Taeromys,Taeromys hamatus,"(Miller &amp; Hollister, 1921)",NA,NA,NA,DD,Central Mountain Taeromys
3327,21332,ANIMALIA,CHORDATA,MAMMALIA,RODENTIA,MURIDAE,Taeromys,Taeromys punicans,"(Miller &amp; Hollister, 1921)",NA,NA,NA,DD,Reddish-furred Taeromys
3328,21333,ANIMALIA,CHORDATA,MAMMALIA,RODENTIA,MURIDAE,Taeromys,Taeromys taerae,"(Sody, 1932)",NA,NA,NA,VU,Northeastern Mountain Taeromys
3329,21349,ANIMALIA,CHORDATA,MAMMALIA,PILOSA,MYRMECOPHAGIDAE,Tamandua,Tamandua mexicana,"(Saussure, 1860)",NA,NA,NA,LC,Northern Tamandua
3330,21350,ANIMALIA,CHORDATA,MAMMALIA,PILOSA,MYRMECOPHAGIDAE,Tamandua,Tamandua tetradactyla,"(Linnaeus, 1758)",NA,NA,NA,LC,Southern Tamandua
3331,21355,ANIMALIA,CHORDATA,MAMMALIA,RODENTIA,SCIURIDAE,Neotamias,Neotamias palmeri,"(Merriam, 1897)",NA,NA,NA,EN,Palmer's Chipmunk
3332,21356,ANIMALIA,CHORDATA,MAMMALIA,RODENTIA,SCIURIDAE,Neotamias,Neotamias bulleri,"(J.A. Allen, 1889)",NA,NA,NA,VU,Buller's Chipmunk
3333,21357,ANIMALIA,CHORDATA,MAMMALIA,RODENTIA,SCIURIDAE,Neotamias,Neotamias durangae,"(J.A. Allen, 1903)",NA,NA,NA,LC,Durango Chipmunk
3334,21358,ANIMALIA,CHORDATA,MAMMALIA,RODENTIA,SCIURIDAE,Neotamias,Neotamias merriami,"(J.A. Allen, 1889)",NA,NA,NA,LC,Merriam's Chipmunk
3335,21359,ANIMALIA,CHORDATA,MAMMALIA,RODENTIA,SCIURIDAE,Neotamias,Neotamias obscurus,"(J.A. Allen, 1890)",NA,NA,NA,LC,California Chipmunk
3336,21360,ANIMALIA,CHORDATA,MAMMALIA,RODENTIA,SCIURIDAE,Eutamias,Eutamias sibiricus,"(Laxmann, 1769)",NA,NA,NA,LC,Siberian Chipmunk
3337,21364,ANIMALIA,CHORDATA,MAMMALIA,RODENTIA,SCIURIDAE,Neotamias,Neotamias canipes,"(V. Bailey, 1902)",NA,NA,NA,LC,Gray-footed Chipmunk
3338,21378,ANIMALIA,CHORDATA,MAMMALIA,RODENTIA,SCIURIDAE,Tamiasciurus,Tamiasciurus mearnsi,"Townsend, 1897",NA,NA,NA,EN,Mearns's Squirrel
3339,21379,ANIMALIA,CHORDATA,MAMMALIA,RODENTIA,SCIURIDAE,Tamiops,Tamiops mcclellandii,"(Horsfield, 1840)",NA,NA,NA,LC,Himalayan Striped Squirrel
3340,21380,ANIMALIA,CHORDATA,MAMMALIA,RODENTIA,SCIURIDAE,Tamiops,Tamiops maritimus,"(Bonhote, 1900)",NA,NA,NA,LC,Maritime Striped Squirrel
3341,21381,ANIMALIA,CHORDATA,MAMMALIA,RODENTIA,SCIURIDAE,Tamiops,Tamiops rodolphii,"(Milne-Edwards, 1867)",NA,NA,NA,LC,Cambodian Striped Squirrel
3342,21382,ANIMALIA,CHORDATA,MAMMALIA,RODENTIA,SCIURIDAE,Tamiops,Tamiops swinhoei,"(Milne-Edwards, 1874)",NA,NA,NA,LC,Swinhoe's Striped Squirrel
3343,21452,ANIMALIA,CHORDATA,MAMMALIA,CHIROPTERA,EMBALLONURIDAE,Taphozous,Taphozous australis,"Gould, 1854",NA,NA,NA,NT,Coastal Sheath-tailed Bat
3344,21453,ANIMALIA,CHORDATA,MAMMALIA,CHIROPTERA,EMBALLONURIDAE,Taphozous,Taphozous achates,"Thomas, 1915",NA,NA,NA,DD,Indonesian Tomb Bat
3345,21454,ANIMALIA,CHORDATA,MAMMALIA,CHIROPTERA,EMBALLONURIDAE,Taphozous,Taphozous georgianus,"Thomas, 1915",NA,NA,NA,LC,Common Sheath-tailed Bat
3346,21455,ANIMALIA,CHORDATA,MAMMALIA,CHIROPTERA,EMBALLONURIDAE,Taphozous,Taphozous hamiltoni,"Thomas, 1920",NA,NA,NA,DD,Hamilton's Tomb Bat
3347,21456,ANIMALIA,CHORDATA,MAMMALIA,CHIROPTERA,EMBALLONURIDAE,Taphozous,Taphozous hildegardeae,"Thomas, 1909",NA,NA,NA,EN,Hildegarde's Tomb Bat
3348,21457,ANIMALIA,CHORDATA,MAMMALIA,CHIROPTERA,EMBALLONURIDAE,Taphozous,Taphozous hilli,"Kitchener, 1980",NA,NA,NA,LC,Hill's Sheath-tailed Bat
3349,21458,ANIMALIA,CHORDATA,MAMMALIA,CHIROPTERA,EMBALLONURIDAE,Taphozous,Taphozous kapalgensis,"McKean &amp; Friend, 1979",NA,NA,NA,LC,Arnhem Sheath-tailed Bat
3350,21459,ANIMALIA,CHORDATA,MAMMALIA,CHIROPTERA,EMBALLONURIDAE,Taphozous,Taphozous longimanus,"Hardwicke, 1825",NA,NA,NA,LC,Long-winged Tomb Bat
3351,21460,ANIMALIA,CHORDATA,MAMMALIA,CHIROPTERA,EMBALLONURIDAE,Taphozous,Taphozous mauritianus,"É. Geoffroy, 1818",NA,NA,NA,LC,Mauritian Tomb Bat
3352,21461,ANIMALIA,CHORDATA,MAMMALIA,CHIROPTERA,EMBALLONURIDAE,Taphozous,Taphozous melanopogon,"Temminck, 1841",NA,NA,NA,LC,Black-bearded Tomb Bat
3353,21462,ANIMALIA,CHORDATA,MAMMALIA,CHIROPTERA,EMBALLONURIDAE,Taphozous,Taphozous nudiventris,"Cretzschmar, 1830",NA,NA,NA,LC,Naked-rumped Tomb Bat
3354,21463,ANIMALIA,CHORDATA,MAMMALIA,CHIROPTERA,EMBALLONURIDAE,Taphozous,Taphozous perforatus,"É. Geoffroy, 1818",NA,NA,NA,LC,Egyptian Tomb Bat
3355,21465,ANIMALIA,CHORDATA,MAMMALIA,CHIROPTERA,EMBALLONURIDAE,Taphozous,Taphozous theobaldi,"Dobson, 1872",NA,NA,NA,LC,Theobold's Bat
3356,21466,ANIMALIA,CHORDATA,MAMMALIA,CHIROPTERA,EMBALLONURIDAE,Taphozous,Taphozous troughtoni,"Tate, 1952",NA,NA,NA,LC,Troughton's Sheath-tailed Bat
3357,21471,ANIMALIA,CHORDATA,MAMMALIA,PERISSODACTYLA,TAPIRIDAE,Tapirus,Tapirus bairdii,"(Gill, 1865)",NA,NA,NA,EN,Baird's Tapir
3358,21472,ANIMALIA,CHORDATA,MAMMALIA,PERISSODACTYLA,TAPIRIDAE,Tapirus,Tapirus indicus,"Desmarest, 1819",NA,NA,NA,EN,Malay Tapir
3359,21473,ANIMALIA,CHORDATA,MAMMALIA,PERISSODACTYLA,TAPIRIDAE,Tapirus,Tapirus pinchaque,"(Roulin, 1829)",NA,NA,NA,EN,Mountain Tapir
3360,21474,ANIMALIA,CHORDATA,MAMMALIA,PERISSODACTYLA,TAPIRIDAE,Tapirus,Tapirus terrestris,"(Linnaeus, 1758)",NA,NA,NA,VU,Lowland Tapir
3361,21488,ANIMALIA,CHORDATA,MAMMALIA,PRIMATES,TARSIIDAE,Cephalopachus,Cephalopachus bancanus,"(Horsfield, 1821)",NA,NA,NA,VU,Horsfield’s Tarsier
3362,21489,ANIMALIA,CHORDATA,MAMMALIA,PRIMATES,TARSIIDAE,Tarsius,Tarsius dentatus,"Miller &amp; Hollister, 1921",NA,NA,NA,VU,Dian's Tarsier
3363,21490,ANIMALIA,CHORDATA,MAMMALIA,PRIMATES,TARSIIDAE,Tarsius,Tarsius pumilus,"Miller &amp; Hollister, 1921",NA,NA,NA,EN,Pygmy Tarsier
3364,21492,ANIMALIA,CHORDATA,MAMMALIA,PRIMATES,TARSIIDAE,Carlito,Carlito syrichta,"(Linnaeus, 1758)",NA,NA,NA,NT,Philippine Tarsier
3365,21493,ANIMALIA,CHORDATA,MAMMALIA,PRIMATES,TARSIIDAE,Tarsius,Tarsius sangirensis,"Meyer, 1897",NA,NA,NA,EN,Sangihe Tarsier
3366,21494,ANIMALIA,CHORDATA,MAMMALIA,PRIMATES,TARSIIDAE,Tarsius,Tarsius pelengensis,"Sody, 1949",NA,NA,NA,EN,Peleng Tarsier
3367,21495,ANIMALIA,CHORDATA,MAMMALIA,RODENTIA,MURIDAE,Tarsomys,Tarsomys apoensis,"Mearns, 1905",NA,NA,NA,LC,Dusky Tarsomys
3368,21496,ANIMALIA,CHORDATA,MAMMALIA,RODENTIA,MURIDAE,Tarsomys,Tarsomys echinatus,"Musser &amp; Heaney, 1992",NA,NA,NA,VU,Spiny Tarsomys
3369,21500,ANIMALIA,CHORDATA,MAMMALIA,ARTIODACTYLA,ZIPHIIDAE,Tasmacetus,Tasmacetus shepherdi,"Oliver, 1937",NA,NA,NA,DD,Shepherd's Beaked Whale
3370,21507,ANIMALIA,CHORDATA,MAMMALIA,RODENTIA,MURIDAE,Tateomys,Tateomys macrocercus,"Musser, 1982",NA,NA,NA,DD,Long-tailed Sulawesian Shrew Rat
3371,21508,ANIMALIA,CHORDATA,MAMMALIA,RODENTIA,MURIDAE,Tateomys,Tateomys rhinogradoides,"Musser, 1969",NA,NA,NA,DD,Tate’s Sulawesian Shrew Rat
3372,21509,ANIMALIA,CHORDATA,MAMMALIA,RODENTIA,MURIDAE,Gerbilliscus,Gerbilliscus afra,"(Gray, 1830)",NA,NA,NA,LC,Cape Gerbil
3373,21510,ANIMALIA,CHORDATA,MAMMALIA,RODENTIA,MURIDAE,Gerbilliscus,Gerbilliscus boehmi,"(Noack, 1887)",NA,NA,NA,LC,Boehm's Gerbil
3374,21511,ANIMALIA,CHORDATA,MAMMALIA,RODENTIA,MURIDAE,Gerbilliscus,Gerbilliscus brantsii,"(Smith, 1836)",NA,NA,NA,LC,Highveld Gerbil
3375,21512,ANIMALIA,CHORDATA,MAMMALIA,RODENTIA,MURIDAE,Gerbilliscus,Gerbilliscus guineae,"(Thomas, 1910)",NA,NA,NA,LC,Guinea Gerbil
3376,21513,ANIMALIA,CHORDATA,MAMMALIA,RODENTIA,MURIDAE,Gerbilliscus,Gerbilliscus inclusus,"(Thomas &amp; Wroughton, 1908)",NA,NA,NA,LC,Gorongoza Gerbil
3377,21514,ANIMALIA,CHORDATA,MAMMALIA,RODENTIA,MURIDAE,Tatera,Tatera indica,"(Hardwicke, 1807)",NA,NA,NA,LC,Indian Gerbil
3378,21515,ANIMALIA,CHORDATA,MAMMALIA,RODENTIA,MURIDAE,Gerbilliscus,Gerbilliscus kempi,"(Wroughton, 1906)",NA,NA,NA,LC,Kemp's Gerbil
3379,21516,ANIMALIA,CHORDATA,MAMMALIA,RODENTIA,MURIDAE,Gerbilliscus,Gerbilliscus leucogaster,"(Peters, 1852)",NA,NA,NA,LC,Bushveld Gerbil
3380,21517,ANIMALIA,CHORDATA,MAMMALIA,RODENTIA,MURIDAE,Gerbilliscus,Gerbilliscus nigricaudus,"(Peters, 1878)",NA,NA,NA,LC,Black-tailed Gerbil
3381,21518,ANIMALIA,CHORDATA,MAMMALIA,RODENTIA,MURIDAE,Gerbilliscus,Gerbilliscus phillipsi,"(de Winton, 1898)",NA,NA,NA,LC,Phillip's Gerbil
3382,21519,ANIMALIA,CHORDATA,MAMMALIA,RODENTIA,MURIDAE,Gerbilliscus,Gerbilliscus robustus,"(Cretzschmar, 1826)",NA,NA,NA,LC,Fringe-tailed Gerbil
3383,21520,ANIMALIA,CHORDATA,MAMMALIA,RODENTIA,MURIDAE,Gerbilliscus,Gerbilliscus validus,"(Bocage, 1890)",NA,NA,NA,LC,Savanna Gerbil
3384,21521,ANIMALIA,CHORDATA,MAMMALIA,RODENTIA,MURIDAE,Taterillus,Taterillus arenarius,"Robbins, 1974",NA,NA,NA,LC,Robbins’s Tateril
3385,21522,ANIMALIA,CHORDATA,MAMMALIA,RODENTIA,MURIDAE,Taterillus,Taterillus congicus,"Thomas, 1915",NA,NA,NA,LC,Congo Tateril
3386,21523,ANIMALIA,CHORDATA,MAMMALIA,RODENTIA,MURIDAE,Taterillus,Taterillus emini,"(Thomas, 1892)",NA,NA,NA,LC,Emin’s Tateril
3387,21524,ANIMALIA,CHORDATA,MAMMALIA,RODENTIA,MURIDAE,Taterillus,Taterillus gracilis,"(Thomas, 1892)",NA,NA,NA,LC,Gracile Tateril
3388,21526,ANIMALIA,CHORDATA,MAMMALIA,RODENTIA,MURIDAE,Taterillus,Taterillus lacustris,"(Thomas &amp; Wroughton, 1907)",NA,NA,NA,LC,Lake Chad Gerbil
3389,21527,ANIMALIA,CHORDATA,MAMMALIA,RODENTIA,MURIDAE,Taterillus,Taterillus petteri,"Gautun, Tranier &amp; Sicard, 1985",NA,NA,NA,LC,Petter’s Tateril
3390,21528,ANIMALIA,CHORDATA,MAMMALIA,RODENTIA,MURIDAE,Taterillus,Taterillus pygargus,"(F. Cuvier, 1838)",NA,NA,NA,LC,Senegal Tateril
3391,21661,ANIMALIA,CHORDATA,MAMMALIA,ARTIODACTYLA,BOVIDAE,Tetracerus,Tetracerus quadricornis,"(de Blainville, 1816)",NA,NA,NA,VU,Four-horned Antelope
3392,21690,ANIMALIA,CHORDATA,MAMMALIA,RODENTIA,MURIDAE,Thallomys,Thallomys loringi,"(Heller, 1909)",NA,NA,NA,LC,Loring's Rat
3393,21691,ANIMALIA,CHORDATA,MAMMALIA,RODENTIA,MURIDAE,Thallomys,Thallomys nigricauda,"(Thomas, 1882)",NA,NA,NA,LC,Black-tailed Tree Rat
3394,21692,ANIMALIA,CHORDATA,MAMMALIA,RODENTIA,MURIDAE,Thallomys,Thallomys paedulcus,"(Sundevall, 1846)",NA,NA,NA,LC,Acacia Rat
3395,21693,ANIMALIA,CHORDATA,MAMMALIA,RODENTIA,MURIDAE,Thallomys,Thallomys shortridgei,"Thomas & Hinton, 1923",NA,NA,NA,DD,Shortridge's Rat
3396,21694,ANIMALIA,CHORDATA,MAMMALIA,RODENTIA,CRICETIDAE,Thalpomys,Thalpomys cerradensis,"Hershkovitz, 1990",NA,NA,NA,LC,Cerrado Mouse
3397,21695,ANIMALIA,CHORDATA,MAMMALIA,RODENTIA,CRICETIDAE,Thalpomys,Thalpomys lasiotis,"Thomas, 1916",NA,NA,NA,LC,Hairy-eared Cerrado Mouse
3398,21702,ANIMALIA,CHORDATA,MAMMALIA,RODENTIA,MURIDAE,Thamnomys,Thamnomys venustus,"Thomas, 1907",NA,NA,NA,LC,Charming Thicket Rat
3399,21703,ANIMALIA,CHORDATA,MAMMALIA,RODENTIA,MURIDAE,Thamnomys,Thamnomys kempi,"Dollman, 1911",NA,NA,NA,VU,Kemp's Thicket Rat
3400,21744,ANIMALIA,CHORDATA,MAMMALIA,PRIMATES,CERCOPITHECIDAE,Theropithecus,Theropithecus gelada,"(Rüppell, 1835)",NA,NA,NA,LC,Gelada
3401,21770,ANIMALIA,CHORDATA,MAMMALIA,RODENTIA,CRICETIDAE,Thomasomys,Thomasomys baeops,"(Thomas, 1899)",NA,NA,NA,LC,Beady-eyed Mouse
3402,21771,ANIMALIA,CHORDATA,MAMMALIA,RODENTIA,CRICETIDAE,Thomasomys,Thomasomys bombycinus,"Anthony, 1925",NA,NA,NA,VU,Silky Oldfield Mouse
3403,21773,ANIMALIA,CHORDATA,MAMMALIA,RODENTIA,CRICETIDAE,Thomasomys,Thomasomys cinereus,"(Thomas, 1882)",NA,NA,NA,LC,Ash-colored Oldfield Mouse
3404,21775,ANIMALIA,CHORDATA,MAMMALIA,RODENTIA,CRICETIDAE,Thomasomys,Thomasomys eleusis,"Thomas, 1926",NA,NA,NA,VU,Peruvian Oldfield Mouse
3405,21776,ANIMALIA,CHORDATA,MAMMALIA,RODENTIA,CRICETIDAE,Thomasomys,Thomasomys gracilis,"Thomas, 1917",NA,NA,NA,NT,Slender Oldfield Mouse
3406,21777,ANIMALIA,CHORDATA,MAMMALIA,RODENTIA,CRICETIDAE,Thomasomys,Thomasomys hylophilus,"Osgood, 1912",NA,NA,NA,VU,Woodland Oldfield Mouse
3407,21778,ANIMALIA,CHORDATA,MAMMALIA,RODENTIA,CRICETIDAE,Thomasomys,Thomasomys incanus,"(Thomas, 1894)",NA,NA,NA,LC,Inca Oldfield Mouse
3408,21779,ANIMALIA,CHORDATA,MAMMALIA,RODENTIA,CRICETIDAE,Thomasomys,Thomasomys ischyrus,"Osgood, 1914",NA,NA,NA,LC,Strong-tailed Oldfield Mouse
3409,21780,ANIMALIA,CHORDATA,MAMMALIA,RODENTIA,CRICETIDAE,Thomasomys,Thomasomys kalinowskii,"(Thomas, 1894)",NA,NA,NA,LC,Kalinowski's Oldfield Mouse
3410,21781,ANIMALIA,CHORDATA,MAMMALIA,RODENTIA,CRICETIDAE,Thomasomys,Thomasomys ladewi,"Anthony, 1926",NA,NA,NA,LC,Ladew's Oldfield Mouse
3411,21783,ANIMALIA,CHORDATA,MAMMALIA,RODENTIA,CRICETIDAE,Thomasomys,Thomasomys monochromos,"Bangs, 1900",NA,NA,NA,VU,Unicolored Oldfield Mouse
3412,21784,ANIMALIA,CHORDATA,MAMMALIA,RODENTIA,CRICETIDAE,Thomasomys,Thomasomys niveipes,"(Thomas, 1896)",NA,NA,NA,LC,Snow-footed Oldfield Mouse
3413,21785,ANIMALIA,CHORDATA,MAMMALIA,RODENTIA,CRICETIDAE,Thomasomys,Thomasomys notatus,"Thomas, 1917",NA,NA,NA,LC,Distinguished Oldfield Mouse
3414,21786,ANIMALIA,CHORDATA,MAMMALIA,RODENTIA,CRICETIDAE,Thomasomys,Thomasomys oreas,"Anthony, 1926",NA,NA,NA,LC,Montane Oldfield Mouse
3415,21787,ANIMALIA,CHORDATA,MAMMALIA,RODENTIA,CRICETIDAE,Thomasomys,Thomasomys paramorum,"Thomas, 1898",NA,NA,NA,LC,Paramo Oldfield Mouse
3416,21790,ANIMALIA,CHORDATA,MAMMALIA,RODENTIA,CRICETIDAE,Thomasomys,Thomasomys rosalinda,"Thomas &amp; St. Leger, 1926",NA,NA,NA,EN,Rosalinda's Oldfield Mouse
3417,21791,ANIMALIA,CHORDATA,MAMMALIA,RODENTIA,CRICETIDAE,Thomasomys,Thomasomys silvestris,"Anthony, 1924",NA,NA,NA,LC,Forest Oldfield Mouse
3418,21792,ANIMALIA,CHORDATA,MAMMALIA,RODENTIA,CRICETIDAE,Thomasomys,Thomasomys taczanowskii,"(Thomas, 1882)",NA,NA,NA,LC,Taczanowski's Oldfield Mouse
3419,21793,ANIMALIA,CHORDATA,MAMMALIA,RODENTIA,CRICETIDAE,Thomasomys,Thomasomys vestitus,"(Thomas, 1898)",NA,NA,NA,LC,Dressy Oldfield Mouse
3420,21799,ANIMALIA,CHORDATA,MAMMALIA,RODENTIA,GEOMYIDAE,Thomomys,Thomomys bottae,"(Eydoux &amp; Gervais, 1836)",NA,NA,NA,LC,Botta's Pocket Gopher
3421,21800,ANIMALIA,CHORDATA,MAMMALIA,RODENTIA,GEOMYIDAE,Thomomys,Thomomys umbrinus,"Richardson, 1829",NA,NA,NA,LC,Animas Mountains Pocket Gopher
3422,21809,ANIMALIA,CHORDATA,MAMMALIA,RODENTIA,GEOMYIDAE,Thomomys,Thomomys idahoensis,"Merriam, 1901",NA,NA,NA,LC,Idaho Pocket Gopher
3423,21810,ANIMALIA,CHORDATA,MAMMALIA,RODENTIA,GEOMYIDAE,Thomomys,Thomomys mazama,"Merriam, 1897",NA,NA,NA,LC,Western Pocket Gopher
3424,21815,ANIMALIA,CHORDATA,MAMMALIA,CHIROPTERA,PTEROPODIDAE,Thoopterus,Thoopterus nigrescens,"(Gray, 1870)",NA,NA,NA,LC,Swift Fruit Bat
3425,21839,ANIMALIA,CHORDATA,MAMMALIA,RODENTIA,ECHIMYIDAE,Thrichomys,Thrichomys apereoides,"(Lund, 1839)",NA,NA,NA,LC,Common Punare
3426,21846,ANIMALIA,CHORDATA,MAMMALIA,RODENTIA,THRYONOMYIDAE,Thryonomys,Thryonomys gregorianus,"(Thomas, 1894)",NA,NA,NA,LC,Lesser Cane Rat
3427,21847,ANIMALIA,CHORDATA,MAMMALIA,RODENTIA,THRYONOMYIDAE,Thryonomys,Thryonomys swinderianus,"(Temminck, 1827)",NA,NA,NA,LC,Greater Cane Rat
3428,21866,ANIMALIA,CHORDATA,MAMMALIA,DASYUROMORPHIA,THYLACINIDAE,Thylacinus,Thylacinus cynocephalus,"(Harris, 1808)",NA,NA,NA,EX,Thylacine
3429,21867,ANIMALIA,CHORDATA,MAMMALIA,DIDELPHIMORPHIA,DIDELPHIDAE,Thylamys,Thylamys macrurus,"(Olfers, 1818)",NA,NA,NA,NT,Paraguayan Fat-tailed Mouse Opossum
3430,21870,ANIMALIA,CHORDATA,MAMMALIA,DIPROTODONTIA,MACROPODIDAE,Thylogale,Thylogale brunii,"(Schreber, 1778)",NA,NA,NA,VU,Dusky Pademelon
3431,21873,ANIMALIA,CHORDATA,MAMMALIA,DIPROTODONTIA,MACROPODIDAE,Thylogale,Thylogale calabyi,"Flannery, 1992",NA,NA,NA,EN,Calaby's Pademelon
3432,21874,ANIMALIA,CHORDATA,MAMMALIA,DIPROTODONTIA,MACROPODIDAE,Thylogale,Thylogale browni,"(Ramsay, 1887)",NA,NA,NA,VU,New Guinea Pademelon
3433,21877,ANIMALIA,CHORDATA,MAMMALIA,CHIROPTERA,THYROPTERIDAE,Thyroptera,Thyroptera discifera,"(Lichtenstein &amp; Peters, 1855)",NA,NA,NA,LC,Peters's Disk-winged Bat
3434,21878,ANIMALIA,CHORDATA,MAMMALIA,CHIROPTERA,THYROPTERIDAE,Thyroptera,Thyroptera lavali,"Pine, 1993",NA,NA,NA,DD,Laval's Disk-winged Bat
3435,21879,ANIMALIA,CHORDATA,MAMMALIA,CHIROPTERA,THYROPTERIDAE,Thyroptera,Thyroptera tricolor,"Spix, 1823",NA,NA,NA,LC,Spix's Disk-winged Bat
3436,21972,ANIMALIA,CHORDATA,MAMMALIA,RODENTIA,MURIDAE,Tokudaia,Tokudaia muenninki,"(Johnson, 1946)",NA,NA,NA,CR,Okinawa Spiny Rat
3437,21973,ANIMALIA,CHORDATA,MAMMALIA,RODENTIA,MURIDAE,Tokudaia,Tokudaia osimensis,"(Abe, 1934)",NA,NA,NA,EN,Ryukyu Spiny Rat
3438,21974,ANIMALIA,CHORDATA,MAMMALIA,CINGULATA,CHLAMYPHORIDAE,Tolypeutes,Tolypeutes matacus,"(Desmarest, 1804)",NA,NA,NA,NT,Southern Three-banded Armadillo
3439,21975,ANIMALIA,CHORDATA,MAMMALIA,CINGULATA,CHLAMYPHORIDAE,Tolypeutes,Tolypeutes tricinctus,"(Linnaeus, 1758)",NA,NA,NA,VU,Brazilian Three-banded Armadillo
3440,21982,ANIMALIA,CHORDATA,MAMMALIA,CHIROPTERA,MOLOSSIDAE,Tomopeas,Tomopeas ravus,"Miller, 1900",NA,NA,NA,EN,Blunt-eared Bat
3441,21983,ANIMALIA,CHORDATA,MAMMALIA,CHIROPTERA,PHYLLOSTOMIDAE,Tonatia,Tonatia bidens,"(Spix, 1823)",NA,NA,NA,DD,Greater Round-eared Bat
3442,21984,ANIMALIA,CHORDATA,MAMMALIA,CHIROPTERA,PHYLLOSTOMIDAE,Lophostoma,Lophostoma brasiliense,"(Peters, 1866)",NA,NA,NA,LC,Pygmy Round-eared Bat
3443,21986,ANIMALIA,CHORDATA,MAMMALIA,CHIROPTERA,PHYLLOSTOMIDAE,Lophostoma,Lophostoma evotis,"(Davis &amp; Carter, 1978)",NA,NA,NA,LC,Davis's Round-eared Bat
3444,21987,ANIMALIA,CHORDATA,MAMMALIA,CHIROPTERA,PHYLLOSTOMIDAE,Lophostoma,Lophostoma schulzi,"Genoways &amp; Williams, 1980",NA,NA,NA,LC,Schultz's Round-eared Bat
3445,22029,ANIMALIA,CHORDATA,MAMMALIA,CHIROPTERA,PHYLLOSTOMIDAE,Trachops,Trachops cirrhosus,"(Spix, 1823)",NA,NA,NA,LC,Fringe-lipped Bat
3446,22035,ANIMALIA,CHORDATA,MAMMALIA,PRIMATES,CERCOPITHECIDAE,Trachypithecus,Trachypithecus cristatus,"(Raffles, 1821)",NA,NA,NA,VU,Silvery Lutung
3447,22037,ANIMALIA,CHORDATA,MAMMALIA,PRIMATES,CERCOPITHECIDAE,Trachypithecus,Trachypithecus geei,"Khajuria, 1956",NA,NA,NA,EN,Gee’s Golden Langur
3448,22039,ANIMALIA,CHORDATA,MAMMALIA,PRIMATES,CERCOPITHECIDAE,Trachypithecus,Trachypithecus obscurus,"(Reid, 1837)",NA,NA,NA,EN,Dusky Langur
3449,22041,ANIMALIA,CHORDATA,MAMMALIA,PRIMATES,CERCOPITHECIDAE,Trachypithecus,Trachypithecus pileatus,"(Blyth, 1843)",NA,NA,NA,VU,Capped Langur
3450,22042,ANIMALIA,CHORDATA,MAMMALIA,PRIMATES,CERCOPITHECIDAE,Semnopithecus,Semnopithecus vetulus,"(Erxleben, 1777)",NA,NA,NA,EN,Purple-faced Langur
3451,22043,ANIMALIA,CHORDATA,MAMMALIA,PRIMATES,CERCOPITHECIDAE,Trachypithecus,Trachypithecus delacouri,"(Osgood, 1932)",NA,NA,NA,CR,Delacour's Langur
3452,22044,ANIMALIA,CHORDATA,MAMMALIA,PRIMATES,CERCOPITHECIDAE,Trachypithecus,Trachypithecus laotum,"(Thomas, 1911)",NA,NA,NA,EN,Laotian Langur
3453,22046,ANIMALIA,CHORDATA,MAMMALIA,ARTIODACTYLA,BOVIDAE,Tragelaphus,Tragelaphus buxtoni,"(Lydekker, 1910)",NA,NA,NA,EN,Mountain Nyala
3454,22047,ANIMALIA,CHORDATA,MAMMALIA,ARTIODACTYLA,BOVIDAE,Tragelaphus,Tragelaphus eurycerus,"(Ogilbyi, 1837)",NA,NA,NA,NT,Bongo
3455,22050,ANIMALIA,CHORDATA,MAMMALIA,ARTIODACTYLA,BOVIDAE,Tragelaphus,Tragelaphus spekii,"Speke, 1863",NA,NA,NA,LC,Sitatunga
3456,22051,ANIMALIA,CHORDATA,MAMMALIA,ARTIODACTYLA,BOVIDAE,Tragelaphus,Tragelaphus scriptus,"(Pallas, 1766)",NA,NA,NA,LC,Bushbuck
3457,22052,ANIMALIA,CHORDATA,MAMMALIA,ARTIODACTYLA,BOVIDAE,Tragelaphus,Tragelaphus angasii,"Angas, 1849",NA,NA,NA,LC,Nyala
3458,22053,ANIMALIA,CHORDATA,MAMMALIA,ARTIODACTYLA,BOVIDAE,Tragelaphus,Tragelaphus imberbis,"(Blyth, 1869)",NA,NA,NA,NT,Lesser Kudu
3459,22054,ANIMALIA,CHORDATA,MAMMALIA,ARTIODACTYLA,BOVIDAE,Tragelaphus,Tragelaphus strepsiceros,"(Pallas, 1766)",NA,NA,NA,LC,Greater Kudu
3460,22055,ANIMALIA,CHORDATA,MAMMALIA,ARTIODACTYLA,BOVIDAE,Tragelaphus,Tragelaphus oryx,"(Pallas, 1766)",NA,NA,NA,LC,Common Eland
3461,22065,ANIMALIA,CHORDATA,MAMMALIA,ARTIODACTYLA,TRAGULIDAE,Tragulus,Tragulus nigricans,"Thomas, 1892",NA,NA,NA,EN,Balabac Mouse Deer
3462,22066,ANIMALIA,CHORDATA,MAMMALIA,CARNIVORA,URSIDAE,Tremarctos,Tremarctos ornatus,"(F.G. Cuvier, 1825)",NA,NA,NA,VU,Andean Bear
3463,22102,ANIMALIA,CHORDATA,MAMMALIA,SIRENIA,TRICHECHIDAE,Trichechus,Trichechus inunguis,"(Natterer, 1883)",NA,NA,NA,VU,South American Manatee
3464,22103,ANIMALIA,CHORDATA,MAMMALIA,SIRENIA,TRICHECHIDAE,Trichechus,Trichechus manatus,"Linnaeus, 1758",NA,NA,NA,VU,West Indian Manatee
3465,22104,ANIMALIA,CHORDATA,MAMMALIA,SIRENIA,TRICHECHIDAE,Trichechus,Trichechus senegalensis,"Link, 1795",NA,NA,NA,VU,African Manatee
3466,22132,ANIMALIA,CHORDATA,MAMMALIA,RODENTIA,HYSTRICIDAE,Trichys,Trichys fasciculata,"(Shaw, 1801)",NA,NA,NA,LC,Long-tailed Porcupine
3467,22297,ANIMALIA,CHORDATA,MAMMALIA,RODENTIA,SCIURIDAE,Trogopterus,Trogopterus xanthipes,"(Milne-Edwards, 1867)",NA,NA,NA,NT,Complex-toothed Flying Squirrel
3468,22431,ANIMALIA,CHORDATA,MAMMALIA,RODENTIA,MURIDAE,Tryphomys,Tryphomys adustus,"Miller, 1910",NA,NA,NA,DD,Luzon Tryphomys
3469,22432,ANIMALIA,CHORDATA,MAMMALIA,RODENTIA,CRICETIDAE,Tscherskia,Tscherskia triton,"(de Winton, 1899)",NA,NA,NA,LC,Greater Long-tailed Hamster
3470,22446,ANIMALIA,CHORDATA,MAMMALIA,SCANDENTIA,TUPAIIDAE,Tupaia,Tupaia chrysogaster,"Miller, 1903",NA,NA,NA,VU,Golden-bellied Treeshrew
3471,22454,ANIMALIA,CHORDATA,MAMMALIA,SCANDENTIA,TUPAIIDAE,Tupaia,Tupaia nicobarica,"(Zelebor, 1869)",NA,NA,NA,EN,Nicobar Treeshrew
3472,22563,ANIMALIA,CHORDATA,MAMMALIA,ARTIODACTYLA,DELPHINIDAE,Tursiops,Tursiops truncatus,"(Montagu, 1821)",NA,NA,NA,LC,Common Bottlenose Dolphin
3473,22570,ANIMALIA,CHORDATA,MAMMALIA,RODENTIA,CRICETIDAE,Tylomys,Tylomys bullaris,"Merriam, 1901",NA,NA,NA,CR,Chiapan Climbing Rat
3474,22571,ANIMALIA,CHORDATA,MAMMALIA,RODENTIA,CRICETIDAE,Tylomys,Tylomys fulviventer,"Anthony, 1916",NA,NA,NA,DD,Fulvous-bellied Climbing Rat
3475,22572,ANIMALIA,CHORDATA,MAMMALIA,RODENTIA,CRICETIDAE,Tylomys,Tylomys mirae,"Thomas, 1899",NA,NA,NA,LC,Mira Climbing Rat
3476,22573,ANIMALIA,CHORDATA,MAMMALIA,RODENTIA,CRICETIDAE,Tylomys,Tylomys nudicaudus,"Peters, 1866",NA,NA,NA,LC,Peters's Climbing Rat
3477,22574,ANIMALIA,CHORDATA,MAMMALIA,RODENTIA,CRICETIDAE,Tylomys,Tylomys panamensis,"(Gray, 1873)",NA,NA,NA,DD,Panamá Climbing Rat
3478,22575,ANIMALIA,CHORDATA,MAMMALIA,RODENTIA,CRICETIDAE,Tylomys,Tylomys tumbalensis,"Merriam, 1901",NA,NA,NA,CR,Tumbalá Climbing Rat
3479,22576,ANIMALIA,CHORDATA,MAMMALIA,RODENTIA,CRICETIDAE,Tylomys,Tylomys watsoni,"Thomas, 1899",NA,NA,NA,LC,Watson's Climbing Rat
3480,22577,ANIMALIA,CHORDATA,MAMMALIA,CHIROPTERA,VESPERTILIONIDAE,Tylonycteris,Tylonycteris pachypus,"(Temminck, 1840)",NA,NA,NA,LC,Lesser Bamboo Bat
3481,22578,ANIMALIA,CHORDATA,MAMMALIA,CHIROPTERA,VESPERTILIONIDAE,Tylonycteris,Tylonycteris robustula,"Thomas, 1915",NA,NA,NA,LC,Greater Bamboo Bat
3482,22586,ANIMALIA,CHORDATA,MAMMALIA,RODENTIA,OCTODONTIDAE,Tympanoctomys,Tympanoctomys barrerae,"(Lawrence, 1941)",NA,NA,NA,NT,Plains Viscacha Rat
3483,22605,ANIMALIA,CHORDATA,MAMMALIA,RODENTIA,PLATACANTHOMYIDAE,Typhlomys,Typhlomys cinereus,"Milne-Edwards, 1877",NA,NA,NA,LC,Sort-furred Tree Mouse
3484,22732,ANIMALIA,CHORDATA,MAMMALIA,CARNIVORA,FELIDAE,Panthera,Panthera uncia,"(Schreber, 1775)",NA,NA,NA,VU,Snow Leopard
3485,22771,ANIMALIA,CHORDATA,MAMMALIA,RODENTIA,MURIDAE,Uranomys,Uranomys ruddi,"Dollman, 1909",NA,NA,NA,LC,Rudd’s Bristle-furred Rat
3486,22780,ANIMALIA,CHORDATA,MAMMALIA,CARNIVORA,CANIDAE,Urocyon,Urocyon cinereoargenteus,"(Schreber, 1775)",NA,NA,NA,LC,Grey Fox
3487,22781,ANIMALIA,CHORDATA,MAMMALIA,CARNIVORA,CANIDAE,Urocyon,Urocyon littoralis,"(Baird, 1857)",NA,NA,NA,NT,Island Fox
3488,22782,ANIMALIA,CHORDATA,MAMMALIA,CHIROPTERA,PHYLLOSTOMIDAE,Uroderma,Uroderma bilobatum,"Peters, 1866",NA,NA,NA,LC,Tent-making Bat
3489,22783,ANIMALIA,CHORDATA,MAMMALIA,CHIROPTERA,PHYLLOSTOMIDAE,Uroderma,Uroderma magnirostrum,"Davis, 1968",NA,NA,NA,LC,Brown Tent-making Bat
3490,22784,ANIMALIA,CHORDATA,MAMMALIA,SCANDENTIA,TUPAIIDAE,Tupaia,Tupaia everetti,"Thomas, 1892",NA,NA,NA,LC,Mindanao Treeshrew
3491,22800,ANIMALIA,CHORDATA,MAMMALIA,RODENTIA,MURIDAE,Uromys,Uromys anak,"Thomas, 1907",NA,NA,NA,LC,Black-tailed Giant Rat
3492,22801,ANIMALIA,CHORDATA,MAMMALIA,RODENTIA,MURIDAE,Uromys,Uromys caudimaculatus,"(Krefft, 1867)",NA,NA,NA,LC,White-tailed Giant Rat
3493,22802,ANIMALIA,CHORDATA,MAMMALIA,RODENTIA,MURIDAE,Uromys,Uromys hadrourus,"(Winter, 1984)",NA,NA,NA,NT,Pygmy White-tailed Rat
3494,22803,ANIMALIA,CHORDATA,MAMMALIA,RODENTIA,MURIDAE,Uromys,Uromys imperator,"(Thomas, 1888)",NA,NA,NA,CR,Emperor Rat
3495,22804,ANIMALIA,CHORDATA,MAMMALIA,RODENTIA,MURIDAE,Uromys,Uromys neobritannicus,"Tate &amp; Archbold, 1935",NA,NA,NA,NT,Bismarck Giant Rat
3496,22805,ANIMALIA,CHORDATA,MAMMALIA,RODENTIA,MURIDAE,Uromys,Uromys porculus,"Thomas, 1904",NA,NA,NA,CR,Guadalcanal Rat
3497,22806,ANIMALIA,CHORDATA,MAMMALIA,RODENTIA,MURIDAE,Uromys,Uromys rex,"(Thomas, 1888)",NA,NA,NA,EN,King Rat
3498,22809,ANIMALIA,CHORDATA,MAMMALIA,EULIPOTYPHLA,TALPIDAE,Uropsilus,Uropsilus investigator,"(Thomas, 1922)",NA,NA,NA,DD,Inquisitive Shrew Mole
3499,22810,ANIMALIA,CHORDATA,MAMMALIA,EULIPOTYPHLA,TALPIDAE,Uropsilus,Uropsilus soricipes,"Milne-Edwards, 1871",NA,NA,NA,LC,Chinese Shrew Mole
3500,22823,ANIMALIA,CHORDATA,MAMMALIA,CARNIVORA,URSIDAE,Ursus,Ursus maritimus,"Phipps, 1774",NA,NA,NA,VU,Polar Bear
3501,22824,ANIMALIA,CHORDATA,MAMMALIA,CARNIVORA,URSIDAE,Ursus,Ursus thibetanus,"G. [Baron] Cuvier, 1823",NA,NA,NA,VU,Asiatic Black Bear
3502,22837,ANIMALIA,CHORDATA,MAMMALIA,CHIROPTERA,PHYLLOSTOMIDAE,Vampyriscus,Vampyriscus bidens,"(Dobson, 1878)",NA,NA,NA,LC,Bedentate Yellow-eared Bat
3503,22838,ANIMALIA,CHORDATA,MAMMALIA,CHIROPTERA,PHYLLOSTOMIDAE,Vampyriscus,Vampyriscus brocki,"(Peterson, 1968)",NA,NA,NA,LC,Brock's Yellow-eared Bat
3504,22839,ANIMALIA,CHORDATA,MAMMALIA,CHIROPTERA,PHYLLOSTOMIDAE,Vampyressa,Vampyressa melissa,"Thomas, 1926",NA,NA,NA,VU,Melissa's Yellow-eared Bat
3505,22840,ANIMALIA,CHORDATA,MAMMALIA,CHIROPTERA,PHYLLOSTOMIDAE,Vampyriscus,Vampyriscus nymphaea,"(Thomas, 1909)",NA,NA,NA,LC,Striped Yellow-eared Bat
3506,22841,ANIMALIA,CHORDATA,MAMMALIA,CHIROPTERA,PHYLLOSTOMIDAE,Vampyressa,Vampyressa pusilla,"(Wagner, 1843)",NA,NA,NA,DD,Southern Little Yellow-eared Bat
3507,22843,ANIMALIA,CHORDATA,MAMMALIA,CHIROPTERA,PHYLLOSTOMIDAE,Vampyrum,Vampyrum spectrum,"(Linnaeus, 1758)",NA,NA,NA,NT,Spectral Bat
3508,22844,ANIMALIA,CHORDATA,MAMMALIA,RODENTIA,MURIDAE,Vandeleuria,Vandeleuria nolthenii,"Phillips, 1929",NA,NA,NA,EN,Sri Lankan Highland Tree Mouse
3509,22845,ANIMALIA,CHORDATA,MAMMALIA,RODENTIA,MURIDAE,Vandeleuria,Vandeleuria oleracea,"(Bennett, 1832)",NA,NA,NA,LC,Asiatic Long-tailed Climbing Mouse
3510,22918,ANIMALIA,CHORDATA,MAMMALIA,PRIMATES,LEMURIDAE,Varecia,Varecia variegata,"(Kerr, 1792)",NA,NA,NA,CR,Black-and-white Ruffed Lemur
3511,22920,ANIMALIA,CHORDATA,MAMMALIA,PRIMATES,LEMURIDAE,Varecia,Varecia rubra,"(É. Geoffroy, 1812)",NA,NA,NA,CR,Red Ruffed Lemur
3512,22933,ANIMALIA,CHORDATA,MAMMALIA,RODENTIA,MURIDAE,Vernaya,Vernaya fulva,"(G.M. Allen, 1927)",NA,NA,NA,LC,Vernay’s Climbing Mouse
3513,22947,ANIMALIA,CHORDATA,MAMMALIA,CHIROPTERA,VESPERTILIONIDAE,Vespertilio,Vespertilio murinus,"Linnaeus, 1758",NA,NA,NA,LC,Particoloured Bat
3514,22949,ANIMALIA,CHORDATA,MAMMALIA,CHIROPTERA,VESPERTILIONIDAE,Vespertilio,Vespertilio sinensis,"(Peters, 1880)",NA,NA,NA,LC,Asian Particolored Bat
3515,22956,ANIMALIA,CHORDATA,MAMMALIA,ARTIODACTYLA,CAMELIDAE,Vicugna,Vicugna vicugna,"(Molina, 1782)",NA,NA,NA,LC,Vicuna
3516,23036,ANIMALIA,CHORDATA,MAMMALIA,CARNIVORA,VIVERRIDAE,Viverra,Viverra civettina,"Blyth, 1862",NA,NA,NA,CR,Malabar Civet
3517,23041,ANIMALIA,CHORDATA,MAMMALIA,RODENTIA,CRICETIDAE,Neodon,Neodon clarkei,"(Hinton, 1923)",NA,NA,NA,LC,Clarke's Vole
3518,23042,ANIMALIA,CHORDATA,MAMMALIA,RODENTIA,CRICETIDAE,Alexandromys,Alexandromys kikuchii,"(Kuroda, 1920)",NA,NA,NA,LC,Taiwan Vole
3519,23043,ANIMALIA,CHORDATA,MAMMALIA,RODENTIA,CRICETIDAE,Volemys,Volemys millicens,"(Thomas, 1911)",NA,NA,NA,NT,Sichuan Vole
3520,23044,ANIMALIA,CHORDATA,MAMMALIA,RODENTIA,CRICETIDAE,Volemys,Volemys musseri,"(Lawrence, 1982)",NA,NA,NA,DD,Marie's Vole
3521,23049,ANIMALIA,CHORDATA,MAMMALIA,CARNIVORA,CANIDAE,Vulpes,Vulpes bengalensis,"(Shaw, 1800)",NA,NA,NA,LC,Bengal Fox
3522,23050,ANIMALIA,CHORDATA,MAMMALIA,CARNIVORA,CANIDAE,Vulpes,Vulpes cana,"Blanford, 1877",NA,NA,NA,LC,Blanford's Fox
3523,23051,ANIMALIA,CHORDATA,MAMMALIA,CARNIVORA,CANIDAE,Vulpes,Vulpes corsac,"(Linnaeus, 1768)",NA,NA,NA,LC,Corsac Fox
3524,23052,ANIMALIA,CHORDATA,MAMMALIA,CARNIVORA,CANIDAE,Vulpes,Vulpes pallida,"(Cretzschmar, 1826)",NA,NA,NA,LC,Pale Fox
3525,23053,ANIMALIA,CHORDATA,MAMMALIA,CARNIVORA,CANIDAE,Vulpes,Vulpes rueppellii,"(Schinz, 1825)",NA,NA,NA,LC,Rüppell's Fox
3526,23059,ANIMALIA,CHORDATA,MAMMALIA,CARNIVORA,CANIDAE,Vulpes,Vulpes velox,"(Say, 1823)",NA,NA,NA,LC,Swift Fox
3527,23060,ANIMALIA,CHORDATA,MAMMALIA,CARNIVORA,CANIDAE,Vulpes,Vulpes chama,"(A. Smith, 1833)",NA,NA,NA,LC,Cape Fox
3528,23061,ANIMALIA,CHORDATA,MAMMALIA,CARNIVORA,CANIDAE,Vulpes,Vulpes ferrilata,"Hodgson, 1842",NA,NA,NA,LC,Tibetan Fox
3529,23062,ANIMALIA,CHORDATA,MAMMALIA,CARNIVORA,CANIDAE,Vulpes,Vulpes vulpes,"(Linnaeus, 1758)",NA,NA,NA,LC,Red Fox
3530,23076,ANIMALIA,CHORDATA,MAMMALIA,RODENTIA,CRICETIDAE,Wiedomys,Wiedomys pyrrhorhinos,"(Wied-Neuwied, 1821)",NA,NA,NA,LC,Red-nosed Mouse
3531,23077,ANIMALIA,CHORDATA,MAMMALIA,RODENTIA,CRICETIDAE,Wilfredomys,Wilfredomys oenax,"(Thomas, 1928)",NA,NA,NA,EN,Greater Wilfred's Mouse
3532,23078,ANIMALIA,CHORDATA,MAMMALIA,RODENTIA,CRICETIDAE,Juliomys,Juliomys pictipes,"(Osgood, 1933)",NA,NA,NA,LC,Lesser Wilfred's Mouse
3533,23091,ANIMALIA,CHORDATA,MAMMALIA,DIPROTODONTIA,PHALANGERIDAE,Wyulda,Wyulda squamicaudata,"Alexander, 1919",NA,NA,NA,NT,Scaly-tailed Possum
3534,23115,ANIMALIA,CHORDATA,MAMMALIA,RODENTIA,CRICETIDAE,Xenomys,Xenomys nelsoni,"Merriam, 1892",NA,NA,NA,EN,Magdelena Wood Rat
3535,23137,ANIMALIA,CHORDATA,MAMMALIA,RODENTIA,MURIDAE,Xenuromys,Xenuromys barbatus,"(Milne-Edwards, 1900)",NA,NA,NA,LC,Rock-dwelling Giant Rat
3536,23141,ANIMALIA,CHORDATA,MAMMALIA,RODENTIA,MURIDAE,Xeromys,Xeromys myoides,"Thomas, 1889",NA,NA,NA,VU,Water Mouse
3537,23144,ANIMALIA,CHORDATA,MAMMALIA,RODENTIA,SCIURIDAE,Xerus,Xerus erythropus,"Desmarest, 1817",NA,NA,NA,LC,Striped Ground Squirrel
3538,23145,ANIMALIA,CHORDATA,MAMMALIA,RODENTIA,SCIURIDAE,Xerus,Xerus inauris,"(Zimmermann, 1780)",NA,NA,NA,LC,South African Ground Squirrel
3539,23146,ANIMALIA,CHORDATA,MAMMALIA,RODENTIA,SCIURIDAE,Xerus,Xerus princeps,"(Thomas, 1929)",NA,NA,NA,LC,Damara Ground Squirrel
3540,23147,ANIMALIA,CHORDATA,MAMMALIA,RODENTIA,SCIURIDAE,Xerus,Xerus rutilus,"(Cretzschmar, 1828)",NA,NA,NA,LC,Unstriped Ground Squirrel
3541,23178,ANIMALIA,CHORDATA,MAMMALIA,CINGULATA,CHLAMYPHORIDAE,Zaedyus,Zaedyus pichiy,"(Desmarest, 1804)",NA,NA,NA,NT,Pichi
3542,23179,ANIMALIA,CHORDATA,MAMMALIA,MONOTREMATA,TACHYGLOSSIDAE,Zaglossus,Zaglossus bruijnii,"(Peters &amp; Doria, 1876)",NA,NA,NA,CR,Western Long-beaked Echidna
3543,23192,ANIMALIA,CHORDATA,MAMMALIA,RODENTIA,DIPODIDAE,Zapus,Zapus trinotatus,"Rhoads, 1895",NA,NA,NA,LC,Point Reyes Jumping Mouse
3544,23196,ANIMALIA,CHORDATA,MAMMALIA,RODENTIA,MURIDAE,Zelotomys,Zelotomys woosnami,"(Schwann, 1906)",NA,NA,NA,LC,Woosnam's Broad-headed Mouse
3545,23197,ANIMALIA,CHORDATA,MAMMALIA,RODENTIA,MURIDAE,Zelotomys,Zelotomys hildegardeae,"(Thomas, 1902)",NA,NA,NA,LC,Hildegarde's Broad-headed Mouse
3546,23204,ANIMALIA,CHORDATA,MAMMALIA,RODENTIA,ANOMALURIDAE,Zenkerella,Zenkerella insignis,"Matschie, 1898",NA,NA,NA,LC,Cameroon Scaly-tail
3547,23211,ANIMALIA,CHORDATA,MAMMALIA,ARTIODACTYLA,ZIPHIIDAE,Ziphius,Ziphius cavirostris,"G. Cuvier, 1823",NA,NA,NA,LC,Cuvier's Beaked Whale
3548,23321,ANIMALIA,CHORDATA,MAMMALIA,RODENTIA,CRICETIDAE,Zygodontomys,Zygodontomys brevicauda,"J.A. Allen &amp; Chapman, 1893",NA,NA,NA,LC,Short-tailed Cane Mouse
3549,23322,ANIMALIA,CHORDATA,MAMMALIA,RODENTIA,CRICETIDAE,Zygodontomys,Zygodontomys brunneus,"Thomas, 1898",NA,NA,NA,LC,Brown Cane Mouse
3550,23323,ANIMALIA,CHORDATA,MAMMALIA,RODENTIA,GEOMYIDAE,Zygogeomys,Zygogeomys trichopus,"Merriam, 1895",NA,NA,NA,EN,Michoacan Pocket Gopher
3551,23324,ANIMALIA,CHORDATA,MAMMALIA,RODENTIA,MURIDAE,Zyzomys,Zyzomys pedunculatus,"(Waite, 1896)",NA,NA,NA,CR,Central Rock-rat
3552,23325,ANIMALIA,CHORDATA,MAMMALIA,RODENTIA,MURIDAE,Zyzomys,Zyzomys argurus,"(Thomas, 1889)",NA,NA,NA,LC,Common Rock Rat
3553,23326,ANIMALIA,CHORDATA,MAMMALIA,RODENTIA,MURIDAE,Zyzomys,Zyzomys maini,"Kitchener, 1989",NA,NA,NA,VU,Arnhem Rock-rat
3554,23327,ANIMALIA,CHORDATA,MAMMALIA,RODENTIA,MURIDAE,Zyzomys,Zyzomys palatalis,"Kitchener, 1989",NA,NA,NA,CR,Carpentarian Rock-rat
3555,23328,ANIMALIA,CHORDATA,MAMMALIA,RODENTIA,MURIDAE,Zyzomys,Zyzomys woodwardi,"(Thomas, 1909)",NA,NA,NA,LC,Kimberley Rock Rat
3556,27926,ANIMALIA,CHORDATA,MAMMALIA,EULIPOTYPHLA,ERINACEIDAE,Atelerix,Atelerix algirus,"(Lereboullet, 1842)",NA,NA,NA,LC,North African Hedgehog
3557,29401,ANIMALIA,CHORDATA,MAMMALIA,RODENTIA,CRICETIDAE,Hylaeamys,Hylaeamys tatei,"(Musser, Carleton, Brothers &amp; Gardner, 1998)",NA,NA,NA,DD,NA
3558,29402,ANIMALIA,CHORDATA,MAMMALIA,RODENTIA,CRICETIDAE,Euryoryzomys,Euryoryzomys emmonsae,"(Musser, Carleton, Brothers &amp; Gardner, 1998)",NA,NA,NA,DD,Emmons's Rice Rat
3559,29403,ANIMALIA,CHORDATA,MAMMALIA,RODENTIA,CRICETIDAE,Hylaeamys,Hylaeamys megacephalus,"(Fischer, 1814)",NA,NA,NA,LC,NA
3560,29404,ANIMALIA,CHORDATA,MAMMALIA,RODENTIA,CRICETIDAE,Hylaeamys,Hylaeamys laticeps,"(Lund, 1840)",NA,NA,NA,VU,Large-headed Rice Rat
3561,29405,ANIMALIA,CHORDATA,MAMMALIA,RODENTIA,CRICETIDAE,Euryoryzomys,Euryoryzomys russatus,"(Wagner, 1848)",NA,NA,NA,LC,Russet Rice Rat
3562,29418,ANIMALIA,CHORDATA,MAMMALIA,RODENTIA,CRICETIDAE,Oligoryzomys,Oligoryzomys stramineus,"Bonvicino &amp; Weksler, 1998",NA,NA,NA,LC,NA
3563,29420,ANIMALIA,CHORDATA,MAMMALIA,CHIROPTERA,VESPERTILIONIDAE,Myotis,Myotis csorbai,"Topál, 1997",NA,NA,NA,DD,Csorba’s Mouse-eared Myotis
3564,29434,ANIMALIA,CHORDATA,MAMMALIA,RODENTIA,CRICETIDAE,Loxodontomys,Loxodontomys pikumche,"Spotorno, Cofre, Vilina, Marquet &amp; Walker, 1998",NA,NA,NA,LC,NA
3565,29458,ANIMALIA,CHORDATA,MAMMALIA,RODENTIA,MURIDAE,Crunomys,Crunomys suncoides,"Rickart, Heaney, Tabaranza Jr. &amp; Balete, 1998",NA,NA,NA,DD,Katanglad Shrew Mouse
3566,29459,ANIMALIA,CHORDATA,MAMMALIA,RODENTIA,MURIDAE,Soricomys,Soricomys musseri,"(Rickart, Heaney, Tabaranza Jr. &amp; Balete, 1998)",NA,NA,NA,LC,Sierra Madre Shrew Mouse
3567,29460,ANIMALIA,CHORDATA,MAMMALIA,RODENTIA,NESOMYIDAE,Eliurus,Eliurus grandidieri,"Carleton &amp; Goodman, 1998",NA,NA,NA,LC,Grandidier's Tuft-tailed Rat
3568,29461,ANIMALIA,CHORDATA,MAMMALIA,RODENTIA,NESOMYIDAE,Voalavo,Voalavo gymnocaudus,"Carleton &amp; Goodman, 1998",NA,NA,NA,LC,Northern Voalavo
3569,29462,ANIMALIA,CHORDATA,MAMMALIA,AFROSORICIDA,TENRECIDAE,Microgale,Microgale monticola,"Goodman &amp; Jenkins, 1998",NA,NA,NA,VU,Montane Shrew Tenrec
3570,29463,ANIMALIA,CHORDATA,MAMMALIA,RODENTIA,ECHIMYIDAE,Proechimys,Proechimys echinothrix,"da Silva, 1998",NA,NA,NA,LC,NA
3571,29464,ANIMALIA,CHORDATA,MAMMALIA,RODENTIA,ECHIMYIDAE,Proechimys,Proechimys kulinae,"da Silva, 1998",NA,NA,NA,DD,NA
3572,29465,ANIMALIA,CHORDATA,MAMMALIA,RODENTIA,ECHIMYIDAE,Proechimys,Proechimys pattoni,"da Silva, 1998",NA,NA,NA,LC,NA
3573,29466,ANIMALIA,CHORDATA,MAMMALIA,RODENTIA,ECHIMYIDAE,Proechimys,Proechimys gardneri,"da Silva, 1998",NA,NA,NA,DD,NA
3574,29473,ANIMALIA,CHORDATA,MAMMALIA,CHIROPTERA,PTEROPODIDAE,Pteralopex,Pteralopex taki,"Parnaby, 2002",NA,NA,NA,VU,New Georgian Monkey-faced Bat
3575,29484,ANIMALIA,CHORDATA,MAMMALIA,CHIROPTERA,VESPERTILIONIDAE,Myotis,Myotis yanbarensis,"Maeda &amp; Matsumura, 1998",NA,NA,NA,CR,Yanbaru Whiskered Bat
3576,29485,ANIMALIA,CHORDATA,MAMMALIA,CHIROPTERA,VESPERTILIONIDAE,Murina,Murina ryukyuana,"Maeda &amp; Matsumura, 1998",NA,NA,NA,EN,Ryukyu Tube-nosed Bat
3577,29606,ANIMALIA,CHORDATA,MAMMALIA,CHIROPTERA,VESPERTILIONIDAE,Histiotus,Histiotus humboldti,"Handley, 1996",NA,NA,NA,DD,NA
3578,29607,ANIMALIA,CHORDATA,MAMMALIA,CHIROPTERA,VESPERTILIONIDAE,Lasiurus,Lasiurus atratus,"Handley, 1996",NA,NA,NA,LC,NA
3579,29619,ANIMALIA,CHORDATA,MAMMALIA,ARTIODACTYLA,CERVIDAE,Mazama,Mazama americana,"(Erxleben, 1777)",NA,NA,NA,DD,Red Brocket
3580,29620,ANIMALIA,CHORDATA,MAMMALIA,ARTIODACTYLA,CERVIDAE,Mazama,Mazama gouazoubira,"(G. Fischer [von Waldheim], 1814)",NA,NA,NA,LC,Gray Brocket
3581,29621,ANIMALIA,CHORDATA,MAMMALIA,ARTIODACTYLA,CERVIDAE,Mazama,Mazama nana,"(Hensel, 1872)",NA,NA,NA,VU,Brazilian Dwarf Brocket
3582,29622,ANIMALIA,CHORDATA,MAMMALIA,ARTIODACTYLA,CERVIDAE,Mazama,Mazama pandora,"Merriam, 1901",NA,NA,NA,VU,Yucatan Brown Brocket
3583,29650,ANIMALIA,CHORDATA,MAMMALIA,EULIPOTYPHLA,ERINACEIDAE,Erinaceus,Erinaceus europaeus,"Linnaeus, 1758",NA,NA,NA,LC,Western European Hedgehog
3584,29651,ANIMALIA,CHORDATA,MAMMALIA,EULIPOTYPHLA,SORICIDAE,Crocidura,Crocidura leucodon,"(Hermann, 1780)",NA,NA,NA,LC,Bicolored Shrew
3585,29652,ANIMALIA,CHORDATA,MAMMALIA,EULIPOTYPHLA,SORICIDAE,Crocidura,Crocidura russula,"(Hermann, 1780)",NA,NA,NA,LC,White-toothed Shrew
3586,29653,ANIMALIA,CHORDATA,MAMMALIA,EULIPOTYPHLA,SORICIDAE,Crocidura,Crocidura gueldenstaedtii,"(Pallas, 1811)",NA,NA,NA,LC,Gueldenstädt's Shrew
3587,29654,ANIMALIA,CHORDATA,MAMMALIA,EULIPOTYPHLA,SORICIDAE,Crocidura,Crocidura serezkyensis,"Laptev, 1929",NA,NA,NA,LC,Serezkaya Shrew
3588,29655,ANIMALIA,CHORDATA,MAMMALIA,EULIPOTYPHLA,SORICIDAE,Crocidura,Crocidura sicula,"Miller, 1900",NA,NA,NA,LC,Sicilian Shrew
3589,29657,ANIMALIA,CHORDATA,MAMMALIA,EULIPOTYPHLA,SORICIDAE,Neomys,Neomys anomalus,"Cabrera, 1907",NA,NA,NA,LC,Southern Water Shrew
3590,29658,ANIMALIA,CHORDATA,MAMMALIA,EULIPOTYPHLA,SORICIDAE,Neomys,Neomys fodiens,"(Pennant, 1771)",NA,NA,NA,LC,Eurasian Water Shrew
3591,29659,ANIMALIA,CHORDATA,MAMMALIA,EULIPOTYPHLA,SORICIDAE,Neomys,Neomys teres,"Miller, 1908",NA,NA,NA,LC,Transcaucasian Water Shrew
3592,29660,ANIMALIA,CHORDATA,MAMMALIA,EULIPOTYPHLA,SORICIDAE,Sorex,Sorex alpinus,"Schinz, 1837",NA,NA,NA,NT,Alpine Shrew
3593,29661,ANIMALIA,CHORDATA,MAMMALIA,EULIPOTYPHLA,SORICIDAE,Sorex,Sorex araneus,"Linnaeus, 1758",NA,NA,NA,LC,Eurasian Shrew
3594,29662,ANIMALIA,CHORDATA,MAMMALIA,EULIPOTYPHLA,SORICIDAE,Sorex,Sorex caecutiens,"Laxmann, 1788",NA,NA,NA,LC,Masked Shrew
3595,29663,ANIMALIA,CHORDATA,MAMMALIA,EULIPOTYPHLA,SORICIDAE,Sorex,Sorex coronatus,"Millet, 1828",NA,NA,NA,LC,Crowned Shrew
3596,29664,ANIMALIA,CHORDATA,MAMMALIA,EULIPOTYPHLA,SORICIDAE,Sorex,Sorex granarius,"Miller, 1910",NA,NA,NA,LC,Iberian Shrew
3597,29665,ANIMALIA,CHORDATA,MAMMALIA,EULIPOTYPHLA,SORICIDAE,Sorex,Sorex isodon,"Turov, 1924",NA,NA,NA,LC,Taiga Shrew
3598,29666,ANIMALIA,CHORDATA,MAMMALIA,EULIPOTYPHLA,SORICIDAE,Sorex,Sorex minutissimus,"Zimmermann, 1780",NA,NA,NA,LC,Least Shrew
3599,29667,ANIMALIA,CHORDATA,MAMMALIA,EULIPOTYPHLA,SORICIDAE,Sorex,Sorex minutus,"Linnaeus, 1766",NA,NA,NA,LC,Eurasian Pygmy Shrew
3600,29668,ANIMALIA,CHORDATA,MAMMALIA,EULIPOTYPHLA,SORICIDAE,Sorex,Sorex raddei,"Satunin, 1895",NA,NA,NA,LC,Radde's Shrew
3601,29670,ANIMALIA,CHORDATA,MAMMALIA,EULIPOTYPHLA,SORICIDAE,Sorex,Sorex volnuchini,"Ognev, 1922",NA,NA,NA,LC,Caucasian Pygmy Shrew
3602,29672,ANIMALIA,CHORDATA,MAMMALIA,CARNIVORA,MUSTELIDAE,Martes,Martes foina,"(Erxleben, 1777)",NA,NA,NA,LC,Beech Marten
3603,29673,ANIMALIA,CHORDATA,MAMMALIA,CARNIVORA,MUSTELIDAE,Meles,Meles meles,"(Linnaeus, 1758)",NA,NA,NA,LC,Eurasian Badger
3604,29674,ANIMALIA,CHORDATA,MAMMALIA,CARNIVORA,MUSTELIDAE,Mustela,Mustela erminea,"Linnaeus, 1758",NA,NA,NA,LC,Stoat
3605,29679,ANIMALIA,CHORDATA,MAMMALIA,CARNIVORA,MUSTELIDAE,Mustela,Mustela eversmanii,"Lesson, 1827",NA,NA,NA,LC,Steppe Polecat
3606,29680,ANIMALIA,CHORDATA,MAMMALIA,CARNIVORA,MUSTELIDAE,Vormela,Vormela peregusna,"(Güldenstädt, 1770)",NA,NA,NA,VU,Marbled Polecat
3607,29684,ANIMALIA,CHORDATA,MAMMALIA,ARTIODACTYLA,BOVIDAE,Ovibos,Ovibos moschatus,"(E.A.W. Zimmermann, 1780)",NA,NA,NA,LC,Muskox
3608,29730,ANIMALIA,CHORDATA,MAMMALIA,CHIROPTERA,PTEROPODIDAE,Rousettus,Rousettus aegyptiacus,"(É. Geoffroy, 1810)",NA,NA,NA,LC,Egyptian Fruit Bat
3609,29742,ANIMALIA,CHORDATA,MAMMALIA,ARTIODACTYLA,CERVIDAE,Rangifer,Rangifer tarandus,"(Linnaeus, 1758)",NA,NA,NA,VU,Reindeer
3610,30208,ANIMALIA,CHORDATA,MAMMALIA,ARTIODACTYLA,BOVIDAE,Damaliscus,Damaliscus pygargus,"(Pallas, 1767)",NA,NA,NA,LC,Blesbok
3611,39250,ANIMALIA,CHORDATA,MAMMALIA,ARTIODACTYLA,BOVIDAE,Ovis,Ovis dalli,"Nelson, 1884",NA,NA,NA,LC,Thinhorn Sheep
3612,39255,ANIMALIA,CHORDATA,MAMMALIA,ARTIODACTYLA,BOVIDAE,Rupicapra,Rupicapra rupicapra,"(Linnaeus, 1758)",NA,NA,NA,LC,Northern Chamois
3613,39314,ANIMALIA,CHORDATA,MAMMALIA,RODENTIA,ECHIMYIDAE,Pattonomys,Pattonomys occasius,"(Thomas, 1921)",NA,NA,NA,DD,Bare-tailed Armored Tree-rat
3614,39315,ANIMALIA,CHORDATA,MAMMALIA,RODENTIA,CRICETIDAE,Microtus,Microtus gerbii,"(Gerbe, 1879)",NA,NA,NA,LC,Pyrenean Pine Vole
3615,39316,ANIMALIA,CHORDATA,MAMMALIA,RODENTIA,GLIRIDAE,Glis,Glis glis,"(Linnaeus, 1766)",NA,NA,NA,LC,Edible Dormouse
3616,39426,ANIMALIA,CHORDATA,MAMMALIA,CARNIVORA,EUPLERIDAE,Galidia,Galidia elegans,"I. Geoffroy Saint-Hilaire, 1837",NA,NA,NA,LC,Ring-tailed Vontsira
3617,39428,ANIMALIA,CHORDATA,MAMMALIA,ARTIODACTYLA,DELPHINIDAE,Orcaella,Orcaella brevirostris,"(Owen in Gray, 1866)",NA,NA,Mahakam River subpopulation,CR,Irrawaddy Dolphin
3618,39547,ANIMALIA,CHORDATA,MAMMALIA,CARNIVORA,EUPLERIDAE,Eupleres,Eupleres major,"Lavauden, 1929",NA,NA,NA,EN,Western Falanouc
3619,39553,ANIMALIA,CHORDATA,MAMMALIA,RODENTIA,SCIURIDAE,Glaucomys,Glaucomys sabrinus,"(Shaw, 1801)",NA,NA,NA,LC,Northern Flying Squirrel
3620,39591,ANIMALIA,CHORDATA,MAMMALIA,RODENTIA,CRICETIDAE,Craseomys,Craseomys rex,"Imaizumi, 1971",NA,NA,NA,LC,Hokkaido Red-backed Vole
3621,39593,ANIMALIA,CHORDATA,MAMMALIA,SCANDENTIA,TUPAIIDAE,Anathana,Anathana ellioti,"(Waterhouse, 1850)",NA,NA,NA,LC,Madras Treeshrew
3622,39594,ANIMALIA,CHORDATA,MAMMALIA,EULIPOTYPHLA,ERINACEIDAE,Paraechinus,Paraechinus nudiventris,"(Horsefield, 1851)",NA,NA,NA,LC,Madras Hedgehog
3623,39751,ANIMALIA,CHORDATA,MAMMALIA,PRIMATES,CHEIROGALEIDAE,Microcebus,Microcebus ravelobensis,"Zimmermann, Cepok, Rakotoarison, Zietemann &amp; Radespiel, 1998",NA,NA,NA,VU,Golden-brown Mouse Lemur
3624,39758,ANIMALIA,CHORDATA,MAMMALIA,PRIMATES,LORISIDAE,Nycticebus,Nycticebus bengalensis,"(Lacépède, 1800)",NA,NA,NA,EN,Bengal Slow Loris
3625,39761,ANIMALIA,CHORDATA,MAMMALIA,PRIMATES,LORISIDAE,Nycticebus,Nycticebus javanicus,"É. Geoffroy, 1812",NA,NA,NA,CR,Javan Slow Loris
3626,39775,ANIMALIA,CHORDATA,MAMMALIA,PRIMATES,HYLOBATIDAE,Nomascus,Nomascus concolor,"(Harlan, 1826)",NA,NA,NA,CR,Black Crested Gibbon
3627,39779,ANIMALIA,CHORDATA,MAMMALIA,PRIMATES,HYLOBATIDAE,Symphalangus,Symphalangus syndactylus,"(Raffles, 1821)",NA,NA,NA,EN,Siamang
3628,39792,ANIMALIA,CHORDATA,MAMMALIA,PRIMATES,CERCOPITHECIDAE,Macaca,Macaca leonina,"(Blyth, 1863)",NA,NA,NA,VU,Northern Pig-tailed Macaque
3629,39793,ANIMALIA,CHORDATA,MAMMALIA,PRIMATES,CERCOPITHECIDAE,Macaca,Macaca ochreata,"(Ogilby, 1841)",NA,NA,NA,VU,Booted Macaque
3630,39794,ANIMALIA,CHORDATA,MAMMALIA,PRIMATES,CERCOPITHECIDAE,Macaca,Macaca pagensis,"(Miller, 1903)",NA,NA,NA,CR,Pagai Island Macaque
3631,39795,ANIMALIA,CHORDATA,MAMMALIA,PRIMATES,CERCOPITHECIDAE,Macaca,Macaca siberu,"Fuentes &amp; Olson, 1995",NA,NA,NA,EN,Siberut Macaque
3632,39801,ANIMALIA,CHORDATA,MAMMALIA,PRIMATES,CERCOPITHECIDAE,Presbytis,Presbytis femoralis,"(Martin, 1838)",NA,NA,NA,CR,Raffles' Banded Langur
3633,39803,ANIMALIA,CHORDATA,MAMMALIA,PRIMATES,CERCOPITHECIDAE,Presbytis,Presbytis chrysomelas,"(Müller, 1838)",NA,NA,NA,CR,Bornean Banded Langur
3634,39805,ANIMALIA,CHORDATA,MAMMALIA,PRIMATES,CERCOPITHECIDAE,Presbytis,Presbytis percura,"Lyon, 1908",NA,NA,NA,CR,East Sumatran Banded Langur
3635,39806,ANIMALIA,CHORDATA,MAMMALIA,PRIMATES,CERCOPITHECIDAE,Presbytis,Presbytis robinsoni,"Thomas, 1910",NA,NA,NA,NT,Robinson’s Banded Langur
3636,39808,ANIMALIA,CHORDATA,MAMMALIA,PRIMATES,CERCOPITHECIDAE,Presbytis,Presbytis canicrus,"(Miller, 1934)",NA,NA,NA,EN,Miller’s Grizzled Langur
3637,39810,ANIMALIA,CHORDATA,MAMMALIA,PRIMATES,CERCOPITHECIDAE,Presbytis,Presbytis sabana,"(Thomas, 1893)",NA,NA,NA,EN,Sabah Grizzled Langur
3638,39811,ANIMALIA,CHORDATA,MAMMALIA,PRIMATES,CERCOPITHECIDAE,Presbytis,Presbytis melalophos,"(Raffles, 1821)",NA,NA,NA,EN,Yellow-handed Mitered Langur
3639,39812,ANIMALIA,CHORDATA,MAMMALIA,PRIMATES,CERCOPITHECIDAE,Presbytis,Presbytis bicolor,"Aimi &amp; Bakar, 1992",NA,NA,NA,DD,Bicolored Banded Langur
3640,39813,ANIMALIA,CHORDATA,MAMMALIA,PRIMATES,CERCOPITHECIDAE,Presbytis,Presbytis mitrata,"Eschsholtz, 1821",NA,NA,NA,VU,Southern Mitered Langur
3641,39815,ANIMALIA,CHORDATA,MAMMALIA,PRIMATES,CERCOPITHECIDAE,Presbytis,Presbytis potenziani,"(Bonaparte, 1856)",NA,NA,NA,CR,Golden-bellied Mentawai Island Langur
3642,39816,ANIMALIA,CHORDATA,MAMMALIA,PRIMATES,CERCOPITHECIDAE,Presbytis,Presbytis siberu,"(Chasen &amp; Kloss, 1928)",NA,NA,NA,EN,Siberut Langur
3643,39826,ANIMALIA,CHORDATA,MAMMALIA,PRIMATES,CERCOPITHECIDAE,Pygathrix,Pygathrix nemaeus,"(Linnaeus, 1771)",NA,NA,NA,CR,Red-shanked Douc Langur
3644,39827,ANIMALIA,CHORDATA,MAMMALIA,PRIMATES,CERCOPITHECIDAE,Pygathrix,Pygathrix cinerea,"Nadler, 1997",NA,NA,NA,CR,Grey-shanked Douc Langur
3645,39828,ANIMALIA,CHORDATA,MAMMALIA,PRIMATES,CERCOPITHECIDAE,Pygathrix,Pygathrix nigripes,"(Milne-Edwards, 1871)",NA,NA,NA,CR,Black-shanked Douc Langur
3646,39832,ANIMALIA,CHORDATA,MAMMALIA,PRIMATES,CERCOPITHECIDAE,Semnopithecus,Semnopithecus entellus,"(Dufresne, 1797)",NA,NA,NA,LC,Northern Plains Gray Langur
3647,39833,ANIMALIA,CHORDATA,MAMMALIA,PRIMATES,CERCOPITHECIDAE,Semnopithecus,Semnopithecus ajax,"(Pocock, 1928)",NA,NA,NA,EN,Kashmir Gray Langur
3648,39837,ANIMALIA,CHORDATA,MAMMALIA,PRIMATES,CERCOPITHECIDAE,Semnopithecus,Semnopithecus hector,"(Pocock, 1928)",NA,NA,NA,NT,Tarai Gray Langur
3649,39840,ANIMALIA,CHORDATA,MAMMALIA,PRIMATES,CERCOPITHECIDAE,Semnopithecus,Semnopithecus schistaceus,"Hodgson, 1840",NA,NA,NA,LC,Nepal Gray Langur
3650,39848,ANIMALIA,CHORDATA,MAMMALIA,PRIMATES,CERCOPITHECIDAE,Trachypithecus,Trachypithecus auratus,"(É, Geoffroy, 1812)",NA,NA,NA,VU,Spangled Ebony Langur
3651,39849,ANIMALIA,CHORDATA,MAMMALIA,PRIMATES,CERCOPITHECIDAE,Trachypithecus,Trachypithecus mauritius,"(Griffith, 1821)",NA,NA,NA,VU,West Javan Ebony Langur
3652,39853,ANIMALIA,CHORDATA,MAMMALIA,PRIMATES,CERCOPITHECIDAE,Trachypithecus,Trachypithecus francoisi,"(Pousargues, 1898)",NA,NA,NA,EN,François’s Langur
3653,39869,ANIMALIA,CHORDATA,MAMMALIA,PRIMATES,CERCOPITHECIDAE,Trachypithecus,Trachypithecus shortridgei,"Wroughton, 1915",NA,NA,NA,EN,Shortridge’s Langur
3654,39871,ANIMALIA,CHORDATA,MAMMALIA,PRIMATES,CERCOPITHECIDAE,Trachypithecus,Trachypithecus poliocephalus,"(Pousargues, 1898)",NA,NA,NA,CR,Cat Ba Hooded Black Leaf Monkey
3655,39872,ANIMALIA,CHORDATA,MAMMALIA,PRIMATES,CERCOPITHECIDAE,Trachypithecus,Trachypithecus leucocephalus,"Tan, 1955",NA,NA,NA,CR,White-headed Black Langur
3656,39874,ANIMALIA,CHORDATA,MAMMALIA,PRIMATES,CERCOPITHECIDAE,Trachypithecus,Trachypithecus germaini,"(Milne-Edwards, 1876)",NA,NA,NA,EN,Indochinese Silvered Langur
3657,39875,ANIMALIA,CHORDATA,MAMMALIA,PRIMATES,CERCOPITHECIDAE,Trachypithecus,Trachypithecus margarita,"(Elliot, 1909)",NA,NA,NA,EN,Elliot’s Silver Langur
3658,39876,ANIMALIA,CHORDATA,MAMMALIA,PRIMATES,HYLOBATIDAE,Hoolock,Hoolock hoolock,"(Harlan, 1834)",NA,NA,NA,EN,Western Hoolock Gibbon
3659,39879,ANIMALIA,CHORDATA,MAMMALIA,PRIMATES,HYLOBATIDAE,Hylobates,Hylobates albibarbis,"Lyon, 1911",NA,NA,NA,EN,Bornean White-bearded Gibbon
3660,39888,ANIMALIA,CHORDATA,MAMMALIA,PRIMATES,HYLOBATIDAE,Hylobates,Hylobates muelleri,"Martin, 1841",NA,NA,NA,EN,Bornean Gibbon
3661,39889,ANIMALIA,CHORDATA,MAMMALIA,PRIMATES,HYLOBATIDAE,Hylobates,Hylobates abbotti,"Kloss, 1929",NA,NA,NA,EN,Abbott’s Gray Gibbon
3662,39890,ANIMALIA,CHORDATA,MAMMALIA,PRIMATES,HYLOBATIDAE,Hylobates,Hylobates funereus,"I. Geoffroy, 1850",NA,NA,NA,EN,Northern Gray Gibbon
3663,39895,ANIMALIA,CHORDATA,MAMMALIA,PRIMATES,HYLOBATIDAE,Nomascus,Nomascus leucogenys,"(Ogilby, 1840)",NA,NA,NA,CR,Northern White-cheeked Gibbon
3664,39896,ANIMALIA,CHORDATA,MAMMALIA,PRIMATES,HYLOBATIDAE,Nomascus,Nomascus siki,"(Delacour, 1951)",NA,NA,NA,CR,Southern White-cheeked Gibbon
3665,39910,ANIMALIA,CHORDATA,MAMMALIA,PRIMATES,CALLITRICHIDAE,Mico,Mico chrysoleucos,"(Wagner, 1842)",NA,NA,NA,LC,Golden-white Tassel-ear Marmoset
3666,39911,ANIMALIA,CHORDATA,MAMMALIA,PRIMATES,CALLITRICHIDAE,Mico,Mico intermedius,"(Hershkovitz, 1977)",NA,NA,NA,LC,Aripuanã Marmoset
3667,39912,ANIMALIA,CHORDATA,MAMMALIA,PRIMATES,CALLITRICHIDAE,Mico,Mico leucippe,"(Thomas, 1922)",NA,NA,NA,LC,Golden-white Bare-ear Marmoset
3668,39913,ANIMALIA,CHORDATA,MAMMALIA,PRIMATES,CALLITRICHIDAE,Mico,Mico nigriceps,"(Ferrari &amp; Lopes, 1992)",NA,NA,NA,NT,Black-headed Marmoset
3669,39914,ANIMALIA,CHORDATA,MAMMALIA,PRIMATES,CALLITRICHIDAE,Mico,Mico marcai,"(Alperin, 1993)",NA,NA,NA,VU,Marca’s Marmoset
3670,39915,ANIMALIA,CHORDATA,MAMMALIA,PRIMATES,AOTIDAE,Aotus,Aotus brumbacki,"Hershkovitz, 1983",NA,NA,NA,VU,Brumback's Night Monkey
3671,39916,ANIMALIA,CHORDATA,MAMMALIA,PRIMATES,ATELIDAE,Alouatta,Alouatta guariba,"(Humboldt, 1812)",NA,NA,NA,VU,Brown Howler Monkey
3672,39924,ANIMALIA,CHORDATA,MAMMALIA,PRIMATES,ATELIDAE,Lagothrix,Lagothrix flavicauda,"(Humboldt, 1812)",NA,NA,NA,CR,Peruvian Yellow-tailed Woolly Monkey
3673,39928,ANIMALIA,CHORDATA,MAMMALIA,PRIMATES,PITHECIIDAE,Plecturocebus,Plecturocebus ornatus,"(Gray, 1866)",NA,NA,NA,VU,Ornate Tití Monkey
3674,39929,ANIMALIA,CHORDATA,MAMMALIA,PRIMATES,PITHECIIDAE,Callicebus,Callicebus barbarabrownae,"Hershkovitz, 1990",NA,NA,NA,CR,Blond Titi Monkey
3675,39930,ANIMALIA,CHORDATA,MAMMALIA,PRIMATES,PITHECIIDAE,Callicebus,Callicebus melanochir,"Wied-Neuwied, 1820",NA,NA,NA,VU,Black-handed Titi
3676,39943,ANIMALIA,CHORDATA,MAMMALIA,PRIMATES,PITHECIIDAE,Callicebus,Callicebus nigrifrons,"(Spix, 1823)",NA,NA,NA,NT,Black-fronted Titi Monkey
3677,39944,ANIMALIA,CHORDATA,MAMMALIA,PRIMATES,PITHECIIDAE,Cheracebus,Cheracebus medemi,"Hershkovitz, 1963",NA,NA,NA,VU,Colombian Black-handed Titi
3678,39945,ANIMALIA,CHORDATA,MAMMALIA,PRIMATES,CALLITRICHIDAE,Leontocebus,Leontocebus nigricollis,"(Spix, 1823)",NA,NA,NA,LC,Black Mantle Tamarin
3679,39948,ANIMALIA,CHORDATA,MAMMALIA,PRIMATES,CALLITRICHIDAE,Saguinus,Saguinus imperator,"(Goeldi, 1907)",NA,NA,NA,LC,Emperor Tamarin
3680,39951,ANIMALIA,CHORDATA,MAMMALIA,PRIMATES,CEBIDAE,Cebus,Cebus albifrons,"(Humboldt, 1812)",NA,NA,NA,LC,Humboldt's White-fronted Capuchin
3681,39952,ANIMALIA,CHORDATA,MAMMALIA,PRIMATES,CEBIDAE,Cebus,Cebus versicolor,"Pucheran, 1845",NA,NA,NA,EN,Varied White-fronted Capuchin
3682,39953,ANIMALIA,CHORDATA,MAMMALIA,PRIMATES,AOTIDAE,Aotus,Aotus zonalis,"Goldman, 1914",NA,NA,NA,NT,Panamanian Night Monkey
3683,39954,ANIMALIA,CHORDATA,MAMMALIA,PRIMATES,PITHECIIDAE,Callicebus,Callicebus coimbrai,"Kobayashi &amp; Langguth, 1999",NA,NA,NA,EN,Coimbra-Filho’s Titi Monkey
3684,39955,ANIMALIA,CHORDATA,MAMMALIA,PRIMATES,PITHECIIDAE,Pithecia,Pithecia napensis,"Lönnberg, 1938",NA,NA,NA,LC,Napo Saki
3685,39956,ANIMALIA,CHORDATA,MAMMALIA,PRIMATES,PITHECIIDAE,Chiropotes,Chiropotes satanas,"(Hoffmannsegg, 1807)",NA,NA,NA,EN,Black Bearded Saki
3686,39957,ANIMALIA,CHORDATA,MAMMALIA,PRIMATES,ATELIDAE,Alouatta,Alouatta belzebul,"(Linnaeus, 1766)",NA,NA,NA,VU,Red-handed Howler Monkey
3687,39960,ANIMALIA,CHORDATA,MAMMALIA,PRIMATES,ATELIDAE,Alouatta,Alouatta palliata,"(Gray, 1849)",NA,NA,NA,VU,Mantled Howler Monkey
3688,39961,ANIMALIA,CHORDATA,MAMMALIA,PRIMATES,ATELIDAE,Ateles,Ateles hybridus,"I. Geoffroy, 1829",NA,NA,NA,CR,Brown Spider Monkey
3689,39974,ANIMALIA,CHORDATA,MAMMALIA,RODENTIA,CRICETIDAE,Dicrostonyx,Dicrostonyx unalascensis,"Merriam, 1900",NA,NA,NA,DD,Umnak Island Collared Lemming
3690,39992,ANIMALIA,CHORDATA,MAMMALIA,PRIMATES,CERCOPITHECIDAE,Piliocolobus,Piliocolobus kirkii,"(Gray, 1868)",NA,NA,NA,EN,Zanzibar Red Colobus
3691,39994,ANIMALIA,CHORDATA,MAMMALIA,PRIMATES,HOMINIDAE,Gorilla,Gorilla beringei,"Matschie, 1903",NA,NA,NA,CR,Eastern Gorilla
3692,40015,ANIMALIA,CHORDATA,MAMMALIA,PRIMATES,CERCOPITHECIDAE,Piliocolobus,Piliocolobus gordonorum,"Matschie, 1900",NA,NA,NA,VU,Udzungwa Red Colobus
3693,40019,ANIMALIA,CHORDATA,MAMMALIA,PRIMATES,CEBIDAE,Cebus,Cebus kaapori,"Queiroz, 1992",NA,NA,NA,CR,Ka’apor Capuchin
3694,40022,ANIMALIA,CHORDATA,MAMMALIA,CHIROPTERA,NYCTERIDAE,Nycteris,Nycteris madagascariensis,"G. Grandidier, 1937",NA,NA,NA,DD,Madagascar Slit-faced Bat
3695,40023,ANIMALIA,CHORDATA,MAMMALIA,CHIROPTERA,RHINOLOPHIDAE,Rhinolophus,Rhinolophus beddomei,"K. Andersen, 1905",NA,NA,NA,LC,Beddome's Horseshoe Bat
3696,40024,ANIMALIA,CHORDATA,MAMMALIA,CHIROPTERA,MOLOSSIDAE,Mops,Mops leucostigma,"(G.M. Allen, 1918)",NA,NA,NA,LC,Malagasy White-bellied Free-tailed Bat
3697,40025,ANIMALIA,CHORDATA,MAMMALIA,CHIROPTERA,RHINONYCTERIDAE,Paratriaenops,Paratriaenops auritus,"(Grandidier, 1912)",NA,NA,NA,VU,Grandidier's Trident Bat
3698,40026,ANIMALIA,CHORDATA,MAMMALIA,CHIROPTERA,RHINONYCTERIDAE,Triaenops,Triaenops menamena,"Goodman &amp; Ranivo, 2009",NA,NA,NA,LC,Rufous Trident Bat
3699,40027,ANIMALIA,CHORDATA,MAMMALIA,CHIROPTERA,PHYLLOSTOMIDAE,Lonchorhina,Lonchorhina inusitata,"Handley &amp; Ochoa, 1997",NA,NA,NA,DD,NA
3700,40028,ANIMALIA,CHORDATA,MAMMALIA,CHIROPTERA,PHYLLOSTOMIDAE,Micronycteris,Micronycteris brosseti,"Simmons &amp; Voss, 1998",NA,NA,NA,DD,NA
3701,40029,ANIMALIA,CHORDATA,MAMMALIA,CHIROPTERA,PHYLLOSTOMIDAE,Micronycteris,Micronycteris sanborni,"Simmons, 1996",NA,NA,NA,LC,NA
3702,40031,ANIMALIA,CHORDATA,MAMMALIA,CHIROPTERA,VESPERTILIONIDAE,Thainycteris,Thainycteris aureocollaris,"Kock &amp; Storch, 1996",NA,NA,NA,LC,Collared Sprite
3703,40032,ANIMALIA,CHORDATA,MAMMALIA,CHIROPTERA,VESPERTILIONIDAE,Arielulus,Arielulus torquatus,"Csorba &amp; Lee, 1999",NA,NA,NA,LC,Necklace Sprite
3704,40033,ANIMALIA,CHORDATA,MAMMALIA,CHIROPTERA,VESPERTILIONIDAE,Neoromicia,Neoromicia matroka,"(Thomas &amp; Schwann, 1905)",NA,NA,NA,LC,Malagasy Serotine
3705,40035,ANIMALIA,CHORDATA,MAMMALIA,CHIROPTERA,VESPERTILIONIDAE,Myotis,Myotis gomantongensis,"Francis &amp; Hill, 1998",NA,NA,NA,LC,Gomantong Myotis
3706,40036,ANIMALIA,CHORDATA,MAMMALIA,CHIROPTERA,MOLOSSIDAE,Tadarida,Tadarida latouchei,"Thomas, 1920",NA,NA,NA,EN,La Touche's Free-tailed Bat
3707,40037,ANIMALIA,CHORDATA,MAMMALIA,CHIROPTERA,RHINOLOPHIDAE,Rhinolophus,Rhinolophus convexus,"Csorba, 1997",NA,NA,NA,DD,Convex Horseshoe Bat
3708,40038,ANIMALIA,CHORDATA,MAMMALIA,CHIROPTERA,MOLOSSIDAE,Mops,Mops leucogaster,"A. Grandidier, 1869",NA,NA,NA,LC,Madagascan White-bellied Freetailed Bat
3709,40039,ANIMALIA,CHORDATA,MAMMALIA,CHIROPTERA,MINIOPTERIDAE,Miniopterus,Miniopterus majori,"Thomas, 1906",NA,NA,NA,LC,Major's Long-fingered Bat
3710,40488,ANIMALIA,CHORDATA,MAMMALIA,MONOTREMATA,ORNITHORHYNCHIDAE,Ornithorhynchus,Ornithorhynchus anatinus,"(Shaw, 1799)",NA,NA,NA,NT,Platypus
3711,40489,ANIMALIA,CHORDATA,MAMMALIA,DIDELPHIMORPHIA,DIDELPHIDAE,Didelphis,Didelphis albiventris,"Lund, 1840",NA,NA,NA,LC,White-eared Opossum
3712,40500,ANIMALIA,CHORDATA,MAMMALIA,DIDELPHIMORPHIA,DIDELPHIDAE,Didelphis,Didelphis aurita,"(Wied-Neuwied, 1826)",NA,NA,NA,LC,Brazilian Common Opossum
3713,40501,ANIMALIA,CHORDATA,MAMMALIA,DIDELPHIMORPHIA,DIDELPHIDAE,Didelphis,Didelphis marsupialis,"Linnaeus, 1758",NA,NA,NA,LC,Common Opossum
3714,40502,ANIMALIA,CHORDATA,MAMMALIA,DIDELPHIMORPHIA,DIDELPHIDAE,Didelphis,Didelphis virginiana,"Kerr, 1792",NA,NA,NA,LC,Virginia Opossum
3715,40503,ANIMALIA,CHORDATA,MAMMALIA,DIDELPHIMORPHIA,DIDELPHIDAE,Lutreolina,Lutreolina crassicaudata,"(Desmarest, 1804)",NA,NA,NA,LC,Little Water Opossum
3716,40504,ANIMALIA,CHORDATA,MAMMALIA,DIDELPHIMORPHIA,DIDELPHIDAE,Marmosa,Marmosa mexicana,"Merriam, 1897",NA,NA,NA,LC,Mexican Mouse Opossum
3717,40505,ANIMALIA,CHORDATA,MAMMALIA,DIDELPHIMORPHIA,DIDELPHIDAE,Marmosa,Marmosa murina,"Linnaeus, 1758",NA,NA,NA,LC,Linnaeus's Mouse Opossum
3718,40506,ANIMALIA,CHORDATA,MAMMALIA,DIDELPHIMORPHIA,DIDELPHIDAE,Marmosa,Marmosa robinsoni,"Bangs, 1898",NA,NA,NA,LC,Robinson's Mouse Opossum
3719,40507,ANIMALIA,CHORDATA,MAMMALIA,DIDELPHIMORPHIA,DIDELPHIDAE,Marmosa,Marmosa rubra,"Tate, 1931",NA,NA,NA,DD,Red Mouse Opossum
3720,40508,ANIMALIA,CHORDATA,MAMMALIA,DIDELPHIMORPHIA,DIDELPHIDAE,Marmosops,Marmosops noctivagus,"(Tschudi, 1844)",NA,NA,NA,LC,White-bellied Slender Mouse Opossum
3721,40509,ANIMALIA,CHORDATA,MAMMALIA,DIDELPHIMORPHIA,DIDELPHIDAE,Metachirus,Metachirus nudicaudatus,"(É. Geoffroy, 1803)",NA,NA,NA,LC,Brown Four-eyed Opossum
3722,40510,ANIMALIA,CHORDATA,MAMMALIA,DIDELPHIMORPHIA,DIDELPHIDAE,Marmosa,Marmosa demerarae,"(O. Thomas, 1905)",NA,NA,NA,LC,Woolly Mouse Opossum
3723,40511,ANIMALIA,CHORDATA,MAMMALIA,DIDELPHIMORPHIA,DIDELPHIDAE,Marmosa,Marmosa regina,"O. Thomas, 1898",NA,NA,NA,LC,Short-furred Woolly Mouse Opossum
3724,40513,ANIMALIA,CHORDATA,MAMMALIA,DIDELPHIMORPHIA,DIDELPHIDAE,Monodelphis,Monodelphis brevicaudata,"(Erxleben, 1777)",NA,NA,NA,LC,Northern Red-sided Opossum
3725,40514,ANIMALIA,CHORDATA,MAMMALIA,DIDELPHIMORPHIA,DIDELPHIDAE,Monodelphis,Monodelphis domestica,"(Wagner, 1842)",NA,NA,NA,LC,Grey Short-tailed Opossum
3726,40515,ANIMALIA,CHORDATA,MAMMALIA,DIDELPHIMORPHIA,DIDELPHIDAE,Philander,Philander andersoni,"(Osgood, 1913)",NA,NA,NA,LC,Anderson's Four-eyed Opossum
3727,40516,ANIMALIA,CHORDATA,MAMMALIA,DIDELPHIMORPHIA,DIDELPHIDAE,Philander,Philander opossum,"(Linnaeus, 1758)",NA,NA,NA,LC,Gray Four-eyed Opossum
3728,40517,ANIMALIA,CHORDATA,MAMMALIA,DIDELPHIMORPHIA,DIDELPHIDAE,Thylamys,Thylamys elegans,"(Waterhouse, 1839)",NA,NA,NA,LC,Elegant Fat-tailed Mouse Opossum
3729,40520,ANIMALIA,CHORDATA,MAMMALIA,DIDELPHIMORPHIA,DIDELPHIDAE,Thylamys,Thylamys velutinus,"(Wagner, 1842)",NA,NA,NA,NT,Dwarf Fat-tailed Mouse Opossum
3730,40521,ANIMALIA,CHORDATA,MAMMALIA,PAUCITUBERCULATA,CAENOLESTIDAE,Caenolestes,Caenolestes caniventer,"Anthony, 1921",NA,NA,NA,NT,Gray-bellied Shrew Opossum
3731,40522,ANIMALIA,CHORDATA,MAMMALIA,PAUCITUBERCULATA,CAENOLESTIDAE,Caenolestes,Caenolestes convelatus,"Anthony, 1924",NA,NA,NA,VU,Blackish Shrew Opossum
3732,40523,ANIMALIA,CHORDATA,MAMMALIA,DASYUROMORPHIA,DASYURIDAE,Antechinus,Antechinus bellus,"(Thomas, 1904)",NA,NA,NA,VU,Fawn Antechinus
3733,40524,ANIMALIA,CHORDATA,MAMMALIA,DASYUROMORPHIA,DASYURIDAE,Antechinus,Antechinus flavipes,"(Waterhouse, 1838)",NA,NA,NA,LC,Yellow-footed Antechinus
3734,40525,ANIMALIA,CHORDATA,MAMMALIA,DASYUROMORPHIA,DASYURIDAE,Antechinus,Antechinus minimus,"(É. Geoffroy Saint-Hilaire, 1803)",NA,NA,NA,LC,Swamp Antechinus
3735,40526,ANIMALIA,CHORDATA,MAMMALIA,DASYUROMORPHIA,DASYURIDAE,Antechinus,Antechinus stuartii,"Macleay, 1841",NA,NA,NA,LC,Brown Antechinus
3736,40527,ANIMALIA,CHORDATA,MAMMALIA,DASYUROMORPHIA,DASYURIDAE,Dasykaluta,Dasykaluta rosamondae,"(Ride, 1964)",NA,NA,NA,LC,Kaluta
3737,40529,ANIMALIA,CHORDATA,MAMMALIA,DASYUROMORPHIA,DASYURIDAE,Ningaui,Ningaui ridei,"Archer, 1975",NA,NA,NA,LC,Wongai Ningaui
3738,40530,ANIMALIA,CHORDATA,MAMMALIA,DASYUROMORPHIA,DASYURIDAE,Ningaui,Ningaui timealeyi,"Archer, 1975",NA,NA,NA,LC,Pilbara Ningaui
3739,40531,ANIMALIA,CHORDATA,MAMMALIA,DASYUROMORPHIA,DASYURIDAE,Ningaui,Ningaui yvonneae,"Kitchener, Stoddart &amp; Henry, 1983",NA,NA,NA,LC,Southern Ningaui
3740,40533,ANIMALIA,CHORDATA,MAMMALIA,DASYUROMORPHIA,DASYURIDAE,Planigale,Planigale gilesi,"Aitken, 1972",NA,NA,NA,LC,Giles' Planigale
3741,40534,ANIMALIA,CHORDATA,MAMMALIA,DASYUROMORPHIA,DASYURIDAE,Planigale,Planigale ingrami,"(Thomas, 1906)",NA,NA,NA,LC,Long-tailed Planigale
3742,40535,ANIMALIA,CHORDATA,MAMMALIA,DASYUROMORPHIA,DASYURIDAE,Planigale,Planigale maculata,"(Gould, 1851)",NA,NA,NA,LC,Common Planigale
3743,40536,ANIMALIA,CHORDATA,MAMMALIA,DASYUROMORPHIA,DASYURIDAE,Planigale,Planigale tenuirostris,"Troughton, 1928",NA,NA,NA,LC,Narrow-nosed Planigale
3744,40537,ANIMALIA,CHORDATA,MAMMALIA,DASYUROMORPHIA,DASYURIDAE,Pseudantechinus,Pseudantechinus macdonnellensis,"(Spencer, 1895)",NA,NA,NA,LC,Fat-tailed Pseudantechinus
3745,40538,ANIMALIA,CHORDATA,MAMMALIA,DASYUROMORPHIA,DASYURIDAE,Pseudantechinus,Pseudantechinus ningbing,"Kitchener, 1988",NA,NA,NA,LC,Ningbing Pseudantechinus
3746,40539,ANIMALIA,CHORDATA,MAMMALIA,DASYUROMORPHIA,DASYURIDAE,Pseudantechinus,Pseudantechinus woolleyae,"Kitchener &amp; Caputi, 1988",NA,NA,NA,LC,Woolley's Pseudantechinus
3747,40540,ANIMALIA,CHORDATA,MAMMALIA,DASYUROMORPHIA,DASYURIDAE,Sarcophilus,Sarcophilus harrisii,"(Boitard, 1841)",NA,NA,NA,EN,Tasmanian Devil
3748,40541,ANIMALIA,CHORDATA,MAMMALIA,DASYUROMORPHIA,DASYURIDAE,Sminthopsis,Sminthopsis crassicaudata,"(Gould, 1844)",NA,NA,NA,LC,Fat-tailed Dunnart
3749,40542,ANIMALIA,CHORDATA,MAMMALIA,DASYUROMORPHIA,DASYURIDAE,Sminthopsis,Sminthopsis dolichura,"Kitchener, Stoddart &amp; Henry, 1984",NA,NA,NA,LC,Little Long-tailed Dunnart
3750,40543,ANIMALIA,CHORDATA,MAMMALIA,DASYUROMORPHIA,DASYURIDAE,Sminthopsis,Sminthopsis gilberti,"Kitchener, Stoddart &amp; Henry, 1984",NA,NA,NA,LC,Gilbert's Dunnart
3751,40544,ANIMALIA,CHORDATA,MAMMALIA,DASYUROMORPHIA,DASYURIDAE,Sminthopsis,Sminthopsis hirtipes,"Thomas, 1898",NA,NA,NA,LC,Hairy-footed Dunnart
3752,40545,ANIMALIA,CHORDATA,MAMMALIA,DASYUROMORPHIA,DASYURIDAE,Sminthopsis,Sminthopsis longicaudata,"Spencer, 1909",NA,NA,NA,LC,Long-tailed Dunnart
3753,40546,ANIMALIA,CHORDATA,MAMMALIA,DASYUROMORPHIA,DASYURIDAE,Sminthopsis,Sminthopsis macroura,"(Gould, 1845)",NA,NA,NA,LC,Stripe-faced Dunnart
3754,40547,ANIMALIA,CHORDATA,MAMMALIA,DASYUROMORPHIA,DASYURIDAE,Sminthopsis,Sminthopsis murina,"(Waterhouse, 1838)",NA,NA,NA,LC,Common Dunnart
3755,40548,ANIMALIA,CHORDATA,MAMMALIA,DASYUROMORPHIA,DASYURIDAE,Sminthopsis,Sminthopsis ooldea,"Troughton, 1965",NA,NA,NA,LC,Ooldea Dunnart
3756,40549,ANIMALIA,CHORDATA,MAMMALIA,DASYUROMORPHIA,DASYURIDAE,Sminthopsis,Sminthopsis virginiae,"(Tarragon, 1847)",NA,NA,NA,LC,Red-cheeked Dunnart
3757,40550,ANIMALIA,CHORDATA,MAMMALIA,DASYUROMORPHIA,DASYURIDAE,Sminthopsis,Sminthopsis youngsoni,"McKenzie &amp; Archer, 1982",NA,NA,NA,LC,Lesser Hairy-footed Dunnart
3758,40551,ANIMALIA,CHORDATA,MAMMALIA,DASYUROMORPHIA,DASYURIDAE,Sminthopsis,Sminthopsis bindi,"Van Dyck, Woinarski &amp; Press, 1994",NA,NA,NA,NT,Kakadu Dunnart
3759,40552,ANIMALIA,CHORDATA,MAMMALIA,PERAMELEMORPHIA,PERAMELIDAE,Isoodon,Isoodon macrourus,"(Gould, 1842)",NA,NA,NA,LC,Northern Brown Bandicoot
3760,40553,ANIMALIA,CHORDATA,MAMMALIA,PERAMELEMORPHIA,PERAMELIDAE,Isoodon,Isoodon obesulus,"(Shaw, 1797)",NA,NA,NA,LC,Southern Brown Bandicoot
3761,40554,ANIMALIA,CHORDATA,MAMMALIA,PERAMELEMORPHIA,PERAMELIDAE,Perameles,Perameles nasuta,"É. Geoffroy, 1804",NA,NA,NA,LC,Long-nosed Bandicoot
3762,40555,ANIMALIA,CHORDATA,MAMMALIA,DIPROTODONTIA,VOMBATIDAE,Lasiorhinus,Lasiorhinus latifrons,"(Owen, 1845)",NA,NA,NA,NT,Southern Hairy-nosed Wombat
3763,40556,ANIMALIA,CHORDATA,MAMMALIA,DIPROTODONTIA,VOMBATIDAE,Vombatus,Vombatus ursinus,"(Shaw, 1800)",NA,NA,NA,LC,Common Wombat
3764,40557,ANIMALIA,CHORDATA,MAMMALIA,DIPROTODONTIA,PHALANGERIDAE,Trichosurus,Trichosurus caninus,"(Ogilby, 1836)",NA,NA,NA,LC,Short-eared Brushtail Possum
3765,40558,ANIMALIA,CHORDATA,MAMMALIA,DIPROTODONTIA,POTOROIDAE,Aepyprymnus,Aepyprymnus rufescens,"(Gray, 1837)",NA,NA,NA,LC,Rufous Bettong
3766,40559,ANIMALIA,CHORDATA,MAMMALIA,DIPROTODONTIA,HYPSIPRYMNODONTIDAE,Hypsiprymnodon,Hypsiprymnodon moschatus,"Ramsay, 1876",NA,NA,NA,LC,Musky Rat Kangaroo
3767,40560,ANIMALIA,CHORDATA,MAMMALIA,DIPROTODONTIA,MACROPODIDAE,Notamacropus,Notamacropus agilis,"(Gould, 1842)",NA,NA,NA,LC,Agile Wallaby
3768,40561,ANIMALIA,CHORDATA,MAMMALIA,DIPROTODONTIA,MACROPODIDAE,Osphranter,Osphranter antilopinus,"Gould, 1842",NA,NA,NA,LC,Antilopine Wallaroo
3769,40562,ANIMALIA,CHORDATA,MAMMALIA,DIPROTODONTIA,MACROPODIDAE,Notamacropus,Notamacropus dorsalis,"(Gray, 1837)",NA,NA,NA,LC,Black-striped Wallaby
3770,40563,ANIMALIA,CHORDATA,MAMMALIA,DIPROTODONTIA,MACROPODIDAE,Macropus,Macropus fuliginosus,"(Desmarest, 1817)",NA,NA,NA,LC,Western Gray Kangaroo
3771,40564,ANIMALIA,CHORDATA,MAMMALIA,DIPROTODONTIA,MACROPODIDAE,Notamacropus,Notamacropus parryi,"(Bennett, 1835)",NA,NA,NA,LC,Whiptail Wallaby
3772,40565,ANIMALIA,CHORDATA,MAMMALIA,DIPROTODONTIA,MACROPODIDAE,Osphranter,Osphranter robustus,"(Gould, 1841)",NA,NA,NA,LC,Common Wallaroo
3773,40566,ANIMALIA,CHORDATA,MAMMALIA,DIPROTODONTIA,MACROPODIDAE,Notamacropus,Notamacropus rufogriseus,"(Desmarest, 1817)",NA,NA,NA,LC,Red-necked Wallaby
3774,40567,ANIMALIA,CHORDATA,MAMMALIA,DIPROTODONTIA,MACROPODIDAE,Osphranter,Osphranter rufus,"(Desmarest, 1822)",NA,NA,NA,LC,Red Kangaroo
3775,40568,ANIMALIA,CHORDATA,MAMMALIA,DIPROTODONTIA,MACROPODIDAE,Onychogalea,Onychogalea unguifera,"(Gould, 1841)",NA,NA,NA,LC,Northern Nailtail Wallaby
3776,40569,ANIMALIA,CHORDATA,MAMMALIA,DIPROTODONTIA,MACROPODIDAE,Petrogale,Petrogale assimilis,"Ramsay, 1877",NA,NA,NA,LC,Allied Rock Wallaby
3777,40570,ANIMALIA,CHORDATA,MAMMALIA,DIPROTODONTIA,MACROPODIDAE,Petrogale,Petrogale brachyotis,"(Gould, 1841)",NA,NA,NA,LC,Short-eared Rock Wallaby
3778,40571,ANIMALIA,CHORDATA,MAMMALIA,DIPROTODONTIA,MACROPODIDAE,Thylogale,Thylogale billardierii,"(Desmarest, 1822)",NA,NA,NA,LC,Tasmanian Pademelon
3779,40573,ANIMALIA,CHORDATA,MAMMALIA,DIPROTODONTIA,MACROPODIDAE,Thylogale,Thylogale thetis,"(Lesson, 1827)",NA,NA,NA,LC,Red-necked Pademelon
3780,40574,ANIMALIA,CHORDATA,MAMMALIA,DIPROTODONTIA,MACROPODIDAE,Thylogale,Thylogale stigmatica,"(Gould, 1860)",NA,NA,NA,LC,Red-legged Pademelon
3781,40575,ANIMALIA,CHORDATA,MAMMALIA,DIPROTODONTIA,MACROPODIDAE,Wallabia,Wallabia bicolor,"(Desmarest, 1804)",NA,NA,NA,LC,Swamp Wallaby
3782,40576,ANIMALIA,CHORDATA,MAMMALIA,DIPROTODONTIA,BURRAMYIDAE,Cercartetus,Cercartetus concinnus,"(Gould, 1845)",NA,NA,NA,LC,Western Pygmy Possum
3783,40577,ANIMALIA,CHORDATA,MAMMALIA,DIPROTODONTIA,BURRAMYIDAE,Cercartetus,Cercartetus lepidus,"(Thomas, 1888)",NA,NA,NA,LC,Little Pygmy Possum
3784,40578,ANIMALIA,CHORDATA,MAMMALIA,DIPROTODONTIA,BURRAMYIDAE,Cercartetus,Cercartetus nanus,"(Desmarest, 1818)",NA,NA,NA,LC,Eastern Pygmy Possum
3785,40579,ANIMALIA,CHORDATA,MAMMALIA,DIPROTODONTIA,PSEUDOCHEIRIDAE,Petauroides,Petauroides volans,"(Kerr, 1792)",NA,NA,NA,VU,Greater Glider
3786,40580,ANIMALIA,CHORDATA,MAMMALIA,DIPROTODONTIA,PSEUDOCHEIRIDAE,Petropseudes,Petropseudes dahli,"(Collett, 1895)",NA,NA,NA,LC,Rock Ringtail Possum
3787,40581,ANIMALIA,CHORDATA,MAMMALIA,DIPROTODONTIA,PSEUDOCHEIRIDAE,Pseudocheirus,Pseudocheirus peregrinus,"(Boddaert, 1785)",NA,NA,NA,LC,Common Ringtail Possum
3788,40582,ANIMALIA,CHORDATA,MAMMALIA,DIPROTODONTIA,PSEUDOCHEIRIDAE,Pseudochirops,Pseudochirops coronatus,"(Thomas, 1897)",NA,NA,NA,VU,Reclusive Ringtail
3789,40583,ANIMALIA,CHORDATA,MAMMALIA,DIPROTODONTIA,TARSIPEDIDAE,Tarsipes,Tarsipes rostratus,"Gervais &amp; Verreaux, 1842",NA,NA,NA,LC,Honey Possum
3790,40584,ANIMALIA,CHORDATA,MAMMALIA,DIPROTODONTIA,ACROBATIDAE,Acrobates,Acrobates pygmaeus,"(Shaw, 1794)",NA,NA,NA,LC,Feathertail Glider
3791,40585,ANIMALIA,CHORDATA,MAMMALIA,DIPROTODONTIA,PHALANGERIDAE,Trichosurus,Trichosurus vulpecula,"(Kerr, 1792)",NA,NA,NA,LC,Common Brushtail Possum
3792,40586,ANIMALIA,CHORDATA,MAMMALIA,AFROSORICIDA,TENRECIDAE,Microgale,Microgale cowani,"Thomas, 1882",NA,NA,NA,LC,Cowan's Shrew Tenrec
3793,40587,ANIMALIA,CHORDATA,MAMMALIA,AFROSORICIDA,TENRECIDAE,Microgale,Microgale dobsoni,"Thomas, 1884",NA,NA,NA,LC,Dobson's Shrew Tenrec
3794,40589,ANIMALIA,CHORDATA,MAMMALIA,AFROSORICIDA,TENRECIDAE,Oryzorictes,Oryzorictes hova,"A. Grandidier, 1870",NA,NA,NA,LC,Mole-like Rice Tenrec
3795,40591,ANIMALIA,CHORDATA,MAMMALIA,AFROSORICIDA,TENRECIDAE,Oryzorictes,Oryzorictes tetradactylus,"Milne-Edwards &amp; A. Grandidier, 1882",NA,NA,NA,DD,Four-toed Rice Tenrec
3796,40592,ANIMALIA,CHORDATA,MAMMALIA,AFROSORICIDA,TENRECIDAE,Echinops,Echinops telfairi,"Martin, 1838",NA,NA,NA,LC,Lesser Hedgehog Tenrec
3797,40593,ANIMALIA,CHORDATA,MAMMALIA,AFROSORICIDA,TENRECIDAE,Hemicentetes,Hemicentetes semispinosus,"(G. Cuvier, 1798)",NA,NA,NA,LC,Lowland Streaked Tenrec
3798,40594,ANIMALIA,CHORDATA,MAMMALIA,AFROSORICIDA,TENRECIDAE,Setifer,Setifer setosus,"(Schreber, 1778)",NA,NA,NA,LC,Greater Hedgehog Tenrec
3799,40595,ANIMALIA,CHORDATA,MAMMALIA,AFROSORICIDA,TENRECIDAE,Tenrec,Tenrec ecaudatus,"(Schreber, 1778)",NA,NA,NA,LC,Tailess Tenrec
3800,40596,ANIMALIA,CHORDATA,MAMMALIA,AFROSORICIDA,CHRYSOCHLORIDAE,Carpitalpa,Carpitalpa arendsi,"(Lundholm, 1955)",NA,NA,NA,VU,Arend's Golden Mole
3801,40597,ANIMALIA,CHORDATA,MAMMALIA,AFROSORICIDA,CHRYSOCHLORIDAE,Huetia,Huetia leucorhina,"(Huet, 1885)",NA,NA,NA,DD,Congo Golden Mole
3802,40600,ANIMALIA,CHORDATA,MAMMALIA,AFROSORICIDA,CHRYSOCHLORIDAE,Chrysochloris,Chrysochloris asiatica,"(Linnaeus, 1758)",NA,NA,NA,LC,Cape Golden Mole
3803,40601,ANIMALIA,CHORDATA,MAMMALIA,AFROSORICIDA,CHRYSOCHLORIDAE,Chrysochloris,Chrysochloris stuhlmanni,"Matschie, 1894",NA,NA,NA,LC,Stuhlmann's Golden Mole
3804,40602,ANIMALIA,CHORDATA,MAMMALIA,EULIPOTYPHLA,ERINACEIDAE,Atelerix,Atelerix albiventris,"(Wagner, 1841)",NA,NA,NA,LC,Four-toed Hedgehog
3805,40603,ANIMALIA,CHORDATA,MAMMALIA,EULIPOTYPHLA,ERINACEIDAE,Echinosorex,Echinosorex gymnura,"(Raffles, 1822)",NA,NA,NA,LC,Moonrat
3806,40604,ANIMALIA,CHORDATA,MAMMALIA,EULIPOTYPHLA,ERINACEIDAE,Erinaceus,Erinaceus amurensis,"Schrenk, 1859",NA,NA,NA,LC,Manchurian Hedgehog
3807,40605,ANIMALIA,CHORDATA,MAMMALIA,EULIPOTYPHLA,ERINACEIDAE,Erinaceus,Erinaceus concolor,"Martin, 1837",NA,NA,NA,LC,Southern White-breasted Hedgehog
3808,40606,ANIMALIA,CHORDATA,MAMMALIA,EULIPOTYPHLA,ERINACEIDAE,Paraechinus,Paraechinus aethiopicus,"(Ehrenberg, 1832)",NA,NA,NA,LC,Desert Hedgehog
3809,40607,ANIMALIA,CHORDATA,MAMMALIA,EULIPOTYPHLA,ERINACEIDAE,Hemiechinus,Hemiechinus auritus,"(Gmelin, 1770)",NA,NA,NA,LC,Long-eared Hedgehog
3810,40608,ANIMALIA,CHORDATA,MAMMALIA,EULIPOTYPHLA,ERINACEIDAE,Hemiechinus,Hemiechinus collaris,"(Gray, 1830)",NA,NA,NA,LC,Indian Long-eared Hedgehog
3811,40609,ANIMALIA,CHORDATA,MAMMALIA,EULIPOTYPHLA,ERINACEIDAE,Paraechinus,Paraechinus micropus,"(Blyth, 1846)",NA,NA,NA,LC,Indian Hedgehog
3812,40610,ANIMALIA,CHORDATA,MAMMALIA,EULIPOTYPHLA,ERINACEIDAE,Paraechinus,Paraechinus hypomelas,"(Brandt, 1836)",NA,NA,NA,LC,Brandt's Hedgehog
3813,40611,ANIMALIA,CHORDATA,MAMMALIA,EULIPOTYPHLA,ERINACEIDAE,Hylomys,Hylomys suillus,"Müller, 1840",NA,NA,NA,LC,Short-tailed Gymnure
3814,40612,ANIMALIA,CHORDATA,MAMMALIA,EULIPOTYPHLA,ERINACEIDAE,Mesechinus,Mesechinus dauuricus,"(Sundevall, 1842)",NA,NA,NA,LC,Daurian Hedgehog
3815,40613,ANIMALIA,CHORDATA,MAMMALIA,EULIPOTYPHLA,SORICIDAE,Blarinella,Blarinella quadraticauda,"(Milne-Edwards, 1872)",NA,NA,NA,NT,Asiatic Short-tailed Shrew
3816,40614,ANIMALIA,CHORDATA,MAMMALIA,EULIPOTYPHLA,SORICIDAE,Chimarrogale,Chimarrogale himalayica,"(Gray, 1842)",NA,NA,NA,LC,Himalayan Water Shrew
3817,40615,ANIMALIA,CHORDATA,MAMMALIA,EULIPOTYPHLA,SORICIDAE,Chimarrogale,Chimarrogale platycephalus,"(Temminck, 1842)",NA,NA,NA,LC,Japanese Water Shrew
3818,40616,ANIMALIA,CHORDATA,MAMMALIA,EULIPOTYPHLA,SORICIDAE,Chimarrogale,Chimarrogale styani,"de Winton, 1899",NA,NA,NA,LC,Chinese Water Shrew
3819,40617,ANIMALIA,CHORDATA,MAMMALIA,EULIPOTYPHLA,SORICIDAE,Crocidura,Crocidura aleksandrisi,"Vesmanis, 1977",NA,NA,NA,LC,Alexandrian Shrew
3820,40618,ANIMALIA,CHORDATA,MAMMALIA,EULIPOTYPHLA,SORICIDAE,Crocidura,Crocidura arabica,"Hutterer &amp; Harrison, 1988",NA,NA,NA,LC,Arabian Shrew
3821,40620,ANIMALIA,CHORDATA,MAMMALIA,EULIPOTYPHLA,SORICIDAE,Crocidura,Crocidura batesi,"Dollman, 1915",NA,NA,NA,LC,Bate's Shrew
3822,40621,ANIMALIA,CHORDATA,MAMMALIA,EULIPOTYPHLA,SORICIDAE,Crocidura,Crocidura bottegi,"Thomas, 1898",NA,NA,NA,DD,Bottego's Shrew
3823,40622,ANIMALIA,CHORDATA,MAMMALIA,EULIPOTYPHLA,SORICIDAE,Crocidura,Crocidura buettikoferi,"Jentink, 1888",NA,NA,NA,LC,Buettikofer's Shrew
3824,40623,ANIMALIA,CHORDATA,MAMMALIA,EULIPOTYPHLA,SORICIDAE,Crocidura,Crocidura pachyura,"(Kuster, 1835)",NA,NA,NA,LC,North African White-toothed Shrew
3825,40624,ANIMALIA,CHORDATA,MAMMALIA,EULIPOTYPHLA,SORICIDAE,Crocidura,Crocidura crossei,"Thomas, 1895",NA,NA,NA,LC,Crosse's Shrew
3826,40625,ANIMALIA,CHORDATA,MAMMALIA,EULIPOTYPHLA,SORICIDAE,Crocidura,Crocidura cyanea,"(Duvernoy, 1838)",NA,NA,NA,LC,Reddish-gray Musk Shrew
3827,40626,ANIMALIA,CHORDATA,MAMMALIA,EULIPOTYPHLA,SORICIDAE,Crocidura,Crocidura denti,"Dollman, 1915",NA,NA,NA,LC,Dent's Shrew
3828,40627,ANIMALIA,CHORDATA,MAMMALIA,EULIPOTYPHLA,SORICIDAE,Crocidura,Crocidura dsinezumi,"(Temminck, 1842)",NA,NA,NA,LC,Dsinezumi Shrew
3829,40628,ANIMALIA,CHORDATA,MAMMALIA,EULIPOTYPHLA,SORICIDAE,Crocidura,Crocidura dolichura,"Peters, 1876",NA,NA,NA,LC,Long-tailed Musk Shrew
3830,40629,ANIMALIA,CHORDATA,MAMMALIA,EULIPOTYPHLA,SORICIDAE,Crocidura,Crocidura douceti,"Heim de Balsac, 1957",NA,NA,NA,LC,Doucet's Musk Shrew
3831,40630,ANIMALIA,CHORDATA,MAMMALIA,EULIPOTYPHLA,SORICIDAE,Crocidura,Crocidura elongata,"Miller &amp; Hollister, 1921",NA,NA,NA,LC,Elongated Shrew
3832,40631,ANIMALIA,CHORDATA,MAMMALIA,EULIPOTYPHLA,SORICIDAE,Crocidura,Crocidura fuliginosa,"(Blyth, 1856)",NA,NA,NA,LC,Southeast Asian Shrew
3833,40632,ANIMALIA,CHORDATA,MAMMALIA,EULIPOTYPHLA,SORICIDAE,Crocidura,Crocidura fulvastra,"(Sundevall, 1843)",NA,NA,NA,LC,Savanna Shrew
3834,40633,ANIMALIA,CHORDATA,MAMMALIA,EULIPOTYPHLA,SORICIDAE,Crocidura,Crocidura fuscomurina,"(Heuglin, 1865)",NA,NA,NA,LC,Bicolored Musk Shrew
3835,40635,ANIMALIA,CHORDATA,MAMMALIA,ARTIODACTYLA,ZIPHIIDAE,Indopacetus,Indopacetus pacificus,"(Longman, 1926)",NA,NA,NA,LC,Indo-pacific Beaked Whale
3836,40636,ANIMALIA,CHORDATA,MAMMALIA,DASYUROMORPHIA,DASYURIDAE,Pseudantechinus,Pseudantechinus bilarni,"(Johnson, 1954)",NA,NA,NA,LC,Sandstone Antechinus
3837,40637,ANIMALIA,CHORDATA,MAMMALIA,DIPROTODONTIA,PHALANGERIDAE,Ailurops,Ailurops ursinus,"(Temminck, 1824)",NA,NA,NA,VU,Bear Cuscus
3838,40638,ANIMALIA,CHORDATA,MAMMALIA,DIPROTODONTIA,PSEUDOCHEIRIDAE,Pseudochirulus,Pseudochirulus canescens,"(Waterhouse, 1846)",NA,NA,NA,LC,Lowland Ringtail
3839,40639,ANIMALIA,CHORDATA,MAMMALIA,DIPROTODONTIA,PSEUDOCHEIRIDAE,Pseudochirulus,Pseudochirulus forbesi,"(Thomas, 1887)",NA,NA,NA,LC,Painted Ringtail
3840,40640,ANIMALIA,CHORDATA,MAMMALIA,DIPROTODONTIA,PSEUDOCHEIRIDAE,Pseudochirulus,Pseudochirulus mayeri,"(Rothschild &amp; Dollman, 1932)",NA,NA,NA,LC,Pygmy Ringtail
3841,40641,ANIMALIA,CHORDATA,MAMMALIA,DIPROTODONTIA,PSEUDOCHEIRIDAE,Pseudochirulus,Pseudochirulus schlegeli,"(Jentink, 1884)",NA,NA,NA,VU,Arfak Ringtail
3842,40643,ANIMALIA,CHORDATA,MAMMALIA,PRIMATES,CALLITRICHIDAE,Leontopithecus,Leontopithecus chrysomelas,"(Kuhl, 1820)",NA,NA,NA,EN,Golden-headed Lion Tamarin
3843,40644,ANIMALIA,CHORDATA,MAMMALIA,PRIMATES,CALLITRICHIDAE,Saguinus,Saguinus bicolor,"(Spix, 1823)",NA,NA,NA,CR,Pied Tamarin
3844,40647,ANIMALIA,CHORDATA,MAMMALIA,PRIMATES,CERCOPITHECIDAE,Papio,Papio anubis,"(Lesson, 1827)",NA,NA,NA,LC,Olive Baboon
3845,40648,ANIMALIA,CHORDATA,MAMMALIA,PRIMATES,CERCOPITHECIDAE,Piliocolobus,Piliocolobus parmentieri,"(Colyn &amp; Verheyen, 1987)",NA,NA,NA,EN,Lomami Red Colobus
3846,40649,ANIMALIA,CHORDATA,MAMMALIA,PRIMATES,GALAGIDAE,Galagoides,Galagoides demidoff,"(G. Fischer, 1806)",NA,NA,NA,LC,Demidoff's Dwarf Galago
3847,40651,ANIMALIA,CHORDATA,MAMMALIA,PRIMATES,GALAGIDAE,Paragalago,Paragalago orinus,"(Lawrence &amp; Washburn, 1936)",NA,NA,NA,VU,Mountain Dwarf Galago
3848,40652,ANIMALIA,CHORDATA,MAMMALIA,PRIMATES,GALAGIDAE,Paragalago,Paragalago rondoensis,"(Honess in Kingdon, 1997)",NA,NA,NA,EN,Rondo Dwarf Galago
3849,40653,ANIMALIA,CHORDATA,MAMMALIA,PRIMATES,GALAGIDAE,Galagoides,Galagoides thomasi,"(Elliot, 1907)",NA,NA,NA,LC,Thomas's Dwarf Galago
3850,40765,ANIMALIA,CHORDATA,MAMMALIA,RODENTIA,CRICETIDAE,Nesoryzomys,Nesoryzomys narboroughi,"Heller, 1904",NA,NA,NA,VU,NA
3851,40766,ANIMALIA,CHORDATA,MAMMALIA,RODENTIA,MURIDAE,Nilopegamys,Nilopegamys plumbeus,"Osgood, 1928",NA,NA,NA,CR,Ethiopian Amphibious Rat
3852,40767,ANIMALIA,CHORDATA,MAMMALIA,RODENTIA,GLIRIDAE,Dryomys,Dryomys niethammeri,"Holden, 1996",NA,NA,NA,VU,Baluchistan Forest Dormouse
3853,40768,ANIMALIA,CHORDATA,MAMMALIA,RODENTIA,CRICETIDAE,Geoxus,Geoxus annectens,"Patterson, 1992",NA,NA,NA,VU,NA
3854,40775,ANIMALIA,CHORDATA,MAMMALIA,CHIROPTERA,VESPERTILIONIDAE,Arielulus,Arielulus cuprosus,"(Hill &amp; Francis, 1984)",NA,NA,NA,VU,Coppery Sprite
3855,40776,ANIMALIA,CHORDATA,MAMMALIA,CHIROPTERA,VESPERTILIONIDAE,Arielulus,Arielulus societatis,"(Hill, 1972)",NA,NA,NA,LC,Social Sprite
3856,40782,ANIMALIA,CHORDATA,MAMMALIA,ARTIODACTYLA,HIPPOPOTAMIDAE,Hippopotamus,Hippopotamus lemerlei,"Grandidier in Milne-Edwards, 1868",NA,NA,NA,EX,Madagascan Dwarf Hippopotamus
3857,40783,ANIMALIA,CHORDATA,MAMMALIA,ARTIODACTYLA,HIPPOPOTAMIDAE,Hippopotamus,Hippopotamus madagascariensis,"Guldberg, 1883",NA,NA,NA,EX,Madagascan Dwarf Hippopotamus
3858,40784,ANIMALIA,CHORDATA,MAMMALIA,CARNIVORA,MUSTELIDAE,Neovison,Neovison macrodon,"(Prentis, 1903)",NA,NA,NA,EX,Sea Mink
3859,40789,ANIMALIA,CHORDATA,MAMMALIA,PRIMATES,CERCOPITHECIDAE,Trachypithecus,Trachypithecus hatinhensis,"(Dao, 1970)",NA,NA,NA,EN,Hatinh Langur
3860,40800,ANIMALIA,CHORDATA,MAMMALIA,LAGOMORPHA,OCHOTONIDAE,Ochotona,Ochotona hoffmanni,"Formozov, Yakhontov &amp; Dmitriev, 1996",NA,NA,NA,EN,Hoffmann's Pika
3861,41013,ANIMALIA,CHORDATA,MAMMALIA,PERISSODACTYLA,EQUIDAE,Equus,Equus quagga,"Boddaert, 1785",NA,NA,NA,NT,Plains Zebra
3862,41023,ANIMALIA,CHORDATA,MAMMALIA,ARTIODACTYLA,CERVIDAE,Mazama,Mazama bororo,"Duarte, 1996",NA,NA,NA,VU,Small Red Brocket
3863,41024,ANIMALIA,CHORDATA,MAMMALIA,PRIMATES,CERCOPITHECIDAE,Piliocolobus,Piliocolobus epieni,"(Grubb &amp; Powell, 1999)",NA,NA,NA,CR,Niger Delta Red Colobus
3864,41025,ANIMALIA,CHORDATA,MAMMALIA,PRIMATES,CERCOPITHECIDAE,Piliocolobus,Piliocolobus pennantii,"(Waterhouse, 1838)",NA,NA,NA,CR,Pennant's Red Colobus
3865,41026,ANIMALIA,CHORDATA,MAMMALIA,PRIMATES,CERCOPITHECIDAE,Piliocolobus,Piliocolobus preussi,"Matschie, 1900",NA,NA,NA,CR,Preuss’s Red Colobus
3866,41209,ANIMALIA,CHORDATA,MAMMALIA,LAGOMORPHA,LEPORIDAE,Nesolagus,Nesolagus timminsi,"Averianov, Abramov &amp; Tikhonov, 2000",NA,NA,NA,EN,Annamite Striped Rabbit
3867,41210,ANIMALIA,CHORDATA,MAMMALIA,RODENTIA,MURIDAE,Praomys,Praomys degraaffi,"Van der Straeten &amp; Kerbis Peterhans, 1999",NA,NA,NA,LC,De Graaff's Praomys
3868,41211,ANIMALIA,CHORDATA,MAMMALIA,RODENTIA,MURIDAE,Praomys,Praomys obscurus,"Hutterer &amp; Dieterlen, 1992",NA,NA,NA,EN,NA
3869,41212,ANIMALIA,CHORDATA,MAMMALIA,RODENTIA,MURIDAE,Lemniscomys,Lemniscomys zebra,"(Heuglin, 1864)",NA,NA,NA,LC,Heuglin's Striped Grass Mouse
3870,41255,ANIMALIA,CHORDATA,MAMMALIA,LAGOMORPHA,OCHOTONIDAE,Ochotona,Ochotona alpina,"(Pallas, 1773)",NA,NA,NA,LC,Alpine Pika
3871,41256,ANIMALIA,CHORDATA,MAMMALIA,LAGOMORPHA,OCHOTONIDAE,Ochotona,Ochotona cansus,"Lyon, 1907",NA,NA,NA,LC,Gansu Pika
3872,41257,ANIMALIA,CHORDATA,MAMMALIA,LAGOMORPHA,OCHOTONIDAE,Ochotona,Ochotona collaris,"(Nelson, 1893)",NA,NA,NA,LC,Collared Pika
3873,41258,ANIMALIA,CHORDATA,MAMMALIA,LAGOMORPHA,OCHOTONIDAE,Ochotona,Ochotona curzoniae,"(Hodgson, 1858)",NA,NA,NA,LC,Plateau Pika
3874,41259,ANIMALIA,CHORDATA,MAMMALIA,LAGOMORPHA,OCHOTONIDAE,Ochotona,Ochotona dauurica,"(Pallas, 1776)",NA,NA,NA,LC,Daurian Pika
3875,41260,ANIMALIA,CHORDATA,MAMMALIA,LAGOMORPHA,OCHOTONIDAE,Ochotona,Ochotona erythrotis,"(Büchner, 1890)",NA,NA,NA,LC,Chinese Red Pika
3876,41261,ANIMALIA,CHORDATA,MAMMALIA,LAGOMORPHA,OCHOTONIDAE,Ochotona,Ochotona gloveri,"Thomas, 1922",NA,NA,NA,LC,Glover's Pika
3877,41264,ANIMALIA,CHORDATA,MAMMALIA,LAGOMORPHA,OCHOTONIDAE,Ochotona,Ochotona ladacensis,"(Günther, 1875)",NA,NA,NA,LC,Ladak Pika
3878,41265,ANIMALIA,CHORDATA,MAMMALIA,LAGOMORPHA,OCHOTONIDAE,Ochotona,Ochotona macrotis,"(Günther, 1875)",NA,NA,NA,LC,Large-eared Pika
3879,41267,ANIMALIA,CHORDATA,MAMMALIA,LAGOMORPHA,OCHOTONIDAE,Ochotona,Ochotona princeps,"(Richardson, 1828)",NA,NA,NA,LC,American Pika
3880,41268,ANIMALIA,CHORDATA,MAMMALIA,LAGOMORPHA,OCHOTONIDAE,Ochotona,Ochotona roylei,"(Ogilby, 1839)",NA,NA,NA,LC,Royle's Pika
3881,41269,ANIMALIA,CHORDATA,MAMMALIA,LAGOMORPHA,OCHOTONIDAE,Ochotona,Ochotona rufescens,"(Gray, 1842)",NA,NA,NA,LC,Afghan Pika
3882,41270,ANIMALIA,CHORDATA,MAMMALIA,LAGOMORPHA,OCHOTONIDAE,Ochotona,Ochotona rutila,"(Severtzov, 1873)",NA,NA,NA,LC,Turkestan Red Pika
3883,41271,ANIMALIA,CHORDATA,MAMMALIA,LAGOMORPHA,OCHOTONIDAE,Ochotona,Ochotona thibetana,"(Milne-Edwards, 1871)",NA,NA,NA,LC,Moupin Pika
3884,41272,ANIMALIA,CHORDATA,MAMMALIA,LAGOMORPHA,LEPORIDAE,Lepus,Lepus alleni,"Mearns, 1890",NA,NA,NA,LC,Antelope Jackrabbit
3885,41273,ANIMALIA,CHORDATA,MAMMALIA,LAGOMORPHA,LEPORIDAE,Lepus,Lepus americanus,"Erxleben, 1777",NA,NA,NA,LC,Snowshoe Hare
3886,41274,ANIMALIA,CHORDATA,MAMMALIA,LAGOMORPHA,LEPORIDAE,Lepus,Lepus arcticus,"Ross, 1819",NA,NA,NA,LC,Arctic Hare
3887,41275,ANIMALIA,CHORDATA,MAMMALIA,LAGOMORPHA,LEPORIDAE,Lepus,Lepus brachyurus,"Temminck, 1845",NA,NA,NA,LC,Japanese Hare
3888,41276,ANIMALIA,CHORDATA,MAMMALIA,LAGOMORPHA,LEPORIDAE,Lepus,Lepus californicus,"Gray, 1837",NA,NA,NA,LC,Black-tailed Jackrabbit
3889,41277,ANIMALIA,CHORDATA,MAMMALIA,LAGOMORPHA,LEPORIDAE,Lepus,Lepus capensis,"Linnaeus, 1758",NA,NA,NA,LC,Cape Hare
3890,41278,ANIMALIA,CHORDATA,MAMMALIA,LAGOMORPHA,LEPORIDAE,Lepus,Lepus comus,"Allen, 1927",NA,NA,NA,LC,Yunnan Hare
3891,41279,ANIMALIA,CHORDATA,MAMMALIA,LAGOMORPHA,LEPORIDAE,Lepus,Lepus coreanus,"Thomas, 1892",NA,NA,NA,LC,Korean Hare
3892,41280,ANIMALIA,CHORDATA,MAMMALIA,LAGOMORPHA,LEPORIDAE,Lepus,Lepus europaeus,"Pallas, 1778",NA,NA,NA,LC,European Hare
3893,41281,ANIMALIA,CHORDATA,MAMMALIA,LAGOMORPHA,LEPORIDAE,Lepus,Lepus mandshuricus,"Radde, 1861",NA,NA,NA,LC,Manchurian Hare
3894,41282,ANIMALIA,CHORDATA,MAMMALIA,LAGOMORPHA,LEPORIDAE,Lepus,Lepus nigricollis,"F. Cuvier, 1823",NA,NA,NA,LC,Indian Hare
3895,41283,ANIMALIA,CHORDATA,MAMMALIA,LAGOMORPHA,LEPORIDAE,Lepus,Lepus oiostolus,"Hodgson, 1840",NA,NA,NA,LC,Woolly Hare
3896,41284,ANIMALIA,CHORDATA,MAMMALIA,LAGOMORPHA,LEPORIDAE,Lepus,Lepus peguensis,"Blyth, 1855",NA,NA,NA,LC,Burmese Hare
3897,41285,ANIMALIA,CHORDATA,MAMMALIA,LAGOMORPHA,LEPORIDAE,Lepus,Lepus saxatilis,"F. Cuvier, 1823",NA,NA,NA,LC,Cape Scrub Hare
3898,41286,ANIMALIA,CHORDATA,MAMMALIA,LAGOMORPHA,LEPORIDAE,Lepus,Lepus sinensis,"Gray, 1832",NA,NA,NA,LC,Chinese Hare
3899,41287,ANIMALIA,CHORDATA,MAMMALIA,LAGOMORPHA,LEPORIDAE,Lepus,Lepus starcki,"Petter, 1963",NA,NA,NA,LC,Ethiopian Highland Hare
3900,41288,ANIMALIA,CHORDATA,MAMMALIA,LAGOMORPHA,LEPORIDAE,Lepus,Lepus townsendii,"Bachman, 1839",NA,NA,NA,LC,White-tailed Jackrabbit
3901,41289,ANIMALIA,CHORDATA,MAMMALIA,LAGOMORPHA,LEPORIDAE,Lepus,Lepus habessinicus,"Hemprich &amp; Ehrenberg, 1832",NA,NA,NA,LC,Abyssinian Hare
3902,41291,ANIMALIA,CHORDATA,MAMMALIA,LAGOMORPHA,LEPORIDAE,Oryctolagus,Oryctolagus cuniculus,"(Linnaeus, 1758)",NA,NA,NA,EN,European Rabbit
3903,41292,ANIMALIA,CHORDATA,MAMMALIA,LAGOMORPHA,LEPORIDAE,Poelagus,Poelagus marjorita,"(St. Leger, 1929)",NA,NA,NA,LC,Bunyoro Rabbit
3904,41293,ANIMALIA,CHORDATA,MAMMALIA,LAGOMORPHA,LEPORIDAE,Pronolagus,Pronolagus crassicaudatus,"(I. Geoffroy, 1832)",NA,NA,NA,LC,Natal Red Rock Hare
3905,41294,ANIMALIA,CHORDATA,MAMMALIA,LAGOMORPHA,LEPORIDAE,Pronolagus,Pronolagus randensis,"Jameson, 1907",NA,NA,NA,LC,Jameson's Red Rock Hare
3906,41295,ANIMALIA,CHORDATA,MAMMALIA,LAGOMORPHA,LEPORIDAE,Pronolagus,Pronolagus rupestris,"(A. Smith, 1834)",NA,NA,NA,LC,Smith's Red Rock Hare
3907,41296,ANIMALIA,CHORDATA,MAMMALIA,LAGOMORPHA,LEPORIDAE,Sylvilagus,Sylvilagus aquaticus,"(Bachman, 1837)",NA,NA,NA,LC,Swamp Rabbit
3908,41297,ANIMALIA,CHORDATA,MAMMALIA,LAGOMORPHA,LEPORIDAE,Sylvilagus,Sylvilagus audubonii,"(Baird, 1858)",NA,NA,NA,LC,Desert Cottontail
3909,41299,ANIMALIA,CHORDATA,MAMMALIA,LAGOMORPHA,LEPORIDAE,Sylvilagus,Sylvilagus floridanus,"(J.A. Allen, 1890)",NA,NA,NA,LC,Eastern Cottontail
3910,41300,ANIMALIA,CHORDATA,MAMMALIA,LAGOMORPHA,LEPORIDAE,Sylvilagus,Sylvilagus nuttallii,"(Bachman, 1837)",NA,NA,NA,LC,Mountain Cottontail
3911,41301,ANIMALIA,CHORDATA,MAMMALIA,LAGOMORPHA,LEPORIDAE,Sylvilagus,Sylvilagus obscurus,"Chapman, Cramer, Dippenaar &amp; Robinson, 1992",NA,NA,NA,NT,Appalachian Cottontail
3912,41302,ANIMALIA,CHORDATA,MAMMALIA,LAGOMORPHA,LEPORIDAE,Sylvilagus,Sylvilagus bachmani,"(Waterhouse, 1839)",NA,NA,NA,LC,Brush Rabbit
3913,41303,ANIMALIA,CHORDATA,MAMMALIA,LAGOMORPHA,LEPORIDAE,Sylvilagus,Sylvilagus palustris,"(Bachman, 1837)",NA,NA,NA,LC,Marsh Rabbit
3914,41305,ANIMALIA,CHORDATA,MAMMALIA,LAGOMORPHA,LEPORIDAE,Lepus,Lepus corsicanus,"de Winton, 1898",NA,NA,NA,VU,Corsican Hare
3915,41306,ANIMALIA,CHORDATA,MAMMALIA,LAGOMORPHA,LEPORIDAE,Lepus,Lepus granatensis,"Rosenhauer, 1856",NA,NA,NA,LC,Iberian Hare
3916,41307,ANIMALIA,CHORDATA,MAMMALIA,LAGOMORPHA,LEPORIDAE,Lepus,Lepus tibetanus,"Waterhouse, 1841",NA,NA,NA,LC,Desert Hare
3917,41308,ANIMALIA,CHORDATA,MAMMALIA,LAGOMORPHA,LEPORIDAE,Lepus,Lepus tolai,"Pallas, 1778",NA,NA,NA,LC,Tolai Hare
3918,41309,ANIMALIA,CHORDATA,MAMMALIA,LAGOMORPHA,LEPORIDAE,Sylvilagus,Sylvilagus cognatus,"Nelson, 1907",NA,NA,NA,EN,Manzano Mountain Cottontail
3919,41310,ANIMALIA,CHORDATA,MAMMALIA,LAGOMORPHA,LEPORIDAE,Sylvilagus,Sylvilagus robustus,"(Bailey, 1905)",NA,NA,NA,VU,Davis Mountains Cottontail
3920,41311,ANIMALIA,CHORDATA,MAMMALIA,LAGOMORPHA,LEPORIDAE,Sylvilagus,Sylvilagus varynaensis,"Durant &amp; Guevara, 2001",NA,NA,NA,DD,Venezuelan Lowland Rabbit
3921,41312,ANIMALIA,CHORDATA,MAMMALIA,MONOTREMATA,TACHYGLOSSIDAE,Tachyglossus,Tachyglossus aculeatus,"(Shaw, 1792)",NA,NA,NA,LC,Short-beaked Echidna
3922,41313,ANIMALIA,CHORDATA,MAMMALIA,EULIPOTYPHLA,NESOPHONTIDAE,Nesophontes,Nesophontes edithae,"Anthony, 1916",NA,NA,NA,EX,Edith's Island-shrew
3923,41314,ANIMALIA,CHORDATA,MAMMALIA,AFROSORICIDA,TENRECIDAE,Microgale,Microgale pusilla,"Major, 1896",NA,NA,NA,LC,Least Shrew Tenrec
3924,41315,ANIMALIA,CHORDATA,MAMMALIA,AFROSORICIDA,TENRECIDAE,Microgale,Microgale talazaci,"Major, 1896",NA,NA,NA,LC,Talzac's Shrew Tenrec
3925,41316,ANIMALIA,CHORDATA,MAMMALIA,AFROSORICIDA,CHRYSOCHLORIDAE,Amblysomus,Amblysomus hottentotus,"(A. Smith, 1829)",NA,NA,NA,LC,Hottentot Golden Mole
3926,41317,ANIMALIA,CHORDATA,MAMMALIA,EULIPOTYPHLA,SORICIDAE,Crocidura,Crocidura cinderella,"Thomas, 1911",NA,NA,NA,LC,Cinderella Shrew
3927,41319,ANIMALIA,CHORDATA,MAMMALIA,EULIPOTYPHLA,SORICIDAE,Crocidura,Crocidura gmelini,"Pallas, 1811",NA,NA,NA,LC,NA
3928,41320,ANIMALIA,CHORDATA,MAMMALIA,DIDELPHIMORPHIA,DIDELPHIDAE,Cryptonanus,Cryptonanus ignitus,"(Díaz, Flores &amp; Barquez, 2002)",NA,NA,NA,EX,Red-bellied Gracile Mouse Opossum
3929,41321,ANIMALIA,CHORDATA,MAMMALIA,EULIPOTYPHLA,SORICIDAE,Crocidura,Crocidura grandiceps,"Hutterer, 1983",NA,NA,NA,NT,Large-headed Forest Shrew
3930,41322,ANIMALIA,CHORDATA,MAMMALIA,EULIPOTYPHLA,SORICIDAE,Crocidura,Crocidura hildegardeae,"Thomas, 1904",NA,NA,NA,LC,Hildegarde's Shrew
3931,41323,ANIMALIA,CHORDATA,MAMMALIA,EULIPOTYPHLA,SORICIDAE,Crocidura,Crocidura hirta,"Peters, 1852",NA,NA,NA,LC,Lesser Red Musk Shrew
3932,41324,ANIMALIA,CHORDATA,MAMMALIA,EULIPOTYPHLA,SORICIDAE,Crocidura,Crocidura horsfieldii,"(Tomes, 1856)",NA,NA,NA,DD,Horsfield's Shrew
3933,41325,ANIMALIA,CHORDATA,MAMMALIA,EULIPOTYPHLA,SORICIDAE,Crocidura,Crocidura jacksoni,"Thomas, 1904",NA,NA,NA,LC,Jackson's Shrew
3934,41326,ANIMALIA,CHORDATA,MAMMALIA,EULIPOTYPHLA,SORICIDAE,Crocidura,Crocidura lamottei,"Heim de Balsac, 1968",NA,NA,NA,LC,Lamotte's Shrew
3935,41327,ANIMALIA,CHORDATA,MAMMALIA,EULIPOTYPHLA,SORICIDAE,Crocidura,Crocidura lasiura,"Dobson, 1890",NA,NA,NA,LC,Ussuri Shrew
3936,41328,ANIMALIA,CHORDATA,MAMMALIA,EULIPOTYPHLA,SORICIDAE,Crocidura,Crocidura lea,"Miller &amp; Hollister, 1921",NA,NA,NA,LC,Sulawesi Shrew
3937,41329,ANIMALIA,CHORDATA,MAMMALIA,EULIPOTYPHLA,SORICIDAE,Crocidura,Crocidura levicula,"Miller &amp; Hollister, 1921",NA,NA,NA,LC,Sulawesi Tiny Shrew
3938,41330,ANIMALIA,CHORDATA,MAMMALIA,EULIPOTYPHLA,SORICIDAE,Crocidura,Crocidura littoralis,"Heller, 1910",NA,NA,NA,LC,Butiaba Naked-tailed Shrew
3939,41331,ANIMALIA,CHORDATA,MAMMALIA,EULIPOTYPHLA,SORICIDAE,Crocidura,Crocidura luna,"Dollman, 1910",NA,NA,NA,LC,Greater Gray-brown Musk Shrew
3940,41332,ANIMALIA,CHORDATA,MAMMALIA,EULIPOTYPHLA,SORICIDAE,Crocidura,Crocidura lusitania,"Dollman, 1915",NA,NA,NA,LC,Mauritanian Shrew
3941,41333,ANIMALIA,CHORDATA,MAMMALIA,EULIPOTYPHLA,SORICIDAE,Crocidura,Crocidura macarthuri,"St. Leger, 1934",NA,NA,NA,LC,Macarthur's Shrew
3942,41334,ANIMALIA,CHORDATA,MAMMALIA,EULIPOTYPHLA,SORICIDAE,Crocidura,Crocidura mariquensis,"(A. Smith, 1844)",NA,NA,NA,LC,Swamp Musk Shrew
3943,41335,ANIMALIA,CHORDATA,MAMMALIA,EULIPOTYPHLA,SORICIDAE,Crocidura,Crocidura maurisca,"Thomas, 1904",NA,NA,NA,LC,Gracile Naked-tailed Shrew
3944,41336,ANIMALIA,CHORDATA,MAMMALIA,EULIPOTYPHLA,SORICIDAE,Crocidura,Crocidura maxi,"Sody, 1936",NA,NA,NA,LC,Javanese Shrew
3945,41337,ANIMALIA,CHORDATA,MAMMALIA,EULIPOTYPHLA,SORICIDAE,Crocidura,Crocidura monticola,"Peters, 1870",NA,NA,NA,LC,Sunda Shrew
3946,41338,ANIMALIA,CHORDATA,MAMMALIA,EULIPOTYPHLA,SORICIDAE,Crocidura,Crocidura montis,"Thomas, 1906",NA,NA,NA,LC,Montane White-toothed Shrew
3947,41339,ANIMALIA,CHORDATA,MAMMALIA,EULIPOTYPHLA,SORICIDAE,Crocidura,Crocidura muricauda,"(Miller, 1900)",NA,NA,NA,LC,West African Long-tailed Shrew
3948,41340,ANIMALIA,CHORDATA,MAMMALIA,EULIPOTYPHLA,SORICIDAE,Crocidura,Crocidura mutesae,"Heller, 1910",NA,NA,NA,DD,Ugandan Musk Shrew
3949,41341,ANIMALIA,CHORDATA,MAMMALIA,EULIPOTYPHLA,SORICIDAE,Crocidura,Crocidura nana,"Dobson, 1890",NA,NA,NA,DD,Dwarf White-toothed Shrew
3950,41342,ANIMALIA,CHORDATA,MAMMALIA,EULIPOTYPHLA,SORICIDAE,Crocidura,Crocidura nanilla,"Thomas, 1909",NA,NA,NA,LC,Tiny White-toothed Shrew
3951,41344,ANIMALIA,CHORDATA,MAMMALIA,EULIPOTYPHLA,SORICIDAE,Crocidura,Crocidura nigeriae,"Dollman, 1915",NA,NA,NA,LC,Nigerian Shrew
3952,41345,ANIMALIA,CHORDATA,MAMMALIA,EULIPOTYPHLA,SORICIDAE,Crocidura,Crocidura nigricans,"Bocage, 1889",NA,NA,NA,LC,Black White-toothed Shrew
3953,41346,ANIMALIA,CHORDATA,MAMMALIA,EULIPOTYPHLA,SORICIDAE,Crocidura,Crocidura nigrofusca,"Matschie, 1895",NA,NA,NA,LC,African Black Shrew
3954,41347,ANIMALIA,CHORDATA,MAMMALIA,EULIPOTYPHLA,SORICIDAE,Crocidura,Crocidura niobe,"Thomas, 1906",NA,NA,NA,LC,Niobe's Shrew
3955,41348,ANIMALIA,CHORDATA,MAMMALIA,EULIPOTYPHLA,SORICIDAE,Crocidura,Crocidura olivieri,"(Lesson, 1827)",NA,NA,NA,LC,Olivier's Shrew
3956,41349,ANIMALIA,CHORDATA,MAMMALIA,EULIPOTYPHLA,SORICIDAE,Crocidura,Crocidura parvipes,"Osgood, 1910",NA,NA,NA,LC,Small-footed Shrew
3957,41350,ANIMALIA,CHORDATA,MAMMALIA,EULIPOTYPHLA,SORICIDAE,Crocidura,Crocidura pasha,"Dollman, 1915",NA,NA,NA,LC,Pasha Shrew
3958,41351,ANIMALIA,CHORDATA,MAMMALIA,EULIPOTYPHLA,SORICIDAE,Crocidura,Crocidura planiceps,"Heller, 1910",NA,NA,NA,DD,Flat-headed Shrew
3959,41352,ANIMALIA,CHORDATA,MAMMALIA,EULIPOTYPHLA,SORICIDAE,Crocidura,Crocidura poensis,"(Fraser, 1843)",NA,NA,NA,LC,Fraser's Musk Shrew
3960,41353,ANIMALIA,CHORDATA,MAMMALIA,EULIPOTYPHLA,SORICIDAE,Crocidura,Crocidura pullata,"Miller, 1911",NA,NA,NA,DD,Kashmir White-toothed Shrew
3961,41354,ANIMALIA,CHORDATA,MAMMALIA,EULIPOTYPHLA,SORICIDAE,Crocidura,Crocidura rhoditis,"Miller &amp; Hollister, 1921",NA,NA,NA,LC,Sulawesi White-handed Shrew
3962,41355,ANIMALIA,CHORDATA,MAMMALIA,EULIPOTYPHLA,SORICIDAE,Crocidura,Crocidura roosevelti,"(Heller, 1910)",NA,NA,NA,LC,Roosvelt's Shrew
3963,41356,ANIMALIA,CHORDATA,MAMMALIA,EULIPOTYPHLA,SORICIDAE,Crocidura,Crocidura sibirica,"Dukelsky, 1930",NA,NA,NA,LC,Siberian Shrew
3964,41357,ANIMALIA,CHORDATA,MAMMALIA,EULIPOTYPHLA,SORICIDAE,Crocidura,Crocidura silacea,"Thomas, 1895",NA,NA,NA,LC,Lesser Gray-brown Musk Shrew
3965,41358,ANIMALIA,CHORDATA,MAMMALIA,EULIPOTYPHLA,SORICIDAE,Crocidura,Crocidura smithii,"Thomas, 1895",NA,NA,NA,LC,Desert Musk Shrew
3966,41359,ANIMALIA,CHORDATA,MAMMALIA,EULIPOTYPHLA,SORICIDAE,Crocidura,Crocidura somalica,"Thomas, 1895",NA,NA,NA,LC,Somali Shrew
3967,41360,ANIMALIA,CHORDATA,MAMMALIA,EULIPOTYPHLA,SORICIDAE,Crocidura,Crocidura tarella,"Dollman, 1915",NA,NA,NA,EN,Ugandan Shrew
3968,41361,ANIMALIA,CHORDATA,MAMMALIA,EULIPOTYPHLA,SORICIDAE,Crocidura,Crocidura tarfayensis,"Vesmanis &amp; Vesmanis, 1980",NA,NA,NA,DD,Tarfaya Shrew
3969,41362,ANIMALIA,CHORDATA,MAMMALIA,EULIPOTYPHLA,SORICIDAE,Crocidura,Crocidura theresae,"Heim de Balsac, 1968",NA,NA,NA,LC,Therese's Shrew
3970,41363,ANIMALIA,CHORDATA,MAMMALIA,EULIPOTYPHLA,SORICIDAE,Crocidura,Crocidura turba,"Dollman, 1910",NA,NA,NA,LC,Tumultuous Shrew
3971,41364,ANIMALIA,CHORDATA,MAMMALIA,EULIPOTYPHLA,SORICIDAE,Crocidura,Crocidura viaria,"(I. Geoffroy, 1834)",NA,NA,NA,LC,Savanna Path Shrew
3972,41365,ANIMALIA,CHORDATA,MAMMALIA,EULIPOTYPHLA,SORICIDAE,Crocidura,Crocidura voi,"Osgood, 1910",NA,NA,NA,LC,Voi Shrew
3973,41366,ANIMALIA,CHORDATA,MAMMALIA,EULIPOTYPHLA,SORICIDAE,Crocidura,Crocidura whitakeri,"De Winton, 1898",NA,NA,NA,LC,Whitaker's Shrew
3974,41367,ANIMALIA,CHORDATA,MAMMALIA,EULIPOTYPHLA,SORICIDAE,Crocidura,Crocidura yankariensis,"Hutterer &amp; Jenkins, 1980",NA,NA,NA,LC,Yankari Shrew
3975,41368,ANIMALIA,CHORDATA,MAMMALIA,EULIPOTYPHLA,SORICIDAE,Crocidura,Crocidura zaphiri,"Dollman, 1915",NA,NA,NA,DD,Zaphir's Shrew
3976,41369,ANIMALIA,CHORDATA,MAMMALIA,EULIPOTYPHLA,SORICIDAE,Crocidura,Crocidura zarudnyi,"Ognev, 1928",NA,NA,NA,LC,Zarudny's Shrew
3977,41371,ANIMALIA,CHORDATA,MAMMALIA,EULIPOTYPHLA,SORICIDAE,Cryptotis,Cryptotis goldmani,"(Merriam, 1895)",NA,NA,NA,LC,Goldman's Broad-clawed Shrew
3978,41374,ANIMALIA,CHORDATA,MAMMALIA,EULIPOTYPHLA,SORICIDAE,Cryptotis,Cryptotis mexicana,"(Coues, 1877)",NA,NA,NA,LC,Mexican Small-eared Shrew
3979,41375,ANIMALIA,CHORDATA,MAMMALIA,EULIPOTYPHLA,SORICIDAE,Cryptotis,Cryptotis montivaga,"(Anthony, 1921)",NA,NA,NA,LC,Ecuadorean Small-eared Shrew
3980,41376,ANIMALIA,CHORDATA,MAMMALIA,EULIPOTYPHLA,SORICIDAE,Cryptotis,Cryptotis nigrescens,"(J.A. Allen, 1895)",NA,NA,NA,LC,Blackish Small-eared Shrew
3981,41377,ANIMALIA,CHORDATA,MAMMALIA,EULIPOTYPHLA,SORICIDAE,Cryptotis,Cryptotis parva,"(Say, 1823)",NA,NA,NA,LC,North American Least Shrew
3982,41378,ANIMALIA,CHORDATA,MAMMALIA,EULIPOTYPHLA,SORICIDAE,Cryptotis,Cryptotis squamipes,"(J.A. Allen, 1912)",NA,NA,NA,LC,Western Colombian Small-eared Shrew
3983,41379,ANIMALIA,CHORDATA,MAMMALIA,EULIPOTYPHLA,SORICIDAE,Cryptotis,Cryptotis thomasi,"(Merriam, 1897)",NA,NA,NA,LC,Thomas' Small-eared Shrew
3984,41380,ANIMALIA,CHORDATA,MAMMALIA,EULIPOTYPHLA,SORICIDAE,Myosorex,Myosorex babaulti,"Heim de Balsac &amp; Lamotte, 1956",NA,NA,NA,LC,Babault's Mouse Shrew
3985,41382,ANIMALIA,CHORDATA,MAMMALIA,EULIPOTYPHLA,SORICIDAE,Myosorex,Myosorex varius,"(Smuts, 1832)",NA,NA,NA,LC,Forest Shrew
3986,41383,ANIMALIA,CHORDATA,MAMMALIA,EULIPOTYPHLA,SORICIDAE,Paracrocidura,Paracrocidura schoutedeni,"Heim de Balsac, 1956",NA,NA,NA,LC,Lesser Large-headed Shrew
3987,41384,ANIMALIA,CHORDATA,MAMMALIA,EULIPOTYPHLA,SORICIDAE,Sorex,Sorex alaskanus,"Merriam, 1900",NA,NA,NA,DD,Glacier Bay Water Shrew
3988,41385,ANIMALIA,CHORDATA,MAMMALIA,EULIPOTYPHLA,SORICIDAE,Sorex,Sorex arcticus,"Kerr, 1792",NA,NA,NA,LC,Arctic Shrew
3989,41386,ANIMALIA,CHORDATA,MAMMALIA,EULIPOTYPHLA,SORICIDAE,Sorex,Sorex asper,"Thomas, 1914",NA,NA,NA,LC,Tien Shan Shrew
3990,41387,ANIMALIA,CHORDATA,MAMMALIA,EULIPOTYPHLA,SORICIDAE,Sorex,Sorex bairdi,"Merriam, 1895",NA,NA,NA,LC,Baird's Shrew
3991,41388,ANIMALIA,CHORDATA,MAMMALIA,EULIPOTYPHLA,SORICIDAE,Sorex,Sorex bedfordiae,"Thomas, 1911",NA,NA,NA,LC,Lesser Stripe-backed Shrew
3992,41389,ANIMALIA,CHORDATA,MAMMALIA,EULIPOTYPHLA,SORICIDAE,Sorex,Sorex bendirii,"(Merriam, 1884)",NA,NA,NA,LC,Marsh Shrew
3993,41390,ANIMALIA,CHORDATA,MAMMALIA,EULIPOTYPHLA,SORICIDAE,Sorex,Sorex buchariensis,"Ognev, 1921",NA,NA,NA,DD,Pamir Shrew
3994,41391,ANIMALIA,CHORDATA,MAMMALIA,EULIPOTYPHLA,SORICIDAE,Sorex,Sorex camtschatica,"Yudin, 1972",NA,NA,NA,LC,Kamchatcka Shrew
3995,41392,ANIMALIA,CHORDATA,MAMMALIA,EULIPOTYPHLA,SORICIDAE,Sorex,Sorex cinereus,"Kerr, 1792",NA,NA,NA,LC,Cinereus Shrew
3996,41393,ANIMALIA,CHORDATA,MAMMALIA,EULIPOTYPHLA,SORICIDAE,Sorex,Sorex daphaenodon,"Thomas, 1907",NA,NA,NA,LC,Large-toothed Siberian Shrew
3997,41394,ANIMALIA,CHORDATA,MAMMALIA,EULIPOTYPHLA,SORICIDAE,Sorex,Sorex dispar,"Batchelder, 1911",NA,NA,NA,LC,Long-tailed Shrew
3998,41395,ANIMALIA,CHORDATA,MAMMALIA,EULIPOTYPHLA,SORICIDAE,Sorex,Sorex emarginatus,"Jackson, 1925",NA,NA,NA,LC,Zacatecas Shrew
3999,41396,ANIMALIA,CHORDATA,MAMMALIA,EULIPOTYPHLA,SORICIDAE,Sorex,Sorex fumeus,"G.M. Miller, 1895",NA,NA,NA,LC,Smoky Shrew
4000,41398,ANIMALIA,CHORDATA,MAMMALIA,EULIPOTYPHLA,SORICIDAE,Sorex,Sorex gracillimus,"Thomas, 1907",NA,NA,NA,LC,Slender Shrew
4001,41399,ANIMALIA,CHORDATA,MAMMALIA,EULIPOTYPHLA,SORICIDAE,Sorex,Sorex haydeni,"Baird, 1857",NA,NA,NA,LC,Prairie Shrew
4002,41400,ANIMALIA,CHORDATA,MAMMALIA,EULIPOTYPHLA,SORICIDAE,Sorex,Sorex hoyi,"Baird, 1857",NA,NA,NA,LC,American Pygmy Shrew
4003,41401,ANIMALIA,CHORDATA,MAMMALIA,EULIPOTYPHLA,SORICIDAE,Sorex,Sorex longirostris,"Bachman, 1837",NA,NA,NA,LC,Southeastern Shrew
4004,41402,ANIMALIA,CHORDATA,MAMMALIA,EULIPOTYPHLA,SORICIDAE,Sorex,Sorex lyelli,"Merriam, 1902",NA,NA,NA,LC,Mount Lyell Shrew
4005,41403,ANIMALIA,CHORDATA,MAMMALIA,EULIPOTYPHLA,SORICIDAE,Sorex,Sorex merriami,"Dobson, 1890",NA,NA,NA,LC,Merriam's Shrew
4006,41404,ANIMALIA,CHORDATA,MAMMALIA,EULIPOTYPHLA,SORICIDAE,Sorex,Sorex mirabilis,"Ognev, 1937",NA,NA,NA,DD,Ussuri Shrew
4007,41405,ANIMALIA,CHORDATA,MAMMALIA,EULIPOTYPHLA,SORICIDAE,Sorex,Sorex monticola,"Merriam, 1890",NA,NA,NA,LC,Dusky Shrew
4008,41406,ANIMALIA,CHORDATA,MAMMALIA,EULIPOTYPHLA,SORICIDAE,Sorex,Sorex nanus,"Merriam, 1895",NA,NA,NA,LC,Dwarf Shrew
4009,41408,ANIMALIA,CHORDATA,MAMMALIA,EULIPOTYPHLA,SORICIDAE,Sorex,Sorex ornatus,"Merriam, 1895",NA,NA,NA,LC,Ornate Shrew
4010,41409,ANIMALIA,CHORDATA,MAMMALIA,EULIPOTYPHLA,SORICIDAE,Sorex,Sorex pacificus,"Coues, 1877",NA,NA,NA,LC,Pacific Shrew
4011,41410,ANIMALIA,CHORDATA,MAMMALIA,EULIPOTYPHLA,SORICIDAE,Sorex,Sorex palustris,"Richardson, 1828",NA,NA,NA,LC,American Water Shrew
4012,41411,ANIMALIA,CHORDATA,MAMMALIA,EULIPOTYPHLA,SORICIDAE,Sorex,Sorex planiceps,"Miller, 1911",NA,NA,NA,LC,Kashmir Shrew
4013,41412,ANIMALIA,CHORDATA,MAMMALIA,EULIPOTYPHLA,SORICIDAE,Sorex,Sorex portenkoi,"Stroganov, 1956",NA,NA,NA,DD,Portenko's Shrew
4014,41413,ANIMALIA,CHORDATA,MAMMALIA,EULIPOTYPHLA,SORICIDAE,Sorex,Sorex preblei,"Jackson, 1922",NA,NA,NA,LC,Preble's Shrew
4015,41414,ANIMALIA,CHORDATA,MAMMALIA,EULIPOTYPHLA,SORICIDAE,Sorex,Sorex roboratus,"Hollister, 1913",NA,NA,NA,LC,Flat-skulled Shrew
4016,41415,ANIMALIA,CHORDATA,MAMMALIA,EULIPOTYPHLA,SORICIDAE,Sorex,Sorex satunini,"Ognev, 1922",NA,NA,NA,LC,Caucasian Shrew
4017,41416,ANIMALIA,CHORDATA,MAMMALIA,EULIPOTYPHLA,SORICIDAE,Sorex,Sorex saussurei,"Merriam, 1892",NA,NA,NA,LC,Saussure's Shrew
4018,41417,ANIMALIA,CHORDATA,MAMMALIA,EULIPOTYPHLA,SORICIDAE,Sorex,Sorex shinto,"Thomas, 1905",NA,NA,NA,LC,Shinto Shrew
4019,41418,ANIMALIA,CHORDATA,MAMMALIA,EULIPOTYPHLA,SORICIDAE,Sorex,Sorex sonomae,"Jackson, 1921",NA,NA,NA,LC,Fog Shrew
4020,41419,ANIMALIA,CHORDATA,MAMMALIA,EULIPOTYPHLA,SORICIDAE,Sorex,Sorex tenellus,"Merriam, 1895",NA,NA,NA,LC,Inyo Shrew
4021,41420,ANIMALIA,CHORDATA,MAMMALIA,EULIPOTYPHLA,SORICIDAE,Sorex,Sorex thibetanus,"Kastschenko, 1905",NA,NA,NA,DD,Tibetan Shrew
4022,41421,ANIMALIA,CHORDATA,MAMMALIA,EULIPOTYPHLA,SORICIDAE,Sorex,Sorex trowbridgii,"Baird, 1857",NA,NA,NA,LC,Trowbridge's Shrew
4023,41422,ANIMALIA,CHORDATA,MAMMALIA,EULIPOTYPHLA,SORICIDAE,Sorex,Sorex tundrensis,"Merriam, 1900",NA,NA,NA,LC,Tundra Shrew
4024,41423,ANIMALIA,CHORDATA,MAMMALIA,EULIPOTYPHLA,SORICIDAE,Sorex,Sorex ugyunak,"Anderson &amp; Rand, 1945",NA,NA,NA,LC,Barren Ground Shrew
4025,41424,ANIMALIA,CHORDATA,MAMMALIA,EULIPOTYPHLA,SORICIDAE,Sorex,Sorex unguiculatus,"Dobson, 1890",NA,NA,NA,LC,Long-clawed Shrew
4026,41425,ANIMALIA,CHORDATA,MAMMALIA,EULIPOTYPHLA,SORICIDAE,Sorex,Sorex vagrans,"Baird, 1857",NA,NA,NA,LC,Vagrant Shrew
4027,41426,ANIMALIA,CHORDATA,MAMMALIA,EULIPOTYPHLA,SORICIDAE,Sorex,Sorex ventralis,"Merriam, 1895",NA,NA,NA,LC,Chestnut-bellied Shrew
4028,41427,ANIMALIA,CHORDATA,MAMMALIA,EULIPOTYPHLA,SORICIDAE,Sorex,Sorex veraepacis,"Alston, 1877",NA,NA,NA,LC,Verapaz Shrew
4029,41428,ANIMALIA,CHORDATA,MAMMALIA,EULIPOTYPHLA,SORICIDAE,Episoriculus,Episoriculus caudatus,"(Horsfield, 1851)",NA,NA,NA,LC,Hodgson's Brown-toothed Shrew
4030,41429,ANIMALIA,CHORDATA,MAMMALIA,EULIPOTYPHLA,SORICIDAE,Episoriculus,Episoriculus fumidus,"(Thomas, 1913)",NA,NA,NA,LC,Taiwan Brown-toothed Shrew
4031,41430,ANIMALIA,CHORDATA,MAMMALIA,EULIPOTYPHLA,SORICIDAE,Chodsigoa,Chodsigoa hypsibia,"(de Winton, 1899)",NA,NA,NA,LC,De Winton's Shrew
4032,41431,ANIMALIA,CHORDATA,MAMMALIA,EULIPOTYPHLA,SORICIDAE,Chodsigoa,Chodsigoa lamula,"Thomas, 1912",NA,NA,NA,LC,Lamulate Shrew
4033,41432,ANIMALIA,CHORDATA,MAMMALIA,EULIPOTYPHLA,SORICIDAE,Episoriculus,Episoriculus leucops,"(Horsfield, 1855)",NA,NA,NA,LC,Long-tailed Brown-toothed Shrew
4034,41433,ANIMALIA,CHORDATA,MAMMALIA,EULIPOTYPHLA,SORICIDAE,Episoriculus,Episoriculus macrurus,"(Blanford, 1888)",NA,NA,NA,LC,Arboreal Brown-toothed Shrew
4035,41434,ANIMALIA,CHORDATA,MAMMALIA,EULIPOTYPHLA,SORICIDAE,Soriculus,Soriculus nigrescens,"(Gray, 1842)",NA,NA,NA,LC,Sikkim Large-clawed Shrew
4036,41435,ANIMALIA,CHORDATA,MAMMALIA,EULIPOTYPHLA,SORICIDAE,Chodsigoa,Chodsigoa parca,"G.M. Allen, 1923",NA,NA,NA,LC,Lowe's Shrew
4037,41436,ANIMALIA,CHORDATA,MAMMALIA,EULIPOTYPHLA,SORICIDAE,Chodsigoa,Chodsigoa smithii,"Thomas, 1911",NA,NA,NA,NT,Smith's Shrew
4038,41437,ANIMALIA,CHORDATA,MAMMALIA,EULIPOTYPHLA,SORICIDAE,Suncus,Suncus infinitesimus,"(Heller, 1912)",NA,NA,NA,LC,Least Dwarf Shrew
4039,41438,ANIMALIA,CHORDATA,MAMMALIA,EULIPOTYPHLA,SORICIDAE,Suncus,Suncus lixus,"(Thomas, 1898)",NA,NA,NA,LC,Greater Dwarf Shrew
4040,41440,ANIMALIA,CHORDATA,MAMMALIA,EULIPOTYPHLA,SORICIDAE,Suncus,Suncus murinus,"Linnaeus, 1766",NA,NA,NA,LC,House Shrew
4041,41441,ANIMALIA,CHORDATA,MAMMALIA,EULIPOTYPHLA,SORICIDAE,Suncus,Suncus stoliczkanus,"(Anderson, 1877)",NA,NA,NA,LC,Anderson's Shrew
4042,41442,ANIMALIA,CHORDATA,MAMMALIA,EULIPOTYPHLA,SORICIDAE,Suncus,Suncus varilla,"(Thomas, 1895)",NA,NA,NA,LC,Lesser Dwarf Shrew
4043,41443,ANIMALIA,CHORDATA,MAMMALIA,EULIPOTYPHLA,SORICIDAE,Sylvisorex,Sylvisorex granti,"Thomas, 1907",NA,NA,NA,LC,Grant's Forest Shrew
4044,41444,ANIMALIA,CHORDATA,MAMMALIA,EULIPOTYPHLA,SORICIDAE,Sylvisorex,Sylvisorex johnstoni,"(Dobson, 1888)",NA,NA,NA,LC,Johnston's Forest Shrew
4045,41445,ANIMALIA,CHORDATA,MAMMALIA,EULIPOTYPHLA,SORICIDAE,Sylvisorex,Sylvisorex lunaris,"Thomas, 1906",NA,NA,NA,NT,Moon Forest Shrew
4046,41446,ANIMALIA,CHORDATA,MAMMALIA,EULIPOTYPHLA,SORICIDAE,Suncus,Suncus megalura,"(Jentink, 1888)",NA,NA,NA,LC,Climbing Shrew
4047,41447,ANIMALIA,CHORDATA,MAMMALIA,EULIPOTYPHLA,SORICIDAE,Crocidura,Crocidura nigripes,"Miller &amp; Hollister, 1921",NA,NA,NA,LC,Black-footed Shrew
4048,41448,ANIMALIA,CHORDATA,MAMMALIA,EULIPOTYPHLA,SORICIDAE,Diplomesodon,Diplomesodon pulchellus,"(Lichtenstein, 1823)",NA,NA,NA,LC,Piebald Shrew
4049,41449,ANIMALIA,CHORDATA,MAMMALIA,EULIPOTYPHLA,SORICIDAE,Scutisorex,Scutisorex somereni,"(Thomas, 1910)",NA,NA,NA,LC,Armored Shrew
4050,41450,ANIMALIA,CHORDATA,MAMMALIA,EULIPOTYPHLA,SORICIDAE,Anourosorex,Anourosorex squamipes,"Milne-Edwards, 1872",NA,NA,NA,LC,Mole-shrew
4051,41451,ANIMALIA,CHORDATA,MAMMALIA,EULIPOTYPHLA,SORICIDAE,Blarina,Blarina brevicauda,"(Say, 1823)",NA,NA,NA,LC,Northern Short-tailed Shrew
4052,41452,ANIMALIA,CHORDATA,MAMMALIA,EULIPOTYPHLA,SORICIDAE,Blarina,Blarina carolinensis,"(Bachman, 1837)",NA,NA,NA,LC,Southern Short-tailed Shrew
4053,41453,ANIMALIA,CHORDATA,MAMMALIA,EULIPOTYPHLA,SORICIDAE,Blarina,Blarina hylophaga,"Elliot, 1899",NA,NA,NA,LC,Elliot's Short-tailed Shrew
4054,41454,ANIMALIA,CHORDATA,MAMMALIA,EULIPOTYPHLA,SORICIDAE,Megasorex,Megasorex gigas,"(Merriam, 1897)",NA,NA,NA,LC,Mexican Shrew
4055,41455,ANIMALIA,CHORDATA,MAMMALIA,EULIPOTYPHLA,SORICIDAE,Nectogale,Nectogale elegans,"Milne-Edwards, 1870",NA,NA,NA,LC,Elegant Water Shrew
4056,41456,ANIMALIA,CHORDATA,MAMMALIA,EULIPOTYPHLA,SORICIDAE,Notiosorex,Notiosorex crawfordi,"(Coues, 1877)",NA,NA,NA,LC,Desert Shrew
4057,41458,ANIMALIA,CHORDATA,MAMMALIA,EULIPOTYPHLA,TALPIDAE,Condylura,Condylura cristata,"(Linnaeus, 1758)",NA,NA,NA,LC,Star-nosed Mole
4058,41459,ANIMALIA,CHORDATA,MAMMALIA,EULIPOTYPHLA,TALPIDAE,Euroscaptor,Euroscaptor grandis,"Miller, 1940",NA,NA,NA,LC,Greater Chinese Mole
4059,41460,ANIMALIA,CHORDATA,MAMMALIA,EULIPOTYPHLA,TALPIDAE,Euroscaptor,Euroscaptor klossi,"Thomas, 1929",NA,NA,NA,LC,Kloss’s Mole
4060,41461,ANIMALIA,CHORDATA,MAMMALIA,EULIPOTYPHLA,TALPIDAE,Euroscaptor,Euroscaptor longirostris,"(Milne-Edwards, 1870)",NA,NA,NA,LC,Long-nosed Mole
4061,41462,ANIMALIA,CHORDATA,MAMMALIA,EULIPOTYPHLA,TALPIDAE,Euroscaptor,Euroscaptor micrura,"(Hodgson, 1841)",NA,NA,NA,LC,Himalayan Mole
4062,41463,ANIMALIA,CHORDATA,MAMMALIA,EULIPOTYPHLA,TALPIDAE,Mogera,Mogera insularis,"(Swinhoe, 1863)",NA,NA,NA,LC,Insular Mole
4063,41465,ANIMALIA,CHORDATA,MAMMALIA,EULIPOTYPHLA,TALPIDAE,Mogera,Mogera imaizumii,"(Kuroda, 1957)",NA,NA,NA,LC,Small Japanese Mole
4064,41466,ANIMALIA,CHORDATA,MAMMALIA,EULIPOTYPHLA,TALPIDAE,Mogera,Mogera robusta,"Nehring, 1891",NA,NA,NA,LC,Large Mole
4065,41467,ANIMALIA,CHORDATA,MAMMALIA,EULIPOTYPHLA,TALPIDAE,Mogera,Mogera wogura,"(Temminck, 1842)",NA,NA,NA,LC,Large Japanese Mole
4066,41468,ANIMALIA,CHORDATA,MAMMALIA,EULIPOTYPHLA,TALPIDAE,Neurotrichus,Neurotrichus gibbsii,"(Baird, 1858)",NA,NA,NA,LC,Shrew-mole
4067,41469,ANIMALIA,CHORDATA,MAMMALIA,EULIPOTYPHLA,TALPIDAE,Parascalops,Parascalops breweri,"(Bachman, 1842)",NA,NA,NA,LC,Hairy-tailed Mole
4068,41470,ANIMALIA,CHORDATA,MAMMALIA,EULIPOTYPHLA,TALPIDAE,Parascaptor,Parascaptor leucura,"(Blyth, 1850)",NA,NA,NA,LC,White-tailed Mole
4069,41471,ANIMALIA,CHORDATA,MAMMALIA,EULIPOTYPHLA,TALPIDAE,Scalopus,Scalopus aquaticus,"(Linnaeus, 1758)",NA,NA,NA,LC,Eastern Mole
4070,41472,ANIMALIA,CHORDATA,MAMMALIA,EULIPOTYPHLA,TALPIDAE,Scapanulus,Scapanulus oweni,"Thomas, 1912",NA,NA,NA,LC,Gansu Mole
4071,41473,ANIMALIA,CHORDATA,MAMMALIA,EULIPOTYPHLA,TALPIDAE,Scapanus,Scapanus latimanus,"(Bachman, 1842)",NA,NA,NA,LC,Broad-footed Mole
4072,41474,ANIMALIA,CHORDATA,MAMMALIA,EULIPOTYPHLA,TALPIDAE,Scapanus,Scapanus orarius,"True, 1896",NA,NA,NA,LC,Coast Mole
4073,41475,ANIMALIA,CHORDATA,MAMMALIA,EULIPOTYPHLA,TALPIDAE,Scapanus,Scapanus townsendii,"(Bachman, 1839)",NA,NA,NA,LC,Townsend's Mole
4074,41476,ANIMALIA,CHORDATA,MAMMALIA,EULIPOTYPHLA,TALPIDAE,Scaptochirus,Scaptochirus moschatus,"Milne-Edwards, 1867",NA,NA,NA,LC,Short-faced Mole
4075,41477,ANIMALIA,CHORDATA,MAMMALIA,EULIPOTYPHLA,TALPIDAE,Scaptonyx,Scaptonyx fusicaudus,"Milne-Edwards, 1872",NA,NA,NA,LC,Long-tailed Mole
4076,41478,ANIMALIA,CHORDATA,MAMMALIA,EULIPOTYPHLA,TALPIDAE,Talpa,Talpa altaica,"Nikolsky, 1883",NA,NA,NA,LC,Siberian Mole
4077,41479,ANIMALIA,CHORDATA,MAMMALIA,EULIPOTYPHLA,TALPIDAE,Talpa,Talpa caeca,"Savi, 1822",NA,NA,NA,LC,Mediterranean Mole
4078,41483,ANIMALIA,CHORDATA,MAMMALIA,EULIPOTYPHLA,TALPIDAE,Talpa,Talpa occidentalis,"Cabrera, 1907",NA,NA,NA,LC,Iberian Mole
4079,41484,ANIMALIA,CHORDATA,MAMMALIA,EULIPOTYPHLA,TALPIDAE,Talpa,Talpa romana,"O. Thomas, 1902",NA,NA,NA,LC,Roman Mole
4080,41485,ANIMALIA,CHORDATA,MAMMALIA,EULIPOTYPHLA,TALPIDAE,Talpa,Talpa stankovici,"V. Martino &amp; E. Martino, 1931",NA,NA,NA,LC,Balkan Mole
4081,41486,ANIMALIA,CHORDATA,MAMMALIA,EULIPOTYPHLA,TALPIDAE,Uropsilus,Uropsilus andersoni,"(Thomas, 1911)",NA,NA,NA,DD,Anderson's Shrew Mole
4082,41487,ANIMALIA,CHORDATA,MAMMALIA,EULIPOTYPHLA,TALPIDAE,Uropsilus,Uropsilus gracilis,"(Thomas, 1911)",NA,NA,NA,LC,Gracile Shrew Mole
4083,41488,ANIMALIA,CHORDATA,MAMMALIA,EULIPOTYPHLA,TALPIDAE,Dymecodon,Dymecodon pilirostris,"True, 1886",NA,NA,NA,LC,True's Shrew Mole
4084,41489,ANIMALIA,CHORDATA,MAMMALIA,EULIPOTYPHLA,TALPIDAE,Urotrichus,Urotrichus talpoides,"Temminck, 1841",NA,NA,NA,LC,Japanese Shrew Mole
4085,41490,ANIMALIA,CHORDATA,MAMMALIA,SCANDENTIA,TUPAIIDAE,Dendrogale,Dendrogale murina,"(Schlegel &amp; Müller, 1843)",NA,NA,NA,LC,Northern Smooth-tailed Treeshrew
4086,41491,ANIMALIA,CHORDATA,MAMMALIA,SCANDENTIA,PTILOCERCIDAE,Ptilocercus,Ptilocercus lowii,"Gray, 1848",NA,NA,NA,LC,Pen-tailed Treeshrew
4087,41492,ANIMALIA,CHORDATA,MAMMALIA,SCANDENTIA,TUPAIIDAE,Tupaia,Tupaia belangeri,"(Wagner, 1841)",NA,NA,NA,LC,Northern Treeshrew
4088,41493,ANIMALIA,CHORDATA,MAMMALIA,SCANDENTIA,TUPAIIDAE,Tupaia,Tupaia dorsalis,"Schlegel, 1857",NA,NA,NA,DD,Striped Treeshrew
4089,41495,ANIMALIA,CHORDATA,MAMMALIA,SCANDENTIA,TUPAIIDAE,Tupaia,Tupaia gracilis,"Thomas, 1893",NA,NA,NA,LC,Slender Treeshrew
4090,41496,ANIMALIA,CHORDATA,MAMMALIA,SCANDENTIA,TUPAIIDAE,Tupaia,Tupaia javanica,"Horsfield, 1822",NA,NA,NA,LC,Horsfield's Treeshrew
4091,41497,ANIMALIA,CHORDATA,MAMMALIA,SCANDENTIA,TUPAIIDAE,Tupaia,Tupaia minor,"Günther, 1876",NA,NA,NA,LC,Lesser Treeshrew
4092,41498,ANIMALIA,CHORDATA,MAMMALIA,SCANDENTIA,TUPAIIDAE,Tupaia,Tupaia montana,"Thomas, 1892",NA,NA,NA,LC,Mountain Treeshrew
4093,41499,ANIMALIA,CHORDATA,MAMMALIA,SCANDENTIA,TUPAIIDAE,Tupaia,Tupaia picta,"Thomas, 1892",NA,NA,NA,LC,Painted Treeshrew
4094,41500,ANIMALIA,CHORDATA,MAMMALIA,SCANDENTIA,TUPAIIDAE,Tupaia,Tupaia splendidula,"Gray, 1865",NA,NA,NA,LC,Ruddy Treeshrew
4095,41501,ANIMALIA,CHORDATA,MAMMALIA,SCANDENTIA,TUPAIIDAE,Tupaia,Tupaia tana,"Raffles, 1821",NA,NA,NA,LC,Large Treeshrew
4096,41502,ANIMALIA,CHORDATA,MAMMALIA,DERMOPTERA,CYNOCEPHALIDAE,Galeopterus,Galeopterus variegatus,"(Audebert, 1799)",NA,NA,NA,LC,Sunda Flying Lemur
4097,41503,ANIMALIA,CHORDATA,MAMMALIA,LAGOMORPHA,OCHOTONIDAE,Ochotona,Ochotona turuchanensis,"Naumov, 1934",NA,NA,NA,LC,Turuchan Pika
4098,41504,ANIMALIA,CHORDATA,MAMMALIA,TUBULIDENTATA,ORYCTEROPODIDAE,Orycteropus,Orycteropus afer,"(Pallas, 1766)",NA,NA,NA,LC,Aardvark
4099,41506,ANIMALIA,CHORDATA,MAMMALIA,PAUCITUBERCULATA,CAENOLESTIDAE,Caenolestes,Caenolestes fuliginosus,"(Tomes, 1863)",NA,NA,NA,LC,Silky Shrew Opossum
4100,41507,ANIMALIA,CHORDATA,MAMMALIA,PAUCITUBERCULATA,CAENOLESTIDAE,Lestoros,Lestoros inca,"(Thomas, 1917)",NA,NA,NA,LC,Incan Shrew Opossum
4101,41508,ANIMALIA,CHORDATA,MAMMALIA,DASYUROMORPHIA,DASYURIDAE,Antechinus,Antechinus swainsonii,"(Waterhouse, 1840)",NA,NA,NA,LC,Dusky Antechinus
4102,41509,ANIMALIA,CHORDATA,MAMMALIA,DASYUROMORPHIA,DASYURIDAE,Sminthopsis,Sminthopsis granulipes,"Troughton, 1932",NA,NA,NA,LC,White-tailed Dunnart
4103,41510,ANIMALIA,CHORDATA,MAMMALIA,DASYUROMORPHIA,DASYURIDAE,Sminthopsis,Sminthopsis griseoventer,"Kitchener, Stoddart &amp; Henry, 1984",NA,NA,NA,LC,Grey-bellied Dunnart
4104,41511,ANIMALIA,CHORDATA,MAMMALIA,DIPROTODONTIA,POTOROIDAE,Potorous,Potorous tridactylus,"(Kerr, 1792)",NA,NA,NA,NT,Long-nosed Potoroo
4105,41512,ANIMALIA,CHORDATA,MAMMALIA,DIPROTODONTIA,MACROPODIDAE,Notamacropus,Notamacropus eugenii,"(Desmarest, 1817)",NA,NA,NA,LC,Tammar Wallaby
4106,41513,ANIMALIA,CHORDATA,MAMMALIA,DIPROTODONTIA,MACROPODIDAE,Macropus,Macropus giganteus,"Shaw, 1790",NA,NA,NA,LC,Eastern Grey Kangaroo
4107,41514,ANIMALIA,CHORDATA,MAMMALIA,DIPROTODONTIA,MACROPODIDAE,Petrogale,Petrogale godmani,"Thomas, 1923",NA,NA,NA,NT,Godman's Rock Wallaby
4108,41515,ANIMALIA,CHORDATA,MAMMALIA,DIPROTODONTIA,MACROPODIDAE,Petrogale,Petrogale herberti,"Thomas, 1926",NA,NA,NA,LC,Herbert's Rock Wallaby
4109,41516,ANIMALIA,CHORDATA,MAMMALIA,DIPROTODONTIA,MACROPODIDAE,Petrogale,Petrogale inornata,"Gould, 1842",NA,NA,NA,LC,Unadorned Rock Wallaby
4110,41517,ANIMALIA,CHORDATA,MAMMALIA,DIPROTODONTIA,MACROPODIDAE,Petrogale,Petrogale rothschildi,"Thomas, 1904",NA,NA,NA,LC,Rothschild's Rock Wallaby
4111,41518,ANIMALIA,CHORDATA,MAMMALIA,PRIMATES,CALLITRICHIDAE,Callithrix,Callithrix jacchus,"(Linnaeus, 1758)",NA,NA,NA,LC,Common Marmoset
4112,41519,ANIMALIA,CHORDATA,MAMMALIA,PRIMATES,CALLITRICHIDAE,Callithrix,Callithrix penicillata,"(É. Geoffroy, 1812)",NA,NA,NA,LC,Black-pencilled Marmoset
4113,41520,ANIMALIA,CHORDATA,MAMMALIA,PRIMATES,CALLITRICHIDAE,Mico,Mico argentatus,"(Linnaeus, 1766)",NA,NA,NA,LC,Silvery Marmoset
4114,41521,ANIMALIA,CHORDATA,MAMMALIA,PRIMATES,CALLITRICHIDAE,Mico,Mico humeralifer,"(É. Geoffroy in Humboldt, 1812)",NA,NA,NA,NT,Black And White Tassel-ear Marmoset
4115,41522,ANIMALIA,CHORDATA,MAMMALIA,PRIMATES,CALLITRICHIDAE,Saguinus,Saguinus geoffroyi,"(Pucheran, 1845)",NA,NA,NA,NT,Geoffroy’s Tamarin
4116,41523,ANIMALIA,CHORDATA,MAMMALIA,PRIMATES,CALLITRICHIDAE,Saguinus,Saguinus inustus,"(Schwarz, 1951)",NA,NA,NA,LC,Mottled-face Tamarin
4117,41524,ANIMALIA,CHORDATA,MAMMALIA,PRIMATES,CALLITRICHIDAE,Saguinus,Saguinus labiatus,"(É. Geoffroy in Humboldt, 1812)",NA,NA,NA,LC,Red-chested Mustached Tamarin
4118,41525,ANIMALIA,CHORDATA,MAMMALIA,PRIMATES,CALLITRICHIDAE,Saguinus,Saguinus midas,"(Linnaeus, 1758)",NA,NA,NA,LC,Golden-handed Tamarin
4119,41526,ANIMALIA,CHORDATA,MAMMALIA,PRIMATES,CALLITRICHIDAE,Saguinus,Saguinus mystax,"(Spix, 1823)",NA,NA,NA,LC,Moustached Tamarin
4120,41527,ANIMALIA,CHORDATA,MAMMALIA,CHIROPTERA,EMBALLONURIDAE,Cormura,Cormura brevirostris,"(Wagner, 1843)",NA,NA,NA,LC,Wagner's Sac-winged Bat
4121,41528,ANIMALIA,CHORDATA,MAMMALIA,CHIROPTERA,EMBALLONURIDAE,Emballonura,Emballonura serii,"Flannery, 1994",NA,NA,NA,VU,Seri's Sheath-tailed Bat
4122,41529,ANIMALIA,CHORDATA,MAMMALIA,CHIROPTERA,RHINOLOPHIDAE,Rhinolophus,Rhinolophus sinicus,"K. Andersen, 1905",NA,NA,NA,LC,Chinese Horseshoe Bat
4123,41530,ANIMALIA,CHORDATA,MAMMALIA,CHIROPTERA,PHYLLOSTOMIDAE,Tonatia,Tonatia saurophila,"Koopman &amp; Williams, 1951",NA,NA,NA,LC,Stripe-headed Round-eared Bat
4124,41531,ANIMALIA,CHORDATA,MAMMALIA,CHIROPTERA,VESPERTILIONIDAE,Eptesicus,Eptesicus gobiensis,"Bobrinskii, 1926",NA,NA,NA,LC,Gobi Big Brown Bat
4125,41532,ANIMALIA,CHORDATA,MAMMALIA,CHIROPTERA,VESPERTILIONIDAE,Lasiurus,Lasiurus xanthinus,"Thomas, 1897",NA,NA,NA,LC,Western Yellow Bat
4126,41533,ANIMALIA,CHORDATA,MAMMALIA,CHIROPTERA,VESPERTILIONIDAE,Nycticeinops,Nycticeinops schlieffeni,"(Peters, 1859)",NA,NA,NA,LC,Schlieffen's Bat
4127,41534,ANIMALIA,CHORDATA,MAMMALIA,CHIROPTERA,VESPERTILIONIDAE,Arielulus,Arielulus circumdatus,"(Temminck, 1840)",NA,NA,NA,LC,Bronze Sprite
4128,41536,ANIMALIA,CHORDATA,MAMMALIA,PRIMATES,CEBIDAE,Saimiri,Saimiri boliviensis,"(I. Geoffroy &amp; de Blainville, 1834)",NA,NA,NA,LC,Bolivian Squirrel Monkey
4129,41538,ANIMALIA,CHORDATA,MAMMALIA,PRIMATES,CEBIDAE,Saimiri,Saimiri ustus,"I. Geoffroy, 1843",NA,NA,NA,NT,Golden-backed Squirrel Monkey
4130,41539,ANIMALIA,CHORDATA,MAMMALIA,PRIMATES,AOTIDAE,Aotus,Aotus azarae,"(Humboldt, 1811)",NA,NA,NA,LC,Azara’s Night Monkey
4131,41540,ANIMALIA,CHORDATA,MAMMALIA,PRIMATES,AOTIDAE,Aotus,Aotus nancymaae,"Hershkovitz, 1983",NA,NA,NA,VU,Nancy Ma’s Night Monkey
4132,41542,ANIMALIA,CHORDATA,MAMMALIA,PRIMATES,AOTIDAE,Aotus,Aotus nigriceps,"Dollman, 1909",NA,NA,NA,LC,Black-headed Night Monkey
4133,41543,ANIMALIA,CHORDATA,MAMMALIA,PRIMATES,AOTIDAE,Aotus,Aotus trivirgatus,"(Humboldt, 1812)",NA,NA,NA,LC,Northern Night Monkey
4134,41544,ANIMALIA,CHORDATA,MAMMALIA,PRIMATES,AOTIDAE,Aotus,Aotus vociferans,"(Spix, 1823)",NA,NA,NA,LC,Spix's Night Monkey
4135,41545,ANIMALIA,CHORDATA,MAMMALIA,PRIMATES,ATELIDAE,Alouatta,Alouatta caraya,"(Humboldt, 1812)",NA,NA,NA,NT,Black-and-gold Howler Monkey
4136,41546,ANIMALIA,CHORDATA,MAMMALIA,PRIMATES,ATELIDAE,Alouatta,Alouatta sara,"Elliot, 1910",NA,NA,NA,NT,Bolivian Red Howler Monkey
4137,41547,ANIMALIA,CHORDATA,MAMMALIA,PRIMATES,ATELIDAE,Ateles,Ateles chamek,"(Humboldt, 1812)",NA,NA,NA,EN,Black-faced Black Spider Monkey
4138,41548,ANIMALIA,CHORDATA,MAMMALIA,PRIMATES,PITHECIIDAE,Plecturocebus,Plecturocebus donacophilus,"(D'Orbigny, 1836)",NA,NA,NA,LC,Bolivian Gray Titi
4139,41549,ANIMALIA,CHORDATA,MAMMALIA,PRIMATES,PITHECIIDAE,Plecturocebus,Plecturocebus pallescens,"Thomas, 1907",NA,NA,NA,LC,Chacoan Titi Monkey
4140,41550,ANIMALIA,CHORDATA,MAMMALIA,PRIMATES,PITHECIIDAE,Plecturocebus,Plecturocebus modestus,"Lönnberg, 1939",NA,NA,NA,EN,Beni Titi Monkey
4141,41552,ANIMALIA,CHORDATA,MAMMALIA,PRIMATES,PITHECIIDAE,Plecturocebus,Plecturocebus caligatus,"(Wagner, 1842)",NA,NA,NA,LC,Chestnut-bellied Titi
4142,41553,ANIMALIA,CHORDATA,MAMMALIA,PRIMATES,PITHECIIDAE,Plecturocebus,Plecturocebus discolor,"(I. Geoffroy &amp; Deville, 1848)",NA,NA,NA,LC,Red Titi Monkey
4143,41554,ANIMALIA,CHORDATA,MAMMALIA,PRIMATES,CERCOPITHECIDAE,Trachypithecus,Trachypithecus barbei,"(Blyth, 1847)",NA,NA,NA,VU,Tenasserim Lutung
4144,41555,ANIMALIA,CHORDATA,MAMMALIA,PRIMATES,PITHECIIDAE,Plecturocebus,Plecturocebus stephennashi,"M. van Roosmalen, T. van Roosmalen &amp; R.A. Mittermeier, 2002",NA,NA,NA,DD,Stephen Nash’s Titi Monkey
4145,41556,ANIMALIA,CHORDATA,MAMMALIA,PRIMATES,PITHECIIDAE,Plecturocebus,Plecturocebus moloch,"(Hoffmannsegg, 1807)",NA,NA,NA,LC,Red-bellied Titi Monkey
4146,41557,ANIMALIA,CHORDATA,MAMMALIA,PRIMATES,PITHECIIDAE,Plecturocebus,Plecturocebus cinerascens,"(Spix, 1823)",NA,NA,NA,LC,Ashy Black Titi Monkey
4147,41558,ANIMALIA,CHORDATA,MAMMALIA,PRIMATES,PITHECIIDAE,Plecturocebus,Plecturocebus brunneus,"(Wagner, 1842)",NA,NA,NA,VU,Brown Titi Monkey
4148,41559,ANIMALIA,CHORDATA,MAMMALIA,PRIMATES,PITHECIIDAE,Plecturocebus,Plecturocebus hoffmannsi,"Thomas, 1908",NA,NA,NA,LC,Hoffmann’s Titi Monkey
4149,41560,ANIMALIA,CHORDATA,MAMMALIA,PRIMATES,PITHECIIDAE,Plecturocebus,Plecturocebus baptista,"Lönnberg, 1939",NA,NA,NA,LC,Baptista Lake Titi Monkey
4150,41561,ANIMALIA,CHORDATA,MAMMALIA,PRIMATES,PITHECIIDAE,Plecturocebus,Plecturocebus bernhardi,"M. van Roosmalen, T. van Roosmalen &amp; R.A. Mittermeier, 2002",NA,NA,NA,LC,Prince Bernhard’s Titi Monkey
4151,41563,ANIMALIA,CHORDATA,MAMMALIA,PRIMATES,PITHECIIDAE,Cheracebus,Cheracebus lugens,"(Humboldt, 1811)",NA,NA,NA,LC,Collared Titi Monkey
4152,41564,ANIMALIA,CHORDATA,MAMMALIA,PRIMATES,PITHECIIDAE,Cheracebus,Cheracebus lucifer,"Thomas, 1914",NA,NA,NA,LC,Yellow-handed Titi Monkey
4153,41566,ANIMALIA,CHORDATA,MAMMALIA,PRIMATES,PITHECIIDAE,Cheracebus,Cheracebus regulus,"Thomas, 1927",NA,NA,NA,LC,Widow Monkey
4154,41567,ANIMALIA,CHORDATA,MAMMALIA,PRIMATES,PITHECIIDAE,Pithecia,Pithecia albicans,"Gray, 1860",NA,NA,NA,LC,Buffy Saki
4155,41570,ANIMALIA,CHORDATA,MAMMALIA,PRIMATES,CERCOPITHECIDAE,Miopithecus,Miopithecus ogouensis,"Kingdon, 1997",NA,NA,NA,NT,Northern Talapoin Monkey
4156,41571,ANIMALIA,CHORDATA,MAMMALIA,PRIMATES,CHEIROGALEIDAE,Microcebus,Microcebus tavaratra,"Rasoloarison, Goodman &amp; Ganzhorn, 2000",NA,NA,NA,VU,Tavaratra Mouse Lemur
4157,41572,ANIMALIA,CHORDATA,MAMMALIA,PRIMATES,CHEIROGALEIDAE,Microcebus,Microcebus sambiranensis,"Rasoloarison, Goodman &amp; Ganzhorn, 2000",NA,NA,NA,EN,Sambirano Mouse Lemur
4158,41573,ANIMALIA,CHORDATA,MAMMALIA,PRIMATES,CHEIROGALEIDAE,Microcebus,Microcebus berthae,"Rasoloarison, Goodman &amp; Ganzhorn, 2000",NA,NA,NA,CR,Madame Berthe's Mouse Lemur
4159,41576,ANIMALIA,CHORDATA,MAMMALIA,PRIMATES,CHEIROGALEIDAE,Cheirogaleus,Cheirogaleus sibreei,"(Forsyth Major, 1894)",NA,NA,NA,CR,Sibree's Dwarf Lemur
4160,41579,ANIMALIA,CHORDATA,MAMMALIA,PRIMATES,INDRIIDAE,Avahi,Avahi unicolor,"Thalmann &amp; Geissmann, 2000",NA,NA,NA,CR,Sambirano Woolly Lemur
4161,41580,ANIMALIA,CHORDATA,MAMMALIA,PRIMATES,CALLITRICHIDAE,Mico,Mico acariensis,"(M. van Roosmalen, T. van Roosmalen, R.A. Mittermeier &amp; Rylands, 2000)",NA,NA,NA,LC,Rio Acarí Marmoset
4162,41583,ANIMALIA,CHORDATA,MAMMALIA,PRIMATES,CALLITRICHIDAE,Mico,Mico mauesi,"(R.A. Mittermeier, Schwarz &amp; Ayres, 1992)",NA,NA,NA,LC,Maués Marmoset
4163,41584,ANIMALIA,CHORDATA,MAMMALIA,PRIMATES,CALLITRICHIDAE,Callibella,Callibella humilis,"(M. van Roosmalen, T. van Roosmalen, R.A. Mittermeier &amp; de Fonseca, 1998)",NA,NA,NA,LC,Black-crowned Dwarf Marmoset
4164,41586,ANIMALIA,CHORDATA,MAMMALIA,CARNIVORA,CANIDAE,Lycalopex,Lycalopex fulvipes,"Martin, 1837",NA,NA,NA,EN,Darwin's Fox
4165,41587,ANIMALIA,CHORDATA,MAMMALIA,CARNIVORA,CANIDAE,Vulpes,Vulpes macrotis,"Merriam, 1888",NA,NA,NA,LC,Kit Fox
4166,41588,ANIMALIA,CHORDATA,MAMMALIA,CARNIVORA,CANIDAE,Vulpes,Vulpes zerda,"(Zimmermann, 1780)",NA,NA,NA,LC,Fennec Fox
4167,41589,ANIMALIA,CHORDATA,MAMMALIA,CARNIVORA,NANDINIIDAE,Nandinia,Nandinia binotata,"(Gray, 1830)",NA,NA,NA,LC,African Palm Civet
4168,41590,ANIMALIA,CHORDATA,MAMMALIA,CARNIVORA,HERPESTIDAE,Atilax,Atilax paludinosus,"(G.[Baron] Cuvier, 1829)",NA,NA,NA,LC,Marsh Mongoose
4169,41591,ANIMALIA,CHORDATA,MAMMALIA,CARNIVORA,HERPESTIDAE,Bdeogale,Bdeogale crassicauda,"Peters, 1852",NA,NA,NA,LC,Bushy-tailed Mongoose
4170,41592,ANIMALIA,CHORDATA,MAMMALIA,CARNIVORA,HERPESTIDAE,Bdeogale,Bdeogale nigripes,"Pucheran, 1855",NA,NA,NA,LC,Black-legged Mongoose
4171,41593,ANIMALIA,CHORDATA,MAMMALIA,CARNIVORA,HERPESTIDAE,Crossarchus,Crossarchus alexandri,"Thomas &amp; Wroughton, 1907",NA,NA,NA,LC,Alexander's Cusimanse
4172,41594,ANIMALIA,CHORDATA,MAMMALIA,CARNIVORA,HERPESTIDAE,Crossarchus,Crossarchus ansorgei,"Thomas, 1910",NA,NA,NA,LC,Ansorge's Cusimanse
4173,41595,ANIMALIA,CHORDATA,MAMMALIA,CARNIVORA,HERPESTIDAE,Crossarchus,Crossarchus obscurus,"F.G. Cuvier, 1825",NA,NA,NA,LC,Common Cusimanse
4174,41596,ANIMALIA,CHORDATA,MAMMALIA,CARNIVORA,HERPESTIDAE,Crossarchus,Crossarchus platycephalus,"Goldman, 1984",NA,NA,NA,LC,Flat-headed Cusimanse
4175,41597,ANIMALIA,CHORDATA,MAMMALIA,CARNIVORA,HERPESTIDAE,Cynictis,Cynictis penicillata,"(G.[Baron] Cuvier, 1829)",NA,NA,NA,LC,Yellow Mongoose
4176,41598,ANIMALIA,CHORDATA,MAMMALIA,CARNIVORA,HERPESTIDAE,Dologale,Dologale dybowskii,"(Pousargues, 1893)",NA,NA,NA,DD,Pousargues's Mongoose
4177,41599,ANIMALIA,CHORDATA,MAMMALIA,CARNIVORA,HERPESTIDAE,Herpestes,Herpestes flavescens,"Bocage, 1889",NA,NA,NA,LC,Kaokoveld Slender Mongoose
4178,41600,ANIMALIA,CHORDATA,MAMMALIA,CARNIVORA,HERPESTIDAE,Herpestes,Herpestes pulverulentus,"(Wagner, 1839)",NA,NA,NA,LC,Cape Grey Mongoose
4179,41605,ANIMALIA,CHORDATA,MAMMALIA,CARNIVORA,HERPESTIDAE,Herpestes,Herpestes ochraceus,"(J.E. Gray, 1848)",NA,NA,NA,LC,Somali Slender Mongoose
4180,41606,ANIMALIA,CHORDATA,MAMMALIA,CARNIVORA,HERPESTIDAE,Herpestes,Herpestes sanguineus,"(Rüppell, 1835)",NA,NA,NA,LC,Common Slender Mongoose
4181,41608,ANIMALIA,CHORDATA,MAMMALIA,CARNIVORA,HERPESTIDAE,Helogale,Helogale hirtula,"Thomas, 1904",NA,NA,NA,LC,Somali Dwarf Mongoose
4182,41609,ANIMALIA,CHORDATA,MAMMALIA,CARNIVORA,HERPESTIDAE,Helogale,Helogale parvula,"(Sundevall, 1847)",NA,NA,NA,LC,Common Dwarf Mongoose
4183,41610,ANIMALIA,CHORDATA,MAMMALIA,CARNIVORA,HERPESTIDAE,Herpestes,Herpestes brachyurus,"Gray, 1837",NA,NA,NA,NT,Short-tailed Mongoose
4184,41611,ANIMALIA,CHORDATA,MAMMALIA,CARNIVORA,HERPESTIDAE,Herpestes,Herpestes edwardsii,"(É. Geoffroy Saint-Hilaire, 1818)",NA,NA,NA,LC,Indian Grey Mongoose
4185,41612,ANIMALIA,CHORDATA,MAMMALIA,CARNIVORA,HERPESTIDAE,Herpestes,Herpestes fuscus,"Waterhouse, 1838",NA,NA,NA,LC,Brown Mongoose
4186,41613,ANIMALIA,CHORDATA,MAMMALIA,CARNIVORA,HERPESTIDAE,Herpestes,Herpestes ichneumon,"(Linnaeus, 1758)",NA,NA,NA,LC,Egyptian Mongoose
4187,41615,ANIMALIA,CHORDATA,MAMMALIA,CARNIVORA,HERPESTIDAE,Herpestes,Herpestes naso,"de Winton, 1901",NA,NA,NA,LC,Long-nosed Mongoose
4188,41616,ANIMALIA,CHORDATA,MAMMALIA,CARNIVORA,HERPESTIDAE,Herpestes,Herpestes semitorquatus,"Gray, 1846",NA,NA,NA,NT,Collared Mongoose
4189,41617,ANIMALIA,CHORDATA,MAMMALIA,CARNIVORA,HERPESTIDAE,Herpestes,Herpestes smithii,"Gray, 1837",NA,NA,NA,LC,Ruddy Mongoose
4190,41618,ANIMALIA,CHORDATA,MAMMALIA,CARNIVORA,HERPESTIDAE,Herpestes,Herpestes urva,"(Hodgson, 1836)",NA,NA,NA,LC,Crab-eating Mongoose
4191,41619,ANIMALIA,CHORDATA,MAMMALIA,CARNIVORA,HERPESTIDAE,Herpestes,Herpestes vitticollis,"Bennett, 1835",NA,NA,NA,LC,Stripe-necked Mongoose
4192,41620,ANIMALIA,CHORDATA,MAMMALIA,CARNIVORA,HERPESTIDAE,Ichneumia,Ichneumia albicauda,"(G. Cuvier, 1829)",NA,NA,NA,LC,White-tailed Mongoose
4193,41621,ANIMALIA,CHORDATA,MAMMALIA,CARNIVORA,HERPESTIDAE,Mungos,Mungos mungo,"(Gmelin, 1788)",NA,NA,NA,LC,Banded Mongoose
4194,41622,ANIMALIA,CHORDATA,MAMMALIA,CARNIVORA,HERPESTIDAE,Paracynictis,Paracynictis selousi,"(de Winton, 1896)",NA,NA,NA,LC,Selous's Mongoose
4195,41623,ANIMALIA,CHORDATA,MAMMALIA,CARNIVORA,HERPESTIDAE,Rhynchogale,Rhynchogale melleri,"(Gray, 1865)",NA,NA,NA,LC,Meller's Mongoose
4196,41624,ANIMALIA,CHORDATA,MAMMALIA,CARNIVORA,HERPESTIDAE,Suricata,Suricata suricatta,"(Schreber, 1776)",NA,NA,NA,LC,Meerkat
4197,41626,ANIMALIA,CHORDATA,MAMMALIA,CARNIVORA,MUSTELIDAE,Melogale,Melogale moschata,"(Gray, 1831)",NA,NA,NA,LC,Small-toothed Ferret Badger
4198,41627,ANIMALIA,CHORDATA,MAMMALIA,CARNIVORA,MUSTELIDAE,Melogale,Melogale personata,"I. Geoffroy Saint-Hilaire, 1831",NA,NA,NA,LC,Large-toothed Ferret Badger
4199,41628,ANIMALIA,CHORDATA,MAMMALIA,CARNIVORA,MEPHITIDAE,Mydaus,Mydaus javanensis,"(Desmarest, 1820)",NA,NA,NA,LC,Sunda Stink-badger
4200,41629,ANIMALIA,CHORDATA,MAMMALIA,CARNIVORA,MUSTELIDAE,Mellivora,Mellivora capensis,"(Schreber, 1776)",NA,NA,NA,LC,Honey Badger
4201,41630,ANIMALIA,CHORDATA,MAMMALIA,CARNIVORA,MEPHITIDAE,Conepatus,Conepatus chinga,"(Molina, 1782)",NA,NA,NA,LC,Molina's Hog-nosed Skunk
4202,41631,ANIMALIA,CHORDATA,MAMMALIA,CARNIVORA,MEPHITIDAE,Conepatus,Conepatus humboldtii,"Gray, 1837",NA,NA,NA,LC,Humboldt's Hog-nosed Skunk
4203,41632,ANIMALIA,CHORDATA,MAMMALIA,CARNIVORA,MEPHITIDAE,Conepatus,Conepatus leuconotus,"(Lichtenstein, 1832)",NA,NA,NA,LC,American Hog-nosed Skunk
4204,41633,ANIMALIA,CHORDATA,MAMMALIA,CARNIVORA,MEPHITIDAE,Conepatus,Conepatus semistriatus,"(Boddaert, 1785)",NA,NA,NA,LC,Striped Hog-nosed Skunk
4205,41634,ANIMALIA,CHORDATA,MAMMALIA,CARNIVORA,MEPHITIDAE,Mephitis,Mephitis macroura,"Lichtenstein, 1832",NA,NA,NA,LC,Hooded Skunk
4206,41635,ANIMALIA,CHORDATA,MAMMALIA,CARNIVORA,MEPHITIDAE,Mephitis,Mephitis mephitis,"(Schreber, 1776)",NA,NA,NA,LC,Striped Skunk
4207,41636,ANIMALIA,CHORDATA,MAMMALIA,CARNIVORA,MEPHITIDAE,Spilogale,Spilogale putorius,"(Linnaeus, 1758)",NA,NA,NA,VU,Eastern Spotted Skunk
4208,41637,ANIMALIA,CHORDATA,MAMMALIA,CARNIVORA,MEPHITIDAE,Spilogale,Spilogale pygmaea,"Thomas, 1898",NA,NA,NA,VU,Pygmy Spotted Skunk
4209,41639,ANIMALIA,CHORDATA,MAMMALIA,CARNIVORA,MUSTELIDAE,Galictis,Galictis cuja,"(Molina, 1782)",NA,NA,NA,LC,Lesser Grison
4210,41640,ANIMALIA,CHORDATA,MAMMALIA,CARNIVORA,MUSTELIDAE,Galictis,Galictis vittata,"(Schreber, 1776)",NA,NA,NA,LC,Greater Grison
4211,41642,ANIMALIA,CHORDATA,MAMMALIA,PRIMATES,HYLOBATIDAE,Nomascus,Nomascus nasutus,"(Kunkel d'Herculais, 1884)",NA,NA,NA,CR,Cao-vit Gibbon
4212,41643,ANIMALIA,CHORDATA,MAMMALIA,PRIMATES,HYLOBATIDAE,Nomascus,Nomascus hainanus,"(Thomas, 1892)",NA,NA,NA,CR,Hainan Gibbon
4213,41644,ANIMALIA,CHORDATA,MAMMALIA,CARNIVORA,MUSTELIDAE,Eira,Eira barbara,"(Linnaeus, 1758)",NA,NA,NA,LC,Tayra
4214,41645,ANIMALIA,CHORDATA,MAMMALIA,CARNIVORA,MUSTELIDAE,Ictonyx,Ictonyx libycus,"(Hemprich &amp; Ehrenberg, 1833)",NA,NA,NA,LC,Libyan Striped Weasel
4215,41646,ANIMALIA,CHORDATA,MAMMALIA,CARNIVORA,MUSTELIDAE,Ictonyx,Ictonyx striatus,"(Perry, 1810)",NA,NA,NA,LC,Zorilla
4216,41647,ANIMALIA,CHORDATA,MAMMALIA,CARNIVORA,MUSTELIDAE,Lyncodon,Lyncodon patagonicus,"(de Blainville, 1842)",NA,NA,NA,LC,Patagonian Weasel
4217,41648,ANIMALIA,CHORDATA,MAMMALIA,CARNIVORA,MUSTELIDAE,Martes,Martes americana,"(Turton, 1806)",NA,NA,NA,LC,American Marten
4218,41649,ANIMALIA,CHORDATA,MAMMALIA,CARNIVORA,MUSTELIDAE,Martes,Martes flavigula,"(Boddaert, 1785)",NA,NA,NA,LC,Yellow-throated Marten
4219,41650,ANIMALIA,CHORDATA,MAMMALIA,CARNIVORA,MUSTELIDAE,Martes,Martes melampus,"(Wagner, 1840)",NA,NA,NA,LC,Japanese Marten
4220,41651,ANIMALIA,CHORDATA,MAMMALIA,CARNIVORA,MUSTELIDAE,Martes,Martes pennanti,"(Erxleben, 1777)",NA,NA,NA,LC,Fisher
4221,41652,ANIMALIA,CHORDATA,MAMMALIA,CARNIVORA,MUSTELIDAE,Martes,Martes zibellina,"(Linnaeus, 1758)",NA,NA,NA,LC,Sable
4222,41653,ANIMALIA,CHORDATA,MAMMALIA,CARNIVORA,MUSTELIDAE,Mustela,Mustela altaica,"Pallas, 1811",NA,NA,NA,NT,Altai Weasel
4223,41654,ANIMALIA,CHORDATA,MAMMALIA,CARNIVORA,MUSTELIDAE,Mustela,Mustela frenata,"Lichtenstein, 1831",NA,NA,NA,LC,Long-tailed Weasel
4224,41655,ANIMALIA,CHORDATA,MAMMALIA,CARNIVORA,MUSTELIDAE,Mustela,Mustela kathiah,"Hodgson, 1835",NA,NA,NA,LC,Yellow-bellied Weasel
4225,41656,ANIMALIA,CHORDATA,MAMMALIA,CARNIVORA,MUSTELIDAE,Mustela,Mustela itatsi,"Temminck, 1844",NA,NA,NA,NT,Japanese Weasel
4226,41657,ANIMALIA,CHORDATA,MAMMALIA,CARNIVORA,MUSTELIDAE,Mustela,Mustela nudipes,"Desmarest, 1822",NA,NA,NA,LC,Malay Weasel
4227,41658,ANIMALIA,CHORDATA,MAMMALIA,CARNIVORA,MUSTELIDAE,Mustela,Mustela putorius,"Linnaeus, 1758",NA,NA,NA,LC,Western Polecat
4228,41659,ANIMALIA,CHORDATA,MAMMALIA,CARNIVORA,MUSTELIDAE,Mustela,Mustela sibirica,"Pallas, 1773",NA,NA,NA,LC,Siberian Weasel
4229,41660,ANIMALIA,CHORDATA,MAMMALIA,CARNIVORA,MUSTELIDAE,Mustela,Mustela subpalmata,"Hemprich &amp; Ehrenberg, 1833",NA,NA,NA,LC,Egyptian Weasel
4230,41661,ANIMALIA,CHORDATA,MAMMALIA,CARNIVORA,MUSTELIDAE,Neovison,Neovison vison,"(von Schreber, 1777)",NA,NA,NA,LC,American Mink
4231,41662,ANIMALIA,CHORDATA,MAMMALIA,CARNIVORA,MUSTELIDAE,Poecilogale,Poecilogale albinucha,"(Gray, 1864)",NA,NA,NA,LC,African Striped Weasel
4232,41663,ANIMALIA,CHORDATA,MAMMALIA,CARNIVORA,MUSTELIDAE,Taxidea,Taxidea taxus,"(Schreber, 1777)",NA,NA,NA,LC,American Badger
4233,41664,ANIMALIA,CHORDATA,MAMMALIA,CARNIVORA,OTARIIDAE,Arctocephalus,Arctocephalus forsteri,"(Lesson, 1828)",NA,NA,NA,LC,New Zealand Fur Seal
4234,41665,ANIMALIA,CHORDATA,MAMMALIA,CARNIVORA,OTARIIDAE,Otaria,Otaria byronia,"(de Blainville, 1820)",NA,NA,NA,LC,South American Sea Lion
4235,41666,ANIMALIA,CHORDATA,MAMMALIA,CARNIVORA,OTARIIDAE,Zalophus,Zalophus californianus,"(Lesson, 1828)",NA,NA,NA,LC,Californian Sea Lion
4236,41667,ANIMALIA,CHORDATA,MAMMALIA,CARNIVORA,OTARIIDAE,Zalophus,Zalophus japonicus,"(Peters, 1866)",NA,NA,NA,EX,Japanese Sea Lion
4237,41668,ANIMALIA,CHORDATA,MAMMALIA,CARNIVORA,OTARIIDAE,Zalophus,Zalophus wollebaeki,"Sivertsen, 1953",NA,NA,NA,EN,Galápagos Sea Lion
4238,41669,ANIMALIA,CHORDATA,MAMMALIA,CARNIVORA,PHOCIDAE,Pusa,Pusa caspica,"(Gmelin, 1788)",NA,NA,NA,EN,Caspian Seal
4239,41670,ANIMALIA,CHORDATA,MAMMALIA,CARNIVORA,PHOCIDAE,Histriophoca,Histriophoca fasciata,"(Zimmerman, 1783)",NA,NA,NA,LC,Ribbon Seal
4240,41671,ANIMALIA,CHORDATA,MAMMALIA,CARNIVORA,PHOCIDAE,Pagophilus,Pagophilus groenlandicus,"(Erxleben, 1777)",NA,NA,NA,LC,Harp Seal
4241,41672,ANIMALIA,CHORDATA,MAMMALIA,CARNIVORA,PHOCIDAE,Pusa,Pusa hispida,"(Schreber, 1775)",NA,NA,NA,LC,Ringed Seal
4242,41676,ANIMALIA,CHORDATA,MAMMALIA,CARNIVORA,PHOCIDAE,Pusa,Pusa sibirica,"(Gmelin, 1788)",NA,NA,NA,LC,Baikal Seal
4243,41679,ANIMALIA,CHORDATA,MAMMALIA,CARNIVORA,PROCYONIDAE,Potos,Potos flavus,"(Schreber, 1774)",NA,NA,NA,LC,Kinkajou
4244,41680,ANIMALIA,CHORDATA,MAMMALIA,CARNIVORA,PROCYONIDAE,Bassariscus,Bassariscus astutus,"(Lichtenstein, 1830)",NA,NA,NA,LC,Ringtail
4245,41683,ANIMALIA,CHORDATA,MAMMALIA,CARNIVORA,PROCYONIDAE,Nasua,Nasua narica,"(Linnaeus, 1766)",NA,NA,NA,LC,White-nosed Coati
4246,41684,ANIMALIA,CHORDATA,MAMMALIA,CARNIVORA,PROCYONIDAE,Nasua,Nasua nasua,"(Linnaeus, 1766)",NA,NA,NA,LC,South American Coati
4247,41685,ANIMALIA,CHORDATA,MAMMALIA,CARNIVORA,PROCYONIDAE,Procyon,Procyon cancrivorus,"(G.[Baron] Cuvier, 1798)",NA,NA,NA,LC,Crab-eating Raccoon
4248,41686,ANIMALIA,CHORDATA,MAMMALIA,CARNIVORA,PROCYONIDAE,Procyon,Procyon lotor,"(Linnaeus, 1758)",NA,NA,NA,LC,Northern Raccoon
4249,41687,ANIMALIA,CHORDATA,MAMMALIA,CARNIVORA,URSIDAE,Ursus,Ursus americanus,"Pallas, 1780",NA,NA,NA,LC,American Black Bear
4250,41688,ANIMALIA,CHORDATA,MAMMALIA,CARNIVORA,URSIDAE,Ursus,Ursus arctos,"Linnaeus, 1758",NA,NA,NA,LC,Brown Bear
4251,41689,ANIMALIA,CHORDATA,MAMMALIA,CARNIVORA,VIVERRIDAE,Hemigalus,Hemigalus derbyanus,"(Gray, 1837)",NA,NA,NA,NT,Banded Civet
4252,41690,ANIMALIA,CHORDATA,MAMMALIA,CARNIVORA,VIVERRIDAE,Arctictis,Arctictis binturong,"(Raffles, 1821)",NA,NA,NA,VU,Binturong
4253,41691,ANIMALIA,CHORDATA,MAMMALIA,CARNIVORA,VIVERRIDAE,Arctogalidia,Arctogalidia trivirgata,"(Gray, 1832)",NA,NA,NA,LC,Small-toothed Palm Civet
4254,41692,ANIMALIA,CHORDATA,MAMMALIA,CARNIVORA,VIVERRIDAE,Paguma,Paguma larvata,"(C.E.H. Smith, 1827)",NA,NA,NA,LC,Masked Palm Civet
4255,41693,ANIMALIA,CHORDATA,MAMMALIA,CARNIVORA,VIVERRIDAE,Paradoxurus,Paradoxurus hermaphroditus,"(Pallas, 1777)",NA,NA,NA,LC,Common Palm Civet
4256,41694,ANIMALIA,CHORDATA,MAMMALIA,CARNIVORA,VIVERRIDAE,Paradoxurus,Paradoxurus zeylonensis,"(Pallas, 1778)",NA,NA,NA,LC,Golden Palm Civet
4257,41695,ANIMALIA,CHORDATA,MAMMALIA,CARNIVORA,VIVERRIDAE,Civettictis,Civettictis civetta,"(Schreber, 1776)",NA,NA,NA,LC,African Civet
4258,41696,ANIMALIA,CHORDATA,MAMMALIA,CARNIVORA,VIVERRIDAE,Genetta,Genetta angolensis,"Bocage, 1882",NA,NA,NA,LC,Miombo Genet
4259,41697,ANIMALIA,CHORDATA,MAMMALIA,CARNIVORA,MUSTELIDAE,Melogale,Melogale orientalis,"(Horsfield, 1821)",NA,NA,NA,LC,Javan Ferret Badger
4260,41698,ANIMALIA,CHORDATA,MAMMALIA,CARNIVORA,VIVERRIDAE,Genetta,Genetta genetta,"(Linnaeus, 1758)",NA,NA,NA,LC,Common Genet
4261,41699,ANIMALIA,CHORDATA,MAMMALIA,CARNIVORA,VIVERRIDAE,Genetta,Genetta maculata,"(Gray, 1830)",NA,NA,NA,LC,Large-spotted Genet
4262,41700,ANIMALIA,CHORDATA,MAMMALIA,CARNIVORA,VIVERRIDAE,Genetta,Genetta servalina,"Pucheran, 1855",NA,NA,NA,LC,Servaline Genet
4263,41701,ANIMALIA,CHORDATA,MAMMALIA,CARNIVORA,VIVERRIDAE,Genetta,Genetta thierryi,"Matschie, 1902",NA,NA,NA,LC,Hausa Genet
4264,41702,ANIMALIA,CHORDATA,MAMMALIA,CARNIVORA,VIVERRIDAE,Genetta,Genetta tigrina,"(Schreber, 1776)",NA,NA,NA,LC,Cape Genet
4265,41703,ANIMALIA,CHORDATA,MAMMALIA,CARNIVORA,VIVERRIDAE,Genetta,Genetta victoriae,"Thomas, 1901",NA,NA,NA,LC,Giant Genet
4266,41704,ANIMALIA,CHORDATA,MAMMALIA,CARNIVORA,VIVERRIDAE,Poiana,Poiana richardsonii,"(Thomson, 1842)",NA,NA,NA,LC,Central African Oyan
4267,41705,ANIMALIA,CHORDATA,MAMMALIA,CARNIVORA,PRIONODONTIDAE,Prionodon,Prionodon linsang,"(Hardwicke, 1821)",NA,NA,NA,LC,Banded Linsang
4268,41706,ANIMALIA,CHORDATA,MAMMALIA,CARNIVORA,PRIONODONTIDAE,Prionodon,Prionodon pardicolor,"Hodgson, 1841",NA,NA,NA,LC,Spotted Linsang
4269,41707,ANIMALIA,CHORDATA,MAMMALIA,CARNIVORA,VIVERRIDAE,Viverra,Viverra megaspila,"Blyth, 1862",NA,NA,NA,EN,Large-spotted Civet
4270,41708,ANIMALIA,CHORDATA,MAMMALIA,CARNIVORA,VIVERRIDAE,Viverra,Viverra tangalunga,"Gray, 1832",NA,NA,NA,LC,Malay Civet
4271,41709,ANIMALIA,CHORDATA,MAMMALIA,CARNIVORA,VIVERRIDAE,Viverra,Viverra zibetha,"Linnaeus, 1758",NA,NA,NA,LC,Large Indian Civet
4272,41710,ANIMALIA,CHORDATA,MAMMALIA,CARNIVORA,VIVERRIDAE,Viverricula,Viverricula indica,"(É. Geoffroy Saint-Hilaire, 1803)",NA,NA,NA,LC,Small Indian Civet
4273,41711,ANIMALIA,CHORDATA,MAMMALIA,ARTIODACTYLA,BALAENIDAE,Eubalaena,Eubalaena japonica,"(Lacépède, 1818)",NA,NA,NA,EN,North Pacific Right Whale
4274,41712,ANIMALIA,CHORDATA,MAMMALIA,ARTIODACTYLA,BALAENIDAE,Eubalaena,Eubalaena glacialis,"(Müller, 1776)",NA,NA,NA,CR,North Atlantic Right Whale
4275,41714,ANIMALIA,CHORDATA,MAMMALIA,ARTIODACTYLA,DELPHINIDAE,Tursiops,Tursiops aduncus,"(Ehrenberg, 1833)",NA,NA,NA,NT,Indo-Pacific Bottlenose Dolphin
4276,41715,ANIMALIA,CHORDATA,MAMMALIA,ARTIODACTYLA,PHOCOENIDAE,Phocoena,Phocoena dioptrica,"(Lahille, 1912)",NA,NA,NA,LC,Spectacled Porpoise
4277,41754,ANIMALIA,CHORDATA,MAMMALIA,ARTIODACTYLA,PHOCOENIDAE,Neophocaena,Neophocaena asiaeorientalis,"(Pilleri &amp; Gihr, 1972)",NA,NA,NA,EN,Narrow-ridged Finless Porpoise
4278,41755,ANIMALIA,CHORDATA,MAMMALIA,ARTIODACTYLA,PHYSETERIDAE,Physeter,Physeter macrocephalus,"Linnaeus, 1758",NA,NA,NA,VU,Sperm Whale
4279,41756,ANIMALIA,CHORDATA,MAMMALIA,ARTIODACTYLA,PLATANISTIDAE,Platanista,Platanista gangetica,"(Lebeck, 1801)",NA,NA,NA,EN,Ganges River Dolphin
4280,41757,ANIMALIA,CHORDATA,MAMMALIA,ARTIODACTYLA,PLATANISTIDAE,Platanista,Platanista minor,"Owen, 1853",NA,NA,NA,EN,Indus River Dolphin
4281,41759,ANIMALIA,CHORDATA,MAMMALIA,ARTIODACTYLA,ZIPHIIDAE,Mesoplodon,Mesoplodon perrini,"Dalebout, Mead, Baker, Baker &amp; van Helden, 2002",NA,NA,NA,EN,Perrin's Beaked Whale
4282,41760,ANIMALIA,CHORDATA,MAMMALIA,ARTIODACTYLA,ZIPHIIDAE,Mesoplodon,Mesoplodon traversii,"(Gray, 1874)",NA,NA,NA,DD,Spade-toothed Whale
4283,41761,ANIMALIA,CHORDATA,MAMMALIA,ARTIODACTYLA,PONTOPORIIDAE,Pontoporia,Pontoporia blainvillei,"(Gervais &amp; d'Orbigny, 1844)",NA,NA,Rio Grande do Sul/Uruguay subpopulation,VU,Franciscana
4284,41762,ANIMALIA,CHORDATA,MAMMALIA,ARTIODACTYLA,DELPHINIDAE,Delphinus,Delphinus delphis,"Linnaeus, 1758",NA,NA,Mediterranean subpopulation,EN,Common Dolphin
4285,41763,ANIMALIA,CHORDATA,MAMMALIA,PERISSODACTYLA,EQUIDAE,Equus,Equus ferus,"Boddaert, 1785",NA,NA,NA,EN,Przewalski's Horse
4286,41766,ANIMALIA,CHORDATA,MAMMALIA,HYRACOIDEA,PROCAVIIDAE,Procavia,Procavia capensis,"(Pallas, 1766)",NA,NA,NA,LC,Rock Hyrax
4287,41767,ANIMALIA,CHORDATA,MAMMALIA,ARTIODACTYLA,SUIDAE,Phacochoerus,Phacochoerus aethiopicus,"(Pallas, 1766)",NA,NA,NA,LC,Desert Warthog
4288,41768,ANIMALIA,CHORDATA,MAMMALIA,ARTIODACTYLA,SUIDAE,Phacochoerus,Phacochoerus africanus,"(Gmelin, 1788)",NA,NA,NA,LC,Common Warthog
4289,41769,ANIMALIA,CHORDATA,MAMMALIA,ARTIODACTYLA,SUIDAE,Hylochoerus,Hylochoerus meinertzhageni,"Thomas, 1904",NA,NA,NA,LC,Forest Hog
4290,41770,ANIMALIA,CHORDATA,MAMMALIA,ARTIODACTYLA,SUIDAE,Potamochoerus,Potamochoerus larvatus,"(F. Cuvier, 1822)",NA,NA,NA,LC,Bushpig
4291,41771,ANIMALIA,CHORDATA,MAMMALIA,ARTIODACTYLA,SUIDAE,Potamochoerus,Potamochoerus porcus,"(Linnaeus, 1758)",NA,NA,NA,LC,Red River Hog
4292,41772,ANIMALIA,CHORDATA,MAMMALIA,ARTIODACTYLA,SUIDAE,Sus,Sus barbatus,"Müller, 1838",NA,NA,NA,VU,Bearded Pig
4293,41773,ANIMALIA,CHORDATA,MAMMALIA,ARTIODACTYLA,SUIDAE,Sus,Sus celebensis,"Müller &amp; Schlegel, 1843",NA,NA,NA,NT,Sulawesi Warty Pig
4294,41775,ANIMALIA,CHORDATA,MAMMALIA,ARTIODACTYLA,SUIDAE,Sus,Sus scrofa,"Linnaeus, 1758",NA,NA,NA,LC,Wild Boar
4295,41777,ANIMALIA,CHORDATA,MAMMALIA,ARTIODACTYLA,TAYASSUIDAE,Pecari,Pecari tajacu,"(Linnaeus, 1758)",NA,NA,NA,LC,Collared Peccary
4296,41778,ANIMALIA,CHORDATA,MAMMALIA,ARTIODACTYLA,TAYASSUIDAE,Tayassu,Tayassu pecari,"(Link, 1795)",NA,NA,NA,VU,White-lipped Peccary
4297,41779,ANIMALIA,CHORDATA,MAMMALIA,ARTIODACTYLA,TRAGULIDAE,Moschiola,Moschiola meminna,"(Erxleben, 1777)",NA,NA,NA,LC,White-spotted Chevrotain
4298,41780,ANIMALIA,CHORDATA,MAMMALIA,ARTIODACTYLA,TRAGULIDAE,Tragulus,Tragulus javanicus,"(Osbeck, 1765)",NA,NA,NA,DD,Javan Chevrotain
4299,41781,ANIMALIA,CHORDATA,MAMMALIA,ARTIODACTYLA,TRAGULIDAE,Tragulus,Tragulus napu,"(F. Cuvier, 1822)",NA,NA,NA,LC,Greater Oriental Chevrotain
4300,41783,ANIMALIA,CHORDATA,MAMMALIA,ARTIODACTYLA,CERVIDAE,Axis,Axis axis,"(Erxleben, 1777)",NA,NA,NA,LC,Chital
4301,41784,ANIMALIA,CHORDATA,MAMMALIA,ARTIODACTYLA,CERVIDAE,Axis,Axis porcinus,"(Zimmermann, 1780)",NA,NA,NA,EN,Hog Deer
4302,41786,ANIMALIA,CHORDATA,MAMMALIA,RODENTIA,ECHIMYIDAE,Isothrix,Isothrix sinnamariensis,"Vié, Volobouev, Patton &amp; Granjon, 1996",NA,NA,NA,LC,Sinnamary Brush-tailed Rat
4303,41787,ANIMALIA,CHORDATA,MAMMALIA,RODENTIA,SCIURIDAE,Poliocitellus,Poliocitellus franklinii,"Sabine, 1822",NA,NA,NA,LC,Franklin's Ground Squirrel
4304,41788,ANIMALIA,CHORDATA,MAMMALIA,ARTIODACTYLA,CERVIDAE,Cervus,Cervus nippon,"Temminck, 1838",NA,NA,NA,LC,Sika Deer
4305,41789,ANIMALIA,CHORDATA,MAMMALIA,ARTIODACTYLA,CERVIDAE,Rusa,Rusa timorensis,"(de Blainville, 1822)",NA,NA,NA,VU,Javan Deer
4306,41790,ANIMALIA,CHORDATA,MAMMALIA,ARTIODACTYLA,CERVIDAE,Rusa,Rusa unicolor,"(Kerr, 1792)",NA,NA,NA,VU,Sambar
4307,41879,ANIMALIA,CHORDATA,MAMMALIA,LAGOMORPHA,LEPORIDAE,Lepus,Lepus victoriae,"Thomas, 1893",NA,NA,NA,LC,African Savanna Hare
4308,41986,ANIMALIA,CHORDATA,MAMMALIA,LAGOMORPHA,OCHOTONIDAE,Ochotona,Ochotona argentata,"Howell, 1928",NA,NA,NA,EN,Silver Pika
4309,42188,ANIMALIA,CHORDATA,MAMMALIA,ARTIODACTYLA,CERVIDAE,Dama,Dama dama,"(Linnaeus, 1758)",NA,NA,NA,LC,Common Fallow Deer
4310,42189,ANIMALIA,CHORDATA,MAMMALIA,ARTIODACTYLA,CERVIDAE,Muntiacus,Muntiacus atherodes,"Groves &amp; Grubb, 1982",NA,NA,NA,NT,Bornean Yellow Muntjac
4311,42190,ANIMALIA,CHORDATA,MAMMALIA,ARTIODACTYLA,CERVIDAE,Muntiacus,Muntiacus muntjak,"(Zimmermann, 1780)",NA,NA,NA,LC,Southern Red Muntjac
4312,42191,ANIMALIA,CHORDATA,MAMMALIA,ARTIODACTYLA,CERVIDAE,Muntiacus,Muntiacus reevesi,"(Ogilby, 1839)",NA,NA,NA,LC,Reeves' Muntjac
4313,42393,ANIMALIA,CHORDATA,MAMMALIA,ARTIODACTYLA,CERVIDAE,Odocoileus,Odocoileus hemionus,"(Rafinesque, 1817)",NA,NA,NA,LC,Mule Deer
4314,42394,ANIMALIA,CHORDATA,MAMMALIA,ARTIODACTYLA,CERVIDAE,Odocoileus,Odocoileus virginianus,"(Zimmermann, 1780)",NA,NA,NA,LC,White-tailed Deer
4315,42395,ANIMALIA,CHORDATA,MAMMALIA,ARTIODACTYLA,CERVIDAE,Capreolus,Capreolus capreolus,"(Linnaeus, 1758)",NA,NA,NA,LC,European Roe Deer
4316,42396,ANIMALIA,CHORDATA,MAMMALIA,ARTIODACTYLA,CERVIDAE,Capreolus,Capreolus pygargus,"Pallas, 1771",NA,NA,NA,LC,Siberian Roe Deer
4317,42397,ANIMALIA,CHORDATA,MAMMALIA,ARTIODACTYLA,BOVIDAE,Capra,Capra ibex,"Linnaeus, 1758",NA,NA,NA,LC,Alpine Ibex
4318,42398,ANIMALIA,CHORDATA,MAMMALIA,ARTIODACTYLA,BOVIDAE,Capra,Capra sibirica,"(Pallas, 1776)",NA,NA,NA,NT,Siberian Ibex
4319,42399,ANIMALIA,CHORDATA,MAMMALIA,RODENTIA,SCIURIDAE,Ammospermophilus,Ammospermophilus harrisii,"(Audubon &amp; Bachman, 1854)",NA,NA,NA,LC,Harris's Antelope Squirrel
4320,42451,ANIMALIA,CHORDATA,MAMMALIA,RODENTIA,SCIURIDAE,Ammospermophilus,Ammospermophilus interpres,"(Merriam, 1890)",NA,NA,NA,LC,Texas Antelope Squirrel
4321,42452,ANIMALIA,CHORDATA,MAMMALIA,RODENTIA,SCIURIDAE,Ammospermophilus,Ammospermophilus leucurus,"(Merriam, 1889)",NA,NA,NA,LC,White-tailed Antelope Squirrel
4322,42453,ANIMALIA,CHORDATA,MAMMALIA,RODENTIA,SCIURIDAE,Cynomys,Cynomys gunnisoni,"(Baird, 1855)",NA,NA,NA,LC,Gunnison's Prairie Dog
4323,42454,ANIMALIA,CHORDATA,MAMMALIA,RODENTIA,SCIURIDAE,Cynomys,Cynomys leucurus,"Merriam, 1890",NA,NA,NA,LC,White-tailed Prairie Dog
4324,42455,ANIMALIA,CHORDATA,MAMMALIA,RODENTIA,SCIURIDAE,Marmota,Marmota broweri,"Hall &amp; Gilmore, 1934",NA,NA,NA,LC,Alaska Marmot
4325,42456,ANIMALIA,CHORDATA,MAMMALIA,RODENTIA,SCIURIDAE,Marmota,Marmota caligata,"(Eschscholtz, 1829)",NA,NA,NA,LC,Hoary Marmot
4326,42457,ANIMALIA,CHORDATA,MAMMALIA,RODENTIA,SCIURIDAE,Marmota,Marmota flaviventris,"(Audubon &amp; Bachman, 1841)",NA,NA,NA,LC,Yellow-bellied Marmot
4327,42458,ANIMALIA,CHORDATA,MAMMALIA,RODENTIA,SCIURIDAE,Marmota,Marmota monax,"(Linnaeus, 1758)",NA,NA,NA,LC,Woodchuck
4328,42459,ANIMALIA,CHORDATA,MAMMALIA,RODENTIA,SCIURIDAE,Marmota,Marmota olympus,"(Merriam, 1898)",NA,NA,NA,LC,Olympic Marmot
4329,42460,ANIMALIA,CHORDATA,MAMMALIA,RODENTIA,SCIURIDAE,Rhinosciurus,Rhinosciurus laticaudatus,"(Müller, 1840)",NA,NA,NA,NT,Shrew-faced Squirrel
4330,42461,ANIMALIA,CHORDATA,MAMMALIA,RODENTIA,SCIURIDAE,Sciurus,Sciurus aberti,"Woodhouse, 1853",NA,NA,NA,LC,Abert's Squirrel
4331,42462,ANIMALIA,CHORDATA,MAMMALIA,RODENTIA,SCIURIDAE,Sciurus,Sciurus carolinensis,"Gmelin, 1788",NA,NA,NA,LC,Eastern Gray Squirrel
4332,42463,ANIMALIA,CHORDATA,MAMMALIA,RODENTIA,SCIURIDAE,Urocitellus,Urocitellus armatus,"Kennicott, 1863",NA,NA,NA,LC,Uinta Ground Squirrel
4333,42464,ANIMALIA,CHORDATA,MAMMALIA,RODENTIA,SCIURIDAE,Urocitellus,Urocitellus beldingi,"Merriam, 1888",NA,NA,NA,LC,Belding's Ground Squirrel
4334,42465,ANIMALIA,CHORDATA,MAMMALIA,RODENTIA,SCIURIDAE,Urocitellus,Urocitellus canus,"Merriam, 1898",NA,NA,NA,LC,Merriam's Ground Squirrel
4335,42466,ANIMALIA,CHORDATA,MAMMALIA,RODENTIA,SCIURIDAE,Urocitellus,Urocitellus columbianus,"Ord, 1815",NA,NA,NA,LC,Columbian Ground Squirrel
4336,42467,ANIMALIA,CHORDATA,MAMMALIA,RODENTIA,SCIURIDAE,Urocitellus,Urocitellus elegans,"Kennicott, 1863",NA,NA,NA,LC,Wyoming Ground Squirrel
4337,42468,ANIMALIA,CHORDATA,MAMMALIA,RODENTIA,SCIURIDAE,Callospermophilus,Callospermophilus lateralis,"Say, 1823",NA,NA,NA,LC,Green River Basin Golden-mantled Ground Squirrel
4338,42470,ANIMALIA,CHORDATA,MAMMALIA,RODENTIA,SCIURIDAE,Spermophilus,Spermophilus musicus,"Ménétries, 1832",NA,NA,NA,NT,Caucasian Mountain Ground Squirrel
4339,42561,ANIMALIA,CHORDATA,MAMMALIA,RODENTIA,SCIURIDAE,Urocitellus,Urocitellus richardsonii,"Sabine, 1822",NA,NA,NA,LC,Richardson's Ground Squirrel
4340,42562,ANIMALIA,CHORDATA,MAMMALIA,RODENTIA,SCIURIDAE,Callospermophilus,Callospermophilus saturatus,"Rhoads, 1895",NA,NA,NA,LC,Cascade Golden-mantled Ground Squirrel
4341,42563,ANIMALIA,CHORDATA,MAMMALIA,RODENTIA,SCIURIDAE,Xerospermophilus,Xerospermophilus spilosoma,"Bennett, 1833",NA,NA,NA,LC,Spotted Ground Squirrel
4342,42564,ANIMALIA,CHORDATA,MAMMALIA,RODENTIA,SCIURIDAE,Ictidomys,Ictidomys tridecemlineatus,"Mitchill, 1821",NA,NA,NA,LC,Thirteen-lined Ground Squirrel
4343,42565,ANIMALIA,CHORDATA,MAMMALIA,RODENTIA,SCIURIDAE,Sundasciurus,Sundasciurus davensis,"(Sanborn, 1952)",NA,NA,NA,DD,Davao Squirrel
4344,42566,ANIMALIA,CHORDATA,MAMMALIA,RODENTIA,SCIURIDAE,Sundasciurus,Sundasciurus hoogstraali,"(Sanborn, 1952)",NA,NA,NA,LC,Busuanga Squirrel
4345,42567,ANIMALIA,CHORDATA,MAMMALIA,RODENTIA,SCIURIDAE,Sundasciurus,Sundasciurus mindanensis,"(Steere, 1890)",NA,NA,NA,LC,Mindanao Squirrel
4346,42568,ANIMALIA,CHORDATA,MAMMALIA,RODENTIA,SCIURIDAE,Neotamias,Neotamias alpinus,"(Merriam, 1893)",NA,NA,NA,LC,Alpine Chipmunk
4347,42569,ANIMALIA,CHORDATA,MAMMALIA,RODENTIA,SCIURIDAE,Neotamias,Neotamias amoenus,"(J.A. Allen, 1890)",NA,NA,NA,LC,Yellow-pine Chipmunk
4348,42570,ANIMALIA,CHORDATA,MAMMALIA,RODENTIA,SCIURIDAE,Neotamias,Neotamias cinereicollis,"(J.A. Allen, 1890)",NA,NA,NA,LC,Gray-collared Chipmunk
4349,42571,ANIMALIA,CHORDATA,MAMMALIA,RODENTIA,SCIURIDAE,Neotamias,Neotamias dorsalis,"(Baird, 1855)",NA,NA,NA,LC,Cliff Chipmunk
4350,42572,ANIMALIA,CHORDATA,MAMMALIA,RODENTIA,SCIURIDAE,Neotamias,Neotamias minimus,"(Bachman, 1839)",NA,NA,NA,LC,Least Chipmunk
4351,42573,ANIMALIA,CHORDATA,MAMMALIA,RODENTIA,SCIURIDAE,Neotamias,Neotamias ochrogenys,"(Merriam, 1897)",NA,NA,NA,LC,Yellow-cheeked Chipmunk
4352,42574,ANIMALIA,CHORDATA,MAMMALIA,RODENTIA,SCIURIDAE,Neotamias,Neotamias panamintinus,"(Merriam, 1893)",NA,NA,NA,LC,Panamint Chipmunk
4353,42575,ANIMALIA,CHORDATA,MAMMALIA,RODENTIA,SCIURIDAE,Neotamias,Neotamias quadrimaculatus,"(Gray, 1867)",NA,NA,NA,LC,Long-eared Chipmunk
4354,42576,ANIMALIA,CHORDATA,MAMMALIA,RODENTIA,SCIURIDAE,Neotamias,Neotamias quadrivittatus,"(Say, 1823)",NA,NA,NA,LC,Colorado Chipmunk
4355,42577,ANIMALIA,CHORDATA,MAMMALIA,RODENTIA,SCIURIDAE,Neotamias,Neotamias ruficaudus,"(A.H. Howell, 1920)",NA,NA,NA,LC,Red-tailed Chipmunk
4356,42578,ANIMALIA,CHORDATA,MAMMALIA,RODENTIA,SCIURIDAE,Neotamias,Neotamias rufus,"(Hoffmeister &amp; Ellis, 1979)",NA,NA,NA,LC,Hopi Chipmunk
4357,42579,ANIMALIA,CHORDATA,MAMMALIA,RODENTIA,SCIURIDAE,Neotamias,Neotamias senex,"(J.A. Allen, 1890)",NA,NA,NA,LC,Shadow Chipmunk
4358,42580,ANIMALIA,CHORDATA,MAMMALIA,RODENTIA,SCIURIDAE,Neotamias,Neotamias siskiyou,"(A.H. Howell, 1922)",NA,NA,NA,LC,Siskiyou Chipmunk
4359,42581,ANIMALIA,CHORDATA,MAMMALIA,RODENTIA,SCIURIDAE,Neotamias,Neotamias sonomae,"(Grinnell, 1915)",NA,NA,NA,LC,Sonoma Chipmunk
4360,42582,ANIMALIA,CHORDATA,MAMMALIA,RODENTIA,SCIURIDAE,Neotamias,Neotamias speciosus,"(Merriam, 1890)",NA,NA,NA,LC,Lodgepole Chipmunk
4361,42583,ANIMALIA,CHORDATA,MAMMALIA,RODENTIA,SCIURIDAE,Tamias,Tamias striatus,"(Linnaeus, 1758)",NA,NA,NA,LC,Eastern Chipmunk
4362,42584,ANIMALIA,CHORDATA,MAMMALIA,RODENTIA,SCIURIDAE,Neotamias,Neotamias townsendii,"(Bachman, 1839)",NA,NA,NA,LC,Townsend's Chipmunk
4363,42585,ANIMALIA,CHORDATA,MAMMALIA,RODENTIA,SCIURIDAE,Neotamias,Neotamias umbrinus,"(J.A. Allen, 1890)",NA,NA,NA,LC,Uinta Chipmunk
4364,42586,ANIMALIA,CHORDATA,MAMMALIA,RODENTIA,SCIURIDAE,Tamiasciurus,Tamiasciurus douglasii,"(Bachman, 1839)",NA,NA,NA,LC,Douglas's Squirrel
4365,42587,ANIMALIA,CHORDATA,MAMMALIA,RODENTIA,SCIURIDAE,Tamiasciurus,Tamiasciurus hudsonicus,"(Erxleben, 1777)",NA,NA,NA,LC,Red Squirrel
4366,42588,ANIMALIA,CHORDATA,MAMMALIA,RODENTIA,GEOMYIDAE,Geomys,Geomys bursarius,"(Shaw, 1800)",NA,NA,NA,LC,Plains Pocket Gopher
4367,42589,ANIMALIA,CHORDATA,MAMMALIA,RODENTIA,GEOMYIDAE,Geomys,Geomys pinetis,"Rafinesque, 1817",NA,NA,NA,LC,Southeastern Pocket Gopher
4368,42590,ANIMALIA,CHORDATA,MAMMALIA,RODENTIA,GEOMYIDAE,Orthogeomys,Orthogeomys grandis,"(Thomas, 1893)",NA,NA,NA,LC,Giant Pocket Gopher
4369,42591,ANIMALIA,CHORDATA,MAMMALIA,RODENTIA,GEOMYIDAE,Heterogeomys,Heterogeomys lanius,"(Elliot, 1905)",NA,NA,NA,CR,Big Pocket Gopher
4370,42593,ANIMALIA,CHORDATA,MAMMALIA,RODENTIA,GEOMYIDAE,Orthogeomys,Orthogeomys underwoodi,"(Osgood, 1931)",NA,NA,NA,LC,Underwood's Pocket Gopher
4371,42594,ANIMALIA,CHORDATA,MAMMALIA,RODENTIA,GEOMYIDAE,Thomomys,Thomomys bulbivorus,"(Richardson, 1829)",NA,NA,NA,LC,Camas Pocket Gopher
4372,42595,ANIMALIA,CHORDATA,MAMMALIA,RODENTIA,GEOMYIDAE,Thomomys,Thomomys clusius,"Coues, 1875",NA,NA,NA,LC,Wyoming Pocket Gopher
4373,42596,ANIMALIA,CHORDATA,MAMMALIA,RODENTIA,GEOMYIDAE,Thomomys,Thomomys monticola,"J.A. Allen, 1893",NA,NA,NA,LC,Mountain Pocket Gopher
4374,42597,ANIMALIA,CHORDATA,MAMMALIA,RODENTIA,GEOMYIDAE,Thomomys,Thomomys talpoides,"(Richardson, 1828)",NA,NA,NA,LC,Vancouver Pocket Gopher
4375,42598,ANIMALIA,CHORDATA,MAMMALIA,RODENTIA,GEOMYIDAE,Thomomys,Thomomys townsendii,"(Bachman, 1839)",NA,NA,NA,LC,Townsend's Pocket Gopher
4376,42599,ANIMALIA,CHORDATA,MAMMALIA,RODENTIA,HETEROMYIDAE,Dipodomys,Dipodomys californicus,"Merriam, 1890",NA,NA,NA,LC,California Kangaroo Rat
4377,42600,ANIMALIA,CHORDATA,MAMMALIA,RODENTIA,HETEROMYIDAE,Dipodomys,Dipodomys heermanni,"Le Conte, 1853",NA,NA,NA,LC,Heermann's Kangaroo Rat
4378,42603,ANIMALIA,CHORDATA,MAMMALIA,RODENTIA,HETEROMYIDAE,Dipodomys,Dipodomys microps,"(Merriam, 1904)",NA,NA,NA,LC,Houserock Chisel-toothed Kangaroo Rat
4379,42604,ANIMALIA,CHORDATA,MAMMALIA,RODENTIA,HETEROMYIDAE,Dipodomys,Dipodomys panamintinus,"(Merriam, 1894)",NA,NA,NA,LC,Panamint Kangaroo Rat
4380,42605,ANIMALIA,CHORDATA,MAMMALIA,RODENTIA,HETEROMYIDAE,Dipodomys,Dipodomys venustus,"(Merriam, 1904)",NA,NA,NA,LC,Narrow-faced Kangaroo Rat
4381,42606,ANIMALIA,CHORDATA,MAMMALIA,RODENTIA,HETEROMYIDAE,Microdipodops,Microdipodops megacephalus,"Merriam, 1891",NA,NA,NA,LC,Owyhee River Kangaroo Mouse
4382,42607,ANIMALIA,CHORDATA,MAMMALIA,RODENTIA,HETEROMYIDAE,Microdipodops,Microdipodops pallidus,"Merriam, 1901",NA,NA,NA,LC,Soda Spring Valley Kangaroo Mouse
4383,42608,ANIMALIA,CHORDATA,MAMMALIA,RODENTIA,HETEROMYIDAE,Perognathus,Perognathus fasciatus,"Wied-Neuwied, 1839",NA,NA,NA,LC,Olive-backed Pocket Mouse
4384,42609,ANIMALIA,CHORDATA,MAMMALIA,RODENTIA,HETEROMYIDAE,Perognathus,Perognathus inornatus,"Merriam, 1889",NA,NA,NA,LC,San Joaquin Pocket Mouse
4385,42610,ANIMALIA,CHORDATA,MAMMALIA,RODENTIA,HETEROMYIDAE,Perognathus,Perognathus parvus,"(Peale, 1848)",NA,NA,NA,LC,Great Basin Pocket Mouse
4386,42612,ANIMALIA,CHORDATA,MAMMALIA,RODENTIA,DIPODIDAE,Napaeozapus,Napaeozapus insignis,"(Miller, 1891)",NA,NA,NA,LC,Woodland Jumping Mouse
4387,42613,ANIMALIA,CHORDATA,MAMMALIA,RODENTIA,DIPODIDAE,Zapus,Zapus hudsonius,"(Zimmermann, 1780)",NA,NA,NA,LC,Meadow Jumping Mouse
4388,42614,ANIMALIA,CHORDATA,MAMMALIA,RODENTIA,DIPODIDAE,Zapus,Zapus princeps,"Allen, 1893",NA,NA,NA,LC,Pacific Jumping Mouse
4389,42615,ANIMALIA,CHORDATA,MAMMALIA,RODENTIA,CRICETIDAE,Arborimus,Arborimus longicaudus,"(True, 1890)",NA,NA,NA,NT,Red Tree Vole
4390,42616,ANIMALIA,CHORDATA,MAMMALIA,RODENTIA,CRICETIDAE,Clethrionomys,Clethrionomys californicus,"(Merriam, 1890)",NA,NA,NA,LC,Western Red-backed Vole
4391,42617,ANIMALIA,CHORDATA,MAMMALIA,RODENTIA,CRICETIDAE,Clethrionomys,Clethrionomys gapperi,"(Vigors, 1830)",NA,NA,NA,LC,Southern Red-backed Vole
4392,42618,ANIMALIA,CHORDATA,MAMMALIA,RODENTIA,CRICETIDAE,Dicrostonyx,Dicrostonyx groenlandicus,"(Traill, 1823)",NA,NA,NA,LC,Northern Collared Lemming
4393,42619,ANIMALIA,CHORDATA,MAMMALIA,RODENTIA,CRICETIDAE,Dicrostonyx,Dicrostonyx hudsonius,"(Pallas, 1778)",NA,NA,NA,LC,Ungava Collared Lemming
4394,42620,ANIMALIA,CHORDATA,MAMMALIA,RODENTIA,CRICETIDAE,Dicrostonyx,Dicrostonyx nelsoni,"Merriam, 1900",NA,NA,NA,LC,Nelson's Collared Lemming
4395,42622,ANIMALIA,CHORDATA,MAMMALIA,RODENTIA,CRICETIDAE,Dicrostonyx,Dicrostonyx richardsoni,"Merriam, 1900",NA,NA,NA,LC,Richardson's Collared Lemming
4396,42624,ANIMALIA,CHORDATA,MAMMALIA,RODENTIA,CRICETIDAE,Lemmiscus,Lemmiscus curtatus,"(Cope, 1868)",NA,NA,NA,LC,Sagebrush Vole
4397,42625,ANIMALIA,CHORDATA,MAMMALIA,RODENTIA,CRICETIDAE,Microtus,Microtus canicaudus,"Miller, 1897",NA,NA,NA,LC,Gray-tailed Vole
4398,42626,ANIMALIA,CHORDATA,MAMMALIA,RODENTIA,CRICETIDAE,Microtus,Microtus chrotorrhinus,"(Miller, 1894)",NA,NA,NA,LC,Southern Rock Vole
4399,42627,ANIMALIA,CHORDATA,MAMMALIA,RODENTIA,CRICETIDAE,Microtus,Microtus longicaudus,"(Merriam, 1888)",NA,NA,NA,LC,San Bernardino Long-tailed Vole
4400,42628,ANIMALIA,CHORDATA,MAMMALIA,RODENTIA,CRICETIDAE,Microtus,Microtus xanthognathus,"(Leach, 1815)",NA,NA,NA,LC,Taiga Vole
4401,42629,ANIMALIA,CHORDATA,MAMMALIA,RODENTIA,CRICETIDAE,Microtus,Microtus miurus,"Osgood, 1901",NA,NA,NA,LC,Singing Vole
4402,42630,ANIMALIA,CHORDATA,MAMMALIA,RODENTIA,CRICETIDAE,Microtus,Microtus montanus,"(Peale, 1848)",NA,NA,NA,LC,Pahranagat Valley Montane Vole
4403,42631,ANIMALIA,CHORDATA,MAMMALIA,RODENTIA,CRICETIDAE,Microtus,Microtus ochrogaster,"(Wagner, 1842)",NA,NA,NA,LC,Prairie Vole
4404,42632,ANIMALIA,CHORDATA,MAMMALIA,RODENTIA,CRICETIDAE,Microtus,Microtus oregoni,"(Bachman, 1839)",NA,NA,NA,LC,Creeping Vole
4405,42633,ANIMALIA,CHORDATA,MAMMALIA,RODENTIA,CRICETIDAE,Microtus,Microtus pinetorum,"(Le Conte, 1830)",NA,NA,NA,LC,Woodland Vole
4406,42634,ANIMALIA,CHORDATA,MAMMALIA,RODENTIA,CRICETIDAE,Microtus,Microtus richardsoni,"(DeKay, 1842)",NA,NA,NA,LC,Water Vole
4407,42635,ANIMALIA,CHORDATA,MAMMALIA,RODENTIA,CRICETIDAE,Microtus,Microtus umbrosus,"Merriam, 1898",NA,NA,NA,EN,Zempoaltepec Vole
4408,42636,ANIMALIA,CHORDATA,MAMMALIA,RODENTIA,CRICETIDAE,Phenacomys,Phenacomys intermedius,"Merriam, 1889",NA,NA,NA,LC,Western Heather Vole
4409,42637,ANIMALIA,CHORDATA,MAMMALIA,RODENTIA,CRICETIDAE,Phenacomys,Phenacomys ungava,"Merriam, 1889",NA,NA,NA,LC,Eastern Heather Vole
4410,42638,ANIMALIA,CHORDATA,MAMMALIA,RODENTIA,CRICETIDAE,Synaptomys,Synaptomys borealis,"(Richardson, 1828)",NA,NA,NA,LC,Northern Bog Lemming
4411,42639,ANIMALIA,CHORDATA,MAMMALIA,RODENTIA,CRICETIDAE,Synaptomys,Synaptomys cooperi,"Baird, 1858",NA,NA,NA,LC,Southern Bog Lemming
4412,42640,ANIMALIA,CHORDATA,MAMMALIA,RODENTIA,CRICETIDAE,Allocricetulus,Allocricetulus curtatus,"(G.M. Allen, 1925)",NA,NA,NA,LC,Mongolian Hamster
4413,42641,ANIMALIA,CHORDATA,MAMMALIA,RODENTIA,MURIDAE,Abditomys,Abditomys latidens,"(Sanborn, 1952)",NA,NA,NA,DD,Luzon Broad-toothed Rat
4414,42642,ANIMALIA,CHORDATA,MAMMALIA,RODENTIA,MURIDAE,Apodemus,Apodemus argenteus,"(Temminck, 1844)",NA,NA,NA,LC,Small Japanese Field Mouse
4415,42643,ANIMALIA,CHORDATA,MAMMALIA,RODENTIA,MURIDAE,Apomys,Apomys abrae,"(Sanborn, 1952)",NA,NA,NA,LC,Luzon Cordillera Apomys
4416,42646,ANIMALIA,CHORDATA,MAMMALIA,RODENTIA,MURIDAE,Pseudohydromys,Pseudohydromys musseri,"(Flannery, 1989)",NA,NA,NA,DD,Musser's Shrew Mouse
4417,42647,ANIMALIA,CHORDATA,MAMMALIA,RODENTIA,MURIDAE,Pseudomys,Pseudomys bolami,"Troughton, 1932",NA,NA,NA,LC,Bolam's Mouse
4418,42648,ANIMALIA,CHORDATA,MAMMALIA,RODENTIA,MURIDAE,Pseudomys,Pseudomys chapmani,"Kitchener, 1980",NA,NA,NA,LC,Western Pebble Mouse
4419,42649,ANIMALIA,CHORDATA,MAMMALIA,RODENTIA,CRICETIDAE,Neacomys,Neacomys tenuipes,"O. Thomas, 1900",NA,NA,NA,LC,Narrow-footed Bristly Mouse
4420,42650,ANIMALIA,CHORDATA,MAMMALIA,RODENTIA,CRICETIDAE,Neotoma,Neotoma floridana,"(Ord, 1818)",NA,NA,NA,LC,Eastern Woodrat
4421,42651,ANIMALIA,CHORDATA,MAMMALIA,RODENTIA,CRICETIDAE,Neotoma,Neotoma stephensi,"Goldman, 1905",NA,NA,NA,LC,Stephen's Woodrat
4422,42652,ANIMALIA,CHORDATA,MAMMALIA,RODENTIA,CRICETIDAE,Peromyscus,Peromyscus attwateri,"J.A. Allen, 1895",NA,NA,NA,LC,Texas Deermouse
4423,42653,ANIMALIA,CHORDATA,MAMMALIA,RODENTIA,CRICETIDAE,Peromyscus,Peromyscus gossypinus,"(Le Conte, 1853)",NA,NA,NA,LC,Key Largo Cotton Mouse
4424,42654,ANIMALIA,CHORDATA,MAMMALIA,RODENTIA,CRICETIDAE,Peromyscus,Peromyscus polionotus,"(Wagner, 1843)",NA,NA,NA,LC,Choctawhatchee Beach Mouse
4425,42655,ANIMALIA,CHORDATA,MAMMALIA,RODENTIA,SPALACIDAE,Spalax,Spalax zemni,"(Erxleben, 1777)",NA,NA,NA,VU,Podolian Mole Rat
4426,42656,ANIMALIA,CHORDATA,MAMMALIA,RODENTIA,ABROCOMIDAE,Abrocoma,Abrocoma bennettii,"Waterhouse, 1837",NA,NA,NA,LC,Bennett's Chinchilla Rat
4427,42657,ANIMALIA,CHORDATA,MAMMALIA,RODENTIA,ABROCOMIDAE,Abrocoma,Abrocoma cinerea,"Thomas, 1919",NA,NA,NA,LC,Ashy Chinchilla Rat
4428,42658,ANIMALIA,CHORDATA,MAMMALIA,MACROSCELIDEA,MACROSCELIDIDAE,Elephantulus,Elephantulus brachyrhynchus,"(A. Smith, 1836)",NA,NA,NA,LC,Short-snouted Sengi
4429,42659,ANIMALIA,CHORDATA,MAMMALIA,MACROSCELIDEA,MACROSCELIDIDAE,Elephantulus,Elephantulus fuscipes,"(Thomas, 1894)",NA,NA,NA,DD,Dusky-footed Sengi
4430,42660,ANIMALIA,CHORDATA,MAMMALIA,MACROSCELIDEA,MACROSCELIDIDAE,Elephantulus,Elephantulus fuscus,"(Peters, 1852)",NA,NA,NA,DD,Dusky Sengi
4431,42661,ANIMALIA,CHORDATA,MAMMALIA,MACROSCELIDEA,MACROSCELIDIDAE,Elephantulus,Elephantulus intufi,"(A. Smith, 1836)",NA,NA,NA,LC,Bushveld Sengi
4432,42662,ANIMALIA,CHORDATA,MAMMALIA,MACROSCELIDEA,MACROSCELIDIDAE,Elephantulus,Elephantulus myurus,"Thomas & Schwann, 1906",NA,NA,NA,LC,Eastern Rock Sengi
4433,42663,ANIMALIA,CHORDATA,MAMMALIA,MACROSCELIDEA,MACROSCELIDIDAE,Elephantulus,Elephantulus rozeti,"(Duvernoy, 1833)",NA,NA,NA,LC,North African Sengi
4434,42664,ANIMALIA,CHORDATA,MAMMALIA,MACROSCELIDEA,MACROSCELIDIDAE,Elephantulus,Elephantulus rufescens,"(Peters, 1878)",NA,NA,NA,LC,Rufous Sengi
4435,42666,ANIMALIA,CHORDATA,MAMMALIA,RODENTIA,MURIDAE,Meriones,Meriones shawi,"(Duvernoy, 1842)",NA,NA,NA,LC,Shaw's Jird
4436,42670,ANIMALIA,CHORDATA,MAMMALIA,RODENTIA,MURIDAE,Mylomys,Mylomys dybowskii,"(Pousargues, 1893)",NA,NA,NA,LC,African Groove-toothed Rat
4437,42673,ANIMALIA,CHORDATA,MAMMALIA,RODENTIA,CRICETIDAE,Neotoma,Neotoma cinerea,"(Ord, 1815)",NA,NA,NA,LC,Bushy-tailed Woodrat
4438,42674,ANIMALIA,CHORDATA,MAMMALIA,RODENTIA,CRICETIDAE,Ochrotomys,Ochrotomys nuttalli,"(Harlan, 1832)",NA,NA,NA,LC,Golden Mouse
4439,42675,ANIMALIA,CHORDATA,MAMMALIA,RODENTIA,CRICETIDAE,Oryzomys,Oryzomys palustris,"(Harlan, 1837)",NA,NA,NA,LC,Marsh Rice Rat
4440,42678,ANIMALIA,CHORDATA,MAMMALIA,RODENTIA,CRICETIDAE,Reithrodontomys,Reithrodontomys humulis,"(Audubon &amp; Bachman, 1941)",NA,NA,NA,LC,Eastern Harvest Mouse
4441,42679,ANIMALIA,CHORDATA,MAMMALIA,MACROSCELIDEA,MACROSCELIDIDAE,Petrodromus,Petrodromus tetradactylus,"Peters, 1846",NA,NA,NA,LC,Four-toed Sengi
4442,42680,ANIMALIA,CHORDATA,MAMMALIA,ARTIODACTYLA,BOVIDAE,Oreamnos,Oreamnos americanus,"(de Blainville, 1816)",NA,NA,NA,LC,Mountain Goat
4443,42691,ANIMALIA,CHORDATA,MAMMALIA,PRIMATES,CALLITRICHIDAE,Mico,Mico emiliae,"(Thomas, 1920)",NA,NA,NA,LC,Snethlage’s Marmoset
4444,42692,ANIMALIA,CHORDATA,MAMMALIA,PRIMATES,CALLITRICHIDAE,Mico,Mico saterei,"(Silva Jr. &amp; Noronha, 1998)",NA,NA,NA,LC,Sateré Marmoset
4445,42693,ANIMALIA,CHORDATA,MAMMALIA,PRIMATES,CALLITRICHIDAE,Leontocebus,Leontocebus fuscus,"(Lesson, 1840)",NA,NA,NA,LC,Lesson’s Saddle-back Tamarin
4446,42695,ANIMALIA,CHORDATA,MAMMALIA,PRIMATES,CALLITRICHIDAE,Saguinus,Saguinus martinsi,"(Thomas, 1912)",NA,NA,NA,NT,Martin's Ochraceous Bare-face Tamarin
4447,42697,ANIMALIA,CHORDATA,MAMMALIA,PRIMATES,CEBIDAE,Sapajus,Sapajus robustus,"(Kuhl, 1820)",NA,NA,NA,EN,Crested Capuchin
4448,43891,ANIMALIA,CHORDATA,MAMMALIA,PRIMATES,PITHECIIDAE,Chiropotes,Chiropotes chiropotes,"(Humboldt, 1811)",NA,NA,NA,LC,Bearded Saki
4449,43892,ANIMALIA,CHORDATA,MAMMALIA,PRIMATES,PITHECIIDAE,Chiropotes,Chiropotes utahickae,"Hershkovitz, 1985",NA,NA,NA,VU,Uta Hick’s Bearded Saki
4450,43912,ANIMALIA,CHORDATA,MAMMALIA,PRIMATES,ATELIDAE,Alouatta,Alouatta discolor,"(Spix, 1823)",NA,NA,NA,VU,Spix's Red-handed Howler Monkey
4451,43941,ANIMALIA,CHORDATA,MAMMALIA,PRIMATES,CEBIDAE,Cebus,Cebus castaneus,"I. Geoffroy, 1851",NA,NA,NA,LC,Chestnut Capuchin
4452,43942,ANIMALIA,CHORDATA,MAMMALIA,PRIMATES,PITHECIIDAE,Pithecia,Pithecia pithecia,"(Linnaeus, 1766)",NA,NA,NA,LC,White-faced Saki
4453,43943,ANIMALIA,CHORDATA,MAMMALIA,PRIMATES,PITHECIIDAE,Pithecia,Pithecia chrysocephala,"I. Geoffroy Saint-Hilaire, 1850",NA,NA,NA,LC,Golden-faced Saki
4454,43946,ANIMALIA,CHORDATA,MAMMALIA,PRIMATES,PITHECIIDAE,Pithecia,Pithecia vanzolinii,"Hershkovitz, 1987",NA,NA,NA,DD,Vanzolini’s Bald-faced Saki
4455,43950,ANIMALIA,CHORDATA,MAMMALIA,PRIMATES,CALLITRICHIDAE,Leontocebus,Leontocebus lagonotus,"(Jiménez de la Espada, 1870)",NA,NA,NA,LC,Red-mantle Saddle-back Tamarin
4456,43952,ANIMALIA,CHORDATA,MAMMALIA,PRIMATES,CALLITRICHIDAE,Leontocebus,Leontocebus illigeri,"(Pucheran, 1845)",NA,NA,NA,NT,Illiger’s Saddle-back Tamarin
4457,43953,ANIMALIA,CHORDATA,MAMMALIA,PRIMATES,CALLITRICHIDAE,Leontocebus,Leontocebus nigrifrons,"(I. Geoffroy, 1851)",NA,NA,NA,LC,Geoffroy’s Saddle-back Tamarin
4458,43968,ANIMALIA,CHORDATA,MAMMALIA,PRIMATES,CEBIDAE,Saimiri,Saimiri sciureus,"(Linnaeus, 1758)",NA,NA,NA,LC,Guianan Squirrel Monkey
4459,44165,ANIMALIA,CHORDATA,MAMMALIA,CARNIVORA,VIVERRIDAE,Poiana,Poiana leightoni,"Pocock, 1908",NA,NA,NA,VU,West African Oyan
4460,44166,ANIMALIA,CHORDATA,MAMMALIA,CARNIVORA,MUSTELIDAE,Aonyx,Aonyx cinereus,"(Illiger, 1815)",NA,NA,NA,VU,Asian Small-clawed Otter
4461,44172,ANIMALIA,CHORDATA,MAMMALIA,ARTIODACTYLA,BOVIDAE,Tragelaphus,Tragelaphus derbianus,"(Gray, 1847)",NA,NA,NA,VU,Giant Eland
4462,44187,ANIMALIA,CHORDATA,MAMMALIA,ARTIODACTYLA,DELPHINIDAE,Orcaella,Orcaella brevirostris,"(Owen in Gray, 1866)",NA,NA,Malampaya Sound subpopulation,CR,Irrawaddy Dolphin
4463,44195,ANIMALIA,CHORDATA,MAMMALIA,CHIROPTERA,VESPERTILIONIDAE,Hypsugo,Hypsugo vordermanni,"Jentink, 1890",NA,NA,NA,DD,Vordermann's Pipistrelle
4464,44555,ANIMALIA,CHORDATA,MAMMALIA,ARTIODACTYLA,DELPHINIDAE,Orcaella,Orcaella brevirostris,"(Owen in Gray, 1866)",NA,NA,Mekong River subpopulation,CR,Irrawaddy Dolphin
4465,44556,ANIMALIA,CHORDATA,MAMMALIA,ARTIODACTYLA,DELPHINIDAE,Orcaella,Orcaella brevirostris,"(Owen in Gray, 1866)",NA,NA,Ayeyarwady River subpopulation,CR,Irrawaddy Dolphin
4466,44557,ANIMALIA,CHORDATA,MAMMALIA,ARTIODACTYLA,DELPHINIDAE,Orcaella,Orcaella brevirostris,"(Owen in Gray, 1866)",NA,NA,Songkhla Lake subpopulation,CR,Irrawaddy Dolphin
4467,44687,ANIMALIA,CHORDATA,MAMMALIA,CHIROPTERA,HIPPOSIDERIDAE,Macronycteris,Macronycteris gigas,"Wagner, 1845",NA,NA,NA,LC,Giant Leaf-nosed Bat
4468,44689,ANIMALIA,CHORDATA,MAMMALIA,CHIROPTERA,HIPPOSIDERIDAE,Macronycteris,Macronycteris thomensis,"Bocage, 1891",NA,NA,NA,LC,NA
4469,44692,ANIMALIA,CHORDATA,MAMMALIA,CHIROPTERA,MOLOSSIDAE,Platymops,Platymops setiger,"Peters, 1878",NA,NA,NA,LC,Peters's Flat-headed Bat
4470,44693,ANIMALIA,CHORDATA,MAMMALIA,CHIROPTERA,MOLOSSIDAE,Sauromys,Sauromys petrophilus,"(Roberts, 1917)",NA,NA,NA,LC,Roberts's Flat-headed Bat
4471,44694,ANIMALIA,CHORDATA,MAMMALIA,PRIMATES,CERCOPITHECIDAE,Semnopithecus,Semnopithecus johnii,"(J. Fischer, 1829)",NA,NA,NA,VU,Nilgiri Langur
4472,44695,ANIMALIA,CHORDATA,MAMMALIA,CHIROPTERA,NYCTERIDAE,Nycteris,Nycteris parisii,"De Beaux, 1924",NA,NA,NA,DD,Parisi's Slit-faced Bat
4473,44696,ANIMALIA,CHORDATA,MAMMALIA,CHIROPTERA,NYCTERIDAE,Nycteris,Nycteris vinsoni,"Dalquest, 1965",NA,NA,NA,DD,Vinson's Slit-faced Bat
4474,44697,ANIMALIA,CHORDATA,MAMMALIA,CHIROPTERA,PTEROPODIDAE,Epomophorus,Epomophorus crypturus,"Peters, 1852",NA,NA,NA,LC,Peters's Epauletted Fruit Bat
4475,44698,ANIMALIA,CHORDATA,MAMMALIA,CHIROPTERA,PTEROPODIDAE,Myonycteris,Myonycteris angolensis,"(Bocage, 1898)",NA,NA,NA,LC,Angolan Fruit Bat
4476,44703,ANIMALIA,CHORDATA,MAMMALIA,ARTIODACTYLA,CERVIDAE,Muntiacus,Muntiacus vuquangensis,"(Do Tuoc, Vu Van Dung, Dawson, Arctander &amp; Mackinnon, 1994)",NA,NA,NA,CR,Large-antlered Muntjac
4477,44704,ANIMALIA,CHORDATA,MAMMALIA,ARTIODACTYLA,CERVIDAE,Muntiacus,Muntiacus truongsonensis,"(Giao, Tuoc, Dung, Wikramanayake, Amato, Arctander &amp; Mackinnon, 1997)",NA,NA,NA,DD,Annamite Muntjac
4478,44722,ANIMALIA,CHORDATA,MAMMALIA,PRIMATES,LORISIDAE,Loris,Loris lydekkerianus,"Cabrera, 1908",NA,NA,NA,NT,Grey Slender Loris
4479,44781,ANIMALIA,CHORDATA,MAMMALIA,CHIROPTERA,RHINOLOPHIDAE,Rhinolophus,Rhinolophus hilli,"Aellen, 1973",NA,NA,NA,CR,Hill's Horseshoe Bat
4480,44782,ANIMALIA,CHORDATA,MAMMALIA,CHIROPTERA,RHINOLOPHIDAE,Rhinolophus,Rhinolophus hillorum,"Koopman, 1989",NA,NA,NA,VU,Upland Horseshoe Bat
4481,44783,ANIMALIA,CHORDATA,MAMMALIA,CHIROPTERA,RHINOLOPHIDAE,Rhinolophus,Rhinolophus maendeleo,"Kock, Csorba &amp; Howell, 2000",NA,NA,NA,DD,Maendeleo Horseshoe Bat
4482,44784,ANIMALIA,CHORDATA,MAMMALIA,CHIROPTERA,RHINOLOPHIDAE,Rhinolophus,Rhinolophus ruwenzorii,"Hill, 1942",NA,NA,NA,EN,Ruwenzori Horseshoe Bat
4483,44785,ANIMALIA,CHORDATA,MAMMALIA,CHIROPTERA,RHINOLOPHIDAE,Rhinolophus,Rhinolophus sakejiensis,"Cotterill, 2002",NA,NA,NA,DD,Sakeji Horseshoe Bat
4484,44786,ANIMALIA,CHORDATA,MAMMALIA,CHIROPTERA,RHINOLOPHIDAE,Rhinolophus,Rhinolophus ziama,"Fahr, Vierhaus, Hutterer &amp; Kock, 2002",NA,NA,NA,EN,Ziama Horseshoe Bat
4485,44787,ANIMALIA,CHORDATA,MAMMALIA,CHIROPTERA,CISTUGIDAE,Cistugo,Cistugo lesueuri,"Roberts, 1919",NA,NA,NA,LC,Lesueur's Hairy Bat
4486,44788,ANIMALIA,CHORDATA,MAMMALIA,CHIROPTERA,CISTUGIDAE,Cistugo,Cistugo seabrae,"Thomas, 1912",NA,NA,NA,LC,Angolan Hairy Bat
4487,44789,ANIMALIA,CHORDATA,MAMMALIA,CHIROPTERA,VESPERTILIONIDAE,Glauconycteris,Glauconycteris alboguttata,"(J.A. Allen, 1917)",NA,NA,NA,LC,Allen's Striped Bat
4488,44790,ANIMALIA,CHORDATA,MAMMALIA,CHIROPTERA,VESPERTILIONIDAE,Glauconycteris,Glauconycteris argentata,"(Dobson, 1875)",NA,NA,NA,LC,Silvered Bat
4489,44791,ANIMALIA,CHORDATA,MAMMALIA,CHIROPTERA,VESPERTILIONIDAE,Glauconycteris,Glauconycteris beatrix,"(Thomas, 1901)",NA,NA,NA,LC,Beatrix's Bat
4490,44792,ANIMALIA,CHORDATA,MAMMALIA,CHIROPTERA,VESPERTILIONIDAE,Glauconycteris,Glauconycteris curryae,"Eger &amp; Schlitter, 2003",NA,NA,NA,DD,Curry's Bat
4491,44793,ANIMALIA,CHORDATA,MAMMALIA,CHIROPTERA,VESPERTILIONIDAE,Glauconycteris,Glauconycteris egeria,"Thomas, 1913",NA,NA,NA,DD,Bibundi Bat
4492,44794,ANIMALIA,CHORDATA,MAMMALIA,CHIROPTERA,VESPERTILIONIDAE,Glauconycteris,Glauconycteris gleni,"Peterson &amp; Smith, 1973",NA,NA,NA,DD,Glen's Wattled Bat
4493,44795,ANIMALIA,CHORDATA,MAMMALIA,CHIROPTERA,VESPERTILIONIDAE,Glauconycteris,Glauconycteris humeralis,"J.A. Allen, 1917",NA,NA,NA,DD,Allen's Spotted Bat
4494,44796,ANIMALIA,CHORDATA,MAMMALIA,CHIROPTERA,VESPERTILIONIDAE,Glauconycteris,Glauconycteris kenyacola,"(Peterson, 1982)",NA,NA,NA,DD,Kenyan Wattled Bat
4495,44797,ANIMALIA,CHORDATA,MAMMALIA,CHIROPTERA,VESPERTILIONIDAE,Glauconycteris,Glauconycteris machadoi,"Hayman, 1963",NA,NA,NA,DD,Machado's Butterfly Bat
4496,44798,ANIMALIA,CHORDATA,MAMMALIA,CHIROPTERA,VESPERTILIONIDAE,Glauconycteris,Glauconycteris poensis,"(Gray, 1842)",NA,NA,NA,LC,Abo Bat
4497,44799,ANIMALIA,CHORDATA,MAMMALIA,CHIROPTERA,VESPERTILIONIDAE,Glauconycteris,Glauconycteris superba,"(Hayman, 1939)",NA,NA,NA,LC,Pied Bat
4498,44800,ANIMALIA,CHORDATA,MAMMALIA,CHIROPTERA,VESPERTILIONIDAE,Glauconycteris,Glauconycteris variegata,"(Tomes, 1861)",NA,NA,NA,LC,Variegated Butterfly Bat
4499,44851,ANIMALIA,CHORDATA,MAMMALIA,CHIROPTERA,VESPERTILIONIDAE,Pipistrellus,Pipistrellus anchietae,"(Seabra, 1900)",NA,NA,NA,LC,Anchieta's Pipistrelle
4500,44853,ANIMALIA,CHORDATA,MAMMALIA,CHIROPTERA,VESPERTILIONIDAE,Pipistrellus,Pipistrellus crassulus,"Thomas, 1904",NA,NA,NA,LC,Broad-headed Pipistrelle
4501,44854,ANIMALIA,CHORDATA,MAMMALIA,CHIROPTERA,VESPERTILIONIDAE,Hypsugo,Hypsugo eisentrauti,"Hill, 1968",NA,NA,NA,DD,Eisentraut's Pipistrelle
4502,44855,ANIMALIA,CHORDATA,MAMMALIA,CHIROPTERA,VESPERTILIONIDAE,Hypsugo,Hypsugo musciculus,"Thomas, 1913",NA,NA,NA,DD,Mouselike Pipistrelle
4503,44856,ANIMALIA,CHORDATA,MAMMALIA,CHIROPTERA,VESPERTILIONIDAE,Hypsugo,Hypsugo savii,"Bonaparte, 1837",NA,NA,NA,LC,Savi's Pipistrelle
4504,44857,ANIMALIA,CHORDATA,MAMMALIA,RODENTIA,ANOMALURIDAE,Anomalurus,Anomalurus beecrofti,"Fraser, 1853",NA,NA,NA,LC,Beecroft's Scaly-tailed Squirrel
4505,44858,ANIMALIA,CHORDATA,MAMMALIA,RODENTIA,BATHYERGIDAE,Fukomys,Fukomys anselli,"(Burda, Zima, Scharff, Macholán &amp; Kawalika, 1999)",NA,NA,NA,LC,Zambian Mole Rat
4506,44859,ANIMALIA,CHORDATA,MAMMALIA,CHIROPTERA,MINIOPTERIDAE,Miniopterus,Miniopterus africanus,"Sanborn, 1936",NA,NA,NA,DD,African Long-fingered Bat
4507,44860,ANIMALIA,CHORDATA,MAMMALIA,RODENTIA,BATHYERGIDAE,Fukomys,Fukomys darlingi,"(Thomas, 1895)",NA,NA,NA,LC,Mashona Mole-rat
4508,44861,ANIMALIA,CHORDATA,MAMMALIA,RODENTIA,BATHYERGIDAE,Fukomys,Fukomys kafuensis,"(Burda, Zima, Scharff, Macholán &amp; Kawalika, 1999)",NA,NA,NA,VU,Kafue Mole-rat
4509,44862,ANIMALIA,CHORDATA,MAMMALIA,CHIROPTERA,MINIOPTERIDAE,Miniopterus,Miniopterus natalensis,"(A. Smith, 1834)",NA,NA,NA,LC,Natal Long-fingered Bat
4510,44863,ANIMALIA,CHORDATA,MAMMALIA,CHIROPTERA,VESPERTILIONIDAE,Myotis,Myotis anjouanensis,"Dorst, 1960",NA,NA,NA,DD,Anjouan Myotis
4511,44864,ANIMALIA,CHORDATA,MAMMALIA,CHIROPTERA,VESPERTILIONIDAE,Myotis,Myotis punicus,"Felten, Spitzenberger, and Storch, 1977",NA,NA,NA,DD,Maghreb Mouse-eared Bat
4512,44915,ANIMALIA,CHORDATA,MAMMALIA,RODENTIA,GLIRIDAE,Graphiurus,Graphiurus angolensis,"de Winton, 1897",NA,NA,NA,DD,Angolan African Dormouse
4513,44916,ANIMALIA,CHORDATA,MAMMALIA,RODENTIA,GLIRIDAE,Graphiurus,Graphiurus nagtglasii,"Jentink, 1888",NA,NA,NA,LC,NA
4514,44917,ANIMALIA,CHORDATA,MAMMALIA,CHIROPTERA,VESPERTILIONIDAE,Neoromicia,Neoromicia brunnea,"(Thomas, 1880)",NA,NA,NA,NT,Dark-brown Serotine
4515,44918,ANIMALIA,CHORDATA,MAMMALIA,CHIROPTERA,VESPERTILIONIDAE,Neoromicia,Neoromicia capensis,"(A. Smith, 1829)",NA,NA,NA,LC,Cape Bat
4516,44919,ANIMALIA,CHORDATA,MAMMALIA,CHIROPTERA,VESPERTILIONIDAE,Neoromicia,Neoromicia flavescens,"(Seabra, 1900)",NA,NA,NA,DD,Yellow Pipistrelle Bat
4517,44920,ANIMALIA,CHORDATA,MAMMALIA,CHIROPTERA,VESPERTILIONIDAE,Neoromicia,Neoromicia guineensis,"(Bocage, 1889)",NA,NA,NA,LC,Guinean Pipistrelle Bat
4518,44921,ANIMALIA,CHORDATA,MAMMALIA,CHIROPTERA,VESPERTILIONIDAE,Neoromicia,Neoromicia helios,"(Heller, 1912)",NA,NA,NA,DD,Samburu Pipistrelle Bat
4519,44922,ANIMALIA,CHORDATA,MAMMALIA,CHIROPTERA,VESPERTILIONIDAE,Neoromicia,Neoromicia melckorum,"(Roberts, 1919)",NA,NA,NA,DD,Melck's Pipistrelle Bat
4520,44923,ANIMALIA,CHORDATA,MAMMALIA,CHIROPTERA,VESPERTILIONIDAE,Neoromicia,Neoromicia nana,"(Peters, 1852)",NA,NA,NA,LC,Banana Pipistrelle Bat
4521,44924,ANIMALIA,CHORDATA,MAMMALIA,CHIROPTERA,VESPERTILIONIDAE,Neoromicia,Neoromicia rendalli,"(Thomas, 1889)",NA,NA,NA,LC,Rendall's Serotine
4522,44925,ANIMALIA,CHORDATA,MAMMALIA,CHIROPTERA,VESPERTILIONIDAE,Neoromicia,Neoromicia somalica,"(Thomas, 1901)",NA,NA,NA,LC,Somali Serotine
4523,44926,ANIMALIA,CHORDATA,MAMMALIA,CHIROPTERA,VESPERTILIONIDAE,Neoromicia,Neoromicia tenuipinnis,"(Peters, 1872)",NA,NA,NA,LC,Slenderwinged Pipistrelle Bat
4524,44927,ANIMALIA,CHORDATA,MAMMALIA,CHIROPTERA,VESPERTILIONIDAE,Neoromicia,Neoromicia zuluensis,"(Roberts, 1924)",NA,NA,NA,LC,Zulu Pipistrelle Bat
4525,44928,ANIMALIA,CHORDATA,MAMMALIA,RODENTIA,GLIRIDAE,Graphiurus,Graphiurus johnstoni,"(Thomas, 1898)",NA,NA,NA,DD,NA
4526,44930,ANIMALIA,CHORDATA,MAMMALIA,CHIROPTERA,VESPERTILIONIDAE,Plecotus,Plecotus balensis,"Kruskop &amp; Lavrenchenko, 2000",NA,NA,NA,DD,Ethiopian Big-eared Bat
4527,44931,ANIMALIA,CHORDATA,MAMMALIA,CHIROPTERA,VESPERTILIONIDAE,Plecotus,Plecotus christii,"Gray, 1838",NA,NA,NA,DD,NA
4528,44934,ANIMALIA,CHORDATA,MAMMALIA,CHIROPTERA,VESPERTILIONIDAE,Scotophilus,Scotophilus nucella,"Robbins, 1983",NA,NA,NA,DD,Robbins's House Bat
4529,44935,ANIMALIA,CHORDATA,MAMMALIA,EULIPOTYPHLA,SORICIDAE,Congosorex,Congosorex verheyeni,"Hutterer, Barriere &amp; Colyn, 2002",NA,NA,NA,LC,Lesser Congo Shrew
4530,44936,ANIMALIA,CHORDATA,MAMMALIA,RODENTIA,MURIDAE,Acomys,Acomys airensis,"Thomas &amp; Hinton, 1921",NA,NA,NA,LC,Western Saharan Spiny Mouse
4531,44938,ANIMALIA,CHORDATA,MAMMALIA,RODENTIA,MURIDAE,Acomys,Acomys johannis,"Thomas, 1912",NA,NA,NA,LC,Johan’s Spiny Mouse
4532,44939,ANIMALIA,CHORDATA,MAMMALIA,RODENTIA,MURIDAE,Acomys,Acomys seurati,"Heim de Balsac, 1936",NA,NA,NA,LC,Seurat’s Spiny Mouse
4533,44990,ANIMALIA,CHORDATA,MAMMALIA,RODENTIA,MURIDAE,Aethomys,Aethomys ineptus,"(Thomas & Wroughton, 1908)",NA,NA,NA,LC,Tete Veld Aethomys
4534,44991,ANIMALIA,CHORDATA,MAMMALIA,RODENTIA,MURIDAE,Arvicanthis,Arvicanthis ansorgei,"Thomas, 1910",NA,NA,NA,LC,Sudanian Arvicanthis
4535,44992,ANIMALIA,CHORDATA,MAMMALIA,RODENTIA,MURIDAE,Arvicanthis,Arvicanthis rufinus,"(Temminck, 1853)",NA,NA,NA,LC,Guinean Arvicanthis
4536,45047,ANIMALIA,CHORDATA,MAMMALIA,EULIPOTYPHLA,SORICIDAE,Myosorex,Myosorex kihaulei,"Stanley &amp; Hutterer, 2000",NA,NA,NA,EN,Kihaule's Mouse Shrew
4537,45048,ANIMALIA,CHORDATA,MAMMALIA,EULIPOTYPHLA,SORICIDAE,Myosorex,Myosorex zinki,"Heim de Balsac &amp; Lamotte, 1956",NA,NA,NA,LC,Kilimanjaro Mouse Shrew
4538,45049,ANIMALIA,CHORDATA,MAMMALIA,EULIPOTYPHLA,SORICIDAE,Sylvisorex,Sylvisorex pluvialis,"Hutterer &amp; Schlitter, 1996",NA,NA,NA,DD,Rain Forest Shrew
4539,45050,ANIMALIA,CHORDATA,MAMMALIA,EULIPOTYPHLA,SORICIDAE,Sylvisorex,Sylvisorex konganensis,"Ray &amp; Hutterer, 1996",NA,NA,NA,DD,Kongana Shrew
4540,45051,ANIMALIA,CHORDATA,MAMMALIA,EULIPOTYPHLA,SORICIDAE,Sylvisorex,Sylvisorex camerunensis,"Heim de Balsac, 1968",NA,NA,NA,VU,NA
4541,45052,ANIMALIA,CHORDATA,MAMMALIA,RODENTIA,MURIDAE,Desmomys,Desmomys yaldeni,"Lavrenchenko, 2003",NA,NA,NA,VU,Yalden's Desmomys
4542,45053,ANIMALIA,CHORDATA,MAMMALIA,RODENTIA,MURIDAE,Gerbillus,Gerbillus rupicola,"Granjon, Aniskin, Volobouev &amp; Sicard, 2002",NA,NA,NA,LC,Rupicolous Gerbil
4543,45054,ANIMALIA,CHORDATA,MAMMALIA,RODENTIA,MURIDAE,Hylomyscus,Hylomyscus grandis,"Eisentraut, 1969",NA,NA,NA,EN,Mt Oku Hylomyscus
4544,45055,ANIMALIA,CHORDATA,MAMMALIA,RODENTIA,MURIDAE,Lophuromys,Lophuromys roseveari,"Verheyen, Huselmans, Colyn &amp; Hutterer, 1997",NA,NA,NA,LC,Mount Cameroon Brush-furred Rat
4545,45056,ANIMALIA,CHORDATA,MAMMALIA,RODENTIA,MURIDAE,Lophuromys,Lophuromys dieterleni,"Verheyen, Huselmans, Colyn &amp; Hutterer, 1997",NA,NA,NA,EN,Dieterlen's Brush-furred Mouse
4546,45057,ANIMALIA,CHORDATA,MAMMALIA,RODENTIA,MURIDAE,Lophuromys,Lophuromys chrysopus,"Osgood, 1936",NA,NA,NA,LC,Ethiopian Forest Brush-furred Rat
4547,45058,ANIMALIA,CHORDATA,MAMMALIA,RODENTIA,MURIDAE,Lophuromys,Lophuromys brevicaudus,"Osgood, 1936",NA,NA,NA,NT,Short-tailed Brush-furred Rat
4548,45059,ANIMALIA,CHORDATA,MAMMALIA,RODENTIA,MURIDAE,Lophuromys,Lophuromys huttereri,"Verheyen, Colyn &amp; Hulselmans, 1996",NA,NA,NA,LC,Hutterer's Brush-furred Mouse
4549,45060,ANIMALIA,CHORDATA,MAMMALIA,RODENTIA,MURIDAE,Mastomys,Mastomys awashensis,"Lavrenchenko, Likhnova &amp; Baskevich, 1998",NA,NA,NA,LC,Awash Multimammate Mouse
4550,45061,ANIMALIA,CHORDATA,MAMMALIA,RODENTIA,MURIDAE,Mastomys,Mastomys huberti,"(Wroughton, 1909)",NA,NA,NA,LC,Hubert's Mastomys
4551,45063,ANIMALIA,CHORDATA,MAMMALIA,RODENTIA,MURIDAE,Otomys,Otomys dartmouthi,"Thomas, 1906",NA,NA,NA,DD,Ruwenzori Vlei Rat
4552,45064,ANIMALIA,CHORDATA,MAMMALIA,RODENTIA,MURIDAE,Otomys,Otomys jacksoni,"Thomas, 1891",NA,NA,NA,NT,Mount Elgon Vlei Rat
4553,45065,ANIMALIA,CHORDATA,MAMMALIA,RODENTIA,MURIDAE,Otomys,Otomys cuanzensis,"Hill &amp; Carter, 1937",NA,NA,NA,LC,Cuanza Vlei Rat
4554,45067,ANIMALIA,CHORDATA,MAMMALIA,RODENTIA,MURIDAE,Otomys,Otomys lacustris,"G.M. Allen &amp; Loveridge, 1933",NA,NA,NA,LC,Tanzanian Vlei Rat
4555,45068,ANIMALIA,CHORDATA,MAMMALIA,RODENTIA,MURIDAE,Otomys,Otomys uzungwensis,"Lawrence &amp; Loveridge, 1953",NA,NA,NA,NT,Uzungwe Vlei Rat
4556,45069,ANIMALIA,CHORDATA,MAMMALIA,RODENTIA,MURIDAE,Otomys,Otomys barbouri,"Lawrence &amp; Loveridge, 1953",NA,NA,NA,EN,Barbour’s Vlei Rat
4557,45071,ANIMALIA,CHORDATA,MAMMALIA,RODENTIA,MURIDAE,Otomys,Otomys burtoni,"Thomas, 1918",NA,NA,NA,EN,Burton’s Vlei Rat
4558,45072,ANIMALIA,CHORDATA,MAMMALIA,RODENTIA,MURIDAE,Praomys,Praomys petteri,"Van der Straeten, Lecompte &amp; Denys, 2003",NA,NA,NA,LC,Petter's Praomys
4559,45076,ANIMALIA,CHORDATA,MAMMALIA,RODENTIA,MURIDAE,Gerbilliscus,Gerbilliscus gambiana,"(Thomas, 1910)",NA,NA,NA,LC,NA
4560,45077,ANIMALIA,CHORDATA,MAMMALIA,RODENTIA,MURIDAE,Taterillus,Taterillus tranieri,"Dobigny, Granjon, Aniskin, Ba &amp; Volobouev, 2003",NA,NA,NA,LC,Tranieri’s Tateril
4561,45078,ANIMALIA,CHORDATA,MAMMALIA,RODENTIA,MURIDAE,Thamnomys,Thamnomys schoutedeni,"Hatt, 1934",NA,NA,NA,DD,Schouteden's Thicket Rat
4562,45088,ANIMALIA,CHORDATA,MAMMALIA,RODENTIA,MURIDAE,Gerbillus,Gerbillus campestris,"(Loche, 1867)",NA,NA,NA,LC,North African Gerbil
4563,45089,ANIMALIA,CHORDATA,MAMMALIA,RODENTIA,MURIDAE,Praomys,Praomys lukolelae,"(Hatt, 1934)",NA,NA,NA,LC,Lukolela Swamp Rat
4564,45090,ANIMALIA,CHORDATA,MAMMALIA,RODENTIA,MURIDAE,Praomys,Praomys verschureni,"(Verheyen &amp; Van der Straeten, 1977)",NA,NA,NA,DD,Verschuren's Soft-furred Mouse
4565,45091,ANIMALIA,CHORDATA,MAMMALIA,RODENTIA,MURIDAE,Myomyscus,Myomyscus angolensis,"Bocage, 1890",NA,NA,NA,LC,Angolan Multimammate Mouse
4566,45092,ANIMALIA,CHORDATA,MAMMALIA,RODENTIA,MURIDAE,Mastomys,Mastomys kollmannspergeri,"(Petter, 1957)",NA,NA,NA,LC,Kollmannsperger's Mastomys
4567,45093,ANIMALIA,CHORDATA,MAMMALIA,RODENTIA,MURIDAE,Stenocephalemys,Stenocephalemys albipes,"(Rüppell, 1842)",NA,NA,NA,LC,White-footed Stenocephalemys
4568,45094,ANIMALIA,CHORDATA,MAMMALIA,RODENTIA,MURIDAE,Praomys,Praomys daltoni,"(Thomas, 1892)",NA,NA,NA,LC,Dalton's Praomys
4569,45095,ANIMALIA,CHORDATA,MAMMALIA,RODENTIA,MURIDAE,Praomys,Praomys derooi,"Van der Straeten &amp; Verheyen, 1978",NA,NA,NA,LC,Deroo's Praomys
4570,45096,ANIMALIA,CHORDATA,MAMMALIA,RODENTIA,MURIDAE,Stenocephalemys,Stenocephalemys ruppi,"(Van der Straeten &amp; Dieterlen, 1983)",NA,NA,NA,DD,Rupp's Mouse
4571,45097,ANIMALIA,CHORDATA,MAMMALIA,RODENTIA,MURIDAE,Myomyscus,Myomyscus verreauxii,"(Smith, 1834)",NA,NA,NA,LC,Verreaux's Mouse
4572,45199,ANIMALIA,CHORDATA,MAMMALIA,RODENTIA,MURIDAE,Mylomys,Mylomys rex,"(Thomas, 1906)",NA,NA,NA,DD,Ethiopian Mylomys
4573,45200,ANIMALIA,CHORDATA,MAMMALIA,RODENTIA,MURIDAE,Myomyscus,Myomyscus brockmani,"(Thomas, 1908)",NA,NA,NA,LC,Brockman's Myomyscus
4574,61442,ANIMALIA,CHORDATA,MAMMALIA,ARTIODACTYLA,MONODONTIDAE,Delphinapterus,Delphinapterus leucas,"(Pallas, 1776)",NA,NA,Cook Inlet subpopulation,CR,Beluga
4575,61924,ANIMALIA,CHORDATA,MAMMALIA,CINGULATA,DASYPODIDAE,Dasypus,Dasypus yepesi,"Vizcaíno, 1995",NA,NA,NA,DD,Yungas Lesser Long-Nosed Armadillo
4576,61925,ANIMALIA,CHORDATA,MAMMALIA,PILOSA,BRADYPODIDAE,Bradypus,Bradypus pygmaeus,"Anderson &amp; Handley, 2001",NA,NA,NA,CR,Pygmy Three-toed Sloth
4577,62006,ANIMALIA,CHORDATA,MAMMALIA,AFROSORICIDA,CHRYSOCHLORIDAE,Amblysomus,Amblysomus corriae,"Thomas, 1905",NA,NA,NA,NT,Fynbos Golden Mole
4578,62007,ANIMALIA,CHORDATA,MAMMALIA,AFROSORICIDA,CHRYSOCHLORIDAE,Amblysomus,Amblysomus marleyi,"Roberts, 1931",NA,NA,NA,EN,Marley's Golden Mole
4579,62008,ANIMALIA,CHORDATA,MAMMALIA,AFROSORICIDA,CHRYSOCHLORIDAE,Amblysomus,Amblysomus robustus,"Bronner, 2000",NA,NA,NA,VU,Robust Golden Mole
4580,62009,ANIMALIA,CHORDATA,MAMMALIA,AFROSORICIDA,CHRYSOCHLORIDAE,Amblysomus,Amblysomus septentrionalis,"Roberts, 1913",NA,NA,NA,NT,Highveld Golden Mole
4581,62010,ANIMALIA,CHORDATA,MAMMALIA,AFROSORICIDA,CHRYSOCHLORIDAE,Neamblysomus,Neamblysomus julianae,"(Meester, 1972)",NA,NA,Bronberg Ridge subpopulation,CR,Juliana's Golden Mole
4582,62011,ANIMALIA,CHORDATA,MAMMALIA,AFROSORICIDA,TENRECIDAE,Hemicentetes,Hemicentetes nigriceps,"Günther, 1875",NA,NA,NA,LC,Highland Streaked Tenrec
4583,62012,ANIMALIA,CHORDATA,MAMMALIA,AFROSORICIDA,TENRECIDAE,Microgale,Microgale drouhardi,"G. Grandidier, 1934",NA,NA,NA,LC,Drouhard's Shrew Tenrec
4584,62013,ANIMALIA,CHORDATA,MAMMALIA,AFROSORICIDA,TENRECIDAE,Microgale,Microgale fotsifotsy,"Jenkins, Raxworthy &amp; Nussbaum, 1997",NA,NA,NA,LC,Pale Shrew Tenrec
4585,62014,ANIMALIA,CHORDATA,MAMMALIA,AFROSORICIDA,TENRECIDAE,Microgale,Microgale gymnorhyncha,"Jenkins, Goodman &amp; Raxworthy, 1996",NA,NA,NA,LC,Naked-nosed Shrew Tenrec
4586,62015,ANIMALIA,CHORDATA,MAMMALIA,AFROSORICIDA,TENRECIDAE,Microgale,Microgale jenkinsae,"Goodman &amp; Soarimalala, 2004",NA,NA,NA,EN,Jenkins' Shrew Tenrec
4587,62016,ANIMALIA,CHORDATA,MAMMALIA,AFROSORICIDA,TENRECIDAE,Microgale,Microgale majori,"Thomas, 1918",NA,NA,NA,LC,Major's Long-tailed Tenrec
4588,62017,ANIMALIA,CHORDATA,MAMMALIA,AFROSORICIDA,TENRECIDAE,Microgale,Microgale nasoloi,"Jenkins &amp; Goodman, 1999",NA,NA,NA,VU,Nasolo's Shrew Tenrec
4589,62018,ANIMALIA,CHORDATA,MAMMALIA,AFROSORICIDA,TENRECIDAE,Microgale,Microgale soricoides,"Jenkins, 1993",NA,NA,NA,LC,Shrew-toothed Shrew Tenrec
4590,62019,ANIMALIA,CHORDATA,MAMMALIA,AFROSORICIDA,TENRECIDAE,Microgale,Microgale taiva,"Major, 1896",NA,NA,NA,LC,Taiva Shrew Tenrec
4591,63541,ANIMALIA,CHORDATA,MAMMALIA,ARTIODACTYLA,BOVIDAE,Nanger,Nanger soemmerringii,"(Cretzschmar, 1826)",NA,NA,NA,VU,Soemmerring's Gazelle
4592,63543,ANIMALIA,CHORDATA,MAMMALIA,ARTIODACTYLA,CAMELIDAE,Camelus,Camelus ferus,"Przewalski, 1878",NA,NA,NA,CR,Wild Camel
4593,132832,ANIMALIA,CHORDATA,MAMMALIA,ARTIODACTYLA,BALAENOPTERIDAE,Megaptera,Megaptera novaeangliae,"(Borowski, 1781)",NA,NA,Oceania subpopulation,EN,Humpback Whale
4594,132835,ANIMALIA,CHORDATA,MAMMALIA,ARTIODACTYLA,BALAENOPTERIDAE,Megaptera,Megaptera novaeangliae,"(Borowski, 1781)",NA,NA,Arabian Sea subpopulation,EN,Humpback Whale
4595,133704,ANIMALIA,CHORDATA,MAMMALIA,ARTIODACTYLA,BALAENIDAE,Eubalaena,Eubalaena australis,"(Desmoulins, 1822)",NA,NA,Chile-Peru subpopulation,CR,Southern Right Whale Chile-Peru Subpopulation
4596,133706,ANIMALIA,CHORDATA,MAMMALIA,ARTIODACTYLA,BALAENIDAE,Eubalaena,Eubalaena japonica,"(Lacépède, 1818)",NA,NA,Northeast Pacific subpopulation,CR,North Pacific Right Whale Northeast Pacific Subpopulation
4597,135161,ANIMALIA,CHORDATA,MAMMALIA,RODENTIA,CRICETIDAE,Sooretamys,Sooretamys angouya,"(Fischer, 1814)",NA,NA,NA,LC,NA
4598,135164,ANIMALIA,CHORDATA,MAMMALIA,RODENTIA,CRICETIDAE,Peromyscus,Peromyscus keeni,"(Rhoades, 1894)",NA,NA,NA,LC,Northwestern Deermouse
4599,135429,ANIMALIA,CHORDATA,MAMMALIA,PRIMATES,CALLITRICHIDAE,Saguinus,Saguinus melanoleucus,"(Miranda Ribeiro, 1912)",NA,NA,NA,LC,White/crandall's Saddleback Tamarin
4600,135446,ANIMALIA,CHORDATA,MAMMALIA,PRIMATES,ATELIDAE,Ateles,Ateles fusciceps,"Gray, 1866",NA,NA,NA,EN,Brown-headed Spider Monkey
4601,135458,ANIMALIA,CHORDATA,MAMMALIA,EULIPOTYPHLA,TALPIDAE,Talpa,Talpa davidiana,"(Milne-Edwards, 1884)",NA,NA,NA,DD,Père David's Mole
4602,135485,ANIMALIA,CHORDATA,MAMMALIA,CHIROPTERA,HIPPOSIDERIDAE,Macronycteris,Macronycteris vittatus,"Peters, 1852",NA,NA,NA,NT,Striped Leaf-nosed Bat
4603,135724,ANIMALIA,CHORDATA,MAMMALIA,RODENTIA,MURIDAE,Apodemus,Apodemus witherbyi,"(Thomas, 1902)",NA,NA,NA,LC,Steppe Field Mouse
4604,135725,ANIMALIA,CHORDATA,MAMMALIA,RODENTIA,MURIDAE,Mus,Mus musculoides,"Temminck, 1853",NA,NA,NA,LC,NA
4605,136192,ANIMALIA,CHORDATA,MAMMALIA,CHIROPTERA,HIPPOSIDERIDAE,Hipposideros,Hipposideros orbiculus,"Francis, Kock &amp; Habersetzer, 1999",NA,NA,NA,VU,Orbiculus Leaf-nosed Bat
4606,136193,ANIMALIA,CHORDATA,MAMMALIA,EULIPOTYPHLA,ERINACEIDAE,Hylomys,Hylomys megalotis,"Jenkins &amp; M.F. Robinson, 2002",NA,NA,NA,DD,Long-eared Gymnure
4607,136195,ANIMALIA,CHORDATA,MAMMALIA,RODENTIA,CRICETIDAE,Rhipidomys,Rhipidomys emiliae,"(J.A. Allen, 1916)",NA,NA,NA,LC,NA
4608,136196,ANIMALIA,CHORDATA,MAMMALIA,RODENTIA,CRICETIDAE,Eothenomys,Eothenomys wardi,"(Thomas, 1912)",NA,NA,NA,NT,Ward's Red-backed Vole
4609,136197,ANIMALIA,CHORDATA,MAMMALIA,RODENTIA,CRICETIDAE,Akodon,Akodon montensis,"Thomas, 1913",NA,NA,NA,LC,Montane Akodont
4610,136198,ANIMALIA,CHORDATA,MAMMALIA,RODENTIA,CRICETIDAE,Brucepattersonius,Brucepattersonius paradisus,"Mares &amp; Braun, 2000",NA,NA,NA,DD,Arroyo of Paradise Akodont
4611,136200,ANIMALIA,CHORDATA,MAMMALIA,DIPROTODONTIA,PHALANGERIDAE,Phalanger,Phalanger matabiru,"Flannery &amp; Boeadi, 1995",NA,NA,NA,VU,Blue-eyed Cuscus
4612,136201,ANIMALIA,CHORDATA,MAMMALIA,CHIROPTERA,MOLOSSIDAE,Austronomus,Austronomus kuboriensis,"(McKean &amp; Calaby, 1968)",NA,NA,NA,LC,New Guinea Free-tailed Bat
4613,136202,ANIMALIA,CHORDATA,MAMMALIA,DIDELPHIMORPHIA,DIDELPHIDAE,Philander,Philander mondolfii,"Lew, Pérez-Hernández &amp; Ventura, 2006",NA,NA,NA,LC,Mondolfi's Four-eyed Opossum 
4614,136203,ANIMALIA,CHORDATA,MAMMALIA,CHIROPTERA,PHYLLOSTOMIDAE,Platyrrhinus,Platyrrhinus albericoi,"Velazco, 2005",NA,NA,NA,LC,NA
4615,136204,ANIMALIA,CHORDATA,MAMMALIA,CHIROPTERA,VESPERTILIONIDAE,Myotis,Myotis dinellii,"I. Geoffroy, 1824",NA,NA,NA,LC,NA
4616,136205,ANIMALIA,CHORDATA,MAMMALIA,RODENTIA,CRICETIDAE,Oxymycterus,Oxymycterus amazonicus,"Hershkovitz, 1994",NA,NA,NA,LC,NA
4617,136206,ANIMALIA,CHORDATA,MAMMALIA,PRIMATES,CHEIROGALEIDAE,Microcebus,Microcebus mamiratra,"Andriantompohavana, Zaonarivelo, Engberg, Randriamampionona, McGuire, Shore, Rakotonomenjanahary, Brenneman &amp; Louis Jr., 2006",NA,NA,NA,EN,Claire's Mouse Lemur
4618,136207,ANIMALIA,CHORDATA,MAMMALIA,CHIROPTERA,PHYLLOSTOMIDAE,Micronycteris,Micronycteris matses,"Simmons, Voss &amp; Fleck, 2002",NA,NA,NA,DD,NA
4619,136208,ANIMALIA,CHORDATA,MAMMALIA,PRIMATES,CERCOPITHECIDAE,Chlorocebus,Chlorocebus tantalus,"(Ogilby, 1841)",NA,NA,NA,LC,Tantalus Monkey
4620,136209,ANIMALIA,CHORDATA,MAMMALIA,CHIROPTERA,VESPERTILIONIDAE,Pipistrellus,Pipistrellus hanaki,"Hulva &amp; Benda, 2004",NA,NA,NA,VU,Hanák's Pipistrelle
4621,136210,ANIMALIA,CHORDATA,MAMMALIA,RODENTIA,CRICETIDAE,Rhipidomys,Rhipidomys modicus,"Thomas, 1926",NA,NA,NA,LC,Peruvian Rhipidomys
4622,136211,ANIMALIA,CHORDATA,MAMMALIA,PRIMATES,AOTIDAE,Aotus,Aotus jorgehernandezi,"Defler &amp; Bueno, 2007",NA,NA,NA,DD,Hernández-Camacho’s Night Monkey
4623,136212,ANIMALIA,CHORDATA,MAMMALIA,PRIMATES,GALAGIDAE,Paragalago,Paragalago cocos,"(Heller, 1912)",NA,NA,NA,LC,Kenya Coast Galago
4624,136214,ANIMALIA,CHORDATA,MAMMALIA,PRIMATES,GALAGIDAE,Sciurocheirus,Sciurocheirus gabonensis,"(Gray, 1863)",NA,NA,NA,LC,Gabon Squirrel Galago
4625,136215,ANIMALIA,CHORDATA,MAMMALIA,RODENTIA,GEOMYIDAE,Cratogeomys,Cratogeomys fulvescens,"Merriam, 1895",NA,NA,NA,LC,Oriental Basin Pocket Gopher
4626,136216,ANIMALIA,CHORDATA,MAMMALIA,RODENTIA,CRICETIDAE,Microtus,Microtus paradoxus,"(Ognev &amp; Heptner, 1928)",NA,NA,NA,LC,Kopetdag Pine Vole
4627,136217,ANIMALIA,CHORDATA,MAMMALIA,CHIROPTERA,VESPERTILIONIDAE,Lasiurus,Lasiurus pfeifferi,"(Gundlach, 1861)",NA,NA,NA,NT,Pfeiffer's Red Bat
4628,136218,ANIMALIA,CHORDATA,MAMMALIA,DIPROTODONTIA,PHALANGERIDAE,Ailurops,Ailurops melanotis,"(Thomas, 1898)",NA,NA,NA,CR,Talaud Bear Cuscus
4629,136219,ANIMALIA,CHORDATA,MAMMALIA,CHIROPTERA,VESPERTILIONIDAE,Myotis,Myotis bucharensis,"Kuzyakin, 1950",NA,NA,NA,DD,Bokhara Whiskered Bat
4630,136220,ANIMALIA,CHORDATA,MAMMALIA,CHIROPTERA,VESPERTILIONIDAE,Rhogeessa,Rhogeessa hussoni,"Genoways &amp; Baker, 1996",NA,NA,NA,DD,Husson's Yellow Bat
4631,136221,ANIMALIA,CHORDATA,MAMMALIA,RODENTIA,ECHIMYIDAE,Trinomys,Trinomys gratiosus,"(Moojen, 1948)",NA,NA,NA,LC,NA
4632,136222,ANIMALIA,CHORDATA,MAMMALIA,RODENTIA,CAVIIDAE,Kerodon,Kerodon acrobata,"Moojen, Locks &amp; Langguth, 1997",NA,NA,NA,DD,NA
4633,136223,ANIMALIA,CHORDATA,MAMMALIA,CARNIVORA,VIVERRIDAE,Genetta,Genetta bourloni,"Gaubert, 2003",NA,NA,NA,VU,Bourlon's Genet
4634,136224,ANIMALIA,CHORDATA,MAMMALIA,EULIPOTYPHLA,SORICIDAE,Suncus,Suncus aequatorius,"Heller, 1912",NA,NA,NA,EN,Taita Dwarf Shrew
4635,136226,ANIMALIA,CHORDATA,MAMMALIA,EULIPOTYPHLA,SORICIDAE,Crocidura,Crocidura hilliana,"Jenkins &amp; Smith, 1995",NA,NA,NA,DD,Hill's Shrew
4636,136227,ANIMALIA,CHORDATA,MAMMALIA,DIDELPHIMORPHIA,DIDELPHIDAE,Philander,Philander deltae,"Lew, Pérez-Hernández &amp; Ventura, 2006",NA,NA,NA,LC,Deltaic Four-eyed Opossum 
4637,136228,ANIMALIA,CHORDATA,MAMMALIA,RODENTIA,CRICETIDAE,Salinomys,Salinomys delicatus,"Braun &amp; Mares, 1995",NA,NA,NA,DD,NA
4638,136229,ANIMALIA,CHORDATA,MAMMALIA,CHIROPTERA,VESPERTILIONIDAE,Plecotus,Plecotus macrobullaris,"Kuzjakin, 1965",NA,NA,NA,LC,Mountain Long-eared Bat
4639,136230,ANIMALIA,CHORDATA,MAMMALIA,RODENTIA,MURIDAE,Echiothrix,Echiothrix centrosa,"Miller &amp; Hollister, 1921",NA,NA,NA,NT,Central Sulawesi Echiothrix
4640,136231,ANIMALIA,CHORDATA,MAMMALIA,RODENTIA,SCIURIDAE,Spermophilus,Spermophilus pallidicauda,"(Satunin, 1903)",NA,NA,NA,LC,Pallid Ground Squirrel
4641,136232,ANIMALIA,CHORDATA,MAMMALIA,CHIROPTERA,PHYLLOSTOMIDAE,Platyrrhinus,Platyrrhinus ismaeli,"Velazco, 2005",NA,NA,NA,NT,NA
4642,136233,ANIMALIA,CHORDATA,MAMMALIA,CHIROPTERA,MINIOPTERIDAE,Miniopterus,Miniopterus paululus,"Hollister, 1913",NA,NA,NA,LC,Philippine Long-fingered Bat
4643,136234,ANIMALIA,CHORDATA,MAMMALIA,RODENTIA,CTENOMYIDAE,Ctenomys,Ctenomys dorbignyi,"Contreras &amp; Contreras, 1984",NA,NA,NA,NT,NA
4644,136236,ANIMALIA,CHORDATA,MAMMALIA,RODENTIA,CRICETIDAE,Neusticomys,Neusticomys ferreirai,"Percequillo, Carmignotto &amp; Silva, 2005",NA,NA,NA,DD,NA
4645,136237,ANIMALIA,CHORDATA,MAMMALIA,RODENTIA,CRICETIDAE,Microtus,Microtus anatolicus,"Kryštufek &amp; Kefioğlu, 2002",NA,NA,NA,DD,Anatolian Vole
4646,136238,ANIMALIA,CHORDATA,MAMMALIA,EULIPOTYPHLA,SORICIDAE,Crocidura,Crocidura tanakae,"Kuroda, 1938",NA,NA,NA,LC,Taiwanese Gray Shrew
4647,136239,ANIMALIA,CHORDATA,MAMMALIA,CHIROPTERA,PHYLLOSTOMIDAE,Anoura,Anoura fistulata,"Muchhala, Mena-Valenzuela &amp; Albuja, 2005",NA,NA,NA,DD,Tube-lipped Tailless Bat
4648,136240,ANIMALIA,CHORDATA,MAMMALIA,CHIROPTERA,VESPERTILIONIDAE,Kerivoula,Kerivoula kachinensis,"Bates, Struebig, Rossiter, Kingston, Sia Sein Lein Oo &amp; Khin Mya Mya, 2004",NA,NA,NA,LC,Kachin Woolly Bat
4649,136242,ANIMALIA,CHORDATA,MAMMALIA,CARNIVORA,MUSTELIDAE,Meles,Meles anakuma,"Temminck, 1844",NA,NA,NA,LC,Japanese Badger
4650,136243,ANIMALIA,CHORDATA,MAMMALIA,DIDELPHIMORPHIA,DIDELPHIDAE,Thylamys,Thylamys tatei,"(Handley, 1957)",NA,NA,NA,DD,NA
4651,136244,ANIMALIA,CHORDATA,MAMMALIA,DIDELPHIMORPHIA,DIDELPHIDAE,Marmosa,Marmosa phaea,"O. Thomas, 1899",NA,NA,NA,VU,Little Woolly Mouse Opossum 
4652,136245,ANIMALIA,CHORDATA,MAMMALIA,RODENTIA,ECHIMYIDAE,Thrichomys,Thrichomys pachyurus,"(Wagner, 1845)",NA,NA,NA,LC,NA
4653,136247,ANIMALIA,CHORDATA,MAMMALIA,CHIROPTERA,PHYLLOSTOMIDAE,Erophylla,Erophylla bombifrons,"(Miller, 1899)",NA,NA,NA,LC,Brown Flower Bat
4654,136248,ANIMALIA,CHORDATA,MAMMALIA,CHIROPTERA,RHINOLOPHIDAE,Rhinolophus,Rhinolophus montanus,"Goodwin, 1979",NA,NA,NA,EN,Timorese Horseshoe Bat
4655,136249,ANIMALIA,CHORDATA,MAMMALIA,RODENTIA,GEOMYIDAE,Cratogeomys,Cratogeomys planiceps,"(Merriam, 1895)",NA,NA,NA,LC,Volcán De Toluca Pocket Gopher
4656,136250,ANIMALIA,CHORDATA,MAMMALIA,CHIROPTERA,VESPERTILIONIDAE,Myotis,Myotis davidii,"Peters, 1869",NA,NA,NA,LC,David's Myotis
4657,136251,ANIMALIA,CHORDATA,MAMMALIA,RODENTIA,NESOMYIDAE,Eliurus,Eliurus danieli,"Carleton &amp; Goodman, 2007",NA,NA,NA,LC,Daniel's Tuft-tailed Rat
4658,136252,ANIMALIA,CHORDATA,MAMMALIA,RODENTIA,CALOMYSCIDAE,Calomyscus,Calomyscus grandis,"Schlitter &amp; Setzer, 1973",NA,NA,NA,DD,Noble Calomyscus
4659,136253,ANIMALIA,CHORDATA,MAMMALIA,PRIMATES,CEBIDAE,Sapajus,Sapajus flavius,"Schreber, 1774",NA,NA,NA,EN,Blonde Capuchin
4660,136254,ANIMALIA,CHORDATA,MAMMALIA,PRIMATES,LEPILEMURIDAE,Lepilemur,Lepilemur randrianasoloi,"Andriaholinirina, Fausser, Roos, Zinner, Thalmann, Rabarivola, Ravoarimanana, Ganzhorn, Meier, Hilgartner, Walter, Zaramody, Langer, Hahn, Zimmermann, Radespiel, Craul, Tomiuk, Tattersall &amp; Rumpler, 2017",NA,NA,NA,EN,Randrianasolo's Sportive Lemur
4661,136255,ANIMALIA,CHORDATA,MAMMALIA,DIPROTODONTIA,MACROPODIDAE,Thylogale,Thylogale lanatus,"Thomas, 1922",NA,NA,NA,EN,Mountain Pademelon
4662,136256,ANIMALIA,CHORDATA,MAMMALIA,DIPROTODONTIA,PHALANGERIDAE,Trichosurus,Trichosurus cunninghami,"Lindenmayer, Dubach &amp; Viggers, 2002",NA,NA,NA,LC,Mountain Brushtail Possum
4663,136257,ANIMALIA,CHORDATA,MAMMALIA,EULIPOTYPHLA,SORICIDAE,Anourosorex,Anourosorex yamashinai,"Kuroda, 1935",NA,NA,NA,LC,Taiwanese Mole Shrew
4664,136258,ANIMALIA,CHORDATA,MAMMALIA,RODENTIA,GEOMYIDAE,Geomys,Geomys knoxjonesi,"Baker &amp; Genoways, 1975",NA,NA,NA,LC,Knox Jones's Pocket Gopher
4665,136259,ANIMALIA,CHORDATA,MAMMALIA,EULIPOTYPHLA,SORICIDAE,Chodsigoa,Chodsigoa caovansunga,"Lunde, Musser &amp; Son, 2003",NA,NA,NA,DD,Van Sung's Shrew
4666,136260,ANIMALIA,CHORDATA,MAMMALIA,RODENTIA,CRICETIDAE,Akodon,Akodon mystax,"Hershkovitz, 1998",NA,NA,NA,DD,Caparaó Akodont
4667,136261,ANIMALIA,CHORDATA,MAMMALIA,RODENTIA,CRICETIDAE,Euneomys,Euneomys fossor,"(Thomas, 1899)",NA,NA,NA,DD,Burrowing Euneomys
4668,136262,ANIMALIA,CHORDATA,MAMMALIA,RODENTIA,SCIURIDAE,Hylopetes,Hylopetes platyurus,"(Jentink, 1890)",NA,NA,NA,DD,Jentink's Flying Squirrel
4669,136263,ANIMALIA,CHORDATA,MAMMALIA,PRIMATES,LEPILEMURIDAE,Lepilemur,Lepilemur fleuretae,"Louis Jr., Engberg, Lei, Geng, Sommer, Randriamampionona, Randriamanana, Zaonarivelo, Andriantompohavana, Randria, Prosper, Ramaromilanto, Rakotoarisoa, Rooney &amp; Brenneman, 2006",NA,NA,NA,EN,Madame Fleurette’s Sportive Lemur
4670,136264,ANIMALIA,CHORDATA,MAMMALIA,RODENTIA,MURIDAE,Bullimus,Bullimus gamay,"Rickart, Heaney &amp; Tabaranza Jr., 2002",NA,NA,NA,VU,Camiguin Bullimus
4671,136265,ANIMALIA,CHORDATA,MAMMALIA,PRIMATES,CERCOPITHECIDAE,Chlorocebus,Chlorocebus sabaeus,"(Linnaeus, 1766)",NA,NA,NA,LC,Green Monkey
4672,136266,ANIMALIA,CHORDATA,MAMMALIA,CHIROPTERA,PHYLLOSTOMIDAE,Gardnerycteris,Gardnerycteris koepckeae,"Gardner &amp; Patton, 1972",NA,NA,NA,DD,NA
4673,136267,ANIMALIA,CHORDATA,MAMMALIA,EULIPOTYPHLA,SORICIDAE,Cryptotis,Cryptotis medellinia,"Thomas, 1921",NA,NA,NA,LC,Medellín Small-eared Shrew
4674,136268,ANIMALIA,CHORDATA,MAMMALIA,CHIROPTERA,PHYLLOSTOMIDAE,Carollia,Carollia sowelli,"Baker, Solari &amp; Hoffmann, 2002",NA,NA,NA,LC,Sowell’s Short-tailed Bat
4675,136269,ANIMALIA,CHORDATA,MAMMALIA,PRIMATES,LEMURIDAE,Eulemur,Eulemur rufifrons,"(Bennett, 1833)",NA,NA,NA,VU,Red-fronted Brown Lemur
4676,136270,ANIMALIA,CHORDATA,MAMMALIA,EULIPOTYPHLA,SORICIDAE,Crocidura,Crocidura arispa,"Spitzenberger, 1971",NA,NA,NA,LC,Jackass Shrew
4677,136271,ANIMALIA,CHORDATA,MAMMALIA,PRIMATES,CERCOPITHECIDAE,Chlorocebus,Chlorocebus pygerythrus,"(F. Cuvier, 1821)",NA,NA,NA,LC,Vervet Monkey
4678,136273,ANIMALIA,CHORDATA,MAMMALIA,EULIPOTYPHLA,SORICIDAE,Notiosorex,Notiosorex evotis,"(Coues, 1877)",NA,NA,NA,LC,Large-eared Grey Shrew
4679,136274,ANIMALIA,CHORDATA,MAMMALIA,RODENTIA,ECHIMYIDAE,Phyllomys,Phyllomys mantiqueirensis,"Leite, 2003",NA,NA,NA,CR,Mantiqueira Atlantic Tree Rat
4680,136275,ANIMALIA,CHORDATA,MAMMALIA,RODENTIA,CRICETIDAE,Eothenomys,Eothenomys miletus,"(Thomas, 1914)",NA,NA,NA,LC,Yunnan Red-backed Vole
4681,136276,ANIMALIA,CHORDATA,MAMMALIA,RODENTIA,CRICETIDAE,Cerradomys,Cerradomys maracajuensis,"(Langguth &amp; Bonvicino, 2002)",NA,NA,NA,LC,Maracaju Rice Rat
4682,136277,ANIMALIA,CHORDATA,MAMMALIA,RODENTIA,CAVIIDAE,Hydrochoerus,Hydrochoerus isthmius,"Goldman, 1912",NA,NA,NA,DD,Lesser Capybara
4683,136278,ANIMALIA,CHORDATA,MAMMALIA,DIDELPHIMORPHIA,DIDELPHIDAE,Marmosops,Marmosops paulensis,"(Tate, 1931)",NA,NA,NA,LC,Brazilian Slender Opossum
4684,136279,ANIMALIA,CHORDATA,MAMMALIA,CHIROPTERA,VESPERTILIONIDAE,Myotis,Myotis annamiticus,"Kruskop &amp; Tsytsulina, 2001",NA,NA,NA,DD,Annamit Myotis
4685,136280,ANIMALIA,CHORDATA,MAMMALIA,RODENTIA,MURIDAE,Mus,Mus fragilicauda,"Auffray, Orth, Catalan, Gonzalez, Desmarais &amp; Bonhomme, 2003",NA,NA,NA,LC,Sheath-tailed Mouse
4686,136281,ANIMALIA,CHORDATA,MAMMALIA,RODENTIA,CTENOMYIDAE,Ctenomys,Ctenomys johannis,"Thomas, 1921",NA,NA,NA,DD,NA
4687,136282,ANIMALIA,CHORDATA,MAMMALIA,EULIPOTYPHLA,SORICIDAE,Sorex,Sorex rohweri,"Rausch, Feagin &amp; Rausch, 2007",NA,NA,NA,LC,Olympic Shrew
4688,136283,ANIMALIA,CHORDATA,MAMMALIA,RODENTIA,CRICETIDAE,Hylaeamys,Hylaeamys acritus,"(Emmons &amp; Patton, 2005)",NA,NA,NA,DD,NA
4689,136284,ANIMALIA,CHORDATA,MAMMALIA,RODENTIA,ECHIMYIDAE,Mesomys,Mesomys occultus,"Patton, da Silva &amp; Malcolm, 2000",NA,NA,NA,LC,Tufted-tailed Spiny Tree-rat
4690,136285,ANIMALIA,CHORDATA,MAMMALIA,PRIMATES,INDRIIDAE,Avahi,Avahi peyrierasi,"Zaramody, Fausser, Roos, Zinner, Andriaholinirina, Rabarivola, Norscia, Tattersall &amp; Rumpler, 2006",NA,NA,NA,VU,Peyrieras' Woolly Lemur
4691,136286,ANIMALIA,CHORDATA,MAMMALIA,RODENTIA,MURIDAE,Limnomys,Limnomys bryophilus,"Rickart, Heaney &amp; Tabaranza Jr., 2003",NA,NA,NA,LC,Gray-bellied Limnomys
4692,136287,ANIMALIA,CHORDATA,MAMMALIA,RODENTIA,CRICETIDAE,Punomys,Punomys kofordi,"Pacheco &amp; Patton, 1995",NA,NA,NA,NT,NA
4693,136289,ANIMALIA,CHORDATA,MAMMALIA,RODENTIA,CTENOMYIDAE,Ctenomys,Ctenomys pilarensis,"Contreras, 1993",NA,NA,NA,EN,Pilar Tuco-tuco
4694,136290,ANIMALIA,CHORDATA,MAMMALIA,ARTIODACTYLA,CERVIDAE,Mazama,Mazama temama,"(Kerr, 1792)",NA,NA,NA,DD,Central American Red Brocket
4695,136291,ANIMALIA,CHORDATA,MAMMALIA,PRIMATES,CERCOPITHECIDAE,Chlorocebus,Chlorocebus cynosuros,"(Scopoli, 1786)",NA,NA,NA,LC,Malbrouck Monkey
4696,136292,ANIMALIA,CHORDATA,MAMMALIA,CHIROPTERA,VESPERTILIONIDAE,Histiotus,Histiotus magellanicus,"(Philippi, 1866)",NA,NA,NA,LC,Southern Big-eared Brown Bat
4697,136293,ANIMALIA,CHORDATA,MAMMALIA,ARTIODACTYLA,CERVIDAE,Muntiacus,Muntiacus puhoatensis,"Trai in Binh Chau, 1997",NA,NA,NA,DD,Puhoat Muntjac
4698,136294,ANIMALIA,CHORDATA,MAMMALIA,PRIMATES,CALLITRICHIDAE,Mico,Mico melanurus,"(É. Geoffroy in Humboldt, 1812)",NA,NA,NA,NT,Black-tailed Marmoset
4699,136295,ANIMALIA,CHORDATA,MAMMALIA,RODENTIA,CTENOMYIDAE,Ctenomys,Ctenomys coyhaiquensis,"Kelt &amp; Gallardo, 1994",NA,NA,NA,DD,NA
4700,136296,ANIMALIA,CHORDATA,MAMMALIA,DIDELPHIMORPHIA,DIDELPHIDAE,Marmosops,Marmosops bishopi,"(Pine, 1981)",NA,NA,NA,LC,Bishop’s Slender Opossum
4701,136297,ANIMALIA,CHORDATA,MAMMALIA,ARTIODACTYLA,TRAGULIDAE,Tragulus,Tragulus kanchil,"(Raffles, 1821)",NA,NA,NA,LC,Lesser Oriental Chevrotain
4702,136298,ANIMALIA,CHORDATA,MAMMALIA,EULIPOTYPHLA,SORICIDAE,Chodsigoa,Chodsigoa parva,"G.M. Allen, 1923",NA,NA,NA,DD,Pygmy Brown-toothed Shrew
4703,136299,ANIMALIA,CHORDATA,MAMMALIA,EULIPOTYPHLA,SORICIDAE,Cryptotis,Cryptotis merus,"Goldman, 1912",NA,NA,NA,EN,Darien Small Eared Shrew
4704,136301,ANIMALIA,CHORDATA,MAMMALIA,ARTIODACTYLA,CERVIDAE,Mazama,Mazama bricenii,"Thomas, 1908",NA,NA,NA,VU,Mérida Brocket
4705,136302,ANIMALIA,CHORDATA,MAMMALIA,RODENTIA,ABROCOMIDAE,Abrocoma,Abrocoma uspallata,"Braun &amp; Mares, 2002",NA,NA,NA,DD,Uspallata Chinchilla Rat
4706,136303,ANIMALIA,CHORDATA,MAMMALIA,RODENTIA,CRICETIDAE,Lemmus,Lemmus portenkoi,"Tchernyavsky, 1967",NA,NA,NA,DD,NA
4707,136304,ANIMALIA,CHORDATA,MAMMALIA,RODENTIA,CRICETIDAE,Calomys,Calomys venustus,"(Thomas, 1894)",NA,NA,NA,LC,Córdoba Laucha
4708,136305,ANIMALIA,CHORDATA,MAMMALIA,RODENTIA,ECHIMYIDAE,Trinomys,Trinomys mirapitanga,"Lara, Patton &amp; Hingst-Zaher, 2002",NA,NA,NA,DD,NA
4709,136306,ANIMALIA,CHORDATA,MAMMALIA,CHIROPTERA,VESPERTILIONIDAE,Lasiurus,Lasiurus degelidus,"Miller, 1931",NA,NA,NA,VU,Jamaican Red Bat
4710,136308,ANIMALIA,CHORDATA,MAMMALIA,RODENTIA,CTENOMYIDAE,Ctenomys,Ctenomys coludo,"Thomas, 1920",NA,NA,NA,DD,NA
4711,136309,ANIMALIA,CHORDATA,MAMMALIA,MACROSCELIDEA,MACROSCELIDIDAE,Rhynchocyon,Rhynchocyon udzungwensis,"Rathbun &amp; Rovero, 2008",NA,NA,NA,VU,Grey-faced Sengi
4712,136310,ANIMALIA,CHORDATA,MAMMALIA,CHIROPTERA,MINIOPTERIDAE,Miniopterus,Miniopterus newtoni,"Bocage, 1889",NA,NA,NA,DD,NA
4713,136311,ANIMALIA,CHORDATA,MAMMALIA,PRIMATES,LEPILEMURIDAE,Lepilemur,Lepilemur wrightae,"Louis Jr., Engberg, Lei, Geng, Sommer, Randriamampionona, Randriamanana, Zaonarivelo, Andriantompohavana, Randria, Prosper, Ramaromilanto, Rakotoarisoa, Rooney &amp; Brenneman, 2006",NA,NA,NA,EN,Wright's Sportive Lemur
4714,136312,ANIMALIA,CHORDATA,MAMMALIA,RODENTIA,CRICETIDAE,Thomasomys,Thomasomys praetor,"(Thomas, 1900)",NA,NA,NA,NT,NA
4715,136313,ANIMALIA,CHORDATA,MAMMALIA,RODENTIA,SCIURIDAE,Dremomys,Dremomys gularis,"Osgood, 1932",NA,NA,NA,DD,Red-throated Squirrel
4716,136315,ANIMALIA,CHORDATA,MAMMALIA,ARTIODACTYLA,DELPHINIDAE,Orcaella,Orcaella heinsohni,"Beasley, Robertson &amp; Arnold, 2005",NA,NA,NA,VU,Australian Snubfin Dolphin
4717,136316,ANIMALIA,CHORDATA,MAMMALIA,RODENTIA,NESOMYIDAE,Eliurus,Eliurus petteri,"Carleton, 1994",NA,NA,NA,EN,Petter's Tuft-tailed Rat
4718,136317,ANIMALIA,CHORDATA,MAMMALIA,CHIROPTERA,PHYLLOSTOMIDAE,Platyrrhinus,Platyrrhinus nigellus,"(Gardner &amp; Carter, 1972)",NA,NA,NA,LC,NA
4719,136319,ANIMALIA,CHORDATA,MAMMALIA,PRIMATES,TARSIIDAE,Tarsius,Tarsius lariang,"Merker &amp; Groves, 2006",NA,NA,NA,DD,Lariang Tarsier
4720,136320,ANIMALIA,CHORDATA,MAMMALIA,RODENTIA,MURIDAE,Melomys,Melomys talaudium,"(Thomas, 1921)",NA,NA,NA,EN,Long-tailed Talaud Melomys
4721,136321,ANIMALIA,CHORDATA,MAMMALIA,CHIROPTERA,PHYLLOSTOMIDAE,Xeronycteris,Xeronycteris vieirai,"Gregorin &amp; Ditchfield, 2005",NA,NA,NA,DD,NA
4722,136322,ANIMALIA,CHORDATA,MAMMALIA,MONOTREMATA,TACHYGLOSSIDAE,Zaglossus,Zaglossus attenboroughi,"Flannery &amp; Groves, 1998",NA,NA,NA,CR,Sir David's Long-beaked Echidna
4723,136323,ANIMALIA,CHORDATA,MAMMALIA,RODENTIA,CRICETIDAE,Peromyscus,Peromyscus beatae,"Thomas, 1903",NA,NA,NA,LC,Orizaba Deermouse
4724,136324,ANIMALIA,CHORDATA,MAMMALIA,RODENTIA,MURIDAE,Paramelomys,Paramelomys naso,"(Thomas, 1911)",NA,NA,NA,LC,Long-nosed Paramelomys
4725,136325,ANIMALIA,CHORDATA,MAMMALIA,RODENTIA,NESOMYIDAE,Eliurus,Eliurus ellermani,"Carleton, 1994",NA,NA,NA,DD,Ellerman's Tuft-tailed Rat
4726,136326,ANIMALIA,CHORDATA,MAMMALIA,RODENTIA,DIPODIDAE,Scarturus,Scarturus williamsi,"Thomas, 1897",NA,NA,NA,LC,Williams’s Jerboa
4727,136327,ANIMALIA,CHORDATA,MAMMALIA,EULIPOTYPHLA,SORICIDAE,Crocidura,Crocidura jouvenetae,"Heim de Balsac, 1958",NA,NA,NA,LC,NA
4728,136328,ANIMALIA,CHORDATA,MAMMALIA,RODENTIA,CRICETIDAE,Nephelomys,Nephelomys meridensis,"(Thomas, 1894)",NA,NA,NA,LC,NA
4729,136330,ANIMALIA,CHORDATA,MAMMALIA,RODENTIA,NESOMYIDAE,Nesomys,Nesomys lambertoni,"G. Grandidier, 1928",NA,NA,NA,EN,Lowland Red Forest Rat
4730,136331,ANIMALIA,CHORDATA,MAMMALIA,RODENTIA,OCTODONTIDAE,Aconaemys,Aconaemys porteri,"Thomas, 1917",NA,NA,NA,DD,Porter’s Rock Rat
4731,136332,ANIMALIA,CHORDATA,MAMMALIA,PRIMATES,ATELIDAE,Alouatta,Alouatta nigerrima,"Lönnberg, 1941",NA,NA,NA,LC,Black Howler Monkey
4732,136333,ANIMALIA,CHORDATA,MAMMALIA,RODENTIA,HETEROMYIDAE,Heteromys,Heteromys teleus,"Anderson &amp; Jarrín, 2002",NA,NA,NA,VU,NA
4733,136334,ANIMALIA,CHORDATA,MAMMALIA,RODENTIA,ABROCOMIDAE,Abrocoma,Abrocoma budini,"Thomas, 1920",NA,NA,NA,DD,Budin’s Chinchilla Rat
4734,136335,ANIMALIA,CHORDATA,MAMMALIA,PRIMATES,INDRIIDAE,Avahi,Avahi cleesei,"Thalmann &amp; Geissmann, 2005",NA,NA,NA,CR,Bemaraha Woolly Lemur
4735,136336,ANIMALIA,CHORDATA,MAMMALIA,RODENTIA,CRICETIDAE,Oligoryzomys,Oligoryzomys moojeni,"(Weksler &amp; Bonvicino, 2005)",NA,NA,NA,DD,NA
4736,136338,ANIMALIA,CHORDATA,MAMMALIA,RODENTIA,CRICETIDAE,Delomys,Delomys collinus,"Thomas, 1917",NA,NA,NA,LC,Montane Delomys
4737,136339,ANIMALIA,CHORDATA,MAMMALIA,EULIPOTYPHLA,SORICIDAE,Sorex,Sorex ixtlanensis,"Carraway, 2007",NA,NA,NA,DD,Ixtlan Shrew
4738,136340,ANIMALIA,CHORDATA,MAMMALIA,ARTIODACTYLA,SUIDAE,Sus,Sus oliveri,"Groves, 1997",NA,NA,NA,VU,Oliver's Warty Pig
4739,136341,ANIMALIA,CHORDATA,MAMMALIA,EULIPOTYPHLA,SORICIDAE,Crocidura,Crocidura watasei,"Kuroda, 1924",NA,NA,NA,LC,Lesser Ryukyu Shrew
4740,136342,ANIMALIA,CHORDATA,MAMMALIA,RODENTIA,MURIDAE,Tonkinomys,Tonkinomys daovantieni,"Musser, Lunde &amp; Son, 2006",NA,NA,NA,DD,Daovantien’s Limestone Rat
4741,136343,ANIMALIA,CHORDATA,MAMMALIA,EULIPOTYPHLA,SORICIDAE,Congosorex,Congosorex phillipsorum,"Stanley, Rogers &amp; Hutterer, 2005",NA,NA,NA,CR,Phillips’ Congo Shrew
4742,136344,ANIMALIA,CHORDATA,MAMMALIA,EULIPOTYPHLA,ERINACEIDAE,Erinaceus,Erinaceus roumanicus,"Barrett-Hamilton, 1900",NA,NA,NA,LC,Northern White-breasted Hedgehog
4743,136345,ANIMALIA,CHORDATA,MAMMALIA,RODENTIA,CRICETIDAE,Thomasomys,Thomasomys erro,"Anthony, 1926",NA,NA,NA,LC,NA
4744,136346,ANIMALIA,CHORDATA,MAMMALIA,PRIMATES,CEBIDAE,Sapajus,Sapajus libidinosus,"(Spix, 1823)",NA,NA,NA,NT,Bearded Capuchin
4745,136347,ANIMALIA,CHORDATA,MAMMALIA,PRIMATES,CHEIROGALEIDAE,Microcebus,Microcebus danfossi,"Olivieri, Zimmermann, Randrianambinina, Rassoloharijaona, Rakotondravony, Guschanski &amp; Radespiel, 2007",NA,NA,NA,VU,Danfoss' Mouse Lemur
4746,136348,ANIMALIA,CHORDATA,MAMMALIA,CHIROPTERA,PHYLLOSTOMIDAE,Lonchophylla,Lonchophylla chocoana,"Dávalos, 2004",NA,NA,NA,DD,NA
4747,136350,ANIMALIA,CHORDATA,MAMMALIA,CHIROPTERA,EMBALLONURIDAE,Centronycteris,Centronycteris centralis,"Thomas, 1912",NA,NA,NA,LC,Thomas's Shaggy Bat
4748,136351,ANIMALIA,CHORDATA,MAMMALIA,CHIROPTERA,PTEROPODIDAE,Epomophorus,Epomophorus anselli,"Bergmans &amp; van Strien, 2004",NA,NA,NA,DD,NA
4749,136352,ANIMALIA,CHORDATA,MAMMALIA,RODENTIA,CRICETIDAE,Neacomys,Neacomys paracou,"Voss, Lunde &amp; Simmons, 2001",NA,NA,NA,LC,NA
4750,136354,ANIMALIA,CHORDATA,MAMMALIA,RODENTIA,CRICETIDAE,Microtus,Microtus majori,"O. Thomas, 1906",NA,NA,NA,LC,Major's Pine Vole
4751,136355,ANIMALIA,CHORDATA,MAMMALIA,RODENTIA,ECHIMYIDAE,Thrichomys,Thrichomys inermis,"Pictet, 1841",NA,NA,NA,LC,NA
4752,136356,ANIMALIA,CHORDATA,MAMMALIA,CHIROPTERA,PTEROPODIDAE,Dyacopterus,Dyacopterus brooksi,"Thomas, 1920",NA,NA,NA,VU,Brooks’s Dyak Fruit Bat
4753,136357,ANIMALIA,CHORDATA,MAMMALIA,RODENTIA,CRICETIDAE,Rhipidomys,Rhipidomys cariri,"Tribe, 2005",NA,NA,NA,DD,NA
4754,136358,ANIMALIA,CHORDATA,MAMMALIA,RODENTIA,CRICETIDAE,Oecomys,Oecomys catherinae,"Thomas, 1909",NA,NA,NA,LC,NA
4755,136359,ANIMALIA,CHORDATA,MAMMALIA,RODENTIA,MURIDAE,Melomys,Melomys paveli,"Helgen, 2003",NA,NA,NA,DD,Pavel’s Seram Melomys
4756,136360,ANIMALIA,CHORDATA,MAMMALIA,ARTIODACTYLA,TRAGULIDAE,Tragulus,Tragulus versicolor,"Thomas, 1910",NA,NA,NA,DD,Silver-backed Chevrotain
4757,136361,ANIMALIA,CHORDATA,MAMMALIA,RODENTIA,HETEROMYIDAE,Chaetodipus,Chaetodipus lineatus,"(Dalquest, 1951)",NA,NA,NA,DD,Lined Pocket Gopher
4758,136362,ANIMALIA,CHORDATA,MAMMALIA,RODENTIA,MURIDAE,Apomys,Apomys camiguinensis,"Heaney &amp; Tabaranza Jr., 2006",NA,NA,NA,VU,Camiguin Forest Mouse
4759,136364,ANIMALIA,CHORDATA,MAMMALIA,DIDELPHIMORPHIA,DIDELPHIDAE,Marmosops,Marmosops juninensis,"(Tate, 1931)",NA,NA,NA,VU,Junin Slender Opossum
4760,136365,ANIMALIA,CHORDATA,MAMMALIA,EULIPOTYPHLA,SORICIDAE,Blarinella,Blarinella griselda,"Thomas, 1912",NA,NA,NA,LC,Indochinese Short-tailed Shrew
4761,136366,ANIMALIA,CHORDATA,MAMMALIA,PRIMATES,CEBIDAE,Sapajus,Sapajus cay,"(Illiger, 1815)",NA,NA,NA,VU,Azara’s Capuchin
4762,136367,ANIMALIA,CHORDATA,MAMMALIA,RODENTIA,ABROCOMIDAE,Abrocoma,Abrocoma famatina,"Thomas, 1920",NA,NA,NA,DD,Famatina Chinchilla Rat
4763,136369,ANIMALIA,CHORDATA,MAMMALIA,PRIMATES,INDRIIDAE,Avahi,Avahi meridionalis,"Zaramody, Fausser, Roos, Zinner, Andriaholinirina, Rabarivola, Norscia, Tattersall &amp; Rumpler, 2006",NA,NA,NA,EN,Southern Woolly Lemur
4764,136370,ANIMALIA,CHORDATA,MAMMALIA,RODENTIA,CTENOMYIDAE,Ctenomys,Ctenomys pundti,"Nehring, 1920",NA,NA,NA,EN,NA
4765,136372,ANIMALIA,CHORDATA,MAMMALIA,RODENTIA,MURIDAE,Vandeleuria,Vandeleuria nilagirica,"Jerdon, 1867",NA,NA,NA,EN,Nilgiri Long-tailed Tree Mouse
4766,136374,ANIMALIA,CHORDATA,MAMMALIA,CHIROPTERA,PTEROPODIDAE,Dobsonia,Dobsonia anderseni,"Thomas, 1914",NA,NA,NA,LC,Andersen's Bare-backed Fruit Bat
4767,136375,ANIMALIA,CHORDATA,MAMMALIA,DIDELPHIMORPHIA,DIDELPHIDAE,Philander,Philander frenatus,"Olfers, 1818",NA,NA,NA,LC,Southeastern Four-eyed Opossum
4768,136376,ANIMALIA,CHORDATA,MAMMALIA,PRIMATES,LEPILEMURIDAE,Lepilemur,Lepilemur aeeclis,"Andriaholinirina, Fausser, Roos, Zinner, Thalmann, Rabarivola, Ravoarimanana, Ganzhorn, Meier, Hilgartner, Walter, Zaramody, Langer, Hahn, Zimmermann, Radespiel, Craul, Tomiuk, Tattersall &amp; Rumpler, 2017",NA,NA,NA,EN,Antafia Sportive Lemur
4769,136377,ANIMALIA,CHORDATA,MAMMALIA,RODENTIA,CALOMYSCIDAE,Calomyscus,Calomyscus elburzensis,"Goodwin, 1938",NA,NA,NA,LC,Goodwin’s Brush-tailed Mouse
4770,136378,ANIMALIA,CHORDATA,MAMMALIA,CHIROPTERA,PHYLLOSTOMIDAE,Platyrrhinus,Platyrrhinus matapalensis,"Velazco, 2005",NA,NA,NA,NT,NA
4771,136379,ANIMALIA,CHORDATA,MAMMALIA,EULIPOTYPHLA,SORICIDAE,Crocidura,Crocidura trichura,"Dobson in Thomas, 1889",NA,NA,NA,CR,Christmas Island Shrew
4772,136380,ANIMALIA,CHORDATA,MAMMALIA,RODENTIA,GEOMYIDAE,Geomys,Geomys attwateri,"Merriam, 1895",NA,NA,NA,LC,Attwater's Pocket Gopher
4773,136381,ANIMALIA,CHORDATA,MAMMALIA,EULIPOTYPHLA,NESOPHONTIDAE,Nesophontes,Nesophontes major,"Arredondo, 1970",NA,NA,NA,EX,NA
4774,136382,ANIMALIA,CHORDATA,MAMMALIA,EULIPOTYPHLA,SORICIDAE,Crocidura,Crocidura wuchihensis,"Wang, 1966",NA,NA,NA,DD,Hainan Island Shrew
4775,136384,ANIMALIA,CHORDATA,MAMMALIA,PRIMATES,LEMURIDAE,Hapalemur,Hapalemur meridionalis,"Warter, Randrianasolo, Dutrillaux &amp; Rumpler, 1987",NA,NA,NA,VU,Rusty-gray Lesser Bamboo Lemur
4776,136385,ANIMALIA,CHORDATA,MAMMALIA,CARNIVORA,MUSTELIDAE,Meles,Meles leucurus,"(Hodgson, 1847)",NA,NA,NA,LC,Asian Badger
4777,136386,ANIMALIA,CHORDATA,MAMMALIA,CHIROPTERA,VESPERTILIONIDAE,Nycticeius,Nycticeius cubanus,"Gundlach, 1861",NA,NA,NA,NT,Cuban Evening Bat
4778,136388,ANIMALIA,CHORDATA,MAMMALIA,RODENTIA,MURIDAE,Chrotomys,Chrotomys sibuyanensis,"Rickart, Heaney, Goodman &amp; Jansa, 2005",NA,NA,NA,DD,Sibuyan Striped Shrew-rat
4779,136389,ANIMALIA,CHORDATA,MAMMALIA,EULIPOTYPHLA,SORICIDAE,Cryptotis,Cryptotis nelsoni,"(Merriam, 1895)",NA,NA,NA,CR,Nelson's Small Eared Shrew
4780,136390,ANIMALIA,CHORDATA,MAMMALIA,RODENTIA,CTENOMYIDAE,Ctenomys,Ctenomys osvaldoreigi,"Contreras, 1995",NA,NA,NA,CR,NA
4781,136391,ANIMALIA,CHORDATA,MAMMALIA,RODENTIA,CRICETIDAE,Microtus,Microtus schidlovskii,"Argyropulo, 1933",NA,NA,NA,LC,Schidlovsky Pine Vole
4782,136392,ANIMALIA,CHORDATA,MAMMALIA,DIDELPHIMORPHIA,DIDELPHIDAE,Monodelphis,Monodelphis reigi,"Lew &amp; Pérez-Hernández, 2004",NA,NA,NA,VU,Reig's Opossum
4783,136393,ANIMALIA,CHORDATA,MAMMALIA,CHIROPTERA,MOLOSSIDAE,Mops,Mops jobimena,"(Goodman &amp; Cardiff, 2004)",NA,NA,NA,LC,Black And Red Free-tailed Bat
4784,136394,ANIMALIA,CHORDATA,MAMMALIA,RODENTIA,MURIDAE,Batomys,Batomys russatus,"Musser, Heaney &amp; Tabaranza Jr., 1998",NA,NA,NA,EN,Russet Batomys
4785,136395,ANIMALIA,CHORDATA,MAMMALIA,DIDELPHIMORPHIA,DIDELPHIDAE,Didelphis,Didelphis pernigra,"J.A. Allen, 1900",NA,NA,NA,LC,Andean White-eared Opossum
4786,136396,ANIMALIA,CHORDATA,MAMMALIA,RODENTIA,GEOMYIDAE,Cratogeomys,Cratogeomys perotensis,"Merriam, 1895",NA,NA,NA,LC,Cofre De Perote Pocket Gopher
4787,136397,ANIMALIA,CHORDATA,MAMMALIA,CHIROPTERA,PTEROPODIDAE,Pteropus,Pteropus cognatus,"Andersen, 1908",NA,NA,NA,VU,Makira Flying Fox
4788,136398,ANIMALIA,CHORDATA,MAMMALIA,EULIPOTYPHLA,SORICIDAE,Cryptotis,Cryptotis merriami,"Choate, 1970",NA,NA,NA,LC,Merriam's Small-eared Shrew
4789,136399,ANIMALIA,CHORDATA,MAMMALIA,RODENTIA,NESOMYIDAE,Brachytarsomys,Brachytarsomys villosa,"Petter, 1962",NA,NA,NA,VU,Hairy-tailed Tree Rat
4790,136400,ANIMALIA,CHORDATA,MAMMALIA,RODENTIA,ECHIMYIDAE,Phyllomys,Phyllomys lundi,"Leite, 2003",NA,NA,NA,EN,NA
4791,136401,ANIMALIA,CHORDATA,MAMMALIA,CHIROPTERA,MINIOPTERIDAE,Miniopterus,Miniopterus sororculus,"Goodman, Ryan, Maminirina, Fahr, Christidis &amp; Appleton, 2007",NA,NA,NA,LC,Sororcula Long-fingered Bat
4792,136402,ANIMALIA,CHORDATA,MAMMALIA,RODENTIA,CRICETIDAE,Brucepattersonius,Brucepattersonius guarani,"Mares &amp; Braun, 2000",NA,NA,NA,DD,Guaraní Akodont
4793,136404,ANIMALIA,CHORDATA,MAMMALIA,DIDELPHIMORPHIA,DIDELPHIDAE,Monodelphis,Monodelphis ronaldi,"Solari, 2004",NA,NA,NA,LC,Ronald's Opossum
4794,136407,ANIMALIA,CHORDATA,MAMMALIA,RODENTIA,ECHIMYIDAE,Trinomys,Trinomys eliasi,"(Pessôa &amp; Dos Reis, 1993)",NA,NA,NA,NT,NA
4795,136409,ANIMALIA,CHORDATA,MAMMALIA,CHIROPTERA,VESPERTILIONIDAE,Murina,Murina hilgendorfi,"Peters, 1880",NA,NA,NA,LC,Hilgendorf's Tube-nosed Bat
4796,136410,ANIMALIA,CHORDATA,MAMMALIA,CHIROPTERA,RHINOLOPHIDAE,Rhinolophus,Rhinolophus madurensis,"K. Andersen, 1918",NA,NA,NA,VU,Madura Horseshoe Bat
4797,136411,ANIMALIA,CHORDATA,MAMMALIA,CHIROPTERA,VESPERTILIONIDAE,Myotis,Myotis rufopictus,"(Waterhouse, 1845)",NA,NA,NA,DD,Orange-fingered Myotis
4798,136412,ANIMALIA,CHORDATA,MAMMALIA,RODENTIA,CRICETIDAE,Peromyscus,Peromyscus fraterculus,"(Miller, 1892)",NA,NA,NA,LC,Northern Baja Deermouse
4799,136413,ANIMALIA,CHORDATA,MAMMALIA,RODENTIA,CRICETIDAE,Thomasomys,Thomasomys caudivarius,"Anthony, 1923",NA,NA,NA,LC,NA
4800,136414,ANIMALIA,CHORDATA,MAMMALIA,RODENTIA,ECHIMYIDAE,Trinomys,Trinomys yonenagae,"(Rocha, 1995)",NA,NA,NA,EN,NA
4801,136416,ANIMALIA,CHORDATA,MAMMALIA,RODENTIA,CRICETIDAE,Peromyscus,Peromyscus hylocetes,"Merriam, 1898",NA,NA,NA,LC,Transvolcanic Deermouse
4802,136417,ANIMALIA,CHORDATA,MAMMALIA,RODENTIA,MURIDAE,Hadromys,Hadromys yunnanensis,"Yang &amp; Wang, 1987",NA,NA,NA,DD,Yunnan Hadromys
4803,136418,ANIMALIA,CHORDATA,MAMMALIA,RODENTIA,MURIDAE,Leopoldamys,Leopoldamys milleti,"(Robinson &amp; Kloss, 1922)",NA,NA,NA,LC,Millet’s Leopoldamys
4804,136419,ANIMALIA,CHORDATA,MAMMALIA,PRIMATES,PITHECIIDAE,Cacajao,Cacajao ayresi,"Boubli, da Silva, Amado, Herbk, Pontual &amp; Farias, 2008",NA,NA,NA,LC,Ayres Black Uakari
4805,136420,ANIMALIA,CHORDATA,MAMMALIA,CHIROPTERA,EMBALLONURIDAE,Saccopteryx,Saccopteryx antioquensis,"Muñoz &amp; Cuartas, 2001",NA,NA,NA,EN,Antioquian Sac-winged Bat
4806,136422,ANIMALIA,CHORDATA,MAMMALIA,RODENTIA,CRICETIDAE,Rhipidomys,Rhipidomys macrurus,"(Gervais, 1855)",NA,NA,NA,LC,NA
4807,136423,ANIMALIA,CHORDATA,MAMMALIA,CHIROPTERA,PTEROPODIDAE,Cynopterus,Cynopterus minutus,"Miller, 1906",NA,NA,NA,LC,Minute Fruit Bat
4808,136424,ANIMALIA,CHORDATA,MAMMALIA,CHIROPTERA,PHYLLOSTOMIDAE,Micronycteris,Micronycteris microtis,"Miller, 1898",NA,NA,NA,LC,Common Big-eared Bat
4809,136425,ANIMALIA,CHORDATA,MAMMALIA,RODENTIA,CRICETIDAE,Oligoryzomys,Oligoryzomys rupestris,"(Weksler &amp; Bonvicino, 2005)",NA,NA,NA,DD,NA
4810,136426,ANIMALIA,CHORDATA,MAMMALIA,RODENTIA,CRICETIDAE,Sigmodon,Sigmodon hirsutus,"(Burmeister, 1854)",NA,NA,NA,LC,Southern Cotton Rat
4811,136428,ANIMALIA,CHORDATA,MAMMALIA,CHIROPTERA,VESPERTILIONIDAE,Kerivoula,Kerivoula lenis,"Thomas, 1916",NA,NA,NA,LC,Lenis Woolly Bat
4812,136429,ANIMALIA,CHORDATA,MAMMALIA,CHIROPTERA,VESPERTILIONIDAE,Myotis,Myotis laniger,"Peters, 1871",NA,NA,NA,LC,Chinese Water Myotis
4813,136431,ANIMALIA,CHORDATA,MAMMALIA,RODENTIA,MURIDAE,Melomys,Melomys arcium,"(Thomas, 1913)",NA,NA,NA,DD,Rossel Island Melomys
4814,136433,ANIMALIA,CHORDATA,MAMMALIA,CHIROPTERA,MOLOSSIDAE,Eumops,Eumops floridanus,"G.M. Allen, 1932",NA,NA,NA,VU,Florida Bonneted Bat
4815,136434,ANIMALIA,CHORDATA,MAMMALIA,PRIMATES,INDRIIDAE,Avahi,Avahi ramanantsoavanai,"Zaramody, Fausser, Roos, Zinner, Andriaholinirina, Rabarivola, Norscia, Tattersall &amp; Rumpler, 2006",NA,NA,NA,VU,Ramantsoavana's Southern Woolly Lemur
4816,136435,ANIMALIA,CHORDATA,MAMMALIA,CARNIVORA,VIVERRIDAE,Genetta,Genetta poensis,"Waterhouse, 1838",NA,NA,NA,DD,King Genet
4817,136437,ANIMALIA,CHORDATA,MAMMALIA,CARNIVORA,VIVERRIDAE,Genetta,Genetta pardina,"I. Geoffroy Saint-Hilaire, 1832",NA,NA,NA,LC,Pardine Genet
4818,136438,ANIMALIA,CHORDATA,MAMMALIA,EULIPOTYPHLA,SORICIDAE,Cryptotis,Cryptotis equatoris,"(Thomas, 1912)",NA,NA,NA,LC,Ecuadorean Small-eared Shrew
4819,136439,ANIMALIA,CHORDATA,MAMMALIA,RODENTIA,SCIURIDAE,Petinomys,Petinomys mindanensis,"(Rabor, 1939)",NA,NA,NA,LC,Mindanao Flying Squirrel
4820,136441,ANIMALIA,CHORDATA,MAMMALIA,CHIROPTERA,PTEROPODIDAE,Nyctimene,Nyctimene keasti,"Kitchener in Kitchener, Packer &amp; Maryanto, 1993",NA,NA,NA,NT,Keast's Tube-nosed Fruit Bat
4821,136442,ANIMALIA,CHORDATA,MAMMALIA,RODENTIA,CRICETIDAE,Brucepattersonius,Brucepattersonius soricinus,"Hershkovitz, 1998",NA,NA,NA,DD,Soricine Akodont
4822,136443,ANIMALIA,CHORDATA,MAMMALIA,DIPROTODONTIA,PHALANGERIDAE,Spilocuscus,Spilocuscus wilsoni,"Helgen &amp; Flannery, 2004",NA,NA,NA,CR,Blue-eyed Spotted Cuscus
4823,136444,ANIMALIA,CHORDATA,MAMMALIA,EULIPOTYPHLA,SORICIDAE,Crocidura,Crocidura caspica,"Thomas, 1907",NA,NA,NA,DD,Caspian Shrew
4824,136445,ANIMALIA,CHORDATA,MAMMALIA,CHIROPTERA,VESPERTILIONIDAE,Harpiola,Harpiola isodon,"Kuo, Fang, Csorba &amp; Lee, 2006",NA,NA,NA,LC,Golden-tipped Tube-nosed Bat
4825,136446,ANIMALIA,CHORDATA,MAMMALIA,ARTIODACTYLA,SUIDAE,Babyrousa,Babyrousa celebensis,"(Deninger, 1909)",NA,NA,NA,VU,Sulawesi Babirusa
4826,136447,ANIMALIA,CHORDATA,MAMMALIA,EULIPOTYPHLA,SORICIDAE,Crocidura,Crocidura vosmaeri,"Jentink, 1888",NA,NA,NA,DD,Banka Shrew
4827,136448,ANIMALIA,CHORDATA,MAMMALIA,CHIROPTERA,NATALIDAE,Natalus,Natalus espiritosantensis,"Ruschi, 1951",NA,NA,NA,NT,NA
4828,136449,ANIMALIA,CHORDATA,MAMMALIA,DASYUROMORPHIA,DASYURIDAE,Myoictis,Myoictis leucura,"Woolley, 2005",NA,NA,NA,DD,Woolley’s Three-striped Dasyure
4829,136450,ANIMALIA,CHORDATA,MAMMALIA,DIPROTODONTIA,PHALANGERIDAE,Phalanger,Phalanger mimicus,"Thomas, 1922",NA,NA,NA,LC,Southern Common Cuscus
4830,136452,ANIMALIA,CHORDATA,MAMMALIA,RODENTIA,CHINCHILLIDAE,Lagostomus,Lagostomus crassus,"Thomas, 1910",NA,NA,NA,EX,NA
4831,136453,ANIMALIA,CHORDATA,MAMMALIA,RODENTIA,CRICETIDAE,Oxymycterus,Oxymycterus josei,"Hoffmann, Lessa &amp; Smith, 2002",NA,NA,NA,NT,NA
4832,136454,ANIMALIA,CHORDATA,MAMMALIA,EULIPOTYPHLA,SORICIDAE,Crocidura,Crocidura vorax,"G. Allen, 1923",NA,NA,NA,LC,Voracious Shrew
4833,136455,ANIMALIA,CHORDATA,MAMMALIA,RODENTIA,SCIURIDAE,Spermophilus,Spermophilus ralli,"(Kuznetsov, 1948)",NA,NA,NA,LC,Tien Shan Ground Squirrel
4834,136456,ANIMALIA,CHORDATA,MAMMALIA,CARNIVORA,EUPLERIDAE,Cryptoprocta,Cryptoprocta spelea,"Grandidier, 1902",NA,NA,NA,EX,Giant Fosa
4835,136457,ANIMALIA,CHORDATA,MAMMALIA,RODENTIA,CRICETIDAE,Brucepattersonius,Brucepattersonius misionensis,"Mares &amp; Braun, 2000",NA,NA,NA,DD,Misiones Akodont
4836,136458,ANIMALIA,CHORDATA,MAMMALIA,PRIMATES,CHEIROGALEIDAE,Microcebus,Microcebus jollyae,"Louis Jr., Coles, Andriantompohavana, Sommer, Engberg, Zaonarivelo, Mayor &amp; Brenneman, 2006",NA,NA,NA,EN,Jolly's Mouse Lemur
4837,136459,ANIMALIA,CHORDATA,MAMMALIA,RODENTIA,CRICETIDAE,Proedromys,Proedromys liangshanensis,"Liu, Sun, Zeng &amp; Zhao, 2007",NA,NA,NA,DD,Liangshan Vole
4838,136460,ANIMALIA,CHORDATA,MAMMALIA,RODENTIA,MURIDAE,Meriones,Meriones grandis,"Cabrera, 1907",NA,NA,NA,LC,NA
4839,136461,ANIMALIA,CHORDATA,MAMMALIA,RODENTIA,SCIURIDAE,Funisciurus,Funisciurus duchaillui,"Sanborn, 1953",NA,NA,NA,DD,NA
4840,136462,ANIMALIA,CHORDATA,MAMMALIA,EULIPOTYPHLA,SORICIDAE,Cryptotis,Cryptotis obscura,"(Merriam, 1895)",NA,NA,NA,LC,Grizzled Mexican Small-eared Shrew
4841,136463,ANIMALIA,CHORDATA,MAMMALIA,DIPROTODONTIA,MACROPODIDAE,Petrogale,Petrogale purpureicollis,"Le Souef, 1924",NA,NA,NA,NT,Purple-necked Rock Wallaby
4842,136464,ANIMALIA,CHORDATA,MAMMALIA,RODENTIA,CTENOMYIDAE,Ctenomys,Ctenomys flamarioni,"Travi, 1981",NA,NA,NA,EN,Tuco-tuco of the Dunes
4843,136465,ANIMALIA,CHORDATA,MAMMALIA,CHIROPTERA,MYZOPODIDAE,Myzopoda,Myzopoda schliemanni,"Goodman, Rakotondraparany &amp; Kofoky, 2007",NA,NA,NA,LC,Schliemann's Sucker-footed Bat
4844,136466,ANIMALIA,CHORDATA,MAMMALIA,RODENTIA,ABROCOMIDAE,Cuscomys,Cuscomys ashaninka,"Emmons, 1999",NA,NA,NA,DD,Ashaninika Arboreal Chinchilla Rat
4845,136467,ANIMALIA,CHORDATA,MAMMALIA,RODENTIA,MURIDAE,Melomys,Melomys cooperae,"Kitchener in Kitchener &amp; Maryanto, 1995",NA,NA,NA,DD,Yamdena Island Melomys
4846,136468,ANIMALIA,CHORDATA,MAMMALIA,RODENTIA,CRICETIDAE,Microakodontomys,Microakodontomys transitorius,"Hershkovitz, 1993",NA,NA,NA,EN,Transitional Colilargo
4847,136469,ANIMALIA,CHORDATA,MAMMALIA,RODENTIA,GLIRIDAE,Eliomys,Eliomys munbyanus,"(Pomel, 1856)",NA,NA,NA,LC,NA
4848,136470,ANIMALIA,CHORDATA,MAMMALIA,RODENTIA,MURIDAE,Uromys,Uromys emmae,"Groves &amp; Flannery, 1994",NA,NA,NA,CR,Emma's Giant Rat
4849,136471,ANIMALIA,CHORDATA,MAMMALIA,RODENTIA,MURIDAE,Acomys,Acomys dimidiatus,"(Cretzschmar, 1826)",NA,NA,NA,LC,Arabian Spiny Mouse
4850,136472,ANIMALIA,CHORDATA,MAMMALIA,ARTIODACTYLA,SUIDAE,Babyrousa,Babyrousa togeanensis,"(Sody, 1949)",NA,NA,NA,EN,Togian Islands Babirusa
4851,136474,ANIMALIA,CHORDATA,MAMMALIA,RODENTIA,DIATOMYIDAE,Laonastes,Laonastes aenigmamus,"Jenkins, Kilpatrick, Robinson &amp; Timmins, 2005",NA,NA,NA,LC,Kha-nyou
4852,136475,ANIMALIA,CHORDATA,MAMMALIA,RODENTIA,NESOMYIDAE,Nesomys,Nesomys audeberti,"Jentink, 1879",NA,NA,NA,LC,Lowland Red Forest Rat
4853,136476,ANIMALIA,CHORDATA,MAMMALIA,RODENTIA,MURIDAE,Hydromys,Hydromys ziegleri,"Helgen, 2005",NA,NA,NA,DD,Ziegler's Water Rat
4854,136477,ANIMALIA,CHORDATA,MAMMALIA,CHIROPTERA,HIPPOSIDERIDAE,Hipposideros,Hipposideros rotalis,"Francis, Kock &amp; Habersetzer, 1999",NA,NA,NA,LC,Laotian Leaf-nosed Bat
4855,136478,ANIMALIA,CHORDATA,MAMMALIA,CHIROPTERA,HIPPOSIDERIDAE,Hipposideros,Hipposideros grandis,"G.M. Allen, 1936",NA,NA,NA,LC,Grand Leaf-nosed Bat
4856,136479,ANIMALIA,CHORDATA,MAMMALIA,ARTIODACTYLA,CERVIDAE,Muntiacus,Muntiacus putaoensis,"Amato, Egan &amp; Rabinowitz, 1999",NA,NA,NA,DD,Leaf Muntjac
4857,136480,ANIMALIA,CHORDATA,MAMMALIA,RODENTIA,CRICETIDAE,Thomasomys,Thomasomys macrotis,"Gardner &amp; Romo, 1993",NA,NA,NA,LC,NA
4858,136481,ANIMALIA,CHORDATA,MAMMALIA,RODENTIA,CRICETIDAE,Necromys,Necromys lenguarum,"(Thomas, 1898)",NA,NA,NA,LC,NA
4859,136482,ANIMALIA,CHORDATA,MAMMALIA,RODENTIA,MURIDAE,Melomys,Melomys howi,"Kitchener in Kitchener &amp; Suyanto, 1996",NA,NA,NA,DD,Riama Island Melomys
4860,136483,ANIMALIA,CHORDATA,MAMMALIA,RODENTIA,CRICETIDAE,Akodon,Akodon paranaensis,"Christoff, Fagundes, Sbalqueiro, Mattevi &amp; Yonenaga-Yassuda, 2000",NA,NA,NA,LC,Paraná Akodont
4861,136484,ANIMALIA,CHORDATA,MAMMALIA,RODENTIA,CRICETIDAE,Aepeomys,Aepeomys reigi,"Ochoa G., Aguilera, Pacheco &amp; Soriano, 2001",NA,NA,NA,VU,Reig's Aepeomys
4862,136485,ANIMALIA,CHORDATA,MAMMALIA,RODENTIA,ERETHIZONTIDAE,Coendou,Coendou pruinosus,"Thomas, 1905",NA,NA,NA,LC,NA
4863,136486,ANIMALIA,CHORDATA,MAMMALIA,PRIMATES,ATELIDAE,Alouatta,Alouatta arctoidea,"Cabrera, 1940 ",NA,NA,NA,LC,Ursine Howler Monkey
4864,136487,ANIMALIA,CHORDATA,MAMMALIA,RODENTIA,CRICETIDAE,Thomasomys,Thomasomys ucucha,"Voss, 2003",NA,NA,NA,VU,NA
4865,136488,ANIMALIA,CHORDATA,MAMMALIA,EULIPOTYPHLA,SORICIDAE,Cryptotis,Cryptotis mayensis,"(Merriam, 1901)",NA,NA,NA,LC,Yucatan Small-eared Shrew
4866,136489,ANIMALIA,CHORDATA,MAMMALIA,RODENTIA,MURIDAE,Rhynchomys,Rhynchomys tapulao,"Balete, Rickart, Rosell-Ambal, Jansa &amp; Heaney, 2007",NA,NA,NA,DD,NA
4867,136490,ANIMALIA,CHORDATA,MAMMALIA,RODENTIA,SCIURIDAE,Spermophilus,Spermophilus brevicauda,"Brandt, 1843",NA,NA,NA,LC,Brandt's Ground Squirrel
4868,136491,ANIMALIA,CHORDATA,MAMMALIA,PRIMATES,LEPILEMURIDAE,Lepilemur,Lepilemur jamesorum,"Louis Jr., Engberg, Lei, Geng, Sommer, Randriamampionona, Randriamanana, Zaonarivelo, Andriantompohavana, Randria, Prosper, Ramaromilanto, Rakotoarisoa, Rooney &amp; Brenneman, 2006",NA,NA,NA,CR,James' Sportive Lemur
4869,136492,ANIMALIA,CHORDATA,MAMMALIA,RODENTIA,ECHIMYIDAE,Trinomys,Trinomys paratus,"(Moojen, 1948)",NA,NA,NA,DD,NA
4870,136493,ANIMALIA,CHORDATA,MAMMALIA,RODENTIA,MURIDAE,Uromys,Uromys siebersi,"Thomas, 1923",NA,NA,NA,DD,Great Key Island Uromys
4871,136494,ANIMALIA,CHORDATA,MAMMALIA,CHIROPTERA,PHYLLOSTOMIDAE,Sturnira,Sturnira oporaphilum,"(Tschudi, 1844)",NA,NA,NA,LC,Tschudi's Yellow-shouldered Bat
4872,136495,ANIMALIA,CHORDATA,MAMMALIA,CHIROPTERA,VESPERTILIONIDAE,Myotis,Myotis nipalensis,"(Dobson, 1871)",NA,NA,NA,LC,Nepal Myotis
4873,136496,ANIMALIA,CHORDATA,MAMMALIA,CHIROPTERA,RHINOLOPHIDAE,Rhinolophus,Rhinolophus robinsoni,"K. Andersen, 1918",NA,NA,NA,NT,Peninsular Horseshoe Bat
4874,136497,ANIMALIA,CHORDATA,MAMMALIA,PHOLIDOTA,MANIDAE,Manis,Manis culionensis,"(de Elera, 1915)",NA,NA,NA,CR,Philippine Pangolin
4875,136498,ANIMALIA,CHORDATA,MAMMALIA,RODENTIA,CRICETIDAE,Microtus,Microtus liechtensteini,"(Wettstein, 1927)",NA,NA,NA,LC,Liechtenstein’s Pine Vole
4876,136499,ANIMALIA,CHORDATA,MAMMALIA,RODENTIA,CTENOMYIDAE,Ctenomys,Ctenomys fochi,"Thomas, 1919",NA,NA,NA,DD,NA
4877,136500,ANIMALIA,CHORDATA,MAMMALIA,PRIMATES,CERCOPITHECIDAE,Presbytis,Presbytis natunae,"(Thomas &amp; Hartet, 1894)",NA,NA,NA,VU,Natuna Island Surili
4878,136501,ANIMALIA,CHORDATA,MAMMALIA,DIDELPHIMORPHIA,DIDELPHIDAE,Philander,Philander mcilhennyi,"Gardner &amp; Patton, 1972",NA,NA,NA,LC,Mcilhenny's Four-eyed Opossum
4879,136502,ANIMALIA,CHORDATA,MAMMALIA,CHIROPTERA,VESPERTILIONIDAE,Histiotus,Histiotus laephotis,"Thomas, 1916",NA,NA,NA,LC,Thomas's Big-eared Brown Bat
4880,136503,ANIMALIA,CHORDATA,MAMMALIA,CHIROPTERA,VESPERTILIONIDAE,Plecotus,Plecotus sardus,"Mucedda, Kiefer, Pidinchedda, &amp; Veith, 2002",NA,NA,NA,CR,Sardinian Long-eared Bat
4881,136504,ANIMALIA,CHORDATA,MAMMALIA,CHIROPTERA,PTEROPODIDAE,Pteropus,Pteropus aruensis,"Peters, 1867",NA,NA,NA,CR,Aru Flying Fox
4882,136505,ANIMALIA,CHORDATA,MAMMALIA,CHIROPTERA,PHYLLOSTOMIDAE,Dermanura,Dermanura rosenbergi,"Thomas, 1897",NA,NA,NA,DD,Rosenberg’s Fruit-eating Bat
4883,136507,ANIMALIA,CHORDATA,MAMMALIA,RODENTIA,CRICETIDAE,Eothenomys,Eothenomys cachinus,"(Thomas, 1921)",NA,NA,NA,LC,Kachin Red-backed Vole
4884,136508,ANIMALIA,CHORDATA,MAMMALIA,DIDELPHIMORPHIA,DIDELPHIDAE,Marmosa,Marmosa quichua,"Thomas, 1899",NA,NA,NA,LC,Quechuan Mouse Opossum
4885,136509,ANIMALIA,CHORDATA,MAMMALIA,DIPROTODONTIA,MACROPODIDAE,Petrogale,Petrogale mareeba,"Eldridge &amp; Close, 1992",NA,NA,NA,NT,Mareeba Rock Wallaby
4886,136510,ANIMALIA,CHORDATA,MAMMALIA,RODENTIA,NESOMYIDAE,Macrotarsomys,Macrotarsomys petteri,"Goodman &amp; Soarimalala, 2005",NA,NA,NA,DD,Petter's Big-footed Mouse
4887,136511,ANIMALIA,CHORDATA,MAMMALIA,RODENTIA,CRICETIDAE,Cerradomys,Cerradomys marinhus,"(Bonvicino, 2003)",NA,NA,NA,LC,Marinho’s Rice Rat
4888,136512,ANIMALIA,CHORDATA,MAMMALIA,RODENTIA,MURIDAE,Niviventer,Niviventer cameroni,"(Chasen, 1940)",NA,NA,NA,VU,Cameron Highlands Niviventer
4889,136513,ANIMALIA,CHORDATA,MAMMALIA,RODENTIA,NESOMYIDAE,Steatomys,Steatomys opimus,"Pousargues, 1894",NA,NA,NA,LC,NA
4890,136515,ANIMALIA,CHORDATA,MAMMALIA,PRIMATES,PITHECIIDAE,Xenothrix,Xenothrix mcgregori,"Williams &amp; Koopman, 1952",NA,NA,NA,EX,Jamaican Monkey
4891,136516,ANIMALIA,CHORDATA,MAMMALIA,DIDELPHIMORPHIA,DIDELPHIDAE,Monodelphis,Monodelphis palliolata,"(Osgood, 1914)",NA,NA,NA,LC,Hooded Red-sided Opossum
4892,136517,ANIMALIA,CHORDATA,MAMMALIA,RODENTIA,MURIDAE,Rattus,Rattus satarae,"Hinton, 1918",NA,NA,NA,VU,Sahyadris Forest Rat
4893,136518,ANIMALIA,CHORDATA,MAMMALIA,RODENTIA,ERETHIZONTIDAE,Coendou,Coendou roosmalenorum,"Voss &amp; da Silva, 2001",NA,NA,NA,DD,Roosmalen's Porcupine
4894,136519,ANIMALIA,CHORDATA,MAMMALIA,CHIROPTERA,PTEROPODIDAE,Notopteris,Notopteris neocaledonicus,"Trouessart, 1908",NA,NA,NA,EN,New Caledonia Blossom Bat
4895,136520,ANIMALIA,CHORDATA,MAMMALIA,RODENTIA,CAVIIDAE,Cavia,Cavia intermedia,"Cherem, Olimpio &amp; Ximenez, 1999",NA,NA,NA,CR,Santa Catarina’s Guinea Pig
4896,136521,ANIMALIA,CHORDATA,MAMMALIA,RODENTIA,CRICETIDAE,Rhagomys,Rhagomys longilingua,"Luna &amp; Patterson, 2003",NA,NA,NA,LC,NA
4897,136522,ANIMALIA,CHORDATA,MAMMALIA,RODENTIA,MURIDAE,Melomys,Melomys matambuai,"Flannery, Colgan &amp; Trimble, 1994",NA,NA,NA,EN,Manus Melomys
4898,136523,ANIMALIA,CHORDATA,MAMMALIA,RODENTIA,MURIDAE,Pseudohydromys,Pseudohydromys germani,"(Helgen, 2005)",NA,NA,NA,DD,German's One-toothed Moss Mouse
4899,136524,ANIMALIA,CHORDATA,MAMMALIA,CHIROPTERA,VESPERTILIONIDAE,Eptesicus,Eptesicus chiriquinus,"Simmons &amp; Voss, 1998",NA,NA,NA,LC,Chiriquinan Serotine
4900,136525,ANIMALIA,CHORDATA,MAMMALIA,RODENTIA,ABROCOMIDAE,Abrocoma,Abrocoma shistacea,"Thomas, 1921",NA,NA,NA,LC,Sierra del Tontal Chinchilla Rat
4901,136526,ANIMALIA,CHORDATA,MAMMALIA,RODENTIA,MURIDAE,Rattus,Rattus arfakiensis,"Rümmler, 1935",NA,NA,NA,DD,Vogelkop Mountain Rat
4902,136527,ANIMALIA,CHORDATA,MAMMALIA,RODENTIA,CRICETIDAE,Cricetulus,Cricetulus tibetanus,"Thomas, 1922",NA,NA,NA,LC,Tibetan Dwarf Hamster
4903,136528,ANIMALIA,CHORDATA,MAMMALIA,CHIROPTERA,PTEROPODIDAE,Pteropus,Pteropus keyensis,"Peters, 1867",NA,NA,NA,DD,Kei Flying Fox
4904,136529,ANIMALIA,CHORDATA,MAMMALIA,RODENTIA,CRICETIDAE,Hylaeamys,Hylaeamys perenensis,"(J.A. Allen, 1901)",NA,NA,NA,LC,NA
4905,136530,ANIMALIA,CHORDATA,MAMMALIA,RODENTIA,CRICETIDAE,Oligoryzomys,Oligoryzomys brendae,"Massoia, 1998",NA,NA,NA,DD,Brenda’s Colilargo
4906,136531,ANIMALIA,CHORDATA,MAMMALIA,CHIROPTERA,PTEROPODIDAE,Pteropus,Pteropus ualanus,"Peters, 1883",NA,NA,NA,EN,Kosrae Flying Fox
4907,136532,ANIMALIA,CHORDATA,MAMMALIA,PRIMATES,PALAEOPROPITHECIDAE,Palaeopropithecus,Palaeopropithecus ingens,"G. Grandidier, 1899",NA,NA,NA,EX,Large Sloth Lemur
4908,136533,ANIMALIA,CHORDATA,MAMMALIA,ARTIODACTYLA,TRAGULIDAE,Tragulus,Tragulus williamsoni,"Kloss, 1916",NA,NA,NA,DD,Williamson's Chevrotain
4909,136534,ANIMALIA,CHORDATA,MAMMALIA,CHIROPTERA,PTEROPODIDAE,Styloctenium,Styloctenium mindorensis,"Esselstyn, 2007",NA,NA,NA,EN,Mindoro Stripe-faced Fruit Bat
4910,136535,ANIMALIA,CHORDATA,MAMMALIA,RODENTIA,CRICETIDAE,Microtus,Microtus dogramacii,"Kefioğlu &amp; Kryštufek, 1999",NA,NA,NA,LC,NA
4911,136536,ANIMALIA,CHORDATA,MAMMALIA,RODENTIA,CRICETIDAE,Microtus,Microtus brachycercus,"(von Lehmann, 1961)",NA,NA,NA,LC,Calabria Pine Vole
4912,136537,ANIMALIA,CHORDATA,MAMMALIA,PRIMATES,CHEIROGALEIDAE,Microcebus,Microcebus bongolavensis,"Olivieri, Zimmermann, Randrianambinina, Rasoloharijaona, Rakotondravony, Guschanski &amp; Radespiel, 2007",NA,NA,NA,EN,Bongolava Mouse Lemur
4913,136538,ANIMALIA,CHORDATA,MAMMALIA,PERAMELEMORPHIA,PERAMELIDAE,Microperoryctes,Microperoryctes aplini,"Helgen &amp; Flannery, 2004",NA,NA,NA,VU,Arfak Pygmy Bandicoot
4914,136539,ANIMALIA,CHORDATA,MAMMALIA,RODENTIA,NESOMYIDAE,Monticolomys,Monticolomys koopmani,"Carleton &amp; Goodman, 1996",NA,NA,NA,LC,Malagasy Mountain Mouse
4915,136540,ANIMALIA,CHORDATA,MAMMALIA,RODENTIA,CRICETIDAE,Oryzomys,Oryzomys antillarum,"Thomas, 1898",NA,NA,NA,EX,Jamaican Rice Rat
4916,136541,ANIMALIA,CHORDATA,MAMMALIA,CHIROPTERA,PTEROPODIDAE,Aethalops,Aethalops aequalis,"G.M. Allen, 1938",NA,NA,NA,LC,Borneo Fruit Bat
4917,136542,ANIMALIA,CHORDATA,MAMMALIA,EULIPOTYPHLA,SORICIDAE,Sorex,Sorex yukonicus,"Dokuchaev, 1997",NA,NA,NA,LC,Alaska Tiny Shrew
4918,136543,ANIMALIA,CHORDATA,MAMMALIA,RODENTIA,ECHIMYIDAE,Trinomys,Trinomys moojeni,"(Pessôa, Oliveira &amp; Reis, 1992)",NA,NA,NA,EN,NA
4919,136545,ANIMALIA,CHORDATA,MAMMALIA,DIDELPHIMORPHIA,DIDELPHIDAE,Cryptonanus,Cryptonanus agricolai,"(Moojen, 1943)",NA,NA,NA,DD,Agricola's Gracile Opossum
4920,136546,ANIMALIA,CHORDATA,MAMMALIA,RODENTIA,ABROCOMIDAE,Abrocoma,Abrocoma vaccarum,"Thomas, 1921",NA,NA,NA,DD,Mendozan Chinchilla Rat
4921,136547,ANIMALIA,CHORDATA,MAMMALIA,DIDELPHIMORPHIA,DIDELPHIDAE,Chacodelphys,Chacodelphys formosa,"(Shamel, 1930)",NA,NA,NA,NT,NA
4922,136548,ANIMALIA,CHORDATA,MAMMALIA,CHIROPTERA,NATALIDAE,Natalus,Natalus major,"Miller, 1902",NA,NA,NA,NT,Hispaniolan Greater Funnel-eared Bat
4923,136549,ANIMALIA,CHORDATA,MAMMALIA,RODENTIA,CRICETIDAE,Scapteromys,Scapteromys aquaticus,"Thomas, 1920",NA,NA,NA,LC,NA
4924,136550,ANIMALIA,CHORDATA,MAMMALIA,EULIPOTYPHLA,SORICIDAE,Cryptotis,Cryptotis peregrina,"(Merriam, 1895)",NA,NA,NA,DD,Oaxacan Broad-clawed Shrew
4925,136551,ANIMALIA,CHORDATA,MAMMALIA,ARTIODACTYLA,CERVIDAE,Muntiacus,Muntiacus vaginalis,"(Boddaert, 1785)",NA,NA,NA,LC,Northern Red Muntjac
4926,136552,ANIMALIA,CHORDATA,MAMMALIA,MONOTREMATA,TACHYGLOSSIDAE,Zaglossus,Zaglossus bartoni,"(Thomas, 1907)",NA,NA,NA,VU,Eastern Long-beaked Echidna
4927,136553,ANIMALIA,CHORDATA,MAMMALIA,CHIROPTERA,VESPERTILIONIDAE,Myotis,Myotis aurascens,"Kuzyakin, 1935",NA,NA,NA,LC,Steppe Whiskered Bat
4928,136554,ANIMALIA,CHORDATA,MAMMALIA,RODENTIA,CRICETIDAE,Neodon,Neodon forresti,"Hinton, 1923",NA,NA,NA,DD,Forrest's Mountain Vole
4929,136555,ANIMALIA,CHORDATA,MAMMALIA,DASYUROMORPHIA,DASYURIDAE,Antechinus,Antechinus adustus,"(Thomas, 1923)",NA,NA,NA,LC,Rusty Antechinus
4930,136556,ANIMALIA,CHORDATA,MAMMALIA,RODENTIA,CTENOMYIDAE,Ctenomys,Ctenomys juris,"Thomas, 1920",NA,NA,NA,DD,NA
4931,136557,ANIMALIA,CHORDATA,MAMMALIA,RODENTIA,OCTODONTIDAE,Tympanoctomys,Tympanoctomys aureus,"Mares, Braun, Barquez &amp; Diaz, 2000",NA,NA,NA,CR,Golden Vizcacha Rat
4932,136559,ANIMALIA,CHORDATA,MAMMALIA,RODENTIA,CRICETIDAE,Sigmodon,Sigmodon toltecus,"(Saussure, 1860)",NA,NA,NA,LC,Toltec Cotton Rat
4933,136560,ANIMALIA,CHORDATA,MAMMALIA,CHIROPTERA,VESPERTILIONIDAE,Hypsugo,Hypsugo alaschanicus,"Bobrinskii, 1926",NA,NA,NA,LC,Alashanian Pipistrelle
4934,136561,ANIMALIA,CHORDATA,MAMMALIA,CHIROPTERA,PHYLLOSTOMIDAE,Mimon,Mimon cozumelae,"Goldman, 1914",NA,NA,NA,LC,Cozumelan Golden Bat
4935,136562,ANIMALIA,CHORDATA,MAMMALIA,CHIROPTERA,VESPERTILIONIDAE,Nycticeius,Nycticeius aenobarbus,"Temminck, 1840",NA,NA,NA,DD,Temminck’s Mysterious Bat
4936,136563,ANIMALIA,CHORDATA,MAMMALIA,RODENTIA,CRICETIDAE,Juliomys,Juliomys rimofrons,"Oliveira &amp; Bonvicino, 2002",NA,NA,NA,NT,Cleft-headed Juliomys
4937,136564,ANIMALIA,CHORDATA,MAMMALIA,CHIROPTERA,MOLOSSIDAE,Otomops,Otomops madagascariensis,"Dorst, 1953",NA,NA,NA,LC,Madagascar Free-tailed Bat
4938,136565,ANIMALIA,CHORDATA,MAMMALIA,RODENTIA,CRICETIDAE,Microtus,Microtus qazvinensis,"Golenishchev, Malikov, Nazari, Vaziri, Sablina &amp; Polyakov, 2003",NA,NA,NA,LC,NA
4939,136566,ANIMALIA,CHORDATA,MAMMALIA,CHIROPTERA,HIPPOSIDERIDAE,Hipposideros,Hipposideros boeadii,"Bates, Rossiter, Suyanto &amp; Kingston, 2007",NA,NA,NA,DD,Boeadi’s Roundleaf Bat
4940,136567,ANIMALIA,CHORDATA,MAMMALIA,RODENTIA,CTENOMYIDAE,Ctenomys,Ctenomys lami,"Freitas, 2001",NA,NA,NA,VU,NA
4941,136568,ANIMALIA,CHORDATA,MAMMALIA,RODENTIA,CTENOMYIDAE,Ctenomys,Ctenomys scagliai,"Contreras, 1999",NA,NA,NA,DD,NA
4942,136569,ANIMALIA,CHORDATA,MAMMALIA,PRIMATES,CERCOPITHECIDAE,Macaca,Macaca munzala,"Madhusudan &amp; Mishra, 2005",NA,NA,NA,EN,Arunachal Macaque
4943,136570,ANIMALIA,CHORDATA,MAMMALIA,RODENTIA,CRICETIDAE,Neacomys,Neacomys minutus,"Patton, da Silva &amp; Malcolm, 2000",NA,NA,NA,LC,NA
4944,136571,ANIMALIA,CHORDATA,MAMMALIA,CHIROPTERA,PTEROPODIDAE,Dobsonia,Dobsonia crenulata,"K. Andersen, 1909",NA,NA,NA,LC,Halmahera Naked-backed Fruit Bat
4945,136572,ANIMALIA,CHORDATA,MAMMALIA,CHIROPTERA,VESPERTILIONIDAE,Kerivoula,Kerivoula krauensis,"Francis, Kingston &amp; Zubaid, 2007",NA,NA,NA,NT,Krau Woolly Bat
4946,136573,ANIMALIA,CHORDATA,MAMMALIA,DIDELPHIMORPHIA,DIDELPHIDAE,Marmosops,Marmosops pinheiroi,"(Pine, 1981)",NA,NA,NA,LC,Pinheiro's Slender Opossum
4947,136574,ANIMALIA,CHORDATA,MAMMALIA,RODENTIA,SCIURIDAE,Prosciurillus,Prosciurillus rosenbergii,"(Jentink, 1879)",NA,NA,NA,LC,Sanghir Squirrel
4948,136575,ANIMALIA,CHORDATA,MAMMALIA,RODENTIA,CRICETIDAE,Thomasomys,Thomasomys onkiro,"Luna &amp; Pacheco, 2002",NA,NA,NA,LC,NA
4949,136576,ANIMALIA,CHORDATA,MAMMALIA,RODENTIA,CRICETIDAE,Peromyscus,Peromyscus schmidlyi,"Bradley, 2004",NA,NA,NA,LC,Schmidly's Deer Mouse
4950,136577,ANIMALIA,CHORDATA,MAMMALIA,CHIROPTERA,PHYLLOSTOMIDAE,Platyrrhinus,Platyrrhinus masu,"Velazco, 2005",NA,NA,NA,LC,NA
4951,136578,ANIMALIA,CHORDATA,MAMMALIA,EULIPOTYPHLA,SORICIDAE,Crocidura,Crocidura foetida,"Peters, 1870",NA,NA,NA,LC,Bornean Shrew
4952,136579,ANIMALIA,CHORDATA,MAMMALIA,CHIROPTERA,MINIOPTERIDAE,Miniopterus,Miniopterus macrocneme,"Revilliod, 1914",NA,NA,NA,LC,Small Melanesian Bent-winged Bat
4953,136580,ANIMALIA,CHORDATA,MAMMALIA,RODENTIA,MURIDAE,Rattus,Rattus blangorum,"Miller, 1942",NA,NA,NA,DD,Aceh Rat
4954,136581,ANIMALIA,CHORDATA,MAMMALIA,RODENTIA,SPALACIDAE,Spalax,Spalax uralensis,"Tiflov &amp; Usov, 1939",NA,NA,NA,NT,Kazakhstan Blind Mole Rat
4955,136582,ANIMALIA,CHORDATA,MAMMALIA,RODENTIA,CRICETIDAE,Habromys,Habromys ixtlani,"(Goodwin, 1964)",NA,NA,NA,CR,Ixtlán Deer Mouse
4956,136583,ANIMALIA,CHORDATA,MAMMALIA,RODENTIA,CRICETIDAE,Reithrodon,Reithrodon typicus,"Waterhouse, 1837",NA,NA,NA,LC,NA
4957,136585,ANIMALIA,CHORDATA,MAMMALIA,ARTIODACTYLA,TRAGULIDAE,Moschiola,Moschiola indica,"(Gray, 1852)",NA,NA,NA,LC,Indian Chevrotain
4958,136586,ANIMALIA,CHORDATA,MAMMALIA,CHIROPTERA,HIPPOSIDERIDAE,Hipposideros,Hipposideros scutinares,"Robinson, Jenkins, Francis &amp; Fulford, 2003",NA,NA,NA,VU,Shield-nosed Leaf-nosed Bat
4959,136587,ANIMALIA,CHORDATA,MAMMALIA,CHIROPTERA,PTEROPODIDAE,Pteralopex,Pteralopex flanneryi,"Helgen, 2005",NA,NA,NA,CR,Greater Monkey-faced Bat
4960,136588,ANIMALIA,CHORDATA,MAMMALIA,RODENTIA,CTENOMYIDAE,Ctenomys,Ctenomys famosus,"Thomas, 1920",NA,NA,NA,DD,NA
4961,136589,ANIMALIA,CHORDATA,MAMMALIA,EULIPOTYPHLA,SORICIDAE,Anourosorex,Anourosorex schmidi,"Petter, 1963",NA,NA,NA,DD,Giant Mole Shrew
4962,136590,ANIMALIA,CHORDATA,MAMMALIA,RODENTIA,SCIURIDAE,Spermophilus,Spermophilus taurensis,"Gündüz, Jaarola, Tez, Yeniyurt, Polly &amp; Searle, 2007",NA,NA,NA,LC,NA
4963,136591,ANIMALIA,CHORDATA,MAMMALIA,CHIROPTERA,PHYLLOSTOMIDAE,Sturnira,Sturnira mistratensis,"Vega &amp; Cadena, 2000",NA,NA,NA,DD,NA
4964,136592,ANIMALIA,CHORDATA,MAMMALIA,DIDELPHIMORPHIA,DIDELPHIDAE,Didelphis,Didelphis imperfecta,"Mondolfi &amp; Pérez-Hernández, 1984",NA,NA,NA,LC,Guianan White-eared Opossum
4965,136593,ANIMALIA,CHORDATA,MAMMALIA,CHIROPTERA,PTEROPODIDAE,Rousettus,Rousettus linduensis,"Maryanto &amp; Yani, 2003",NA,NA,NA,DD,Linduan Rousette
4966,136594,ANIMALIA,CHORDATA,MAMMALIA,CHIROPTERA,THYROPTERIDAE,Thyroptera,Thyroptera devivoi,"Gregorin, Gonçalves, Lim &amp; Engstrom, 2006",NA,NA,NA,DD,NA
4967,136596,ANIMALIA,CHORDATA,MAMMALIA,EULIPOTYPHLA,SORICIDAE,Crocidura,Crocidura hikmiya,"Meegaskumbura, Meegaskumbura, Pethiyagoda, Manamendra-Arachchi &amp; Schneider, 2007",NA,NA,NA,EN,Sinharaja White-toothed Shrew
4968,136597,ANIMALIA,CHORDATA,MAMMALIA,RODENTIA,ERETHIZONTIDAE,Coendou,Coendou ichillus,"Voss &amp; da Silva, 2001",NA,NA,NA,DD,NA
4969,136598,ANIMALIA,CHORDATA,MAMMALIA,CHIROPTERA,VESPERTILIONIDAE,Plecotus,Plecotus ognevi,"Kishida, 1927",NA,NA,NA,LC,Siberian long-eared bat
4970,136599,ANIMALIA,CHORDATA,MAMMALIA,HYRACOIDEA,PROCAVIIDAE,Dendrohyrax,Dendrohyrax validus,"True, 1890",NA,NA,NA,NT,Eastern Tree Hyrax
4971,136600,ANIMALIA,CHORDATA,MAMMALIA,CHIROPTERA,HIPPOSIDERIDAE,Hipposideros,Hipposideros pelingensis,"Shamel, 1940",NA,NA,NA,NT,Peleng Leaf-nosed Bat
4972,136601,ANIMALIA,CHORDATA,MAMMALIA,RODENTIA,CTENOMYIDAE,Ctenomys,Ctenomys fodax,"Thomas, 1910",NA,NA,NA,DD,NA
4973,136602,ANIMALIA,CHORDATA,MAMMALIA,EULIPOTYPHLA,SORICIDAE,Crocidura,Crocidura virgata,"Sanderson, 1940",NA,NA,NA,LC,NA
4974,136603,ANIMALIA,CHORDATA,MAMMALIA,CARNIVORA,FELIDAE,Neofelis,Neofelis diardi,"(G. Cuvier, 1823)",NA,NA,NA,VU,Sunda Clouded Leopard
4975,136604,ANIMALIA,CHORDATA,MAMMALIA,RODENTIA,MURIDAE,Melomys,Melomys bannisteri,"Kitchener &amp; Maryanto, 1993",NA,NA,NA,EN,Great Kai Island Melomys
4976,136606,ANIMALIA,CHORDATA,MAMMALIA,RODENTIA,HETEROMYIDAE,Chaetodipus,Chaetodipus eremicus,"(Mearns, 1898)",NA,NA,NA,LC,Chihuahuan Desert Pocket Mouse
4977,136607,ANIMALIA,CHORDATA,MAMMALIA,RODENTIA,CTENOMYIDAE,Ctenomys,Ctenomys goodfellowi,"Thomas, 1921",NA,NA,NA,LC,NA
4978,136608,ANIMALIA,CHORDATA,MAMMALIA,EULIPOTYPHLA,SORICIDAE,Sorex,Sorex neomexicanus,"Bailey, 1913",NA,NA,NA,DD,New Mexico Shrew
4979,136609,ANIMALIA,CHORDATA,MAMMALIA,PRIMATES,LEPILEMURIDAE,Lepilemur,Lepilemur milanoii,"Louis Jr., Engberg, Lei, Geng, Sommer, Randriamampionona, Randriamanana, Zaonarivelo, Andriantompohavana, Randria, Prosper, Ramaromilanto, Rakotoarisoa, Rooney &amp; Brenneman, 2006",NA,NA,NA,EN,Daraina Sportive Lemur
4980,136610,ANIMALIA,CHORDATA,MAMMALIA,CHIROPTERA,MORMOOPIDAE,Pteronotus,Pteronotus paraguanensis,"Linares &amp; Ojasti, 1974",NA,NA,NA,EN,NA
4981,136611,ANIMALIA,CHORDATA,MAMMALIA,CHIROPTERA,MOLOSSIDAE,Cynomops,Cynomops mexicanus,"Jones &amp; Genoways, 1967",NA,NA,NA,LC,Mexican Dog-faced Bat
4982,136612,ANIMALIA,CHORDATA,MAMMALIA,CHIROPTERA,VESPERTILIONIDAE,Scotophilus,Scotophilus collinus,"Sody, 1936",NA,NA,NA,LC,Sody's Yellow House Bat
4983,136613,ANIMALIA,CHORDATA,MAMMALIA,RODENTIA,CRICETIDAE,Oxymycterus,Oxymycterus quaestor,"Thomas, 1903",NA,NA,NA,LC,NA
4984,136615,ANIMALIA,CHORDATA,MAMMALIA,PRIMATES,CERCOPITHECIDAE,Cercocebus,Cercocebus agilis,"Milne-Edwards, 1886",NA,NA,NA,LC,Agile Mangabey
4985,136616,ANIMALIA,CHORDATA,MAMMALIA,RODENTIA,CRICETIDAE,Habromys,Habromys schmidlyi,"Romo-Vázquez, León-Paniagua &amp; Sánchez, 2005",NA,NA,NA,CR,Schmidly's Deer Mouse
4986,136618,ANIMALIA,CHORDATA,MAMMALIA,RODENTIA,MURIDAE,Soricomys,Soricomys kalinga,"(Balete, Rickart &amp; Heaney, 2006)",NA,NA,NA,LC,Cordillera Shrew-mouse
4987,136619,ANIMALIA,CHORDATA,MAMMALIA,RODENTIA,MURIDAE,Lophuromys,Lophuromys eisentrauti,"Dieterlen, 1978",NA,NA,NA,CR,Mount Lefo Brush-furred Rat
4988,136620,ANIMALIA,CHORDATA,MAMMALIA,DASYUROMORPHIA,DASYURIDAE,Pseudantechinus,Pseudantechinus roryi,"Cooper, Aplin &amp; Adams, 2000",NA,NA,NA,LC,Rory's Pseudantechinus
4989,136621,ANIMALIA,CHORDATA,MAMMALIA,RODENTIA,PEDETIDAE,Pedetes,Pedetes surdaster,"(Thomas, 1902)",NA,NA,NA,LC,East African Spring-hare
4990,136623,ANIMALIA,CHORDATA,MAMMALIA,ARTIODACTYLA,BALAENOPTERIDAE,Balaenoptera,Balaenoptera omurai,"Wada, Oishi &amp; Yamada, 2003",NA,NA,NA,DD,Omura’s Whale
4991,136624,ANIMALIA,CHORDATA,MAMMALIA,RODENTIA,CRICETIDAE,Oecomys,Oecomys auyantepui,"Tate, 1939",NA,NA,NA,LC,NA
4992,136625,ANIMALIA,CHORDATA,MAMMALIA,RODENTIA,NESOMYIDAE,Steatomys,Steatomys bocagei,"Thomas, 1892",NA,NA,NA,LC,NA
4993,136626,ANIMALIA,CHORDATA,MAMMALIA,DIDELPHIMORPHIA,DIDELPHIDAE,Thylamys,Thylamys venustus,"(Thomas, 1902)",NA,NA,NA,DD,Buff-bellied Fat-tailed Mouse Opossum
4994,136627,ANIMALIA,CHORDATA,MAMMALIA,CHIROPTERA,VESPERTILIONIDAE,Lasiurus,Lasiurus minor,"Miller, 1931",NA,NA,NA,VU,Minor Red Bat
4995,136628,ANIMALIA,CHORDATA,MAMMALIA,AFROSORICIDA,TENRECIDAE,Microgale,Microgale jobihely,"Goodman, Raxworthy, Maminirina &amp; Olson, 2006",NA,NA,NA,EN,Northern Shrew Tenrec
4996,136629,ANIMALIA,CHORDATA,MAMMALIA,RODENTIA,CRICETIDAE,Phyllotis,Phyllotis limatus,"Thomas, 1912",NA,NA,NA,LC,NA
4997,136630,ANIMALIA,CHORDATA,MAMMALIA,RODENTIA,HETEROMYIDAE,Dipodomys,Dipodomys simulans,"Merriam, 1904",NA,NA,NA,LC,Dulzura Kangaroo Rat
4998,136631,ANIMALIA,CHORDATA,MAMMALIA,CHIROPTERA,RHINOLOPHIDAE,Rhinolophus,Rhinolophus shortridgei,"K. Andersen, 1918",NA,NA,NA,DD,Shortridge's Horseshoe Bat
4999,136632,ANIMALIA,CHORDATA,MAMMALIA,RODENTIA,MURIDAE,Rattus,Rattus pococki,"(Ellerman, 1941)",NA,NA,NA,LC,Pocock’s Highland Rat
5000,136633,ANIMALIA,CHORDATA,MAMMALIA,RODENTIA,CTENOMYIDAE,Ctenomys,Ctenomys roigi,"Contreras, 1988",NA,NA,NA,CR,NA
5001,136634,ANIMALIA,CHORDATA,MAMMALIA,EULIPOTYPHLA,SORICIDAE,Crocidura,Crocidura katinka,"Bate, 1937",NA,NA,NA,DD,NA
5002,136635,ANIMALIA,CHORDATA,MAMMALIA,RODENTIA,CTENOMYIDAE,Ctenomys,Ctenomys rionegrensis,"Langguth &amp; Abella, 1970",NA,NA,NA,EN,NA
5003,136636,ANIMALIA,CHORDATA,MAMMALIA,CARNIVORA,MEPHITIDAE,Spilogale,Spilogale angustifrons,"Howell, 1902",NA,NA,NA,LC,Southern Spotted Skunk
5004,136637,ANIMALIA,CHORDATA,MAMMALIA,PRIMATES,CHEIROGALEIDAE,Microcebus,Microcebus griseorufus,"Kollman, 1910",NA,NA,NA,LC,Grey-brown Mouse Lemur
5005,136638,ANIMALIA,CHORDATA,MAMMALIA,RODENTIA,HETEROMYIDAE,Heteromys,Heteromys oasicus,"Anderson, 2003",NA,NA,NA,EN,NA
5006,136639,ANIMALIA,CHORDATA,MAMMALIA,EULIPOTYPHLA,SORICIDAE,Cryptotis,Cryptotis phillipsii,"(Schaldach, 1966)",NA,NA,NA,VU,Phillip's Small-eared Shrew
5007,136640,ANIMALIA,CHORDATA,MAMMALIA,PRIMATES,PITHECIIDAE,Cacajao,Cacajao hosomi,"Boubli, da Silva, Amado, Herbk, Pontual &amp; Farias, 2008",NA,NA,NA,VU,Black-headed Uacari
5008,136641,ANIMALIA,CHORDATA,MAMMALIA,RODENTIA,MURIDAE,Mus,Mus cypriacus,"Cucchi, Orth, Auffray, Renaud, Fabre, Catalan, Hadjisterkotis, Bonhomme &amp; Vigne, 2006",NA,NA,NA,LC,Cyprus Mouse
5009,136642,ANIMALIA,CHORDATA,MAMMALIA,RODENTIA,MURIDAE,Sommeromys,Sommeromys macrorhinos,"Musser &amp; Durden, 2002",NA,NA,NA,DD,Sommer’s Sulawesi Rat
5010,136643,ANIMALIA,CHORDATA,MAMMALIA,ARTIODACTYLA,MOSCHIDAE,Moschus,Moschus anhuiensis,"Wang, Hu &amp; Yan, 1982",NA,NA,NA,EN,Anhui Musk Deer
5011,136644,ANIMALIA,CHORDATA,MAMMALIA,CHIROPTERA,RHINOLOPHIDAE,Rhinolophus,Rhinolophus formosae,"Sanborn, 1939",NA,NA,NA,LC,Formosan Woolly Horseshoe Bat
5012,136645,ANIMALIA,CHORDATA,MAMMALIA,PRIMATES,LEPILEMURIDAE,Lepilemur,Lepilemur sahamalaza,"Andriaholinirina, Fausser, Roos, Zinner, Thalmann, Rabarivola, Ravoarimanana, Ganzhorn, Meier, Hilgartner, Walter, Zaramody, Langer, Hahn, Zimmermann, Radespiel, Craul, Tomiuk, Tattersall &amp; Rumpler, 2017",NA,NA,NA,CR,Sahamalaza Sportive Lemur
5013,136646,ANIMALIA,CHORDATA,MAMMALIA,CHIROPTERA,VESPERTILIONIDAE,Pipistrellus,Pipistrellus raceyi,"Bates, Ratrimomanarivo, Harrison &amp; Goodman, 2006",NA,NA,NA,DD,Racey's Pipistrelle Bat
5014,136647,ANIMALIA,CHORDATA,MAMMALIA,RODENTIA,GEOMYIDAE,Cratogeomys,Cratogeomys goldmani,"Merriam, 1895",NA,NA,NA,LC,NA
5015,136648,ANIMALIA,CHORDATA,MAMMALIA,RODENTIA,CRICETIDAE,Alticola,Alticola olchonensis,"Litvinov, 1960",NA,NA,NA,EN,Olkhon Mountain Vole
5016,136649,ANIMALIA,CHORDATA,MAMMALIA,CHIROPTERA,VESPERTILIONIDAE,Pipistrellus,Pipistrellus pygmaeus,"(Leach, 1825)",NA,NA,NA,LC,Soprano Pipistrelle
5017,136650,ANIMALIA,CHORDATA,MAMMALIA,CHIROPTERA,VESPERTILIONIDAE,Myotis,Myotis occultus,"Hollister, 1909",NA,NA,NA,LC,Arizona Myotis
5018,136651,ANIMALIA,CHORDATA,MAMMALIA,CHIROPTERA,RHINOLOPHIDAE,Rhinolophus,Rhinolophus siamensis,"Gyldenstolpe, 1917",NA,NA,NA,LC,Thai Horseshoe Bat
5019,136652,ANIMALIA,CHORDATA,MAMMALIA,RODENTIA,ECHIMYIDAE,Echimys,Echimys vieirai,"Ximenes, Vivo &amp; Percequillo, 2005",NA,NA,NA,DD,NA
5020,136653,ANIMALIA,CHORDATA,MAMMALIA,DIDELPHIMORPHIA,DIDELPHIDAE,Thylamys,Thylamys karimii,"(Petter, 1968)",NA,NA,NA,VU,Karimi's Fat-tailed Mouse Opossum
5021,136654,ANIMALIA,CHORDATA,MAMMALIA,RODENTIA,MURIDAE,Taeromys,Taeromys microbullatus,"(Tate &amp; Archbold, 1935)",NA,NA,NA,DD,Small-eared Taeromys
5022,136655,ANIMALIA,CHORDATA,MAMMALIA,RODENTIA,CRICETIDAE,Neacomys,Neacomys musseri,"Patton, da Silva &amp; Malcolm, 2000",NA,NA,NA,LC,NA
5023,136656,ANIMALIA,CHORDATA,MAMMALIA,EULIPOTYPHLA,SORICIDAE,Sorex,Sorex mediopua,"Carraway, 2007",NA,NA,NA,LC,Jalisco Shrew
5024,136657,ANIMALIA,CHORDATA,MAMMALIA,RODENTIA,CRICETIDAE,Megaoryzomys,Megaoryzomys curioi,"(Niethammer, 1964)",NA,NA,NA,EX,Galapágos Giant Rat
5025,136658,ANIMALIA,CHORDATA,MAMMALIA,RODENTIA,ABROCOMIDAE,Cuscomys,Cuscomys oblativa,"(Eaton, 1916)",NA,NA,NA,DD,Machu Picchu Arboreal Chinchilla Rat
5026,136659,ANIMALIA,CHORDATA,MAMMALIA,CHIROPTERA,PHYLLOSTOMIDAE,Leptonycteris,Leptonycteris yerbabuenae,"Martínez &amp; Villa-R, 1940",NA,NA,NA,NT,Lesser Long-nosed Bat
5027,136660,ANIMALIA,CHORDATA,MAMMALIA,RODENTIA,MURIDAE,Pogonomelomys,Pogonomelomys brassi,"Tate &amp; Archbold, 1941",NA,NA,NA,LC,Grey Pogonomelomys
5028,136662,ANIMALIA,CHORDATA,MAMMALIA,PRIMATES,LEPILEMURIDAE,Lepilemur,Lepilemur betsileo,"Louis Jr., Engberg, Lei, Geng, Sommer, Randriamampionona, Randriamanana, Zaonarivelo, Andriantompohavana, Randria, Prosper, Ramaromilanto, Rakotoarisoa, Rooney &amp; Brenneman, 2006",NA,NA,NA,EN,Betsileo Sportive Lemur
5029,136663,ANIMALIA,CHORDATA,MAMMALIA,RODENTIA,DASYPROCTIDAE,Myoprocta,Myoprocta pratti,"(Pocock, 1913)",NA,NA,NA,LC,Green Acouchi
5030,136664,ANIMALIA,CHORDATA,MAMMALIA,CHIROPTERA,VESPERTILIONIDAE,Plecotus,Plecotus sacrimontis,"G.M. Allen, 1908",NA,NA,NA,LC,Japanese long-eared bat
5031,136665,ANIMALIA,CHORDATA,MAMMALIA,RODENTIA,CRICETIDAE,Necromys,Necromys benefactus,"(Thomas, 1919)",NA,NA,NA,LC,NA
5032,136666,ANIMALIA,CHORDATA,MAMMALIA,EULIPOTYPHLA,SORICIDAE,Notiosorex,Notiosorex cockrumi,"Baker, O'Neill &amp; McAliley, 2003",NA,NA,NA,LC,Cockrum's Grey Shrew
5033,136667,ANIMALIA,CHORDATA,MAMMALIA,RODENTIA,CRICETIDAE,Thomasomys,Thomasomys apeco,"L. Leo &amp; Gardner, 1993",NA,NA,NA,LC,NA
5034,136668,ANIMALIA,CHORDATA,MAMMALIA,DIPROTODONTIA,MACROPODIDAE,Dendrolagus,Dendrolagus mayri,"Rothschild &amp; Dollman, 1933",NA,NA,NA,CR,Wondiwoi Tree-kangaroo
5035,136671,ANIMALIA,CHORDATA,MAMMALIA,CHIROPTERA,PHYLLOSTOMIDAE,Vampyressa,Vampyressa thyone,"Thomas, 1909",NA,NA,NA,LC,Northern Little Yellow-eared Bat
5036,136672,ANIMALIA,CHORDATA,MAMMALIA,RODENTIA,CRICETIDAE,Brucepattersonius,Brucepattersonius igniventris,"Hershkovitz, 1998",NA,NA,NA,DD,Red-bellied Akodont
5037,136673,ANIMALIA,CHORDATA,MAMMALIA,RODENTIA,MURIDAE,Melomys,Melomys fulgens,"(Thomas, 1920)",NA,NA,NA,DD,Seram Long-tailed Melomys
5038,136674,ANIMALIA,CHORDATA,MAMMALIA,RODENTIA,CRICETIDAE,Phyllotis,Phyllotis anitae,"Jayat, D'Elia, Pardiñas &amp; Namen, 2007",NA,NA,NA,DD,NA
5039,136675,ANIMALIA,CHORDATA,MAMMALIA,CHIROPTERA,VESPERTILIONIDAE,Scotophilus,Scotophilus tandrefana,"Goodman, Jenkins &amp; Ratrimomanarivo, 2005",NA,NA,NA,DD,Western Yellow Bat
5040,136676,ANIMALIA,CHORDATA,MAMMALIA,RODENTIA,CRICETIDAE,Akodon,Akodon pervalens,"Thomas, 1925",NA,NA,NA,DD,Tarija Akodont
5041,136677,ANIMALIA,CHORDATA,MAMMALIA,PRIMATES,LEPILEMURIDAE,Lepilemur,Lepilemur petteri,"Louis Jr., Engberg, Lei, Geng, Sommer, Randriamampionona, Randriamanana, Zaonarivelo, Andriantompohavana, Randria, Prosper, Ramaromilanto, Rakotoarisoa, Rooney &amp; Brenneman, 2006",NA,NA,NA,EN,Petter's Sportive Lemur
5042,136678,ANIMALIA,CHORDATA,MAMMALIA,CHIROPTERA,VESPERTILIONIDAE,Myotis,Myotis dieteri,"Happold, 2005",NA,NA,NA,DD,NA
5043,136679,ANIMALIA,CHORDATA,MAMMALIA,RODENTIA,CRICETIDAE,Calomys,Calomys tocantinsi,"Bonvicino, Lima &amp; Almeida, 2003",NA,NA,NA,LC,Tocantins Vesper Mouse
5044,136680,ANIMALIA,CHORDATA,MAMMALIA,CHIROPTERA,VESPERTILIONIDAE,Myotis,Myotis alcathoe,"von Helversen &amp; Heller, 2001",NA,NA,NA,DD,Alcathoe Whiskered Bat
5045,136681,ANIMALIA,CHORDATA,MAMMALIA,RODENTIA,CTENOMYIDAE,Ctenomys,Ctenomys yolandae,"Contreras &amp; Berry, 1984",NA,NA,NA,DD,Yolanda's Tuco-tuco
5046,136682,ANIMALIA,CHORDATA,MAMMALIA,RODENTIA,ECHIMYIDAE,Phyllomys,Phyllomys kerri,"(Moojen, 1950)",NA,NA,NA,DD,NA
5047,136683,ANIMALIA,CHORDATA,MAMMALIA,RODENTIA,CRICETIDAE,Habromys,Habromys delicatulus,"Carleton, Sanchez, and Urbano Vidales, 2002",NA,NA,NA,EN,Delicate Deer Mouse
5048,136684,ANIMALIA,CHORDATA,MAMMALIA,PRIMATES,CHEIROGALEIDAE,Mirza,Mirza zaza,"Kappeler &amp; Roos, 2005",NA,NA,NA,VU,Northern Giant Mouse Lemur
5049,136685,ANIMALIA,CHORDATA,MAMMALIA,CHIROPTERA,PTEROPODIDAE,Pteropus,Pteropus rennelli,"Troughton, 1929",NA,NA,NA,EN,Rennell Flying Fox
5050,136686,ANIMALIA,CHORDATA,MAMMALIA,CARNIVORA,HERPESTIDAE,Bdeogale,Bdeogale omnivora,"Heller, 1913",NA,NA,NA,VU,Sokoke Dog Mongoose
5051,136687,ANIMALIA,CHORDATA,MAMMALIA,RODENTIA,CTENOMYIDAE,Ctenomys,Ctenomys bergi,"Thomas, 1902",NA,NA,NA,EN,NA
5052,136688,ANIMALIA,CHORDATA,MAMMALIA,EULIPOTYPHLA,SORICIDAE,Notiosorex,Notiosorex villai,"Carraway &amp; Timm, 2000",NA,NA,NA,VU,Villa's Grey Shrew
5053,136689,ANIMALIA,CHORDATA,MAMMALIA,RODENTIA,CRICETIDAE,Calomys,Calomys expulsus,"(Lund, 1841)",NA,NA,NA,LC,Rejected Vesper Mouse
5054,136690,ANIMALIA,CHORDATA,MAMMALIA,CHIROPTERA,VESPERTILIONIDAE,Lasiurus,Lasiurus varius,"Poeppig, 1835",NA,NA,NA,LC,Cinnamon Red Bat
5055,136691,ANIMALIA,CHORDATA,MAMMALIA,RODENTIA,MURIDAE,Leopoldamys,Leopoldamys ciliatus,"(Bonhote, 1900)",NA,NA,NA,LC,Sundaic Mountain Leopoldamys
5056,136692,ANIMALIA,CHORDATA,MAMMALIA,RODENTIA,CRICETIDAE,Noronhomys,Noronhomys vespuccii,"Carleton &amp; Olson, 1999",NA,NA,NA,EX,NA
5057,136693,ANIMALIA,CHORDATA,MAMMALIA,RODENTIA,CRICETIDAE,Akodon,Akodon reigi,"González, Langguth &amp; Oliveira, 1998",NA,NA,NA,LC,Reig’s Akodont
5058,136695,ANIMALIA,CHORDATA,MAMMALIA,RODENTIA,MURIDAE,Tokudaia,Tokudaia tokunoshimensis,"Endo &amp; Tsuchiya, 2006",NA,NA,NA,EN,Tokunoshima Spiny Rat 
5059,136696,ANIMALIA,CHORDATA,MAMMALIA,DIPROTODONTIA,MACROPODIDAE,Dendrolagus,Dendrolagus pulcherrimus,"Flannery, 1993",NA,NA,NA,CR,Golden-mantled Tree Kangaroo
5060,136697,ANIMALIA,CHORDATA,MAMMALIA,CHIROPTERA,VESPERTILIONIDAE,Myotis,Myotis macropus,"(Gould, 1855)",NA,NA,NA,LC,Large-footed Myotis
5061,136698,ANIMALIA,CHORDATA,MAMMALIA,EULIPOTYPHLA,SORICIDAE,Sorex,Sorex orizabae,"Merriam, 1895",NA,NA,NA,LC,Orizaba Shrew
5062,136699,ANIMALIA,CHORDATA,MAMMALIA,DIPROTODONTIA,PSEUDOCHEIRIDAE,Pseudochirulus,Pseudochirulus larvatus,"(Förster &amp; Rothschild, 1911)",NA,NA,NA,LC,Masked Ringtail
5063,136700,ANIMALIA,CHORDATA,MAMMALIA,RODENTIA,MURIDAE,Rattus,Rattus salocco,"Tate &amp; Archbold, 1935",NA,NA,NA,DD,Southeastern Xanthurus Rat
5064,136701,ANIMALIA,CHORDATA,MAMMALIA,RODENTIA,MURIDAE,Paramelomys,Paramelomys gressitti,"Menzies, 1996",NA,NA,NA,EN,Gressitt’s Paramelomys
5065,136702,ANIMALIA,CHORDATA,MAMMALIA,RODENTIA,ERETHIZONTIDAE,Coendou,Coendou quichua,"Thomas, 1899",NA,NA,NA,DD,NA
5066,136703,ANIMALIA,CHORDATA,MAMMALIA,RODENTIA,MURIDAE,Gerbillus,Gerbillus percivali,"(Dollman, 1914)",NA,NA,NA,DD,Percival's Gerbil
5067,136704,ANIMALIA,CHORDATA,MAMMALIA,RODENTIA,ECHIMYIDAE,Phyllomys,Phyllomys medius,"(Thomas, 1909)",NA,NA,NA,LC,NA
5068,136705,ANIMALIA,CHORDATA,MAMMALIA,DIDELPHIMORPHIA,DIDELPHIDAE,Cryptonanus,Cryptonanus guahybae,"(Tate, 1931)",NA,NA,NA,DD,NA
5069,136706,ANIMALIA,CHORDATA,MAMMALIA,CHIROPTERA,PHYLLOSTOMIDAE,Lonchophylla,Lonchophylla concava,"Goldman, 1914",NA,NA,NA,LC,NA
5070,136707,ANIMALIA,CHORDATA,MAMMALIA,PRIMATES,LEPILEMURIDAE,Lepilemur,Lepilemur seali,"Louis Jr., Engberg, Lei, Geng, Sommer, Randriamampionona, Randriamanana, Zaonarivelo, Andriantompohavana, Randria, Prosper, Ramaromilanto, Rakotoarisoa, Rooney &amp; Brenneman, 2006",NA,NA,NA,VU,Seal's Sportive Lemur
5071,136708,ANIMALIA,CHORDATA,MAMMALIA,ARTIODACTYLA,CERVIDAE,Mazama,Mazama nemorivaga,"(F. Cuvier, 1817)",NA,NA,NA,LC,Amazonian Brown Brocket
5072,136709,ANIMALIA,CHORDATA,MAMMALIA,PRIMATES,LEPILEMURIDAE,Lepilemur,Lepilemur tymerlachsoni,"Louis Jr., Engberg, Lei, Geng, Sommer, Randriamampionona, Randriamanana, Zaonarivelo, Andriantompohavana, Randria, Prosper, Ramaromilanto, Rakotoarisoa, Rooney &amp; Brenneman, 2006",NA,NA,NA,CR,Nosy Be Sportive Lemur
5073,136710,ANIMALIA,CHORDATA,MAMMALIA,RODENTIA,CRICETIDAE,Peromyscus,Peromyscus sagax,"Elliot, 1903",NA,NA,NA,DD,Michoacan Deer Mouse
5074,136711,ANIMALIA,CHORDATA,MAMMALIA,EULIPOTYPHLA,SORICIDAE,Crocidura,Crocidura musseri,"Ruedi &amp; Vogel, 1995",NA,NA,NA,DD,Mossy Forest Shrew
5075,136712,ANIMALIA,CHORDATA,MAMMALIA,RODENTIA,CRICETIDAE,Lemmus,Lemmus trimucronatus,"(Kerr, 1792)",NA,NA,NA,LC,Brown Lemming
5076,136713,ANIMALIA,CHORDATA,MAMMALIA,LAGOMORPHA,LEPORIDAE,Pronolagus,Pronolagus saundersiae,"(Hewitt, 1927)",NA,NA,NA,LC,Hewitt's Red Rock Hare
5077,136714,ANIMALIA,CHORDATA,MAMMALIA,RODENTIA,OCTODONTIDAE,Tympanoctomys,Tympanoctomys loschalchalerosorum,"Mares, Braun, Barquez &amp; Diaz, 2000",NA,NA,NA,CR,Chalchalero Viscacha Rat
5078,136715,ANIMALIA,CHORDATA,MAMMALIA,RODENTIA,MURIDAE,Melomys,Melomys caurinus,"Thomas, 1921",NA,NA,NA,EN,Short-tailed Talaud Melomys
5079,136716,ANIMALIA,CHORDATA,MAMMALIA,CHIROPTERA,MOLOSSIDAE,Tadarida,Tadarida insignis,"Blyth, 1862",NA,NA,NA,DD,East Asian Free-tailed Bat
5080,136717,ANIMALIA,CHORDATA,MAMMALIA,PRIMATES,CEBIDAE,Sapajus,Sapajus nigritus,"Goldfuss, 1809",NA,NA,NA,NT,Black-horned Capuchin
5081,136718,ANIMALIA,CHORDATA,MAMMALIA,RODENTIA,MURIDAE,Paramelomys,Paramelomys steini,"Rümmler, 1935",NA,NA,NA,DD,Stein’s Paramelomys
5082,136719,ANIMALIA,CHORDATA,MAMMALIA,RODENTIA,MURIDAE,Melomys,Melomys frigicola,"Tate, 1951",NA,NA,NA,LC,Snow Mountains Grassland Melomys
5083,136721,ANIMALIA,CHORDATA,MAMMALIA,ARTIODACTYLA,BOVIDAE,Bos,Bos primigenius,"Bojanus, 1827",NA,NA,NA,EX,Aurochs
5084,136722,ANIMALIA,CHORDATA,MAMMALIA,EULIPOTYPHLA,SORICIDAE,Crocidura,Crocidura ramona,"Ivanitskaya, Shenbrot &amp; Nevo, 1996",NA,NA,NA,LC,Negev Shrew
5085,136723,ANIMALIA,CHORDATA,MAMMALIA,RODENTIA,CRICETIDAE,Amphinectomys,Amphinectomys savamis,"Malygin, 1994",NA,NA,NA,DD,Ucayali Water Rat
5086,136724,ANIMALIA,CHORDATA,MAMMALIA,RODENTIA,MURIDAE,Rhynchomys,Rhynchomys banahao,"Balete, Rickart, Rosell-Ambal, Jansa &amp; Heaney, 2007",NA,NA,NA,LC,NA
5087,136725,ANIMALIA,CHORDATA,MAMMALIA,RODENTIA,CRICETIDAE,Oxymycterus,Oxymycterus caparoae,"Hershkovitz, 1998",NA,NA,NA,LC,NA
5088,136726,ANIMALIA,CHORDATA,MAMMALIA,EULIPOTYPHLA,SORICIDAE,Crocidura,Crocidura baluensis,"Thomas, 1898",NA,NA,NA,LC,Kinabalu Shrew
5089,136727,ANIMALIA,CHORDATA,MAMMALIA,RODENTIA,CRICETIDAE,Neacomys,Neacomys dubosti,"Voss, Lunde &amp; Simmons, 2001",NA,NA,NA,LC,Dubost's Bristly Mouse
5090,136728,ANIMALIA,CHORDATA,MAMMALIA,RODENTIA,CRICETIDAE,Oligoryzomys,Oligoryzomys fornesi,"(Massoia, 1973)",NA,NA,NA,LC,Fornes’ Colilargo
5091,136730,ANIMALIA,CHORDATA,MAMMALIA,RODENTIA,MURIDAE,Rattus,Rattus arrogans,"Thomas, 1922",NA,NA,NA,LC,Western New Guinea Mountain Rat
5092,136731,ANIMALIA,CHORDATA,MAMMALIA,PRIMATES,LEPILEMURIDAE,Lepilemur,Lepilemur ankaranensis,"Rumpler &amp; Albignac, 1975",NA,NA,NA,EN,Ankarana Sportive Lemur
5093,136732,ANIMALIA,CHORDATA,MAMMALIA,DIPROTODONTIA,MACROPODIDAE,Dendrolagus,Dendrolagus notatus,"Matschie, 1916",NA,NA,NA,EN,NA
5094,136733,ANIMALIA,CHORDATA,MAMMALIA,EULIPOTYPHLA,SORICIDAE,Crocidura,Crocidura indochinensis,"Robinson &amp; Kloss, 1922",NA,NA,NA,LC,Indochinese Shrew
5095,136734,ANIMALIA,CHORDATA,MAMMALIA,EULIPOTYPHLA,SORICIDAE,Cryptotis,Cryptotis peruviensis,"Vivar, Pacheco &amp; Valqui, 1997",NA,NA,NA,DD,Peruvian Small-eared Shrew
5096,136735,ANIMALIA,CHORDATA,MAMMALIA,CHIROPTERA,PHYLLOSTOMIDAE,Lonchophylla,Lonchophylla orcesi,"Albuja &amp; Gardner, 2005",NA,NA,NA,DD,NA
5097,136736,ANIMALIA,CHORDATA,MAMMALIA,EULIPOTYPHLA,SORICIDAE,Cryptotis,Cryptotis brachyonyx,"Woodman, 2003",NA,NA,NA,DD,Eastern Cordillera Small-footed Shrew
5098,136737,ANIMALIA,CHORDATA,MAMMALIA,RODENTIA,CRICETIDAE,Calomys,Calomys fecundus,"(Thomas, 1926)",NA,NA,NA,LC,NA
5099,136738,ANIMALIA,CHORDATA,MAMMALIA,RODENTIA,ERETHIZONTIDAE,Coendou,Coendou melanurus,NA,NA,NA,NA,LC,NA
5100,136739,ANIMALIA,CHORDATA,MAMMALIA,CHIROPTERA,HIPPOSIDERIDAE,Hipposideros,Hipposideros inornatus,"McKean, 1970",NA,NA,NA,VU,Arnhem Leaf-nosed Bat
5101,136741,ANIMALIA,CHORDATA,MAMMALIA,CHIROPTERA,VESPERTILIONIDAE,Pipistrellus,Pipistrellus hesperidus,"(Temminck, 1840)",NA,NA,NA,LC,African Pipistrelle
5102,136742,ANIMALIA,CHORDATA,MAMMALIA,EULIPOTYPHLA,SORICIDAE,Crocidura,Crocidura brunnea,"Jentink, 1888",NA,NA,NA,LC,Thick-tailed Shrew
5103,136743,ANIMALIA,CHORDATA,MAMMALIA,PAUCITUBERCULATA,CAENOLESTIDAE,Caenolestes,Caenolestes condorensis,"Albuja &amp; Patterson, 1996",NA,NA,NA,VU,Andean Caenolestid
5104,136745,ANIMALIA,CHORDATA,MAMMALIA,RODENTIA,CRICETIDAE,Wiedomys,Wiedomys cerradensis,"Gonçalves, Almeida &amp; Bonvicino, 2005",NA,NA,NA,DD,NA
5105,136746,ANIMALIA,CHORDATA,MAMMALIA,RODENTIA,CRICETIDAE,Cricetulus,Cricetulus lama,"Bonhote, 1905",NA,NA,NA,LC,Lama Dwarf Hamster
5106,136747,ANIMALIA,CHORDATA,MAMMALIA,RODENTIA,MURIDAE,Niviventer,Niviventer fraternus,"(Robinson &amp; Kloss, 1916)",NA,NA,NA,LC,Montane Sumatran Niviventer
5107,136749,ANIMALIA,CHORDATA,MAMMALIA,DIDELPHIMORPHIA,DIDELPHIDAE,Cryptonanus,Cryptonanus unduaviensis,"(Tate, 1931)",NA,NA,NA,DD,NA
5108,136750,ANIMALIA,CHORDATA,MAMMALIA,ARTIODACTYLA,MOSCHIDAE,Moschus,Moschus cupreus,"Grubb, 1982",NA,NA,NA,EN,Kashmir Muskdeer
5109,136751,ANIMALIA,CHORDATA,MAMMALIA,RODENTIA,ECHIMYIDAE,Isothrix,Isothrix negrensis,"Thomas, 1920",NA,NA,NA,LC,NA
5110,136752,ANIMALIA,CHORDATA,MAMMALIA,CHIROPTERA,MINIOPTERIDAE,Miniopterus,Miniopterus griveaudi,"Harrison, 1959",NA,NA,NA,DD,NA
5111,136753,ANIMALIA,CHORDATA,MAMMALIA,RODENTIA,CRICETIDAE,Akodon,Akodon philipmyersi,"Pardiñas, D'Elia, Cirignoli &amp; Suarez, 2005",NA,NA,NA,DD,NA
5112,136754,ANIMALIA,CHORDATA,MAMMALIA,CHIROPTERA,VESPERTILIONIDAE,Lasiurus,Lasiurus insularis,"Hall &amp; Jones, 1961",NA,NA,NA,VU,Cuban Yellow Bat
5113,136755,ANIMALIA,CHORDATA,MAMMALIA,DASYUROMORPHIA,DASYURIDAE,Antechinus,Antechinus subtropicus,"Van Dyck &amp; Crowther, 2000",NA,NA,NA,LC,Subtropical Antechinus
5114,136756,ANIMALIA,CHORDATA,MAMMALIA,RODENTIA,CRICETIDAE,Nectomys,Nectomys apicalis,"Peters, 1861",NA,NA,NA,LC,NA
5115,136757,ANIMALIA,CHORDATA,MAMMALIA,EULIPOTYPHLA,SORICIDAE,Cryptotis,Cryptotis tropicalis,"(Merriam, 1895)",NA,NA,NA,DD,Tropical Small-eared Shrew
5116,136758,ANIMALIA,CHORDATA,MAMMALIA,RODENTIA,CTENOMYIDAE,Ctenomys,Ctenomys viperinus,"Thomas, 1926",NA,NA,NA,DD,Vipos Tuco-tuco
5117,136759,ANIMALIA,CHORDATA,MAMMALIA,RODENTIA,CRICETIDAE,Rhipidomys,Rhipidomys gardneri,"Patton, da Silva &amp; Malcolm, 2000",NA,NA,NA,LC,NA
5118,136760,ANIMALIA,CHORDATA,MAMMALIA,EULIPOTYPHLA,SORICIDAE,Chodsigoa,Chodsigoa sodalis,"Thomas, 1913",NA,NA,NA,DD,Lesser Taiwanese Shrew
5119,136761,ANIMALIA,CHORDATA,MAMMALIA,PRIMATES,LEPILEMURIDAE,Lepilemur,Lepilemur hubbardorum,"Louis Jr., Engberg, Lei, Geng, Sommer, Randriamampionona, Randriamanana, Zaonarivelo, Andriantompohavana, Randria, Prosper, Ramaromilanto, Rakotoarisoa, Rooney &amp; Brenneman, 2006",NA,NA,NA,EN,Hubbard's Sportive Lemur
5120,136762,ANIMALIA,CHORDATA,MAMMALIA,RODENTIA,CRICETIDAE,Thomasomys,Thomasomys hudsoni,"Anthony, 1923",NA,NA,NA,VU,NA
5121,136763,ANIMALIA,CHORDATA,MAMMALIA,RODENTIA,MURIDAE,Pogonomys,Pogonomys fergussoniensis,"Laurie, 1952",NA,NA,NA,EN,D’entrecasteaux Archipelago Pogonomys
5122,136764,ANIMALIA,CHORDATA,MAMMALIA,RODENTIA,MURIDAE,Melomys,Melomys lutillus,"(Thomas, 1913)",NA,NA,NA,LC,Grassland Melomys
5123,136765,ANIMALIA,CHORDATA,MAMMALIA,CHIROPTERA,VESPERTILIONIDAE,Nyctalus,Nyctalus furvus,"Imaizumi &amp; Yoshiyuki, 1968",NA,NA,NA,EN,Japanese Noctule
5124,136766,ANIMALIA,CHORDATA,MAMMALIA,RODENTIA,CRICETIDAE,Arvicola,Arvicola scherman,"(Shaw, 1801)",NA,NA,NA,LC,Montane Water Vole
5125,136767,ANIMALIA,CHORDATA,MAMMALIA,PRIMATES,INDRIIDAE,Avahi,Avahi betsileo,"Andriantompohavana, Lei, Zaonarivelo, Engberg, Nalanirina, McGuire, Shore, Andrianasolo, Herrington, Brenneman &amp; Louis Jr., 2007",NA,NA,NA,EN,Betsileo Woolly Lemur
5126,136768,ANIMALIA,CHORDATA,MAMMALIA,CHIROPTERA,PTEROPODIDAE,Eonycteris,Eonycteris robusta,"Miller, 1913",NA,NA,NA,VU,Philippine Dawn Bat
5127,136769,ANIMALIA,CHORDATA,MAMMALIA,CHIROPTERA,VESPERTILIONIDAE,Pipistrellus,Pipistrellus murrayi,"Andrews, 1900",NA,NA,NA,EX,Christmas Island Pipistrelle
5128,136770,ANIMALIA,CHORDATA,MAMMALIA,CHIROPTERA,VESPERTILIONIDAE,Myotis,Myotis moluccarum,"(Thomas, 1915)",NA,NA,NA,LC,Maluku Myotis
5129,136771,ANIMALIA,CHORDATA,MAMMALIA,PRIMATES,LEPILEMURIDAE,Lepilemur,Lepilemur grewcockorum,"Louis Jr., Engberg, Lei, Geng, Sommer, Randriamampionona, Randriamanana, Zaonarivelo, Andriantompohavana, Randria, Prosper, Ramaromilanto, Rakotoarisoa, Rooney, &amp; Brenneman, 2006",NA,NA,NA,CR,Grewcock's Sportive Lemur
5130,136772,ANIMALIA,CHORDATA,MAMMALIA,RODENTIA,CRICETIDAE,Tapecomys,Tapecomys primus,"Anderson &amp; Yates, 2000",NA,NA,NA,LC,NA
5131,136773,ANIMALIA,CHORDATA,MAMMALIA,RODENTIA,MURIDAE,Uromys,Uromys boeadii,"Groves &amp; Flannery, 1994",NA,NA,NA,CR,Biak Giant Rat
5132,136774,ANIMALIA,CHORDATA,MAMMALIA,CHIROPTERA,VESPERTILIONIDAE,Scotophilus,Scotophilus marovaza,"Goodman, Ratrimomanarivo &amp; Randrianandrianina, 2006",NA,NA,NA,LC,Marovaza House Bat
5133,136775,ANIMALIA,CHORDATA,MAMMALIA,RODENTIA,CRICETIDAE,Chibchanomys,Chibchanomys orcesi,"Jenkins &amp; Barnett, 1997",NA,NA,NA,DD,Las Cajas Ichthyomyine
5134,136776,ANIMALIA,CHORDATA,MAMMALIA,CHIROPTERA,PTEROPODIDAE,Harpyionycteris,Harpyionycteris celebensis,"Miller &amp; Hollister, 1921",NA,NA,NA,NT,Sulawesi Harpy Fruit Bat
5135,136777,ANIMALIA,CHORDATA,MAMMALIA,CHIROPTERA,NATALIDAE,Natalus,Natalus primus,"Anthony, 1919",NA,NA,NA,VU,Cuban Greater Funnel-eared Bat
5136,136778,ANIMALIA,CHORDATA,MAMMALIA,CHIROPTERA,PHYLLOSTOMIDAE,Sturnira,Sturnira sorianoi,"Sánchez-Hernández, Romero-Almaraz &amp; Schnell, 2005",NA,NA,NA,DD,NA
5137,136779,ANIMALIA,CHORDATA,MAMMALIA,EULIPOTYPHLA,SORICIDAE,Sorex,Sorex maritimensis,"Smith, 1939",NA,NA,NA,LC,Maritime Shrew
5138,136780,ANIMALIA,CHORDATA,MAMMALIA,EULIPOTYPHLA,SORICIDAE,Cryptotis,Cryptotis tamensis,"Woodman, 2002",NA,NA,NA,LC,Tamá Small-eared Shrew
5139,136781,ANIMALIA,CHORDATA,MAMMALIA,EULIPOTYPHLA,SORICIDAE,Crocidura,Crocidura hutanis,"Ruedi &amp; Vogel, 1995",NA,NA,NA,LC,Hutan Shrew
5140,136782,ANIMALIA,CHORDATA,MAMMALIA,CHIROPTERA,PHYLLOSTOMIDAE,Carollia,Carollia manu,"Pacheco, Solari &amp; Velazco, 2004",NA,NA,NA,LC,Manu Short-tailed Bat
5141,136783,ANIMALIA,CHORDATA,MAMMALIA,EULIPOTYPHLA,SORICIDAE,Crocidura,Crocidura rapax,"G. Allen, 1923",NA,NA,NA,DD,Chinese White-toothed Shrew
5142,136784,ANIMALIA,CHORDATA,MAMMALIA,CHIROPTERA,VESPERTILIONIDAE,Myotis,Myotis melanorhinus,"Merriam, 1890",NA,NA,NA,LC,Dark-nosed Small-footed Myotis
5143,136785,ANIMALIA,CHORDATA,MAMMALIA,RODENTIA,MURIDAE,Rattus,Rattus omichlodes,"(Misonne, 1979)",NA,NA,NA,DD,Arianus's Rat
5144,136786,ANIMALIA,CHORDATA,MAMMALIA,EULIPOTYPHLA,SORICIDAE,Crocidura,Crocidura negligens,"Robinson &amp; Kloss, 1914",NA,NA,NA,LC,Peninsular Shrew
5145,136787,ANIMALIA,CHORDATA,MAMMALIA,PRIMATES,ATELIDAE,Alouatta,Alouatta puruensis,"Lönnberg, 1941",NA,NA,NA,VU,Purús Red Howler Monkey
5146,136789,ANIMALIA,CHORDATA,MAMMALIA,EULIPOTYPHLA,SORICIDAE,Cryptotis,Cryptotis alticola,"(Merriam, 1895)",NA,NA,NA,DD,Central Mexican Broad-clawed Shrew
5147,136790,ANIMALIA,CHORDATA,MAMMALIA,CHIROPTERA,EMBALLONURIDAE,Peropteryx,Peropteryx trinitatis,"Miller, 1899",NA,NA,NA,DD,Trinidad Dog-like Bat
5148,136791,ANIMALIA,CHORDATA,MAMMALIA,PRIMATES,CERCOPITHECIDAE,Rungwecebus,Rungwecebus kipunji,"(Ehardt, Butynski, Jones &amp; Davenport, 2005)",NA,NA,NA,EN,Kipunji
5149,136792,ANIMALIA,CHORDATA,MAMMALIA,EULIPOTYPHLA,SORICIDAE,Crocidura,Crocidura lepidura,"Lyon, 1908",NA,NA,NA,LC,Sumatran Giant Shrew
5150,136793,ANIMALIA,CHORDATA,MAMMALIA,RODENTIA,CRICETIDAE,Neotoma,Neotoma leucodon,"Merriam, 1894",NA,NA,NA,LC,White-toothed Woodrat
5151,136795,ANIMALIA,CHORDATA,MAMMALIA,EULIPOTYPHLA,SORICIDAE,Cryptotis,Cryptotis colombiana,"Woodman &amp; Timm, 1993",NA,NA,NA,LC,Colombian Small-eared Shrew
5152,136796,ANIMALIA,CHORDATA,MAMMALIA,PRIMATES,LEPILEMURIDAE,Lepilemur,Lepilemur otto,"Craul, Zimmermann, Rasoloharijaona, Randrianambinina &amp; Radespiel, 2007",NA,NA,NA,EN,Otto's Sportive Lemur
5153,136797,ANIMALIA,CHORDATA,MAMMALIA,CARNIVORA,MEPHITIDAE,Spilogale,Spilogale gracilis,"Merriam, 1890",NA,NA,NA,LC,Western Spotted Skunk
5154,136798,ANIMALIA,CHORDATA,MAMMALIA,CHIROPTERA,PTEROPODIDAE,Cynopterus,Cynopterus luzoniensis,"(Peters, 1861)",NA,NA,NA,LC,Peters’s Fruit Bat
5155,136799,ANIMALIA,CHORDATA,MAMMALIA,ARTIODACTYLA,TRAGULIDAE,Moschiola,Moschiola kathygre,"Groves &amp; Meijaard, 2005",NA,NA,NA,LC,Yellow-striped Chevrotain
5156,136801,ANIMALIA,CHORDATA,MAMMALIA,RODENTIA,ECHIMYIDAE,Phyllomys,Phyllomys pattoni,"Emmons, Leite, Kock &amp; Costa, 2002",NA,NA,NA,LC,NA
5157,136802,ANIMALIA,CHORDATA,MAMMALIA,EULIPOTYPHLA,SORICIDAE,Anourosorex,Anourosorex assamensis,"Anderson, 1875",NA,NA,NA,LC,Assam Mole Shrew
5158,136803,ANIMALIA,CHORDATA,MAMMALIA,DIDELPHIMORPHIA,DIDELPHIDAE,Marmosops,Marmosops creightoni,"Voss, Tarifa &amp; Yensen, 2004",NA,NA,NA,DD,Creighton's Slender Opossum
5159,136804,ANIMALIA,CHORDATA,MAMMALIA,PRIMATES,CALLITRICHIDAE,Mico,Mico rondoni,"Ferrari, Sena, Schneider &amp; Silva Jr., 2010",NA,NA,NA,VU,Rondon’s Marmoset
5160,136805,ANIMALIA,CHORDATA,MAMMALIA,DIPROTODONTIA,POTOROIDAE,Bettongia,Bettongia pusilla,"McNamara, 1997",NA,NA,NA,EX,Nullarbor Dwarf Bettong
5161,136806,ANIMALIA,CHORDATA,MAMMALIA,RODENTIA,MURIDAE,Saxatilomys,Saxatilomys paulinae,"Musser, Smith, Robinson &amp; Lunde, 2005",NA,NA,NA,DD,Paulina’s Limestone Rat
5162,136807,ANIMALIA,CHORDATA,MAMMALIA,CHIROPTERA,VESPERTILIONIDAE,Nyctophilus,Nyctophilus nebulosus,"Parnaby, 2002",NA,NA,NA,CR,New Caledonia Long-eared Bat
5163,136808,ANIMALIA,CHORDATA,MAMMALIA,RODENTIA,MURIDAE,Pseudomys,Pseudomys calabyi,"Kitchener &amp; Humphreys, 1987",NA,NA,NA,VU,Kakadu Pebble Mouse
5164,136809,ANIMALIA,CHORDATA,MAMMALIA,CHIROPTERA,MOLOSSIDAE,Eumops,Eumops trumbulli,"Thomas, 1901",NA,NA,NA,LC,NA
5165,136810,ANIMALIA,CHORDATA,MAMMALIA,CHIROPTERA,VESPERTILIONIDAE,Rhogeessa,Rhogeessa aeneus,"Goodwin, 1958",NA,NA,NA,LC,Yucatan Yellow Bat
5166,136811,ANIMALIA,CHORDATA,MAMMALIA,EULIPOTYPHLA,SORICIDAE,Sorex,Sorex veraecrucis,"Jackson, 1925",NA,NA,NA,LC,NA
5167,136812,ANIMALIA,CHORDATA,MAMMALIA,DIPROTODONTIA,MACROPODIDAE,Dendrolagus,Dendrolagus stellarum,"Flannery &amp; Seri, 1990",NA,NA,NA,VU,Seri’s Tree Kangaroo
5168,136813,ANIMALIA,CHORDATA,MAMMALIA,RODENTIA,CRICETIDAE,Oxymycterus,Oxymycterus dasytrichus,"(Schinz, 1821)",NA,NA,NA,LC,NA
5169,136815,ANIMALIA,CHORDATA,MAMMALIA,PRIMATES,PITHECIIDAE,Plecturocebus,Plecturocebus aureipalatii,"Wallace, Gómez, Felton &amp; Felton, 2006",NA,NA,NA,LC,Madidi Titi Monkey
5170,136816,ANIMALIA,CHORDATA,MAMMALIA,RODENTIA,MURIDAE,Apodemus,Apodemus epimelas,"(Nehring, 1902)",NA,NA,NA,LC,Western Broad-toothed Field Mouse
5171,136817,ANIMALIA,CHORDATA,MAMMALIA,CHIROPTERA,VESPERTILIONIDAE,Kerivoula,Kerivoula titania,"Bates, Struebig, Hayes, Furey, Mya Mya, Thong, Tien, Son, Harrison, Francis &amp; Csorba, 2007",NA,NA,NA,LC,Titania's Woolly Bat
5172,136818,ANIMALIA,CHORDATA,MAMMALIA,RODENTIA,MURIDAE,Melomys,Melomys dollmani,"Rümmler, 1935",NA,NA,NA,LC,Dollman’s Melomys
5173,136819,ANIMALIA,CHORDATA,MAMMALIA,CHIROPTERA,HIPPOSIDERIDAE,Hipposideros,Hipposideros khaokhouayensis,"Guillén-Servent &amp; Francis, 2006",NA,NA,NA,VU,Phou Khao Khouay Leaf-nosed Bat
5174,136820,ANIMALIA,CHORDATA,MAMMALIA,CHIROPTERA,VESPERTILIONIDAE,Neoromicia,Neoromicia malagasyensis,"(Peterson, Eger &amp; Mitchell, 1995)",NA,NA,NA,VU,Isalo Serotine
5175,136821,ANIMALIA,CHORDATA,MAMMALIA,RODENTIA,CRICETIDAE,Reithrodontomys,Reithrodontomys bakeri,"Bradley, Mendez-Harclerode, Hamilton &amp; Ceballos, 2004",NA,NA,NA,EN,Baker's Small-toothed Harvest Mouse
5176,136822,ANIMALIA,CHORDATA,MAMMALIA,RODENTIA,CRICETIDAE,Thomasomys,Thomasomys cinnameus,"Anthony, 1924",NA,NA,NA,LC,NA
5177,136823,ANIMALIA,CHORDATA,MAMMALIA,CHIROPTERA,VESPERTILIONIDAE,Eptesicus,Eptesicus japonensis,"Imaizumi, 1953",NA,NA,NA,VU,Japanese Short-tailed Bat
5178,136824,ANIMALIA,CHORDATA,MAMMALIA,CHIROPTERA,NATALIDAE,Natalus,Natalus jamaicensis,"Goodwin, 1959",NA,NA,NA,CR,Jamaican Greater Funnel-eared Bat
5179,136825,ANIMALIA,CHORDATA,MAMMALIA,CHIROPTERA,MOLOSSIDAE,Eumops,Eumops patagonicus,"Thomas, 1924",NA,NA,NA,LC,Patagonian Dwarf Bonneted Bat
5180,136826,ANIMALIA,CHORDATA,MAMMALIA,RODENTIA,CTENOMYIDAE,Ctenomys,Ctenomys tulduco,"Thomas, 1921",NA,NA,NA,DD,NA
5181,136827,ANIMALIA,CHORDATA,MAMMALIA,CHIROPTERA,MINIOPTERIDAE,Miniopterus,Miniopterus shortridgei,"Laurie &amp; Hill, 1957",NA,NA,NA,DD,Shortridge's Long-fingered Bat
5182,136828,ANIMALIA,CHORDATA,MAMMALIA,CHIROPTERA,VESPERTILIONIDAE,Nyctalus,Nyctalus plancyi,"Gerbe, 1880",NA,NA,NA,LC,Chinese Noctule
5183,136829,ANIMALIA,CHORDATA,MAMMALIA,DASYUROMORPHIA,DASYURIDAE,Myoictis,Myoictis wavicus,"Tate, 1947",NA,NA,NA,DD,Tate’s Three-striped Dasyure
5184,136830,ANIMALIA,CHORDATA,MAMMALIA,DIDELPHIMORPHIA,DIDELPHIDAE,Marmosops,Marmosops neblina,"Gardner, 1990",NA,NA,NA,LC,Neblina Slender Opossum
5185,136831,ANIMALIA,CHORDATA,MAMMALIA,ARTIODACTYLA,CERVIDAE,Muntiacus,Muntiacus montanus,"Robinson &amp; Kloss, 1918",NA,NA,NA,DD,Sumatran Mountain Muntjac
5186,136833,ANIMALIA,CHORDATA,MAMMALIA,RODENTIA,CRICETIDAE,Nephelomys,Nephelomys caracolus,"(Thomas, 1914)",NA,NA,NA,LC,NA
5187,136834,ANIMALIA,CHORDATA,MAMMALIA,RODENTIA,MURIDAE,Pithecheirops,Pithecheirops otion,"Emmons, 1993",NA,NA,NA,DD,Bornean Pithecheirops
5188,136835,ANIMALIA,CHORDATA,MAMMALIA,CHIROPTERA,EMBALLONURIDAE,Paremballonura,Paremballonura tiavato,"Goodman, Cardiff, Ranivo, Russell &amp; Yoder, 2006",NA,NA,NA,LC,Western Sheath-tailed Bat
5189,136836,ANIMALIA,CHORDATA,MAMMALIA,CHIROPTERA,PTEROPODIDAE,Paranyctimene,Paranyctimene tenax,"Bergmans, 2001",NA,NA,NA,LC,Steadfast Tube-nosed Bat
5190,136837,ANIMALIA,CHORDATA,MAMMALIA,RODENTIA,HETEROMYIDAE,Chaetodipus,Chaetodipus rudinoris,"(Elliot, 1903)",NA,NA,NA,LC,Baja Pocket Mouse
5191,136838,ANIMALIA,CHORDATA,MAMMALIA,EULIPOTYPHLA,SORICIDAE,Cryptotis,Cryptotis orophila,"(J.A. Allen, 1895)",NA,NA,NA,DD,Central American Least Shrew
5192,136839,ANIMALIA,CHORDATA,MAMMALIA,DASYUROMORPHIA,DASYURIDAE,Myoictis,Myoictis wallacei,"(Gray, 1858)",NA,NA,NA,LC,Wallace's Three-striped Dasyure
5193,136840,ANIMALIA,CHORDATA,MAMMALIA,RODENTIA,GEOMYIDAE,Geomys,Geomys breviceps,"Baird, 1855",NA,NA,NA,LC,Baird's Pocket Gopher
5194,136841,ANIMALIA,CHORDATA,MAMMALIA,CHIROPTERA,PTEROPODIDAE,Pteropus,Pteropus intermedius,"K. Andersen, 1908",NA,NA,NA,DD,Andersen's Flying Fox
5195,136842,ANIMALIA,CHORDATA,MAMMALIA,DIDELPHIMORPHIA,DIDELPHIDAE,Marmosops,Marmosops ocellatus,"(Tate, 1931)",NA,NA,NA,LC,Spectacled Slender Opossum
5196,136843,ANIMALIA,CHORDATA,MAMMALIA,PRIMATES,LEPILEMURIDAE,Lepilemur,Lepilemur ahmansoni,"Louis Jr., Engberg, Lei, Geng, Sommer, Randriamampionona, Randriamanana, Zaonarivelo, Andriantompohavana, Randria, Prosper, Ramaromilanto, Rakotoarisoa, Rooney &amp; Brenneman, 2006",NA,NA,NA,CR,Ahmanson’s Sportive Lemur
5197,136844,ANIMALIA,CHORDATA,MAMMALIA,DIDELPHIMORPHIA,DIDELPHIDAE,Marmosa,Marmosa paraguayana,"Tate, 1931",NA,NA,NA,LC,Tate's Woolly Mouse Opossum
5198,136845,ANIMALIA,CHORDATA,MAMMALIA,DIDELPHIMORPHIA,DIDELPHIDAE,Cryptonanus,Cryptonanus chacoensis,"(Tate, 1931)",NA,NA,NA,LC,Chacoan Mouse Opossum
5199,136848,ANIMALIA,CHORDATA,MAMMALIA,PRIMATES,CERCOPITHECIDAE,Papio,Papio kindae,"Lönnberg, 1919",NA,NA,NA,LC,Kinda Baboon
5200,136852,ANIMALIA,CHORDATA,MAMMALIA,PRIMATES,LORISIDAE,Perodicticus,Perodicticus edwardsi,"Bouvier, 1879",NA,NA,NA,LC,Milne-Edwards's Potto
5201,136858,ANIMALIA,CHORDATA,MAMMALIA,PRIMATES,CERCOPITHECIDAE,Colobus,Colobus caudatus,"Thomas, 1885",NA,NA,NA,VU,Mt. Kilimanjaro Guereza
5202,136865,ANIMALIA,CHORDATA,MAMMALIA,PRIMATES,CALLITRICHIDAE,Cebuella,Cebuella niveiventris,"Lönnberg, 1940",NA,NA,NA,VU,Eastern Pygmy Marmoset
5203,136875,ANIMALIA,CHORDATA,MAMMALIA,PRIMATES,LORISIDAE,Perodicticus,Perodicticus ibeanus,"Thomas, 1910",NA,NA,NA,LC,East African Potto
5204,136885,ANIMALIA,CHORDATA,MAMMALIA,PRIMATES,CERCOPITHECIDAE,Cercopithecus,Cercopithecus denti,"Thomas, 1907",NA,NA,NA,LC,Dent’s Monkey
5205,136912,ANIMALIA,CHORDATA,MAMMALIA,PRIMATES,CERCOPITHECIDAE,Presbytis,Presbytis sumatranus,"(Müller &amp; Schlegel, 1841)",NA,NA,NA,EN,NA
5206,136920,ANIMALIA,CHORDATA,MAMMALIA,PRIMATES,CERCOPITHECIDAE,Trachypithecus,Trachypithecus crepusculus,"(Elliot, 1909)",NA,NA,NA,EN,Indochinese Gray Langur
5207,136926,ANIMALIA,CHORDATA,MAMMALIA,PRIMATES,CALLITRICHIDAE,Cebuella,Cebuella pygmaea,"(Spix, 1823)",NA,NA,NA,VU,Western Pygmy Marmoset
5208,136930,ANIMALIA,CHORDATA,MAMMALIA,PRIMATES,CERCOPITHECIDAE,Cercopithecus,Cercopithecus campbelli,"Waterhouse, 1838",NA,NA,NA,NT,Campbell’s Monkey
5209,136931,ANIMALIA,CHORDATA,MAMMALIA,PRIMATES,CERCOPITHECIDAE,Cercopithecus,Cercopithecus lowei,"Thomas, 1923",NA,NA,NA,VU,Lowe's Monkey
5210,136933,ANIMALIA,CHORDATA,MAMMALIA,PRIMATES,CERCOPITHECIDAE,Cercocebus,Cercocebus atys,"(Audebert, 1797)",NA,NA,NA,VU,Sooty Mangabey
5211,136939,ANIMALIA,CHORDATA,MAMMALIA,PRIMATES,CERCOPITHECIDAE,Piliocolobus,Piliocolobus rufomitratus,"(Peters, 1879)",NA,NA,NA,CR,Tana River Red Colobus
5212,165924,ANIMALIA,CHORDATA,MAMMALIA,MACROSCELIDEA,MACROSCELIDIDAE,Elephantulus,Elephantulus pilicaudus,"Smit, 2008",NA,NA,NA,DD,Karoo Rock Sengi
5213,165925,ANIMALIA,CHORDATA,MAMMALIA,RODENTIA,NESOMYIDAE,Voalavo,Voalavo antsahabensis,"Goodman, Rakotondravony, Randriamanantsoa &amp; Rakotomalala-Razanahoera, 2005",NA,NA,NA,EN,Eastern Voalavo
5214,173393,ANIMALIA,CHORDATA,MAMMALIA,PILOSA,CYCLOPEDIDAE,Cyclopes,Cyclopes didactylus,"(Linnaeus, 1758)",NA,NA,Northeastern Brazil subpopulation,DD,Silky Anteater
5215,179234,ANIMALIA,CHORDATA,MAMMALIA,PRIMATES,TARSIIDAE,Tarsius,Tarsius tumpara,"Shekelle, Groves, Merker &amp; Supriatna, 2008",NA,NA,NA,CR,Siau Island Tarsier
5216,181359,ANIMALIA,CHORDATA,MAMMALIA,ARTIODACTYLA,DELPHINIDAE,Sotalia,Sotalia guianensis,"(Van Bénéden, 1864)",NA,NA,NA,NT,Guiana Dolphin
5217,190871,ANIMALIA,CHORDATA,MAMMALIA,ARTIODACTYLA,DELPHINIDAE,Sotalia,Sotalia fluviatilis,"(Gervais &amp; Deville in Gervais, 1853)",NA,NA,NA,EN,Tucuxi
5218,194300,ANIMALIA,CHORDATA,MAMMALIA,ARTIODACTYLA,DELPHINIDAE,Tursiops,Tursiops truncatus,"(Montagu, 1821)",NA,NA,Fiordland subpopulation,CR,Fiordland Bottlenose Dolphin
5219,195277,ANIMALIA,CHORDATA,MAMMALIA,PRIMATES,TARSIIDAE,Tarsius,Tarsius wallacei,"Merker, Driller, Dahruddin, Wirdateti, Sinaga, Perwitasari-Farajallah &amp; Shekelle, 2010",NA,NA,NA,VU,Wallace’s Tarsier
5220,198920,ANIMALIA,CHORDATA,MAMMALIA,ARTIODACTYLA,PHOCOENIDAE,Neophocaena,Neophocaena phocaenoides,"(G. Cuvier, 1829)",NA,NA,NA,VU,Indo-Pacific Finless Porpoise
5221,199832,ANIMALIA,CHORDATA,MAMMALIA,DIDELPHIMORPHIA,DIDELPHIDAE,Philander,Philander olrogi,"Flores, Barquez &amp; Diaz, 2008 ",NA,NA,NA,DD,Olrog`s Four-eyed Opossum
5222,199833,ANIMALIA,CHORDATA,MAMMALIA,DIDELPHIMORPHIA,DIDELPHIDAE,Monodelphis,Monodelphis handleyi,"Solari, 2007",NA,NA,NA,DD,Handley's Short-tailed Opossum 
5223,199834,ANIMALIA,CHORDATA,MAMMALIA,DIDELPHIMORPHIA,DIDELPHIDAE,Thylamys,Thylamys pulchellus,"(Cabrera, 1934)",NA,NA,NA,LC,NA
5224,199835,ANIMALIA,CHORDATA,MAMMALIA,DIDELPHIMORPHIA,DIDELPHIDAE,Thylamys,Thylamys citellus,"(Thomas, 1912)",NA,NA,NA,LC,NA
5225,199836,ANIMALIA,CHORDATA,MAMMALIA,DIDELPHIMORPHIA,DIDELPHIDAE,Thylamys,Thylamys fenestrae,"Martin, 2009",NA,NA,NA,NT,NA
5226,199838,ANIMALIA,CHORDATA,MAMMALIA,RODENTIA,CRICETIDAE,Pennatomys,Pennatomys nivalis,"Turvey, Weksler, Morris &amp; Nokkert, 2010",NA,NA,NA,EX,Nevis Rice Rat
5227,201936,ANIMALIA,CHORDATA,MAMMALIA,DIDELPHIMORPHIA,DIDELPHIDAE,Thylamys,Thylamys pusillus,"(Desmarest, 1804)",NA,NA,NA,LC,Small Fat-tailed Opossum
5228,13508501,ANIMALIA,CHORDATA,MAMMALIA,PRIMATES,CERCOPITHECIDAE,Rhinopithecus,Rhinopithecus strykeri,"Geissmann, Ngwe Lwin, Saw Soe Aung, Thet Naing Aung, Zin Myo Aung, Tony Htin Hla, Grindley &amp; Momberg, 2011",NA,NA,NA,CR,Myanmar Snub-nosed Monkey
5229,14699281,ANIMALIA,CHORDATA,MAMMALIA,PRIMATES,PITHECIIDAE,Plecturocebus,Plecturocebus caquetensis,"Defler, Bueno &amp; García 2010",NA,NA,NA,CR,Caquetá Tití Monkey
5230,14888655,ANIMALIA,CHORDATA,MAMMALIA,DIDELPHIMORPHIA,DIDELPHIDAE,Thylamys,Thylamys pallidior,"(O. Thomas, 1902)",NA,NA,NA,LC,Pallid Fat-tailed Opossum
5231,14914835,ANIMALIA,CHORDATA,MAMMALIA,RODENTIA,ECHIMYIDAE,Isothrix,Isothrix barbarabrownae,"Patterson &amp; Velazco, 2006",NA,NA,NA,DD,Barbara Brown’s Brush-tailed Rat
5232,16208224,ANIMALIA,CHORDATA,MAMMALIA,ARTIODACTYLA,BALAENOPTERIDAE,Balaenoptera,Balaenoptera physalus,"(Linnaeus, 1758)",NA,NA,Mediterranean subpopulation,EN,Fin Whale
5233,16369383,ANIMALIA,CHORDATA,MAMMALIA,ARTIODACTYLA,DELPHINIDAE,Tursiops,Tursiops truncatus,"(Montagu, 1821)",NA,NA,Mediterranean subpopulation,LC,Common Bottlenose Dolphin
5234,16370739,ANIMALIA,CHORDATA,MAMMALIA,ARTIODACTYLA,PHYSETERIDAE,Physeter,Physeter macrocephalus,"Linnaeus, 1758",NA,NA,Mediterranean subpopulation,EN,Sperm Whale
5235,16378423,ANIMALIA,CHORDATA,MAMMALIA,ARTIODACTYLA,DELPHINIDAE,Grampus,Grampus griseus,"(G. Cuvier, 1812)",NA,NA,Mediterranean subpopulation,EN,Risso’s Dolphin
5236,16381144,ANIMALIA,CHORDATA,MAMMALIA,ARTIODACTYLA,ZIPHIIDAE,Ziphius,Ziphius cavirostris,"G. Cuvier, 1823",NA,NA,Mediterranean subpopulation,VU,Cuvier’s Beaked Whale
5237,16674437,ANIMALIA,CHORDATA,MAMMALIA,ARTIODACTYLA,DELPHINIDAE,Stenella,Stenella coeruleoalba,"(Meyen, 1833)",NA,NA,Mediterranean subpopulation,LC,Striped Dolphin
5238,16971364,ANIMALIA,CHORDATA,MAMMALIA,PRIMATES,CHEIROGALEIDAE,Microcebus,Microcebus margotmarshae,"Louis, Engberg, McGuire, McCormick, Randriamampionona, Ranaivoarisoa, Bailey, Mittermeier &amp; Lei, 2008",NA,NA,NA,EN,Margot Marsh's Mouse Lemur
5239,16971390,ANIMALIA,CHORDATA,MAMMALIA,PRIMATES,CHEIROGALEIDAE,Microcebus,Microcebus arnholdi,"Louis, Engberg, McGuire, McCormick, Randriamampionona, Ranaivoarisoa, Bailey, Mittermeier &amp; Lei, 2008",NA,NA,NA,VU,Arnhold's Mouse Lemur
5240,16971425,ANIMALIA,CHORDATA,MAMMALIA,PRIMATES,CHEIROGALEIDAE,Microcebus,Microcebus macarthurii,"Radespiel, Olivieri, Rasolofoson, Rakotondratsimba, Rakotonirainy, Rasoloharijaona, Randrianambinina, Ratsimbazafy, Ratelolahy, Randriamboavonjy, Rasolofoharivelo, Craul, Rakotozafy &amp; Randrianarison, 2008",NA,NA,NA,EN,MacArthur's Mouse Lemur
5241,16971461,ANIMALIA,CHORDATA,MAMMALIA,PRIMATES,CHEIROGALEIDAE,Microcebus,Microcebus gerpi,"Radespiel, Ratsimbazafy, Rasoloharijaona, Raveloson, Andriaholinirina, Rakotondravony, Randrianarison  &amp; Randrianambinina, 2012",NA,NA,NA,CR,Gerp's Mouse Lemur
5242,16971489,ANIMALIA,CHORDATA,MAMMALIA,PRIMATES,LEPILEMURIDAE,Lepilemur,Lepilemur hollandorum,"Ramaromilanto, Lei, Engberg, Johnson, Sitzmann &amp; Louis , 2009",NA,NA,NA,CR,Holland's Sportive Lemur
5243,16971518,ANIMALIA,CHORDATA,MAMMALIA,PRIMATES,LEPILEMURIDAE,Lepilemur,Lepilemur scottorum,"Lei, Engberg, Andriantompohavana, McGuire, Mittermeier, Zaonarivelo, Brenneman &amp; Louis, 2008",NA,NA,NA,EN,Scott's Sportive Lemur
5244,16971566,ANIMALIA,CHORDATA,MAMMALIA,PRIMATES,INDRIIDAE,Avahi,Avahi mooreorum,"Lei, Engberg, Andriantompohavana, McGuire, Mittermeier, Zaonarivelo, Brenneman &amp; Louis, 2008",NA,NA,NA,EN,Moore's Woolly Lemur
5245,16991108,ANIMALIA,CHORDATA,MAMMALIA,CARNIVORA,CANIDAE,Lycaon,Lycaon pictus,"Temminck, 1820",NA,NA,West Africa subpopulation,CR,African Wild Dog
5246,16991111,ANIMALIA,CHORDATA,MAMMALIA,CARNIVORA,CANIDAE,Lycaon,Lycaon pictus,"(Temminck, 1820)",NA,NA,North Africa subpopulation,CR,African Wild Dog
5247,45369602,ANIMALIA,CHORDATA,MAMMALIA,MACROSCELIDEA,MACROSCELIDIDAE,Macroscelides,Macroscelides proboscideus,"(Shaw, 1800)",NA,NA,NA,LC,Karoo Round-eared Sengi
5248,45369877,ANIMALIA,CHORDATA,MAMMALIA,MACROSCELIDEA,MACROSCELIDIDAE,Macroscelides,Macroscelides flavicaudatus,"Lundholm, 1955",NA,NA,NA,LC,Namib Round-eared Sengi
5249,45434566,ANIMALIA,CHORDATA,MAMMALIA,MACROSCELIDEA,MACROSCELIDIDAE,Macroscelides,Macroscelides micus,"Dumbacher, Rathbun, Osborne, Griffin &amp; Eiseb, 2014",NA,NA,NA,LC,Etendeka Round-eared Sengi
5250,45953906,ANIMALIA,CHORDATA,MAMMALIA,RODENTIA,MURIDAE,Apodemus,Apodemus avicennicus,"Darvish, Javidkar &amp; Siahsarvie, 2006",NA,NA,NA,DD,Persian Wood Mouse
5251,45953968,ANIMALIA,CHORDATA,MAMMALIA,RODENTIA,MURIDAE,Apomys,Apomys aurorae,"Heaney, Balete, Rickart, Alviola, Duya, Duya, Veluz, VandeVrede &amp; Steppan, 2011",NA,NA,NA,LC,Aurora Forest Mouse
5252,45953973,ANIMALIA,CHORDATA,MAMMALIA,RODENTIA,MURIDAE,Apomys,Apomys banahao,"Heaney, Balete, Rickart, Alviola, Duya, Duya, Veluz, VandeVrede &amp; Steppan, 2011",NA,NA,NA,LC,Banahaw Forest Mouse
5253,45953976,ANIMALIA,CHORDATA,MAMMALIA,RODENTIA,MURIDAE,Apomys,Apomys brownorum,"Heaney, Balete, Rickart, Alviola, Duya, Duya, Veluz, VandeVrede &amp; Steppan, 2011",NA,NA,NA,DD,Mt. Tapulao Forest Mouse
5254,45953979,ANIMALIA,CHORDATA,MAMMALIA,RODENTIA,MURIDAE,Apomys,Apomys magnus,"Heaney, Balete, Rickart, Alviola, Duya, Duya, Veluz, VandeVrede &amp; Steppan, 2011",NA,NA,NA,LC,Lowland Banahaw Forest Mouse
5255,45953991,ANIMALIA,CHORDATA,MAMMALIA,RODENTIA,MURIDAE,Apomys,Apomys minganensis,"Heaney, Balete, Rickart, Alviola, Duya, Duya, Veluz, VandeVrede &amp; Steppan, 2011",NA,NA,NA,LC,Mingan Forest Mouse
5256,45954010,ANIMALIA,CHORDATA,MAMMALIA,RODENTIA,MURIDAE,Apomys,Apomys sierrae,"Heaney, Balete, Rickart, Alviola, Duya, Duya, Veluz, VandeVrede &amp; Steppan, 2011",NA,NA,NA,LC,Sierra Madre Forest Mouse
5257,45954013,ANIMALIA,CHORDATA,MAMMALIA,RODENTIA,MURIDAE,Apomys,Apomys zambalensis,"Heaney, Balete, Rickart, Alviola, Duya, Duya, Veluz, VandeVrede &amp; Steppan, 2011",NA,NA,NA,LC,Zambales Forest Mouse
5258,45954066,ANIMALIA,CHORDATA,MAMMALIA,RODENTIA,MURIDAE,Archboldomys,Archboldomys maximus,"Balete, Rickart, Heaney, Alviola, M.V. Duya, M.R.M.Duya, Sosa &amp; Jansa, 2012 ",NA,NA,NA,DD,Large Cordillera Shrew Mouse
5259,45954108,ANIMALIA,CHORDATA,MAMMALIA,RODENTIA,MURIDAE,Batomys,Batomys hamiguitan,"Balete, Heaney, Rickart, Quidlat &amp; Ibanez, 2008",NA,NA,NA,DD,Hamiguitan Hairy-Tailed Rat
5260,45954204,ANIMALIA,CHORDATA,MAMMALIA,EULIPOTYPHLA,SORICIDAE,Crocidura,Crocidura phanluongi,"Jenkins, Abramov, Rozhnov &amp; Olsson, 2010",NA,NA,NA,LC,NA
5261,45954289,ANIMALIA,CHORDATA,MAMMALIA,EULIPOTYPHLA,SORICIDAE,Crocidura,Crocidura phuquocensis,"Abramov, Jenkins, Rozhnov &amp; Kalinin, 2008",NA,NA,NA,DD,NA
5262,45954331,ANIMALIA,CHORDATA,MAMMALIA,EULIPOTYPHLA,SORICIDAE,Crocidura,Crocidura sokolovi,"Jenkins, Abramov, Rozhnov &amp; Makarova, 2007",NA,NA,NA,DD,NA
5263,45954341,ANIMALIA,CHORDATA,MAMMALIA,EULIPOTYPHLA,SORICIDAE,Crocidura,Crocidura zaitsevi,"Jenkins, Abramov, Rozhnov &amp; Makarova, 2007",NA,NA,NA,DD,Mikhail Zaitsev's Shrew
5264,45954361,ANIMALIA,CHORDATA,MAMMALIA,EULIPOTYPHLA,SORICIDAE,Cryptotis,Cryptotis aroensis,"Quiroga-Carmona &amp; Molinari, 2012",NA,NA,NA,EN,NA
5265,45954370,ANIMALIA,CHORDATA,MAMMALIA,EULIPOTYPHLA,SORICIDAE,Cryptotis,Cryptotis oreoryctes,"Woodman, 2011",NA,NA,NA,DD,Yalijux Shrew
5266,45954374,ANIMALIA,CHORDATA,MAMMALIA,EULIPOTYPHLA,SORICIDAE,Myosorex,Myosorex bururiensis,"Peterhans, Hutterer, Mwanga, Ndara, Davenport, Karhagomba &amp; Udelhoven, 2010",NA,NA,NA,VU,Bururi Forest Shrew
5267,45954378,ANIMALIA,CHORDATA,MAMMALIA,EULIPOTYPHLA,SORICIDAE,Myosorex,Myosorex jejei,"Peterhans, Hutterer, Mwanga, Ndara, Davenport, Karhagomba &amp; Udelhoven, 2010",NA,NA,NA,VU,Kahuzi Swamp Shrew
5268,45954382,ANIMALIA,CHORDATA,MAMMALIA,EULIPOTYPHLA,SORICIDAE,Myosorex,Myosorex gnoskei,"Peterhans, Hutterer, Kaliba &amp; Mazibuko, 2008",NA,NA,NA,EN,Nyika Burrowing Shrew
5269,45954392,ANIMALIA,CHORDATA,MAMMALIA,EULIPOTYPHLA,SORICIDAE,Suncus,Suncus hututsi,"Peterhans &amp; Hutterer, 2009",NA,NA,NA,DD,NA
5270,45954401,ANIMALIA,CHORDATA,MAMMALIA,EULIPOTYPHLA,SORICIDAE,Surdisorex,Surdisorex schlitteri,"Peterhans, Stanley, Hutterer, Demos &amp; Agwanda, 2009",NA,NA,NA,DD,NA
5271,45954406,ANIMALIA,CHORDATA,MAMMALIA,EULIPOTYPHLA,SORICIDAE,Sylvisorex,Sylvisorex akaibei,"Mukinzi, Hutterer &amp; Barriere, 2009",NA,NA,NA,DD,Dudu Akaibe’s Pygmy Shrew
5272,45954439,ANIMALIA,CHORDATA,MAMMALIA,EULIPOTYPHLA,SORICIDAE,Sylvisorex,Sylvisorex silvanorum,"Hutterer, Riegert &amp; Sedláček, 2009",NA,NA,NA,DD,Bamenda Pygmy Shrew
5273,45955241,ANIMALIA,CHORDATA,MAMMALIA,EULIPOTYPHLA,TALPIDAE,Euroscaptor,Euroscaptor subanura,"Kawada, Nguyen &amp; Son, 2012",NA,NA,NA,DD,NA
5274,45955965,ANIMALIA,CHORDATA,MAMMALIA,RODENTIA,MURIDAE,Grammomys,Grammomys selousi,"Denys, Lalis, Lecompte, Cornette, Moulin, Makundi, Machung'u, Volobouev &amp; Aniskine, 2011",NA,NA,NA,LC,Selous Thicket Rat
5275,45955968,ANIMALIA,CHORDATA,MAMMALIA,RODENTIA,MURIDAE,Hylomyscus,Hylomyscus pamfi,"Nicolas, Olayemi, Wendelen &amp; Colyn, 2010",NA,NA,NA,DD,NA
5276,45955979,ANIMALIA,CHORDATA,MAMMALIA,RODENTIA,MURIDAE,Leopoldamys,Leopoldamys diwangkarai,"Maryanto &amp; Sinaga, 2008",NA,NA,NA,DD,Diwangkara's Long-tailed Giant Rat
5277,45957342,ANIMALIA,CHORDATA,MAMMALIA,RODENTIA,MURIDAE,Margaretamys,Margaretamys christinae,"Mortelliti, Castiglia, Amori, Maryanto &amp; Musser, 2012",NA,NA,NA,EN,Christina’s Margaretamys
5278,45958508,ANIMALIA,CHORDATA,MAMMALIA,RODENTIA,MURIDAE,Maxomys,Maxomys tajuddinii,"Achmadi, Maryanto &amp; Maharadatunkamsi, 2012",NA,NA,NA,LC,NA
5279,45958541,ANIMALIA,CHORDATA,MAMMALIA,RODENTIA,MURIDAE,Notomys,Notomys robustus,"Mahoney, Smith &amp; Medlin, 2008",NA,NA,NA,EX,Broad-cheeked Hopping-mouse
5280,45958680,ANIMALIA,CHORDATA,MAMMALIA,RODENTIA,MURIDAE,Pseudohydromys,Pseudohydromys berniceae,"Helgen &amp; Helgen, 2009",NA,NA,NA,LC,Bishop’s Moss-Mouse
5281,45958683,ANIMALIA,CHORDATA,MAMMALIA,RODENTIA,MURIDAE,Pseudohydromys,Pseudohydromys patriciae,"Helgen &amp; Helgen, 2009",NA,NA,NA,DD,Woolley’s Moss-Mouse
5282,45958686,ANIMALIA,CHORDATA,MAMMALIA,RODENTIA,MURIDAE,Pseudohydromys,Pseudohydromys sandrae,"Helgen &amp; Helgen, 2009",NA,NA,NA,DD,White-bellied Moss-Mouse
5283,45958849,ANIMALIA,CHORDATA,MAMMALIA,RODENTIA,MURIDAE,Rattus,Rattus nikenii,"Maryanto, Sinaga, Achmadi &amp; Maharadatunkamsi, 2010",NA,NA,NA,VU,Niken's Rat
5284,45958852,ANIMALIA,CHORDATA,MAMMALIA,RODENTIA,CTENOMYIDAE,Ctenomys,Ctenomys ibicuiensis,"de Freitas, Fernandes, Fornel &amp; Roratto, 2012",NA,NA,NA,DD,Tuco-tuco
5285,45958882,ANIMALIA,CHORDATA,MAMMALIA,RODENTIA,DIPODIDAE,Jaculus,Jaculus thaleri,"Darvish &amp; Hosseinie, 2005",NA,NA,NA,DD,Thaler's Jerboa
5286,45958985,ANIMALIA,CHORDATA,MAMMALIA,RODENTIA,NESOMYIDAE,Dendromus,Dendromus lachaisei,"Denys &amp; Aniskine, 2012",NA,NA,NA,DD,Lachaise's Climbing Mouse
5287,45959000,ANIMALIA,CHORDATA,MAMMALIA,RODENTIA,NESOMYIDAE,Dendromus,Dendromus ruppi,"Dieterlen, 2009",NA,NA,NA,DD,NA
5288,45959013,ANIMALIA,CHORDATA,MAMMALIA,RODENTIA,SCIURIDAE,Petaurista,Petaurista mechukaensis,"Choudhury, 2007",NA,NA,NA,DD,Mechuka Giant Flying Squirrel
5289,45959040,ANIMALIA,CHORDATA,MAMMALIA,RODENTIA,SCIURIDAE,Petaurista,Petaurista mishmiensis,"Choudhury, 2009",NA,NA,NA,NT,Mishmi Giant Flying Squirrel
5290,45959213,ANIMALIA,CHORDATA,MAMMALIA,RODENTIA,CRICETIDAE,Neodon,Neodon linzhiensis," Liu, Sun, Liu, Wang, Guo &amp; Murphy, 2012",NA,NA,NA,DD,Linzhi Mountain Vole
5291,45959327,ANIMALIA,CHORDATA,MAMMALIA,RODENTIA,CRICETIDAE,Oxymycterus,Oxymycterus wayku,"Jayat, D’Elía, Pardiñas, Miotti &amp; Ortiz, 2008",NA,NA,NA,VU,NA
5292,45959348,ANIMALIA,CHORDATA,MAMMALIA,RODENTIA,CRICETIDAE,Phyllotis,Phyllotis alisosiensis,"Ferro, Martínez &amp; Barquez, 2010",NA,NA,NA,DD,NA
5293,45959367,ANIMALIA,CHORDATA,MAMMALIA,RODENTIA,CRICETIDAE,Reithrodontomys,Reithrodontomys musseri,"Gardner &amp; Carleton, 2009",NA,NA,NA,DD,Small Harvest Mouse
5294,46205559,ANIMALIA,CHORDATA,MAMMALIA,RODENTIA,ERETHIZONTIDAE,Coendou,Coendou speratus,"Pontes, Gadelha, Melo, de Sá, Loss Junior, Costa &amp; Leite, 2013",NA,NA,NA,EN,Dwarf Porcupine
5295,46205572,ANIMALIA,CHORDATA,MAMMALIA,RODENTIA,CRICETIDAE,Drymoreomys,Drymoreomys albimaculatus,"Percequillo, Weksler &amp; Costa, 2011",NA,NA,NA,NT,NA
5296,46205590,ANIMALIA,CHORDATA,MAMMALIA,RODENTIA,MURIDAE,Paucidentomys,Paucidentomys vermidax,"Esselstyn, Achmadi &amp; Rowe, 2012",NA,NA,NA,DD,Edented Sulawesi Rat
5297,46205597,ANIMALIA,CHORDATA,MAMMALIA,RODENTIA,MURIDAE,Pseudoberylmys,Pseudoberylmys muongbangensis,"Tran, Viet, Canh &amp; Dang, 2008",NA,NA,NA,DD,NA
5298,46205609,ANIMALIA,CHORDATA,MAMMALIA,RODENTIA,MURIDAE,Soricomys,Soricomys leonardocoi,"Balete, Rickart, Heaney, Alviola, M.V.Duya, M.R.M.Duya, Sosa &amp; Jansa, 2012",NA,NA,NA,DD,Co's Shrew-Mouse
5299,46251646,ANIMALIA,CHORDATA,MAMMALIA,PRIMATES,CHEIROGALEIDAE,Microcebus,Microcebus marohita,"Rasoloarison, Weisrock, Yoder, Rakotondravony &amp; Kappeler, 2013",NA,NA,NA,CR,Marohita Mouse Lemur
5300,46675319,ANIMALIA,CHORDATA,MAMMALIA,RODENTIA,CRICETIDAE,Thomasomys,Thomasomys andersoni,"Salazar-Bravo &amp; Yates, 2007",NA,NA,NA,DD,NA
5301,47760825,ANIMALIA,CHORDATA,MAMMALIA,RODENTIA,CRICETIDAE,Abrawayaomys,Abrawayaomys ruschii,"Cunha &amp; Cruz, 1979",NA,NA,NA,LC,Ruschi's Rat
5302,47761700,ANIMALIA,CHORDATA,MAMMALIA,RODENTIA,CRICETIDAE,Abrawayaomys,Abrawayaomys chebezi,"Pardiñas, Teta &amp; D'Elía, 2009",NA,NA,NA,DD,NA
5303,47766841,ANIMALIA,CHORDATA,MAMMALIA,RODENTIA,CRICETIDAE,Oecomys,Oecomys concolor,"(Wagner, 1845)",NA,NA,NA,LC,Natterer's Oecomys
5304,47778059,ANIMALIA,CHORDATA,MAMMALIA,RODENTIA,CRICETIDAE,Rhipidomys,Rhipidomys nitela,"Thomas, 1901",NA,NA,NA,LC,Splendid Climbing Mouse
5305,47778330,ANIMALIA,CHORDATA,MAMMALIA,RODENTIA,CRICETIDAE,Rhipidomys,Rhipidomys ipukensis,"Rocha, Costa &amp; Costa, 2011",NA,NA,NA,DD,NA
5306,47781395,ANIMALIA,CHORDATA,MAMMALIA,RODENTIA,DIPODIDAE,Scarturus,Scarturus toussi,"Darvish, Hajjar, Matine, Haddad &amp; Akbary, 2008",NA,NA,NA,LC,Toussi Jerboa
5307,47783095,ANIMALIA,CHORDATA,MAMMALIA,RODENTIA,DIPODIDAE,Scarturus,Scarturus elater,"(H. Lichtenstein, 1825)",NA,NA,NA,LC,Small Five-toed Jerboa
5308,47792718,ANIMALIA,CHORDATA,MAMMALIA,RODENTIA,ECHIMYIDAE,Phyllomys,Phyllomys sulinus,"Leite, Christoff &amp; Fagundes, 2008",NA,NA,NA,DD,Southern Atlantic Tree Rat
5309,47802541,ANIMALIA,CHORDATA,MAMMALIA,RODENTIA,HETEROMYIDAE,Heteromys,Heteromys anomalus,"(Thompson, 1815)",NA,NA,NA,LC,Caribbean Spiny Pocket Mouse
5310,47802999,ANIMALIA,CHORDATA,MAMMALIA,RODENTIA,HETEROMYIDAE,Heteromys,Heteromys catopterius,"Anderson &amp; Gutiérre, 2009",NA,NA,NA,LC,Overlook Spiny Pocket Mouse
5311,47804700,ANIMALIA,CHORDATA,MAMMALIA,RODENTIA,HETEROMYIDAE,Heteromys,Heteromys desmarestianus,"Gray, 1868",NA,NA,NA,LC,Desmarest's Spiny Pocket Mouse
5312,47805694,ANIMALIA,CHORDATA,MAMMALIA,RODENTIA,MURIDAE,Acomys,Acomys spinosissimus,"Peters, 1852",NA,NA,NA,LC,Spiny Mouse
5313,47806307,ANIMALIA,CHORDATA,MAMMALIA,RODENTIA,MURIDAE,Acomys,Acomys selousi,"De Winton, 1869",NA,NA,NA,LC,Selous's Spiny Mouse
5314,47806447,ANIMALIA,CHORDATA,MAMMALIA,RODENTIA,MURIDAE,Acomys,Acomys muzei,"Verheyen, Hulsemans, Wendelen, Leirs, Corti, Backeljau &amp; Verheyen, 2011",NA,NA,NA,LC,Muze Spiny Mouse
5315,47806534,ANIMALIA,CHORDATA,MAMMALIA,RODENTIA,MURIDAE,Acomys,Acomys ngurui,"Verheyen, Hulsemans, Wendelen, Leirs, Corti, Backeljau &amp; Verheyen, 2011",NA,NA,NA,LC,Nguru Spiny Mouse
5316,47808962,ANIMALIA,CHORDATA,MAMMALIA,RODENTIA,MURIDAE,Soricomys,Soricomys montanus,"Balete, Rickart, Heaney, Alviola, M.V.Duya, M.R.M.Duya, Sosa &amp; Jansa, 2012",NA,NA,NA,LC,Southern Cordillera Shrew Mouse
5317,47967714,ANIMALIA,CHORDATA,MAMMALIA,RODENTIA,MURIDAE,Grammomys,Grammomys brevirostris,"Kryštufek, 2008",NA,NA,NA,DD,Short-snouted Thicket Rat
5318,47968266,ANIMALIA,CHORDATA,MAMMALIA,RODENTIA,MURIDAE,Hylomyscus,Hylomyscus denniae,"(Thomas, 1906)",NA,NA,NA,LC,NA
5319,47968299,ANIMALIA,CHORDATA,MAMMALIA,RODENTIA,MURIDAE,Hylomyscus,Hylomyscus arcimontensis,"Carleton &amp; Stanley, 2005",NA,NA,NA,LC,NA
5320,47968796,ANIMALIA,CHORDATA,MAMMALIA,RODENTIA,MURIDAE,Hylomyscus,Hylomyscus anselli,"(Bishop, 1979)",NA,NA,NA,LC,NA
5321,47979117,ANIMALIA,CHORDATA,MAMMALIA,RODENTIA,MURIDAE,Hylomyscus,Hylomyscus stella,"(Thomas, 1911)",NA,NA,NA,LC,NA
5322,47979811,ANIMALIA,CHORDATA,MAMMALIA,RODENTIA,MURIDAE,Hylomyscus,Hylomyscus walterverheyeni,"Nicolas, Wendelen, Barriere, Dudu &amp; Colyn, 2008",NA,NA,NA,LC,Walter Verheyen's Mouse
5323,47983297,ANIMALIA,CHORDATA,MAMMALIA,RODENTIA,MURIDAE,Leptomys,Leptomys arfakensis,"Musser, Helgen &amp; Lunde, 2008",NA,NA,NA,DD,Arfak Mountain Leptomys
5324,47989221,ANIMALIA,CHORDATA,MAMMALIA,RODENTIA,MURIDAE,Leptomys,Leptomys paulus,"Musser, Helgen &amp; Lunde, 2008",NA,NA,NA,DD,Small Leptomys
5325,47990318,ANIMALIA,CHORDATA,MAMMALIA,RODENTIA,MURIDAE,Lophuromys,Lophuromys flavopunctatus,"Thomas, 1888",NA,NA,NA,LC,Yellow-spotted Brush-furred Rat
5326,47992103,ANIMALIA,CHORDATA,MAMMALIA,RODENTIA,MURIDAE,Lophuromys,Lophuromys simensis,"Osgood, 1936",NA,NA,NA,LC,Short-tailed Brush-furred Rat
5327,47992929,ANIMALIA,CHORDATA,MAMMALIA,RODENTIA,MURIDAE,Lophuromys,Lophuromys menageshae,"Lavrenchenko, W. Verheyen, E. Verheyen, Hulseman &amp; Leirs, 2007",NA,NA,NA,DD,North Western Rift Brush-furred Rat
5328,47992974,ANIMALIA,CHORDATA,MAMMALIA,RODENTIA,MURIDAE,Lophuromys,Lophuromys chercherensis,"Lavrenchenko, W. Verheyen, E. Verheyen, Hulseman &amp; Leirs, 2007",NA,NA,NA,EN,Mount Chercher Brush-furred Rat
5329,47992992,ANIMALIA,CHORDATA,MAMMALIA,RODENTIA,MURIDAE,Lophuromys,Lophuromys pseudosikapusi,"Lavrenchenko, W. Verheyen, E. Verheyen, Hulsemans &amp; Leirs, 2007",NA,NA,NA,EN,Sheko Forest Brush-furred Rat
5330,47996434,ANIMALIA,CHORDATA,MAMMALIA,RODENTIA,MURIDAE,Lophuromys,Lophuromys stanleyi,"W. Verheyen, Hulsemans, Dierckx, Mulungu, Leirs, Corti &amp; E. Verheyen, 2007",NA,NA,NA,DD,Stanley's Brush Furred Rat
5331,47997166,ANIMALIA,CHORDATA,MAMMALIA,RODENTIA,MURIDAE,Lophuromys,Lophuromys machangui," W. Verheyen, Hulsemans, Dierckx, Mulungu, Leirs, Corti &amp; E. Verheyen, 2007",NA,NA,NA,DD,Machangu's Brush Furred Rat
5332,47997414,ANIMALIA,CHORDATA,MAMMALIA,RODENTIA,MURIDAE,Lophuromys,Lophuromys sabunii," W. Verheyen, Hulsemans, Dierckx, Mulungu, Leirs, Corti &amp; E. Verheyen, 2007",NA,NA,NA,DD,Sabuni's Brush Furred Rat
5333,47997538,ANIMALIA,CHORDATA,MAMMALIA,RODENTIA,MURIDAE,Lophuromys,Lophuromys makundii," W. Verheyen, Hulsemans, Dierckx, Mulungu, Leirs, Corti &amp; E. Verheyen, 2007",NA,NA,NA,DD,Makundi's Brush-furred Rat
5334,47998388,ANIMALIA,CHORDATA,MAMMALIA,RODENTIA,MURIDAE,Lophuromys,Lophuromys kilonzoi," W. Verheyen, Hulsemans, Dierckx, Mulungu, Leirs, Corti &amp; E. Verheyen, 2007",NA,NA,NA,LC,Kilonzo's Brush Furred Rat
5335,48002425,ANIMALIA,CHORDATA,MAMMALIA,RODENTIA,MURIDAE,Microhydromys,Microhydromys richardsoni,"Tate &amp; Archbold, 1941",NA,NA,NA,DD,NA
5336,48004865,ANIMALIA,CHORDATA,MAMMALIA,RODENTIA,MURIDAE,Microhydromys,Microhydromys argenteus,"Helgen, Leary &amp; Aplin, 2010",NA,NA,NA,DD,southern groovetoothed moss-mouse
5337,48006730,ANIMALIA,CHORDATA,MAMMALIA,RODENTIA,MURIDAE,Otomys,Otomys typus,"(Heuglin, 1877)",NA,NA,NA,LC,Typical Vlei Rat
5338,48008221,ANIMALIA,CHORDATA,MAMMALIA,RODENTIA,MURIDAE,Otomys,Otomys cheesmani,"Taylor, Lavrenchenko, Carleton, Verheyen, Bennett, Oosthuizen &amp; Maree, 2011",NA,NA,NA,CR,Cheesman's Vlei Rat
5339,48009551,ANIMALIA,CHORDATA,MAMMALIA,RODENTIA,MURIDAE,Otomys,Otomys fortior,"Thomas, 1906",NA,NA,NA,VU,Charada Vlei Rat
5340,48011421,ANIMALIA,CHORDATA,MAMMALIA,RODENTIA,MURIDAE,Otomys,Otomys helleri,"Frick, 1914",NA,NA,NA,LC,Heller's Vlei Rat
5341,48014975,ANIMALIA,CHORDATA,MAMMALIA,RODENTIA,MURIDAE,Otomys,Otomys simiensis,"Taylor, Lavrenchenko, Carleton, Verheyen, Bennett, Oosthuizen &amp; Maree, 2011",NA,NA,NA,LC,Simien Vlei Rat
5342,48016232,ANIMALIA,CHORDATA,MAMMALIA,RODENTIA,MURIDAE,Otomys,Otomys thomasi,"Osgood, 1910",NA,NA,NA,VU,Thomas's Vlei Rat
5343,48018096,ANIMALIA,CHORDATA,MAMMALIA,RODENTIA,MURIDAE,Otomys,Otomys yaldeni,"Taylor, Lavrenchenko, Carleton, Verheyen, Bennett, Oosthuizen &amp; Maree, 2011",NA,NA,NA,VU,Yalden's Vlei Rat
5344,48018185,ANIMALIA,CHORDATA,MAMMALIA,RODENTIA,MURIDAE,Otomys,Otomys zinki,"Bohmann, 1943",NA,NA,NA,VU,Mount Kilimanjaro Vlei Rat
5345,48018502,ANIMALIA,CHORDATA,MAMMALIA,RODENTIA,MURIDAE,Praomys,Praomys tullbergi,"(Thomas, 1894)",NA,NA,NA,LC,Tullberg's Soft-furred Mouse
5346,48018659,ANIMALIA,CHORDATA,MAMMALIA,RODENTIA,MURIDAE,Praomys,Praomys coetzeei,"Van der Straeten, 2008",NA,NA,NA,DD,Coetzee's Soft-furred Mouse
5347,48019838,ANIMALIA,CHORDATA,MAMMALIA,RODENTIA,MURIDAE,Pseudohydromys,Pseudohydromys ellermani,"(Laurie &amp; Hill, 1954)",NA,NA,NA,LC,NA
5348,48020705,ANIMALIA,CHORDATA,MAMMALIA,RODENTIA,MURIDAE,Pseudohydromys,Pseudohydromys pumehanae,"Helgen &amp; Helgen, 2009",NA,NA,NA,DD,Southern Small-toothed Moss-mouse 
5349,48020754,ANIMALIA,CHORDATA,MAMMALIA,RODENTIA,MURIDAE,Pseudohydromys,Pseudohydromys carlae,"Hegen &amp; Helgen, 2009",NA,NA,NA,DD,Huon Small-toothed Moss-mouse
5350,48265359,ANIMALIA,CHORDATA,MAMMALIA,RODENTIA,MURIDAE,Pseudohydromys,Pseudohydromys murinus,"Rümmler, 1934",NA,NA,NA,LC,NA
5351,48265607,ANIMALIA,CHORDATA,MAMMALIA,RODENTIA,MURIDAE,Pseudohydromys,Pseudohydromys eleanorae,"Helgen &amp; Helgen, 2009",NA,NA,NA,DD,Laurie’s Moss-mouse
5352,48265836,ANIMALIA,CHORDATA,MAMMALIA,RODENTIA,MURIDAE,Mirzamys,Mirzamys norahae,"Helgen &amp; Helgen, 2009",NA,NA,NA,DD,Mirza’s Eastern Moss-rat
5353,48266217,ANIMALIA,CHORDATA,MAMMALIA,RODENTIA,MURIDAE,Mirzamys,Mirzamys louiseae,"Helgen &amp; Helgen, 2009",NA,NA,NA,LC,Mirza’s Western Moss-rat
5354,48266448,ANIMALIA,CHORDATA,MAMMALIA,RODENTIA,MURIDAE,Pseudohydromys,Pseudohydromys occidentalis,"Tate, 1951",NA,NA,NA,DD,Western Shrew Mouse
5355,48266951,ANIMALIA,CHORDATA,MAMMALIA,RODENTIA,NESOMYIDAE,Eliurus,Eliurus carletoni,"Goodman, Raheriarisena &amp; Jansa, 2009",NA,NA,NA,LC,Ankarana Special Reserve Tufted-tailed Rat
5356,48267436,ANIMALIA,CHORDATA,MAMMALIA,RODENTIA,NESOMYIDAE,Eliurus,Eliurus antsingy,"Carleton, Goodman &amp; Rakotondravony, 2001",NA,NA,NA,DD,Tsingy Tuft-tailed Rat
5357,48267978,ANIMALIA,CHORDATA,MAMMALIA,EULIPOTYPHLA,SORICIDAE,Cryptotis,Cryptotis venezuelensis,"Quiroga-Carmona, 2013",NA,NA,NA,DD,NA
5358,48268560,ANIMALIA,CHORDATA,MAMMALIA,EULIPOTYPHLA,SORICIDAE,Cryptotis,Cryptotis meridensis,"Thomas, 1898",NA,NA,NA,VU,Merida Small-eared Shrew
5359,48269124,ANIMALIA,CHORDATA,MAMMALIA,EULIPOTYPHLA,SORICIDAE,Crocidura,Crocidura mindorus,"Miller, 1910",NA,NA,NA,DD,Mindoro Shrew
5360,48269338,ANIMALIA,CHORDATA,MAMMALIA,EULIPOTYPHLA,SORICIDAE,Crocidura,Crocidura ninoyi,"Esselstyn &amp; Goodman, 2010",NA,NA,NA,DD,Sibuyan Shrew
5361,48269568,ANIMALIA,CHORDATA,MAMMALIA,EULIPOTYPHLA,SORICIDAE,Cryptotis,Cryptotis mam,"Woodman, 2010",NA,NA,NA,DD,NA
5362,48269619,ANIMALIA,CHORDATA,MAMMALIA,EULIPOTYPHLA,SORICIDAE,Cryptotis,Cryptotis griseoventris,"Jackson, 1933",NA,NA,NA,EN,NA
5363,48269646,ANIMALIA,CHORDATA,MAMMALIA,EULIPOTYPHLA,SORICIDAE,Cryptotis,Cryptotis lacertosus,"Woodman, 2010",NA,NA,NA,DD,NA
5364,48269679,ANIMALIA,CHORDATA,MAMMALIA,EULIPOTYPHLA,SORICIDAE,Cryptotis,Cryptotis goodwini,"Jackson, 1933",NA,NA,NA,LC,Goodwin's Broad-clawed Shrew
5365,48294467,ANIMALIA,CHORDATA,MAMMALIA,EULIPOTYPHLA,SORICIDAE,Sylvisorex,Sylvisorex ollula,"Thomas, 1913",NA,NA,NA,LC,Forest Musk Shrew
5366,48294480,ANIMALIA,CHORDATA,MAMMALIA,EULIPOTYPHLA,SORICIDAE,Sylvisorex,Sylvisorex corbeti,"Hutterer &amp; Montermann, 2009",NA,NA,NA,DD,Corbet's Forest Shrew
5367,48294834,ANIMALIA,CHORDATA,MAMMALIA,RODENTIA,BATHYERGIDAE,Fukomys,Fukomys vandewoestijneae,"Van Daele, Blondé, Stjernstedt &amp; Adriaens, 2013",NA,NA,NA,DD,Caroline's Mole Rat
5368,48295791,ANIMALIA,CHORDATA,MAMMALIA,RODENTIA,BATHYERGIDAE,Fukomys,Fukomys ilariae,"Gippoliti &amp; Amori, 2011",NA,NA,NA,DD,Somali Striped Mole-rat
5369,48295808,ANIMALIA,CHORDATA,MAMMALIA,RODENTIA,CHINCHILLIDAE,Lagidium,Lagidium ahuacaense,"Ledesma, Wener, Spotorno &amp; Albuja, 2009",NA,NA,NA,DD,Ecuadorean Viscacha
5370,48296412,ANIMALIA,CHORDATA,MAMMALIA,EULIPOTYPHLA,SORICIDAE,Crocidura,Crocidura attenuata,"Milne-Edwards, 1872",NA,NA,NA,LC,Grey Shrew
5371,48296479,ANIMALIA,CHORDATA,MAMMALIA,EULIPOTYPHLA,SORICIDAE,Crocidura,Crocidura cranbrooki,"Jenkins, Lunde &amp; Moncrieff, 2009",NA,NA,NA,DD,Cranbrook's White-toothed Shrew
5372,48296764,ANIMALIA,CHORDATA,MAMMALIA,EULIPOTYPHLA,SORICIDAE,Crocidura,Crocidura annamitensis,"Jenkins, Lunde &amp; Moncrieff, 2009",NA,NA,NA,DD,Annamite shrew
5373,48296877,ANIMALIA,CHORDATA,MAMMALIA,EULIPOTYPHLA,SORICIDAE,Crocidura,Crocidura guy,"Jenkins, Lunde &amp; Moncrieff, 2009",NA,NA,NA,DD,Guy’s Shrew
5374,48297786,ANIMALIA,CHORDATA,MAMMALIA,EULIPOTYPHLA,SORICIDAE,Crocidura,Crocidura panayensis,"Hutterer, 2007",NA,NA,NA,DD,Panay White-toothed Shrew
5375,48297939,ANIMALIA,CHORDATA,MAMMALIA,EULIPOTYPHLA,SORICIDAE,Crocidura,Crocidura batakorum,"Hutterer, 2007",NA,NA,NA,DD,Batak Shrew
5376,48297964,ANIMALIA,CHORDATA,MAMMALIA,RODENTIA,CRICETIDAE,Rhipidomys,Rhipidomys itoan,"de Andrade Costa, Geise, Pereira &amp; Costa 2011",NA,NA,NA,LC,NA
5377,48297988,ANIMALIA,CHORDATA,MAMMALIA,RODENTIA,CRICETIDAE,Rhipidomys,Rhipidomys tribei,"de Andrade Costa, Geise, Pereira &amp; Costa, 2011",NA,NA,NA,DD,NA
5378,48298233,ANIMALIA,CHORDATA,MAMMALIA,RODENTIA,MURIDAE,Musseromys,Musseromys gulantang,"Heaney, Balete, Rickart, Veluz &amp; Jansa, 2009",NA,NA,NA,DD,Banahao Tree-Mouse
5379,48300296,ANIMALIA,CHORDATA,MAMMALIA,RODENTIA,CRICETIDAE,Akodon,Akodon polopi,"Jayat, Oritz, Salazar-Bravo, Pardiñas &amp; d'Elías, 2010",NA,NA,NA,LC,NA
5380,48302281,ANIMALIA,CHORDATA,MAMMALIA,RODENTIA,CRICETIDAE,Akodon,Akodon spegazzinii,"Thomas, 1897",NA,NA,NA,LC,Spegazzini’s Grass Mouse
5381,48303074,ANIMALIA,CHORDATA,MAMMALIA,RODENTIA,CRICETIDAE,Eligmodontia,Eligmodontia typus,"F. Cuvier, 1837",NA,NA,NA,LC,Lowland Gerbil Mouse
5382,48637280,ANIMALIA,CHORDATA,MAMMALIA,CARNIVORA,PROCYONIDAE,Bassaricyon,Bassaricyon neblina,"Helgen, Pinto, Kays, Helgen, Tsuchiya, Quinn, Wilson &amp; Maldonado, 2013",NA,NA,NA,NT,Olinguito
5383,48637566,ANIMALIA,CHORDATA,MAMMALIA,CARNIVORA,PROCYONIDAE,Bassaricyon,Bassaricyon alleni,"Thomas, 1880",NA,NA,NA,LC,Eastern Lowland Olingo
5384,48637802,ANIMALIA,CHORDATA,MAMMALIA,CARNIVORA,PROCYONIDAE,Bassaricyon,Bassaricyon medius,"Thomas, 1909",NA,NA,NA,LC,Western Lowland Olingo
5385,48637946,ANIMALIA,CHORDATA,MAMMALIA,CARNIVORA,PROCYONIDAE,Bassaricyon,Bassaricyon gabbii,"J.A. Allen, 1876",NA,NA,NA,LC,Northern Olingo
5386,51221900,ANIMALIA,CHORDATA,MAMMALIA,DIDELPHIMORPHIA,DIDELPHIDAE,Marmosops,Marmosops pakaraimae,"Voss, Lim, Díaz-Nieto &amp; Jansa, 2013",NA,NA,NA,VU,NA
5387,51222063,ANIMALIA,CHORDATA,MAMMALIA,PAUCITUBERCULATA,CAENOLESTIDAE,Caenolestes,Caenolestes sangay,"Ojala-Barbour, Pinto, Brito M., Albuja V., Lee Jr. &amp; Patterson, 2013",NA,NA,NA,VU,NA
5388,51342998,ANIMALIA,CHORDATA,MAMMALIA,DIDELPHIMORPHIA,DIDELPHIDAE,Monodelphis,Monodelphis peruviana,"(Osgood, 1913)",NA,NA,NA,LC,NA
5389,51343071,ANIMALIA,CHORDATA,MAMMALIA,DIDELPHIMORPHIA,DIDELPHIDAE,Monodelphis,Monodelphis adusta,"(Thomas, 1897)",NA,NA,NA,LC,Sepia Short-tailed Opossum
5390,51343307,ANIMALIA,CHORDATA,MAMMALIA,DIDELPHIMORPHIA,DIDELPHIDAE,Thylamys,Thylamys cinderella,"(Thomas, 1902)",NA,NA,NA,LC,Cinderella Fat-tailed Mouse Opossum
5391,54007828,ANIMALIA,CHORDATA,MAMMALIA,AFROSORICIDA,TENRECIDAE,Microgale,Microgale brevicaudata,"G. Grandidier, 1899",NA,NA,NA,LC,NA
5392,54008309,ANIMALIA,CHORDATA,MAMMALIA,AFROSORICIDA,TENRECIDAE,Microgale,Microgale grandidieri,"Olson, Rakotomalala, Hildebrandt, Lanier, Raxworthy &amp; Goodman, 2009",NA,NA,NA,LC,NA
5393,54010476,ANIMALIA,CHORDATA,MAMMALIA,CARNIVORA,FELIDAE,Leopardus,Leopardus guttulus,"Hensel, 1872",NA,NA,NA,VU,Southern Tiger Cat
5394,54012637,ANIMALIA,CHORDATA,MAMMALIA,CARNIVORA,FELIDAE,Leopardus,Leopardus tigrinus,"(Schreber, 1775)",NA,NA,NA,VU,Northern Tiger Cat
5395,54778911,ANIMALIA,CHORDATA,MAMMALIA,PRIMATES,CHEIROGALEIDAE,Cheirogaleus,Cheirogaleus major,"É. Geoffroy Saint-Hilaire, 1812",NA,NA,NA,VU,Geoffroy's Dwarf Lemur
5396,54940218,ANIMALIA,CHORDATA,MAMMALIA,ARTIODACTYLA,BOVIDAE,Ovis,Ovis gmelini,"Blyth, 1841",NA,NA,NA,NT,Mouflon
5397,54940655,ANIMALIA,CHORDATA,MAMMALIA,ARTIODACTYLA,BOVIDAE,Ovis,Ovis vignei,"Blyth, 1841",NA,NA,NA,VU,Urial
5398,55997072,ANIMALIA,CHORDATA,MAMMALIA,ARTIODACTYLA,CERVIDAE,Cervus,Cervus elaphus,"Linnaeus, 1758",NA,NA,NA,LC,Red Deer
5399,55997823,ANIMALIA,CHORDATA,MAMMALIA,ARTIODACTYLA,CERVIDAE,Cervus,Cervus canadensis,"Erxleben, 1777",NA,NA,NA,LC,Wapiti
5400,56003281,ANIMALIA,CHORDATA,MAMMALIA,ARTIODACTYLA,CERVIDAE,Alces,Alces alces,"(Linnaeus, 1758)",NA,NA,NA,LC,Moose
5401,59544947,ANIMALIA,CHORDATA,MAMMALIA,PRIMATES,CHEIROGALEIDAE,Microcebus,Microcebus rufus,"(É. Geoffroy, 1834)",NA,NA,NA,VU,Rufous Mouse Lemur
5402,61513537,ANIMALIA,CHORDATA,MAMMALIA,ARTIODACTYLA,BOVIDAE,Pseudois,Pseudois nayaur,"(Hodgson, 1833)",NA,NA,NA,LC,Blue Sheep
5403,64586080,ANIMALIA,CHORDATA,MAMMALIA,CHIROPTERA,RHINOLOPHIDAE,Rhinolophus,Rhinolophus hildebrandtii,"Peters, 1878",NA,NA,NA,LC,Hildebrandt's Horseshoe Bat
5404,64587154,ANIMALIA,CHORDATA,MAMMALIA,CHIROPTERA,RHINOLOPHIDAE,Rhinolophus,Rhinolophus cohenae,"Taylor, Stoffberg, Monadjem, Schoeman, Bayliss &amp; Cotterill, 2012",NA,NA,NA,VU,Cohen's Horseshoe Bat
5405,64588047,ANIMALIA,CHORDATA,MAMMALIA,CHIROPTERA,RHINOLOPHIDAE,Rhinolophus,Rhinolophus mabuensis,"Taylor, Stoffberg, Monadjem, Schoeman, Bayliss &amp; Cotterill, 2012",NA,NA,NA,EN,Mount Mabu Horseshoe Bat
5406,64588371,ANIMALIA,CHORDATA,MAMMALIA,CHIROPTERA,RHINOLOPHIDAE,Rhinolophus,Rhinolophus smithersi,"Taylor, Stoffberg, Monadjem, Schoeman, Bayliss &amp; Cotterill, 2012",NA,NA,NA,NT,Smithers's Horseshoe Bat
5407,64589126,ANIMALIA,CHORDATA,MAMMALIA,CHIROPTERA,RHINOLOPHIDAE,Rhinolophus,Rhinolophus mossambicus,"Taylor, Stoffberg, Monadjem, Schoeman, Bayliss &amp; Cotterill, 2012",NA,NA,NA,LC,Mozambican Horseshoe Bat
5408,67359364,ANIMALIA,CHORDATA,MAMMALIA,CHIROPTERA,VESPERTILIONIDAE,Neoromicia,Neoromicia robertsi,"Goodman, Taylor, Ratrimomanarivo &amp; Hoofer, 2012",NA,NA,NA,DD,NA
5409,67359375,ANIMALIA,CHORDATA,MAMMALIA,CHIROPTERA,VESPERTILIONIDAE,Neoromicia,Neoromicia roseveari,"Monadjem, Richards, Taylor &amp; Stoffberg, 2013",NA,NA,NA,EN,Rosevear's Serotine
5410,67360705,ANIMALIA,CHORDATA,MAMMALIA,CHIROPTERA,MOLOSSIDAE,Mops,Mops atsinanana,"(Goodman, Buccas, Naidoo, Ratrimomanarivo, Taylor &amp; Lamb, 2010)",NA,NA,NA,LC,Madagascar Free-tailed Bat
5411,67362271,ANIMALIA,CHORDATA,MAMMALIA,CHIROPTERA,MOLOSSIDAE,Mops,Mops pumilus,"(Cretzschmar, 1826)",NA,NA,NA,LC,Little Free-tailed Bat
5412,67363010,ANIMALIA,CHORDATA,MAMMALIA,CHIROPTERA,MOLOSSIDAE,Mops,Mops bakarii,"Stanley, 2009",NA,NA,NA,DD,NA
5413,67369483,ANIMALIA,CHORDATA,MAMMALIA,CHIROPTERA,RHINOLOPHIDAE,Rhinolophus,Rhinolophus darlingi,"K. Andersen, 1905",NA,NA,NA,LC,Darling's Horseshoe Bat
5414,67369846,ANIMALIA,CHORDATA,MAMMALIA,CHIROPTERA,RHINOLOPHIDAE,Rhinolophus,Rhinolophus damarensis,"Roberts, 1946",NA,NA,NA,LC,NA
5415,68336601,ANIMALIA,CHORDATA,MAMMALIA,CARNIVORA,EUPLERIDAE,Eupleres,Eupleres goudotii,"Doyère, 1835",NA,NA,NA,VU,Eastern Falanouc
5416,68369199,ANIMALIA,CHORDATA,MAMMALIA,CARNIVORA,MUSTELIDAE,Melogale,Melogale cucphuongensis,"Nadler, Streicher, Stefen, Schwierz &amp; Roos, 2011",NA,NA,NA,DD,NA
5417,68933833,ANIMALIA,CHORDATA,MAMMALIA,CARNIVORA,FELIDAE,Panthera,Panthera leo,"(Linnaeus, 1758)",NA,NA,West Africa subpopulation,CR,Lion
5418,70203940,ANIMALIA,CHORDATA,MAMMALIA,CARNIVORA,HERPESTIDAE,Herpestes,Herpestes javanicus,"(É. Geoffroy Saint-Hilaire, 1818)",NA,NA,NA,LC,Javan Mongoose
5419,70204120,ANIMALIA,CHORDATA,MAMMALIA,CARNIVORA,HERPESTIDAE,Herpestes,Herpestes auropunctatus,"(Hodgson, 1836)",NA,NA,NA,LC,Small Indian Mongoose
5420,70205537,ANIMALIA,CHORDATA,MAMMALIA,CARNIVORA,MUSTELIDAE,Arctonyx,Arctonyx collaris,"F.G. Cuvier, 1825",NA,NA,NA,VU,Greater Hog Badger
5421,70205771,ANIMALIA,CHORDATA,MAMMALIA,CARNIVORA,MUSTELIDAE,Arctonyx,Arctonyx hoevenii,"(Hubrecht, 1891)",NA,NA,NA,LC,Sumatran Hog Badger
5422,70206273,ANIMALIA,CHORDATA,MAMMALIA,CARNIVORA,MUSTELIDAE,Arctonyx,Arctonyx albogularis,"(Blyth, 1853)",NA,NA,NA,LC,Northern Hog Badger
5423,70207409,ANIMALIA,CHORDATA,MAMMALIA,CARNIVORA,MUSTELIDAE,Mustela,Mustela nivalis,"Linnaeus, 1766",NA,NA,NA,LC,Least Weasel
5424,70207817,ANIMALIA,CHORDATA,MAMMALIA,CARNIVORA,MUSTELIDAE,Mustela,Mustela russelliana,"Thomas, 1911",NA,NA,NA,DD,Sichuan Weasel
5425,70207949,ANIMALIA,CHORDATA,MAMMALIA,CARNIVORA,MUSTELIDAE,Mustela,Mustela tonkinensis,"Björkegren, 1941",NA,NA,NA,DD,Tonkin Weasel
5426,70330167,ANIMALIA,CHORDATA,MAMMALIA,PRIMATES,PITHECIIDAE,Chiropotes,Chiropotes sagulatus,"(Traill, 1821)",NA,NA,NA,LC,Reddish-brown bearded saki
5427,70330181,ANIMALIA,CHORDATA,MAMMALIA,PRIMATES,PITHECIIDAE,Plecturocebus,Plecturocebus vieirai,"(Gualda-Barros, Nascimento &amp; Amaral, 2012)",NA,NA,NA,CR,Vieira's Titi Monkey
5428,70333164,ANIMALIA,CHORDATA,MAMMALIA,PRIMATES,CEBIDAE,Cebus,Cebus leucocephalus,"Gray, 1865",NA,NA,NA,VU,Sierra de Perijá White-fronted Capuchin
5429,70333194,ANIMALIA,CHORDATA,MAMMALIA,PRIMATES,CEBIDAE,Cebus,Cebus unicolor,"Spix, 1823 ",NA,NA,NA,VU,Spix's White-fronted Capuchin
5430,70606542,ANIMALIA,CHORDATA,MAMMALIA,PRIMATES,PITHECIIDAE,Pithecia,Pithecia hirsuta,"Spix, 1823",NA,NA,NA,LC,Hairy Saki
5431,70609726,ANIMALIA,CHORDATA,MAMMALIA,PRIMATES,PITHECIIDAE,Pithecia,Pithecia monachus,"(É. Geoffroy Saint-Hilaire, 1812)",NA,NA,NA,LC,Monk Saki
5432,70609849,ANIMALIA,CHORDATA,MAMMALIA,PRIMATES,PITHECIIDAE,Pithecia,Pithecia inusta,"Spix, 1823",NA,NA,NA,LC,Burnished Saki
5433,70609874,ANIMALIA,CHORDATA,MAMMALIA,PRIMATES,PITHECIIDAE,Pithecia,Pithecia cazuzai,"Marsh, 2014",NA,NA,NA,DD,Cazuza's Saki
5434,70609893,ANIMALIA,CHORDATA,MAMMALIA,PRIMATES,PITHECIIDAE,Pithecia,Pithecia isabela,"Marsh, 2014",NA,NA,NA,DD,Isabel's Saki
5435,70610693,ANIMALIA,CHORDATA,MAMMALIA,PRIMATES,PITHECIIDAE,Pithecia,Pithecia mittermeieri,"Marsh, 2014",NA,NA,NA,VU,Mittermeier's Tapajós Saki
5436,70610711,ANIMALIA,CHORDATA,MAMMALIA,PRIMATES,PITHECIIDAE,Pithecia,Pithecia rylandsi,"Marsh, 2014",NA,NA,NA,VU,Rylands' Bald-faced Saki
5437,70610729,ANIMALIA,CHORDATA,MAMMALIA,PRIMATES,PITHECIIDAE,Pithecia,Pithecia pissinattii,"Marsh, 2014",NA,NA,NA,DD,Pissinatti’s Saki
5438,70610758,ANIMALIA,CHORDATA,MAMMALIA,PRIMATES,PITHECIIDAE,Pithecia,Pithecia irrorata,"Gray, 1842",NA,NA,NA,DD,Gray’s Bald-faced Saki
5439,70610874,ANIMALIA,CHORDATA,MAMMALIA,PRIMATES,CALLITRICHIDAE,Saguinus,Saguinus ursulus,"Hoffmannsegg, 1807",NA,NA,NA,VU,NA
5440,70610928,ANIMALIA,CHORDATA,MAMMALIA,PRIMATES,CEBIDAE,Saimiri,Saimiri collinsi,"Osgood, 1916",NA,NA,NA,LC,Collins' Squirrel Monkey
5441,71510353,ANIMALIA,CHORDATA,MAMMALIA,DIPROTODONTIA,POTOROIDAE,Bettongia,Bettongia anhydra,"Finlayson, 1957",NA,NA,NA,EX,Desert Bettong
5442,71529901,ANIMALIA,CHORDATA,MAMMALIA,CHIROPTERA,MOLOSSIDAE,Setirostris,Setirostris eleryi,"(Reardon &amp; McKenzie, 2008)",NA,NA,NA,NT,Hairy-nosed Freetail-bat
5443,71531227,ANIMALIA,CHORDATA,MAMMALIA,CHIROPTERA,MOLOSSIDAE,Ozimops,Ozimops lumsdenae,"(Reardon, McKenzie &amp; Adams, 2014)",NA,NA,NA,LC,Northern Free-tailed Bat
5444,71532724,ANIMALIA,CHORDATA,MAMMALIA,CHIROPTERA,MOLOSSIDAE,Ozimops,Ozimops kitcheneri,"(McKenzie, Reardon &amp; Adams, 2014)",NA,NA,NA,LC,South-western Free-tailed Bat
5445,71532803,ANIMALIA,CHORDATA,MAMMALIA,CHIROPTERA,MOLOSSIDAE,Ozimops,Ozimops halli,"(Reardon, McKenzie &amp; Adams, 2014)",NA,NA,NA,DD,Cape York Free-tailed Bat
5446,71533043,ANIMALIA,CHORDATA,MAMMALIA,CHIROPTERA,MOLOSSIDAE,Ozimops,Ozimops ridei,"(Felton, 1964)",NA,NA,NA,LC,Ride’s Free-tailed Bat
5447,71534469,ANIMALIA,CHORDATA,MAMMALIA,CHIROPTERA,MOLOSSIDAE,Ozimops,Ozimops petersi,"(Leche, 1884)",NA,NA,NA,LC,Inland Free-tailed Bat
5448,71536513,ANIMALIA,CHORDATA,MAMMALIA,CHIROPTERA,MOLOSSIDAE,Ozimops,Ozimops cobourgianus,"(Johnson, 1959)",NA,NA,NA,LC,Northern Coastal Free-tailed Bat
5449,71727235,ANIMALIA,CHORDATA,MAMMALIA,CHIROPTERA,MOLOSSIDAE,Mormopterus,Mormopterus francoismoutoui,"Goodman, Jansen van Vuuren, Ratrimomanarivo, Probst &amp; Bowie, 2008",NA,NA,NA,LC,Reunion Free-tailed Bat
5450,71732146,ANIMALIA,CHORDATA,MAMMALIA,CHIROPTERA,MOLOSSIDAE,Ozimops,Ozimops planiceps,"(Peters, 1866)",NA,NA,NA,LC,South-eastern Free-tailed Bat
5451,71733227,ANIMALIA,CHORDATA,MAMMALIA,CHIROPTERA,MOLOSSIDAE,Mormopterus,Mormopterus acetabulosus,"(Hermann, 1804)",NA,NA,NA,EN,Mauritian Free-tailed Bat
5452,72050476,ANIMALIA,CHORDATA,MAMMALIA,CARNIVORA,OTARIIDAE,Arctocephalus,Arctocephalus australis,"(Zimmermann, 1783)",NA,NA,Peruvian/Northern Chilean subpopulation,VU,Peruvian Fur Seal
5453,72261737,ANIMALIA,CHORDATA,MAMMALIA,CARNIVORA,PROCYONIDAE,Nasuella,Nasuella olivacea,(Gray 1865),NA,NA,NA,NT,Western Mountain Coati
5454,72261777,ANIMALIA,CHORDATA,MAMMALIA,CARNIVORA,PROCYONIDAE,Nasuella,Nasuella meridensis,(Thomas 1901),NA,NA,NA,EN,Eastern Mountain Coati
5455,74491261,ANIMALIA,CHORDATA,MAMMALIA,CARNIVORA,PHOCIDAE,Halichoerus,Halichoerus grypus,"(Fabricius, 1791)",NA,NA,Baltic Sea subpopulation,LC,Baltic Grey Seal
5456,75927841,ANIMALIA,CHORDATA,MAMMALIA,RODENTIA,MURIDAE,Conilurus,Conilurus capricornensis,"Cramb &amp; Hocknull, 2010",NA,NA,NA,EX,Capricorn Rabbit-rat
5457,75927871,ANIMALIA,CHORDATA,MAMMALIA,RODENTIA,MURIDAE,Pseudomys,Pseudomys australis,"Gray, 1832",NA,NA,NA,VU,Plains Mouse
5458,75927882,ANIMALIA,CHORDATA,MAMMALIA,RODENTIA,MURIDAE,Pseudomys,Pseudomys auritus,"Thomas, 1910",NA,NA,NA,EX,Long-eared Mouse
5459,76435059,ANIMALIA,CHORDATA,MAMMALIA,CHIROPTERA,VESPERTILIONIDAE,Myotis,Myotis nyctor,"LaVal &amp; Schwartz, 1974",NA,NA,NA,VU,NA
5460,76435251,ANIMALIA,CHORDATA,MAMMALIA,CHIROPTERA,VESPERTILIONIDAE,Myotis,Myotis martiniquensis,"LaVal, 1973",NA,NA,NA,NT,Schwartz's Myotis
5461,76776686,ANIMALIA,CHORDATA,MAMMALIA,CHIROPTERA,MOLOSSIDAE,Micronomus,Micronomus norfolkensis,"Gray, 1839",NA,NA,NA,NT,East-coast Free-tailed Bat
5462,80221085,ANIMALIA,CHORDATA,MAMMALIA,CHIROPTERA,EMBALLONURIDAE,Coleura,Coleura kibomalandy,"Goodman, Puechmaille, Friedli-Weyeneth, Gerlach, Ruedi, Schoeman, Stanley, &amp; Teeling 2012",NA,NA,NA,DD,Madagascar Sheath-tailed Bat
5463,80221456,ANIMALIA,CHORDATA,MAMMALIA,CHIROPTERA,HIPPOSIDERIDAE,Asellia,Asellia italosomalica,"De Beaux, 1931",NA,NA,NA,DD,Somalian Trident Bat
5464,80221529,ANIMALIA,CHORDATA,MAMMALIA,CHIROPTERA,HIPPOSIDERIDAE,Asellia,Asellia tridens," (É. Geoffroy, 1813)",NA,NA,NA,LC,Geoffroy's Trident Leaf-nosed Bat
5465,80222726,ANIMALIA,CHORDATA,MAMMALIA,CHIROPTERA,HIPPOSIDERIDAE,Asellia,Asellia arabica,"Benda, Vallo, &amp; Reiter, 2011",NA,NA,NA,DD,Arabian Trident Bat
5466,80222798,ANIMALIA,CHORDATA,MAMMALIA,CHIROPTERA,HIPPOSIDERIDAE,Hipposideros,Hipposideros einnaythu,"Douangboubpha, Bumrungsri, Satasook, Soisook, Si Si Hla Bu, Aul, Harrison, Pearch, Thomas &amp; Bates, 2011",NA,NA,NA,DD,House-dwelling Leafnosed Bat
5467,80222915,ANIMALIA,CHORDATA,MAMMALIA,CHIROPTERA,HIPPOSIDERIDAE,Hipposideros,Hipposideros griffini,"Vu Dinh Trong, Puechmaille, Denzinger, Dietz, Csorba, Bates, Teeling &amp; Schnitzler, 2012",NA,NA,NA,NT,Griffin's Leaf-nosed Bat
5468,80224148,ANIMALIA,CHORDATA,MAMMALIA,CHIROPTERA,HIPPOSIDERIDAE,Hipposideros,Hipposideros turpis,"Bangs, 1901",NA,NA,NA,EN,Lesser Leaf-nosed Bat
5469,80224655,ANIMALIA,CHORDATA,MAMMALIA,CHIROPTERA,HIPPOSIDERIDAE,Hipposideros,Hipposideros pendleburyi,"Chasen, 1936",NA,NA,NA,VU,NA
5470,80224880,ANIMALIA,CHORDATA,MAMMALIA,CHIROPTERA,HIPPOSIDERIDAE,Hipposideros,Hipposideros alongensis,"Bourret, 1942",NA,NA,NA,VU,Ha Long Leaf-nosed Bat
5471,80258800,ANIMALIA,CHORDATA,MAMMALIA,CHIROPTERA,HIPPOSIDERIDAE,Hipposideros,Hipposideros bicolor,"(Temminck, 1834)",NA,NA,NA,LC,Bicolored Leaf-nosed Bat
5472,80259774,ANIMALIA,CHORDATA,MAMMALIA,CHIROPTERA,HIPPOSIDERIDAE,Hipposideros,Hipposideros atrox,"Andersen, 1918",NA,NA,NA,LC,Lesser Bicoloured Leafnosed Bat
5473,80263386,ANIMALIA,CHORDATA,MAMMALIA,CHIROPTERA,MEGADERMATIDAE,Eudiscoderma,Eudiscoderma thongareeae,"Soisook, Prajakjitr, Karapan, Francis &amp; Bates, 2015",NA,NA,NA,CR,Thongaree’s Disc-nosed Bat
5474,80457009,ANIMALIA,CHORDATA,MAMMALIA,CHIROPTERA,HIPPOSIDERIDAE,Hipposideros,Hipposideros ater,"Templeton, 1848",NA,NA,NA,LC,Dusky Leaf-nosed Bat
5475,80458824,ANIMALIA,CHORDATA,MAMMALIA,CHIROPTERA,HIPPOSIDERIDAE,Hipposideros,Hipposideros nicobarulae,"Miller, 1902",NA,NA,NA,EN,NA
5476,80459007,ANIMALIA,CHORDATA,MAMMALIA,CHIROPTERA,HIPPOSIDERIDAE,Hipposideros,Hipposideros caffer,"(Sundevall, 1846)",NA,NA,NA,LC,Cape Leaf-nosed bat
5477,81060220,ANIMALIA,CHORDATA,MAMMALIA,CHIROPTERA,RHINONYCTERIDAE,Paratriaenops,Paratriaenops furcula,"Trouessart, 1906",NA,NA,NA,LC,Trouessart's Trident Bat
5478,81068840,ANIMALIA,CHORDATA,MAMMALIA,CHIROPTERA,RHINONYCTERIDAE,Paratriaenops,Paratriaenops pauliani,"Goodman et Ranivo, 2008",NA,NA,NA,DD,NA
5479,81069403,ANIMALIA,CHORDATA,MAMMALIA,CHIROPTERA,RHINONYCTERIDAE,Triaenops,Triaenops persicus,"Dobson, 1871",NA,NA,NA,LC,Persian Trident Bat
5480,81081036,ANIMALIA,CHORDATA,MAMMALIA,CHIROPTERA,RHINONYCTERIDAE,Triaenops,Triaenops afer,"Peters, 1877",NA,NA,NA,LC,African Trident Bat
5481,81082829,ANIMALIA,CHORDATA,MAMMALIA,CHIROPTERA,RHINONYCTERIDAE,Triaenops,Triaenops parvus,"Benda &amp; Vallo, 2009",NA,NA,NA,DD,Yemeni Trident Leaf-nosed Bat
5482,81187867,ANIMALIA,CHORDATA,MAMMALIA,CHIROPTERA,VESPERTILIONIDAE,Glischropus,Glischropus tylopus,"(Dobson, 1875)",NA,NA,NA,LC,Common Thick-thumbed Bat
5483,81189973,ANIMALIA,CHORDATA,MAMMALIA,CHIROPTERA,VESPERTILIONIDAE,Glischropus,Glischropus bucephalus,"Csorba, 2011",NA,NA,NA,LC,Indochinese Thick-thumbed Bat
5484,81237954,ANIMALIA,CHORDATA,MAMMALIA,PRIMATES,CEBIDAE,Cebus,Cebus brunneus,"Allen, 1914",NA,NA,NA,EN,Venezuelan Brown Capuchin
5485,81257277,ANIMALIA,CHORDATA,MAMMALIA,PRIMATES,CEBIDAE,Cebus,Cebus capucinus,"(Linnaeus, 1758)",NA,NA,NA,VU,Colombian White-throated Capuchin
5486,81265980,ANIMALIA,CHORDATA,MAMMALIA,PRIMATES,CEBIDAE,Cebus,Cebus imitator,"Thomas, 1903",NA,NA,NA,VU,Panamanian White-throated Capuchin
5487,81384371,ANIMALIA,CHORDATA,MAMMALIA,PRIMATES,CEBIDAE,Cebus,Cebus olivaceus,"Schomburgk, 1848",NA,NA,NA,LC,Guinan Weeper Capuchin
5488,81629742,ANIMALIA,CHORDATA,MAMMALIA,CHIROPTERA,MINIOPTERIDAE,Miniopterus,Miniopterus manavi,"Thomas, 1906",NA,NA,NA,LC,Manavil Long-fingered Bat
5489,81629758,ANIMALIA,CHORDATA,MAMMALIA,CHIROPTERA,MINIOPTERIDAE,Miniopterus,Miniopterus brachytragos,"Goodman, Maminirina, Bradman, Christidis &amp; Appleton, 2009",NA,NA,NA,LC,NA
5490,81629764,ANIMALIA,CHORDATA,MAMMALIA,CHIROPTERA,MINIOPTERIDAE,Miniopterus,Miniopterus mahafaliensis,"Goodman, Maminirina, Bradman, Christidis, &amp; Appleton, 2009",NA,NA,NA,LC,Mahafaly Long-fingered Bat
5491,81629770,ANIMALIA,CHORDATA,MAMMALIA,CHIROPTERA,MINIOPTERIDAE,Miniopterus,Miniopterus aelleni,"Goodman, Maminirina, Weyeneth, Bradman, Christidis, Ruedi &amp; Appleton, 2009",NA,NA,NA,LC,Aellen's Long-fingered Bat
5492,81633088,ANIMALIA,CHORDATA,MAMMALIA,CHIROPTERA,MINIOPTERIDAE,Miniopterus,Miniopterus pallidus,"Thomas, 1907",NA,NA,NA,NT,Pale Bent-wing Bat
5493,81633094,ANIMALIA,CHORDATA,MAMMALIA,CHIROPTERA,MINIOPTERIDAE,Miniopterus,Miniopterus gleni,"Peterson, Eger &amp; Mitchell, 1995",NA,NA,NA,LC,Glen's Long-fingered Bat
5494,81633105,ANIMALIA,CHORDATA,MAMMALIA,CHIROPTERA,MINIOPTERIDAE,Miniopterus,Miniopterus griffithsi,"Goodman, Maminirina, Bradman, Christidis &amp; Appleton, 2010",NA,NA,NA,DD,Griffiths’s Long-fingered Bat
5495,81633128,ANIMALIA,CHORDATA,MAMMALIA,CHIROPTERA,MINIOPTERIDAE,Miniopterus,Miniopterus ambohitrensis,"Goodman, Ramasindrazana, Naughton &amp; Appleton, 2015",NA,NA,NA,LC,Montagne d’Ambre Long-fingered Bat
5496,81633135,ANIMALIA,CHORDATA,MAMMALIA,CHIROPTERA,MINIOPTERIDAE,Miniopterus,Miniopterus petersoni," Goodman, Bradman, Maminirina, Ryan, Christidis &amp; Appleton, 2008",NA,NA,NA,DD,Peterson's Long-fingered Bat
5497,81633146,ANIMALIA,CHORDATA,MAMMALIA,CHIROPTERA,MINIOPTERIDAE,Miniopterus,Miniopterus egeri,"Goodman, Ramasindrazana, Maminirina, Schoeman &amp; Appleton,, 2011",NA,NA,NA,LC,Eger’s Long-fingered Bat
5498,81633156,ANIMALIA,CHORDATA,MAMMALIA,CHIROPTERA,MINIOPTERIDAE,Miniopterus,Miniopterus maghrebensis,"Puechmaille, Allegrini, Benda, Gurun, Sramek, Ibanez, Juste &amp; Bilgin, 2014",NA,NA,NA,NT,Maghrebian Bent-wing Bat
5499,82031425,ANIMALIA,CHORDATA,MAMMALIA,ARTIODACTYLA,DELPHINIDAE,Sousa,Sousa chinensis,"(Osbeck, 1765)",NA,NA,NA,VU,Indo-Pacific Humpback Dolphin
5500,82031633,ANIMALIA,CHORDATA,MAMMALIA,ARTIODACTYLA,DELPHINIDAE,Sousa,Sousa plumbea,"(G. Cuvier, 1829)",NA,NA,NA,EN,Indian Ocean Humpback Dolphin
5501,82031667,ANIMALIA,CHORDATA,MAMMALIA,ARTIODACTYLA,DELPHINIDAE,Sousa,Sousa sahulensis,"Jefferson &amp; Rosenbaum, 2014 ",NA,NA,NA,VU,Australian Humpback Dolphin
5502,82337482,ANIMALIA,CHORDATA,MAMMALIA,CARNIVORA,CANIDAE,Dusicyon,Dusicyon avus,"(Burmeister, 1866)",NA,NA,NA,EX,NA
5503,82345325,ANIMALIA,CHORDATA,MAMMALIA,CHIROPTERA,MOLOSSIDAE,Ozimops,Ozimops loriae,"(Thomas, 1897)",NA,NA,NA,DD,Loria’s Free-tailed Bat
5504,82345477,ANIMALIA,CHORDATA,MAMMALIA,CHIROPTERA,RHINOPOMATIDAE,Rhinopoma,Rhinopoma hardwickii,"Gray, 1831",NA,NA,NA,LC,Lesser Mouse-tailed Bat
5505,82345555,ANIMALIA,CHORDATA,MAMMALIA,CHIROPTERA,RHINOPOMATIDAE,Rhinopoma,Rhinopoma cystops,"Thomas, 1903",NA,NA,NA,LC,Egyptian Mouse-tailed Bat
5506,82345696,ANIMALIA,CHORDATA,MAMMALIA,CHIROPTERA,RHINOPOMATIDAE,Rhinopoma,Rhinopoma hadramauticum,"Benda, Reiter, Al-Jumaily, Nasher &amp; Hulva, 2009",NA,NA,NA,EN,Yemeni Mouse-tailed Bat
5507,82346260,ANIMALIA,CHORDATA,MAMMALIA,CHIROPTERA,RHINOLOPHIDAE,Rhinolophus,Rhinolophus willardi,"Kerbis Peterhans &amp; Fahr, 2013",NA,NA,NA,EN,Willard's Horseshoe Bat
5508,82347204,ANIMALIA,CHORDATA,MAMMALIA,CHIROPTERA,RHINOLOPHIDAE,Rhinolophus,Rhinolophus kahuzi,"Kerbis Peterhans &amp; Fahr, 2013",NA,NA,NA,EN,Kahuzi Horseshoe Bat
5509,82347791,ANIMALIA,CHORDATA,MAMMALIA,CHIROPTERA,RHINOLOPHIDAE,Rhinolophus,Rhinolophus schnitzleri,"Wu &amp; Thong, 2011",NA,NA,NA,DD,Schnitzler’s Horseshoe Bat
5510,82348077,ANIMALIA,CHORDATA,MAMMALIA,CHIROPTERA,RHINOLOPHIDAE,Rhinolophus,Rhinolophus thailandensis,"Wu, Harada &amp; Motokawa, 2009",NA,NA,NA,LC,Thai Horseshoe Bat
5511,82348701,ANIMALIA,CHORDATA,MAMMALIA,CHIROPTERA,RHINOLOPHIDAE,Rhinolophus,Rhinolophus xinanzhongguoensis,"Zhou, Guillén-Servent, Lim, Eger, Wang &amp; Jiang, 2009",NA,NA,NA,NT,Wedge-sellaed Horseshoe Bat
5512,83683065,ANIMALIA,CHORDATA,MAMMALIA,CHIROPTERA,PHYLLOSTOMIDAE,Dermanura,Dermanura glauca,"Thomas, 1893",NA,NA,NA,LC,Silver Fruit-eating Bat
5513,83683094,ANIMALIA,CHORDATA,MAMMALIA,CHIROPTERA,PHYLLOSTOMIDAE,Dermanura,Dermanura bogotensis,"Andersen, 1906",NA,NA,NA,LC,NA
5514,83683265,ANIMALIA,CHORDATA,MAMMALIA,CHIROPTERA,PHYLLOSTOMIDAE,Dermanura,Dermanura rava,"Miller, 1902",NA,NA,NA,LC,NA
5515,83683287,ANIMALIA,CHORDATA,MAMMALIA,CHIROPTERA,PHYLLOSTOMIDAE,Dermanura,Dermanura phaeotis,"Miller, 1902",NA,NA,NA,LC,Pygmy Fruit-eating Bat
5516,84372084,ANIMALIA,CHORDATA,MAMMALIA,CHIROPTERA,RHINOLOPHIDAE,Rhinolophus,Rhinolophus belligerator,"Patrick, McCulloch &amp; Ruedas, 2013",NA,NA,NA,EN,NA
5517,84372137,ANIMALIA,CHORDATA,MAMMALIA,CHIROPTERA,RHINOLOPHIDAE,Rhinolophus,Rhinolophus arcuatus,"Peters, 1871",NA,NA,NA,DD,Arcuate Horseshoe Bat
5518,84372245,ANIMALIA,CHORDATA,MAMMALIA,CHIROPTERA,RHINOLOPHIDAE,Rhinolophus,Rhinolophus mcintyrei,Hill &amp; Schlitter 1982,NA,NA,NA,DD,NA
5519,84372306,ANIMALIA,CHORDATA,MAMMALIA,CHIROPTERA,RHINOLOPHIDAE,Rhinolophus,Rhinolophus proconsulis,"Hill, 1959",NA,NA,NA,EN,NA
5520,84372418,ANIMALIA,CHORDATA,MAMMALIA,CHIROPTERA,RHINOLOPHIDAE,Rhinolophus,Rhinolophus euryotis,"Temminck, 1835",NA,NA,NA,LC,Broad-eared Horseshoe Bat
5521,84372447,ANIMALIA,CHORDATA,MAMMALIA,CHIROPTERA,RHINOLOPHIDAE,Rhinolophus,Rhinolophus tatar,"Bergmans and Rozendaal, 1982",NA,NA,NA,LC,NA
5522,84372474,ANIMALIA,CHORDATA,MAMMALIA,CHIROPTERA,RHINOLOPHIDAE,Rhinolophus,Rhinolophus chiewkweeae,"Yoshiyuki &amp; Lim, 2005",NA,NA,NA,DD,Chiewkwee’s horseshoe bat
5523,84372666,ANIMALIA,CHORDATA,MAMMALIA,CHIROPTERA,RHINOLOPHIDAE,Rhinolophus,Rhinolophus huananus,"Wu, Motokawa &amp; Harada, 2008",NA,NA,NA,LC,NA
5524,84376286,ANIMALIA,CHORDATA,MAMMALIA,CHIROPTERA,RHINOLOPHIDAE,Rhinolophus,Rhinolophus indorouxii,"Chattopadhyay, Garg, Kumar, Doss, Ramakrishnan, &amp; Kandula, 2012",NA,NA,NA,DD,NA
5525,84379218,ANIMALIA,CHORDATA,MAMMALIA,CHIROPTERA,RHINOLOPHIDAE,Rhinolophus,Rhinolophus rouxii,"Temminck, 1835",NA,NA,NA,LC,Rufous Horseshoe Bat
5526,84383122,ANIMALIA,CHORDATA,MAMMALIA,CHIROPTERA,RHINOLOPHIDAE,Rhinolophus,Rhinolophus stheno,"K. Andersen, 1905",NA,NA,NA,LC,Lesser Brown Horseshoe Bat
5527,84384558,ANIMALIA,CHORDATA,MAMMALIA,CHIROPTERA,RHINOLOPHIDAE,Rhinolophus,Rhinolophus microglobosus,"Csorba and Jenkins, 1998",NA,NA,NA,LC,Indo-Chinese Lesser Brown Horseshoe Bat
5528,84454322,ANIMALIA,CHORDATA,MAMMALIA,CHIROPTERA,PTEROPODIDAE,Balionycteris,Balionycteris maculata,"(Thomas, 1893)",NA,NA,NA,LC,Spotted-winged Fruit Bat
5529,84454980,ANIMALIA,CHORDATA,MAMMALIA,CHIROPTERA,PTEROPODIDAE,Balionycteris,Balionycteris seimundi,(Kloss 1921),NA,NA,NA,LC,Spotted-winged Fruit Bat
5530,84455300,ANIMALIA,CHORDATA,MAMMALIA,CHIROPTERA,PTEROPODIDAE,Casinycteris,Casinycteris campomaanensis,"Hassanin, 2014",NA,NA,NA,DD,Campo-Ma’an Fruit Bat
5531,84457227,ANIMALIA,CHORDATA,MAMMALIA,CHIROPTERA,PTEROPODIDAE,Desmalopex,Desmalopex microleucopterus,"Esselstyn, Garcia, Saulog &amp; Heaney, 2008",NA,NA,NA,EN,Mindoro Mottle-winged Flying Fox
5532,84457541,ANIMALIA,CHORDATA,MAMMALIA,CHIROPTERA,PTEROPODIDAE,Dyacopterus,Dyacopterus rickarti,"Helgen, Kock, Gomez, Ingle &amp; Sinaga, 2007",NA,NA,NA,EN,Rickart's Dyak Fruit Bat
5533,84457881,ANIMALIA,CHORDATA,MAMMALIA,CHIROPTERA,PTEROPODIDAE,Epomophorus,Epomophorus labiatus,"(Temminck, 1837)",NA,NA,NA,LC,Ethiopian Epauletted Fruit Bat
5534,84458822,ANIMALIA,CHORDATA,MAMMALIA,CHIROPTERA,PTEROPODIDAE,Epomophorus,Epomophorus minor,"Dobson, 1879",NA,NA,NA,LC,Minor Epauletted Fruit Bat 
5535,84459322,ANIMALIA,CHORDATA,MAMMALIA,CHIROPTERA,PTEROPODIDAE,Megaloglossus,Megaloglossus azagnyi,"Nesi, Kadjo &amp; Hassanin, 2012",NA,NA,NA,LC,Western Woermann’s Fruit Bat
5536,84462869,ANIMALIA,CHORDATA,MAMMALIA,CHIROPTERA,PTEROPODIDAE,Megaloglossus,Megaloglossus woermanni,"Pagenstecher, 1885",NA,NA,NA,LC,Woermann's Bat
5537,84463104,ANIMALIA,CHORDATA,MAMMALIA,CHIROPTERA,PTEROPODIDAE,Myonycteris,Myonycteris torquata,"(Dobson, 1878)",NA,NA,NA,LC,Little Collared Fruit Bat
5538,84463728,ANIMALIA,CHORDATA,MAMMALIA,CHIROPTERA,PTEROPODIDAE,Myonycteris,Myonycteris leptodon,"K. Andersen, 1908",NA,NA,NA,LC,Sierra Leone Collared Fruit Bat
5539,84463939,ANIMALIA,CHORDATA,MAMMALIA,CHIROPTERA,PTEROPODIDAE,Thoopterus,Thoopterus suhaniahae,"Maryanto, Yani, Prijono &amp; Wiantoro, 2012",NA,NA,NA,LC,Suhaniah Fruit Bat
5540,84464403,ANIMALIA,CHORDATA,MAMMALIA,CHIROPTERA,PTEROPODIDAE,Scotonycteris,Scotonycteris zenkeri,"Matschie, 1894",NA,NA,NA,NT,Zenker's Fruit Bat
5541,84466273,ANIMALIA,CHORDATA,MAMMALIA,CHIROPTERA,PTEROPODIDAE,Scotonycteris,Scotonycteris occidentalis,"Hayman, 1947",NA,NA,NA,LC,Hayman’s Tear-drop Fruit Bat
5542,84466436,ANIMALIA,CHORDATA,MAMMALIA,CHIROPTERA,PTEROPODIDAE,Scotonycteris,Scotonycteris bergmansi,"Hassanin, Khouider, Gembu, Goodman, Kadjo, Nesi, Pourrut, Nakouné &amp; Bonillo, 2015",NA,NA,NA,LC,Bergmans’s Fruit Bat
5543,84466713,ANIMALIA,CHORDATA,MAMMALIA,CHIROPTERA,VESPERTILIONIDAE,Scotophilus,Scotophilus andrewreborii,"Brooks &amp; Bickham, 2014",NA,NA,NA,LC,Andrew Rebori’s House Bat
5544,84466810,ANIMALIA,CHORDATA,MAMMALIA,CHIROPTERA,VESPERTILIONIDAE,Scotophilus,Scotophilus ejetai,"Brooks &amp; Bickham, 2014",NA,NA,NA,LC,Ejeta’s House Bat
5545,84466826,ANIMALIA,CHORDATA,MAMMALIA,CHIROPTERA,VESPERTILIONIDAE,Scotophilus,Scotophilus livingstonii,"Brooks &amp; Bickham, 2014",NA,NA,NA,LC,Livingstone’s House Bat
5546,84466859,ANIMALIA,CHORDATA,MAMMALIA,CHIROPTERA,VESPERTILIONIDAE,Scotophilus,Scotophilus trujilloi,"Brooks &amp; Bickham, 2014",NA,NA,NA,LC,Trujillo’s House Bat
5547,84487907,ANIMALIA,CHORDATA,MAMMALIA,CHIROPTERA,VESPERTILIONIDAE,Murina,Murina annamitica,"Francis &amp; Eger, 2012",NA,NA,NA,LC,Annam Tube-nosed Bat
5548,84487939,ANIMALIA,CHORDATA,MAMMALIA,CHIROPTERA,VESPERTILIONIDAE,Murina,Murina balaensis,"Soisook, Karapan, Satasook &amp; Bates, 2013",NA,NA,NA,CR,Bala Tube-nosed Bat
5549,84488085,ANIMALIA,CHORDATA,MAMMALIA,CHIROPTERA,VESPERTILIONIDAE,Murina,Murina beelzebub,"Son, Furey &amp; Csorba, 2011",NA,NA,NA,DD,Beelzebub Tube-nosed Bat
5550,84488443,ANIMALIA,CHORDATA,MAMMALIA,CHIROPTERA,VESPERTILIONIDAE,Murina,Murina bicolor,"Kuo, Fang, Csorba &amp; Lee, 2009",NA,NA,NA,LC,Bicolored Tube-nosed Bat
5551,84500832,ANIMALIA,CHORDATA,MAMMALIA,CHIROPTERA,VESPERTILIONIDAE,Murina,Murina gracilis,"Kuo, Fang, Csorba &amp; Lee, 2009",NA,NA,NA,LC,Taiwanese Little Tube-nosed Bat
5552,84500842,ANIMALIA,CHORDATA,MAMMALIA,CHIROPTERA,VESPERTILIONIDAE,Murina,Murina recondita,"Kuo, Fang, Csorba, &amp; Lee, 2009",NA,NA,NA,LC,Faint-colored Tube-nosed Bat
5553,84500852,ANIMALIA,CHORDATA,MAMMALIA,CHIROPTERA,VESPERTILIONIDAE,Murina,Murina fionae,"Francis &amp; Eger, 2012",NA,NA,NA,LC,Fiona’s Tube-nosed Bat
5554,84500863,ANIMALIA,CHORDATA,MAMMALIA,CHIROPTERA,VESPERTILIONIDAE,Murina,Murina chrysochaetes,"Eger &amp; Lim, 2011",NA,NA,NA,DD,Golden-haired Tube-nosed Bat
5555,84500876,ANIMALIA,CHORDATA,MAMMALIA,CHIROPTERA,VESPERTILIONIDAE,Murina,Murina lorelieae,"Eger &amp; Lim, 2011",NA,NA,NA,DD,Lorelie Tube-nosed Bat
5556,84501698,ANIMALIA,CHORDATA,MAMMALIA,CHIROPTERA,VESPERTILIONIDAE,Murina,Murina shuipuensis,"Eger &amp; Lim, 2011",NA,NA,NA,DD,Shuifu Tube-nosed Bat
5557,84547975,ANIMALIA,CHORDATA,MAMMALIA,CHIROPTERA,VESPERTILIONIDAE,Murina,Murina jaintiana,"Ruedi, Biswas &amp; Csorba, 2012",NA,NA,NA,DD,Jaintia Tube-nosed Bat
5558,84548064,ANIMALIA,CHORDATA,MAMMALIA,CHIROPTERA,VESPERTILIONIDAE,Murina,Murina pluvialis,"Ruedi, Biswas &amp; Csorba, 2012",NA,NA,NA,DD,Rainforest Tube-nosed Bat
5559,84557696,ANIMALIA,CHORDATA,MAMMALIA,CHIROPTERA,VESPERTILIONIDAE,Murina,Murina eleryi,"Furey, Thong, Bates &amp; Csorba, 2009",NA,NA,NA,LC,Elery’s Tube-nosed Bat
5560,84560827,ANIMALIA,CHORDATA,MAMMALIA,CHIROPTERA,VESPERTILIONIDAE,Murina,Murina tubinaris,"(Scully, 1881)",NA,NA,NA,DD,Scully's Tube-nosed Bat
5561,84561002,ANIMALIA,CHORDATA,MAMMALIA,CHIROPTERA,VESPERTILIONIDAE,Murina,Murina feae,"Thomas, 1891",NA,NA,NA,LC,NA
5562,84562267,ANIMALIA,CHORDATA,MAMMALIA,CHIROPTERA,VESPERTILIONIDAE,Murina,Murina walstoni,"Furey, Csorba &amp; Son, 2011",NA,NA,NA,DD,Walston’s tube-nosed bat
5563,84562293,ANIMALIA,CHORDATA,MAMMALIA,CHIROPTERA,VESPERTILIONIDAE,Murina,Murina harpioloides,"Kruskop &amp; Eger, 2008",NA,NA,NA,EN,Dalat Tube-nosed Bat
5564,84562332,ANIMALIA,CHORDATA,MAMMALIA,CHIROPTERA,VESPERTILIONIDAE,Murina,Murina ussuriensis,"Ognev, 1913",NA,NA,NA,LC,Ussuri Tube-nosed Bat
5565,84783217,ANIMALIA,CHORDATA,MAMMALIA,PERAMELEMORPHIA,PERAMELIDAE,Microperoryctes,Microperoryctes longicauda,"(Peters &amp; Doria, 1876)",NA,NA,NA,LC,Striped Bandicoot
5566,84882338,ANIMALIA,CHORDATA,MAMMALIA,CHIROPTERA,PTEROPODIDAE,Dobsonia,Dobsonia magna,"Thomas, 1905",NA,NA,NA,LC,Bare-backed Fruit Bat
5567,84882605,ANIMALIA,CHORDATA,MAMMALIA,CHIROPTERA,PTEROPODIDAE,Dobsonia,Dobsonia moluccensis,"(Quoy &amp; Gaimard, 1830)",NA,NA,NA,LC,Moluccan Naked-backed Fruit Bat
5568,84882966,ANIMALIA,CHORDATA,MAMMALIA,CHIROPTERA,PTEROPODIDAE,Pteropus,Pteropus allenorum,"Helgen, Helgen &amp; Wilson, 2009",NA,NA,NA,EX,Small Samoan Flying Fox
5569,84883915,ANIMALIA,CHORDATA,MAMMALIA,CHIROPTERA,PTEROPODIDAE,Pteropus,Pteropus ennisae,"Flannery &amp; White, 1991",NA,NA,NA,VU,New Ireland Masked Flying Fox
5570,84891540,ANIMALIA,CHORDATA,MAMMALIA,CHIROPTERA,PTEROPODIDAE,Pteropus,Pteropus capistratus,"Peters, 1876",NA,NA,NA,VU,New Britain Masked Flying Fox
5571,84931267,ANIMALIA,CHORDATA,MAMMALIA,CHIROPTERA,PTEROPODIDAE,Pteropus,Pteropus coxi,"Helgen, Helgen &amp; Wilson, 2009",NA,NA,NA,EX,Large Samoan Flying Fox
5572,85043053,ANIMALIA,CHORDATA,MAMMALIA,CHIROPTERA,PTEROPODIDAE,Pteropus,Pteropus pelagicus,"Kittlitz, 1836",NA,NA,NA,EN,Chuuk Flying Fox
5573,85180824,ANIMALIA,CHORDATA,MAMMALIA,CHIROPTERA,VESPERTILIONIDAE,Barbastella,Barbastella beijingensis,"Zhang, Han, Jones, Lin, Zhang, Zhu, Huang &amp; Zhang, 2007",NA,NA,NA,DD,Beijing Barbastelle
5574,85181182,ANIMALIA,CHORDATA,MAMMALIA,CHIROPTERA,VESPERTILIONIDAE,Barbastella,Barbastella leucomelas,"(Cretzschmar, 1826)",NA,NA,NA,LC,Eastern Barbastelle
5575,85197261,ANIMALIA,CHORDATA,MAMMALIA,CHIROPTERA,VESPERTILIONIDAE,Barbastella,Barbastella darjelingensis,"(Hodgson, 1855)",NA,NA,NA,LC,Eastern Barbastelle
5576,85197425,ANIMALIA,CHORDATA,MAMMALIA,CHIROPTERA,VESPERTILIONIDAE,Eptesicus,Eptesicus bottae,"(Peters, 1869)",NA,NA,NA,LC,Botta's Serotine
5577,85198368,ANIMALIA,CHORDATA,MAMMALIA,CHIROPTERA,VESPERTILIONIDAE,Eptesicus,Eptesicus anatolicus,"Felten, 1971",NA,NA,NA,LC,Anatolian Serotine
5578,85198662,ANIMALIA,CHORDATA,MAMMALIA,CHIROPTERA,VESPERTILIONIDAE,Eptesicus,Eptesicus ognevi,"Bobrinskii, 1918",NA,NA,NA,LC,Ognev’s Serotine
5579,85199559,ANIMALIA,CHORDATA,MAMMALIA,CHIROPTERA,VESPERTILIONIDAE,Eptesicus,Eptesicus serotinus,"(Schreber, 1774)",NA,NA,NA,LC,Serotine
5580,85200107,ANIMALIA,CHORDATA,MAMMALIA,CHIROPTERA,VESPERTILIONIDAE,Eptesicus,Eptesicus isabellinus,"(Temminck, 1840)",NA,NA,NA,LC,Meridional Serotine
5581,85200202,ANIMALIA,CHORDATA,MAMMALIA,CHIROPTERA,VESPERTILIONIDAE,Eptesicus,Eptesicus pachyomus,"Tomes, 1857",NA,NA,NA,LC,NA
5582,85200870,ANIMALIA,CHORDATA,MAMMALIA,CHIROPTERA,VESPERTILIONIDAE,Hypsugo,Hypsugo bemainty,"Goodman, Rakotondramanana, Ramasindrazana, Kearney, Maonadjem, Schoeman, Taylor, Naughton &amp; Appleton, 2015",NA,NA,NA,LC,Dark Madagascar pipistrelle
5583,85201719,ANIMALIA,CHORDATA,MAMMALIA,CHIROPTERA,VESPERTILIONIDAE,Hypsugo,Hypsugo dolichodon,"Görföl, Csorba, Eger, Truong-Son &amp; Francis, 2014",NA,NA,NA,DD,Long-toothed Pipistrelle
5584,85202881,ANIMALIA,CHORDATA,MAMMALIA,CHIROPTERA,VESPERTILIONIDAE,Hypsugo,Hypsugo lanzai,"Benda, Al-Jumaily, Reiter &amp; Nasher, 2011",NA,NA,NA,EN,Socotran Pipistrelle
5585,85289369,ANIMALIA,CHORDATA,MAMMALIA,CHIROPTERA,VESPERTILIONIDAE,Nyctophilus,Nyctophilus bifax,"Thomas, 1915",NA,NA,NA,LC,NA
5586,85289516,ANIMALIA,CHORDATA,MAMMALIA,CHIROPTERA,VESPERTILIONIDAE,Nyctophilus,Nyctophilus corbeni,"Parnaby, 2009",NA,NA,NA,VU,Corben's Long-eared Bat
5587,85289614,ANIMALIA,CHORDATA,MAMMALIA,CHIROPTERA,VESPERTILIONIDAE,Nyctophilus,Nyctophilus major,"Gray, 1844",NA,NA,NA,LC,Western Long-eared Bat
5588,85289826,ANIMALIA,CHORDATA,MAMMALIA,CHIROPTERA,VESPERTILIONIDAE,Nyctophilus,Nyctophilus daedalus,"Thomas, 1915",NA,NA,NA,LC,Pallid Long-eared Bat
5589,85289876,ANIMALIA,CHORDATA,MAMMALIA,CHIROPTERA,VESPERTILIONIDAE,Nyctophilus,Nyctophilus shirleyae,"Parnaby, 2009",NA,NA,NA,DD,Shirley's Long-eared Bat
5590,85294528,ANIMALIA,CHORDATA,MAMMALIA,CHIROPTERA,VESPERTILIONIDAE,Otonycteris,Otonycteris hemprichii,"Peters, 1859",NA,NA,NA,LC,Desert Long-eared Bat
5591,85295233,ANIMALIA,CHORDATA,MAMMALIA,CHIROPTERA,VESPERTILIONIDAE,Otonycteris,Otonycteris leucophaea,"(Severcov, 1873)",NA,NA,NA,DD,Turkestani Loong-eared Bat
5592,85333513,ANIMALIA,CHORDATA,MAMMALIA,CHIROPTERA,VESPERTILIONIDAE,Pipistrellus,Pipistrellus pipistrellus,"(Schreber, 1774)",NA,NA,NA,LC,Common Pipistrelle
5593,85333758,ANIMALIA,CHORDATA,MAMMALIA,CHIROPTERA,VESPERTILIONIDAE,Pipistrellus,Pipistrellus aladdin,"Thomas, 1905",NA,NA,NA,DD,Turkestan Pipistrelle
5594,85342580,ANIMALIA,CHORDATA,MAMMALIA,CHIROPTERA,VESPERTILIONIDAE,Tylonycteris,Tylonycteris pygmaeus,"Feng, Li &amp; Wang, 2008",NA,NA,NA,DD,NA
5595,85342605,ANIMALIA,CHORDATA,MAMMALIA,CHIROPTERA,VESPERTILIONIDAE,Myotis,Myotis annatessae,"Kruskop &amp; Borisenko, 2013",NA,NA,NA,DD,NA
5596,85342628,ANIMALIA,CHORDATA,MAMMALIA,CHIROPTERA,VESPERTILIONIDAE,Myotis,Myotis badius,"Tiunov, Kruskop &amp; Feng, 2011",NA,NA,NA,DD,Chestnut Myotis
5597,85342651,ANIMALIA,CHORDATA,MAMMALIA,CHIROPTERA,VESPERTILIONIDAE,Myotis,Myotis secundus,"Ruedi, Csorba, Lin &amp; Chou, 2015",NA,NA,NA,LC,Taiwan long-toed myotis
5598,85342662,ANIMALIA,CHORDATA,MAMMALIA,CHIROPTERA,VESPERTILIONIDAE,Myotis,Myotis soror,"Ruedi, Csorba, Lin &amp; Chou, 2015",NA,NA,NA,DD,Reddish myotis
5599,85342688,ANIMALIA,CHORDATA,MAMMALIA,CHIROPTERA,VESPERTILIONIDAE,Myotis,Myotis indochinensis,"Son, Görföl, Francis, Motokawa, Estök, Endo, Xuan Dang, Oshida &amp; Csorba, 2013",NA,NA,NA,DD,Indochinese Mouse-eared Bat
5600,85342710,ANIMALIA,CHORDATA,MAMMALIA,CHIROPTERA,VESPERTILIONIDAE,Myotis,Myotis daubentonii,"(Kuhl, 1817)",NA,NA,NA,LC,Daubenton's Bat
5601,85342726,ANIMALIA,CHORDATA,MAMMALIA,CHIROPTERA,VESPERTILIONIDAE,Myotis,Myotis petax,"Hollister, 1912",NA,NA,NA,LC,Eastern Water Bat
5602,85533333,ANIMALIA,CHORDATA,MAMMALIA,CHIROPTERA,VESPERTILIONIDAE,Plecotus,Plecotus austriacus,"(J.B. Fischer, 1829)",NA,NA,NA,NT,Grey Long-eared Bat
5603,85534953,ANIMALIA,CHORDATA,MAMMALIA,CHIROPTERA,VESPERTILIONIDAE,Plecotus,Plecotus ariel,"Thomas, 1911",NA,NA,NA,DD,NA
5604,85535146,ANIMALIA,CHORDATA,MAMMALIA,CHIROPTERA,VESPERTILIONIDAE,Plecotus,Plecotus kozlovi,"Bobrinskoj, 1926",NA,NA,NA,LC,Kozlov’s Long-eared Bat
5605,85535176,ANIMALIA,CHORDATA,MAMMALIA,CHIROPTERA,VESPERTILIONIDAE,Plecotus,Plecotus turkmenicus,"Strelkov, 1988",NA,NA,NA,LC,NA
5606,85535265,ANIMALIA,CHORDATA,MAMMALIA,CHIROPTERA,VESPERTILIONIDAE,Plecotus,Plecotus wardi,"Thomas, 1911",NA,NA,NA,LC,NA
5607,85535363,ANIMALIA,CHORDATA,MAMMALIA,CHIROPTERA,VESPERTILIONIDAE,Plecotus,Plecotus strelkovi,"Spitzenberger, 2006",NA,NA,NA,LC,Strelkov’s Long-eared Bat
5608,85535522,ANIMALIA,CHORDATA,MAMMALIA,CHIROPTERA,VESPERTILIONIDAE,Plecotus,Plecotus auritus,"(Linnaeus, 1758)",NA,NA,NA,LC,Brown Long-eared Bat
5609,85537505,ANIMALIA,CHORDATA,MAMMALIA,CHIROPTERA,VESPERTILIONIDAE,Plecotus,Plecotus homochrous,"Hodgson, 1847",NA,NA,NA,DD,Hodgson’s Long-eared Bat
5610,85537578,ANIMALIA,CHORDATA,MAMMALIA,CHIROPTERA,VESPERTILIONIDAE,Myotis,Myotis muricola,"(Gray, 1864)",NA,NA,NA,LC,Nepalese Whiskered Bat
5611,85537971,ANIMALIA,CHORDATA,MAMMALIA,CHIROPTERA,VESPERTILIONIDAE,Submyotodon,Submyotodon latirostris,"Kishida, 1932",NA,NA,NA,LC,Taiwan broad-muzzled myotis
5612,85566806,ANIMALIA,CHORDATA,MAMMALIA,CHIROPTERA,VESPERTILIONIDAE,Myotis,Myotis frater,"G.M. Allen, 1923",NA,NA,NA,LC,Fraternal Myotis
5613,85566977,ANIMALIA,CHORDATA,MAMMALIA,CHIROPTERA,VESPERTILIONIDAE,Myotis,Myotis longicaudatus,"Ognev, 1927",NA,NA,NA,LC,Long-tailed Myotis
5614,85566997,ANIMALIA,CHORDATA,MAMMALIA,CHIROPTERA,VESPERTILIONIDAE,Myotis,Myotis brandtii,"(Eversmann, 1845)",NA,NA,NA,LC,Brandt's Myotis
5615,85567062,ANIMALIA,CHORDATA,MAMMALIA,CHIROPTERA,VESPERTILIONIDAE,Myotis,Myotis sibiricus,"Kastschenko, 1905",NA,NA,NA,LC,Siberian Bat
5616,85567622,ANIMALIA,CHORDATA,MAMMALIA,CHIROPTERA,VESPERTILIONIDAE,Myotis,Myotis montivagus,"(Dobson, 1874)",NA,NA,NA,DD,Burmese Whiskered Myotis
5617,85568289,ANIMALIA,CHORDATA,MAMMALIA,CHIROPTERA,VESPERTILIONIDAE,Myotis,Myotis borneoensis,"Hill and Francis, 1984",NA,NA,NA,DD,Bornean Whiskered Myotis
5618,85568302,ANIMALIA,CHORDATA,MAMMALIA,CHIROPTERA,VESPERTILIONIDAE,Myotis,Myotis federatus,"Thomas, 1916",NA,NA,NA,DD,Malayan Whiskered Myotis
5619,85568321,ANIMALIA,CHORDATA,MAMMALIA,CHIROPTERA,VESPERTILIONIDAE,Myotis,Myotis peytoni,"Wroughton and Ryley, 1913",NA,NA,NA,DD,Peyton’s Whiskered Myotis
5620,85646524,ANIMALIA,CHORDATA,MAMMALIA,CHIROPTERA,HIPPOSIDERIDAE,Hipposideros,Hipposideros tephrus,"Cabrera, 1906",NA,NA,NA,LC,NA
5621,85646546,ANIMALIA,CHORDATA,MAMMALIA,CHIROPTERA,HIPPOSIDERIDAE,Hipposideros,Hipposideros khasiana,"Thabah, Rossiter, Kingston, Zhang, Parsons, Mya Mya, Zubaid &amp; Jones, 2006",NA,NA,NA,DD,Khasian Leaf-nosed Bat
5622,85646564,ANIMALIA,CHORDATA,MAMMALIA,CHIROPTERA,HIPPOSIDERIDAE,Hipposideros,Hipposideros larvatus,"(Horsfield, 1823)",NA,NA,NA,LC,Horsfield's Leaf-nosed Bat
5623,85707059,ANIMALIA,CHORDATA,MAMMALIA,CHIROPTERA,RHINOLOPHIDAE,Rhinolophus,Rhinolophus pusillus,"Temminck, 1834",NA,NA,NA,LC,Least Horseshoe Bat
5624,85707170,ANIMALIA,CHORDATA,MAMMALIA,CHIROPTERA,RHINOLOPHIDAE,Rhinolophus,Rhinolophus perditus,"K. Andersen, 1918",NA,NA,NA,EN,Yaeyama Little Horseshoe Bat
5625,85733126,ANIMALIA,CHORDATA,MAMMALIA,CHIROPTERA,VESPERTILIONIDAE,Myotis,Myotis escalerai,"Cabrera, 1904",NA,NA,NA,NT,Escalera’s Bat
5626,85735326,ANIMALIA,CHORDATA,MAMMALIA,CHIROPTERA,VESPERTILIONIDAE,Myotis,Myotis adversus,"(Horsfield, 1824)",NA,NA,NA,LC,Large-footed Myotis
5627,85735587,ANIMALIA,CHORDATA,MAMMALIA,CHIROPTERA,VESPERTILIONIDAE,Myotis,Myotis fimbriatus,"(Peters, 1871)",NA,NA,NA,LC,Fringed Long-footed Myotis
5628,85735909,ANIMALIA,CHORDATA,MAMMALIA,CHIROPTERA,VESPERTILIONIDAE,Myotis,Myotis rufoniger,"(Tomes, 1858)",NA,NA,NA,LC,NA
5629,85736011,ANIMALIA,CHORDATA,MAMMALIA,CHIROPTERA,VESPERTILIONIDAE,Myotis,Myotis weberi,"Jentink, 1890",NA,NA,NA,DD,Weber’s mouse-eared bat
5630,85736120,ANIMALIA,CHORDATA,MAMMALIA,CHIROPTERA,VESPERTILIONIDAE,Myotis,Myotis formosus,"(Hodgson, 1835)",NA,NA,NA,NT,Hodgson's Bat
5631,85736277,ANIMALIA,CHORDATA,MAMMALIA,CHIROPTERA,VESPERTILIONIDAE,Pipistrellus,Pipistrellus grandidieri,"(Dobson, 1876)",NA,NA,NA,DD,Dobson's Pipistrelle
5632,85822291,ANIMALIA,CHORDATA,MAMMALIA,CHIROPTERA,EMBALLONURIDAE,Peropteryx,Peropteryx pallidoptera,"Lim, Engstrom, Reid, Simmons, Voss and Fleck, 2010",NA,NA,NA,DD,NA
5633,86051353,ANIMALIA,CHORDATA,MAMMALIA,RODENTIA,OCTODONTIDAE,Tympanoctomys,Tympanoctomys kirchnerorum,"Teta, Pardiñas, Sauthier &amp; Gallardo, 2014",NA,NA,NA,DD,Kirchner's VIscacha Rat
5634,86226097,ANIMALIA,CHORDATA,MAMMALIA,RODENTIA,CAVIIDAE,Galea,Galea musteloides,"Meyen, 1833",NA,NA,NA,DD,Common Yellow-toothed Cavy
5635,86235821,ANIMALIA,CHORDATA,MAMMALIA,RODENTIA,CAVIIDAE,Galea,Galea comes,"Thomas, 1919",NA,NA,NA,DD,Southern Highland Yellow-toothed Cavy
5636,86236150,ANIMALIA,CHORDATA,MAMMALIA,RODENTIA,CAVIIDAE,Galea,Galea leucoblephara,"Burmeister, 1861",NA,NA,NA,LC,Lowland Yellow-toothed Cavy 
5637,86257782,ANIMALIA,CHORDATA,MAMMALIA,RODENTIA,CAVIIDAE,Cavia,Cavia aperea,"Erxleben, 1777",NA,NA,NA,LC,Brazilian Guinea Pig
5638,86263590,ANIMALIA,CHORDATA,MAMMALIA,RODENTIA,CAVIIDAE,Cavia,Cavia patzelti,"Schliemann, 1982",NA,NA,NA,DD,Sacha Guinea Pig
5639,87411473,ANIMALIA,CHORDATA,MAMMALIA,RODENTIA,ERETHIZONTIDAE,Coendou,Coendou baturitensis,"Feijó &amp; Langguth, 2013",NA,NA,NA,DD,Baturite Porcupine
5640,87491102,ANIMALIA,CHORDATA,MAMMALIA,LAGOMORPHA,LEPORIDAE,Sylvilagus,Sylvilagus brasiliensis,"(Linnaeus, 1758)",NA,NA,NA,EN,Tapeti
5641,87491157,ANIMALIA,CHORDATA,MAMMALIA,LAGOMORPHA,LEPORIDAE,Sylvilagus,Sylvilagus gabbi,Allen 1877 ,NA,NA,NA,LC,Gabb's Cottontail
5642,87948061,ANIMALIA,CHORDATA,MAMMALIA,LAGOMORPHA,OCHOTONIDAE,Ochotona,Ochotona hyperborea,"(Pallas, 1811)",NA,NA,NA,LC,Northern Pika
5643,87948071,ANIMALIA,CHORDATA,MAMMALIA,LAGOMORPHA,OCHOTONIDAE,Ochotona,Ochotona coreana,"Allen et Andrews, 1913",NA,NA,NA,DD,Korean Pika
5644,87948094,ANIMALIA,CHORDATA,MAMMALIA,LAGOMORPHA,OCHOTONIDAE,Ochotona,Ochotona mantchurica,"Thomas, 1909",NA,NA,NA,LC,Manchurian Pika
5645,87948175,ANIMALIA,CHORDATA,MAMMALIA,LAGOMORPHA,OCHOTONIDAE,Ochotona,Ochotona syrinx,"Thomas, 1911 ",NA,NA,NA,LC,Qinling Pika
5646,87993365,ANIMALIA,CHORDATA,MAMMALIA,CHIROPTERA,MOLOSSIDAE,Cynomops,Cynomops paranus,"(Thomas, 1901)",NA,NA,NA,DD,Brown Dog-faced Bat
5647,87993512,ANIMALIA,CHORDATA,MAMMALIA,CHIROPTERA,MOLOSSIDAE,Cynomops,Cynomops milleri,"(Osgood, 1914)",NA,NA,NA,LC,NA
5648,87993523,ANIMALIA,CHORDATA,MAMMALIA,CHIROPTERA,MOLOSSIDAE,Eumops,Eumops wilsoni,"Baker, McDonough, Swier, Larsen, Carrera &amp; Ammerman, 2009",NA,NA,NA,DD,NA
5649,87993837,ANIMALIA,CHORDATA,MAMMALIA,CHIROPTERA,MOLOSSIDAE,Eumops,Eumops bonariensis,"(W. Peters, 1874)",NA,NA,NA,LC,Dwarf Bonneted Bat
5650,87993965,ANIMALIA,CHORDATA,MAMMALIA,CHIROPTERA,MOLOSSIDAE,Eumops,Eumops delticus,"(Thomas, 1923)",NA,NA,NA,DD,NA
5651,87994060,ANIMALIA,CHORDATA,MAMMALIA,CHIROPTERA,MOLOSSIDAE,Eumops,Eumops nanus,"(Miller, 1900)",NA,NA,NA,LC,NA
5652,87994072,ANIMALIA,CHORDATA,MAMMALIA,CHIROPTERA,MOLOSSIDAE,Eumops,Eumops ferox,"Gundlach, 1861",NA,NA,NA,LC,NA
5653,87994083,ANIMALIA,CHORDATA,MAMMALIA,CHIROPTERA,MOLOSSIDAE,Eumops,Eumops glaucinus,"(Wagner, 1843)",NA,NA,NA,LC,Wagner's Bonneted Bat
5654,88017638,ANIMALIA,CHORDATA,MAMMALIA,CHIROPTERA,MORMOOPIDAE,Pteronotus,Pteronotus parnellii,"Gray, 1843",NA,NA,NA,LC,Common Mustached Bat
5655,88018392,ANIMALIA,CHORDATA,MAMMALIA,CHIROPTERA,MORMOOPIDAE,Pteronotus,Pteronotus mesoamericanus,"Smith, 1972",NA,NA,NA,LC,NA
5656,88018592,ANIMALIA,CHORDATA,MAMMALIA,CHIROPTERA,MORMOOPIDAE,Pteronotus,Pteronotus rubiginosus,"(Wagner, 1843)",NA,NA,NA,LC,NA
5657,88087329,ANIMALIA,CHORDATA,MAMMALIA,CHIROPTERA,MOLOSSIDAE,Molossus,Molossus alvarezi,"Gonzalez-Ruiz, Ramirez-Pulido &amp; Arroyo-Cabrales, 2011",NA,NA,NA,DD,NA
5658,88087340,ANIMALIA,CHORDATA,MAMMALIA,CHIROPTERA,MOLOSSIDAE,Molossus,Molossus currentium,"Thomas, 1901",NA,NA,NA,LC,Bonda Mastiff Bat
5659,88087507,ANIMALIA,CHORDATA,MAMMALIA,CHIROPTERA,MOLOSSIDAE,Molossus,Molossus bondae,"J.A. Allen, 1904",NA,NA,NA,LC,NA
5660,88087551,ANIMALIA,CHORDATA,MAMMALIA,CHIROPTERA,MOLOSSIDAE,Promops,Promops davisoni,"Thomas, 1921",NA,NA,NA,DD,NA
5661,88087651,ANIMALIA,CHORDATA,MAMMALIA,CHIROPTERA,MOLOSSIDAE,Promops,Promops centralis,"Thomas, 1915",NA,NA,NA,LC,Big Crested Mastiff Bat
5662,88088745,ANIMALIA,CHORDATA,MAMMALIA,CHIROPTERA,NATALIDAE,Chilonatalus,Chilonatalus macer,"Miller, 1914",NA,NA,NA,DD,NA
5663,88088852,ANIMALIA,CHORDATA,MAMMALIA,CHIROPTERA,NATALIDAE,Chilonatalus,Chilonatalus micropus,"(Dobson, 1880)",NA,NA,NA,VU,Cuban Lesser Funnel-eared Bat
5664,88108434,ANIMALIA,CHORDATA,MAMMALIA,CHIROPTERA,PHYLLOSTOMIDAE,Chiroderma,Chiroderma vizottoi,"Taddei &amp; Lim, 2010",NA,NA,NA,DD,Vizotto's Big-eyed Bat
5665,88108473,ANIMALIA,CHORDATA,MAMMALIA,CHIROPTERA,PHYLLOSTOMIDAE,Anoura,Anoura caudifer,"(É. Geoffroy Saint-Hilaire, 1818)",NA,NA,NA,LC,Tailed Tailless Bat
5666,88109381,ANIMALIA,CHORDATA,MAMMALIA,CHIROPTERA,PHYLLOSTOMIDAE,Anoura,Anoura aequatoris,"(Lönnberg, 1921)",NA,NA,NA,LC,NA
5667,88109476,ANIMALIA,CHORDATA,MAMMALIA,CHIROPTERA,PHYLLOSTOMIDAE,Anoura,Anoura cadenai,"Mantilla-Meluk &amp; Baker, 2006",NA,NA,NA,DD,NA
5668,88109497,ANIMALIA,CHORDATA,MAMMALIA,CHIROPTERA,PHYLLOSTOMIDAE,Anoura,Anoura peruana,"(Tschudi, 1844)",NA,NA,NA,LC,NA
5669,88109511,ANIMALIA,CHORDATA,MAMMALIA,CHIROPTERA,PHYLLOSTOMIDAE,Anoura,Anoura geoffroyi,"Gray, 1838",NA,NA,NA,LC,Geoffroy's Tailless Bat
5670,88109731,ANIMALIA,CHORDATA,MAMMALIA,CHIROPTERA,PHYLLOSTOMIDAE,Artibeus,Artibeus jamaicensis,"Leach, 1821",NA,NA,NA,LC,Jamaican Fruit-eating Bat
5671,88109897,ANIMALIA,CHORDATA,MAMMALIA,CHIROPTERA,PHYLLOSTOMIDAE,Artibeus,Artibeus schwartzi,"Jones, 1978",NA,NA,NA,DD,NA
5672,88109970,ANIMALIA,CHORDATA,MAMMALIA,CHIROPTERA,PHYLLOSTOMIDAE,Artibeus,Artibeus aequatorialis,"Andersen, 1906",NA,NA,NA,LC,NA
5673,88110257,ANIMALIA,CHORDATA,MAMMALIA,CHIROPTERA,PHYLLOSTOMIDAE,Carollia,Carollia monohernandezi,"Muñoz, Cuartas-Calle &amp; Gonzalez, 2004",NA,NA,NA,DD,NA
5674,88110352,ANIMALIA,CHORDATA,MAMMALIA,CHIROPTERA,PHYLLOSTOMIDAE,Carollia,Carollia benkeithi,"Solari &amp; Baker, 2006",NA,NA,NA,LC,NA
5675,88110411,ANIMALIA,CHORDATA,MAMMALIA,CHIROPTERA,PHYLLOSTOMIDAE,Carollia,Carollia castanea,"H. Allen, 1890",NA,NA,NA,LC,Chestnut Short-tailed Bat
5676,88120233,ANIMALIA,CHORDATA,MAMMALIA,CHIROPTERA,PHYLLOSTOMIDAE,Dryadonycteris,Dryadonycteris capixaba,"Nogueira, Lima, Peracchi &amp; Simmons, 2012",NA,NA,NA,DD,NA
5677,88120245,ANIMALIA,CHORDATA,MAMMALIA,CHIROPTERA,PHYLLOSTOMIDAE,Lichonycteris,Lichonycteris obscura,"Thomas, 1895",NA,NA,NA,LC,Dark Long-tongued Bat
5678,88120307,ANIMALIA,CHORDATA,MAMMALIA,CHIROPTERA,PHYLLOSTOMIDAE,Lichonycteris,Lichonycteris degener,"Miller, 1931",NA,NA,NA,LC,NA
5679,88120333,ANIMALIA,CHORDATA,MAMMALIA,CHIROPTERA,PHYLLOSTOMIDAE,Micronycteris,Micronycteris buriri,"Larsen, Siles, Pedersen &amp; Kwiecinski, 2011",NA,NA,NA,DD,NA
5680,88120398,ANIMALIA,CHORDATA,MAMMALIA,CHIROPTERA,PHYLLOSTOMIDAE,Micronycteris,Micronycteris giovanniae,"Baker &amp; Fonseca, 2007",NA,NA,NA,DD,NA
5681,88132568,ANIMALIA,CHORDATA,MAMMALIA,CHIROPTERA,PHYLLOSTOMIDAE,Micronycteris,Micronycteris yatesi,"Siles, Brooks, Aranibar, Tarifa, Vargas, Rojas &amp; Baker, 2013",NA,NA,NA,DD,NA
5682,88149174,ANIMALIA,CHORDATA,MAMMALIA,CHIROPTERA,PHYLLOSTOMIDAE,Lophostoma,Lophostoma occidentalis,"(Davis and Carter, 1978)",NA,NA,NA,NT,NA
5683,88149202,ANIMALIA,CHORDATA,MAMMALIA,CHIROPTERA,PHYLLOSTOMIDAE,Lophostoma,Lophostoma silvicolum,"d'Orbigny, 1836",NA,NA,NA,LC,White-throated Round-eared Bat
5684,88149216,ANIMALIA,CHORDATA,MAMMALIA,CHIROPTERA,PHYLLOSTOMIDAE,Lophostoma,Lophostoma kalkoae,"Velazco &amp; Gardner, 2012",NA,NA,NA,DD,NA
5685,88149229,ANIMALIA,CHORDATA,MAMMALIA,CHIROPTERA,PHYLLOSTOMIDAE,Lonchophylla,Lonchophylla pattoni,"Woodman &amp; Timm, 2006",NA,NA,NA,DD,NA
5686,88149262,ANIMALIA,CHORDATA,MAMMALIA,CHIROPTERA,PHYLLOSTOMIDAE,Lonchophylla,Lonchophylla cadenai,"Woodman &amp; Timm, 2006",NA,NA,NA,DD,NA
5687,88150313,ANIMALIA,CHORDATA,MAMMALIA,CHIROPTERA,PHYLLOSTOMIDAE,Lonchophylla,Lonchophylla fornicata,"Woodman, 2007",NA,NA,NA,DD,NA
5688,88150966,ANIMALIA,CHORDATA,MAMMALIA,CHIROPTERA,PHYLLOSTOMIDAE,Lonchophylla,Lonchophylla orienticollina,"Dávalos &amp; Corthals, 2008",NA,NA,NA,DD,NA
5689,88150984,ANIMALIA,CHORDATA,MAMMALIA,CHIROPTERA,PHYLLOSTOMIDAE,Lonchophylla,Lonchophylla peracchii,"Dias, Esberard &amp; Moratelli, 2013",NA,NA,NA,LC,NA
5690,88151033,ANIMALIA,CHORDATA,MAMMALIA,CHIROPTERA,THYROPTERIDAE,Thyroptera,Thyroptera wynneae,"Velazco, Gregorin, Voss &amp; Simmons, 2014",NA,NA,NA,DD,NA
5691,88151044,ANIMALIA,CHORDATA,MAMMALIA,CHIROPTERA,VESPERTILIONIDAE,Eptesicus,Eptesicus taddeii,"Miranda, Bernardi &amp; Passos, 2006",NA,NA,NA,DD,NA
5692,88151055,ANIMALIA,CHORDATA,MAMMALIA,CHIROPTERA,VESPERTILIONIDAE,Lasiurus,Lasiurus blossevillii,"(Lesson &amp; Garnot, 1826)",NA,NA,NA,LC,Southern Red Bat
5693,88151061,ANIMALIA,CHORDATA,MAMMALIA,CHIROPTERA,VESPERTILIONIDAE,Lasiurus,Lasiurus salinae,"Thomas, 1902",NA,NA,NA,DD,NA
5694,88151417,ANIMALIA,CHORDATA,MAMMALIA,CHIROPTERA,VESPERTILIONIDAE,Myotis,Myotis diminutus,"Moratelli &amp; Wilson, 2011",NA,NA,NA,DD,NA
5695,88151563,ANIMALIA,CHORDATA,MAMMALIA,CHIROPTERA,VESPERTILIONIDAE,Myotis,Myotis izecksohni,"Moratelli, Peracchi, Dias &amp; de Oliveira, 2011",NA,NA,NA,DD,NA
5696,88151601,ANIMALIA,CHORDATA,MAMMALIA,CHIROPTERA,VESPERTILIONIDAE,Myotis,Myotis lavali,"Moratelli, Peracchi, Dias &amp; de Oliveira, 2011",NA,NA,NA,LC,NA
5697,88151726,ANIMALIA,CHORDATA,MAMMALIA,CHIROPTERA,VESPERTILIONIDAE,Rhogeessa,Rhogeessa bickhami,"Baird, Marchán-Rivadeneira, Pérez &amp; Baker, 2012",NA,NA,NA,LC,NA
5698,88151749,ANIMALIA,CHORDATA,MAMMALIA,CHIROPTERA,VESPERTILIONIDAE,Rhogeessa,Rhogeessa menchuae,"Baird, Marchán-Rivadeneira, Pérez &amp; Baker, 2012",NA,NA,NA,DD,NA
5699,88151760,ANIMALIA,CHORDATA,MAMMALIA,CHIROPTERA,VESPERTILIONIDAE,Rhogeessa,Rhogeessa io,"Thomas, 1903",NA,NA,NA,LC,Thomas's Yellow Bat
5700,88151777,ANIMALIA,CHORDATA,MAMMALIA,CHIROPTERA,VESPERTILIONIDAE,Rhogeessa,Rhogeessa velilla,"Thomas, 1903",NA,NA,NA,DD,NA
5701,88151904,ANIMALIA,CHORDATA,MAMMALIA,CHIROPTERA,PHYLLOSTOMIDAE,Vampyrodes,Vampyrodes caraccioli,"(Thomas, 1889)",NA,NA,NA,LC,Great Stripe-faced Bat
5702,88151984,ANIMALIA,CHORDATA,MAMMALIA,CHIROPTERA,PHYLLOSTOMIDAE,Vampyrodes,Vampyrodes major,"G.M. Allen, 1908",NA,NA,NA,LC,NA
5703,88152001,ANIMALIA,CHORDATA,MAMMALIA,CHIROPTERA,PHYLLOSTOMIDAE,Sturnira,Sturnira bakeri,"Velazco &amp; Patterson, 2014",NA,NA,NA,LC,NA
5704,88152206,ANIMALIA,CHORDATA,MAMMALIA,CHIROPTERA,PHYLLOSTOMIDAE,Sturnira,Sturnira burtonlimi,"Velazco &amp; Patterson, 2014",NA,NA,NA,DD,NA
5705,88154322,ANIMALIA,CHORDATA,MAMMALIA,CHIROPTERA,PHYLLOSTOMIDAE,Sturnira,Sturnira angeli,"de la Torre, 1961",NA,NA,NA,NT,NA
5706,88154376,ANIMALIA,CHORDATA,MAMMALIA,CHIROPTERA,PHYLLOSTOMIDAE,Sturnira,Sturnira parvidens,"Goldman, 1917",NA,NA,NA,LC,NA
5707,88154558,ANIMALIA,CHORDATA,MAMMALIA,CHIROPTERA,PHYLLOSTOMIDAE,Sturnira,Sturnira paulsoni,"de la Torre and Schwartz, 1966",NA,NA,NA,NT,NA
5708,88154577,ANIMALIA,CHORDATA,MAMMALIA,CHIROPTERA,PHYLLOSTOMIDAE,Sturnira,Sturnira hondurensis,"Goodwin, 1940",NA,NA,NA,LC,NA
5709,88159599,ANIMALIA,CHORDATA,MAMMALIA,CHIROPTERA,PHYLLOSTOMIDAE,Sturnira,Sturnira koopmanhilli,"McCarthy, Albuja, &amp; Alberico, 2006",NA,NA,NA,DD,NA
5710,88159664,ANIMALIA,CHORDATA,MAMMALIA,CHIROPTERA,PHYLLOSTOMIDAE,Sturnira,Sturnira perla,"Jarrin &amp; Kunz, 2011",NA,NA,NA,DD,NA
5711,88159688,ANIMALIA,CHORDATA,MAMMALIA,CHIROPTERA,PHYLLOSTOMIDAE,Sturnira,Sturnira lilium,"(É. Geoffroy, 1810)",NA,NA,NA,LC,Little Yellow-shouldered Bat
5712,88159722,ANIMALIA,CHORDATA,MAMMALIA,CHIROPTERA,PHYLLOSTOMIDAE,Sturnira,Sturnira ludovici,"Anthony, 1924",NA,NA,NA,LC,Highland Yellow-shouldered Bat
5713,88159886,ANIMALIA,CHORDATA,MAMMALIA,CHIROPTERA,PHYLLOSTOMIDAE,Platyrrhinus,Platyrrhinus helleri,"(Peters, 1866)",NA,NA,NA,LC,Heller's Broad-nosed Bat
5714,88160214,ANIMALIA,CHORDATA,MAMMALIA,CHIROPTERA,PHYLLOSTOMIDAE,Platyrrhinus,Platyrrhinus incarum,"(Thomas, 1912)",NA,NA,NA,LC,Incan Broad-nosed Bat
5715,88160255,ANIMALIA,CHORDATA,MAMMALIA,CHIROPTERA,PHYLLOSTOMIDAE,Platyrrhinus,Platyrrhinus angustirostris,"Velazco, Gardner &amp; Patterson, 2010",NA,NA,NA,LC,Slender Broad-nosed Bat
5716,88160339,ANIMALIA,CHORDATA,MAMMALIA,CHIROPTERA,PHYLLOSTOMIDAE,Platyrrhinus,Platyrrhinus fusciventris,"Velazco, Gardner &amp; Patterson, 2010",NA,NA,NA,LC,Brown-bellied Broad-nosed Bat
5717,88160364,ANIMALIA,CHORDATA,MAMMALIA,CHIROPTERA,PHYLLOSTOMIDAE,Platyrrhinus,Platyrrhinus aquilus,"(Handley &amp; Ferris, 1972)",NA,NA,NA,DD,Darien Broad-nosed Bat
5718,88160389,ANIMALIA,CHORDATA,MAMMALIA,CHIROPTERA,PHYLLOSTOMIDAE,Platyrrhinus,Platyrrhinus dorsalis,"(Thomas, 1900)",NA,NA,NA,LC,Thomas's Broad-nosed Bat
5719,88160517,ANIMALIA,CHORDATA,MAMMALIA,CHIROPTERA,PHYLLOSTOMIDAE,Platyrrhinus,Platyrrhinus nitelinea,"Velazco &amp; Gardner, 2009",NA,NA,NA,DD,Western Broad-nosed Bat
5720,88418111,ANIMALIA,CHORDATA,MAMMALIA,ARTIODACTYLA,BOVIDAE,Philantomba,Philantomba walteri,"Colyn, Hulselmans, Sonet, Oudé, de Winter, Natta, Nagy &amp; Verheyen, 2010",NA,NA,NA,DD,Walter's Duiker
5721,88700294,ANIMALIA,CHORDATA,MAMMALIA,RODENTIA,SCIURIDAE,Biswamoyopterus,Biswamoyopterus laoensis,"Sanamxay, Douangboubpha, Bumrungsri, Xayavong, Xayaphet, Satasook &amp; Bates 2013",NA,NA,NA,DD,Laotian Giant Flying Squirrel
5722,88813572,ANIMALIA,CHORDATA,MAMMALIA,RODENTIA,SCIURIDAE,Funambulus,Funambulus sublineatus,"(Waterhouse, 1838)",NA,NA,NA,VU,Dusky-striped Squirrel
5723,88814157,ANIMALIA,CHORDATA,MAMMALIA,RODENTIA,SCIURIDAE,Funambulus,Funambulus obscurus,"(Pelzeln &amp; Kohl, 1886)",NA,NA,NA,VU,Dusky Striped Squirrel
5724,89333331,ANIMALIA,CHORDATA,MAMMALIA,DIDELPHIMORPHIA,DIDELPHIDAE,Marmosops,Marmosops impavidus,"Tschudi, 1845",NA,NA,NA,LC,Andean Slender Mouse Opossum
5725,89333777,ANIMALIA,CHORDATA,MAMMALIA,DIDELPHIMORPHIA,DIDELPHIDAE,Marmosops,Marmosops caucae,"Thomas, 1900",NA,NA,NA,LC,NA
5726,89497102,ANIMALIA,CHORDATA,MAMMALIA,RODENTIA,DASYPROCTIDAE,Dasyprocta,Dasyprocta leporina,"(Linnaeus, 1758)",NA,NA,NA,LC,Red-rumped Agouti
5727,89497187,ANIMALIA,CHORDATA,MAMMALIA,RODENTIA,DASYPROCTIDAE,Dasyprocta,Dasyprocta croconota,"Wagler, 1831",NA,NA,NA,DD,Orange Agouti
5728,89497686,ANIMALIA,CHORDATA,MAMMALIA,RODENTIA,DASYPROCTIDAE,Dasyprocta,Dasyprocta punctata,"Gray, 1842",NA,NA,NA,LC,Central American Agouti
5729,89497716,ANIMALIA,CHORDATA,MAMMALIA,RODENTIA,DASYPROCTIDAE,Dasyprocta,Dasyprocta variegata,"Goldman, 1913",NA,NA,NA,DD,NA
5730,89531729,CHORDATA,CHORDATA,MAMMALIA,RODENTIA,DASYPROCTIDAE,Dasyprocta,Dasyprocta iacki,"Feijó and Langguth, 2013",NA,NA,NA,DD,NA
5731,89604632,ANIMALIA,CHORDATA,MAMMALIA,CINGULATA,CHLAMYPHORIDAE,Chaetophractus,Chaetophractus vellerosus,"(Gray, 1865)",NA,NA,NA,LC,Screaming Hairy Armadillo
5732,90386297,ANIMALIA,CHORDATA,MAMMALIA,RODENTIA,ECHIMYIDAE,Isothrix,Isothrix bistriata,"Wagner, 1845",NA,NA,NA,LC,Yellow-crowned Brush-tailed Rat 
5733,90386307,ANIMALIA,CHORDATA,MAMMALIA,RODENTIA,ECHIMYIDAE,Isothrix,Isothrix orinoci,"(Thomas, 1899)",NA,NA,NA,DD,Orinoco Brush-tailed Rat 
5734,90386329,ANIMALIA,CHORDATA,MAMMALIA,RODENTIA,ECHIMYIDAE,Toromys,Toromys rhipidurus,"(Thomas, 1928)",NA,NA,NA,DD,Peruvian Toro
5735,90386381,ANIMALIA,CHORDATA,MAMMALIA,RODENTIA,ECHIMYIDAE,Thrichomys,Thrichomys laurentius,"Thomas, 1904",NA,NA,NA,DD,NA
5736,90386442,ANIMALIA,CHORDATA,MAMMALIA,RODENTIA,ECHIMYIDAE,Pattonomys,Pattonomys carrikeri,"(J.A. Allen, 1911)",NA,NA,NA,DD,Carriker's Speckled Tree-rat
5737,90386452,ANIMALIA,CHORDATA,MAMMALIA,RODENTIA,ECHIMYIDAE,Pattonomys,Pattonomys semivillosus,"(I. Geoffroy, 1838)",NA,NA,NA,LC,NA
5738,90386462,ANIMALIA,CHORDATA,MAMMALIA,RODENTIA,ECHIMYIDAE,Pattonomys,Pattonomys flavidus,"(Hollister, 1914)",NA,NA,NA,DD,Yellow Speckled Tree-rat 
5739,90386776,ANIMALIA,CHORDATA,MAMMALIA,RODENTIA,ECHIMYIDAE,Pattonomys,Pattonomys punctatus,"(Thomas, 1899)",NA,NA,NA,DD,Orinocan Speckled Tree-rat 
5740,90389138,ANIMALIA,CHORDATA,MAMMALIA,EULIPOTYPHLA,SORICIDAE,Suncus,Suncus etruscus,"(Savi, 1822)",NA,NA,NA,LC,Pygmy White-toothed Shrew
5741,91356351,ANIMALIA,CHORDATA,MAMMALIA,EULIPOTYPHLA,SORICIDAE,Cryptotis,Cryptotis perijensis,"Quiroga-Carmona &amp; Woodman, 2015",NA,NA,NA,DD,NA
5742,91934441,ANIMALIA,CHORDATA,MAMMALIA,RODENTIA,SMINTHIDAE,Sicista,Sicista subtilis,"(Pallas, 1773)",NA,NA,NA,LC,Southern Birch Mouse
5743,91970347,ANIMALIA,CHORDATA,MAMMALIA,PRIMATES,GALAGIDAE,Paragalago,Paragalago granti,"(Thomas &amp; Wroughton, 1907)",NA,NA,NA,LC,Mozambique Dwarf Galago
5744,91979463,ANIMALIA,CHORDATA,MAMMALIA,PRIMATES,GALAGIDAE,Sciurocheirus,Sciurocheirus makandensis,"Ambrose, 2013",NA,NA,NA,DD,Makandé Squirrel Galago
5745,91995408,ANIMALIA,CHORDATA,MAMMALIA,PRIMATES,LORISIDAE,Perodicticus,Perodicticus potto,"(P.L.S. Müller, 1766)",NA,NA,NA,NT,West African Potto
5746,92250442,ANIMALIA,CHORDATA,MAMMALIA,PRIMATES,CERCOPITHECIDAE,Papio,Papio cynocephalus,"(Linnaeus, 1766)",NA,NA,NA,LC,Yellow Baboon
5747,92252436,ANIMALIA,CHORDATA,MAMMALIA,PRIMATES,CERCOPITHECIDAE,Erythrocebus,Erythrocebus baumstarki,"Matschie, 1905",NA,NA,NA,CR,Southern Patas Monkey
5748,92332716,ANIMALIA,CHORDATA,MAMMALIA,RODENTIA,SMINTHIDAE,Sicista,Sicista trizona,"(Frivaldszky, 1865)",NA,NA,NA,EN,Hungarian Birch Mouse
5749,92363381,ANIMALIA,CHORDATA,MAMMALIA,RODENTIA,MURIDAE,Gracilimus,Gracilimus radix,"Rowe, Achmadi &amp; Esselstyn, 2016",NA,NA,NA,DD,Sulawesi Slender Root Rat
5750,92401376,ANIMALIA,CHORDATA,MAMMALIA,PRIMATES,CERCOPITHECIDAE,Cercopithecus,Cercopithecus lomamiensis,"Hart, Detwiler, Gilbert, Burrell, Fuller, Emetshu, Hart, Vosper, Sargis &amp; Tosi, 2012",NA,NA,NA,VU,Lesula
5751,92411527,ANIMALIA,CHORDATA,MAMMALIA,PRIMATES,CERCOPITHECIDAE,Cercopithecus,Cercopithecus pogonias,"Bennett, 1833",NA,NA,NA,NT,Crowned Monkey
5752,92440844,ANIMALIA,CHORDATA,MAMMALIA,RODENTIA,MURIDAE,Bunomys,Bunomys torajae,"Musser, Achmadi, Esslestyn, &amp; Rowe, 2014",NA,NA,NA,DD,Tana Toraja Hill Rat
5753,92440861,ANIMALIA,CHORDATA,MAMMALIA,RODENTIA,MURIDAE,Bunomys,Bunomys karokophilus,"Musser, 2014",NA,NA,NA,DD,Karoko Hill Rat
5754,92441666,ANIMALIA,CHORDATA,MAMMALIA,RODENTIA,MURIDAE,Waiomys,Waiomys mamasae,"Rowe, Achmadi &amp; Esselsty, 2014",NA,NA,NA,DD,Sulawesi Water Rat
5755,92441853,ANIMALIA,CHORDATA,MAMMALIA,RODENTIA,MURIDAE,Hyorhinomys,Hyorhinomys stuempkei,"Esselstyn, Achmadi, Handika &amp; Rowe, 2015",NA,NA,NA,DD,Hog-nosed Shrew Rat
5756,92459293,ANIMALIA,CHORDATA,MAMMALIA,RODENTIA,HETEROMYIDAE,Chaetodipus,Chaetodipus arenarius,"(Merriam, 1894)",NA,NA,NA,LC,Little Desert Pocket Mouse
5757,92461708,ANIMALIA,CHORDATA,MAMMALIA,RODENTIA,HETEROMYIDAE,Chaetodipus,Chaetodipus siccus,"(Osgood, 1907)",NA,NA,NA,LC,NA
5758,92463503,ANIMALIA,CHORDATA,MAMMALIA,RODENTIA,HETEROMYIDAE,Dipodomys,Dipodomys phillipsii,"Gray, 1841",NA,NA,NA,LC,Phillip's Kangaroo Rat
5759,92464382,ANIMALIA,CHORDATA,MAMMALIA,RODENTIA,HETEROMYIDAE,Dipodomys,Dipodomys ornatus,"Merriam, 1894",NA,NA,NA,LC,NA
5760,92465716,ANIMALIA,CHORDATA,MAMMALIA,RODENTIA,HETEROMYIDAE,Dipodomys,Dipodomys merriami,"Mearns, 1890",NA,NA,NA,LC,Merriam's Kangaroo Rat
5761,92466239,ANIMALIA,CHORDATA,MAMMALIA,PRIMATES,CERCOPITHECIDAE,Cercopithecus,Cercopithecus wolfi,"Meyer, 1891",NA,NA,NA,NT,Wolf's Monkey
5762,92474664,ANIMALIA,CHORDATA,MAMMALIA,RODENTIA,GEOMYIDAE,Pappogeomys,Pappogeomys bulleri,"(Thomas, 1892)",NA,NA,NA,LC,Buller's Pocket Gopher
5763,92657343,ANIMALIA,CHORDATA,MAMMALIA,PRIMATES,CERCOPITHECIDAE,Piliocolobus,Piliocolobus semlikiensis,"(Colyn, 1991)",NA,NA,NA,VU,Semliki Red Colobus
5764,95558146,ANIMALIA,CHORDATA,MAMMALIA,CHIROPTERA,VESPERTILIONIDAE,Neoromicia,Neoromicia isabella,"Decher, Huttere &amp; Monadjem, 2015",NA,NA,NA,DD,Isabelline White-winged Serotine
5765,95558305,ANIMALIA,CHORDATA,MAMMALIA,CHIROPTERA,MOLOSSIDAE,Otomops,Otomops harrisoni,"Ralph, Richards, Taylor, Napier &amp; Lamb, 2015",NA,NA,NA,VU,NA
5766,95740145,ANIMALIA,CHORDATA,MAMMALIA,DIDELPHIMORPHIA,DIDELPHIDAE,Lutreolina,Lutreolina massoia,"Martínez-Lanfranco, Flores, Jayat &amp; D'Elía, 2014",NA,NA,NA,LC,Massoia’s Lutrine Opossum
5767,95908089,ANIMALIA,CHORDATA,MAMMALIA,CHIROPTERA,PHYLLOSTOMIDAE,Platyrrhinus,Platyrrhinus umbratus,"(Lyon, 1902)",NA,NA,NA,DD,Shadowy Broad-nosed Bat
5768,96789732,ANIMALIA,CHORDATA,MAMMALIA,RODENTIA,CRICETIDAE,Thomasomys,Thomasomys pyrrhonotus,"Thomas, 1886",NA,NA,NA,DD,Thomas's Oldfield Mouse
5769,96790651,ANIMALIA,CHORDATA,MAMMALIA,RODENTIA,CRICETIDAE,Thomasomys,Thomasomys auricularis,"Anthony, 1923",NA,NA,NA,DD,NA
5770,96790818,ANIMALIA,CHORDATA,MAMMALIA,RODENTIA,CRICETIDAE,Thomasomys,Thomasomys daphne,"Thomas, 1917",NA,NA,NA,LC,Daphne's Oldfield Mouse
5771,96791089,ANIMALIA,CHORDATA,MAMMALIA,RODENTIA,CRICETIDAE,Thomasomys,Thomasomys australis,"Anthony, 1925",NA,NA,NA,DD,NA
5772,96791166,ANIMALIA,CHORDATA,MAMMALIA,RODENTIA,CRICETIDAE,Thomasomys,Thomasomys cinereiventer,"J.A. Allen, 1912",NA,NA,NA,LC,Ashy-bellied Oldfield Mouse
5773,96792191,ANIMALIA,CHORDATA,MAMMALIA,RODENTIA,CRICETIDAE,Thomasomys,Thomasomys contradictus,"Anthony, 1925",NA,NA,NA,DD,NA
5774,96792239,ANIMALIA,CHORDATA,MAMMALIA,RODENTIA,CRICETIDAE,Thomasomys,Thomasomys dispar,"Anthony, 1925",NA,NA,NA,DD,NA
5775,96799835,ANIMALIA,CHORDATA,MAMMALIA,RODENTIA,CRICETIDAE,Thomasomys,Thomasomys laniger,"(Thomas, 1895)",NA,NA,NA,LC,Butcher Oldfield Mouse
5776,96799858,ANIMALIA,CHORDATA,MAMMALIA,RODENTIA,CRICETIDAE,Thomasomys,Thomasomys emeritus,"Thomas, 1916",NA,NA,NA,DD,NA
5777,96800350,ANIMALIA,CHORDATA,MAMMALIA,RODENTIA,CRICETIDAE,Thomasomys,Thomasomys fumeus,"Anthony, 1924",NA,NA,NA,DD,NA
5778,96800866,ANIMALIA,CHORDATA,MAMMALIA,RODENTIA,CRICETIDAE,Thomasomys,Thomasomys popayanus,"J.A. Allen, 1912",NA,NA,NA,DD,Popayán Oldfield Mouse
5779,96801038,ANIMALIA,CHORDATA,MAMMALIA,RODENTIA,CRICETIDAE,Thomasomys,Thomasomys nicefori,"Thomas, 1921",NA,NA,NA,LC,NA
5780,96801180,ANIMALIA,CHORDATA,MAMMALIA,RODENTIA,CRICETIDAE,Thomasomys,Thomasomys aureus,"(Tomes, 1860)",NA,NA,NA,LC,Golden Oldfield Mouse
5781,96801288,ANIMALIA,CHORDATA,MAMMALIA,RODENTIA,CRICETIDAE,Thomasomys,Thomasomys princeps,"(Thomas, 1895)",NA,NA,NA,DD,NA
5782,96802567,ANIMALIA,CHORDATA,MAMMALIA,RODENTIA,GEOMYIDAE,Heterogeomys,Heterogeomys cherriei,"J.A. Allen, 1893",NA,NA,NA,LC,Cherrie's Pocket Gopher
5783,96802987,ANIMALIA,CHORDATA,MAMMALIA,RODENTIA,GEOMYIDAE,Heterogeomys,Heterogeomys dariensis,"Goldman, 1912",NA,NA,NA,LC,Darien Pocket Gopher
5784,96812094,ANIMALIA,CHORDATA,MAMMALIA,RODENTIA,HETEROMYIDAE,Chaetodipus,Chaetodipus ammophilus,"Osgood, 1907",NA,NA,NA,NT,NA
5785,96828906,ANIMALIA,CHORDATA,MAMMALIA,EULIPOTYPHLA,SORICIDAE,Cryptotis,Cryptotis celaque,"Woodman, 2015",NA,NA,NA,DD,NA
5786,96829093,ANIMALIA,CHORDATA,MAMMALIA,EULIPOTYPHLA,SORICIDAE,Cryptotis,Cryptotis mccarthyi,"Woodman, 2015",NA,NA,NA,DD,NA
5787,96829126,ANIMALIA,CHORDATA,MAMMALIA,EULIPOTYPHLA,SORICIDAE,Cryptotis,Cryptotis cavatorculus,"Woodman, 2015",NA,NA,NA,DD,NA
5788,96829156,ANIMALIA,CHORDATA,MAMMALIA,EULIPOTYPHLA,SORICIDAE,Cryptotis,Cryptotis niausa,"Moreno Cárdenas &amp; Albuja, 2014",NA,NA,NA,DD,Blind Small-eared Shrew
5789,96866849,ANIMALIA,CHORDATA,MAMMALIA,DIDELPHIMORPHIA,DIDELPHIDAE,Monodelphis,Monodelphis americana,"(Müller, 1776)",NA,NA,NA,LC,Northern Three-striped Opossum
5790,97249078,ANIMALIA,CHORDATA,MAMMALIA,DIDELPHIMORPHIA,DIDELPHIDAE,Monodelphis,Monodelphis scalops,"(Thomas, 1888)",NA,NA,NA,LC,Long-nosed Short-tailed Opossum
5791,97249272,ANIMALIA,CHORDATA,MAMMALIA,DIDELPHIMORPHIA,DIDELPHIDAE,Monodelphis,Monodelphis glirina,"(Wagner, 1842)",NA,NA,NA,LC,Amazonian Red-sided Opossum
5792,97249856,ANIMALIA,CHORDATA,MAMMALIA,RODENTIA,SPALACIDAE,Spalax,Spalax graecus,"Nehring, 1898",NA,NA,NA,VU,Bukovina Blind Mole Rat
5793,97250154,ANIMALIA,CHORDATA,MAMMALIA,RODENTIA,SPALACIDAE,Spalax,Spalax istricus,"Méhely, 1909",NA,NA,NA,CR,Oltenia Blind Mole-rat
5794,97250195,ANIMALIA,CHORDATA,MAMMALIA,RODENTIA,SPALACIDAE,Spalax,Spalax antiquus,"Méhely, 1909",NA,NA,NA,EN,Méhely’s Blind Mole-rat
5795,99586593,ANIMALIA,CHORDATA,MAMMALIA,CHIROPTERA,PHYLLOSTOMIDAE,Dermanura,Dermanura watsoni,"(Thomas, 1901)",NA,NA,NA,LC,Thomas's Fruit-eating Bat
5796,99688187,ANIMALIA,CHORDATA,MAMMALIA,CHIROPTERA,PTEROPODIDAE,Pteropus,Pteropus chrysoproctus,"Temminck, 1837",NA,NA,NA,VU,Moluccan Flying Fox
5797,99693990,ANIMALIA,CHORDATA,MAMMALIA,RODENTIA,CRICETIDAE,Thomasomys,Thomasomys vulcani,"(Thomas, 1898)",NA,NA,NA,LC,NA
5798,99711843,ANIMALIA,CHORDATA,MAMMALIA,CHIROPTERA,VESPERTILIONIDAE,Harpiocephalus,Harpiocephalus harpia,"(Temminck, 1840)",NA,NA,NA,LC,Lesser Hairy-winged Bat
5799,99712630,ANIMALIA,CHORDATA,MAMMALIA,CHIROPTERA,VESPERTILIONIDAE,Murina,Murina harrisoni,"Csorba &amp; Bates, 2005",NA,NA,NA,LC,Harrison's Murine Bat
5800,99783878,ANIMALIA,CHORDATA,MAMMALIA,CHIROPTERA,PHYLLOSTOMIDAE,Lophostoma,Lophostoma carrikeri,"(J.A. Allen, 1910)",NA,NA,NA,LC,Carriker's Round-eared Bat
5801,99890206,ANIMALIA,CHORDATA,MAMMALIA,LAGOMORPHA,OCHOTONIDAE,Ochotona,Ochotona pallasii,"(Gray, 1867)",NA,NA,NA,LC,Pallas's Pika
5802,99892252,ANIMALIA,CHORDATA,MAMMALIA,LAGOMORPHA,OCHOTONIDAE,Ochotona,Ochotona opaca,"Argyropulo, 1930",NA,NA,NA,LC,Kazakh Pika
5803,101228458,ANIMALIA,CHORDATA,MAMMALIA,RODENTIA,ERETHIZONTIDAE,Coendou,Coendou prehensilis,"(Linnaeus, 1758)",NA,NA,NA,LC,Brazilian Porcupine
5804,102208365,ANIMALIA,CHORDATA,MAMMALIA,CHIROPTERA,MOLOSSIDAE,Molossus,Molossus coibensis,"J.A. Allen, 1904",NA,NA,NA,LC,Coiban Mastiff Bat
5805,110500058,ANIMALIA,CHORDATA,MAMMALIA,RODENTIA,SMINTHIDAE,Sicista,Sicista loriger,"(Nathusius, 1840)",NA,NA,NA,VU,Nordmann’s Birch Mouse
5806,110660763,ANIMALIA,CHORDATA,MAMMALIA,EULIPOTYPHLA,SORICIDAE,Myosorex,Myosorex cafer,"(Sundevall, 1846)",NA,NA,NA,VU,Dark-footed Forest Shrew
5807,110661822,ANIMALIA,CHORDATA,MAMMALIA,EULIPOTYPHLA,SORICIDAE,Myosorex,Myosorex meesteri,"Taylor, Kearney, Peterhans, Julian, Baxter &amp; Willows-Munro, 2013",NA,NA,NA,LC,Meester’s Forest Shrew
5808,110662121,ANIMALIA,CHORDATA,MAMMALIA,EULIPOTYPHLA,SORICIDAE,Myosorex,Myosorex tenuis,"Thomas &amp; Schwann, 1905",NA,NA,NA,EN,Thin Mouse Shrew
5809,110662638,ANIMALIA,CHORDATA,MAMMALIA,RODENTIA,MURIDAE,Otomys,Otomys auratus,"Wroughton, 1906",NA,NA,NA,NT,Vlei Rat
5810,110662669,ANIMALIA,CHORDATA,MAMMALIA,RODENTIA,MURIDAE,Otomys,Otomys irroratus,"(Brants, 1827)",NA,NA,NA,LC,Southern African Vlei Rat
5811,110678346,ANIMALIA,CHORDATA,MAMMALIA,SCANDENTIA,TUPAIIDAE,Tupaia,Tupaia palawanensis,"Thomas, 1894",NA,NA,NA,LC,Palawan Treeshrew
5812,111653543,ANIMALIA,CHORDATA,MAMMALIA,RODENTIA,MURIDAE,Hylomyscus,Hylomyscus heinrichorum,"Carleton, Banasiak &amp; Stanley, 2015",NA,NA,NA,DD,Heinrich's Wood Mouse
5813,111679568,ANIMALIA,CHORDATA,MAMMALIA,RODENTIA,MURIDAE,Hylomyscus,Hylomyscus kerbispeterhansi,"Demos, Agwanda &amp; Hickerson, 2014",NA,NA,NA,LC,Kerbis-Peterhan's Wood Mouse
5814,111679859,ANIMALIA,CHORDATA,MAMMALIA,RODENTIA,MURIDAE,Hylomyscus,Hylomyscus endorobae,"(Heller, 1910)",NA,NA,NA,LC,Mount Kenya Wood Mouse
5815,111679876,ANIMALIA,CHORDATA,MAMMALIA,RODENTIA,MURIDAE,Hylomyscus,Hylomyscus vulcanorum,"Lönnberg &amp; Gyldenstolpe, 1925",NA,NA,NA,LC,Albertine Rift Wood Mouse
5816,111739377,ANIMALIA,CHORDATA,MAMMALIA,EULIPOTYPHLA,SORICIDAE,Crocidura,Crocidura fingui,"Ceríaco, Marques, Jacquet, Nicolas, Colyn, Denys, Sardinha &amp; Bastos-Silveira, 2015",NA,NA,NA,DD,Fingui White-Toothed Shrew
5817,111747853,ANIMALIA,CHORDATA,MAMMALIA,EULIPOTYPHLA,SORICIDAE,Crocidura,Crocidura absconditus,"Esselstyn, Achmadi &amp; Maharadatunkamsi, 2014 ",NA,NA,NA,DD,Javan Hidden Shrew
5818,111754705,ANIMALIA,CHORDATA,MAMMALIA,EULIPOTYPHLA,SORICIDAE,Crocidura,Crocidura obscurior,"Heim de Balsac, 1958",NA,NA,NA,LC,Obscure White-toothed Shrew
5819,111764928,ANIMALIA,CHORDATA,MAMMALIA,EULIPOTYPHLA,SORICIDAE,Crocidura,Crocidura eburnea,"Heim de Balsac, 1958",NA,NA,NA,LC,NA
5820,111765432,ANIMALIA,CHORDATA,MAMMALIA,EULIPOTYPHLA,SORICIDAE,Crocidura,Crocidura gathornei,"Jenkins, 2013",NA,NA,NA,DD,Gathorne’s shrew
5821,111767309,ANIMALIA,CHORDATA,MAMMALIA,EULIPOTYPHLA,SORICIDAE,Crocidura,Crocidura monax,"Thomas, 1910",NA,NA,NA,DD,Kilimanjaro Shrew
5822,111871214,ANIMALIA,CHORDATA,MAMMALIA,SCANDENTIA,TUPAIIDAE,Tupaia,Tupaia longipes,"(Thomas, 1893)",NA,NA,NA,LC,Northern Long-footed Treeshrew
5823,111871663,ANIMALIA,CHORDATA,MAMMALIA,SCANDENTIA,TUPAIIDAE,Tupaia,Tupaia salatana,"Lyon, 1913",NA,NA,NA,LC,Southern Long-footed Treeshrew
5824,111872341,ANIMALIA,CHORDATA,MAMMALIA,SCANDENTIA,TUPAIIDAE,Tupaia,Tupaia glis,"(Diard, 1820)",NA,NA,NA,LC,Common Treeshrew
5825,111873049,ANIMALIA,CHORDATA,MAMMALIA,SCANDENTIA,TUPAIIDAE,Tupaia,Tupaia hypochrysa,"(Thomas, 1895)",NA,NA,NA,DD,Large Javan Treeshrew
5826,111873499,ANIMALIA,CHORDATA,MAMMALIA,SCANDENTIA,TUPAIIDAE,Tupaia,Tupaia discolor,"(Lyon, 1906)",NA,NA,NA,DD,Bangkan Treeshrew
5827,111873543,ANIMALIA,CHORDATA,MAMMALIA,SCANDENTIA,TUPAIIDAE,Tupaia,Tupaia ferruginea,"Raffles, 1821",NA,NA,NA,DD,Sumatran Treeshrew
5828,111876319,ANIMALIA,CHORDATA,MAMMALIA,RODENTIA,MURIDAE,Batomys,Batomys granti,"Thomas, 1895",NA,NA,NA,LC,Cordillera Hairy Tailed Rat
5829,111876611,ANIMALIA,CHORDATA,MAMMALIA,RODENTIA,MURIDAE,Batomys,Batomys uragon,"Balete, Rickart, Heaney &amp; Jansa, 2015",NA,NA,NA,LC,Mt. Isarog Hairy-tailed Rat
5830,111932681,ANIMALIA,CHORDATA,MAMMALIA,RODENTIA,BATHYERGIDAE,Cryptomys,Cryptomys hottentotus,"(Lesson, 1826)",NA,NA,NA,LC,African Mole Rat
5831,111933779,ANIMALIA,CHORDATA,MAMMALIA,RODENTIA,BATHYERGIDAE,Cryptomys,Cryptomys mahali,"(Roberts, 1913)",NA,NA,NA,DD,Mahali's Mole-rat
5832,111935513,ANIMALIA,CHORDATA,MAMMALIA,RODENTIA,BATHYERGIDAE,Cryptomys,Cryptomys natalensis,"Roberts, 1913",NA,NA,NA,LC,Natal Mole-rat
5833,111935780,ANIMALIA,CHORDATA,MAMMALIA,RODENTIA,BATHYERGIDAE,Cryptomys,Cryptomys pretoriae,"(Roberts, 1913)",NA,NA,NA,LC,Highveld Mole-rat
5834,111949037,ANIMALIA,CHORDATA,MAMMALIA,RODENTIA,MURIDAE,Otomys,Otomys karoensis,"Roberts, 1931",NA,NA,NA,LC,Roberts' Vlei Rat
5835,112041975,ANIMALIA,CHORDATA,MAMMALIA,RODENTIA,MURIDAE,Musseromys,Musseromys anacuao,"Heaney, Balete, Rickart, Veluz &amp; Jansa, 2014",NA,NA,NA,DD,Sierra Madre Tree-mouse
5836,112041990,ANIMALIA,CHORDATA,MAMMALIA,RODENTIA,MURIDAE,Musseromys,Musseromys beneficus,"Heaney, Balete, Rickart, Veluz &amp; Jansa, 2014",NA,NA,NA,DD,Mount Pulag Tree-mouse
5837,112042008,ANIMALIA,CHORDATA,MAMMALIA,RODENTIA,MURIDAE,Musseromys,Musseromys inopinatus,"Heaney, Balete, Rickart, Veluz &amp; Jansa, 2014",NA,NA,NA,DD,Amuyao Tree-mouse
5838,112042073,ANIMALIA,CHORDATA,MAMMALIA,EULIPOTYPHLA,SORICIDAE,Myosorex,Myosorex kabogoensis,"Kerbis Peterhans &amp; Hutterer, 2013",NA,NA,NA,DD,Misotshi-Kabogo Myosorex
5839,112139458,ANIMALIA,CHORDATA,MAMMALIA,RODENTIA,MURIDAE,Apomys,Apomys iridensis,"Heaney, Balete, Veluz, Steppan, Esslstyn, Pfeiffer &amp; Rickart, 2014",NA,NA,NA,LC,Southern Sierra Madre Forest Mouse
5840,112139517,ANIMALIA,CHORDATA,MAMMALIA,RODENTIA,MURIDAE,Apomys,Apomys lubangensis,"Heaney, Balete, Veluz, Steppan, Esslstyn, Pfeiffer &amp; Rickart, 2014",NA,NA,NA,LC,Lubang Forest Mouse
5841,112139630,ANIMALIA,CHORDATA,MAMMALIA,EULIPOTYPHLA,SORICIDAE,Crocidura,Crocidura lwiroensis,"Kerbis Peterhans &amp; Hutterer, 2013",NA,NA,NA,DD,Lwiro Shrew
5842,112139816,ANIMALIA,CHORDATA,MAMMALIA,RODENTIA,MURIDAE,Rattus,Rattus detentus,"Timm, Weijola, Aplin, Flannery &amp; Pine, 2016",NA,NA,NA,DD,Manus Island Spiny Rat
5843,112166182,ANIMALIA,CHORDATA,MAMMALIA,RODENTIA,MURIDAE,Rhabdomys,Rhabdomys bechuanae,"(Thomas, 1893)",NA,NA,NA,LC,West-Central South African Four-striped Grass Rat
5844,112168517,ANIMALIA,CHORDATA,MAMMALIA,RODENTIA,MURIDAE,Rhabdomys,Rhabdomys pumilio,"(Sparrman, 1784)",NA,NA,NA,LC,Four-striped Grass Mouse
5845,112168645,ANIMALIA,CHORDATA,MAMMALIA,RODENTIA,MURIDAE,Rhabdomys,Rhabdomys dilectus,"(De Winton, 1897)",NA,NA,NA,LC,Mesic Four-striped Grass Rat
5846,112168732,ANIMALIA,CHORDATA,MAMMALIA,RODENTIA,MURIDAE,Rhabdomys,Rhabdomys intermedius,"(Wroughton, 1905)",NA,NA,NA,LC,Karoo Four-striped Grass Rat
5847,112169507,ANIMALIA,CHORDATA,MAMMALIA,RODENTIA,NESOMYIDAE,Cricetomys,Cricetomys gambianus,"Waterhouse, 1840",NA,NA,NA,LC,Northern Giant Pouched Rat
5848,112256552,ANIMALIA,CHORDATA,MAMMALIA,RODENTIA,NESOMYIDAE,Cricetomys,Cricetomys ansorgei,"Thomas, 1904",NA,NA,NA,LC,Southern Giant Pouched Rat
5849,112296031,ANIMALIA,CHORDATA,MAMMALIA,RODENTIA,SCIURIDAE,Hylopetes,Hylopetes sagitta,"Linnaeus, 1766",NA,NA,NA,DD,Arrow Flying Squirrel
5850,112297404,ANIMALIA,CHORDATA,MAMMALIA,RODENTIA,SCIURIDAE,Prosciurillus,Prosciurillus leucomus,"(Müller &amp; Schlegel, 1844)",NA,NA,NA,LC,Whitish Dwarf Squirrel
5851,112298450,ANIMALIA,CHORDATA,MAMMALIA,RODENTIA,SCIURIDAE,Prosciurillus,Prosciurillus topapuensis,"(Roux, 1910)",NA,NA,NA,NT,Roux’s Sulawesi Dwarf Squirrel
5852,112300360,ANIMALIA,CHORDATA,MAMMALIA,RODENTIA,SCIURIDAE,Prosciurillus,Prosciurillus alstoni,"(Anderson, 1879)",NA,NA,NA,NT,Alston’s Sulawesi Dwarf Squirrel
5853,112386684,ANIMALIA,CHORDATA,MAMMALIA,RODENTIA,MURIDAE,Halmaheramys,Halmaheramys bokimekot,"Fabre, Pages, Musser, Fitriana, Semiadi &amp; Helgen, 2013",NA,NA,NA,DD,Spiny Boki Mekot Rat
5854,112387339,ANIMALIA,CHORDATA,MAMMALIA,RODENTIA,GLIRIDAE,Graphiurus,Graphiurus walterverheyeni,"Holden &amp; Levine, 2009",NA,NA,NA,DD,NA
5855,112390882,ANIMALIA,CHORDATA,MAMMALIA,EULIPOTYPHLA,SORICIDAE,Scutisorex,Scutisorex thori,"Stanley, Malekani &amp; Gambalemoke, 2013",NA,NA,NA,DD,Thor’s Hero Shrew
5856,112391705,ANIMALIA,CHORDATA,MAMMALIA,RODENTIA,MURIDAE,Coccymys,Coccymys kirrhos,"Musser &amp; Lunde, 2009",NA,NA,NA,DD,Tawny Coccymys
5857,112393452,ANIMALIA,CHORDATA,MAMMALIA,RODENTIA,MURIDAE,Coccymys,Coccymys shawmayeri,"Musser &amp; Lunde, 2009",NA,NA,NA,LC,Shawmayer’s Coccymys
5858,112464492,ANIMALIA,CHORDATA,MAMMALIA,RODENTIA,MURIDAE,Coccymys,Coccymys ruemmleri,"(Tate &amp; Archbold, 1941)",NA,NA,NA,LC,Rümmler's Mouse
5859,112465090,ANIMALIA,CHORDATA,MAMMALIA,RODENTIA,CRICETIDAE,Microtus,Microtus irani,"O. Thomas, 1921",NA,NA,NA,VU,Persian Vole
5860,112465222,ANIMALIA,CHORDATA,MAMMALIA,RODENTIA,CRICETIDAE,Microtus,Microtus elbeyli,"Yiğit, Çolak &amp; Sözen, 2016",NA,NA,NA,DD,Elbeyli Vole
5861,112465460,ANIMALIA,CHORDATA,MAMMALIA,EULIPOTYPHLA,SORICIDAE,Crocidura,Crocidura sapaensis,"Jenkins, 2013",NA,NA,NA,DD,Sa Pa Shrew
5862,112465479,ANIMALIA,CHORDATA,MAMMALIA,EULIPOTYPHLA,SORICIDAE,Crocidura,Crocidura umbra,"Demos, Achmadi, Handika, Maharatankamsi, Rowe &amp; Esselstyn, 2016",NA,NA,NA,NT,Javan Ghost Shrew
5863,112503202,ANIMALIA,CHORDATA,MAMMALIA,EULIPOTYPHLA,SORICIDAE,Crocidura,Crocidura munissii,"Stanley, Hutterer, Giarla &amp; Esselstyn, 2015",NA,NA,NA,LC,Munissi’s Shrew
5864,112503255,ANIMALIA,CHORDATA,MAMMALIA,EULIPOTYPHLA,SORICIDAE,Crocidura,Crocidura newmarki,"Stanley, Hutterer, Giarla &amp; Esselstyn, 2015",NA,NA,NA,NT,Newmark’s Shrew
5865,112503346,ANIMALIA,CHORDATA,MAMMALIA,EULIPOTYPHLA,SORICIDAE,Crocidura,Crocidura mdumai,"Stanley, Hutterer, Giarla &amp; Esselstyn, 2015",NA,NA,NA,EN,Mduma’s Shrew
5866,112513345,ANIMALIA,CHORDATA,MAMMALIA,EULIPOTYPHLA,SORICIDAE,Crocidura,Crocidura tansaniana,"Hutterer, 1986",NA,NA,NA,NT,Tanzanian Shrew
5867,112515709,ANIMALIA,CHORDATA,MAMMALIA,EULIPOTYPHLA,SORICIDAE,Crocidura,Crocidura usambarae,"Dippenaar, 1980",NA,NA,NA,VU,Usambara Shrew
5868,112517405,ANIMALIA,CHORDATA,MAMMALIA,EULIPOTYPHLA,SORICIDAE,Crocidura,Crocidura afeworkbekelei,"Lavrenchenko, Voyat &amp; Hutterer, 2016",NA,NA,NA,DD,Sanetti Shrew
5869,112517512,ANIMALIA,CHORDATA,MAMMALIA,EULIPOTYPHLA,SORICIDAE,Crocidura,Crocidura yaldeni,"Lavrenchenko, Voyat &amp; Hutterer, 2016",NA,NA,NA,DD,Beletta Shrew
5870,112518189,ANIMALIA,CHORDATA,MAMMALIA,EULIPOTYPHLA,SORICIDAE,Crocidura,Crocidura goliath,"Thomas, 1906",NA,NA,NA,LC,Goliath Shrew
5871,112519468,ANIMALIA,CHORDATA,MAMMALIA,EULIPOTYPHLA,SORICIDAE,Crocidura,Crocidura nimbasilvanus,"Hutterer, 2003",NA,NA,NA,LC,Mount Nimba Giant Forest Shrew
5872,113476528,ANIMALIA,CHORDATA,MAMMALIA,RODENTIA,CRICETIDAE,Rhipidomys,Rhipidomys albujai,"Brito &amp; Ojala-Barbour, 2017",NA,NA,NA,DD,Albuja’s Climbing Rat
5873,114955348,ANIMALIA,CHORDATA,MAMMALIA,RODENTIA,CRICETIDAE,Cerradomys,Cerradomys scotti,"(Langguth &amp; Bonvicino, 2002)",NA,NA,NA,LC,Lindbergh’s Rice Rat
5874,114955961,ANIMALIA,CHORDATA,MAMMALIA,RODENTIA,CRICETIDAE,Abrothrix,Abrothrix manni,"D'Elia, Teta, Upham, Pardinas &amp; Patterson, 2015",NA,NA,NA,LC,Mann's Soft-haired Mouse
5875,114956336,ANIMALIA,CHORDATA,MAMMALIA,EULIPOTYPHLA,SORICIDAE,Cryptotis,Cryptotis dinirensis,"Quiroga-Carmona &amp; Nascimiento, 2016",NA,NA,NA,DD,Dinira Shrew
5876,114956458,ANIMALIA,CHORDATA,MAMMALIA,RODENTIA,CRICETIDAE,Akodon,Akodon caenosus,"Thomas, 1918",NA,NA,NA,DD,NA
5877,114957548,ANIMALIA,CHORDATA,MAMMALIA,RODENTIA,CRICETIDAE,Akodon,Akodon dolores,"Thomas, 1916",NA,NA,NA,LC,Córdoba Akodont
5878,114980541,ANIMALIA,CHORDATA,MAMMALIA,RODENTIA,CRICETIDAE,Brucepattersonius,Brucepattersonius griserufescens,"Hershkovitz, 1998",NA,NA,NA,DD,Gray-bellied Akodont
5879,114981285,ANIMALIA,CHORDATA,MAMMALIA,RODENTIA,CRICETIDAE,Graomys,Graomys chacoensis,"Allen, 1901",NA,NA,NA,DD,NA
5880,115553730,ANIMALIA,CHORDATA,MAMMALIA,RODENTIA,CTENOMYIDAE,Ctenomys,Ctenomys frater,"Thomas, 1902",NA,NA,NA,LC,NA
5881,115554360,ANIMALIA,CHORDATA,MAMMALIA,RODENTIA,CRICETIDAE,Oryzomys,Oryzomys gorgasi,"Hershkowitz, 1971",NA,NA,NA,EN,NA
5882,115555116,ANIMALIA,CHORDATA,MAMMALIA,RODENTIA,CRICETIDAE,Juscelinomys,Juscelinomys huanchacae,"Emmons, 1999",NA,NA,NA,DD,NA
5883,115555721,ANIMALIA,CHORDATA,MAMMALIA,RODENTIA,CRICETIDAE,Nectomys,Nectomys grandis,"Thomas, 1897",NA,NA,NA,DD,NA
5884,115590985,ANIMALIA,CHORDATA,MAMMALIA,RODENTIA,CRICETIDAE,Oxymycterus,Oxymycterus paramensis,"Thomas, 1902",NA,NA,NA,LC,Paramo Hocicudo
5885,115591937,ANIMALIA,CHORDATA,MAMMALIA,RODENTIA,CRICETIDAE,Sigmodon,Sigmodon alleni,"Bailey, 1902",NA,NA,NA,VU,Allen's Cotton Rat
5886,116988741,ANIMALIA,CHORDATA,MAMMALIA,RODENTIA,CRICETIDAE,Neotoma,Neotoma lepida,"Thomas, 1893",NA,NA,NA,LC,Desert Woodrat
5887,116989038,ANIMALIA,CHORDATA,MAMMALIA,RODENTIA,CRICETIDAE,Neotoma,Neotoma insularis,"Townsend, 1912",NA,NA,NA,DD,NA
5888,116989381,ANIMALIA,CHORDATA,MAMMALIA,RODENTIA,SCIURIDAE,Urocitellus,Urocitellus mollis,"Kennicott, 1863",NA,NA,NA,LC,Piute Ground Squirrel
5889,116989724,ANIMALIA,CHORDATA,MAMMALIA,RODENTIA,SCIURIDAE,Urocitellus,Urocitellus nancyae,"Nadler, 1968",NA,NA,NA,VU,Townsend's Ground Squirrel
5890,116989865,ANIMALIA,CHORDATA,MAMMALIA,RODENTIA,MURIDAE,Hybomys,Hybomys badius,"Osgood, 1936",NA,NA,NA,EN,Cameroon Highland Hybomys
5891,116990322,ANIMALIA,CHORDATA,MAMMALIA,RODENTIA,MURIDAE,Hybomys,Hybomys eisentrauti,"Van der Straeten &amp; Hutterer, 1986",NA,NA,NA,EN,Eisentraut's Striped Mouse
5892,117189944,ANIMALIA,CHORDATA,MAMMALIA,RODENTIA,CRICETIDAE,Neotoma,Neotoma bryanti,"Merriam, 1887",NA,NA,NA,LC,Bryant's Woodrat
5893,117582065,ANIMALIA,CHORDATA,MAMMALIA,ARTIODACTYLA,BOVIDAE,Gazella,Gazella arabica,"(Lichtenstein, 1827)",NA,NA,NA,VU,Arabian Gazelle
5894,118093652,ANIMALIA,CHORDATA,MAMMALIA,CHIROPTERA,PTEROPODIDAE,Pteropus,Pteropus pelewensis,"K. Andersen, 1908",NA,NA,NA,VU,Palau Flying Fox
5895,118264161,ANIMALIA,CHORDATA,MAMMALIA,CARNIVORA,CANIDAE,Canis,Canis aureus,"Linnaeus, 1758",NA,NA,NA,LC,Golden Jackal
5896,118264888,ANIMALIA,CHORDATA,MAMMALIA,CARNIVORA,CANIDAE,Canis,Canis lupaster,"Hemprich &amp; Ehrenberg, 1832",NA,NA,NA,LC,African Wolf
5897,118355453,ANIMALIA,CHORDATA,MAMMALIA,PRIMATES,HYLOBATIDAE,Hoolock,Hoolock leuconedys,"Groves, 1967",NA,NA,NA,VU,Eastern Hoolock Gibbon
5898,118355648,ANIMALIA,CHORDATA,MAMMALIA,PRIMATES,HYLOBATIDAE,Hoolock,Hoolock tianxing,"Fan, He, Chen, Ortiz, Zhang, Zhao, Lio, Zhang, Kimock, Wang, Groves, Turvey, Roos, Helgen &amp; Jiang, 2017",NA,NA,NA,EN,Skywalker Hoolock Gibbon
5899,120569706,ANIMALIA,CHORDATA,MAMMALIA,RODENTIA,MURIDAE,Uromys,Uromys vika,"Lavery &amp; Judge, 2017",NA,NA,NA,CR,Vangunu Giant Rat 
5900,120588639,ANIMALIA,CHORDATA,MAMMALIA,PRIMATES,HOMINIDAE,Pongo,Pongo tapanuliensis,"Nurcahyo, Meijaard, Nowak, Fredriksson &amp; Groves, 2017",NA,NA,NA,CR,Tapanuli Orangutan
5901,120659170,ANIMALIA,CHORDATA,MAMMALIA,PRIMATES,HYLOBATIDAE,Nomascus,Nomascus annamensis,"Thinh, Mootnick, Vu Ngoc Thanh, Nadler &amp; Roos, 2010",NA,NA,NA,EN,Northern Yellow-cheeked Crested Gibbon
5902,120868935,ANIMALIA,CHORDATA,MAMMALIA,CARNIVORA,PHOCIDAE,Monachus,Monachus monachus,"(Hermann, 1779)",NA,NA,Eastern Mediterranean subpopulation,EN,Mediterranean Monk Seal Eastern Mediterranean Subpopulation
5903,121097935,ANIMALIA,CHORDATA,MAMMALIA,PRIMATES,HOMINIDAE,Pongo,Pongo abelii,"Lesson, 1827",NA,NA,NA,CR,Sumatran Orangutan
5904,123095978,ANIMALIA,CHORDATA,MAMMALIA,ARTIODACTYLA,DELPHINIDAE,Orcaella,Orcaella brevirostris,"(Owen in Gray, 1866)",NA,NA,Iloilo-Guimaras Subpopulation,CR, Irrawaddy Dolphin Iloilo-Guimaras subpopulation
5905,123984355,ANIMALIA,CHORDATA,MAMMALIA,CHIROPTERA,NATALIDAE,Natalus,Natalus mexicanus,"Miller, 1902",NA,NA,NA,LC,Mexican Greater Funnel-eared Bat
5906,127530569,ANIMALIA,CHORDATA,MAMMALIA,PRIMATES,PITHECIIDAE,Plecturocebus,Plecturocebus miltoni,"(Dalponte, Silva &amp; Silva Júnior, 2014)",NA,NA,NA,DD,Milton’s Titi Monkey
5907,127530581,ANIMALIA,CHORDATA,MAMMALIA,PRIMATES,PITHECIIDAE,Plecturocebus,Plecturocebus urubambensis,"Vermeer &amp; Tello-Alvarado, 2015",NA,NA,NA,LC,Urubamba Brown Titi Monkey
5908,127530593,ANIMALIA,CHORDATA,MAMMALIA,PRIMATES,PITHECIIDAE,Plecturocebus,Plecturocebus cupreus,"Spix, 1823",NA,NA,NA,LC,Coppery Titi Monkey
5909,127530624,ANIMALIA,CHORDATA,MAMMALIA,PRIMATES,PITHECIIDAE,Plecturocebus,Plecturocebus toppini,"Thomas, 1914",NA,NA,NA,LC,Toppin’s Titi Monkey
5910,127826787,ANIMALIA,CHORDATA,MAMMALIA,ARTIODACTYLA,ZIPHIIDAE,Mesoplodon,Mesoplodon hotaula,"Deraniyagala, 1963",NA,NA,NA,DD,Deraniyagala's Beaked Whale
5911,127827012,ANIMALIA,CHORDATA,MAMMALIA,ARTIODACTYLA,ZIPHIIDAE,Mesoplodon,Mesoplodon ginkgodens,"Nishiwaki &amp; Kamiya, 1958",NA,NA,NA,DD,Ginkgo-toothed Beaked Whale
5912,128073282,ANIMALIA,CHORDATA,MAMMALIA,PRIMATES,HYLOBATIDAE,Nomascus,Nomascus gabriellae,"(Thomas, 1909)",NA,NA,NA,EN,Red-cheeked Gibbon
5913,131299383,ANIMALIA,CHORDATA,MAMMALIA,CARNIVORA,FELIDAE,Felis,Felis lybica,"Forster, 1780",NA,NA,NA,LC,Afro-Asiatic Wildcat
5914,132948040,ANIMALIA,CHORDATA,MAMMALIA,ARTIODACTYLA,DELPHINIDAE,Orcinus,Orcinus orca,"(Linnaeus, 1758)",NA,NA,Strait of Gibraltar subpopulation,CR,Killer Whale
5915,134817215,ANIMALIA,CHORDATA,MAMMALIA,ARTIODACTYLA,DELPHINIDAE,Delphinus,Delphinus delphis,"Linnaeus, 1758",NA,NA,NA,LC,Common Dolphin
5916,142541491,ANIMALIA,CHORDATA,MAMMALIA,LAGOMORPHA,LEPORIDAE,Sylvilagus,Sylvilagus andinus,"(Thomas, 1897)",NA,NA,NA,DD,Andean Cottontail
5917,142542759,ANIMALIA,CHORDATA,MAMMALIA,LAGOMORPHA,LEPORIDAE,Sylvilagus,Sylvilagus tapetillus,"Thomas, 1913",NA,NA,NA,VU,Rio de Janeiro Dwarf Cottontail
5918,142642715,ANIMALIA,CHORDATA,MAMMALIA,LAGOMORPHA,LEPORIDAE,Sylvilagus,Sylvilagus sanctaemartae,"Hershkovitz, 1950",NA,NA,NA,DD,NA
5919,154195594,ANIMALIA,CHORDATA,MAMMALIA,CHIROPTERA,VESPERTILIONIDAE,Kerivoula,Kerivoula hardwickii,"(Horsfield, 1824)",NA,NA,NA,LC,Common Woolly Bat
5920,154195907,ANIMALIA,CHORDATA,MAMMALIA,CHIROPTERA,VESPERTILIONIDAE,Kerivoula,Kerivoula depressa,"Miller, 1906",NA,NA,NA,LC,Miller’s Flat-headed Woolly Bat
5921,154195951,ANIMALIA,CHORDATA,MAMMALIA,CHIROPTERA,VESPERTILIONIDAE,Kerivoula,Kerivoula dongduongana,"Tu, Hassanin, Furey, Son &amp; Csorba, 2018",NA,NA,NA,LC,Indochina's Flat-headed Woolly Bat
5922,154196065,ANIMALIA,CHORDATA,MAMMALIA,CHIROPTERA,VESPERTILIONIDAE,Kerivoula,Kerivoula furva,"Kuo, Soisook, Ho &amp; Rossiter, 2017",NA,NA,NA,LC,Dark Flat-headed Woolly Bat
5923,154196297,ANIMALIA,CHORDATA,MAMMALIA,CHIROPTERA,VESPERTILIONIDAE,Kerivoula,Kerivoula crypta,"Wroughton &amp; Ryley, 1913",NA,NA,NA,LC,Flat-headed Woolly Bat
5924,154196798,ANIMALIA,CHORDATA,MAMMALIA,CHIROPTERA,VESPERTILIONIDAE,Murina,Murina cyclotis,"Dobson, 1872",NA,NA,NA,LC,Round-eared Tube-nosed Bat
5925,156206333,ANIMALIA,CHORDATA,MAMMALIA,ARTIODACTYLA,DELPHINIDAE,Delphinus,Delphinus delphis,"Linnaeus, 1758",NA,NA,Gulf of Corinth subpopulation,CR,Common Dolphin
5926,157011948,ANIMALIA,CHORDATA,MAMMALIA,SIRENIA,DUGONGIDAE,Dugong,Dugong dugon,"(Müller, 1776)",NA,NA,Nansei subpopulation,CR,Dugong
5927,160158217,ANIMALIA,CHORDATA,MAMMALIA,ARTIODACTYLA,DELPHINIDAE,Steno,Steno bredanensis,"(Lesson, 1828)",NA,NA,Mediterranean subpopulation,NT,Rough-toothed Dolphin
5928,160875418,ANIMALIA,CHORDATA,MAMMALIA,PRIMATES,PITHECIIDAE,Cacajao,Cacajao melanocephalus,"(Humboldt, 1812)",NA,NA,NA,LC,Black-headed Uacari
5929,160881218,ANIMALIA,CHORDATA,MAMMALIA,PRIMATES,ATELIDAE,Lagothrix,Lagothrix lagothricha,"(Humboldt, 1812)",NA,NA,NA,VU,Common Woolly Monkey
5930,160885500,ANIMALIA,CHORDATA,MAMMALIA,PRIMATES,CALLITRICHIDAE,Leontocebus,Leontocebus fuscicollis,"(Spix, 1823)",NA,NA,NA,LC,Saddleback Tamarin
5931,160901052,ANIMALIA,CHORDATA,MAMMALIA,PRIMATES,CALLITRICHIDAE,Saguinus,Saguinus niger,"(É. Geoffroy Saint-Hilaire, 1803)",NA,NA,NA,VU,Black-handed Tamarin
5932,160939221,ANIMALIA,CHORDATA,MAMMALIA,PRIMATES,CALLITRICHIDAE,Leontocebus,Leontocebus weddelli,"(Deville, 1849)",NA,NA,NA,LC,Weddell’s Saddle-back Tamarin
5933,160940148,ANIMALIA,CHORDATA,MAMMALIA,PRIMATES,CEBIDAE,Saimiri,Saimiri cassiquiarensis,"(Lesson, 1840)",NA,NA,NA,LC,Humboldt’s Squirrel Monkey
5934,161247840,ANIMALIA,CHORDATA,MAMMALIA,PRIMATES,CERCOPITHECIDAE,Piliocolobus,Piliocolobus badius,"(Kerr, 1792)",NA,NA,NA,EN,Western Red Colobus
5935,162336422,ANIMALIA,CHORDATA,MAMMALIA,PRIMATES,TARSIIDAE,Tarsius,Tarsius spectrumgurskyae,"Shekelle, Groves, Maryanto &amp; Mittermeier, 2017",NA,NA,NA,VU,Gursky’s Spectral Tarsier.
5936,162336881,ANIMALIA,CHORDATA,MAMMALIA,PRIMATES,TARSIIDAE,Tarsius,Tarsius supriatnai,"Shekelle, Groves, Maryanto &amp; Mittermeier, 2017",NA,NA,NA,VU,Jatna’s Tarsier
5937,162337005,ANIMALIA,CHORDATA,MAMMALIA,PRIMATES,TARSIIDAE,Tarsius,Tarsius niemitzi,"Shekelle, Groves, Maryanto, Mittermeier, Salim &amp; Springer, 2019",NA,NA,NA,EN,NA
5938,162369551,ANIMALIA,CHORDATA,MAMMALIA,PRIMATES,TARSIIDAE,Tarsius,Tarsius tarsier,"(Erxleben, 1777)",NA,NA,NA,VU,Spectral Tarsier
5939,162369593,ANIMALIA,CHORDATA,MAMMALIA,PRIMATES,TARSIIDAE,Tarsius,Tarsius fuscus,"Fischer, 1804",NA,NA,NA,VU,NA
5940,162916735,ANIMALIA,CHORDATA,MAMMALIA,ARTIODACTYLA,BOVIDAE,Capricornis,Capricornis sumatraensis,"(Bechstein, 1799)",NA,NA,NA,VU,Mainland Serow
5941,163013860,ANIMALIA,CHORDATA,MAMMALIA,PRIMATES,LORISIDAE,Nycticebus,Nycticebus menagensis,"(Lydekker, 1893)",NA,NA,NA,VU,Philippine Slow Loris
5942,163015583,ANIMALIA,CHORDATA,MAMMALIA,PRIMATES,LORISIDAE,Nycticebus,Nycticebus kayan,"Munds, Nekaris &amp; Ford, 2013",NA,NA,NA,VU,Kayan Slow Loris
5943,163015864,ANIMALIA,CHORDATA,MAMMALIA,PRIMATES,LORISIDAE,Nycticebus,Nycticebus bancanus,"Lyon, 1906",NA,NA,NA,CR,Bangka Slow Loris
5944,163015906,ANIMALIA,CHORDATA,MAMMALIA,PRIMATES,LORISIDAE,Nycticebus,Nycticebus borneanus,"Lyon, 1906",NA,NA,NA,VU,Bornean Slow Loris
5945,163017685,ANIMALIA,CHORDATA,MAMMALIA,PRIMATES,LORISIDAE,Nycticebus,Nycticebus coucang,"(Boddaert, 1785)",NA,NA,NA,EN,Greater Slow Loris
5946,163019804,ANIMALIA,CHORDATA,MAMMALIA,PRIMATES,LORISIDAE,Nycticebus,Nycticebus hilleri,"Stone &amp; Rehn, 1902",NA,NA,NA,EN,Sumatran Slow Loris
5947,163020756,ANIMALIA,CHORDATA,MAMMALIA,PRIMATES,CHEIROGALEIDAE,Cheirogaleus,Cheirogaleus shethi,"Frasier, Lei, McLain, Taylor, Bailey, Ginter, Nash, Randriamampionona, Groves, Mittermeier &amp; Louis Jr., 2016",NA,NA,NA,EN,Ankarana Dwarf Lemur
5948,163021377,ANIMALIA,CHORDATA,MAMMALIA,PRIMATES,CHEIROGALEIDAE,Cheirogaleus,Cheirogaleus crossleyi,"A. Grandidier, 1870",NA,NA,NA,VU,Crossley's Dwarf Lemur
5949,163021607,ANIMALIA,CHORDATA,MAMMALIA,PRIMATES,CHEIROGALEIDAE,Cheirogaleus,Cheirogaleus andysabini,"Lei, McLain, Frasier, Taylor, Bailey, Engberg, Ginter, Nash, Randriamampionona, Groves,  Mittermeier &amp; Louis Jr, 2015",NA,NA,NA,EN,Montagne d'Ambre Dwarf Lemur
5950,163021927,ANIMALIA,CHORDATA,MAMMALIA,PRIMATES,CHEIROGALEIDAE,Cheirogaleus,Cheirogaleus grovesi,"McLain, Lei, Frasier, Taylor, Bailey, Robertson, Nash, Randriamanana, Mittermeier &amp; Louis Jr, 2017",NA,NA,NA,DD,Groves' Dwarf Lemur
5951,163022131,ANIMALIA,CHORDATA,MAMMALIA,PRIMATES,CHEIROGALEIDAE,Cheirogaleus,Cheirogaleus lavasoensis,"Thiele, Razafimahatratra &amp; Hapke, 2013",NA,NA,NA,EN,Lavasoa Dwarf Lemur
5952,163022885,ANIMALIA,CHORDATA,MAMMALIA,PRIMATES,CHEIROGALEIDAE,Cheirogaleus,Cheirogaleus thomasi,"(Forsyth Major, 1894)",NA,NA,NA,EN,Thomas' Dwarf Lemur
5953,163023599,ANIMALIA,CHORDATA,MAMMALIA,PRIMATES,CHEIROGALEIDAE,Cheirogaleus,Cheirogaleus medius,"É. Geoffroy Saint-Hilaire, 1812",NA,NA,NA,VU,Fat-tailed Dwarf Lemur
5954,163024481,ANIMALIA,CHORDATA,MAMMALIA,PRIMATES,CHEIROGALEIDAE,Microcebus,Microcebus tanosi,"Rasoloarison, Weisrock, Yoder, Rakotondravony &amp; Kappeler, 2013",NA,NA,NA,EN,Anosy Mouse Lemur
5955,163313085,ANIMALIA,CHORDATA,MAMMALIA,PRIMATES,CHEIROGALEIDAE,Microcebus,Microcebus ganzhorni,"Hotaling, Foley, Lawrence, Bocanegra, Blanco, Rasoloarison, Kappeler, Barrett, Yoder &amp; Weisrock, 2016 ",NA,NA,NA,EN,Ganzhorn's Mouse Lemur
5956,163313848,ANIMALIA,CHORDATA,MAMMALIA,PRIMATES,CHEIROGALEIDAE,Microcebus,Microcebus manitatra,"Hotaling, Foley, Lawrence, Bocanegra, Blanco, Rasoloarison, Kappeler, Barrett, Yoder &amp; Weisrock, 2016 ",NA,NA,NA,CR,Bemanasy Mouse Lemur
5957,163314140,ANIMALIA,CHORDATA,MAMMALIA,PRIMATES,CHEIROGALEIDAE,Microcebus,Microcebus boraha,"Hotaling, Foley, Lawrence, Bocanegra, Blanco, Rasoloarison, Kappeler, Barrett, Yoder &amp; Weisrock, 2016 ",NA,NA,NA,DD,NA
5958,163314248,ANIMALIA,CHORDATA,MAMMALIA,PRIMATES,CHEIROGALEIDAE,Microcebus,Microcebus murinus,"(J.F. Miller, 1777)",NA,NA,NA,LC,Grey Mouse Lemur
5959,163314538,ANIMALIA,CHORDATA,MAMMALIA,PRIMATES,CHEIROGALEIDAE,Microcebus,Microcebus simmonsi,"Louis Jr., Coles, Andriantompohavana, Sommer, Engberg, Zaonarivelo, Mayor &amp; Brenneman, 2006",NA,NA,NA,EN,Simmons' Mouse Lemur
5960,164377509,ANIMALIA,CHORDATA,MAMMALIA,PRIMATES,CERCOPITHECIDAE,Erythrocebus,Erythrocebus poliophaeus,"(Reichenbach, 1862)",NA,NA,NA,DD,Heuglin’s Patas Monkey
5961,164378198,ANIMALIA,CHORDATA,MAMMALIA,PRIMATES,GALAGIDAE,Galagoides,Galagoides kumbirensis,"Svensson, Bersacola, Mills, Munds, Nijman, Perkin, Masters, Couette, Nekaris &amp; Bearder, 2017",NA,NA,NA,NT,Angola Dwarf Galago
5962,167462770,ANIMALIA,CHORDATA,MAMMALIA,RODENTIA,BATHYERGIDAE,Fukomys,Fukomys hanangensis,"Faulkes, Mgode, Archer &amp; Bennett, 2017 ",NA,NA,NA,EN,Hanang Mole-rat
5963,167463928,ANIMALIA,CHORDATA,MAMMALIA,RODENTIA,BATHYERGIDAE,Fukomys,Fukomys livingstoni,"Faulkes, Mgode, Archer &amp; Bennett, 2017",NA,NA,NA,DD,Livingstone’s Mole-rat
5964,167543916,ANIMALIA,CHORDATA,MAMMALIA,PRIMATES,CERCOPITHECIDAE,Semnopithecus,Semnopithecus hypoleucos,"Blyth, 1841",NA,NA,NA,LC,Black-footed Gray Langur
5965,167546892,ANIMALIA,CHORDATA,MAMMALIA,PRIMATES,CERCOPITHECIDAE,Semnopithecus,Semnopithecus priam,"Blyth, 1844",NA,NA,NA,NT,Tufted Gray Langur
5966,171619155,ANIMALIA,CHORDATA,MAMMALIA,CHIROPTERA,VESPERTILIONIDAE,Hypsugo,Hypsugo ariel,"(Thomas, 1904)",NA,NA,NA,DD,NA
5967,172269376,ANIMALIA,CHORDATA,MAMMALIA,PRIMATES,CALLITRICHIDAE,Mico,Mico munduruku,"Costa-Araújo, Farias &amp; Hrbek, 2019",NA,NA,NA,VU,Munduruku Marmoset
5968,172272064,ANIMALIA,CHORDATA,MAMMALIA,PRIMATES,PITHECIIDAE,Plecturocebus,Plecturocebus grovesi,"Boubli, Byrne, da Silva, Silva-Júnior, Costa Araújo, Bertuol, Gonçalves, de Melo, Rylands, Mittermeier, Silva, Nash, Canale, Alencar, Rossi, Carneiro, Sampaio, Farias, Schneider, &amp; Hrbek, 2019",NA,NA,NA,CR,Groves’ Titi
5969,172274032,ANIMALIA,CHORDATA,MAMMALIA,PRIMATES,PITHECIIDAE,Plecturocebus,Plecturocebus parecis,"Gusmão, Messias, Carneiro, Schneider, de Alencar, Calouro, Dalponte, de Souza Mattos, Ferrari, Buss, de Azevedo, Santos Júnior, Nash, Rylands &amp; Barnett, 2019",NA,NA,NA,NT,Parecis Titi
5970,172351505,ANIMALIA,CHORDATA,MAMMALIA,PRIMATES,CEBIDAE,Sapajus,Sapajus apella,"Linnaeus, 1758",NA,NA,NA,LC,Black-capped Capuchin
5971,174391079,ANIMALIA,CHORDATA,MAMMALIA,PRIMATES,CERCOPITHECIDAE,Erythrocebus,Erythrocebus patas,"(Schreber, 1774)",NA,NA,NA,NT,Patas Monkey
5972,175648870,ANIMALIA,CHORDATA,MAMMALIA,PRIMATES,CERCOPITHECIDAE,Presbytis,Presbytis hosei,"(Thomas, 1889)",NA,NA,NA,VU,Hose’s Langur
5973,175862145,ANIMALIA,CHORDATA,MAMMALIA,PRIMATES,CERCOPITHECIDAE,Trachypithecus,Trachypithecus phayrei,"(Blyth, 1847)",NA,NA,NA,EN,Phayre’s Leaf-monkey
5974,178756893,ANIMALIA,CHORDATA,MAMMALIA,ARTIODACTYLA,ZIPHIIDAE,Berardius,Berardius minimus,"Yamada, Kitamura &amp; Matsuishi, 2019",NA,NA,NA,NT,Sato’s Beaked Whale
5975,180990825,ANIMALIA,CHORDATA,MAMMALIA,CHIROPTERA,HIPPOSIDERIDAE,Hipposideros,Hipposideros pomona,"K. Andersen, 1918",NA,NA,NA,EN,Andersen's Roundleaf Bat
5976,180991219,ANIMALIA,CHORDATA,MAMMALIA,CHIROPTERA,HIPPOSIDERIDAE,Hipposideros,Hipposideros gentilis,"K. Andersen, 1918",NA,NA,NA,LC,Andersen’s Roundleaf Bat
5977,181007989,ANIMALIA,CHORDATA,MAMMALIA,PROBOSCIDEA,ELEPHANTIDAE,Loxodonta,Loxodonta cyclotis,"Matschie, 1900",NA,NA,NA,CR,African Forest Elephant
5978,181008073,ANIMALIA,CHORDATA,MAMMALIA,PROBOSCIDEA,ELEPHANTIDAE,Loxodonta,Loxodonta africana,"(Blumenbach, 1797)",NA,NA,NA,EN,African Savanna Elephant
5979,181049859,ANIMALIA,CHORDATA,MAMMALIA,CARNIVORA,FELIDAE,Felis,Felis silvestris,"Schreber, 1777",NA,NA,NA,LC,European Wildcat
5980,181208820,ANIMALIA,CHORDATA,MAMMALIA,ARTIODACTYLA,DELPHINIDAE,Tursiops,Tursiops truncatus,"(Montagu, 1821)",NA,NA,Gulf of Ambracia subpopulation,CR,Common Bottlenose Dolphin
5981,186170680,ANIMALIA,CHORDATA,MAMMALIA,CHIROPTERA,VESPERTILIONIDAE,Pipistrellus,Pipistrellus tenuis,"(Temminck, 1840)",NA,NA,NA,LC,Least Pipistrelle
5982,188566753,ANIMALIA,CHORDATA,MAMMALIA,CHIROPTERA,PTEROPODIDAE,Pteropus,Pteropus mariannus,"Desmarest, 1822",NA,NA,NA,EN,Mariana Fruit Bat
5983,189865869,ANIMALIA,CHORDATA,MAMMALIA,ARTIODACTYLA,DELPHINIDAE,Delphinus,Delphinus delphis,"Linnaeus, 1758",NA,NA,Inner Mediterranean subpopulation,EN,Common Dolphin
5984,196344474,ANIMALIA,CHORDATA,MAMMALIA,PRIMATES,CERCOPITHECIDAE,Trachypithecus,Trachypithecus popa,"Roos, Helgen, Miguez, Thant, Lwin, A.K. Lin, A. Lin, Yi, Soe, Hein, Myint, Ahmed, Chetry, Urh, Veatch, Duncan, Kamminga, Chua, Yao, Matauschek, Meyer, Liu, Li, Nadler, Fan, Quyet, Hofreiter, Zinner &amp; Momberg, 2020",NA,NA,NA,CR,NA
5985,196429436,ANIMALIA,CHORDATA,MAMMALIA,PRIMATES,CHEIROGALEIDAE,Microcebus,Microcebus jonahi,"Schüßler, Blanco, Salmona, Poelstra, Andriambeloson, Miller, A., Randrianambinina, Rasolofoson, Mantilla-Contreras, Chikhi, Louis Jr., Yoder, &amp; Radespiel, 2020",NA,NA,NA,EN,NA
5986,198622924,ANIMALIA,CHORDATA,MAMMALIA,PRIMATES,ATELIDAE,Alouatta,Alouatta macconnelli,"(Elliot, 1910)",NA,NA,NA,LC,Guianan Red Howler Monkey
5987,198676562,ANIMALIA,CHORDATA,MAMMALIA,PRIMATES,ATELIDAE,Alouatta,Alouatta seniculus,"(Linnaeus, 1766)",NA,NA,NA,LC,Colombian Red Howler Monkey
5988,198785664,ANIMALIA,CHORDATA,MAMMALIA,ARTIODACTYLA,DELPHINIDAE,Globicephala,Globicephala melas,"(Traill, 1809)",NA,NA,Inner Mediterranean subpopulation,EN,Long-finned Pilot Whale
5989,198787290,ANIMALIA,CHORDATA,MAMMALIA,ARTIODACTYLA,DELPHINIDAE,Globicephala,Globicephala melas,"(Traill, 1809)",NA,NA,Strait of Gibraltar subpopulation,CR,Long-Finned Pilot Whale
5990,205889816,ANIMALIA,CHORDATA,MAMMALIA,PRIMATES,CERCOPITHECIDAE,Macaca,Macaca leucogenys,"Li, Zhao &amp; Fan, 2015",NA,NA,NA,EN,White-cheeked Macaque
5991,205911038,ANIMALIA,CHORDATA,MAMMALIA,PRIMATES,CERCOPITHECIDAE,Trachypithecus,Trachypithecus selangorensis,"Roos, Nadler &amp; Walter, 2008",NA,NA,NA,NT,Selangor Silvery Langur
5992,210188066,ANIMALIA,CHORDATA,MAMMALIA,ARTIODACTYLA,DELPHINIDAE,Stenella,Stenella coeruleoalba,"(Meyen, 1833)",NA,NA,Gulf of Corinth subpopulation,EN,Striped Dolphin
5993,210363264,ANIMALIA,CHORDATA,MAMMALIA,PRIMATES,CALLITRICHIDAE,Mico,Mico schneideri,"Costa-Araújo, Silva-Jr., Boubli, Rossi, Hrbek &amp; Farias, 2021",NA,NA,NA,EN,Schneider’s Marmoset
5994,210364856,ANIMALIA,CHORDATA,MAMMALIA,PRIMATES,CHEIROGALEIDAE,Microcebus,Microcebus lehilahytsara,"Roos &amp; Kappeler, 2005",NA,NA,NA,NT,Goodman's Mouse Lemur
5995,210368667,ANIMALIA,CHORDATA,MAMMALIA,PRIMATES,LEPILEMURIDAE,Lepilemur,Lepilemur dorsalis,"Gray, 1870",NA,NA,NA,EN,Gray’s Sportive Lemur
5996,210369485,ANIMALIA,CHORDATA,MAMMALIA,PRIMATES,CERCOPITHECIDAE,Presbytis,Presbytis comata,"(Desmarest,1822)",NA,NA,NA,VU,Javan Surili
5997,210891841,ANIMALIA,CHORDATA,MAMMALIA,PRIMATES,PITHECIIDAE,Cheracebus,Cheracebus torquatus,"(Hoffmannsegg, 1807)",NA,NA,NA,LC,Collared Titi Monkey
5998,214508825,ANIMALIA,CHORDATA,MAMMALIA,CHIROPTERA,HIPPOSIDERIDAE,Aselliscus,Aselliscus dongbacanus,"Tu, Csorba, Göorföl, Arai, Son, Thanh &amp; Hasanin, 2015",NA,NA,NA,NT,Dong Bac's Trident Bat
5999,214518902,ANIMALIA,CHORDATA,MAMMALIA,CHIROPTERA,HIPPOSIDERIDAE,Aselliscus,Aselliscus stoliczkanus,"(Dobson, 1871)",NA,NA,NA,LC,Stoliczka's Asian Trident Bat
6000,215154989,ANIMALIA,CHORDATA,MAMMALIA,CHIROPTERA,VESPERTILIONIDAE,Myotis,Myotis crypticus,"Ruedi, Ibáñez, Salicini, Juste &amp; Puechmaille, 2019",NA,NA,NA,NT,Hidden Myotis
6001,215482954,ANIMALIA,CHORDATA,MAMMALIA,CHIROPTERA,VESPERTILIONIDAE,Plecotus,Plecotus teneriffae,"Barret-Hamilton, 1907",NA,NA,NA,CR,Canary Long-eared Bat
6002,215492021,ANIMALIA,CHORDATA,MAMMALIA,CHIROPTERA,VESPERTILIONIDAE,Myotis,Myotis nattereri,"(Kuhl, 1817)",NA,NA,NA,LC,Natterer's Bat
6003,215823373,ANIMALIA,CHORDATA,MAMMALIA,ARTIODACTYLA,BALAENOPTERIDAE,Balaenoptera,Balaenoptera ricei,"Rosel, Wilcox, Yamada &amp; Mullin, 2021",NA,NA,NA,CR,Rice’s Whale
6004,215824818,ANIMALIA,CHORDATA,MAMMALIA,ARTIODACTYLA,ZIPHIIDAE,Mesoplodon,Mesoplodon eueu,"Carroll et al, 2021",NA,NA,NA,DD,Ramari's Beaked Whale
6005,216518463,ANIMALIA,CHORDATA,MAMMALIA,CHIROPTERA,VESPERTILIONIDAE,Plecotus,Plecotus kolombatovici,"Đulić, 1980",NA,NA,NA,LC,Kolombatovic's Long-eared Bat
6006,216617275,ANIMALIA,CHORDATA,MAMMALIA,CHIROPTERA,VESPERTILIONIDAE,Myotis,Myotis nimbaensis,"Simmons, Flanders, Fils, Parker, Suter, Bamba, Douno, Keita, Morales, &amp; Frick, 2021",NA,NA,NA,CR,NA
6007,218360290,ANIMALIA,CHORDATA,MAMMALIA,CHIROPTERA,VESPERTILIONIDAE,Nyctophilus,Nyctophilus holtorum,"Parnaby, King &amp; Eldridge, 2021",NA,NA,NA,LC,Holt's Long-eared Bat
6008,218360733,ANIMALIA,CHORDATA,MAMMALIA,CHIROPTERA,VESPERTILIONIDAE,Nyctophilus,Nyctophilus gouldi,"Tomes, 1858",NA,NA,NA,LC,Gould's Long-eared Bat
6009,218361332,ANIMALIA,CHORDATA,MAMMALIA,CHIROPTERA,PTEROPODIDAE,Nyctimene,Nyctimene wrightae,"Irwin, 2017",NA,NA,NA,LC,Wright's Happy Tube-nosed Fruit Bat
6010,218582754,ANIMALIA,CHORDATA,MAMMALIA,SIRENIA,DUGONGIDAE,Dugong,Dugong dugon,"(Müller, 1776)",NA,NA,New Caledonia subpopulation,EN,Dugong
6011,218582764,ANIMALIA,CHORDATA,MAMMALIA,SIRENIA,DUGONGIDAE,Dugong,Dugong dugon,"(Müller, 1776)",NA,NA,Eastern Africa subpopulation,CR,Dugong
6012,219451656,ANIMALIA,CHORDATA,MAMMALIA,RODENTIA,CRICETIDAE,Arvicola,Arvicola amphibius,"(Linnaeus, 1758)",NA,NA,NA,LC,Eurasian Water Vole
6013,221695743,ANIMALIA,CHORDATA,MAMMALIA,RODENTIA,CRICETIDAE,Microtus,Microtus guentheri,"(Danford &amp; Alston, 1880)",NA,NA,NA,LC,Günther's Vole
6014,221730864,ANIMALIA,CHORDATA,MAMMALIA,RODENTIA,SCIURIDAE,Sciurus,Sciurus vulgaris,"Linnaeus, 1758",NA,NA,NA,LC,Eurasian Red Squirrel
6015,221735459,ANIMALIA,CHORDATA,MAMMALIA,EULIPOTYPHLA,SORICIDAE,Crocidura,Crocidura suaveolens,"(Pallas, 1811)",NA,NA,NA,LC,Lesser White-toothed Shrew
6016,221738646,ANIMALIA,CHORDATA,MAMMALIA,EULIPOTYPHLA,SORICIDAE,Neomys,Neomys milleri,"Mottaz, 1907",NA,NA,NA,LC,Miller's Water Shrew
6017,221740223,ANIMALIA,CHORDATA,MAMMALIA,EULIPOTYPHLA,SORICIDAE,Sorex,Sorex antinorii,"Bonaparte, 1840",NA,NA,NA,LC,Valais Shrew
6018,221751920,ANIMALIA,CHORDATA,MAMMALIA,EULIPOTYPHLA,TALPIDAE,Talpa,Talpa europaea,"Linnaeus, 1758",NA,NA,NA,LC,European Mole
6019,221753106,ANIMALIA,CHORDATA,MAMMALIA,EULIPOTYPHLA,TALPIDAE,Talpa,Talpa ognevi,"Stroganov, 1944",NA,NA,NA,LC,Ognev's Mole
6020,221753755,ANIMALIA,CHORDATA,MAMMALIA,EULIPOTYPHLA,TALPIDAE,Talpa,Talpa caucasica,"Satunin, 1908",NA,NA,NA,LC,Caucasian Mole
6021,221754376,ANIMALIA,CHORDATA,MAMMALIA,EULIPOTYPHLA,TALPIDAE,Talpa,Talpa talyschensis,"Vereschchagin, 1945",NA,NA,NA,LC,Talysch Mole
6022,221754684,ANIMALIA,CHORDATA,MAMMALIA,EULIPOTYPHLA,TALPIDAE,Talpa,Talpa levantis,"O. Thomas, 1906",NA,NA,NA,LC,Levant Mole
6023,223138747,ANIMALIA,CHORDATA,MAMMALIA,CARNIVORA,FELIDAE,Prionailurus,Prionailurus bengalensis,"(Kerr, 1792)",NA,NA,NA,LC,Mainland Leopard Cat
6024,230918147,ANIMALIA,CHORDATA,MAMMALIA,CHIROPTERA,MINIOPTERIDAE,Miniopterus,Miniopterus schreibersii,"(Kühl, 1817)",NA,NA,NA,VU,Schreiber's Bent-winged Bat
6025,247279613,ANIMALIA,CHORDATA,MAMMALIA,CARNIVORA,FELIDAE,Panthera,Panthera leo,"(Linnaeus, 1758)",NA,NA,Asiatic subpopulation,EN,Asiatic Lion
