id,Species,Aquaculture,Climate_Change,Conflict,Crops,Dams_Water,Fire,Fishing,Geo_Event,Hunting,Inv_Disease,Livestock,Logging,Other_Develop,Plantations,Pollution,Rec_Work
1,Rhea americana,0,0,0,2,0,0,0,0,2,0,2,0,0,0,0,0
2,Rhea pennata,0,0,0,1,0,0,0,0,1,0,1,0,1,0,0,0
3,Casuarius casuarius,0,0,0,0,0,1,0,0,2,0,1,2,1,0,0,0
4,Casuarius bennetti,0,0,0,1,0,0,0,0,2,1,0,1,1,0,0,0
5,Casuarius unappendiculatus,0,0,0,1,0,0,0,0,2,0,0,1,0,0,0,0
6,Dromaius novaehollandiae,0,0,0,0,0,0,0,0,0,0,0,0,0,0,0,0
7,Apteryx australis,0,0,0,0,0,0,0,0,0,2,0,0,0,0,0,0
8,Apteryx owenii,0,0,0,0,0,0,0,0,0,1,0,0,0,0,0,0
9,Apteryx haastii,0,0,0,0,0,0,0,0,0,2,0,0,0,0,0,0
10,Tinamus tao,0,0,0,2,0,0,0,0,1,0,2,0,0,0,0,0
11,Tinamus solitarius,0,0,0,2,0,0,0,0,2,0,0,1,1,0,0,0
12,Tinamus osgoodi,0,0,0,1,0,0,0,0,2,0,1,0,1,0,0,0
13,Tinamus major,0,0,0,2,0,0,0,0,2,0,2,2,2,0,0,0
14,Tinamus guttatus,0,0,0,2,0,0,0,0,2,0,2,0,0,0,0,0
15,Nothocercus bonapartei,0,0,0,0,0,0,0,0,1,0,0,1,0,0,0,0
16,Nothocercus julius,0,0,0,0,0,0,0,0,0,0,0,0,0,0,0,0
17,Nothocercus nigrocapillus,0,0,0,1,0,0,0,0,0,0,1,0,0,0,0,0
18,Crypturellus berlepschi,0,0,0,0,0,0,0,0,0,0,0,0,0,0,0,0
19,Crypturellus cinereus,0,0,0,0,0,0,0,0,0,0,0,0,0,0,0,0
20,Crypturellus soui,0,0,0,0,0,0,0,0,0,0,0,0,0,0,0,0
21,Crypturellus ptaritepui,0,0,0,1,0,1,0,0,1,0,0,1,0,0,0,0
22,Crypturellus obsoletus,0,0,0,2,0,0,0,0,1,0,2,0,0,0,0,0
23,Crypturellus cinnamomeus,0,0,0,0,0,0,2,0,1,0,0,2,0,0,0,0
24,Crypturellus undulatus,0,0,0,0,0,0,0,0,0,0,0,0,0,0,0,0
25,Crypturellus transfasciatus,0,0,0,1,0,0,0,0,2,0,2,2,0,0,0,0
26,Crypturellus strigulosus,0,0,0,0,0,0,0,0,0,0,0,0,0,0,0,0
27,Crypturellus boucardi,0,0,0,2,0,0,0,0,2,0,0,2,0,0,0,0
28,Crypturellus kerriae,0,0,0,1,0,0,0,0,0,0,1,1,1,0,0,0
29,Crypturellus duidae,0,0,0,1,0,0,0,0,1,0,1,0,0,0,0,0
30,Crypturellus noctivagus,0,0,0,1,0,0,0,0,2,0,0,2,0,0,0,0
31,Crypturellus atrocapillus,0,0,0,1,0,0,0,0,1,0,1,0,0,0,0,0
32,Crypturellus variegatus,0,0,0,0,0,0,0,0,0,0,0,0,0,0,0,0
33,Crypturellus brevirostris,0,0,0,0,0,0,0,0,0,0,0,0,0,0,0,0
34,Crypturellus bartletti,0,0,0,0,0,0,0,0,0,0,0,0,0,0,0,0
35,Crypturellus parvirostris,0,0,0,0,0,0,0,0,0,0,0,0,0,0,0,0
36,Crypturellus casiquiare,0,0,0,0,0,0,0,0,0,0,0,0,0,0,0,0
37,Crypturellus tataupa,0,0,0,0,0,0,0,0,0,0,0,0,0,0,0,0
38,Nothoprocta taczanowskii,0,0,0,0,0,2,0,0,2,0,2,2,0,0,0,0
39,Nothoprocta ornata,0,0,0,0,0,0,0,0,0,0,0,0,0,0,0,0
40,Nothoprocta pentlandii,0,0,0,0,0,0,0,0,0,0,0,0,0,0,0,0
41,Nothoprocta cinerascens,0,0,0,0,0,0,0,0,0,0,0,0,0,0,0,0
42,Nothoprocta perdicaria,0,0,0,0,0,0,0,0,0,0,0,0,0,0,0,0
43,Nothoprocta curvirostris,0,0,0,0,0,0,0,0,0,0,0,0,0,0,0,0
44,Nothura darwinii,0,0,0,0,0,0,0,0,0,0,0,0,0,0,0,0
45,Nothura minor,0,0,0,2,0,2,0,0,0,1,2,0,0,1,2,2
46,Nothura boraquira,0,0,0,0,0,0,0,0,0,0,0,0,0,0,0,0
47,Taoniscus nanus,0,0,0,2,0,1,0,0,0,1,2,0,0,1,1,0
48,Eudromia elegans,0,0,0,0,0,0,0,0,0,0,0,0,0,0,0,0
49,Eudromia formosa,0,0,0,0,0,0,0,0,0,0,0,0,0,0,0,0
50,Tinamotis pentlandii,0,0,0,0,0,0,0,0,0,0,0,0,0,0,0,0
51,Tinamotis ingoufi,0,0,0,0,0,0,0,0,0,0,0,0,0,0,0,0
52,Ortalis vetula,0,0,0,0,0,0,0,0,0,0,0,0,0,0,0,0
53,Ortalis cinereiceps,0,0,0,0,0,0,0,0,0,0,0,0,0,0,0,0
54,Ortalis garrula,0,0,0,0,0,0,0,0,0,0,0,0,0,0,0,0
55,Ortalis ruficauda,0,0,0,0,0,0,0,0,0,0,0,0,0,0,0,0
56,Ortalis erythroptera,0,0,0,2,0,0,0,0,2,0,2,1,1,0,0,0
57,Ortalis wagleri,0,0,0,0,0,0,0,0,1,0,0,0,1,0,0,0
58,Ortalis poliocephala,0,0,0,0,0,0,0,0,0,0,0,0,0,0,0,0
59,Ortalis canicollis,0,0,0,0,0,0,0,0,0,0,0,0,0,0,0,0
60,Ortalis leucogastra,0,0,0,0,0,0,0,0,0,0,0,0,0,0,0,0
61,Ortalis motmot,0,0,0,0,0,0,0,0,0,0,0,0,0,0,0,0
62,Ortalis superciliaris,0,0,0,1,0,0,0,0,1,0,0,1,0,0,0,0
63,Penelope argyrotis,0,0,0,2,0,1,0,0,2,0,2,2,0,0,0,0
64,Penelope barbata,0,0,0,2,0,0,0,0,1,0,2,0,1,0,0,0
65,Penelope ortoni,0,0,0,2,0,0,0,0,2,0,2,2,2,0,0,0
66,Penelope montagnii,0,0,0,0,0,0,0,0,0,0,0,0,0,0,0,0
67,Penelope marail,0,0,0,0,0,0,0,0,0,0,0,0,0,0,0,0
68,Penelope superciliaris,0,0,0,2,0,0,0,0,2,0,2,0,1,0,0,0
69,Penelope dabbenei,0,0,0,0,0,0,0,0,0,0,0,0,0,0,0,0
70,Penelope purpurascens,0,0,0,1,0,0,0,0,2,0,1,0,0,0,0,0
71,Penelope perspicax,0,0,0,1,0,0,0,0,2,0,1,1,1,0,0,0
72,Penelope albipennis,0,0,0,0,0,0,0,0,0,0,0,0,1,0,0,0
73,Penelope jacquacu,0,0,0,0,0,0,0,0,0,0,0,0,0,0,0,0
74,Penelope obscura,0,0,0,0,0,0,0,0,0,0,0,0,0,0,0,0
75,Penelope pileata,0,0,0,2,0,0,0,0,0,0,2,1,0,0,0,0
76,Penelope ochrogaster,0,2,0,2,0,0,0,0,2,0,2,2,2,2,0,0
77,Penelope jacucaca,0,0,0,2,0,0,0,0,2,0,2,2,0,0,0,0
78,Pipile pipile,0,0,0,2,0,0,0,0,2,0,0,2,0,0,0,0
79,Pipile cujubi,0,2,0,2,0,2,0,0,2,0,2,2,2,0,0,0
80,Pipile jacutinga,0,0,0,2,2,0,0,0,2,0,0,1,0,0,0,0
81,Aburria aburri,0,0,0,1,0,0,0,0,1,0,1,1,0,0,0,0
82,Chamaepetes unicolor,0,0,0,1,0,1,0,0,1,0,0,1,0,0,0,0
83,Chamaepetes goudotii,0,0,0,0,0,0,0,0,0,0,0,0,0,0,0,0
84,Penelopina nigra,0,1,0,2,0,0,0,0,2,0,0,0,1,0,0,0
85,Oreophasis derbianus,0,0,0,2,0,0,0,0,2,1,0,2,1,0,0,0
86,Nothocrax urumutum,0,0,0,0,0,0,0,0,0,0,0,0,0,0,0,0
87,Mitu tomentosum,0,0,0,1,0,0,0,0,1,0,1,1,0,0,0,0
88,Mitu salvini,0,0,0,0,0,0,0,0,0,0,0,0,0,0,0,0
89,Mitu tuberosum,0,0,0,2,0,0,0,0,2,0,2,0,1,0,0,0
90,Mitu mitu,0,0,0,1,0,0,0,0,1,0,0,0,0,0,0,0
91,Pauxi pauxi,0,0,0,1,0,0,0,0,2,0,1,1,0,0,0,0
92,Crax rubra,0,0,0,1,0,0,0,0,2,0,0,1,2,0,0,0
93,Crax alberti,0,0,0,2,0,0,0,0,2,0,2,1,2,0,0,0
94,Crax daubentoni,0,0,0,2,0,0,0,0,2,0,0,0,0,0,0,0
95,Crax alector,0,0,0,2,0,0,0,0,2,0,2,0,1,0,0,0
96,Crax globulosa,0,0,0,1,0,0,0,0,2,0,0,1,0,0,0,0
97,Crax blumenbachii,0,0,0,2,0,0,0,0,2,0,2,0,0,2,0,0
98,Alectura lathami,0,0,0,0,0,0,0,0,0,0,0,0,0,0,0,0
99,Aepypodius arfakianus,0,0,0,0,0,0,0,0,0,0,0,0,0,0,0,0
100,Aepypodius bruijnii,0,2,0,0,0,1,0,0,1,1,0,1,0,0,0,0
101,Talegalla cuvieri,0,0,0,0,0,0,0,0,1,0,0,0,0,1,0,0
102,Talegalla fuscirostris,0,0,0,0,0,0,0,0,0,0,0,0,0,0,0,0
103,Talegalla jobiensis,0,0,0,0,0,0,0,0,0,0,0,0,0,0,0,0
104,Macrocephalon maleo,0,0,0,1,0,0,0,0,3,0,0,1,1,0,0,1
105,Megapodius nicobariensis,0,1,0,1,0,0,0,0,1,0,0,0,1,0,0,0
106,Megapodius cumingii,0,0,0,1,0,0,0,0,1,0,0,0,0,0,0,0
107,Megapodius bernsteinii,0,0,0,2,0,0,0,0,2,2,0,1,0,0,0,0
108,Megapodius freycinet,0,0,0,1,0,0,0,0,1,0,0,0,0,0,0,0
109,Megapodius decollatus,0,0,0,0,0,0,0,0,0,0,0,0,0,0,0,0
110,Megapodius eremita,0,0,0,0,0,0,0,0,0,0,0,0,0,0,0,0
111,Megapodius layardi,0,0,0,1,0,0,0,0,1,0,1,2,0,0,0,0
112,Megapodius laperouse,0,2,0,0,0,0,0,1,1,2,0,0,2,0,0,1
113,Megapodius pritchardii,0,0,0,0,0,0,0,1,1,1,0,0,0,0,0,0
114,Eulipoa wallacei,0,0,0,1,0,0,0,0,2,1,0,1,1,0,0,0
115,Leipoa ocellata,0,2,0,0,0,2,0,0,0,2,1,0,1,0,1,0
116,Lerwa lerwa,0,0,0,0,0,0,0,0,0,0,0,0,0,0,0,0
117,Ammoperdix griseogularis,0,0,0,0,0,0,0,0,0,0,0,0,0,0,0,0
118,Ammoperdix heyi,0,0,0,0,0,0,0,0,0,0,0,0,0,0,0,0
119,Tetraogallus caucasicus,0,0,0,0,0,0,0,0,0,0,0,0,0,0,0,0
120,Tetraogallus caspius,0,0,0,0,0,0,0,0,0,0,0,0,0,0,0,0
121,Tetraogallus tibetanus,0,0,0,0,0,0,0,0,0,0,0,0,0,0,0,0
122,Tetraogallus altaicus,0,0,0,0,0,0,0,0,0,0,0,0,0,0,0,0
123,Tetraogallus himalayensis,0,0,0,0,0,0,0,0,0,0,0,0,0,0,0,0
124,Tetraophasis obscurus,0,0,0,0,0,0,0,0,0,0,0,0,0,0,0,0
125,Tetraophasis szechenyii,0,0,0,0,0,0,0,0,0,0,0,0,0,0,0,0
126,Alectoris graeca,0,1,0,2,0,0,0,0,2,0,0,0,1,0,0,0
127,Alectoris chukar,0,0,0,0,0,0,0,0,0,0,0,0,0,0,0,0
128,Alectoris philbyi,0,0,0,0,0,0,0,0,1,0,0,0,0,0,0,0
129,Alectoris magna,0,0,0,0,0,0,0,0,0,0,0,0,0,0,0,0
130,Alectoris barbara,0,0,0,0,0,0,0,0,0,0,0,0,0,0,0,0
131,Alectoris rufa,0,0,0,2,0,0,0,0,2,0,1,0,0,0,2,0
132,Alectoris melanocephala,0,0,0,0,0,0,0,0,0,0,0,0,0,0,0,0
133,Francolinus francolinus,0,0,0,0,0,0,0,0,0,0,0,0,0,0,0,0
134,Francolinus pictus,0,0,0,0,0,0,0,0,0,0,0,0,0,0,0,0
135,Francolinus pintadeanus,0,0,0,0,0,0,0,0,0,0,0,0,0,0,0,0
136,Ortygornis pondicerianus,0,0,0,0,0,0,0,0,0,0,0,0,0,0,0,0
137,Ortygornis gularis,0,0,0,1,1,1,0,0,1,0,0,0,0,1,0,0
138,Campocolinus coqui,0,0,0,0,0,0,0,0,0,0,0,0,0,0,0,0
139,Campocolinus albogularis,0,0,0,0,0,0,0,0,0,0,0,0,0,0,0,0
140,Campocolinus schlegelii,0,0,0,0,0,0,0,0,0,0,0,0,0,0,0,0
141,Peliperdix lathami,0,0,0,0,0,0,0,0,0,0,0,0,0,0,0,0
142,Ortygornis sephaena,0,0,0,0,0,0,0,0,0,0,0,0,0,0,0,0
143,Scleroptila streptophora,0,0,0,2,0,0,0,0,0,0,2,2,0,0,0,0
144,Scleroptila finschi,0,0,0,0,0,0,0,0,0,0,0,0,0,0,0,0
145,Scleroptila afra,0,0,0,0,0,0,0,0,0,0,0,0,0,0,0,0
146,Scleroptila levaillantii,0,0,0,0,0,0,0,0,0,0,0,0,0,0,0,0
147,Scleroptila gutturalis,0,0,0,0,0,0,0,0,0,0,0,0,0,0,0,0
148,Ptilopachus nahani,0,0,0,2,0,0,0,0,2,1,0,2,0,0,0,1
149,Pternistis hartlaubi,0,2,0,0,0,0,0,0,0,0,0,0,0,0,0,0
150,Pternistis bicalcaratus,0,0,0,0,0,0,0,0,0,0,0,0,0,0,0,0
151,Pternistis clappertoni,0,0,0,0,0,0,0,0,0,0,0,0,0,0,0,0
152,Pternistis icterorhynchus,0,0,0,0,0,0,0,0,0,0,0,0,0,0,0,0
153,Pternistis harwoodi,0,0,0,2,0,0,0,0,2,0,0,2,0,0,0,0
154,Pternistis adspersus,0,0,0,0,0,0,0,0,0,0,0,0,0,0,0,0
155,Pternistis capensis,0,0,0,0,0,0,0,0,0,0,0,0,0,0,0,0
156,Pternistis hildebrandti,0,0,0,0,0,0,0,0,0,0,0,0,0,0,0,0
157,Pternistis natalensis,0,0,0,0,0,0,0,0,0,0,0,0,0,0,0,0
158,Pternistis ahantensis,0,0,0,0,0,0,0,0,0,0,0,0,0,0,0,0
159,Pternistis squamatus,0,0,0,0,0,0,0,0,0,0,0,0,0,0,0,0
160,Pternistis griseostriatus,0,0,0,1,0,0,0,0,1,0,0,1,1,0,0,0
161,Pternistis leucoscepus,0,0,0,0,0,0,0,0,0,0,0,0,0,0,0,0
162,Pternistis rufopictus,0,0,0,0,0,0,0,0,0,0,0,0,0,0,0,0
163,Pternistis afer,0,0,0,0,0,0,0,0,0,0,0,0,0,0,0,0
164,Pternistis swainsonii,0,0,0,0,0,0,0,0,0,0,0,0,0,0,0,0
165,Pternistis erckelii,0,0,0,0,0,0,0,0,0,0,0,0,0,0,0,0
166,Pternistis ochropectus,0,2,0,2,0,0,0,0,1,0,3,2,0,0,2,2
167,Pternistis nobilis,0,0,0,0,0,0,0,0,0,0,0,0,0,0,0,0
168,Pternistis jacksoni,0,0,0,0,0,0,0,0,1,0,0,2,0,0,0,0
169,Pternistis camerunensis,0,0,0,1,0,1,0,0,1,0,0,2,0,0,0,0
170,Pternistis swierstrai,0,2,0,2,0,2,0,0,1,0,0,2,0,0,0,0
171,Xenoperdix udzungwensis,0,0,0,2,0,2,0,0,1,0,0,0,0,0,0,1
172,Perdix perdix,0,0,0,2,0,0,0,0,2,2,0,0,0,0,2,0
173,Perdix dauurica,0,0,0,0,0,0,0,0,0,0,0,0,0,0,0,0
174,Perdix hodgsoniae,0,0,0,0,0,0,0,0,0,0,0,0,0,0,0,0
175,Margaroperdix madagarensis,0,0,0,0,0,0,0,0,0,0,0,0,0,0,0,0
176,Melanoperdix niger,0,0,0,2,0,1,0,0,1,0,0,1,0,2,0,0
177,Coturnix coturnix,0,0,0,0,0,0,0,0,0,0,0,0,0,0,0,0
178,Coturnix japonica,0,0,0,2,0,0,0,0,1,0,0,0,0,0,0,0
179,Coturnix pectoralis,0,0,0,0,0,0,0,0,0,0,0,0,0,0,0,0
180,Coturnix novaezelandiae,0,0,0,0,0,1,0,0,1,1,1,0,0,0,0,0
181,Coturnix coromandelica,0,0,0,0,0,0,0,0,0,0,0,0,0,0,0,0
182,Coturnix delegorguei,0,0,0,0,0,0,0,0,0,0,0,0,0,0,0,0
183,Synoicus ypsilophorus,0,0,0,0,0,0,0,0,0,0,0,0,0,0,0,0
184,Synoicus adansonii,0,0,0,0,0,0,0,0,0,0,0,0,0,0,0,0
185,Synoicus chinensis,0,0,0,0,0,0,0,0,0,0,0,0,0,0,0,0
186,Anurophasis monorthonyx,0,0,0,0,0,0,0,0,1,0,0,0,0,0,0,0
187,Perdicula asiatica,0,0,0,0,0,0,0,0,0,0,0,0,0,0,0,0
188,Perdicula argoondah,0,0,0,0,0,0,0,0,0,0,0,0,0,0,0,0
189,Perdicula erythrorhyncha,0,0,0,0,0,0,0,0,0,0,0,0,0,0,0,0
190,Perdicula manipurensis,0,0,0,2,0,2,0,0,1,0,2,0,0,0,0,0
191,Arborophila torqueola,0,0,0,0,0,0,0,0,0,0,0,0,0,0,0,0
192,Arborophila rufogularis,0,0,0,0,0,0,0,0,0,0,0,0,0,0,0,0
193,Arborophila atrogularis,0,0,0,2,0,0,0,0,1,0,0,2,0,0,0,0
194,Arborophila crudigularis,0,0,0,1,0,0,0,0,0,0,0,1,0,0,1,0
195,Arborophila mandellii,0,2,0,1,0,0,0,0,1,0,1,1,1,0,0,0
196,Arborophila brunneopectus,0,0,0,0,0,0,0,0,0,0,0,0,0,0,0,0
197,Arborophila rufipectus,0,0,0,1,1,0,0,0,0,0,1,1,0,0,0,0
198,Arborophila orientalis,0,0,0,1,0,1,0,0,2,0,0,1,0,0,0,0
199,Arborophila javanica,0,0,0,0,0,0,0,0,0,0,0,0,0,0,0,0
200,Arborophila hyperythra,0,0,0,0,0,0,0,0,0,0,0,0,0,0,0,0
201,Arborophila gingica,0,0,0,1,0,0,0,0,1,0,0,1,1,0,0,1
202,Arborophila davidi,0,0,0,1,0,0,0,0,1,0,0,2,0,0,0,0
203,Arborophila cambodiana,0,0,0,0,0,0,1,0,2,0,0,1,0,0,0,0
204,Arborophila rubrirostris,0,0,0,0,0,0,0,0,0,0,0,0,0,0,0,0
205,Arborophila ardens,0,0,0,1,0,0,0,0,1,0,0,1,0,1,0,0
206,Caloperdix oculeus,0,0,0,0,0,0,0,0,1,0,0,0,0,0,0,0
207,Haematortyx sanguiniceps,0,0,0,0,0,0,0,0,0,0,0,0,0,0,0,0
208,Rollulus rouloul,0,0,0,2,0,0,0,0,2,0,0,1,0,1,0,0
209,Ptilopachus petrosus,0,0,0,0,0,0,0,0,0,0,0,0,0,0,0,0
210,Bambusicola fytchii,0,0,0,0,0,0,0,0,0,0,0,0,0,0,0,0
211,Galloperdix spadicea,0,0,0,0,0,0,0,0,0,0,0,0,0,0,0,0
212,Galloperdix lunulata,0,0,0,0,0,0,0,0,0,0,0,0,0,0,0,0
213,Galloperdix bicalcarata,0,0,0,0,0,0,0,0,0,0,0,0,0,0,0,0
214,Ophrysia superciliosa,0,1,0,0,0,0,0,0,2,0,0,0,1,0,0,0
215,Ithaginis cruentus,0,0,0,0,0,0,0,0,0,0,0,0,0,0,0,0
216,Tragopan melanocephalus,0,0,0,1,0,0,0,0,1,0,1,1,0,0,0,0
217,Tragopan satyra,0,0,0,0,0,0,0,0,1,0,1,1,0,0,0,0
218,Tragopan blythii,0,0,0,1,0,1,0,0,1,0,1,1,1,0,0,0
219,Tragopan temminckii,0,0,0,0,0,0,0,0,0,0,0,0,0,0,0,0
220,Tragopan caboti,0,0,0,1,0,0,0,0,1,1,0,1,0,1,0,0
221,Pucrasia macrolopha,0,0,0,0,0,0,0,0,0,0,0,0,0,0,0,0
222,Lophophorus impejanus,0,0,0,0,0,0,0,0,0,0,0,0,0,0,0,0
223,Lophophorus sclateri,0,0,0,0,0,0,0,0,1,0,0,1,0,0,0,0
224,Lophophorus lhuysii,0,0,0,0,0,0,0,0,1,0,1,0,0,0,0,0
225,Gallus gallus,0,0,0,0,0,0,0,0,0,0,0,0,0,0,0,0
226,Gallus sonneratii,0,0,0,0,0,0,0,0,0,0,0,0,0,0,0,0
227,Gallus lafayettii,0,0,0,0,0,0,0,0,0,0,0,0,0,0,0,0
228,Gallus varius,0,0,0,0,0,0,0,0,0,0,0,0,0,0,0,0
229,Lophura leucomelanos,0,0,0,0,0,0,0,0,0,0,0,0,0,0,0,0
230,Lophura nycthemera,0,0,0,0,0,0,0,0,0,0,0,0,0,0,0,0
231,Lophura swinhoii,0,0,0,0,0,0,0,0,1,0,0,1,0,0,0,0
232,Lophura diardi,0,0,0,2,0,0,0,0,2,0,0,2,0,0,0,0
233,Lophura bulweri,0,0,0,2,0,0,0,0,2,0,0,1,0,0,0,0
234,Crossoptilon harmani,0,0,0,0,0,0,0,0,2,0,0,2,0,0,0,0
235,Crossoptilon crossoptilon,0,0,0,1,0,0,0,0,2,0,0,1,0,0,0,0
236,Crossoptilon mantchuricum,0,0,0,1,0,0,0,0,0,0,1,1,1,0,0,1
237,Crossoptilon auritum,0,0,0,0,0,0,0,0,0,0,0,0,0,0,0,0
238,Catreus wallichii,0,0,0,2,1,2,0,0,2,0,2,2,0,1,0,1
239,Syrmaticus ellioti,0,0,0,0,0,1,0,0,1,0,0,1,0,1,0,0
240,Syrmaticus humiae,0,0,0,1,0,0,0,0,1,0,0,0,1,1,0,0
241,Syrmaticus mikado,0,0,0,0,0,0,0,0,1,0,0,0,0,0,0,0
242,Syrmaticus soemmerringii,0,0,0,0,0,0,0,0,2,2,0,2,0,0,0,0
243,Syrmaticus reevesii,0,0,0,1,0,0,0,0,2,0,0,2,0,0,0,0
244,Chrysolophus pictus,0,0,0,0,0,0,0,0,0,0,0,0,0,0,0,0
245,Chrysolophus amherstiae,0,0,0,0,0,0,0,0,0,0,0,0,0,0,0,0
246,Polyplectron chalcurum,0,0,0,0,0,0,0,0,0,0,0,0,0,0,0,0
247,Polyplectron inopinatum,0,0,0,1,0,0,0,0,1,0,0,0,1,0,0,0
248,Polyplectron germaini,0,0,0,2,0,0,0,0,2,0,0,2,0,0,0,0
249,Polyplectron malacense,0,0,0,3,0,0,0,0,0,0,3,0,0,0,0,0
250,Polyplectron schleiermacheri,0,0,0,0,0,1,0,0,2,0,0,2,0,2,0,0
251,Polyplectron napoleonis,0,0,0,0,0,0,0,0,1,0,0,2,1,0,0,0
252,Afropavo congensis,0,0,1,2,0,0,0,0,2,0,0,1,1,0,0,0
253,Pavo cristatus,0,0,0,0,0,0,0,0,0,0,0,0,0,0,0,0
254,Pavo muticus,0,0,0,2,0,0,0,0,2,0,0,1,1,0,0,2
255,Falcipennis falcipennis,0,0,0,0,0,2,0,0,2,0,0,2,0,0,0,0
256,Lagopus lagopus,0,0,0,0,0,0,0,0,0,0,0,0,0,0,0,0
257,Lagopus muta,0,0,0,0,0,0,0,0,0,0,0,0,0,0,0,0
258,Lagopus leucura,0,0,0,0,0,0,0,0,0,0,0,0,0,0,0,0
259,Lyrurus tetrix,0,0,0,0,0,0,0,0,0,0,0,0,0,0,0,0
260,Lyrurus mlokosiewiczi,0,2,0,1,0,0,0,0,1,0,2,1,2,0,0,0
261,Tetrao urogallus,0,0,0,0,0,0,0,0,0,0,0,0,0,0,0,0
262,Tetrao urogalloides,0,0,0,0,0,0,0,0,0,0,0,0,0,0,0,0
263,Tetrastes bonasia,0,0,0,0,0,0,0,0,0,0,0,0,0,0,0,0
264,Tetrastes sewerzowi,0,0,0,0,0,0,0,0,1,0,0,2,0,0,0,0
265,Bonasa umbellus,0,0,0,0,0,0,0,0,0,0,0,0,0,0,0,0
266,Centrocercus urophasianus,0,0,0,1,0,1,0,0,1,0,1,0,2,0,1,0
267,Tympanuchus phasianellus,0,0,0,0,0,0,0,0,0,0,0,0,0,0,0,0
268,Tympanuchus cupido,0,0,0,2,0,0,0,0,2,0,2,0,1,0,2,0
269,Tympanuchus pallidicinctus,0,1,0,2,0,0,0,0,1,0,2,0,1,0,2,0
270,Meleagris gallopavo,0,0,0,0,0,0,0,0,0,0,0,0,0,0,0,0
271,Meleagris ocellata,0,0,0,2,0,0,0,0,2,0,0,2,0,0,0,0
272,Agelastes meleagrides,0,0,0,2,0,0,0,0,2,1,0,2,0,0,0,0
273,Agelastes niger,0,0,0,0,0,0,0,0,1,0,0,1,0,0,0,0
274,Numida meleagris,0,0,0,0,0,0,0,0,0,0,0,0,0,0,0,0
275,Guttera plumifera,0,0,0,0,0,0,0,0,0,0,0,0,0,0,0,0
276,Acryllium vulturinum,0,0,0,0,0,0,0,0,0,0,0,0,0,0,0,0
277,Dendrortyx barbatus,0,0,0,2,0,0,0,0,1,0,2,2,1,0,0,0
278,Dendrortyx macroura,0,0,0,0,0,0,0,0,1,0,0,1,0,0,0,0
279,Dendrortyx leucophrys,0,0,0,0,0,0,0,0,0,0,0,0,0,0,0,0
280,Oreortyx pictus,0,0,0,0,0,0,0,0,0,0,0,0,0,0,0,0
281,Callipepla squamata,0,0,0,0,0,0,0,0,0,0,0,0,0,0,0,0
282,Callipepla douglasii,0,0,0,0,0,0,0,0,0,0,0,0,0,0,0,0
283,Callipepla californica,0,0,0,0,0,0,0,0,0,0,0,0,0,0,0,0
284,Callipepla gambelii,0,0,0,0,0,0,0,0,0,0,0,0,0,0,0,0
285,Philortyx fasciatus,0,0,0,0,0,0,0,0,0,0,0,0,0,0,0,0
286,Colinus nigrogularis,0,0,0,0,0,0,0,0,0,0,0,0,0,0,0,0
287,Odontophorus gujanensis,0,0,0,2,0,0,0,0,0,0,2,0,0,0,0,0
288,Odontophorus capueira,0,0,0,0,0,0,0,0,0,0,0,0,0,0,0,0
289,Odontophorus melanotis,0,0,0,2,0,0,0,0,0,0,2,0,0,1,0,0
290,Odontophorus erythrops,0,0,0,0,0,0,0,0,0,0,0,0,0,0,0,0
291,Odontophorus atrifrons,0,0,0,1,0,0,0,0,1,0,1,1,0,0,0,0
292,Odontophorus hyperythrus,0,0,0,1,0,0,0,0,1,1,1,0,1,0,0,0
293,Odontophorus melanonotus,0,0,0,1,0,0,0,0,0,0,1,1,1,0,0,0
294,Odontophorus speciosus,0,0,0,1,0,0,0,0,0,0,1,0,1,0,0,0
295,Odontophorus dialeucos,0,0,0,1,0,0,0,0,1,0,0,1,1,0,0,0
296,Odontophorus strophium,0,0,0,1,0,0,0,0,2,1,1,2,1,0,0,0
297,Odontophorus columbianus,0,0,0,1,0,0,0,0,1,0,1,1,0,0,0,0
298,Odontophorus leucolaemus,0,0,0,0,0,0,0,0,1,0,0,1,0,0,0,0
299,Odontophorus balliviani,0,0,0,0,0,0,0,0,0,0,0,0,0,0,0,0
300,Odontophorus stellatus,0,0,0,0,0,0,0,0,0,0,0,0,0,0,0,0
301,Odontophorus guttatus,0,0,0,0,0,0,0,0,0,0,0,0,0,0,0,0
302,Dactylortyx thoracicus,0,0,0,0,0,0,0,0,0,0,0,0,0,0,0,0
303,Cyrtonyx ocellatus,0,0,0,2,0,2,0,0,1,0,2,0,2,0,0,1
304,Rhynchortyx cinctus,0,0,0,1,0,0,0,0,1,1,1,0,0,1,0,0
305,Anhima cornuta,0,0,0,0,0,0,0,0,0,0,0,0,0,0,0,0
306,Chauna chavaria,0,0,0,1,1,0,0,0,0,0,1,1,1,0,1,0
307,Chauna torquata,0,0,0,0,0,0,0,0,0,0,0,0,0,0,0,0
308,Anseranas semipalmata,0,0,0,0,0,0,0,0,0,0,0,0,0,0,0,0
309,Dendrocygna guttata,0,0,0,0,0,0,0,0,0,0,0,0,0,0,0,0
310,Dendrocygna eytoni,0,0,0,0,0,0,0,0,0,0,0,0,0,0,0,0
311,Dendrocygna bicolor,1,0,0,0,0,0,0,0,1,1,0,0,1,0,1,0
312,Dendrocygna arcuata,0,0,0,0,0,0,0,0,0,0,0,0,0,0,0,0
313,Dendrocygna javanica,0,0,0,0,0,0,0,0,0,0,0,0,0,0,0,0
314,Dendrocygna viduata,0,0,0,0,0,0,0,0,0,0,0,0,0,0,0,0
315,Dendrocygna arborea,0,1,0,1,0,0,0,0,1,0,0,1,1,0,1,0
316,Dendrocygna autumnalis,0,0,0,0,0,0,0,0,0,0,0,0,0,0,0,0
317,Thalassornis leuconotus,0,0,0,0,0,0,0,0,0,0,0,0,0,0,0,0
318,Nomonyx dominicus,0,0,0,0,0,0,0,0,0,0,0,0,0,0,0,0
319,Oxyura leucocephala,0,1,0,3,1,0,1,0,2,2,0,0,0,0,2,0
320,Oxyura maccoa,0,0,0,2,0,0,2,0,1,1,0,0,0,0,2,0
321,Oxyura vittata,0,0,0,0,0,0,0,0,0,0,0,0,0,0,0,0
322,Oxyura australis,0,1,0,0,1,0,0,0,1,1,0,0,1,0,0,0
323,Biziura lobata,0,0,0,0,0,0,0,0,0,0,0,0,0,0,0,0
324,Heteronetta atricapilla,0,0,0,0,0,0,0,0,0,0,0,0,0,0,0,0
325,Stictonetta naevosa,0,0,0,0,0,0,0,0,0,0,0,0,0,0,0,0
326,Cygnus olor,0,0,0,0,0,0,0,0,0,0,0,0,0,0,0,0
327,Cygnus atratus,0,0,0,0,0,0,0,0,0,0,0,0,0,0,0,0
328,Cygnus melancoryphus,0,0,0,0,0,0,0,0,0,0,0,0,0,0,0,0
329,Cygnus cygnus,0,0,0,0,0,0,0,0,0,0,0,0,0,0,0,0
330,Cygnus buccinator,0,0,0,0,0,0,0,0,0,0,0,0,0,0,0,0
331,Cygnus columbianus,0,0,0,0,0,0,0,0,0,0,0,0,0,0,0,0
332,Coscoroba coscoroba,0,0,0,0,0,0,0,0,0,0,0,0,0,0,0,0
333,Anser cygnoid,1,0,0,2,1,1,0,0,1,0,1,0,1,0,1,2
334,Anser brachyrhynchus,0,0,0,0,0,0,0,0,0,0,0,0,0,0,0,0
335,Anser fabalis,0,0,0,0,0,0,0,0,0,0,0,0,0,0,0,0
336,Anser albifrons,0,0,0,0,2,0,0,0,2,0,0,0,2,0,2,0
337,Anser erythropus,0,1,0,2,2,0,0,0,2,1,1,0,0,0,1,1
338,Anser anser,0,0,0,0,0,0,0,0,0,0,0,0,0,0,0,0
339,Anser indicus,0,0,0,0,0,0,0,0,0,0,0,0,0,0,0,0
340,Anser caerulescens,0,0,0,0,0,0,0,0,0,0,0,0,0,0,0,0
341,Anser rossii,0,0,0,0,0,0,0,0,0,0,0,0,0,0,0,0
342,Anser canagicus,0,0,0,0,0,0,0,0,1,1,0,0,0,0,1,1
343,Branta sandvicensis,0,1,0,1,0,0,0,1,1,1,1,0,1,0,0,1
344,Branta canadensis,0,0,0,0,0,0,0,0,0,0,0,0,0,0,0,0
345,Branta leucopsis,0,0,0,0,0,0,0,0,0,0,0,0,0,0,0,0
346,Branta bernicla,0,0,0,0,0,0,0,0,1,1,0,0,1,0,0,0
347,Branta ruficollis,0,1,0,0,0,0,1,0,2,0,0,0,2,0,0,2
348,Cereopsis novaehollandiae,0,0,0,0,0,0,0,0,0,0,0,0,0,0,0,0
349,Cyanochen cyanoptera,0,1,0,1,1,0,0,0,0,0,0,0,2,0,0,2
350,Chloephaga melanoptera,0,0,0,0,0,0,0,0,0,0,0,0,0,0,0,0
351,Chloephaga picta,0,0,0,0,0,0,0,0,0,0,0,0,0,0,0,0
352,Chloephaga hybrida,0,0,0,0,0,0,0,0,0,0,0,0,0,0,0,0
353,Chloephaga poliocephala,0,0,0,0,0,0,0,0,0,0,0,0,0,0,0,0
354,Chloephaga rubidiceps,0,0,0,0,0,0,0,0,0,0,0,0,0,0,0,0
355,Neochen jubata,0,0,0,1,0,0,0,0,2,0,0,0,0,0,0,0
356,Alopochen aegyptiaca,0,0,0,0,0,0,0,0,0,0,0,0,0,0,0,0
357,Tadorna ferruginea,0,0,0,0,1,0,0,0,1,1,1,0,1,0,1,0
358,Tadorna cana,0,1,0,0,0,0,0,0,0,1,0,0,0,0,0,1
359,Tadorna tadornoides,0,0,0,0,0,0,0,0,0,0,0,0,0,0,0,0
360,Tadorna variegata,0,0,0,0,0,0,0,0,0,0,0,0,0,0,0,0
361,Tadorna cristata,0,0,0,0,0,0,0,0,0,0,0,0,0,0,0,0
362,Tadorna tadorna,0,0,0,0,0,0,0,0,0,0,0,0,0,0,0,0
363,Radjah radjah,0,0,0,0,0,0,0,0,0,0,0,0,0,0,0,0
364,Tachyeres pteneres,0,0,0,0,0,0,0,0,0,0,0,0,0,0,1,0
365,Tachyeres leucocephalus,0,0,0,0,0,0,1,0,1,1,0,0,1,0,2,1
366,Tachyeres brachypterus,0,0,0,0,0,0,0,0,0,0,0,0,0,0,0,0
367,Tachyeres patachonicus,0,0,0,0,0,0,0,0,1,0,0,0,0,0,1,1
368,Plectropterus gambensis,0,0,0,0,0,0,0,0,0,0,0,0,0,0,0,0
369,Cairina moschata,0,0,0,0,0,0,0,0,0,0,0,0,0,0,0,0
370,Asarcornis scutulata,0,0,0,1,2,0,0,0,1,0,1,2,1,0,1,2
371,Pteronetta hartlaubii,0,0,0,2,0,0,0,0,2,0,0,2,0,0,1,0
372,Nettapus pulchellus,0,0,0,0,0,0,0,0,0,0,0,0,0,0,0,0
373,Nettapus coromandelianus,0,0,0,0,0,0,0,0,0,0,0,0,0,0,0,0
374,Nettapus auritus,0,0,0,0,0,0,0,0,0,0,0,0,0,0,0,0
375,Callonetta leucophrys,0,0,0,0,0,0,0,0,0,0,0,0,0,0,0,0
376,Aix sponsa,0,0,0,0,0,0,0,0,0,0,0,0,0,0,0,0
377,Aix galericulata,0,0,0,0,0,0,0,0,0,0,0,0,0,0,0,0
378,Chenonetta jubata,0,0,0,0,0,0,0,0,0,0,0,0,0,0,0,0
379,Amazonetta brasiliensis,0,0,0,0,0,0,0,0,0,0,0,0,0,0,0,0
380,Merganetta armata,0,0,0,0,0,0,0,0,0,0,0,0,0,0,0,0
381,Hymenolaimus malacorhynchos,0,0,0,0,0,0,0,0,0,2,1,0,0,0,0,1
382,Salvadorina waigiuensis,0,0,0,0,0,0,0,0,0,0,0,0,0,0,0,0
383,Lophonetta specularioides,0,0,0,0,0,0,0,0,0,0,0,0,0,0,0,0
384,Speculanas specularis,1,0,0,0,0,0,0,0,0,1,0,0,0,0,0,1
385,Anas capensis,0,0,0,0,0,0,0,0,0,2,0,0,1,0,0,1
386,Mareca strepera,0,0,0,0,0,0,0,0,0,0,0,0,0,0,0,0
387,Mareca falcata,0,0,0,0,0,0,0,0,2,0,0,0,0,0,0,0
388,Mareca penelope,0,0,0,0,1,0,0,0,0,1,0,0,0,0,2,1
389,Mareca americana,0,0,0,0,0,0,0,0,0,0,0,0,0,0,0,0
390,Mareca sibilatrix,0,0,0,0,0,0,0,0,0,0,0,0,0,0,0,0
391,Anas sparsa,0,0,0,0,1,0,0,0,0,1,0,1,0,0,0,0
392,Anas rubripes,0,0,0,0,0,0,0,0,0,0,0,0,0,0,0,0
393,Anas fulvigula,0,0,0,0,0,0,0,0,0,0,0,0,0,0,0,0
394,Anas platyrhynchos,0,0,0,0,0,0,0,0,0,0,0,0,0,0,0,0
395,Anas wyvilliana,0,1,0,1,0,0,0,0,1,1,0,0,0,0,0,1
396,Anas laysanensis,0,2,0,0,0,0,0,0,2,2,0,0,0,0,0,0
397,Anas luzonica,1,0,0,2,0,0,0,0,2,0,0,0,0,0,1,0
398,Anas superciliosa,0,0,0,0,0,0,0,0,0,0,0,0,0,0,0,0
399,Anas undulata,0,0,0,0,0,0,0,0,0,1,0,0,0,0,1,0
400,Anas melleri,0,0,0,2,0,0,0,0,3,1,0,2,0,0,1,2
401,Spatula discors,0,0,0,0,0,0,0,0,0,0,0,0,0,0,0,0
402,Spatula cyanoptera,0,0,0,0,0,0,0,0,1,0,0,0,0,0,0,0
403,Spatula smithii,0,0,0,0,0,0,0,0,0,1,0,0,0,0,0,0
404,Spatula platalea,0,0,0,0,0,0,0,0,0,0,0,0,0,0,0,0
405,Spatula rhynchotis,0,0,0,0,0,0,0,0,0,0,0,0,0,0,0,0
406,Spatula clypeata,0,0,0,0,0,0,0,0,1,1,0,0,1,0,1,0
407,Anas bernieri,1,0,0,2,0,0,0,0,1,0,0,2,0,0,0,1
408,Anas gracilis,0,0,0,0,0,0,0,0,0,0,0,0,0,0,0,0
409,Anas castanea,0,0,0,0,0,0,0,0,0,0,0,0,0,0,0,0
410,Anas aucklandica,0,0,0,0,0,0,0,0,0,2,0,0,0,0,0,0
411,Anas bahamensis,0,0,0,0,0,0,0,0,0,0,0,0,0,0,0,0
412,Anas erythrorhyncha,0,0,0,0,0,0,0,0,0,1,0,0,0,0,0,0
413,Anas acuta,0,0,0,0,0,0,0,0,0,0,0,0,0,0,0,0
414,Anas eatoni,0,0,0,0,0,0,0,0,1,2,0,0,0,0,0,0
415,Anas georgica,0,0,0,0,0,0,0,0,0,0,0,0,0,0,0,0
416,Spatula querquedula,0,1,0,0,1,0,0,0,2,1,0,0,0,0,0,1
417,Sibirionetta formosa,0,0,0,2,0,0,0,0,2,2,0,0,2,0,2,0
418,Anas crecca,0,0,0,0,0,0,0,0,0,0,0,0,0,0,0,0
419,Spatula puna,0,0,0,0,0,0,0,0,0,0,0,0,0,0,0,0
420,Spatula versicolor,0,0,0,0,0,0,0,0,0,0,0,0,0,0,0,0
421,Spatula hottentota,0,0,0,1,0,0,0,0,0,0,0,0,0,0,0,0
422,Malacorhynchus membranaceus,0,0,0,0,0,0,0,0,0,0,0,0,0,0,0,0
423,Marmaronetta angustirostris,0,2,0,2,2,1,2,0,2,1,0,0,0,0,1,2
424,Rhodonessa caryophyllacea,0,0,0,2,0,0,0,0,1,0,0,0,0,0,0,0
425,Netta rufina,0,0,0,0,0,0,0,0,0,0,0,0,0,0,0,0
426,Netta peposaca,0,0,0,0,0,0,0,0,0,0,0,0,0,0,0,0
427,Netta erythrophthalma,0,0,0,1,0,0,1,0,0,1,0,0,0,0,0,0
428,Aythya ferina,0,0,0,1,0,0,1,0,1,1,0,0,1,0,1,2
429,Aythya valisineria,0,0,0,0,0,0,0,0,0,0,0,0,0,0,0,0
430,Aythya americana,0,0,0,0,0,0,0,0,0,0,0,0,0,0,0,0
431,Aythya collaris,0,0,0,0,0,0,0,0,0,0,0,0,0,0,0,0
432,Aythya nyroca,0,1,0,1,1,0,0,0,1,1,0,0,0,0,1,1
433,Aythya innotata,0,1,0,1,1,0,1,0,1,0,0,0,0,0,1,0
434,Aythya baeri,2,0,0,2,0,0,0,0,2,0,0,0,0,0,0,0
435,Aythya australis,0,0,0,0,0,0,0,0,0,0,0,0,0,0,0,0
436,Aythya fuligula,0,0,0,0,0,0,0,0,0,0,0,0,0,0,0,0
437,Aythya novaeseelandiae,0,0,0,0,0,0,0,0,0,0,0,0,0,0,0,0
438,Aythya marila,0,1,0,0,0,0,1,0,1,0,0,0,1,0,1,0
439,Aythya affinis,0,0,0,0,0,0,0,0,0,0,0,0,0,0,0,0
440,Somateria mollissima,1,0,0,0,0,0,2,0,2,1,0,0,1,0,2,1
441,Somateria spectabilis,0,0,0,0,0,0,1,0,2,0,0,0,1,0,1,0
442,Somateria fischeri,0,3,0,0,0,0,0,0,1,1,0,0,1,0,1,0
443,Polysticta stelleri,0,2,0,0,0,0,1,0,1,1,0,0,1,0,1,0
444,Camptorhynchus labradorius,0,0,0,0,0,0,0,0,1,0,0,0,0,0,0,0
445,Histrionicus histrionicus,0,0,0,0,1,0,0,0,1,0,0,0,0,0,0,0
446,Clangula hyemalis,0,0,0,0,0,0,2,0,1,1,0,0,1,0,2,0
447,Melanitta perspicillata,0,2,0,0,0,0,1,0,2,0,0,0,0,0,1,0
448,Bucephala clangula,0,0,0,0,0,0,0,0,1,1,0,0,0,1,0,0
449,Bucephala islandica,0,0,0,0,0,1,0,0,1,1,0,0,1,1,1,0
450,Bucephala albeola,0,0,0,0,0,0,0,0,0,0,0,0,0,0,0,0
451,Mergellus albellus,0,0,0,0,0,0,0,0,0,0,0,0,0,0,0,0
452,Lophodytes cucullatus,0,0,0,0,0,0,0,0,0,0,0,0,0,0,0,0
453,Mergus octosetaceus,0,0,0,2,2,0,0,0,1,0,0,2,2,0,1,2
454,Mergus serrator,0,0,0,0,0,0,0,0,1,0,0,0,0,0,0,0
455,Mergus squamatus,0,0,0,0,1,0,1,0,2,0,0,2,2,0,1,1
456,Mergus merganser,0,0,0,0,0,0,0,0,1,0,0,0,0,0,0,0
457,Mergus australis,0,0,0,0,0,0,0,0,1,1,0,0,0,0,0,0
458,Turnix sylvaticus,0,0,0,0,0,0,0,0,0,0,0,0,0,0,0,0
459,Turnix maculosus,0,0,0,0,0,0,0,0,0,0,0,0,0,0,0,0
460,Turnix tanki,0,0,0,0,0,0,0,0,0,0,0,0,0,0,0,0
461,Turnix ocellatus,0,0,0,0,0,0,0,0,0,0,0,0,0,0,0,0
462,Turnix suscitator,0,0,0,0,0,0,0,0,0,0,0,0,0,0,0,0
463,Turnix nigricollis,0,0,0,0,0,0,0,0,0,0,0,0,0,0,0,0
464,Turnix melanogaster,0,1,0,2,0,1,0,0,0,2,2,2,0,1,0,0
465,Turnix castanotus,0,0,0,0,0,1,0,0,0,1,0,0,0,0,0,0
466,Turnix olivii,0,1,0,0,0,1,0,0,0,1,1,0,0,0,0,0
467,Turnix worcesteri,0,0,0,0,0,0,0,0,0,0,0,0,0,0,0,0
468,Turnix everetti,0,0,0,2,0,0,0,0,2,0,2,0,0,0,0,0
469,Turnix pyrrhothorax,0,0,0,0,0,0,0,0,0,0,0,0,0,0,0,0
470,Turnix velox,0,0,0,0,0,0,0,0,0,0,0,0,0,0,0,0
471,Ortyxelos meiffrenii,0,0,0,0,0,0,0,0,0,0,0,0,0,0,0,0
472,Indicator maculatus,0,0,0,0,0,0,0,0,0,0,0,0,0,0,0,0
473,Indicator variegatus,0,0,0,0,0,0,0,0,0,0,0,0,0,0,0,0
474,Indicator indicator,0,0,0,0,0,0,0,0,0,0,0,0,0,0,0,0
475,Indicator archipelagicus,0,0,0,2,0,2,0,0,0,0,0,2,0,2,0,0
476,Indicator minor,0,0,0,0,0,0,0,0,0,0,0,0,0,0,0,0
477,Indicator willcocksi,0,0,0,0,0,0,0,0,0,0,0,0,0,0,0,0
478,Indicator exilis,0,0,0,0,0,0,0,0,0,0,0,0,0,0,0,0
479,Indicator pumilio,0,0,0,1,0,0,0,0,0,0,0,1,1,0,0,0
480,Indicator meliphilus,0,0,0,0,0,0,0,0,0,0,0,0,0,0,0,0
481,Indicator xanthonotus,0,0,0,2,0,0,0,0,0,0,2,1,0,0,0,0
482,Melichneutes robustus,0,0,0,0,0,0,0,0,0,0,0,0,0,0,0,0
483,Melignomon eisentrauti,0,0,0,2,0,0,0,0,0,0,0,3,1,0,0,0
484,Melignomon zenkeri,0,0,0,0,0,0,0,0,0,0,0,0,0,0,0,0
485,Prodotiscus insignis,0,0,0,0,0,0,0,0,0,0,0,0,0,0,0,0
486,Prodotiscus zambesiae,0,0,0,0,0,0,0,0,0,0,0,0,0,0,0,0
487,Prodotiscus regulus,0,0,0,0,0,0,0,0,0,0,0,0,0,0,0,0
488,Jynx torquilla,0,0,0,0,0,0,0,0,0,0,0,0,0,0,0,0
489,Jynx ruficollis,0,0,0,0,0,0,0,0,0,0,0,0,0,0,0,0
490,Picumnus innominatus,0,0,0,0,0,0,0,0,0,0,0,0,0,0,0,0
491,Picumnus aurifrons,0,0,0,0,0,0,0,0,0,0,0,0,0,0,0,0
492,Picumnus pumilus,0,0,0,0,0,0,0,0,0,0,0,0,0,0,0,0
493,Picumnus lafresnayi,0,0,0,0,0,0,0,0,0,0,0,0,0,0,0,0
494,Picumnus fuscus,0,0,0,0,0,0,0,0,0,0,0,0,1,0,0,0
495,Picumnus sclateri,0,0,0,0,0,0,0,0,0,0,0,0,0,0,0,0
496,Picumnus squamulatus,0,0,0,0,0,0,0,0,0,0,0,0,0,0,0,0
497,Picumnus spilogaster,0,0,0,2,0,0,0,0,0,0,2,0,0,0,0,0
498,Picumnus minutissimus,0,0,0,2,0,0,0,0,0,0,2,0,1,0,0,0
499,Picumnus pygmaeus,0,0,0,0,0,0,0,0,0,0,0,0,0,0,0,0
500,Picumnus steindachneri,0,0,0,2,0,0,0,0,0,0,2,2,1,2,0,0
501,Picumnus varzeae,0,0,0,0,0,0,0,0,0,1,2,0,0,0,0,0
502,Picumnus cirratus,0,0,0,0,0,0,0,0,0,0,0,0,0,0,0,0
503,Picumnus dorbignyanus,0,0,0,0,0,0,0,0,0,0,0,0,0,0,0,0
504,Picumnus temminckii,0,0,0,0,0,0,0,0,0,0,0,0,0,0,0,0
505,Picumnus albosquamatus,0,0,0,0,0,0,0,0,0,0,0,0,0,0,0,0
506,Picumnus rufiventris,0,0,0,0,0,0,0,0,0,0,0,0,0,0,0,0
507,Picumnus fulvescens,0,0,0,2,0,0,0,0,0,0,1,1,1,0,0,0
508,Picumnus nebulosus,0,0,0,2,1,0,0,0,0,0,0,0,1,0,0,0
509,Picumnus castelnau,0,0,0,0,0,0,0,0,0,0,0,0,0,0,0,0
510,Picumnus subtilis,0,0,0,0,0,0,0,0,0,0,0,0,0,0,0,0
511,Picumnus olivaceus,0,0,0,0,0,0,0,0,0,0,0,0,0,0,0,0
512,Picumnus granadensis,0,0,0,0,0,0,0,0,0,0,0,0,0,0,0,0
513,Picumnus cinnamomeus,0,0,0,0,0,0,0,0,0,0,0,0,0,0,0,0
514,Verreauxia africana,0,0,0,0,0,0,0,0,0,0,0,0,0,0,0,0
515,Sasia abnormis,0,0,0,0,0,0,0,0,0,0,0,0,0,0,0,0
516,Sasia ochracea,0,0,0,0,0,0,0,0,0,0,0,0,0,0,0,0
517,Nesoctites micromegas,0,0,0,0,0,0,0,0,0,0,0,0,0,0,0,0
518,Melanerpes candidus,0,0,0,0,0,0,0,0,0,0,0,0,0,0,0,0
519,Melanerpes lewis,0,0,0,0,0,0,0,0,0,0,0,0,0,0,0,0
520,Melanerpes herminieri,0,1,0,0,0,0,0,0,1,1,0,1,1,0,1,0
521,Melanerpes portoricensis,0,0,0,0,0,0,0,0,0,0,0,0,0,0,0,0
522,Melanerpes erythrocephalus,0,2,0,2,0,0,0,0,0,1,0,0,0,0,0,0
523,Melanerpes formicivorus,0,0,0,0,0,0,0,0,0,0,0,0,0,0,0,0
524,Melanerpes pucherani,0,0,0,0,0,0,0,0,0,0,0,0,0,0,0,0
525,Melanerpes cruentatus,0,0,0,0,0,0,0,0,0,0,0,0,0,0,0,0
526,Melanerpes flavifrons,0,0,0,0,0,0,0,0,0,0,0,0,0,0,0,0
527,Melanerpes cactorum,0,0,0,0,0,0,0,0,0,0,0,0,0,0,0,0
528,Melanerpes striatus,0,0,0,0,0,0,0,0,0,0,0,0,0,0,0,0
529,Melanerpes radiolatus,0,0,0,0,0,0,0,0,0,0,0,0,0,0,0,0
530,Melanerpes chrysogenys,0,0,0,0,0,0,0,0,0,0,0,0,0,0,0,0
531,Melanerpes hypopolius,0,0,0,0,0,0,0,0,0,0,0,0,0,0,0,0
532,Melanerpes pygmaeus,0,0,0,0,0,0,0,0,0,0,0,0,0,0,0,0
533,Melanerpes rubricapillus,0,0,0,0,0,0,0,0,0,0,0,0,0,0,0,0
534,Melanerpes uropygialis,0,0,0,0,0,0,0,0,0,0,0,0,0,0,0,0
535,Melanerpes carolinus,0,0,0,0,0,0,0,0,0,0,0,0,0,0,0,0
536,Melanerpes superciliaris,0,0,0,0,0,0,0,0,0,0,0,0,0,0,0,0
537,Melanerpes aurifrons,0,0,0,0,0,0,0,0,0,0,0,0,0,0,0,0
538,Melanerpes hoffmannii,0,0,0,0,0,0,0,0,0,0,0,0,0,0,0,0
539,Sphyrapicus varius,0,0,0,0,0,0,0,0,0,0,0,0,0,0,0,0
540,Sphyrapicus nuchalis,0,0,0,0,0,0,0,0,0,0,0,0,0,0,0,0
541,Sphyrapicus ruber,0,0,0,0,0,0,0,0,0,0,0,0,0,0,0,0
542,Sphyrapicus thyroideus,0,0,0,0,0,0,0,0,0,0,0,0,0,0,0,0
543,Xiphidiopicus percussus,0,0,0,0,0,0,0,0,0,0,0,0,0,0,0,0
544,Campethera punctuligera,0,0,0,0,0,0,0,0,0,0,0,0,0,0,0,0
545,Campethera nubica,0,0,0,0,0,0,0,0,0,0,0,0,0,0,0,0
546,Campethera scriptoricauda,0,0,0,0,0,0,0,0,0,0,0,0,0,0,0,0
547,Campethera abingoni,0,0,0,0,0,0,0,0,0,0,0,0,0,0,0,0
548,Campethera mombassica,0,0,0,0,0,0,0,0,0,0,0,0,0,0,0,0
549,Campethera notata,0,2,0,1,0,0,0,0,0,0,0,0,1,0,0,0
550,Campethera maculosa,0,0,0,0,0,0,0,0,0,0,0,0,0,0,0,0
551,Campethera cailliautii,0,0,0,0,0,0,0,0,0,0,0,0,0,0,0,0
552,Pardipicus nivosus,0,0,0,0,0,0,0,0,0,0,0,0,0,0,0,0
553,Pardipicus caroli,0,0,0,0,0,0,0,0,0,0,0,0,0,0,0,0
554,Geocolaptes olivaceus,0,0,0,0,0,0,0,0,0,0,0,0,0,0,0,0
555,Dendropicos elachus,0,0,0,0,0,0,0,0,0,0,0,0,0,0,0,0
556,Dendropicos poecilolaemus,0,0,0,0,0,0,0,0,0,0,0,0,0,0,0,0
557,Dendropicos abyssinicus,0,0,0,0,0,0,0,0,0,0,0,0,0,0,0,0
558,Dendropicos fuscescens,0,0,0,0,0,0,0,0,0,0,0,0,0,0,0,0
559,Dendropicos lugubris,0,0,0,0,0,0,0,0,0,0,0,0,0,0,0,0
560,Dendropicos stierlingi,0,0,0,0,0,0,0,0,1,0,0,2,0,0,0,0
561,Dendropicos namaquus,0,0,0,0,0,0,0,0,0,0,0,0,0,0,0,0
562,Dendropicos pyrrhogaster,0,0,0,0,0,0,0,0,0,0,0,0,0,0,0,0
563,Dendropicos xantholophus,0,0,0,0,0,0,0,0,0,0,0,0,0,0,0,0
564,Dendropicos spodocephalus,0,0,0,0,0,0,0,0,0,0,0,0,0,0,0,0
565,Dendropicos griseocephalus,0,0,0,0,0,0,0,0,0,0,0,0,0,0,0,0
566,Dendropicos obsoletus,0,0,0,0,0,0,0,0,0,0,0,0,0,0,0,0
567,Picoides temminckii,0,0,0,0,0,0,0,0,0,0,0,0,0,0,0,0
568,Picoides maculatus,0,0,0,0,0,0,0,0,0,0,0,0,0,0,0,0
569,Picoides ramsayi,0,0,0,0,0,0,0,0,0,0,0,2,2,2,0,0
570,Picoides nanus,0,0,0,0,0,0,0,0,0,0,0,0,0,0,0,0
571,Picoides moluccensis,0,0,0,0,0,0,0,0,0,0,0,0,0,0,0,0
572,Picoides canicapillus,0,0,0,0,0,0,0,0,0,0,0,0,0,0,0,0
573,Picoides kizuki,0,0,0,0,0,0,0,0,0,0,0,0,0,0,0,0
574,Dryobates minor,0,0,0,0,0,0,0,0,0,0,0,0,0,0,0,0
575,Leiopicus auriceps,0,0,0,0,0,0,0,0,0,0,0,0,0,0,0,0
576,Dendrocopos atratus,0,0,0,0,0,0,0,0,0,0,0,0,0,0,0,0
577,Leiopicus mahrattensis,0,0,0,0,0,0,0,0,0,0,0,0,0,0,0,0
578,Dendropicos dorae,0,0,0,0,0,0,0,0,0,0,0,2,1,0,0,0
579,Dendrocopos hyperythrus,0,0,0,0,0,0,0,0,0,0,0,0,0,0,0,0
580,Dendrocopos darjellensis,0,0,0,0,0,0,0,0,0,0,0,0,0,0,0,0
581,Leiopicus medius,0,0,0,0,0,0,0,0,0,0,0,0,0,0,0,0
582,Dendrocopos major,0,0,0,0,0,0,0,0,0,0,0,0,0,0,0,0
583,Dendrocopos syriacus,0,0,0,0,0,0,0,0,0,0,0,0,0,0,0,0
584,Dendrocopos leucopterus,0,0,0,0,0,0,0,0,0,0,0,0,0,0,0,0
585,Dendrocopos assimilis,0,0,0,0,0,0,0,0,0,0,0,0,0,0,0,0
586,Dendrocopos himalayensis,0,0,0,0,0,0,0,0,0,0,0,0,0,0,0,0
587,Veniliornis lignarius,0,0,0,0,0,0,0,0,0,0,0,0,0,0,0,0
588,Veniliornis mixtus,0,0,0,0,0,0,0,0,0,0,0,0,0,0,0,0
589,Dryobates nuttallii,0,0,0,0,0,0,0,0,0,0,0,0,0,0,0,0
590,Dryobates scalaris,0,0,0,0,0,0,0,0,0,0,0,0,0,0,0,0
591,Dryobates pubescens,0,0,0,0,0,0,0,0,0,0,0,0,0,0,0,0
592,Leuconotopicus borealis,0,0,0,0,0,1,0,0,0,1,1,1,0,0,0,0
593,Leuconotopicus stricklandi,0,0,0,0,0,0,0,0,0,0,0,0,0,0,0,0
594,Leuconotopicus villosus,0,0,0,0,0,0,0,0,0,0,0,0,0,0,0,0
595,Leuconotopicus albolarvatus,0,0,0,0,0,0,0,0,0,0,0,0,0,0,0,0
596,Picoides arcticus,0,0,0,0,0,0,0,0,0,0,0,0,0,0,0,0
597,Veniliornis callonotus,0,0,0,0,0,0,0,0,0,0,0,0,0,0,0,0
598,Veniliornis dignus,0,0,0,0,0,0,0,0,0,0,0,0,0,0,0,0
599,Veniliornis nigriceps,0,0,0,0,0,0,0,0,0,0,0,0,0,0,0,0
600,Leuconotopicus fumigatus,0,0,0,0,0,0,0,0,0,0,0,0,0,0,0,0
601,Veniliornis passerinus,0,0,0,0,0,0,0,0,0,0,0,0,0,0,0,0
602,Veniliornis frontalis,0,0,0,0,0,0,0,0,0,0,0,0,0,0,0,0
603,Veniliornis spilogaster,0,0,0,0,0,0,0,0,0,0,0,0,0,0,0,0
604,Veniliornis sanguineus,0,0,0,0,0,0,0,0,0,0,0,0,0,0,0,0
605,Veniliornis kirkii,0,0,0,0,0,0,0,0,0,0,0,0,0,0,0,0
606,Veniliornis chocoensis,0,0,0,2,0,0,0,0,0,0,1,2,1,0,0,0
607,Veniliornis cassini,0,0,0,0,0,0,0,0,0,0,0,0,0,0,0,0
608,Veniliornis affinis,0,0,0,0,0,0,0,0,0,0,0,0,0,0,0,0
609,Veniliornis maculifrons,0,0,0,0,0,0,0,0,0,0,0,0,0,0,0,0
610,Piculus simplex,0,0,0,0,0,0,0,0,0,0,0,0,0,0,0,0
611,Piculus callopterus,0,0,0,0,0,0,0,0,0,0,0,0,0,0,0,0
612,Piculus litae,0,0,0,0,0,0,0,0,0,0,0,0,0,0,0,0
613,Piculus leucolaemus,0,0,0,0,0,0,0,0,0,0,0,0,0,0,0,0
614,Piculus flavigula,0,0,0,0,0,0,0,0,0,0,0,0,0,0,0,0
615,Piculus chrysochloros,0,0,0,0,0,0,0,0,0,0,0,0,0,0,0,0
616,Piculus aurulentus,0,0,0,2,0,1,0,0,0,0,2,1,0,0,0,0
617,Colaptes auricularis,0,0,0,0,0,0,0,0,0,0,0,0,0,0,0,0
618,Colaptes atricollis,0,0,0,0,0,0,0,0,0,0,0,0,0,0,0,0
619,Colaptes punctigula,0,0,0,0,0,0,0,0,0,0,0,0,0,0,0,0
620,Colaptes chrysoides,0,0,0,0,0,0,0,0,0,0,0,0,0,0,0,0
621,Colaptes fernandinae,0,2,0,2,0,0,0,0,2,1,0,0,0,0,0,0
622,Colaptes pitius,0,0,0,0,0,0,0,0,0,0,0,0,0,0,0,0
623,Micropternus brachyurus,0,0,0,0,0,0,0,0,0,0,0,0,0,0,0,0
624,Celeus loricatus,0,0,0,0,0,0,0,0,0,0,0,0,0,0,0,0
625,Celeus castaneus,0,0,0,0,0,0,0,0,0,0,0,0,0,0,0,0
626,Celeus elegans,0,0,0,0,0,0,0,0,0,0,0,0,0,0,0,0
627,Celeus lugubris,0,0,0,0,0,0,0,0,0,0,0,0,0,0,0,0
628,Celeus flavus,0,0,0,0,0,0,0,0,0,0,0,0,0,0,0,0
629,Celeus galeatus,0,0,0,2,1,0,0,0,0,0,1,2,2,0,0,0
630,Hylatomus pileatus,0,0,0,0,0,0,0,0,0,0,0,0,0,0,0,0
631,Hylatomus schulzii,0,0,0,2,0,0,0,0,0,0,2,2,0,2,0,0
632,Dryocopus javensis,0,0,0,0,0,0,0,0,0,0,0,0,0,0,0,0
633,Dryocopus hodgei,0,0,0,2,0,0,0,1,0,0,1,1,0,2,0,0
634,Dryocopus martius,0,0,0,0,0,0,0,0,0,0,0,0,0,0,0,0
635,Campephilus pollens,0,0,0,0,0,0,0,0,0,0,0,0,0,0,0,0
636,Campephilus rubricollis,0,0,0,0,0,0,0,0,0,0,0,0,0,0,0,0
637,Campephilus robustus,0,0,0,0,0,0,0,0,0,0,0,0,0,0,0,0
638,Campephilus guatemalensis,0,0,0,0,0,0,0,0,0,0,0,0,0,0,0,0
639,Campephilus melanoleucos,0,0,0,0,0,0,0,0,0,0,0,0,0,0,0,0
640,Campephilus gayaquilensis,0,0,0,2,0,0,0,0,1,0,2,2,0,0,0,0
641,Campephilus leucopogon,0,0,0,0,0,0,0,0,0,0,0,0,0,0,0,0
642,Campephilus magellanicus,0,0,0,0,0,0,0,0,0,0,0,0,0,0,0,0
643,Campephilus imperialis,0,0,0,0,0,0,0,0,1,0,0,3,0,0,0,0
644,Campephilus principalis,0,0,0,0,0,0,0,0,0,0,0,0,0,0,0,0
645,Chrysophlegma miniaceum,0,0,0,0,0,0,0,0,0,0,0,0,0,0,0,0
646,Picus chlorolophus,0,0,0,0,0,0,0,0,0,0,0,0,0,0,0,0
647,Picus puniceus,0,0,0,0,0,0,0,0,0,0,0,0,0,0,0,0
648,Chrysophlegma flavinucha,0,0,0,0,0,0,0,0,0,0,0,0,0,0,0,0
649,Picus viridanus,0,0,0,0,0,0,0,0,0,0,0,0,0,0,0,0
650,Picus vittatus,0,0,0,0,0,0,0,0,0,0,0,0,0,0,0,0
651,Picus xanthopygaeus,0,0,0,0,0,0,0,0,0,0,0,0,0,0,0,0
652,Picus squamatus,0,0,0,0,0,0,0,0,0,0,0,0,0,0,0,0
653,Picus awokera,0,0,0,0,0,0,0,0,0,0,0,0,0,0,0,0
654,Picus vaillantii,0,0,0,0,0,0,0,0,0,0,0,0,0,0,0,0
655,Picus rabieri,0,0,0,2,0,0,0,0,0,0,0,2,0,1,0,0
656,Picus erythropygius,0,0,0,0,0,0,0,0,0,0,0,0,0,0,0,0
657,Chloropicoides rafflesii,0,0,0,2,0,2,0,0,0,0,0,2,0,2,0,0
658,Dinopium shorii,0,0,0,0,0,0,0,0,0,0,0,0,0,0,0,0
659,Chrysocolaptes festivus,0,0,0,0,0,0,0,0,0,0,0,0,0,0,0,0
660,Gecinulus grantia,0,0,0,0,0,0,0,0,0,0,0,0,0,0,0,0
661,Gecinulus viridis,0,0,0,0,0,0,0,0,0,0,0,0,0,0,0,0
662,Dendrocopos noguchii,0,2,2,1,1,0,0,0,0,2,0,1,1,0,0,0
663,Blythipicus rubiginosus,0,0,0,0,0,0,0,0,0,0,0,0,0,0,0,0
664,Blythipicus pyrrhotis,0,0,0,0,0,0,0,0,0,0,0,0,0,0,0,0
665,Chrysocolaptes validus,0,0,0,0,0,0,0,0,0,0,0,0,0,0,0,0
666,Meiglyptes jugularis,0,0,0,0,0,0,0,0,0,0,0,0,0,0,0,0
667,Meiglyptes tukki,0,0,0,2,0,1,0,0,0,0,0,2,0,2,0,0
668,Hemicircus canente,0,0,0,0,0,0,0,0,0,0,0,0,0,0,0,0
669,Mulleripicus fulvus,0,0,0,0,0,0,0,0,0,0,0,0,0,0,0,0
670,Mulleripicus pulverulentus,0,0,0,1,0,0,0,0,1,0,0,2,1,2,0,0
671,Psilopogon pyrolophus,0,0,0,0,0,0,0,0,0,0,0,0,0,0,0,0
672,Psilopogon virens,0,0,0,0,0,0,0,0,0,0,0,0,0,0,0,0
673,Psilopogon lagrandieri,0,0,0,0,0,0,0,0,0,0,0,0,0,0,0,0
674,Psilopogon zeylanicus,0,0,0,0,0,0,0,0,0,0,0,0,0,0,0,0
675,Psilopogon lineatus,0,0,0,0,0,0,0,0,0,0,0,0,0,0,0,0
676,Psilopogon viridis,0,0,0,0,0,0,0,0,0,0,0,0,0,0,0,0
677,Psilopogon faiostrictus,0,0,0,0,0,0,0,0,0,0,0,0,0,0,0,0
678,Psilopogon corvinus,0,0,0,0,0,0,0,0,0,0,0,0,0,0,0,0
679,Psilopogon chrysopogon,0,0,0,0,0,0,0,0,0,0,0,0,0,0,0,0
680,Psilopogon rafflesii,0,0,0,2,0,1,0,0,1,0,0,2,0,1,0,0
681,Psilopogon mystacophanos,0,0,0,2,0,1,0,0,0,0,0,2,0,1,0,0
682,Psilopogon javensis,0,0,0,1,0,0,0,0,1,0,0,0,0,1,0,0
683,Psilopogon flavifrons,0,0,0,0,0,0,0,0,0,0,0,0,0,0,0,0
684,Psilopogon monticola,0,0,0,0,0,0,0,0,0,0,0,0,0,0,0,0
685,Psilopogon incognitus,0,0,0,0,0,0,0,0,0,0,0,0,0,0,0,0
686,Psilopogon henricii,0,0,0,2,0,1,0,0,1,0,0,2,0,2,0,0
687,Psilopogon armillaris,0,0,0,0,0,0,0,0,0,0,0,0,0,0,0,0
688,Psilopogon pulcherrimus,0,0,0,0,0,0,0,0,0,0,0,0,0,0,0,0
689,Psilopogon eximius,0,0,0,0,0,0,0,0,0,0,0,0,0,0,0,0
690,Psilopogon haemacephalus,0,0,0,0,0,0,0,0,0,0,0,0,0,0,0,0
691,Gymnobucco peli,0,0,0,0,0,0,0,0,0,0,0,0,0,0,0,0
692,Gymnobucco sladeni,0,0,0,0,0,0,0,0,0,0,0,0,0,0,0,0
693,Stactolaema anchietae,0,0,0,0,0,0,0,0,0,0,0,0,0,0,0,0
694,Stactolaema whytii,0,0,0,0,0,0,0,0,0,0,0,0,0,0,0,0
695,Cryptolybia olivacea,0,0,0,0,0,0,0,0,0,0,0,0,0,0,0,0
696,Pogoniulus scolopaceus,0,0,0,0,0,0,0,0,0,0,0,0,0,0,0,0
697,Pogoniulus coryphaea,0,0,0,0,0,0,0,0,0,0,0,0,0,0,0,0
698,Pogoniulus leucomystax,0,0,0,0,0,0,0,0,0,0,0,0,0,0,0,0
699,Pogoniulus simplex,0,0,0,0,0,0,0,0,0,0,0,0,0,0,0,0
700,Pogoniulus atroflavus,0,0,0,0,0,0,0,0,0,0,0,0,0,0,0,0
701,Pogoniulus subsulphureus,0,0,0,0,0,0,0,0,0,0,0,0,0,0,0,0
702,Pogoniulus bilineatus,0,0,0,0,0,0,0,0,0,0,0,0,0,0,0,0
703,Pogoniulus chrysoconus,0,0,0,0,0,0,0,0,0,0,0,0,0,0,0,0
704,Pogoniulus pusillus,0,0,0,0,0,0,0,0,0,0,0,0,0,0,0,0
705,Tricholaema hirsuta,0,0,0,0,0,0,0,0,0,0,0,0,0,0,0,0
706,Tricholaema diademata,0,0,0,0,0,0,0,0,0,0,0,0,0,0,0,0
707,Tricholaema frontata,0,0,0,0,0,0,0,0,0,0,0,0,0,0,0,0
708,Tricholaema leucomelas,0,0,0,0,0,0,0,0,0,0,0,0,0,0,0,0
709,Tricholaema lacrymosa,0,0,0,0,0,0,0,0,0,0,0,0,0,0,0,0
710,Tricholaema melanocephala,0,0,0,0,0,0,0,0,0,0,0,0,0,0,0,0
711,Lybius undatus,0,0,0,0,0,0,0,0,0,0,0,0,0,0,0,0
712,Lybius vieilloti,0,0,0,0,0,0,0,0,0,0,0,0,0,0,0,0
713,Lybius chaplini,0,0,0,2,0,0,0,0,0,1,0,2,1,0,0,0
714,Lybius rubrifacies,0,0,0,1,0,0,0,0,0,0,0,1,1,0,0,0
715,Lybius guifsobalito,0,0,0,0,0,0,0,0,0,0,0,0,0,0,0,0
716,Lybius torquatus,0,0,0,0,0,0,0,0,0,0,0,0,0,0,0,0
717,Pogonornis melanopterus,0,0,0,0,0,0,0,0,0,0,0,0,0,0,0,0
718,Pogonornis bidentatus,0,0,0,0,0,0,0,0,0,0,0,0,0,0,0,0
719,Pogonornis dubius,0,0,0,0,0,0,0,0,0,0,0,0,0,0,0,0
720,Pogonornis rolleti,0,0,0,0,0,0,0,0,0,0,0,0,0,0,0,0
721,Trachyphonus vaillantii,0,0,0,0,0,0,0,0,0,0,0,0,0,0,0,0
722,Trachyphonus margaritatus,0,0,0,0,0,0,0,0,0,0,0,0,0,0,0,0
723,Trachyphonus erythrocephalus,0,0,0,0,0,0,0,0,0,0,0,0,0,0,0,0
724,Trachyphonus usambiro,0,0,0,0,0,0,0,0,0,0,0,0,0,0,0,0
725,Capito aurovirens,0,0,0,0,0,0,0,0,0,0,0,0,0,0,0,0
726,Capito maculicoronatus,0,0,0,0,0,0,0,0,0,0,0,0,0,0,0,0
727,Capito squamatus,0,0,0,2,0,0,0,0,0,0,2,2,2,0,0,0
728,Capito hypoleucus,0,0,0,1,0,0,0,0,0,0,1,1,1,1,0,0
729,Capito dayi,0,0,0,2,0,0,0,0,0,0,2,2,0,0,0,0
730,Capito quinticolor,0,0,0,2,0,0,0,0,0,0,0,2,1,0,0,0
731,Capito brunneipectus,0,0,0,0,0,0,0,0,0,0,0,0,0,0,0,0
732,Eubucco bourcierii,0,0,0,0,0,0,0,0,0,0,0,0,0,0,0,0
733,Eubucco tucinkae,0,0,0,0,0,0,0,0,0,0,0,0,0,0,0,0
734,Semnornis frantzii,0,0,0,0,0,0,0,0,0,0,0,0,0,0,0,0
735,Semnornis ramphastinus,0,0,0,1,0,0,0,0,2,1,1,1,1,1,0,0
736,Aulacorhynchus haematopygus,0,0,0,0,0,0,0,0,0,0,0,0,0,0,0,0
737,Aulacorhynchus huallagae,0,0,0,0,0,0,0,0,0,0,0,1,0,0,0,0
738,Aulacorhynchus coeruleicinctis,0,0,0,0,0,0,0,0,0,0,0,0,0,0,0,0
739,Pteroglossus viridis,0,0,0,0,0,0,0,0,0,0,0,0,0,0,0,0
740,Pteroglossus castanotis,0,0,0,0,0,0,0,0,0,0,0,0,0,0,0,0
741,Pteroglossus aracari,0,0,0,0,0,0,0,0,0,0,0,0,0,0,0,0
742,Pteroglossus frantzii,0,0,0,0,0,0,0,0,0,0,0,0,0,0,0,0
743,Pteroglossus pluricinctus,0,0,0,0,0,0,0,0,0,0,0,0,0,0,0,0
744,Pteroglossus beauharnaisii,0,0,0,0,0,0,0,0,0,0,0,0,0,0,0,0
745,Pteroglossus bailloni,0,0,0,1,0,1,0,0,1,0,1,1,0,0,0,0
746,Andigena laminirostris,0,0,0,1,0,0,0,0,2,0,1,1,1,0,0,0
747,Andigena hypoglauca,0,0,0,1,0,0,0,0,1,0,1,1,1,0,0,0
748,Andigena cucullata,0,0,0,0,0,0,0,0,0,0,0,0,0,0,0,0
749,Andigena nigrirostris,0,0,0,0,0,0,0,0,0,0,0,0,0,0,0,0
750,Selenidera spectabilis,0,0,0,0,0,0,0,0,0,0,0,0,0,0,0,0
751,Selenidera nattereri,0,0,0,0,0,0,0,0,0,0,0,0,0,0,0,0
752,Selenidera piperivora,0,0,0,0,0,0,0,0,0,0,0,0,0,0,0,0
753,Selenidera maculirostris,0,0,0,0,0,0,0,0,0,0,0,0,0,0,0,0
754,Selenidera gouldii,0,0,0,1,0,0,0,0,0,0,1,1,0,0,0,0
755,Ramphastos sulfuratus,0,0,0,0,0,0,0,0,1,0,0,2,0,0,0,0
756,Ramphastos brevis,0,0,0,0,0,0,0,0,0,0,0,0,0,0,0,0
757,Ramphastos dicolorus,0,0,0,0,0,0,0,0,0,0,0,0,0,0,0,0
758,Ramphastos tucanus,0,0,0,1,0,0,0,0,1,0,1,2,1,0,0,0
759,Ramphastos cuvieri,0,0,0,0,0,0,0,0,0,0,0,0,0,0,0,0
760,Ramphastos toco,0,0,0,0,0,0,0,0,0,0,0,0,0,0,0,0
761,Galbalcyrhynchus leucotis,0,0,0,0,0,0,0,0,0,0,0,0,0,0,0,0
762,Galbalcyrhynchus purusianus,0,0,0,0,0,0,0,0,0,0,0,0,0,0,0,0
763,Brachygalba salmoni,0,0,0,0,0,0,0,0,0,0,0,0,0,0,0,0
764,Brachygalba goeringi,0,0,0,0,0,0,0,0,0,0,0,0,0,0,0,0
765,Brachygalba lugubris,0,0,0,0,0,0,0,0,0,0,0,0,0,0,0,0
766,Brachygalba albogularis,0,0,0,0,0,0,0,0,0,0,0,0,0,0,0,0
767,Jacamaralcyon tridactyla,0,0,0,2,0,0,0,0,0,0,2,0,1,2,0,0
768,Galbula cyanicollis,0,0,0,0,0,0,0,0,0,0,0,0,0,0,0,0
769,Galbula ruficauda,0,0,0,0,0,0,0,0,0,0,0,0,0,0,0,0
770,Galbula galbula,0,0,0,0,0,0,0,0,0,0,0,0,0,0,0,0
771,Galbula pastazae,0,0,0,2,0,0,0,0,0,0,0,2,0,1,0,0
772,Galbula tombacea,0,0,0,0,0,0,0,0,0,0,0,0,0,0,0,0
773,Galbula cyanescens,0,0,0,0,0,0,0,0,0,0,0,0,0,0,0,0
774,Galbula chalcothorax,0,0,0,0,0,0,0,0,0,0,0,0,0,0,0,0
775,Galbula leucogastra,0,0,0,0,0,0,0,0,0,0,0,0,0,0,0,0
776,Galbula dea,0,0,0,0,0,0,0,0,0,0,0,0,0,0,0,0
777,Jacamerops aureus,0,0,0,0,0,0,0,0,0,0,0,0,0,0,0,0
778,Notharchus pectoralis,0,0,0,0,0,0,0,0,0,0,0,0,0,0,0,0
779,Notharchus ordii,0,0,0,0,0,0,0,0,0,0,0,0,0,0,0,0
780,Cyphos macrodactylus,0,0,0,0,0,0,0,0,0,0,0,0,0,0,0,0
781,Nystactes tamatia,0,0,0,0,0,0,0,0,0,0,0,0,0,0,0,0
782,Nystactes noanamae,0,0,0,1,0,0,0,0,0,0,1,1,1,0,0,0
783,Bucco capensis,0,0,0,0,0,0,0,0,0,0,0,0,0,0,0,0
784,Nystalus radiatus,0,0,0,0,0,0,0,0,0,0,0,0,0,0,0,0
785,Nystalus chacuru,0,0,0,0,0,0,0,0,0,0,0,0,0,0,0,0
786,Nystalus striolatus,0,0,0,0,0,0,0,0,0,0,0,0,0,0,0,0
787,Nystalus maculatus,0,0,0,0,0,0,0,0,0,0,0,0,0,0,0,0
788,Malacoptila fusca,0,0,0,0,0,0,0,0,0,0,0,0,0,0,0,0
789,Malacoptila semicincta,0,0,0,0,0,0,0,0,0,0,0,0,0,0,0,0
790,Malacoptila fulvogularis,0,0,0,0,0,0,0,0,0,0,0,0,0,0,0,0
791,Malacoptila rufa,0,0,0,0,0,0,0,0,0,0,0,0,0,0,0,0
792,Malacoptila panamensis,0,0,0,0,0,0,0,0,0,0,0,0,0,0,0,0
793,Malacoptila mystacalis,0,0,0,0,0,0,0,0,0,0,0,0,0,0,0,0
794,Micromonacha lanceolata,0,0,0,0,0,0,0,0,0,0,0,0,0,0,0,0
795,Nonnula rubecula,0,0,0,0,0,0,0,0,0,0,0,0,0,0,0,0
796,Nonnula sclateri,0,0,0,0,0,0,0,0,0,0,0,0,0,0,0,0
797,Nonnula brunnea,0,0,0,0,0,0,0,0,0,0,0,0,0,0,0,0
798,Nonnula frontalis,0,0,0,0,0,0,0,0,0,0,0,0,0,0,0,0
799,Nonnula ruficapilla,0,0,0,0,0,0,0,0,0,0,0,0,0,0,0,0
800,Nonnula amaurocephala,0,0,0,0,0,0,0,0,0,0,0,0,0,0,0,0
801,Hapaloptila castanea,0,0,0,0,0,0,0,0,0,0,0,0,0,0,0,0
802,Monasa atra,0,0,0,0,0,0,0,0,0,0,0,0,0,0,0,0
803,Monasa nigrifrons,0,0,0,0,0,0,0,0,0,0,0,0,0,0,0,0
804,Monasa morphoeus,0,0,0,0,0,0,0,0,0,0,0,0,0,0,0,0
805,Monasa flavirostris,0,0,0,0,0,0,0,0,0,0,0,0,0,0,0,0
806,Chelidoptera tenebrosa,0,0,0,0,0,0,0,0,0,0,0,0,0,0,0,0
807,Lophoceros camurus,0,0,0,0,0,0,0,0,0,0,0,0,0,0,0,0
808,Tockus monteiri,0,0,0,0,0,0,0,0,0,0,0,0,0,0,0,0
809,Tockus flavirostris,0,0,0,0,0,0,0,0,0,0,0,0,0,0,0,0
810,Tockus leucomelas,0,0,0,0,0,0,0,0,0,0,0,0,0,0,0,0
811,Tockus jacksoni,0,0,0,0,0,0,0,0,0,0,0,0,0,0,0,0
812,Tockus deckeni,0,0,0,0,0,0,0,0,0,0,0,0,0,0,0,0
813,Lophoceros alboterminatus,0,0,0,0,0,0,0,0,0,0,0,0,0,0,0,0
814,Lophoceros bradfieldi,0,0,0,0,0,0,0,0,0,0,0,0,0,0,0,0
815,Lophoceros hemprichii,0,0,0,0,0,0,0,0,0,0,0,0,0,0,0,0
816,Lophoceros nasutus,0,0,0,0,0,0,0,0,0,0,0,0,0,0,0,0
817,Lophoceros pallidirostris,0,0,0,0,0,0,0,0,0,0,0,0,0,0,0,0
818,Ocyceros griseus,0,0,0,1,0,0,0,0,0,0,0,0,0,0,0,0
819,Ocyceros gingalensis,0,0,0,0,0,0,0,0,0,0,0,0,0,0,0,0
820,Ocyceros birostris,0,0,0,1,0,0,0,0,1,0,1,0,0,0,0,0
821,Anthracoceros coronatus,0,0,0,1,0,1,0,0,1,0,0,2,1,2,0,0
822,Anthracoceros albirostris,0,0,0,0,0,0,0,0,1,0,0,0,0,0,0,0
823,Anthracoceros malayanus,0,0,0,2,0,1,0,0,2,0,0,2,0,2,0,0
824,Anthracoceros marchei,0,0,0,0,0,0,0,0,1,0,0,2,1,0,0,0
825,Anthracoceros montani,0,0,0,0,0,0,0,0,2,0,0,3,1,0,0,0
826,Buceros rhinoceros,0,0,0,2,0,0,0,0,2,0,0,2,0,2,0,0
827,Buceros bicornis,0,0,0,2,0,0,0,0,2,0,0,2,1,2,0,0
828,Rhinoplax vigil,0,0,0,2,0,2,0,0,3,0,0,2,2,2,0,0
829,Anorrhinus galeritus,0,0,0,2,0,0,0,0,0,0,0,2,0,0,0,0
830,Penelopides manillae,0,0,0,0,0,0,0,0,1,0,0,0,0,0,0,0
831,Penelopides mindorensis,0,1,0,1,0,0,0,0,2,0,0,2,1,0,0,0
832,Penelopides panini,0,0,0,1,0,0,0,0,2,0,0,1,0,0,0,0
833,Rhabdotorrhinus exarhatus,0,0,0,0,0,0,0,0,1,1,0,2,0,0,0,0
834,Berenicornis comatus,0,0,0,2,0,1,0,0,2,0,0,2,0,2,0,0
835,Aceros nipalensis,0,0,0,2,0,0,0,0,2,0,0,2,1,0,0,0
836,Rhabdotorrhinus corrugatus,0,0,0,3,0,2,0,0,2,0,0,2,0,2,0,0
837,Rhabdotorrhinus waldeni,0,0,0,0,0,0,0,0,2,0,0,1,0,0,0,0
838,Rhabdotorrhinus leucocephalus,0,0,0,2,0,0,0,0,1,0,0,1,0,2,0,0
839,Rhyticeros cassidix,0,0,0,0,0,0,0,0,1,0,0,2,1,0,0,0
840,Rhyticeros undulatus,0,0,0,2,0,0,0,0,2,0,2,0,0,0,0,0
841,Rhyticeros narcondami,0,1,0,0,0,0,0,0,1,1,0,1,1,0,0,0
842,Rhyticeros everetti,0,0,0,1,0,2,0,0,1,0,1,2,0,0,0,0
843,Rhyticeros subruficollis,0,0,0,1,0,0,0,0,2,0,0,2,0,0,0,0
844,Rhyticeros plicatus,0,0,0,0,0,0,0,0,0,0,0,0,0,0,0,0
845,Bycanistes bucinator,0,0,0,0,0,0,0,0,0,0,0,0,0,0,0,0
846,Bycanistes brevis,0,0,0,0,0,0,0,0,0,0,0,0,0,0,0,0
847,Bycanistes subcylindricus,0,0,0,0,0,0,0,0,0,0,0,0,0,0,0,0
848,Bycanistes cylindricus,0,0,0,2,0,0,0,0,2,0,0,2,0,0,0,0
849,Bycanistes albotibialis,0,0,0,0,0,0,0,0,0,0,0,0,0,0,0,0
850,Ceratogymna atrata,0,0,0,0,0,0,0,0,0,0,0,0,0,0,0,0
851,Ceratogymna elata,0,1,0,2,0,0,0,0,2,0,0,2,0,0,0,0
852,Bucorvus abyssinicus,0,0,0,1,0,0,0,0,1,0,1,1,1,0,0,0
853,Bucorvus leadbeateri,0,1,0,2,0,1,0,0,2,1,2,2,1,2,2,0
854,Upupa epops,0,0,0,1,0,0,0,0,1,0,0,0,0,1,0,0
855,Phoeniculus purpureus,0,0,0,0,0,0,0,0,0,0,0,0,0,0,0,0
856,Phoeniculus damarensis,0,2,0,0,0,0,0,0,0,0,0,0,0,0,0,0
857,Phoeniculus somaliensis,0,0,0,0,0,0,0,0,0,0,0,0,0,0,0,0
858,Phoeniculus bollei,0,0,0,0,0,0,0,0,0,0,0,0,0,0,0,0
859,Rhinopomastus castaneiceps,0,0,0,0,0,0,0,0,0,0,0,0,0,0,0,0
860,Rhinopomastus aterrimus,0,0,0,0,0,0,0,0,0,0,0,0,0,0,0,0
861,Rhinopomastus cyanomelas,0,0,0,0,0,0,0,0,0,0,0,0,0,0,0,0
862,Rhinopomastus minor,0,0,0,0,0,0,0,0,0,0,0,0,0,0,0,0
863,Apaloderma narina,0,0,0,0,0,0,0,0,0,0,0,0,0,0,0,0
864,Apaloderma aequatoriale,0,0,0,0,0,0,0,0,0,0,0,0,0,0,0,0
865,Apaloderma vittatum,0,0,0,0,0,0,0,0,0,0,0,0,0,0,0,0
866,Pharomachrus mocinno,0,0,0,2,0,0,0,0,1,1,2,2,0,0,0,0
867,Pharomachrus antisianus,0,0,0,0,0,0,0,0,0,0,0,0,0,0,0,0
868,Pharomachrus fulgidus,0,0,0,0,0,0,0,0,0,0,0,0,0,0,0,0
869,Pharomachrus auriceps,0,0,0,0,0,0,0,0,0,0,0,0,0,0,0,0
870,Pharomachrus pavoninus,0,0,0,0,0,0,0,0,0,0,0,0,0,0,0,0
871,Euptilotis neoxenus,0,0,0,0,0,0,0,0,0,1,0,1,0,0,0,0
872,Priotelus temnurus,0,0,0,0,0,0,0,0,0,0,0,0,0,0,0,0
873,Temnotrogon roseigaster,0,0,0,1,0,0,0,0,0,0,0,1,1,0,0,0
874,Trogon massena,0,0,0,0,0,0,0,0,0,0,0,0,0,0,0,0
875,Trogon clathratus,0,0,0,0,0,0,0,0,0,0,0,0,0,0,0,0
876,Trogon comptus,0,0,0,0,0,0,0,0,0,0,0,0,0,0,0,0
877,Trogon bairdii,0,0,0,2,0,0,0,0,0,0,2,2,1,0,0,0
878,Trogon citreolus,0,0,0,0,0,0,0,0,0,0,0,0,0,0,0,0
879,Trogon melanocephalus,0,0,0,0,0,0,0,0,0,0,0,0,0,0,0,0
880,Trogon mexicanus,0,0,0,0,0,0,0,0,0,0,0,0,0,0,0,0
881,Trogon personatus,0,0,0,0,0,0,0,0,0,0,0,0,0,0,0,0
882,Trogon rufus,0,0,0,0,0,0,0,0,0,0,0,2,0,0,0,0
883,Trogon curucui,0,0,0,0,0,0,0,0,0,0,0,0,0,0,0,0
884,Apalharpactes reinwardtii,0,0,0,1,0,0,0,0,1,0,0,0,1,0,0,0
885,Harpactes fasciatus,0,0,0,0,0,0,0,0,0,0,0,0,0,0,0,0
886,Harpactes kasumba,0,0,0,2,0,2,0,0,0,0,0,2,0,2,0,0
887,Harpactes diardii,0,0,0,2,0,1,0,0,0,0,0,2,0,2,0,0
888,Harpactes ardens,0,0,0,0,0,0,0,0,0,0,0,0,0,0,0,0
889,Harpactes whiteheadi,0,0,0,1,0,0,0,0,0,0,0,1,0,1,0,0
890,Harpactes orrhophaeus,0,0,0,2,0,2,0,0,0,0,0,2,0,2,0,0
891,Harpactes duvaucelii,0,0,0,1,0,1,0,0,0,0,0,1,0,0,0,0
892,Harpactes oreskios,0,0,0,0,0,0,0,0,0,0,0,0,0,0,0,0
893,Harpactes erythrocephalus,0,0,0,0,0,0,0,0,0,0,0,0,0,0,0,0
894,Harpactes wardi,0,0,0,1,0,0,0,0,0,1,0,0,0,0,0,0
895,Coracias garrulus,0,0,0,1,0,0,0,0,1,0,0,1,0,0,1,0
896,Coracias abyssinicus,0,0,0,0,0,0,0,0,0,0,0,0,0,0,0,0
897,Coracias caudatus,0,0,0,0,0,0,0,0,0,0,0,0,0,0,0,0
898,Coracias spatulatus,0,0,0,0,0,0,0,0,0,0,0,0,0,0,0,0
899,Coracias naevius,0,0,0,0,0,0,0,0,0,0,0,0,0,0,0,0
900,Coracias temminckii,0,0,0,0,0,0,0,0,0,0,0,0,0,0,0,0
901,Coracias cyanogaster,0,0,0,0,0,0,0,0,0,0,0,0,0,0,0,0
902,Eurystomus glaucurus,0,0,0,0,0,0,0,0,0,0,0,0,0,0,0,0
903,Eurystomus gularis,0,0,0,0,0,0,0,0,0,0,0,0,0,0,0,0
904,Eurystomus orientalis,0,0,0,0,0,0,0,0,0,0,0,0,0,0,0,0
905,Eurystomus azureus,0,0,0,2,0,0,0,0,0,0,0,2,1,2,0,0
906,Brachypteracias leptosomus,0,2,0,2,0,0,0,0,0,0,0,1,0,0,0,0
907,Geobiastes squamiger,0,1,0,2,0,0,0,0,0,0,0,1,0,0,0,0
908,Atelornis pittoides,0,0,0,0,0,0,0,0,0,0,0,0,0,0,0,0
909,Atelornis crossleyi,0,0,0,2,0,0,0,0,2,0,0,0,0,0,0,0
910,Uratelornis chimaera,0,1,0,2,0,0,0,0,1,1,0,1,0,0,0,0
911,Leptosomus discolor,0,0,0,0,0,0,0,0,0,0,0,0,0,0,0,0
912,Hylomanes momotula,0,0,0,0,0,0,0,0,0,0,0,0,0,0,0,0
913,Aspatha gularis,0,0,0,0,0,0,0,0,0,0,0,0,0,0,0,0
914,Electron platyrhynchum,0,0,0,0,0,0,0,0,0,0,0,0,0,0,0,0
915,Electron carinatum,0,0,0,2,0,1,0,0,0,0,1,1,2,0,0,0
916,Eumomota superciliosa,0,0,0,0,0,0,0,0,0,0,0,0,0,0,0,0
917,Baryphthengus martii,0,0,0,0,0,0,0,0,0,0,0,0,0,0,0,0
918,Baryphthengus ruficapillus,0,0,0,0,0,0,0,0,0,0,0,0,0,0,0,0
919,Momotus mexicanus,0,0,0,0,0,0,0,0,0,0,0,0,0,0,0,0
920,Todus multicolor,0,0,0,0,0,0,0,0,0,0,0,0,0,0,0,0
921,Todus angustirostris,0,0,0,0,0,0,0,0,0,0,0,0,0,0,0,0
922,Todus mexicanus,0,0,0,0,0,0,0,0,0,0,0,0,0,0,0,0
923,Todus todus,0,0,0,0,0,0,0,0,0,0,0,0,0,0,0,0
924,Todus subulatus,0,0,0,0,0,0,0,0,0,0,0,0,0,0,0,0
925,Alcedo hercules,0,0,0,0,0,0,0,0,0,0,0,1,0,0,0,0
926,Alcedo atthis,0,0,0,0,0,0,0,0,0,0,0,0,0,0,0,0
927,Alcedo semitorquata,0,0,0,0,0,0,0,0,0,0,0,0,0,0,0,0
928,Alcedo quadribrachys,0,0,0,0,0,0,0,0,0,0,0,0,0,0,0,0
929,Alcedo meninting,0,0,0,0,0,0,0,0,0,0,0,0,0,0,0,0
930,Ceyx azureus,0,0,0,0,0,0,0,0,0,0,0,0,0,0,0,0
931,Ceyx websteri,0,0,0,1,0,0,0,0,0,0,0,2,0,0,0,0
932,Corythornis vintsioides,0,0,0,0,0,0,0,0,0,0,0,0,0,0,0,0
933,Corythornis thomensis,0,0,0,0,0,0,0,0,0,0,0,0,0,0,0,0
934,Corythornis nais,0,0,0,0,0,0,0,0,0,0,0,0,0,0,0,0
935,Corythornis leucogaster,0,0,0,0,0,0,0,0,0,0,0,0,0,0,0,0
936,Alcedo coerulescens,0,0,0,0,0,0,0,0,0,0,0,0,0,0,0,0
937,Ceyx pusillus,0,0,0,0,0,0,0,0,0,0,0,0,0,0,0,0
938,Ceyx erithaca,0,0,0,1,0,0,0,0,0,0,0,0,0,1,0,0
939,Ceyx rufidorsa,0,0,0,1,0,0,0,0,0,0,0,1,0,1,0,0
940,Corythornis madagascariensis,0,0,0,0,0,0,0,0,0,0,0,0,0,0,0,0
941,Ispidina picta,0,0,0,0,0,0,0,0,0,0,0,0,0,0,0,0
942,Ispidina lecontei,0,0,0,0,0,0,0,0,0,0,0,0,0,0,0,0
943,Dacelo novaeguineae,0,0,0,0,0,0,0,0,0,0,0,0,0,0,0,0
944,Dacelo leachii,0,0,0,0,0,0,0,0,0,0,0,0,0,0,0,0
945,Dacelo tyro,0,0,0,0,0,0,0,0,0,0,0,0,0,0,0,0
946,Dacelo gaudichaud,0,0,0,0,0,0,0,0,0,0,0,0,0,0,0,0
947,Dacelo rex,0,0,0,0,0,0,0,0,0,0,0,0,0,0,0,0
948,Pelargopsis amauroptera,2,0,0,0,0,0,0,0,0,0,0,2,0,0,0,0
949,Pelargopsis capensis,0,0,0,0,0,0,0,0,0,0,0,0,0,0,0,0
950,Pelargopsis melanorhyncha,0,0,0,0,0,0,0,0,0,0,0,0,0,0,0,0
951,Halcyon coromanda,0,0,0,0,0,0,0,0,0,0,0,0,0,0,0,0
952,Halcyon badia,0,0,0,0,0,0,0,0,0,0,0,0,0,0,0,0
953,Halcyon pileata,0,0,0,0,0,0,0,0,0,0,0,0,0,0,0,0
954,Halcyon cyanoventris,0,0,0,0,0,0,0,0,0,0,0,0,0,0,0,0
955,Halcyon leucocephala,0,0,0,0,0,0,0,0,0,0,0,0,0,0,0,0
956,Halcyon senegalensis,0,0,0,0,0,0,0,0,0,0,0,0,0,0,0,0
957,Halcyon senegaloides,0,0,0,0,0,0,0,0,0,0,0,0,0,0,0,0
958,Halcyon malimbica,0,0,0,0,0,0,0,0,0,0,0,0,0,0,0,0
959,Halcyon albiventris,0,0,0,0,0,0,0,0,0,0,0,0,0,0,0,0
960,Halcyon chelicuti,0,0,0,0,0,0,0,0,0,0,0,0,0,0,0,0
961,Todiramphus nigrocyaneus,0,0,0,0,0,0,0,0,0,0,0,0,0,0,0,0
962,Todiramphus winchelli,0,0,0,2,0,2,0,0,0,0,0,2,0,2,0,0
963,Todiramphus diops,0,0,0,0,0,0,0,0,0,0,0,0,0,0,0,0
964,Todiramphus lazuli,0,0,0,1,0,0,0,0,1,0,0,1,0,0,0,0
965,Todiramphus macleayii,0,0,0,0,0,0,0,0,0,0,0,0,0,0,0,0
966,Todiramphus albonotatus,0,0,0,0,0,0,0,0,0,0,0,2,0,2,0,0
967,Todiramphus leucopygius,0,0,0,0,0,0,0,0,0,0,0,0,0,0,0,0
968,Todiramphus farquhari,0,0,0,1,0,0,0,0,0,1,1,1,0,0,0,0
969,Todiramphus pyrrhopygius,0,0,0,0,0,0,0,0,0,0,0,0,0,0,0,0
970,Todiramphus recurvirostris,0,0,0,0,0,0,0,0,0,0,0,0,0,0,0,0
971,Todiramphus funebris,0,0,0,2,1,0,0,0,0,0,0,2,1,1,0,0
972,Todiramphus chloris,0,0,0,0,0,0,0,0,0,0,0,0,0,0,0,0
973,Todiramphus enigma,0,0,0,0,0,0,0,0,0,0,0,1,0,0,0,0
974,Todiramphus saurophagus,0,0,0,0,0,0,0,0,0,0,0,0,0,0,0,0
975,Todiramphus australasia,0,0,0,1,0,1,0,0,0,0,0,1,1,0,0,0
976,Todiramphus sanctus,0,0,0,0,0,0,0,0,0,0,0,0,0,0,0,0
977,Todiramphus ruficollaris,0,0,0,1,0,0,0,0,0,2,0,0,0,0,0,0
978,Todiramphus tutus,0,0,0,1,0,0,0,0,0,1,1,0,1,0,0,0
979,Todiramphus godeffroyi,0,0,0,0,0,0,0,0,0,2,0,2,0,0,0,0
980,Todiramphus gambieri,0,0,0,0,0,0,0,0,0,2,0,0,0,0,0,0
981,Caridonax fulgidus,0,0,0,0,0,0,0,0,0,0,0,0,0,0,0,0
982,Melidora macrorrhina,0,0,0,0,0,0,0,0,0,0,0,0,0,0,0,0
983,Actenoides bougainvillei,0,0,0,1,0,0,0,0,0,0,0,1,0,0,0,0
984,Actenoides concretus,0,0,0,1,0,0,0,0,0,0,0,0,0,1,0,0
985,Actenoides lindsayi,0,0,0,0,0,0,0,0,0,0,0,0,0,0,0,0
986,Actenoides hombroni,0,0,0,2,0,1,0,0,0,0,0,2,1,0,0,0
987,Actenoides princeps,0,0,0,2,0,0,0,0,0,0,0,2,0,2,0,0
988,Syma torotoro,0,0,0,0,0,0,0,0,0,0,0,0,0,0,0,0
989,Syma megarhyncha,0,0,0,0,0,0,0,0,0,0,0,0,0,0,0,0
990,Tanysiptera hydrocharis,0,0,0,0,0,0,0,0,0,0,0,0,0,0,0,0
991,Tanysiptera galatea,0,0,0,0,0,0,0,0,0,0,0,0,0,0,0,0
992,Tanysiptera ellioti,0,0,0,2,0,0,0,0,0,0,0,2,0,0,0,0
993,Tanysiptera riedelii,0,0,0,2,0,0,0,0,0,0,0,1,0,0,0,0
994,Tanysiptera carolinae,0,0,0,1,0,0,0,0,0,0,0,1,0,0,0,0
995,Tanysiptera nympha,0,0,0,0,0,0,0,0,0,0,0,0,0,0,0,0
996,Tanysiptera danae,0,0,0,0,0,0,0,0,0,0,0,0,0,0,0,0
997,Megaceryle maxima,0,0,0,0,0,0,0,0,0,0,0,0,0,0,0,0
998,Megaceryle lugubris,0,0,0,0,0,0,0,0,0,0,0,0,0,0,0,0
999,Megaceryle alcyon,0,0,0,0,0,0,0,0,0,0,0,0,0,0,0,0
1000,Megaceryle torquata,0,0,0,0,0,0,0,0,0,0,0,0,0,0,0,0
1001,Ceryle rudis,0,0,0,0,0,0,0,0,0,0,0,0,0,0,0,0
1002,Chloroceryle amazona,0,0,0,0,0,0,0,0,0,0,0,0,0,0,0,0
1003,Chloroceryle americana,0,0,0,0,0,0,0,0,0,0,0,0,0,0,0,0
1004,Chloroceryle inda,0,0,0,0,0,0,0,0,0,0,0,0,0,0,0,0
1005,Chloroceryle aenea,0,0,0,0,0,0,0,0,0,0,0,0,0,0,0,0
1006,Nyctyornis amictus,0,0,0,0,0,0,0,0,0,0,0,0,0,0,0,0
1007,Nyctyornis athertoni,0,0,0,0,0,0,0,0,0,0,0,0,0,0,0,0
1008,Meropogon forsteni,0,0,0,0,0,0,0,0,0,0,0,0,0,0,0,0
1009,Merops gularis,0,0,0,0,0,0,0,0,0,0,0,0,0,0,0,0
1010,Merops bulocki,0,0,0,0,0,0,0,0,0,0,0,0,0,0,0,0
1011,Merops bullockoides,0,0,0,0,0,0,0,0,0,0,0,0,0,0,0,0
1012,Merops pusillus,0,0,0,0,0,0,0,0,0,0,0,0,0,0,0,0
1013,Merops oreobates,0,0,0,0,0,0,0,0,0,0,0,0,0,0,0,0
1014,Merops hirundineus,0,0,0,0,0,0,0,0,0,0,0,0,0,0,0,0
1015,Merops breweri,0,0,0,0,0,0,0,0,0,0,0,0,0,0,0,0
1016,Merops revoilii,0,0,0,0,0,0,0,0,0,0,0,0,0,0,0,0
1017,Merops albicollis,0,0,0,0,0,0,0,0,0,0,0,0,0,0,0,0
1018,Merops boehmi,0,0,0,0,0,0,0,0,0,0,0,0,0,0,0,0
1019,Merops persicus,0,0,0,0,0,0,0,0,0,0,0,0,0,0,0,0
1020,Merops superciliosus,0,0,0,0,0,0,0,0,0,0,0,0,0,0,0,0
1021,Merops philippinus,0,0,0,0,0,0,0,0,0,0,0,0,0,0,0,0
1022,Merops ornatus,0,0,0,0,0,0,0,0,0,0,0,0,0,0,0,0
1023,Merops apiaster,0,0,0,0,0,0,0,0,0,0,0,0,0,0,0,0
1024,Merops leschenaulti,0,0,0,0,0,0,0,0,0,0,0,0,0,0,0,0
1025,Merops malimbicus,0,0,0,0,0,0,0,0,0,0,0,0,0,0,0,0
1026,Merops nubicus,0,0,0,0,0,0,0,0,0,0,0,0,0,0,0,0
1027,Merops nubicoides,0,0,0,0,0,0,0,0,0,0,0,0,0,0,0,0
1028,Colius striatus,0,0,0,0,0,0,0,0,0,0,0,0,0,0,0,0
1029,Colius leucocephalus,0,0,0,0,0,0,0,0,0,0,0,0,0,0,0,0
1030,Colius castanotus,0,0,0,0,0,0,0,0,0,0,0,0,0,0,0,0
1031,Colius colius,0,0,0,0,0,0,0,0,0,0,0,0,0,0,0,0
1032,Urocolius macrourus,0,0,0,0,0,0,0,0,0,0,0,0,0,0,0,0
1033,Urocolius indicus,0,0,0,0,0,0,0,0,0,0,0,0,0,0,0,0
1034,Clamator jacobinus,0,0,0,0,0,0,0,0,0,0,0,0,0,0,0,0
1035,Clamator levaillantii,0,0,0,0,0,0,0,0,0,0,0,0,0,0,0,0
1036,Clamator coromandus,0,0,0,0,0,0,0,0,0,0,0,0,0,0,0,0
1037,Clamator glandarius,0,0,0,0,0,0,0,0,0,0,0,0,0,0,0,0
1038,Pachycoccyx audeberti,0,0,0,0,0,0,0,0,0,0,0,0,0,0,0,0
1039,Cuculus crassirostris,0,0,0,0,0,0,0,0,0,0,0,0,0,0,0,0
1040,Hierococcyx varius,0,0,0,0,0,0,0,0,0,0,0,0,0,0,0,0
1041,Hierococcyx vagans,0,0,0,1,0,0,0,0,0,0,0,1,0,1,0,0
1042,Cuculus solitarius,0,0,0,0,0,0,0,0,0,0,0,0,0,0,0,0
1043,Cuculus clamosus,0,0,0,0,0,0,0,0,0,0,0,0,0,0,0,0
1044,Cuculus micropterus,0,0,0,0,0,0,0,0,0,0,0,0,0,0,0,0
1045,Cuculus canorus,0,0,0,0,0,0,0,0,0,0,0,0,0,0,0,0
1046,Cuculus gularis,0,0,0,0,0,0,0,0,0,0,0,0,0,0,0,0
1047,Cuculus poliocephalus,0,0,0,0,0,0,0,0,0,0,0,0,0,0,0,0
1048,Cuculus rochii,0,0,0,0,0,0,0,0,0,0,0,0,0,0,0,0
1049,Heteroscenes pallidus,0,0,0,0,0,0,0,0,0,0,0,0,0,0,0,0
1050,Cercococcyx olivinus,0,0,0,0,0,0,0,0,0,0,0,0,0,0,0,0
1051,Cercococcyx montanus,0,0,0,0,0,0,0,0,0,0,0,0,0,0,0,0
1052,Cacomantis sonneratii,0,0,0,0,0,0,0,0,0,0,0,0,0,0,0,0
1053,Cacomantis passerinus,0,0,0,0,0,0,0,0,0,0,0,0,0,0,0,0
1054,Cacomantis merulinus,0,0,0,0,0,0,0,0,0,0,0,0,0,0,0,0
1055,Cacomantis castaneiventris,0,0,0,0,0,0,0,0,0,0,0,0,0,0,0,0
1056,Cacomantis aeruginosus,0,0,0,2,0,0,0,0,0,0,0,1,0,0,0,0
1057,Cacomantis flabelliformis,0,0,0,0,0,0,0,0,0,0,0,0,0,0,0,0
1058,Chalcites megarhynchus,0,0,0,0,0,0,0,0,0,0,0,0,0,0,0,0
1059,Chalcites crassirostris,0,0,0,0,0,0,0,0,0,0,0,0,0,0,0,0
1060,Chalcites lucidus,0,0,0,0,0,0,0,0,0,0,0,0,0,0,0,0
1061,Chalcites basalis,0,0,0,0,0,0,0,0,0,0,0,0,0,0,0,0
1062,Chalcites ruficollis,0,0,0,0,0,0,0,0,0,0,0,0,0,0,0,0
1063,Chalcites meyerii,0,0,0,0,0,0,0,0,0,0,0,0,0,0,0,0
1064,Chrysococcyx maculatus,0,0,0,0,0,0,0,0,0,0,0,0,0,0,0,0
1065,Chrysococcyx xanthorhynchus,0,0,0,0,0,0,0,0,0,0,0,0,0,0,0,0
1066,Chalcites osculans,0,0,0,0,0,0,0,0,0,0,0,0,0,0,0,0
1067,Chrysococcyx flavigularis,0,0,0,0,0,0,0,0,0,0,0,0,0,0,0,0
1068,Chrysococcyx klaas,0,0,0,0,0,0,0,0,0,0,0,0,0,0,0,0
1069,Chrysococcyx cupreus,0,0,0,0,0,0,0,0,0,0,0,0,0,0,0,0
1070,Chrysococcyx caprius,0,0,0,0,0,0,0,0,0,0,0,0,0,0,0,0
1071,Caliechthrus leucolophus,0,0,0,0,0,0,0,0,0,0,0,0,0,0,0,0
1072,Microdynamis parva,0,0,0,0,0,0,0,0,0,0,0,0,0,0,0,0
1073,Eudynamys scolopaceus,0,0,0,0,0,0,0,0,0,0,0,0,0,0,0,0
1074,Urodynamis taitensis,0,0,0,0,0,0,0,0,0,0,0,0,0,0,0,0
1075,Scythrops novaehollandiae,0,0,0,0,0,0,0,0,0,0,0,0,0,0,0,0
1076,Phaenicophaeus diardi,0,0,0,2,0,1,0,0,0,0,0,2,0,0,0,0
1077,Phaenicophaeus sumatranus,0,0,0,2,0,0,0,0,0,0,0,1,0,0,0,0
1078,Phaenicophaeus tristis,0,0,0,0,0,0,0,0,0,0,0,0,0,0,0,0
1079,Phaenicophaeus viridirostris,0,0,0,0,0,0,0,0,0,0,0,0,0,0,0,0
1080,Taccocua leschenaultii,0,0,0,0,0,0,0,0,0,0,0,0,0,0,0,0
1081,Rhinortha chlorophaea,0,0,0,0,0,0,0,0,0,0,0,0,0,0,0,0
1082,Zanclostomus javanicus,0,0,0,0,0,0,0,0,0,0,0,0,0,0,0,0
1083,Rhamphococcyx calyorhynchus,0,0,0,0,0,0,0,0,0,0,0,0,0,0,0,0
1084,Phaenicophaeus pyrrhocephalus,0,0,0,1,0,1,0,0,0,0,0,1,1,1,0,0
1085,Dasylophus superciliosus,0,0,0,0,0,0,0,0,0,0,0,0,0,0,0,0
1086,Lepidogrammus cumingi,0,0,0,0,0,0,0,0,0,0,0,0,0,0,0,0
1087,Carpococcyx radiceus,0,0,0,2,0,2,0,0,1,0,0,2,0,0,0,0
1088,Carpococcyx renauldi,0,0,0,1,0,0,0,0,2,0,0,1,0,0,0,0
1089,Coua delalandei,0,0,0,0,0,0,0,0,0,0,0,0,0,0,0,0
1090,Coua gigas,0,0,0,0,0,0,0,0,0,0,0,0,0,0,0,0
1091,Coua coquereli,0,0,0,0,0,0,0,0,0,0,0,0,0,0,0,0
1092,Coua serriana,0,0,0,0,0,0,0,0,0,0,0,0,0,0,0,0
1093,Coua reynaudii,0,0,0,0,0,0,0,0,0,0,0,0,0,0,0,0
1094,Coua cursor,0,0,0,0,0,0,0,0,0,0,0,0,0,0,0,0
1095,Coua verreauxi,0,1,0,0,0,0,0,0,2,0,0,2,0,0,0,0
1096,Coua caerulea,0,0,0,0,0,0,0,0,0,0,0,0,0,0,0,0
1097,Centropus milo,0,0,0,0,0,0,0,0,0,0,0,0,0,0,0,0
1098,Centropus goliath,0,0,0,0,0,0,0,0,0,0,0,0,0,0,0,0
1099,Centropus violaceus,0,0,0,2,0,0,0,0,0,0,0,2,0,0,0,0
1100,Centropus menbeki,0,0,0,0,0,0,0,0,0,0,0,0,0,0,0,0
1101,Centropus ateralbus,0,0,0,0,0,0,0,0,0,0,0,0,0,0,0,0
1102,Centropus phasianinus,0,0,0,0,0,0,0,0,0,0,0,0,0,0,0,0
1103,Centropus spilopterus,0,0,0,0,0,0,0,0,0,0,0,0,0,0,0,0
1104,Centropus bernsteini,0,0,0,0,0,0,0,0,0,0,0,0,0,0,0,0
1105,Centropus chalybeus,0,0,0,1,0,0,0,0,0,0,0,1,0,0,0,0
1106,Centropus rectunguis,0,0,0,1,0,1,0,0,0,0,0,2,0,2,0,0
1107,Centropus steerii,0,0,0,2,0,0,0,0,0,0,0,2,1,0,0,0
1108,Centropus sinensis,0,0,0,0,0,0,0,0,0,0,0,0,0,0,0,0
1109,Centropus andamanensis,0,0,0,0,0,0,0,0,0,0,0,0,0,0,0,0
1110,Centropus nigrorufus,2,0,0,2,0,0,0,0,2,0,1,0,1,0,0,0
1111,Centropus viridis,0,0,0,0,0,0,0,0,0,0,0,0,0,0,0,0
1112,Centropus toulou,0,0,0,0,0,0,0,0,0,0,0,0,0,0,0,0
1113,Centropus grillii,0,0,0,0,0,0,0,0,0,0,0,0,0,0,0,0
1114,Centropus bengalensis,0,0,0,0,0,0,0,0,0,0,0,0,0,0,0,0
1115,Centropus chlororhynchos,0,0,0,1,0,1,0,0,0,0,0,1,0,0,0,0
1116,Centropus leucogaster,0,0,0,0,0,0,0,0,0,0,0,0,0,0,0,0
1117,Centropus anselli,0,0,0,0,0,0,0,0,0,0,0,0,0,0,0,0
1118,Centropus monachus,0,0,0,0,0,0,0,0,0,0,0,0,0,0,0,0
1119,Centropus cupreicaudus,0,0,0,0,0,0,0,0,0,0,0,0,0,0,0,0
1120,Centropus senegalensis,0,0,0,0,0,0,0,0,0,0,0,0,0,0,0,0
1121,Centropus superciliosus,0,0,0,0,0,0,0,0,0,0,0,0,0,0,0,0
1122,Centropus melanops,0,0,0,0,0,0,0,0,0,0,0,0,0,0,0,0
1123,Centropus celebensis,0,0,0,0,0,0,0,0,0,0,0,0,0,0,0,0
1124,Centropus unirufus,0,0,0,1,0,0,0,0,1,0,0,1,1,0,0,0
1125,Coccycua pumila,0,0,0,0,0,0,0,0,0,0,0,0,0,0,0,0
1126,Coccycua cinerea,0,0,0,0,0,0,0,0,0,0,0,0,0,0,0,0
1127,Coccyzus erythropthalmus,0,0,0,0,0,0,0,0,0,0,0,0,0,0,0,0
1128,Coccyzus americanus,0,0,0,0,0,0,0,0,0,0,0,0,0,0,0,0
1129,Coccyzus euleri,0,0,0,0,0,0,0,0,0,0,0,0,0,0,0,0
1130,Coccyzus minor,0,0,0,0,0,0,0,0,0,0,0,0,0,0,0,0
1131,Coccyzus ferrugineus,0,0,0,0,0,0,0,0,0,1,0,0,0,0,0,1
1132,Coccyzus melacoryphus,0,0,0,0,0,0,0,0,0,0,0,0,0,0,0,0
1133,Coccyzus lansbergi,0,0,0,0,0,0,0,0,0,0,0,0,0,0,0,0
1134,Coccyzus pluvialis,0,0,0,0,0,0,0,0,0,0,0,0,0,0,0,0
1135,Coccyzus rufigularis,0,2,0,2,0,1,0,0,1,0,2,1,0,0,0,0
1136,Piaya melanogaster,0,0,0,0,0,0,0,0,0,0,0,0,0,0,0,0
1137,Coccycua minuta,0,0,0,0,0,0,0,0,0,0,0,0,0,0,0,0
1138,Coccyzus vetula,0,0,0,0,0,0,0,0,0,0,0,0,0,0,0,0
1139,Coccyzus longirostris,0,0,0,0,0,0,0,0,0,0,0,0,0,0,0,0
1140,Coccyzus vieilloti,0,0,0,0,0,0,0,0,0,0,0,0,0,0,0,0
1141,Opisthocomus hoazin,0,0,0,0,0,0,0,0,0,0,0,0,0,0,0,0
1142,Crotophaga major,0,0,0,0,0,0,0,0,0,0,0,0,0,0,0,0
1143,Crotophaga ani,0,0,0,0,0,0,0,0,0,0,0,0,0,0,0,0
1144,Crotophaga sulcirostris,0,0,0,0,0,0,0,0,0,0,0,0,0,0,0,0
1145,Guira guira,0,0,0,0,0,0,0,0,0,0,0,0,0,0,0,0
1146,Tapera naevia,0,0,0,0,0,0,0,0,0,0,0,0,0,0,0,0
1147,Morococcyx erythropygus,0,0,0,0,0,0,0,0,0,0,0,0,0,0,0,0
1148,Dromococcyx phasianellus,0,0,0,0,0,0,0,0,0,0,0,0,0,0,0,0
1149,Dromococcyx pavoninus,0,0,0,0,0,0,0,0,0,0,0,0,0,0,0,0
1150,Geococcyx californianus,0,0,0,0,0,0,0,0,0,0,0,0,0,0,0,0
1151,Geococcyx velox,0,0,0,0,0,0,0,0,0,0,0,0,0,0,0,0
1152,Neomorphus radiolosus,0,0,0,2,0,0,0,0,2,0,2,2,2,0,0,0
1153,Neomorphus rufipennis,0,0,0,0,0,0,0,0,0,0,0,0,0,0,0,0
1154,Neomorphus pucheranii,0,0,0,0,0,0,0,0,0,0,0,0,0,0,0,0
1155,Chalcopsitta atra,0,0,0,0,0,0,0,0,0,0,0,0,0,0,0,0
1156,Chalcopsitta duivenbodei,0,0,0,0,0,0,0,0,0,0,0,0,0,0,0,0
1157,Chalcopsitta scintillata,0,0,0,0,0,0,0,0,0,0,0,0,0,0,0,0
1158,Chalcopsitta cardinalis,0,0,0,0,0,0,0,0,0,0,0,0,0,0,0,0
1159,Eos histrio,0,0,0,1,0,0,0,0,2,0,0,1,0,0,0,0
1160,Eos squamata,0,0,0,0,0,0,0,0,0,0,0,0,0,0,0,0
1161,Eos bornea,0,0,0,0,0,0,0,0,0,0,0,0,0,0,0,0
1162,Eos reticulata,0,0,0,0,0,0,0,0,1,0,0,2,0,0,0,0
1163,Eos cyanogenia,0,0,0,1,0,0,0,0,2,0,0,1,0,0,0,0
1164,Eos semilarvata,0,0,0,0,0,0,0,0,0,0,0,0,0,0,0,0
1165,Pseudeos fuscata,0,0,0,0,0,0,0,0,0,0,0,0,0,0,0,0
1166,Trichoglossus ornatus,0,0,0,0,0,0,0,0,0,0,0,0,0,0,0,0
1167,Trichoglossus euteles,0,0,0,0,0,0,0,0,0,0,0,0,0,0,0,0
1168,Trichoglossus johnstoniae,0,0,0,0,0,0,0,0,1,0,0,0,0,0,0,0
1169,Trichoglossus rubiginosus,0,0,0,1,0,0,0,0,1,0,0,0,0,0,0,0
1170,Trichoglossus chlorolepidotus,0,0,0,0,0,0,0,0,0,0,0,0,0,0,0,0
1171,Psitteuteles versicolor,0,0,0,0,0,0,0,0,0,0,0,0,0,0,0,0
1172,Trichoglossus iris,0,0,0,0,0,0,0,0,1,0,0,1,0,0,0,0
1173,Psitteuteles goldiei,0,0,0,0,0,0,0,0,0,0,0,0,0,0,0,0
1174,Lorius garrulus,0,0,0,0,0,0,0,0,2,0,0,2,1,0,0,0
1175,Lorius domicella,0,0,0,0,2,0,0,0,2,0,0,1,1,0,0,0
1176,Lorius lory,0,0,0,0,0,0,0,0,0,0,0,0,0,0,0,0
1177,Lorius hypoinochrous,0,0,0,0,0,0,0,0,0,0,0,0,0,0,0,0
1178,Lorius albidinucha,0,0,0,0,0,0,0,0,0,0,0,1,0,0,0,0
1179,Lorius chlorocercus,0,0,0,2,0,0,0,0,2,0,0,2,0,0,0,0
1180,Phigys solitarius,0,0,0,0,0,0,0,0,0,0,0,0,0,0,0,0
1181,Vini australis,0,0,0,0,0,0,0,0,0,0,0,0,0,0,0,0
1182,Vini kuhlii,0,0,0,1,0,0,0,0,1,1,0,0,1,0,0,0
1183,Vini stepheni,0,0,0,0,0,0,0,0,0,2,0,0,0,0,0,0
1184,Vini peruviana,0,2,0,1,0,0,0,0,0,2,0,0,1,1,0,0
1185,Vini ultramarina,0,0,0,1,0,2,0,0,0,3,2,0,0,0,0,0
1186,Glossopsitta concinna,0,0,0,0,0,0,0,0,0,0,0,0,0,0,0,0
1187,Glossopsitta pusilla,0,0,0,0,0,0,0,0,0,0,0,0,0,0,0,0
1188,Glossopsitta porphyrocephala,0,0,0,0,0,0,0,0,0,0,0,0,0,0,0,0
1189,Charmosyna palmarum,0,0,0,0,0,0,0,0,0,2,0,1,0,0,0,0
1190,Charmosyna rubrigularis,0,0,0,0,0,0,0,0,0,0,0,0,0,0,0,0
1191,Charmosyna meeki,0,0,0,0,0,0,0,0,0,0,0,1,0,0,0,0
1192,Charmosyna toxopei,0,0,0,2,0,0,0,0,0,0,0,2,0,0,0,0
1193,Charmosyna multistriata,0,0,0,1,0,0,0,0,0,0,0,1,0,0,0,0
1194,Charmosyna wilhelminae,0,0,0,0,0,0,0,0,0,0,0,0,0,0,0,0
1195,Charmosyna rubronotata,0,0,0,0,0,0,0,0,0,0,0,0,0,0,0,0
1196,Charmosyna placentis,0,0,0,0,0,0,0,0,0,0,0,0,0,0,0,0
1197,Charmosyna diadema,0,0,0,0,0,0,0,0,0,0,0,0,0,0,0,0
1198,Charmosyna amabilis,0,0,0,1,0,0,0,0,0,2,0,1,0,0,0,0
1199,Charmosyna margarethae,0,0,0,0,0,0,0,0,0,0,0,1,0,0,0,0
1200,Charmosyna pulchella,0,0,0,0,0,0,0,0,0,0,0,0,0,0,0,0
1201,Charmosyna josefinae,0,0,0,0,0,0,0,0,0,0,0,0,0,0,0,0
1202,Oreopsittacus arfaki,0,0,0,0,0,0,0,0,0,0,0,0,0,0,0,0
1203,Neopsittacus musschenbroekii,0,0,0,0,0,0,0,0,0,0,0,0,0,0,0,0
1204,Neopsittacus pullicauda,0,0,0,0,0,0,0,0,0,0,0,0,0,0,0,0
1205,Probosciger aterrimus,0,0,0,1,0,1,0,0,1,1,0,0,1,1,0,0
1206,Zanda baudinii,0,3,0,1,0,0,0,0,1,2,1,2,1,0,0,0
1207,Zanda latirostris,0,0,0,1,0,0,0,0,1,2,1,0,1,0,0,0
1208,Zanda funerea,0,0,0,0,0,0,0,0,0,0,0,0,0,0,0,0
1209,Calyptorhynchus banksii,0,0,0,0,0,0,0,0,0,0,0,0,0,0,0,0
1210,Calyptorhynchus lathami,0,2,0,2,0,2,0,0,0,1,2,0,1,0,0,0
1211,Callocephalon fimbriatum,0,2,0,0,0,2,0,0,0,0,0,2,1,0,0,0
1212,Eolophus roseicapilla,0,0,0,0,0,0,0,0,0,0,0,0,0,0,0,0
1213,Cacatua leadbeateri,0,0,0,0,0,0,0,0,0,0,0,0,0,0,0,0
1214,Cacatua galerita,0,0,0,0,0,0,0,0,0,0,0,0,0,0,0,0
1215,Cacatua moluccensis,0,0,0,1,0,0,0,0,2,0,0,2,1,0,0,0
1216,Cacatua alba,0,0,0,1,0,0,0,0,2,0,0,2,1,0,0,0
1217,Cacatua haematuropygia,1,2,0,2,0,0,0,0,2,1,0,2,1,0,0,0
1218,Cacatua goffiniana,0,0,0,1,0,0,0,0,1,0,0,1,0,0,0,0
1219,Cacatua sanguinea,0,0,0,0,0,0,0,0,0,0,0,0,0,0,0,0
1220,Cacatua pastinator,0,0,0,0,0,0,0,0,0,0,0,0,0,0,0,0
1221,Cacatua tenuirostris,0,0,0,0,0,0,0,0,0,0,0,0,0,0,0,0
1222,Cacatua ducorpsii,0,0,0,0,0,0,0,0,0,0,0,0,0,0,0,0
1223,Nymphicus hollandicus,0,0,0,0,0,0,0,0,0,0,0,0,0,0,0,0
1224,Nestor notabilis,0,0,0,0,0,0,0,0,1,2,0,0,0,0,0,0
1225,Nestor productus,0,0,0,0,0,0,0,0,1,0,0,0,0,0,0,0
1226,Nestor meridionalis,0,0,0,0,0,0,0,0,0,2,0,1,0,0,0,0
1227,Micropsitta keiensis,0,0,0,0,0,0,0,0,0,0,0,0,0,0,0,0
1228,Micropsitta geelvinkiana,0,0,0,1,0,0,0,0,1,0,0,1,0,0,0,0
1229,Micropsitta pusio,0,0,0,0,0,0,0,0,0,0,0,0,0,0,0,0
1230,Micropsitta meeki,0,0,0,0,0,0,0,0,0,0,0,0,0,0,0,0
1231,Micropsitta finschii,0,0,0,0,0,0,0,0,0,0,0,0,0,0,0,0
1232,Micropsitta bruijnii,0,0,0,0,0,0,0,0,0,0,0,0,0,0,0,0
1233,Psittaculirostris edwardsii,0,0,0,0,0,0,0,0,0,0,0,0,0,0,0,0
1234,Psittaculirostris salvadorii,0,0,0,2,1,0,0,0,0,0,0,2,0,0,0,0
1235,Bolbopsittacus lunulatus,0,0,0,0,0,0,0,0,0,0,0,0,0,0,0,0
1236,Psittacella brehmii,0,0,0,0,0,0,0,0,0,0,0,0,0,0,0,0
1237,Psittacella modesta,0,0,0,0,0,0,0,0,0,0,0,0,0,0,0,0
1238,Psittacella madaraszi,0,0,0,0,0,0,0,0,0,0,0,0,0,0,0,0
1239,Geoffroyus geoffroyi,0,0,0,0,0,0,0,0,0,0,0,0,0,0,0,0
1240,Geoffroyus simplex,0,0,0,0,0,0,0,0,0,0,0,0,0,0,0,0
1241,Prioniturus montanus,0,0,0,1,0,0,0,0,1,0,0,1,0,0,0,0
1242,Prioniturus waterstradti,0,0,0,0,0,0,0,0,0,0,0,1,0,0,0,0
1243,Prioniturus platenae,0,0,0,0,0,0,0,0,1,1,0,2,1,0,0,0
1244,Prioniturus luconensis,0,0,0,0,0,0,0,0,2,0,0,2,1,0,0,0
1245,Prioniturus verticalis,0,0,0,1,0,0,0,0,2,0,0,2,1,1,0,0
1246,Prioniturus flavicans,0,0,0,2,0,1,0,0,0,0,0,2,0,0,0,0
1247,Prioniturus platurus,0,0,0,0,0,0,0,0,0,0,0,0,0,0,0,0
1248,Prioniturus mada,0,0,0,0,0,0,0,0,0,0,0,0,0,0,0,0
1249,Tanygnathus megalorynchos,0,0,0,0,0,0,0,0,0,0,0,0,0,0,0,0
1250,Tanygnathus lucionensis,0,0,0,1,0,0,0,0,2,0,0,2,1,0,0,0
1251,Tanygnathus gramineus,0,0,0,1,0,0,0,0,0,0,0,1,0,0,0,0
1252,Psittrichas fulgidus,0,0,0,0,0,0,0,0,2,0,0,2,0,0,0,0
1253,Prosopeia splendens,0,0,0,0,0,0,0,0,1,0,0,0,0,0,0,0
1254,Prosopeia personata,0,0,0,0,0,0,0,0,1,0,0,2,0,1,0,0
1255,Prosopeia tabuensis,0,0,0,0,0,0,0,0,0,0,0,0,0,0,0,0
1256,Alisterus scapularis,0,0,0,0,0,0,0,0,0,0,0,0,0,0,0,0
1257,Alisterus amboinensis,0,0,0,0,0,0,0,0,0,0,0,0,0,0,0,0
1258,Alisterus chloropterus,0,0,0,0,0,0,0,0,0,0,0,0,0,0,0,0
1259,Aprosmictus jonquillaceus,0,0,0,1,0,1,0,0,1,0,0,1,0,0,0,0
1260,Aprosmictus erythropterus,0,0,0,0,0,0,0,0,0,0,0,0,0,0,0,0
1261,Polytelis swainsonii,0,1,0,1,0,1,0,0,1,1,1,1,1,0,0,0
1262,Polytelis anthopeplus,0,0,0,1,0,0,0,0,0,1,1,0,0,0,0,0
1263,Polytelis alexandrae,0,0,0,0,0,1,0,0,0,1,0,0,0,0,0,0
1264,Purpureicephalus spurius,0,0,0,0,0,0,0,0,0,0,0,0,0,0,0,0
1265,Barnardius zonarius,0,0,0,0,0,0,0,0,0,0,0,0,0,0,0,0
1266,Platycercus caledonicus,0,0,0,0,0,0,0,0,0,0,0,0,0,0,0,0
1267,Platycercus venustus,0,0,0,0,0,0,0,0,0,0,0,0,0,0,0,0
1268,Platycercus adscitus,0,0,0,0,0,0,0,0,0,0,0,0,0,0,0,0
1269,Platycercus eximius,0,0,0,0,0,0,0,0,0,0,0,0,0,0,0,0
1270,Platycercus icterotis,0,0,0,0,0,0,0,0,0,0,0,0,0,0,0,0
1271,Northiella haematogaster,0,0,0,0,0,0,0,0,0,0,0,0,0,0,0,0
1272,Psephotus haematonotus,0,0,0,0,0,0,0,0,0,0,0,0,0,0,0,0
1273,Psephotellus varius,0,0,0,0,0,0,0,0,0,0,0,0,0,0,0,0
1274,Psephotellus dissimilis,0,0,0,0,0,0,0,0,0,0,0,0,0,0,0,0
1275,Psephotellus chrysopterygius,0,0,0,0,0,2,0,0,0,2,2,0,0,0,0,0
1276,Psephotellus pulcherrimus,0,1,0,0,0,0,0,0,0,0,0,0,0,0,0,0
1277,Cyanoramphus unicolor,0,0,0,0,0,0,0,0,0,1,0,0,0,0,0,0
1278,Cyanoramphus auriceps,0,2,0,0,0,0,0,0,0,1,0,0,0,0,0,0
1279,Cyanoramphus zealandicus,0,0,0,0,0,0,0,0,0,0,0,0,0,0,0,0
1280,Eunymphicus cornutus,0,0,0,0,0,0,0,0,0,0,0,1,1,0,0,0
1281,Neopsephotus bourkii,0,0,0,0,0,0,0,0,0,0,0,0,0,0,0,0
1282,Neophema chrysostoma,0,0,0,2,0,2,0,0,0,1,2,0,0,0,0,0
1283,Neophema elegans,0,0,0,0,0,0,0,0,0,0,0,0,0,0,0,0
1284,Neophema petrophila,0,0,0,0,0,0,0,0,0,0,0,0,0,0,0,0
1285,Neophema chrysogaster,0,1,0,2,0,2,0,0,0,3,2,0,2,0,0,0
1286,Neophema pulchella,0,0,0,0,0,0,0,0,0,0,0,0,0,0,0,0
1287,Neophema splendida,0,0,0,1,0,1,0,0,0,1,1,0,0,0,0,0
1288,Lathamus discolor,0,1,0,2,0,0,0,0,1,2,0,2,2,2,0,1
1289,Melopsittacus undulatus,0,0,0,0,0,0,0,0,0,0,0,0,0,0,0,0
1290,Pezoporus wallicus,0,0,0,0,0,2,0,0,0,0,0,0,0,0,0,0
1291,Pezoporus occidentalis,0,1,0,0,0,0,0,0,0,2,0,0,0,0,0,0
1292,Strigops habroptila,0,0,0,0,0,0,0,0,0,1,0,0,0,0,0,0
1293,Mascarinus mascarin,0,0,0,0,0,0,0,0,0,0,0,0,0,0,0,0
1294,Coracopsis vasa,0,0,0,0,0,0,0,0,0,0,0,0,0,0,0,0
1295,Poicephalus gulielmi,0,0,0,0,0,0,0,0,0,0,0,0,0,0,0,0
1296,Poicephalus senegalus,0,0,0,0,0,0,0,0,0,0,0,0,0,0,0,0
1297,Poicephalus crassus,0,0,0,0,0,0,0,0,0,0,0,0,0,0,0,0
1298,Poicephalus meyeri,0,0,0,0,0,0,0,0,0,0,0,0,0,0,0,0
1299,Poicephalus flavifrons,0,0,0,0,0,0,0,0,0,0,0,0,0,0,0,0
1300,Poicephalus rufiventris,0,0,0,0,0,0,0,0,0,0,0,0,0,0,0,0
1301,Poicephalus cryptoxanthus,0,0,0,0,0,0,0,0,1,0,0,2,0,0,0,0
1302,Poicephalus rueppellii,0,0,0,0,0,0,0,0,0,0,0,0,0,0,0,0
1303,Agapornis canus,0,0,0,0,0,0,0,0,0,0,0,0,0,0,0,0
1304,Agapornis pullarius,0,0,0,0,0,0,0,0,0,0,0,0,0,0,0,0
1305,Agapornis taranta,0,0,0,0,0,0,0,0,0,0,0,0,0,0,0,0
1306,Agapornis swindernianus,0,0,0,0,0,0,0,0,0,0,0,0,0,0,0,0
1307,Agapornis roseicollis,0,0,0,0,0,0,0,0,0,0,0,0,0,0,0,0
1308,Agapornis fischeri,0,0,0,0,0,0,0,0,1,0,0,0,0,0,0,0
1309,Agapornis personatus,0,0,0,0,0,0,0,0,0,0,0,0,0,0,0,0
1310,Agapornis lilianae,0,0,0,0,0,0,0,0,2,0,0,0,0,0,0,0
1311,Agapornis nigrigenis,0,2,0,2,0,0,1,0,2,1,0,1,0,0,0,0
1312,Loriculus vernalis,0,0,0,0,0,0,0,0,0,0,0,0,0,0,0,0
1313,Loriculus beryllinus,0,0,0,0,0,0,0,0,0,0,0,0,0,0,0,0
1314,Loriculus philippensis,0,0,0,0,0,0,0,0,0,0,0,0,0,0,0,0
1315,Loriculus galgulus,0,0,0,0,0,0,0,0,0,0,0,0,0,0,0,0
1316,Loriculus stigmatus,0,0,0,0,0,0,0,0,0,0,0,0,0,0,0,0
1317,Loriculus catamene,0,0,0,1,0,0,0,2,0,1,0,1,0,0,0,0
1318,Loriculus aurantiifrons,0,0,0,0,0,0,0,0,0,0,0,0,0,0,0,0
1319,Loriculus tener,0,0,0,2,0,0,0,0,0,0,0,2,0,0,0,0
1320,Loriculus exilis,0,0,0,2,0,0,0,0,1,0,0,2,0,0,0,0
1321,Loriculus pusillus,0,0,0,0,0,0,0,0,2,0,0,0,0,0,0,0
1322,Loriculus flosculus,0,0,0,1,0,0,0,0,0,0,0,1,1,0,0,0
1323,Palaeornis eupatria,0,0,0,2,0,0,0,0,2,0,0,2,0,0,0,0
1324,Palaeornis wardi,0,0,0,0,0,0,0,0,0,0,0,0,0,0,0,0
1325,Alexandrinus krameri,0,0,0,0,0,0,0,0,0,0,0,0,0,0,0,0
1326,Alexandrinus eques,0,0,0,0,0,0,0,0,0,1,0,0,0,0,0,0
1327,Alexandrinus exsul,0,0,0,0,0,0,0,0,0,0,0,0,0,0,0,0
1328,Himalayapsitta himalayana,0,0,0,0,0,0,0,0,0,0,0,0,0,0,0,0
1329,Himalayapsitta finschii,0,0,0,1,0,0,0,0,2,0,0,2,0,0,0,0
1330,Himalayapsitta cyanocephala,0,0,0,0,0,0,0,0,0,0,0,0,0,0,0,0
1331,Himalayapsitta roseata,0,0,0,2,0,0,0,0,2,0,0,2,0,0,0,0
1332,Nicopsitta columboides,0,0,0,0,0,0,0,0,0,0,0,0,0,0,0,0
1333,Nicopsitta calthrapae,0,0,0,0,0,0,0,0,0,0,0,0,0,0,0,0
1334,Psittacula derbiana,0,0,0,0,0,0,0,0,2,0,0,2,0,0,0,0
1335,Psittacula alexandri,0,0,0,2,0,0,0,0,2,0,0,1,0,0,0,0
1336,Psittacula caniceps,0,0,0,1,0,0,0,0,0,0,0,0,1,0,0,0
1337,Belocercus longicaudus,0,0,0,2,0,1,0,0,0,0,0,2,0,0,0,0
1338,Anodorhynchus hyacinthinus,0,0,0,1,0,0,0,0,3,0,1,0,1,1,0,0
1339,Anodorhynchus leari,0,0,0,1,0,2,0,0,2,0,1,1,0,0,0,0
1340,Anodorhynchus glaucus,0,0,0,0,0,0,0,0,0,0,0,0,0,0,0,0
1341,Cyanopsitta spixii,0,0,0,1,0,0,0,0,2,1,0,0,1,0,0,0
1342,Ara ararauna,0,0,0,0,0,0,0,0,0,0,0,0,0,0,0,0
1343,Ara glaucogularis,0,0,0,0,0,0,0,0,1,2,0,0,0,0,0,0
1344,Ara militaris,0,0,0,1,0,0,0,0,2,1,0,2,2,0,0,0
1345,Ara ambiguus,0,0,0,2,0,0,0,0,2,0,1,2,1,2,0,0
1346,Ara macao,0,0,0,0,0,0,0,0,0,0,0,0,0,0,0,0
1347,Ara chloropterus,0,0,0,0,0,0,0,0,0,0,0,0,0,0,0,0
1348,Ara rubrogenys,0,0,0,1,0,0,0,0,3,0,2,1,0,0,1,0
1349,Ara severus,0,0,0,0,0,0,0,0,0,0,0,0,0,0,0,0
1350,Orthopsittaca manilatus,0,0,0,0,0,0,0,0,0,0,0,0,0,0,0,0
1351,Primolius couloni,0,0,0,0,0,0,0,0,1,0,0,0,0,0,0,0
1352,Primolius maracana,0,0,0,2,0,0,0,0,1,0,0,1,2,0,0,0
1353,Primolius auricollis,0,0,0,0,0,0,0,0,0,0,0,0,0,0,0,0
1354,Psittacara acuticaudatus,0,0,0,0,0,0,0,0,0,0,0,0,0,0,0,0
1355,Psittacara mitratus,0,0,0,0,0,0,0,0,0,0,0,0,0,0,0,0
1356,Psittacara erythrogenys,0,0,0,2,0,0,0,0,2,0,0,1,0,0,0,0
1357,Psittacara finschi,0,0,0,0,0,0,0,0,0,0,0,0,0,0,0,0
1358,Psittacara leucophthalmus,0,0,0,0,0,0,0,0,0,0,0,0,0,0,0,0
1359,Psittacara euops,0,0,0,2,0,0,0,0,2,0,0,0,0,0,0,0
1360,Psittacara chloropterus,0,0,0,2,0,0,0,0,2,0,0,2,0,0,0,0
1361,Aratinga jandaya,0,0,0,0,0,0,0,0,0,0,0,0,0,0,0,0
1362,Aratinga auricapillus,0,0,0,2,0,0,0,0,2,0,2,0,0,0,0,0
1363,Aratinga weddellii,0,0,0,0,0,0,0,0,0,0,0,0,0,0,0,0
1364,Eupsittula canicularis,0,0,0,1,0,0,0,0,2,0,1,1,0,0,0,0
1365,Eupsittula aurea,0,0,0,0,0,0,0,0,0,0,0,0,0,0,0,0
1366,Eupsittula pertinax,0,0,0,0,0,0,0,0,0,0,0,0,0,0,0,0
1367,Eupsittula cactorum,0,0,0,0,0,0,0,0,0,0,0,0,0,0,0,0
1368,Aratinga nenday,0,0,0,0,0,0,0,0,0,0,0,0,0,0,0,0
1369,Leptosittaca branickii,0,0,0,2,0,0,0,0,1,1,2,0,2,1,0,0
1370,Ognorhynchus icterotis,0,0,0,0,0,0,0,0,1,0,1,1,1,0,0,0
1371,Rhynchopsitta pachyrhyncha,0,1,0,2,0,1,0,0,0,0,2,3,0,0,0,0
1372,Rhynchopsitta terrisi,0,2,0,2,0,2,0,0,1,0,2,1,0,0,0,0
1373,Conuropsis carolinensis,0,0,0,0,0,0,0,0,0,1,0,0,0,0,0,0
1374,Cyanoliseus patagonus,0,0,0,0,0,0,0,0,0,0,0,0,0,0,0,0
1375,Pyrrhura cruentata,0,0,0,2,0,0,0,0,1,0,2,0,2,0,0,0
1376,Pyrrhura devillei,0,0,0,1,0,0,0,0,1,1,0,1,0,0,0,0
1377,Pyrrhura frontalis,0,0,0,0,0,0,0,0,0,0,0,0,0,0,0,0
1378,Pyrrhura lepida,0,0,0,2,0,0,0,0,0,0,2,1,0,0,0,0
1379,Pyrrhura perlata,0,0,0,2,0,0,0,0,1,0,2,0,0,0,0,0
1380,Pyrrhura molinae,0,0,0,0,0,0,0,0,0,0,0,0,0,0,0,0
1381,Pyrrhura viridicata,0,2,0,2,0,1,0,0,1,0,1,1,1,0,0,0
1382,Pyrrhura egregia,0,0,0,0,0,0,0,0,0,0,0,0,0,0,0,0
1383,Pyrrhura orcesi,0,2,0,0,0,0,0,0,0,1,2,2,1,0,0,0
1384,Pyrrhura rupicola,0,0,0,1,0,0,0,0,0,0,1,1,0,0,0,0
1385,Pyrrhura albipectus,0,0,0,1,0,0,0,0,1,0,0,1,1,0,0,0
1386,Pyrrhura calliptera,0,0,0,1,0,0,0,0,1,0,1,1,1,0,0,0
1387,Pyrrhura hoematotis,0,0,0,0,0,0,0,0,0,0,0,0,0,0,0,0
1388,Pyrrhura rhodocephala,0,0,0,0,0,0,0,0,0,0,0,0,0,0,0,0
1389,Pyrrhura hoffmanni,0,0,0,0,0,0,0,0,0,0,0,0,0,0,0,0
1390,Enicognathus ferrugineus,0,0,0,0,0,0,0,0,0,0,0,0,0,0,0,0
1391,Enicognathus leptorhynchus,0,0,0,0,0,0,0,0,0,0,0,0,0,0,0,0
1392,Psilopsiagon aymara,0,0,0,0,0,0,0,0,0,0,0,0,0,0,0,0
1393,Psilopsiagon aurifrons,0,0,0,0,0,0,0,0,0,0,0,0,0,0,0,0
1394,Bolborhynchus lineola,0,0,0,0,0,0,0,0,0,0,0,0,0,0,0,0
1395,Bolborhynchus orbygnesius,0,0,0,0,0,0,0,0,0,0,0,0,0,0,0,0
1396,Bolborhynchus ferrugineifrons,0,0,0,2,0,2,0,0,1,0,2,1,0,0,0,0
1397,Forpus cyanopygius,0,0,0,0,0,0,0,0,2,0,0,0,0,0,0,0
1398,Forpus passerinus,0,0,0,0,0,0,0,0,0,0,0,0,0,0,0,0
1399,Forpus conspicillatus,0,0,0,0,0,0,0,0,0,0,0,0,0,0,0,0
1400,Forpus modestus,0,0,0,0,0,0,0,0,0,0,0,0,0,0,0,0
1401,Forpus coelestis,0,0,0,0,0,0,0,0,0,0,0,0,0,0,0,0
1402,Forpus xanthops,0,0,0,0,0,0,0,0,1,0,0,0,0,0,0,0
1403,Brotogeris tirica,0,0,0,0,0,0,0,0,0,0,0,0,0,0,0,0
1404,Brotogeris versicolurus,0,0,0,0,0,0,0,0,0,0,0,0,0,0,0,0
1405,Brotogeris chiriri,0,0,0,0,0,0,0,0,0,0,0,0,0,0,0,0
1406,Brotogeris pyrrhoptera,0,0,0,2,0,0,0,0,2,0,2,2,0,0,0,0
1407,Brotogeris jugularis,0,0,0,0,0,0,0,0,0,0,0,0,0,0,0,0
1408,Brotogeris cyanoptera,0,0,0,0,0,0,0,0,0,0,0,0,0,0,0,0
1409,Brotogeris chrysoptera,0,0,0,0,0,0,0,0,0,0,0,0,0,0,0,0
1410,Brotogeris sanctithomae,0,0,0,0,0,0,0,0,0,0,0,0,0,0,0,0
1411,Nannopsittaca panychlora,0,0,0,0,0,0,0,0,0,0,0,0,0,0,0,0
1412,Nannopsittaca dachilleae,0,0,0,0,0,0,0,0,0,0,0,1,1,0,0,0
1413,Touit batavicus,0,0,0,0,0,0,0,0,0,0,0,0,0,0,0,0
1414,Touit huetii,0,0,0,1,0,0,0,0,1,0,1,0,0,0,0,0
1415,Touit costaricensis,0,0,0,2,0,2,0,0,0,0,0,2,1,0,0,0
1416,Touit dilectissimus,0,0,0,0,0,0,0,0,0,0,0,0,0,0,0,0
1417,Touit purpuratus,0,0,0,0,0,0,0,0,0,0,0,0,0,0,0,0
1418,Touit melanonotus,0,0,0,1,0,0,0,0,0,0,0,2,1,0,0,0
1419,Touit surdus,0,0,0,2,0,0,0,0,1,0,0,0,2,2,0,0
1420,Touit stictopterus,0,0,0,1,0,0,0,0,0,0,0,0,1,0,0,0
1421,Pionites melanocephalus,0,0,0,0,0,0,0,0,0,0,0,0,0,0,0,0
1422,Pionopsitta pileata,0,0,0,0,0,0,0,0,0,0,0,0,0,0,0,0
1423,Pyrilia haematotis,0,0,0,0,0,0,0,0,0,0,0,1,0,0,0,0
1424,Pyrilia pulchra,0,0,0,0,0,0,0,0,0,0,0,0,0,0,0,0
1425,Pyrilia barrabandi,0,0,0,1,0,0,0,0,1,0,1,0,0,0,0,0
1426,Pyrilia pyrilia,0,0,0,1,0,0,0,0,1,0,1,2,1,0,0,0
1427,Pyrilia caica,0,0,0,1,0,0,0,0,1,0,1,1,1,0,0,0
1428,Pyrilia vulturina,0,0,0,2,0,1,0,0,0,0,2,0,0,0,0,0
1429,Hapalopsittaca melanotis,0,0,0,0,0,0,0,0,0,0,0,0,0,0,0,0
1430,Hapalopsittaca amazonina,0,0,0,1,0,1,0,0,0,0,1,1,1,0,0,0
1431,Hapalopsittaca fuertesi,0,0,0,1,0,0,0,0,0,0,1,1,1,0,0,0
1432,Hapalopsittaca pyrrhops,0,0,0,1,0,1,0,0,0,0,1,1,1,0,0,0
1433,Graydidascalus brachyurus,0,0,0,0,0,0,0,0,0,0,0,0,0,0,0,0
1434,Pionus sordidus,0,0,0,0,0,0,0,0,0,0,0,0,0,0,0,0
1435,Pionus maximiliani,0,0,0,0,0,0,0,0,0,0,0,0,0,0,0,0
1436,Pionus senilis,0,0,0,0,0,0,0,0,0,0,0,0,0,0,0,0
1437,Pionus chalcopterus,0,0,0,0,0,0,0,0,0,0,0,0,0,0,0,0
1438,Pionus fuscus,0,0,0,0,0,0,0,0,0,0,0,0,0,0,0,0
1439,Amazona leucocephala,0,2,0,2,0,0,0,0,2,0,0,0,1,0,0,0
1440,Amazona collaria,0,2,0,2,0,0,0,0,1,1,0,2,1,0,0,0
1441,Amazona ventralis,0,0,0,2,0,0,0,0,2,0,0,2,0,0,0,0
1442,Amazona albifrons,0,0,0,0,0,0,0,0,0,0,0,0,0,0,0,0
1443,Amazona xantholora,0,0,0,0,0,0,0,0,1,0,0,1,0,0,0,0
1444,Amazona agilis,0,2,0,2,0,0,0,0,1,2,0,2,2,0,0,0
1445,Amazona vittata,0,2,0,1,0,0,0,0,1,2,0,0,0,0,0,0
1446,Amazona tucumana,0,0,0,1,0,1,0,0,2,0,0,1,0,0,0,0
1447,Amazona pretrei,0,0,0,0,0,0,0,0,1,1,2,1,0,0,0,0
1448,Amazona viridigenalis,0,0,0,2,0,0,0,0,3,0,2,0,1,0,0,0
1449,Amazona finschi,0,2,0,2,1,0,0,0,2,0,2,0,0,0,0,0
1450,Amazona dufresniana,0,0,0,0,0,0,0,0,1,0,0,2,1,0,0,0
1451,Amazona rhodocorytha,0,0,0,2,0,0,0,0,2,0,1,2,2,0,0,0
1452,Amazona brasiliensis,0,0,0,2,0,0,0,0,2,0,2,2,2,0,0,1
1453,Alipiopsitta xanthops,0,0,0,2,0,0,0,0,1,0,2,0,0,1,0,0
1454,Amazona barbadensis,1,0,0,0,0,0,0,0,2,1,0,1,1,0,0,0
1455,Amazona aestiva,0,1,0,2,0,1,0,0,2,0,1,1,0,1,0,0
1456,Amazona oratrix,0,2,0,2,0,0,0,0,2,0,2,0,1,0,0,0
1457,Amazona auropalliata,1,0,0,2,0,0,0,0,3,1,2,0,0,0,0,0
1458,Amazona ochrocephala,0,0,0,0,0,0,0,0,0,0,0,0,0,0,0,0
1459,Amazona amazonica,0,0,0,0,0,0,0,0,0,0,0,0,0,0,0,0
1460,Amazona mercenarius,0,0,0,0,0,0,0,0,0,0,0,0,0,0,0,0
1461,Amazona kawalli,0,0,0,1,0,0,0,0,1,0,1,0,0,0,0,0
1462,Amazona vinacea,0,0,0,2,0,0,0,0,2,0,0,0,2,0,0,0
1463,Amazona versicolor,0,2,0,0,0,0,0,0,2,0,0,2,0,0,0,0
1464,Amazona arausiaca,0,1,0,1,0,0,0,0,1,0,0,0,0,0,0,0
1465,Amazona guildingii,0,1,0,1,0,0,0,1,1,0,0,1,1,1,0,0
1466,Amazona imperialis,0,2,0,1,0,0,0,0,1,0,0,0,0,0,0,0
1467,Deroptyus accipitrinus,0,0,0,0,0,0,0,0,0,0,0,0,0,0,0,0
1468,Triclaria malachitacea,0,0,0,1,0,0,0,0,1,0,0,2,1,0,0,0
1469,Streptoprocne rutila,0,0,0,0,0,0,0,0,0,0,0,0,0,0,0,0
1470,Streptoprocne phelpsi,0,0,0,0,0,0,0,0,0,0,0,0,0,0,0,0
1471,Cypseloides niger,0,2,0,0,0,0,0,0,0,0,0,0,0,0,2,0
1472,Cypseloides lemosi,0,0,0,0,0,0,0,0,0,0,0,0,0,0,0,0
1473,Cypseloides rothschildi,0,0,0,1,0,0,0,0,0,0,0,1,1,1,0,0
1474,Cypseloides fumigatus,0,0,0,0,0,0,0,0,0,0,0,0,0,0,0,0
1475,Cypseloides cherriei,0,0,0,0,0,0,0,0,0,0,0,1,0,0,0,0
1476,Cypseloides storeri,0,0,0,0,0,0,0,0,0,0,0,0,0,0,0,0
1477,Cypseloides cryptus,0,0,0,0,0,0,0,0,0,0,0,0,0,0,0,0
1478,Cypseloides senex,0,0,0,0,0,0,0,0,0,0,0,0,0,0,0,0
1479,Streptoprocne zonaris,0,0,0,0,0,0,0,0,0,0,0,0,0,0,0,0
1480,Streptoprocne biscutata,0,0,0,0,0,0,0,0,0,0,0,0,0,0,0,0
1481,Streptoprocne semicollaris,0,0,0,0,0,0,0,0,0,0,0,0,0,0,0,0
1482,Hydrochous gigas,0,0,0,1,0,0,0,0,0,0,0,2,1,0,0,0
1483,Collocalia esculenta,0,0,0,0,0,0,0,0,0,0,0,0,0,0,0,0
1484,Collocalia linchi,0,0,0,0,0,0,0,0,0,0,0,0,0,0,0,0
1485,Collocalia troglodytes,0,0,0,0,0,0,0,0,0,0,0,0,0,0,0,0
1486,Aerodramus elaphrus,0,0,0,0,0,0,0,0,2,1,0,0,2,0,0,0
1487,Aerodramus francicus,0,0,0,0,0,0,0,0,1,0,0,0,0,0,0,1
1488,Aerodramus unicolor,0,0,0,0,0,0,0,0,0,0,0,0,0,0,0,0
1489,Aerodramus mearnsi,0,0,0,0,0,0,0,0,0,0,0,0,0,0,0,0
1490,Aerodramus infuscatus,0,0,0,0,0,0,0,0,0,0,0,0,0,0,0,0
1491,Aerodramus hirundinaceus,0,0,0,0,0,0,0,0,0,0,0,0,0,0,0,0
1492,Aerodramus spodiopygius,0,0,0,0,0,0,0,0,0,0,0,0,0,0,0,0
1493,Aerodramus terraereginae,0,0,0,0,0,0,0,0,0,0,0,0,0,0,0,0
1494,Aerodramus vulcanorum,0,0,0,0,0,0,0,2,0,0,0,0,0,0,0,0
1495,Aerodramus whiteheadi,0,0,0,0,0,0,0,0,0,0,0,0,0,0,0,0
1496,Aerodramus papuensis,0,0,0,0,0,0,0,0,0,0,0,0,0,0,0,0
1497,Aerodramus orientalis,0,0,0,0,0,0,0,0,0,0,0,0,0,0,0,0
1498,Aerodramus salangana,0,0,0,0,0,0,0,0,0,0,0,0,0,0,0,0
1499,Aerodramus pelewensis,0,0,0,0,0,0,0,0,0,0,0,0,0,0,0,0
1500,Aerodramus inquietus,0,0,0,0,0,0,0,0,0,0,0,0,0,0,0,0
1501,Aerodramus sawtelli,0,0,0,0,0,0,0,0,0,1,0,0,0,0,0,1
1502,Aerodramus maximus,0,0,0,0,0,0,0,0,0,0,0,0,0,0,0,0
1503,Mearnsia picina,0,0,0,1,0,0,0,0,0,0,0,1,1,1,0,0
1504,Mearnsia novaeguineae,0,0,0,0,0,0,0,0,0,0,0,0,0,0,0,0
1505,Zoonavena grandidieri,0,0,0,0,0,0,0,0,0,0,0,0,0,0,0,0
1506,Zoonavena thomensis,0,0,0,0,0,0,0,0,0,0,0,0,0,0,0,0
1507,Zoonavena sylvatica,0,0,0,0,0,0,0,0,0,0,0,0,0,0,0,0
1508,Telacanthura ussheri,0,0,0,0,0,0,0,0,0,0,0,0,0,0,0,0
1509,Telacanthura melanopygia,0,0,0,0,0,0,0,0,0,0,0,0,0,0,0,0
1510,Rhaphidura leucopygialis,0,0,0,0,0,0,0,0,0,0,0,0,0,0,0,0
1511,Rhaphidura sabini,0,0,0,0,0,0,0,0,0,0,0,0,0,0,0,0
1512,Neafrapus cassini,0,0,0,0,0,0,0,0,0,0,0,0,0,0,0,0
1513,Neafrapus boehmi,0,0,0,0,0,0,0,0,0,0,0,0,0,0,0,0
1514,Hirundapus caudacutus,0,0,0,0,0,0,0,0,0,0,0,0,0,0,0,0
1515,Hirundapus cochinchinensis,0,0,0,0,0,0,0,0,0,0,0,0,0,0,0,0
1516,Hirundapus giganteus,0,0,0,0,0,0,0,0,0,0,0,0,0,0,0,0
1517,Hirundapus celebensis,0,0,0,0,0,0,0,0,0,0,0,0,0,0,0,0
1518,Chaetura spinicaudus,0,0,0,0,0,0,0,0,0,0,0,0,0,0,0,0
1519,Chaetura martinica,0,0,0,0,0,0,0,0,0,0,0,0,0,0,0,0
1520,Chaetura cinereiventris,0,0,0,0,0,0,0,0,0,0,0,0,0,0,0,0
1521,Chaetura egregia,0,0,0,0,0,0,0,0,0,0,0,0,0,0,0,0
1522,Chaetura pelagica,0,1,0,0,0,0,0,0,0,0,0,2,2,0,0,0
1523,Chaetura chapmani,0,0,0,0,0,0,0,0,0,0,0,0,0,0,0,0
1524,Chaetura brachyura,0,0,0,0,0,0,0,0,0,0,0,0,0,0,0,0
1525,Aeronautes saxatalis,0,0,0,0,0,0,0,0,0,0,0,0,2,0,2,1
1526,Aeronautes montivagus,0,0,0,0,0,0,0,0,0,0,0,0,0,0,0,0
1527,Aeronautes andecolus,0,0,0,0,0,0,0,0,0,0,0,0,0,0,0,0
1528,Tachornis phoenicobia,0,0,0,0,0,0,0,0,0,0,0,0,0,0,0,0
1529,Tachornis furcata,0,0,0,0,0,0,0,0,0,0,0,0,0,0,0,0
1530,Tachornis squamata,0,0,0,0,0,0,0,0,0,0,0,0,0,0,0,0
1531,Panyptila sanctihieronymi,0,0,0,0,0,0,0,0,0,0,0,0,0,0,0,0
1532,Panyptila cayennensis,0,0,0,0,0,0,0,0,0,0,0,0,0,0,0,0
1533,Cypsiurus balasiensis,0,0,0,0,0,0,0,0,0,0,0,0,0,0,0,0
1534,Tachymarptis melba,0,0,0,0,0,0,0,0,0,0,0,0,0,0,0,0
1535,Tachymarptis aequatorialis,0,0,0,0,0,0,0,0,0,0,0,0,0,0,0,0
1536,Apus alexandri,0,0,0,0,0,0,0,0,0,0,0,0,0,0,0,0
1537,Apus apus,0,0,0,0,0,0,0,0,0,0,0,0,0,0,0,0
1538,Apus unicolor,0,0,0,0,0,0,0,0,0,0,0,0,0,0,0,0
1539,Apus niansae,0,0,0,0,0,0,0,0,0,0,0,0,0,0,0,0
1540,Apus pallidus,0,0,0,0,0,0,0,0,0,0,0,0,0,0,0,0
1541,Apus barbatus,0,0,0,0,0,0,0,0,0,0,0,0,0,0,0,0
1542,Apus sladeniae,0,0,0,0,0,0,0,0,0,0,0,0,0,0,0,0
1543,Apus berliozi,0,0,0,0,0,0,0,0,0,0,0,0,0,0,0,0
1544,Apus bradfieldi,0,0,0,0,0,0,0,0,0,0,0,0,0,0,0,0
1545,Apus balstoni,0,0,0,0,0,0,0,0,0,0,0,0,0,0,0,0
1546,Apus pacificus,0,0,0,0,0,0,0,0,0,0,0,0,0,0,0,0
1547,Apus acuticauda,0,0,0,0,0,0,0,0,0,0,0,0,0,0,0,0
1548,Apus affinis,0,0,0,0,0,0,0,0,0,0,0,0,0,0,0,0
1549,Apus nipalensis,0,0,0,0,0,0,0,0,0,0,0,0,0,0,0,0
1550,Apus caffer,0,0,0,0,0,0,0,0,0,0,0,0,0,0,0,0
1551,Apus batesi,0,0,0,0,0,0,0,0,0,0,0,0,0,0,0,0
1552,Hemiprocne coronata,0,0,0,0,0,0,0,0,0,0,0,0,0,0,0,0
1553,Hemiprocne longipennis,0,0,0,0,0,0,0,0,1,0,0,2,0,0,0,0
1554,Hemiprocne mystacea,0,0,0,0,0,0,0,0,0,0,0,0,0,0,0,0
1555,Hemiprocne comata,0,0,0,0,0,0,0,0,0,0,0,0,0,0,0,0
1556,Glaucis aeneus,0,0,0,0,0,0,0,0,0,0,0,0,0,0,0,0
1557,Glaucis hirsutus,0,0,0,0,0,0,0,0,0,0,0,0,0,0,0,0
1558,Threnetes ruckeri,0,0,0,0,0,0,0,0,0,0,0,0,0,0,0,0
1559,Phaethornis yaruqui,0,0,0,0,0,0,0,0,0,0,0,0,0,0,0,0
1560,Phaethornis guy,0,0,0,0,0,0,0,0,0,0,0,0,0,0,0,0
1561,Phaethornis syrmatophorus,0,0,0,0,0,0,0,0,0,0,0,0,0,0,0,0
1562,Phaethornis superciliosus,0,0,0,0,0,0,0,0,0,0,0,0,0,0,0,0
1563,Phaethornis malaris,0,0,0,0,0,0,0,0,0,0,0,0,0,0,0,0
1564,Phaethornis eurynome,0,0,0,0,0,0,0,0,0,0,0,0,0,0,0,0
1565,Phaethornis hispidus,0,0,0,0,0,0,0,0,0,0,0,0,0,0,0,0
1566,Phaethornis anthophilus,0,0,0,0,0,0,0,0,0,0,0,0,0,0,0,0
1567,Phaethornis koepckeae,0,0,0,1,0,0,0,0,0,0,1,1,0,1,0,0
1568,Phaethornis philippii,0,0,0,0,0,0,0,0,0,0,0,0,0,0,0,0
1569,Phaethornis augusti,0,0,0,0,0,0,0,0,0,0,0,0,0,0,0,0
1570,Phaethornis pretrei,0,0,0,0,0,0,0,0,0,0,0,0,0,0,0,0
1571,Phaethornis subochraceus,0,0,0,0,0,0,0,0,0,0,0,0,0,0,0,0
1572,Phaethornis nattereri,0,0,0,0,0,0,0,0,0,0,0,0,0,0,0,0
1573,Anopetia gounellei,0,0,0,0,0,0,0,0,0,0,0,0,0,0,0,0
1574,Phaethornis ruber,0,0,0,0,0,0,0,0,0,0,0,0,0,0,0,0
1575,Phaethornis stuarti,0,0,0,0,0,0,0,0,0,0,0,0,0,0,0,0
1576,Phaethornis idaliae,0,0,0,0,0,0,0,0,0,0,0,0,0,0,0,0
1577,Eutoxeres aquila,0,0,0,0,0,0,0,0,0,0,0,0,0,0,0,0
1578,Eutoxeres condamini,0,0,0,0,0,0,0,0,0,0,0,0,0,0,0,0
1579,Androdon aequatorialis,0,0,0,0,0,0,0,0,0,0,0,0,0,0,0,0
1580,Ramphodon naevius,0,0,0,2,0,0,0,0,0,0,0,0,2,1,0,0
1581,Glaucis dohrnii,0,0,0,2,0,1,0,0,0,0,2,2,2,2,0,0
1582,Doryfera johannae,0,0,0,0,0,0,0,0,0,0,0,0,0,0,0,0
1583,Doryfera ludovicae,0,0,0,0,0,0,0,0,0,0,0,0,0,0,0,0
1584,Phaeochroa cuvierii,0,0,0,0,0,0,0,0,0,0,0,0,0,0,0,0
1585,Pampa rufa,0,0,0,0,0,0,0,0,0,0,0,0,0,0,0,0
1586,Campylopterus hyperythrus,0,0,0,0,0,0,0,0,0,0,0,0,0,0,0,0
1587,Campylopterus duidae,0,0,0,0,0,0,0,0,0,0,0,0,0,0,0,0
1588,Campylopterus hemileucurus,0,0,0,0,0,0,0,0,0,0,0,0,0,0,0,0
1589,Campylopterus ensipennis,0,1,0,1,0,0,0,0,0,0,1,0,0,0,0,0
1590,Campylopterus falcatus,0,0,0,0,0,0,0,0,0,0,0,0,0,0,0,0
1591,Campylopterus phainopeplus,0,0,0,1,0,1,0,0,0,0,1,1,0,1,1,0
1592,Campylopterus villaviscensio,0,0,0,1,0,0,0,0,0,0,1,2,1,0,0,0
1593,Eupetomena macroura,0,0,0,0,0,0,0,0,0,0,0,0,0,0,0,0
1594,Florisuga mellivora,0,0,0,0,0,0,0,0,0,0,0,0,0,0,0,0
1595,Florisuga fusca,0,0,0,0,0,0,0,0,0,0,0,0,0,0,0,0
1596,Colibri delphinae,0,0,0,0,0,0,0,0,0,0,0,0,0,0,0,0
1597,Colibri thalassinus,0,0,0,0,0,0,0,0,0,0,0,0,0,0,0,0
1598,Colibri coruscans,0,0,0,0,0,0,0,0,0,0,0,0,0,0,0,0
1599,Colibri serrirostris,0,0,0,0,0,0,0,0,0,0,0,0,0,0,0,0
1600,Anthracothorax viridigula,0,0,0,0,0,0,0,0,0,0,0,0,0,0,0,0
1601,Anthracothorax prevostii,0,0,0,0,0,0,0,0,0,0,0,0,0,0,0,0
1602,Anthracothorax nigricollis,0,0,0,0,0,0,0,0,0,0,0,0,0,0,0,0
1603,Anthracothorax mango,0,0,0,0,0,0,0,0,0,0,0,0,0,0,0,0
1604,Anthracothorax viridis,0,0,0,0,0,0,0,0,0,0,0,0,0,0,0,0
1605,Avocettula recurvirostris,0,0,0,0,0,0,0,0,0,0,0,0,0,0,0,0
1606,Eulampis jugularis,0,2,0,0,0,0,0,0,0,0,0,1,0,0,0,0
1607,Eulampis holosericeus,0,0,0,0,0,0,0,0,0,0,0,0,0,0,0,0
1608,Chrysolampis mosquitus,0,0,0,0,0,0,0,0,0,0,0,0,0,0,0,0
1609,Orthorhyncus cristatus,0,0,0,0,0,0,0,0,0,0,0,0,0,0,0,0
1610,Klais guimeti,0,0,0,0,0,0,0,0,0,0,0,0,0,0,0,0
1611,Abeillia abeillei,0,0,0,0,0,0,0,0,0,0,0,0,0,0,0,0
1612,Lophornis ornatus,0,0,0,0,0,0,0,0,0,0,0,0,0,0,0,0
1613,Lophornis gouldii,0,0,0,2,0,0,0,0,0,0,2,0,2,0,0,0
1614,Lophornis magnificus,0,0,0,0,0,0,0,0,0,0,0,0,0,0,0,0
1615,Lophornis brachylophus,0,0,0,2,0,0,0,0,0,0,0,0,0,0,0,0
1616,Lophornis delattrei,0,0,0,0,0,0,0,0,0,0,0,0,0,0,0,0
1617,Lophornis stictolophus,0,0,0,0,0,0,0,0,0,0,0,0,0,0,0,0
1618,Lophornis pavoninus,0,0,0,0,0,0,0,0,0,0,0,0,0,0,0,0
1619,Lophornis helenae,0,0,0,0,0,0,0,0,0,0,0,0,0,0,0,0
1620,Lophornis adorabilis,0,0,0,0,0,0,0,0,0,0,0,0,0,0,0,0
1621,Discosura popelairii,0,0,0,1,0,0,0,0,0,0,1,0,1,0,0,0
1622,Discosura langsdorffi,0,0,0,0,0,0,0,0,0,0,0,0,0,0,0,0
1623,Discosura letitiae,0,0,0,0,0,0,0,0,0,0,0,0,0,0,0,0
1624,Discosura conversii,0,0,0,0,0,0,0,0,0,0,0,0,0,0,0,0
1625,Discosura longicaudus,0,0,0,0,0,0,0,0,0,0,0,0,0,0,0,0
1626,Chlorestes notata,0,0,0,0,0,0,0,0,0,0,0,0,0,0,0,0
1627,Cynanthus canivetii,0,0,0,0,0,0,0,0,0,0,0,0,0,0,0,0
1628,Chlorostilbon assimilis,0,0,0,0,0,0,0,0,0,0,0,0,0,0,0,0
1629,Chlorostilbon mellisugus,0,0,0,0,0,0,0,0,0,0,0,0,0,0,0,0
1630,Chlorostilbon lucidus,0,0,0,0,0,0,0,0,0,0,0,0,0,0,0,0
1631,Riccordia ricordii,0,0,0,0,0,0,0,0,0,0,0,0,0,0,0,0
1632,Riccordia bracei,0,0,0,0,0,0,0,0,0,0,0,0,0,0,0,0
1633,Riccordia swainsonii,0,0,0,0,0,0,0,0,0,0,0,0,0,0,0,0
1634,Riccordia maugaeus,0,0,0,0,0,0,0,0,0,0,0,0,0,0,0,0
1635,Chlorostilbon gibsoni,0,0,0,0,0,0,0,0,0,0,0,0,0,0,0,0
1636,Chlorostilbon russatus,0,0,0,0,0,0,0,0,0,0,0,0,0,0,0,0
1637,Chlorostilbon stenurus,0,0,0,0,0,0,0,0,0,0,0,0,0,0,0,0
1638,Chlorostilbon alice,0,0,0,0,0,0,0,0,0,0,0,0,0,0,0,0
1639,Chlorostilbon poortmani,0,0,0,0,0,0,0,0,0,0,0,0,0,0,0,0
1640,Phaeoptila sordida,0,0,0,0,0,0,0,0,0,0,0,0,0,0,0,0
1641,Riccordia bicolor,0,0,0,0,0,0,0,0,0,0,0,0,0,0,0,0
1642,Eupherusa ridgwayi,0,0,0,2,0,0,0,0,0,0,0,0,0,0,0,0
1643,Thalurania furcata,0,0,0,0,0,0,0,0,0,0,0,0,0,0,0,0
1644,Thalurania watertonii,0,0,0,2,0,0,0,0,0,0,2,2,1,0,0,0
1645,Thalurania glaucopis,0,0,0,0,0,0,0,0,0,0,0,0,0,0,0,0
1646,Panterpe insignis,0,0,0,0,0,0,0,0,0,0,0,0,0,0,0,0
1647,Chlorestes julie,0,0,0,0,0,0,0,0,0,0,0,0,0,0,0,0
1648,Chrysuronia coeruleogularis,0,0,0,0,0,0,0,0,0,0,0,0,0,0,0,0
1649,Chrysuronia lilliae,0,0,0,0,1,0,0,0,0,0,2,1,1,0,1,0
1650,Chrysuronia goudoti,0,0,0,0,0,0,0,0,0,0,0,0,0,0,0,0
1651,Basilinna xantusii,0,0,0,0,0,0,0,0,0,0,0,0,0,0,0,0
1652,Basilinna leucotis,0,0,0,0,0,0,0,0,0,0,0,0,0,0,0,0
1653,Chlorestes eliciae,0,0,0,0,0,0,0,0,0,0,0,0,0,0,0,0
1654,Hylocharis sapphirina,0,0,0,0,0,0,0,0,0,0,0,0,0,0,0,0
1655,Chlorestes cyanus,0,0,0,0,0,0,0,0,0,0,0,0,0,0,0,0
1656,Hylocharis chrysura,0,0,0,0,0,0,0,0,0,0,0,0,0,0,0,0
1657,Chrysuronia oenone,0,0,0,0,0,0,0,0,0,0,0,0,0,0,0,0
1658,Goldmania violiceps,0,0,0,1,0,0,0,0,0,0,0,0,0,0,0,0
1659,Goldmania bella,0,0,0,0,0,0,0,0,0,0,0,0,1,0,0,0
1660,Trochilus polytmus,0,0,0,0,0,0,0,0,0,0,0,0,0,0,0,0
1661,Trochilus scitulus,0,0,0,0,0,0,0,0,0,0,0,0,0,0,0,0
1662,Leucochloris albicollis,0,0,0,0,0,0,0,0,0,0,0,0,0,0,0,0
1663,Polytmus guainumbi,0,0,0,0,0,0,0,0,0,0,0,0,0,0,0,0
1664,Polytmus milleri,0,0,0,0,0,0,0,0,0,0,0,0,0,0,0,0
1665,Polytmus theresiae,0,0,0,0,0,0,0,0,0,0,0,0,0,0,0,0
1666,Leucippus fallax,0,0,0,0,0,0,0,0,0,0,0,0,0,0,0,0
1667,Thaumasius baeri,0,0,0,0,0,0,0,0,0,0,0,0,0,0,0,0
1668,Thaumasius taczanowskii,0,0,0,0,0,0,0,0,0,0,0,0,0,0,0,0
1669,Talaphorus chlorocercus,0,0,0,0,0,0,0,0,0,0,0,0,0,0,0,0
1670,Taphrospilus hypostictus,0,0,0,0,0,0,0,0,0,0,0,0,0,0,0,0
1671,Elliotomyia viridicauda,0,0,0,0,0,0,0,0,0,0,0,0,0,0,0,0
1672,Elliotomyia chionogaster,0,0,0,0,0,0,0,0,0,0,0,0,0,0,0,0
1673,Chlorestes candida,0,0,0,0,0,0,0,0,0,0,0,0,0,0,0,0
1674,Chrysuronia brevirostris,0,0,0,0,0,0,0,0,0,0,0,0,0,0,0,0
1675,Chrysuronia versicolor,0,0,0,0,0,0,0,0,0,0,0,0,0,0,0,0
1676,Amazilia luciae,0,0,0,2,0,0,0,0,0,0,2,0,1,0,0,0
1677,Chionomesa fimbriata,0,0,0,0,0,0,0,0,0,0,0,0,0,0,0,0
1678,Polyerata amabilis,0,0,0,0,0,0,0,0,0,0,0,0,0,0,0,0
1679,Polyerata decora,0,0,0,0,0,0,0,0,0,0,0,0,0,0,0,0
1680,Polyerata rosenbergi,0,0,0,0,0,0,0,0,0,0,0,1,0,0,0,0
1681,Amazilia boucardi,2,1,0,0,0,0,0,0,0,0,0,2,2,0,1,0
1682,Amazilia franciae,0,0,0,0,0,0,0,0,0,0,0,0,0,0,0,0
1683,Chrysuronia leucogaster,0,0,0,0,0,0,0,0,0,0,0,0,0,0,0,0
1684,Saucerottia cyanocephala,0,0,0,0,0,0,0,0,0,0,0,0,0,0,0,0
1685,Saucerottia beryllina,0,0,0,0,0,0,0,0,0,0,0,0,0,0,0,0
1686,Saucerottia cyanura,0,0,0,0,0,0,0,0,0,0,0,0,0,0,0,0
1687,Saucerottia saucerottei,0,0,0,0,0,0,0,0,0,0,0,0,0,0,0,0
1688,Saucerottia tobaci,0,0,0,0,0,0,0,0,0,0,0,0,0,0,0,0
1689,Saucerottia edward,0,0,0,0,0,0,0,0,0,0,0,0,0,0,0,0
1690,Amazilia rutila,0,0,0,0,0,0,0,0,0,0,0,0,0,0,0,0
1691,Amazilia yucatanensis,0,0,0,0,0,0,0,0,0,0,0,0,0,0,0,0
1692,Saucerottia castaneiventris,0,0,0,1,0,0,0,0,1,0,1,1,1,0,0,0
1693,Amazilis amazilia,0,0,0,0,0,0,0,0,0,0,0,0,0,0,0,0
1694,Leucolia violiceps,0,0,0,0,0,0,0,0,0,0,0,0,0,0,0,0
1695,Eupherusa poliocerca,0,0,0,2,0,0,0,0,0,1,0,2,0,0,0,0
1696,Eupherusa eximia,0,0,0,0,0,0,0,0,0,0,0,0,0,0,0,0
1697,Eupherusa cyanophrys,0,0,0,2,0,0,0,0,0,0,0,0,0,0,0,0
1698,Eupherusa nigriventris,0,0,0,0,0,0,0,0,0,0,0,0,0,0,0,0
1699,Microchera chionura,0,0,0,0,0,0,0,0,0,0,0,0,0,0,0,0
1700,Microchera cupreiceps,0,0,0,0,0,0,0,0,0,0,0,0,0,0,0,0
1701,Microchera albocoronata,0,0,0,0,0,0,0,0,0,0,0,0,0,0,0,0
1702,Eupetomena cirrochloris,0,0,0,0,0,0,0,0,0,0,0,0,0,0,0,0
1703,Lampornis clemenciae,0,0,0,0,0,0,0,0,0,0,0,0,0,0,0,0
1704,Lampornis amethystinus,0,0,0,0,0,0,0,0,0,0,0,0,0,0,0,0
1705,Lampornis viridipallens,0,0,0,0,0,0,0,0,0,0,0,0,0,0,0,0
1706,Lampornis sybillae,0,0,0,0,0,0,0,0,0,0,0,0,0,0,0,0
1707,Lampornis hemileucus,0,0,0,0,0,0,0,0,0,0,0,0,0,0,0,0
1708,Lamprolaima rhami,0,0,0,0,0,0,0,0,0,0,0,0,0,0,0,0
1709,Adelomyia melanogenys,0,0,0,0,0,0,0,0,0,0,0,0,0,0,0,0
1710,Phlogophilus hemileucurus,0,0,0,1,0,0,0,0,0,0,1,1,1,0,0,0
1711,Phlogophilus harterti,0,0,0,1,0,0,0,0,0,0,0,1,1,0,0,0
1712,Clytolaema rubricauda,0,0,0,0,0,0,0,0,0,0,0,0,0,0,0,0
1713,Heliodoxa imperatrix,0,0,0,0,0,0,0,0,0,0,0,0,0,0,0,0
1714,Heliodoxa xanthogonys,0,0,0,0,0,0,0,0,0,0,0,0,0,0,0,0
1715,Heliodoxa gularis,0,0,0,1,0,0,0,0,0,0,1,1,1,0,0,0
1716,Heliodoxa branickii,0,0,0,0,0,0,0,0,0,0,0,0,0,0,0,0
1717,Heliodoxa aurescens,0,0,0,0,0,0,0,0,0,0,0,0,0,0,0,0
1718,Heliodoxa rubinoides,0,0,0,0,0,0,0,0,0,0,0,0,0,0,0,0
1719,Heliodoxa jacula,0,0,0,0,0,0,0,0,0,0,0,0,0,0,0,0
1720,Heliodoxa leadbeateri,0,0,0,0,0,0,0,0,0,0,0,0,0,0,0,0
1721,Hylonympha macrocerca,0,2,0,1,0,1,0,0,0,0,0,1,0,0,0,0
1722,Sternoclyta cyanopectus,0,0,0,0,0,0,0,0,0,0,0,0,0,0,0,0
1723,Topaza pyra,0,0,0,0,0,0,0,0,0,0,0,0,0,0,0,0
1724,Topaza pella,0,0,0,0,0,0,0,0,0,0,0,0,0,0,0,0
1725,Oreotrochilus chimborazo,0,0,0,0,0,0,0,0,0,0,0,0,0,0,0,0
1726,Oreotrochilus leucopleurus,0,0,0,0,0,0,0,0,0,0,0,0,0,0,0,0
1727,Oreotrochilus melanogaster,0,0,0,0,0,0,0,0,0,0,0,0,0,0,0,0
1728,Oreotrochilus adela,0,0,0,1,0,2,0,0,0,0,2,1,0,1,0,0
1729,Patagona gigas,0,0,0,0,0,0,0,0,0,0,0,0,0,0,0,0
1730,Aglaeactis cupripennis,0,0,0,0,0,0,0,0,0,0,0,0,0,0,0,0
1731,Aglaeactis castelnaudii,0,0,0,1,0,0,0,0,0,0,0,1,0,0,0,0
1732,Aglaeactis aliciae,0,0,0,0,0,0,0,0,0,0,0,0,0,0,0,0
1733,Aglaeactis pamela,0,0,0,0,0,0,0,0,0,0,0,0,0,0,0,0
1734,Lafresnaya lafresnayi,0,0,0,0,0,0,0,0,0,0,0,0,0,0,0,0
1735,Pterophanes cyanopterus,0,0,0,0,0,0,0,0,0,0,0,0,0,0,0,0
1736,Coeligena coeligena,0,0,0,0,0,0,0,0,0,0,0,0,0,0,0,0
1737,Coeligena wilsoni,0,0,0,0,0,0,0,0,0,0,0,0,0,0,0,0
1738,Coeligena prunellei,0,0,0,1,0,0,0,0,0,0,0,1,1,1,0,0
1739,Coeligena phalerata,0,2,0,0,0,2,0,0,0,0,2,2,0,0,0,0
1740,Coeligena orina,0,2,0,0,0,2,0,0,0,0,2,2,1,0,0,0
1741,Coeligena helianthea,0,0,0,0,0,0,0,0,0,0,0,0,0,0,0,0
1742,Coeligena lutetiae,0,0,0,0,0,0,0,0,0,0,0,0,0,0,0,0
1743,Coeligena iris,0,0,0,0,0,0,0,0,0,0,0,0,0,0,0,0
1744,Ensifera ensifera,0,0,0,0,0,0,0,0,0,0,0,0,0,0,0,0
1745,Sephanoides sephaniodes,0,0,0,0,0,0,0,0,0,0,0,0,0,0,0,0
1746,Sephanoides fernandensis,0,1,0,0,0,0,0,0,0,2,1,2,0,0,0,0
1747,Boissonneaua flavescens,0,0,0,0,0,0,0,0,0,0,0,0,0,0,0,0
1748,Boissonneaua matthewsii,0,0,0,0,0,0,0,0,0,0,0,0,0,0,0,0
1749,Boissonneaua jardini,0,0,0,0,0,0,0,0,0,0,0,0,0,0,0,0
1750,Heliangelus mavors,0,0,0,0,0,0,0,0,0,0,0,0,0,0,0,0
1751,Heliangelus strophianus,0,0,0,0,0,0,0,0,0,0,0,0,0,0,0,0
1752,Heliangelus exortis,0,0,0,0,0,0,0,0,0,0,0,0,0,0,0,0
1753,Heliangelus viola,0,0,0,0,0,0,0,0,0,0,0,0,0,0,0,0
1754,Heliangelus regalis,0,0,0,1,0,0,0,0,0,0,0,0,1,0,0,0
1755,Eriocnemis nigrivestis,0,2,0,1,0,0,0,0,0,0,0,2,1,0,0,0
1756,Eriocnemis vestita,0,0,0,0,0,0,0,0,0,0,0,0,0,0,0,0
1757,Eriocnemis godini,0,0,0,0,0,0,0,0,0,0,0,0,0,0,0,0
1758,Eriocnemis cupreoventris,0,0,0,1,0,0,0,0,0,0,1,0,0,0,0,0
1759,Eriocnemis mosquera,0,0,0,0,0,0,0,0,0,0,0,0,0,0,0,0
1760,Eriocnemis glaucopoides,0,0,0,0,0,0,0,0,0,0,0,0,0,0,0,0
1761,Eriocnemis mirabilis,0,0,0,1,0,1,0,0,0,0,0,2,0,0,0,0
1762,Eriocnemis aline,0,0,0,0,0,0,0,0,0,0,0,0,0,0,0,0
1763,Eriocnemis derbyi,0,0,0,0,0,0,0,0,0,0,0,0,0,0,0,0
1764,Haplophaedia lugens,0,0,0,0,0,0,0,0,0,0,1,0,1,1,0,0
1765,Urosticte benjamini,0,0,0,0,0,0,0,0,0,0,0,0,0,0,0,0
1766,Urosticte ruficrissa,0,0,0,0,0,0,0,0,0,0,0,0,0,0,0,0
1767,Ocreatus underwoodii,0,0,0,0,0,0,0,0,0,0,0,0,0,0,0,0
1768,Lesbia victoriae,0,0,0,0,0,0,0,0,0,0,0,0,0,0,0,0
1769,Lesbia nuna,0,0,0,0,0,0,0,0,0,0,0,0,0,0,0,0
1770,Sappho sparganurus,0,0,0,0,0,0,0,0,0,0,0,0,0,0,0,0
1771,Polyonymus caroli,0,0,0,0,0,0,0,0,0,0,0,0,0,0,0,0
1772,Ramphomicron microrhynchum,0,0,0,0,0,0,0,0,0,0,0,0,0,0,0,0
1773,Ramphomicron dorsale,0,1,0,1,0,1,0,0,0,0,1,1,0,0,0,0
1774,Metallura williami,0,0,0,0,0,0,0,0,0,0,0,0,0,0,0,0
1775,Metallura baroni,0,0,0,0,0,2,0,0,0,0,2,0,1,0,0,0
1776,Metallura odomae,0,0,0,0,0,0,0,0,0,0,0,0,0,0,0,0
1777,Metallura theresiae,0,0,0,0,0,0,0,0,0,0,0,0,0,0,0,0
1778,Metallura eupogon,0,0,0,0,0,0,0,0,0,0,0,0,0,0,0,0
1779,Metallura aeneocauda,0,0,0,0,0,0,0,0,0,0,0,0,0,0,0,0
1780,Metallura phoebe,0,0,0,0,0,0,0,0,0,0,0,0,0,0,0,0
1781,Metallura tyrianthina,0,0,0,0,0,0,0,0,0,0,0,0,0,0,0,0
1782,Metallura iracunda,0,0,0,1,0,1,0,0,0,0,1,0,1,0,0,0
1783,Chalcostigma ruficeps,0,0,0,0,0,0,0,0,0,0,0,0,0,0,0,0
1784,Chalcostigma olivaceum,0,0,0,0,0,0,0,0,0,0,0,0,0,0,0,0
1785,Chalcostigma stanleyi,0,0,0,0,0,0,0,0,0,0,0,0,0,0,0,0
1786,Chalcostigma heteropogon,0,0,0,0,0,0,0,0,0,0,0,0,0,0,0,0
1787,Chalcostigma herrani,0,0,0,0,0,0,0,0,0,0,0,0,0,0,0,0
1788,Opisthoprora euryptera,0,0,0,0,0,0,0,0,0,0,0,0,0,0,0,0
1789,Taphrolesbia griseiventris,0,0,0,0,1,2,0,0,0,0,1,0,0,0,0,0
1790,Aglaiocercus coelestis,0,0,0,0,0,0,0,0,0,0,0,0,0,0,0,0
1791,Augastes lumachella,0,2,0,0,0,2,0,0,0,0,1,0,1,0,0,1
1792,Augastes scutatus,0,0,0,0,0,0,0,0,0,0,1,0,1,0,0,0
1793,Heliothryx barroti,0,0,0,0,0,0,0,0,0,0,0,0,0,0,0,0
1794,Heliothryx auritus,0,0,0,0,0,0,0,0,0,0,0,0,0,0,0,0
1795,Heliactin bilophus,0,0,0,0,0,0,0,0,0,0,0,0,0,0,0,0
1796,Loddigesia mirabilis,0,0,0,1,0,0,0,0,1,0,1,1,1,0,0,1
1797,Heliomaster constantii,0,0,0,0,0,0,0,0,0,0,0,0,0,0,0,0
1798,Heliomaster longirostris,0,0,0,0,0,0,0,0,0,0,0,0,0,0,0,0
1799,Heliomaster squamosus,0,0,0,0,0,0,0,0,0,0,0,0,0,0,0,0
1800,Heliomaster furcifer,0,0,0,0,0,0,0,0,0,0,0,0,0,0,0,0
1801,Rhodopis vesper,0,0,0,0,0,0,0,0,0,0,0,0,0,0,0,0
1802,Thaumastura cora,0,0,0,0,0,0,0,0,0,0,0,0,0,0,0,0
1803,Philodice bryantae,0,0,0,0,0,0,0,0,0,0,0,0,0,0,0,0
1804,Philodice mitchellii,0,0,0,0,0,0,0,0,0,0,0,0,0,0,0,0
1805,Doricha enicura,0,0,0,0,0,0,0,0,0,0,0,0,0,0,0,0
1806,Doricha eliza,0,0,0,1,0,0,0,0,0,0,1,0,1,0,0,0
1807,Tilmatura dupontii,0,0,0,0,0,0,0,0,0,0,0,0,0,0,0,0
1808,Microstilbon burmeisteri,0,0,0,0,0,0,0,0,0,0,0,0,0,0,0,0
1809,Calothorax lucifer,0,0,0,0,0,0,0,0,0,0,0,0,0,0,0,0
1810,Calothorax pulcher,0,0,0,0,0,0,0,0,0,0,0,0,0,0,0,0
1811,Archilochus colubris,0,0,0,0,0,0,0,0,0,0,0,0,0,0,0,0
1812,Archilochus alexandri,0,0,0,0,0,0,0,0,0,0,0,0,0,0,0,0
1813,Calypte anna,0,0,0,0,0,0,0,0,0,0,0,0,0,0,0,0
1814,Calypte costae,0,0,0,0,0,0,0,0,0,0,0,0,0,0,0,0
1815,Calliphlox amethystina,0,0,0,0,0,0,0,0,0,0,0,0,0,0,0,0
1816,Mellisuga helenae,0,0,0,2,0,0,0,0,0,0,2,2,0,0,0,0
1817,Mellisuga minima,0,0,0,0,0,0,0,0,0,0,0,0,0,0,0,0
1818,Selasphorus calliope,0,0,0,0,0,0,0,0,0,0,0,0,0,0,0,0
1819,Selasphorus heloisa,0,0,0,0,0,0,0,0,0,0,0,0,0,0,0,0
1820,Selasphorus ellioti,0,0,0,2,0,0,0,0,0,0,2,2,0,0,0,0
1821,Myrtis fanny,0,0,0,0,0,0,0,0,0,0,0,0,0,0,0,0
1822,Eulidia yarrellii,0,0,0,2,0,0,0,0,0,0,0,0,0,0,2,0
1823,Myrmia micrura,0,0,0,0,0,0,0,0,0,0,0,0,0,0,0,0
1824,Chaetocercus mulsant,0,0,0,0,0,0,0,0,0,0,0,0,0,0,0,0
1825,Chaetocercus bombus,0,0,0,1,0,0,0,0,0,0,1,1,1,0,0,0
1826,Chaetocercus heliodor,0,0,0,0,0,0,0,0,0,0,0,0,0,0,0,0
1827,Chaetocercus astreans,0,0,0,0,0,0,0,0,0,0,0,0,0,0,0,0
1828,Chaetocercus berlepschi,0,2,0,2,0,1,0,0,0,1,2,2,1,0,0,0
1829,Chaetocercus jourdanii,0,0,0,0,0,0,0,0,0,0,0,0,0,0,0,0
1830,Selasphorus platycercus,0,0,0,0,0,0,0,0,0,0,0,0,0,0,0,0
1831,Selasphorus rufus,0,0,0,0,0,0,0,0,0,0,0,1,0,0,0,0
1832,Selasphorus sasin,0,0,0,0,0,0,0,0,0,0,0,0,0,0,0,0
1833,Selasphorus flammula,0,0,0,0,0,0,0,0,0,0,0,0,0,0,0,0
1834,Selasphorus scintilla,0,0,0,0,0,0,0,0,0,0,0,0,0,0,0,0
1835,Selasphorus ardens,0,2,0,2,0,2,0,0,0,0,2,0,0,0,2,0
1836,Tauraco persa,0,0,0,0,0,0,0,0,0,0,0,0,0,0,0,0
1837,Tauraco schuettii,0,0,0,0,0,0,0,0,0,0,0,0,0,0,0,0
1838,Tauraco schalowi,0,0,0,0,0,0,0,0,0,0,0,0,0,0,0,0
1839,Tauraco fischeri,0,0,0,2,0,0,0,0,2,0,0,1,1,0,0,0
1840,Tauraco livingstonii,0,0,0,0,0,0,0,0,0,0,0,0,0,0,0,0
1841,Tauraco corythaix,0,2,0,0,0,0,0,0,0,0,0,0,0,0,0,0
1842,Tauraco bannermani,0,0,0,3,0,3,0,0,0,0,2,2,0,0,0,0
1843,Tauraco erythrolophus,0,0,0,0,0,0,0,0,0,0,0,0,0,0,0,0
1844,Tauraco macrorhynchus,0,0,0,0,0,0,0,0,0,0,0,0,0,0,0,0
1845,Tauraco leucotis,0,0,0,0,0,0,0,0,0,0,0,0,0,0,0,0
1846,Tauraco ruspolii,0,0,0,0,0,2,0,0,1,0,0,2,2,0,0,0
1847,Tauraco hartlaubi,0,0,0,0,0,0,0,0,0,0,0,0,0,0,0,0
1848,Tauraco leucolophus,0,0,0,0,0,0,0,0,0,0,0,0,0,0,0,0
1849,Gallirex johnstoni,0,0,0,0,0,0,0,0,0,0,0,0,0,0,0,0
1850,Gallirex porphyreolophus,0,0,0,0,0,0,0,0,0,0,0,0,0,0,0,0
1851,Musophaga violacea,0,0,0,0,0,0,0,0,0,0,0,0,0,0,0,0
1852,Musophaga rossae,0,0,0,0,0,0,0,0,0,0,0,0,0,0,0,0
1853,Corythaixoides concolor,0,0,0,0,0,0,0,0,0,0,0,0,0,0,0,0
1854,Criniferoides leucogaster,0,0,0,0,0,0,0,0,0,0,0,0,0,0,0,0
1855,Crinifer piscator,0,0,0,0,0,0,0,0,0,0,0,0,0,0,0,0
1856,Crinifer zonurus,0,0,0,0,0,0,0,0,0,0,0,0,0,0,0,0
1857,Corythaeola cristata,0,0,0,0,0,0,0,0,0,0,0,0,0,0,0,0
1858,Tyto tenebricosa,0,0,0,0,0,0,0,0,0,0,0,0,0,0,0,0
1859,Tyto multipunctata,0,0,0,0,0,0,0,0,0,0,0,0,0,0,0,0
1860,Tyto inexspectata,0,0,0,1,0,0,0,0,0,0,0,2,1,1,0,0
1861,Tyto nigrobrunnea,0,0,0,0,0,0,0,0,0,0,0,2,0,0,0,0
1862,Tyto aurantia,0,0,0,0,0,0,0,0,0,0,0,0,0,0,0,0
1863,Tyto rosenbergii,0,0,0,0,0,0,0,0,0,0,0,0,0,0,0,0
1864,Tyto soumagnei,0,1,0,2,0,2,0,0,1,0,0,2,1,0,0,0
1865,Tyto alba,0,0,0,0,0,0,0,0,0,0,0,0,0,0,0,0
1866,Tyto glaucops,0,0,0,0,0,0,0,0,0,0,0,0,0,0,0,0
1867,Tyto capensis,0,0,0,0,0,0,0,0,0,0,0,0,0,0,0,0
1868,Tyto longimembris,0,0,0,0,0,0,0,0,0,0,0,0,0,0,0,0
1869,Phodilus prigoginei,0,0,0,2,0,0,0,0,0,0,2,0,0,0,0,0
1870,Otus sagittatus,0,0,0,2,0,0,0,0,0,0,0,2,0,0,0,0
1871,Otus rufescens,0,0,0,2,0,1,0,0,0,0,0,2,0,0,0,0
1872,Otus icterorhynchus,0,0,0,0,0,0,0,0,0,0,0,0,0,0,0,0
1873,Otus ireneae,0,2,0,1,0,0,0,0,0,0,0,2,2,0,0,0
1874,Otus balli,0,0,0,1,0,0,0,0,0,0,0,1,1,0,0,0
1875,Otus spilocephalus,0,0,0,0,0,0,0,0,0,0,0,0,0,0,0,0
1876,Otus umbra,0,0,0,1,0,0,0,0,0,0,0,1,0,0,0,0
1877,Otus angelinae,0,0,0,2,0,0,0,0,0,0,0,0,1,0,0,0
1878,Otus longicornis,0,0,0,1,0,0,0,0,0,0,0,0,0,0,0,0
1879,Otus mindorensis,0,0,0,1,0,0,0,0,0,0,0,1,0,0,0,0
1880,Otus mirus,0,0,0,1,0,0,0,0,0,0,0,0,0,0,0,0
1881,Otus hartlaubi,0,0,0,1,0,0,0,0,0,0,0,1,1,0,0,0
1882,Otus brucei,0,0,0,0,0,0,0,0,0,0,0,0,0,0,0,0
1883,Psiloscops flammeolus,0,0,0,0,0,0,0,0,0,0,0,0,0,0,0,0
1884,Otus elegans,0,0,0,0,0,0,0,0,0,0,0,1,1,0,0,0
1885,Otus mantananensis,0,0,0,0,0,0,0,0,0,0,0,0,0,0,0,0
1886,Otus insularis,0,1,0,1,0,0,0,0,0,1,0,1,1,0,0,0
1887,Otus pembaensis,0,0,0,1,0,0,0,0,0,0,0,1,1,1,0,0
1888,Otus capnodes,0,1,0,2,0,0,0,0,1,1,0,1,0,0,0,0
1889,Otus pauliani,0,0,0,2,0,0,0,0,0,1,1,1,1,0,0,0
1890,Otus brookii,0,0,0,0,0,0,0,0,0,0,0,0,0,0,0,0
1891,Otus mentawi,0,0,0,0,0,0,0,0,0,0,0,0,0,0,0,0
1892,Otus fuliginosus,0,0,0,1,0,0,0,0,0,0,0,1,0,0,0,0
1893,Otus silvicola,0,0,0,0,0,0,0,0,0,0,0,0,0,0,0,0
1894,Megascops kennicottii,0,0,0,0,0,0,0,0,0,0,0,0,0,0,0,0
1895,Megascops trichopsis,0,0,0,0,0,0,0,0,0,0,0,0,0,0,0,0
1896,Megascops choliba,0,0,0,0,0,0,0,0,0,0,0,0,0,0,0,0
1897,Megascops koepckeae,0,0,0,0,0,0,0,0,0,0,0,0,0,0,0,0
1898,Megascops roboratus,0,0,0,0,0,0,0,0,0,0,0,0,0,0,0,0
1899,Megascops clarkii,0,0,0,0,0,0,0,0,0,0,0,0,0,0,0,0
1900,Megascops barbarus,0,0,0,2,0,0,0,0,1,1,0,2,1,0,0,0
1901,Megascops colombianus,0,0,0,2,0,0,0,0,0,0,2,2,1,0,0,0
1902,Megascops petersoni,0,0,0,0,0,0,0,0,0,0,0,0,0,0,0,0
1903,Megascops marshalli,0,0,0,1,0,0,0,0,0,0,0,1,0,0,0,0
1904,Megascops watsonii,0,0,0,0,0,0,0,0,0,0,0,0,0,0,0,0
1905,Megascops sanctaecatarinae,0,0,0,0,0,0,0,0,0,0,0,0,0,0,0,0
1906,Margarobyas lawrencii,0,0,0,0,0,0,0,0,0,0,0,0,0,0,0,0
1907,Megascops nudipes,0,0,0,0,0,0,0,0,0,0,0,0,0,0,0,0
1908,Pyrroglaux podargina,0,0,0,0,0,0,0,0,0,0,0,0,1,0,0,0
1909,Megascops albogularis,0,0,0,0,0,0,0,0,0,0,0,0,0,0,0,0
1910,Otus gurneyi,0,1,0,0,0,2,0,0,0,0,0,2,2,2,0,0
1911,Bubo bubo,0,0,0,0,0,0,0,0,0,0,0,0,0,0,0,0
1912,Bubo bengalensis,0,0,0,0,0,0,0,0,0,0,0,0,0,0,0,0
1913,Bubo ascalaphus,0,0,0,0,0,0,0,0,0,0,0,0,0,0,0,0
1914,Bubo capensis,0,0,0,0,0,0,0,0,0,0,0,0,0,0,0,0
1915,Bubo nipalensis,0,0,0,0,0,0,0,0,0,0,0,0,0,0,0,0
1916,Bubo sumatranus,0,0,0,2,0,0,0,0,2,0,0,0,0,2,0,0
1917,Bubo shelleyi,0,0,0,2,0,0,0,0,1,0,0,2,0,0,0,0
1918,Bubo lacteus,0,0,0,0,0,0,0,0,0,0,0,0,0,0,0,0
1919,Bubo coromandus,0,0,0,0,0,0,0,0,0,0,0,0,0,0,0,0
1920,Bubo leucostictus,0,0,0,0,0,0,0,0,0,0,0,0,0,0,0,0
1921,Bubo philippensis,0,1,0,0,0,0,0,1,0,0,3,3,1,0,0,0
1922,Bubo blakistoni,1,0,0,2,1,0,1,0,1,0,0,2,1,0,1,1
1923,Ketupa zeylonensis,0,0,0,0,0,0,0,0,0,0,0,0,0,0,0,0
1924,Ketupa flavipes,0,0,0,0,0,0,0,0,0,0,0,0,0,0,0,0
1925,Ketupa ketupu,0,0,0,0,0,0,0,0,0,0,0,0,0,0,0,0
1926,Scotopelia peli,0,0,0,0,0,0,0,0,0,0,0,0,0,0,0,0
1927,Scotopelia ussheri,0,1,0,2,0,0,0,0,1,0,0,2,0,0,0,0
1928,Scotopelia bouvieri,0,0,0,0,0,0,0,0,0,0,0,0,0,0,0,0
1929,Bubo scandiacus,0,2,0,0,0,0,0,0,1,0,0,0,1,0,1,0
1930,Strix seloputo,0,0,0,0,0,0,0,0,0,0,0,0,0,0,0,0
1931,Strix ocellata,0,0,0,0,0,0,0,0,0,0,0,0,0,0,0,0
1932,Strix leptogrammica,0,0,0,0,0,0,0,0,0,0,0,0,0,0,0,0
1933,Strix hadorami,0,0,0,0,0,0,0,0,0,0,0,0,0,0,0,0
1934,Strix occidentalis,0,1,0,0,0,1,0,0,0,2,0,2,0,0,0,0
1935,Strix varia,0,0,0,0,0,0,0,0,0,0,0,0,0,0,0,0
1936,Strix fulvescens,0,0,0,0,0,0,0,0,0,0,0,0,0,0,0,0
1937,Strix hylophila,0,0,0,2,0,0,0,0,1,0,0,2,0,0,0,0
1938,Strix uralensis,0,0,0,0,0,0,0,0,0,1,0,0,0,1,0,0
1939,Strix nebulosa,0,0,0,0,0,0,0,0,1,1,1,0,1,1,1,0
1940,Ciccaba virgata,0,0,0,0,0,0,0,0,0,0,0,0,0,0,0,0
1941,Ciccaba nigrolineata,0,0,0,0,0,0,0,0,0,0,0,0,0,0,0,0
1942,Ciccaba huhula,0,0,0,0,0,0,0,0,0,0,0,0,0,0,0,0
1943,Ciccaba albitarsis,0,0,0,0,0,0,0,0,0,0,0,0,0,0,0,0
1944,Strix woodfordii,0,0,0,0,0,0,0,0,0,0,0,0,0,0,0,0
1945,Jubula lettii,0,0,0,0,0,0,0,0,0,0,0,0,0,0,0,0
1946,Lophostrix cristata,0,0,0,0,0,0,0,0,0,0,0,0,0,0,0,0
1947,Pulsatrix perspicillata,0,0,0,0,0,0,0,0,0,0,0,0,0,0,0,0
1948,Pulsatrix melanota,0,0,0,0,0,0,0,0,0,0,0,0,0,0,0,0
1949,Pulsatrix koeniswaldiana,0,0,0,0,0,0,0,0,0,0,0,0,0,0,0,0
1950,Surnia ulula,0,0,0,0,0,1,0,0,1,1,0,0,1,1,0,0
1951,Glaucidium passerinum,0,0,0,0,0,0,0,0,0,0,0,0,0,0,0,0
1952,Glaucidium perlatum,0,0,0,0,0,0,0,0,0,0,0,0,0,0,0,0
1953,Glaucidium jardinii,0,0,0,0,0,0,0,0,0,0,0,0,0,0,0,0
1954,Glaucidium bolivianum,0,0,0,0,0,0,0,0,0,0,0,0,0,0,0,0
1955,Glaucidium hardyi,0,0,0,0,0,0,0,0,0,0,0,0,0,0,0,0
1956,Glaucidium minutissimum,0,0,0,0,0,0,0,0,0,0,0,0,0,0,0,0
1957,Glaucidium brasilianum,0,0,0,0,0,0,0,0,1,0,0,1,0,0,0,0
1958,Glaucidium peruanum,0,0,0,0,0,0,0,0,0,0,0,0,0,0,0,0
1959,Glaucidium nana,0,0,0,0,0,0,0,0,0,0,0,0,0,0,0,0
1960,Glaucidium siju,0,0,0,0,0,0,0,0,0,0,0,0,0,0,0,0
1961,Glaucidium tephronotum,0,0,0,0,0,0,0,0,0,0,0,0,0,0,0,0
1962,Glaucidium sjostedti,0,0,0,0,0,0,0,0,0,0,0,0,0,0,0,0
1963,Glaucidium cuculoides,0,0,0,0,0,0,0,0,0,0,0,0,0,0,0,0
1964,Glaucidium castanopterum,0,0,0,0,0,0,0,0,0,0,0,0,0,0,0,0
1965,Glaucidium radiatum,0,0,0,0,0,0,0,0,0,0,0,0,0,0,0,0
1966,Glaucidium castanotum,0,0,0,2,0,2,0,0,0,0,0,1,1,0,0,0
1967,Glaucidium capense,0,0,0,0,0,0,0,0,0,0,0,0,0,0,0,0
1968,Glaucidium castaneum,0,0,0,0,0,0,0,0,0,0,0,0,0,0,0,0
1969,Glaucidium albertinum,0,0,0,1,0,0,0,0,1,0,1,1,1,0,0,0
1970,Xenoglaux loweryi,0,0,0,0,0,0,0,0,0,0,0,1,1,0,0,1
1971,Micrathene whitneyi,0,0,0,0,0,0,0,0,0,0,0,0,0,0,0,0
1972,Athene noctua,0,0,0,0,0,0,0,0,0,0,0,0,0,0,0,0
1973,Athene brama,0,0,0,0,0,0,0,0,0,0,0,0,0,0,0,0
1974,Athene blewitti,0,0,0,1,1,1,0,0,1,2,1,1,1,0,0,0
1975,Athene cunicularia,0,0,0,0,0,0,0,0,0,0,0,0,0,0,0,0
1976,Aegolius funereus,0,0,0,0,0,0,0,0,0,1,0,1,0,0,0,0
1977,Aegolius acadicus,0,0,0,0,0,0,0,0,0,0,0,0,0,0,0,0
1978,Aegolius ridgwayi,0,0,0,0,0,0,0,0,0,0,0,0,0,0,0,0
1979,Aegolius harrisii,0,0,0,0,0,0,0,0,0,0,0,0,0,0,0,0
1980,Ninox rufa,0,0,0,0,0,0,0,0,0,0,0,0,0,0,0,0
1981,Ninox strenua,0,0,0,0,0,0,0,0,0,0,0,0,0,0,0,0
1982,Ninox connivens,0,0,0,0,0,0,0,0,0,0,0,0,0,0,0,0
1983,Ninox rudolfi,0,0,0,2,0,0,0,0,0,0,0,1,0,0,0,0
1984,Ninox affinis,0,0,0,1,0,0,0,0,0,0,0,1,0,0,0,0
1985,Athene superciliaris,0,0,0,0,0,0,0,0,0,0,0,0,0,0,0,0
1986,Ninox ochracea,0,0,0,2,0,1,0,0,0,0,0,2,0,0,0,0
1987,Ninox natalis,0,0,0,0,0,0,0,0,0,2,0,0,1,0,0,0
1988,Ninox theomacha,0,0,0,0,0,0,0,0,0,0,0,0,0,0,0,0
1989,Ninox meeki,0,0,0,0,0,0,0,0,0,0,0,0,0,0,0,0
1990,Ninox punctulata,0,0,0,0,0,0,0,0,0,0,0,0,0,0,0,0
1991,Ninox variegata,0,0,0,0,0,0,0,0,0,0,0,0,0,0,0,0
1992,Ninox odiosa,0,0,0,1,0,0,0,0,0,0,0,2,0,0,0,0
1993,Uroglaux dimorpha,0,0,0,0,0,0,0,0,0,0,0,0,0,0,0,0
1994,Ninox albifacies,0,0,0,0,0,0,0,0,0,0,0,0,0,0,0,0
1995,Pseudoscops grammicus,0,0,0,0,0,0,0,0,0,0,0,0,0,0,0,0
1996,Asio stygius,0,0,0,0,0,0,0,0,0,0,0,0,0,0,0,0
1997,Asio otus,0,0,0,2,0,0,0,0,1,1,0,0,1,0,1,0
1998,Asio abyssinicus,0,0,0,0,0,0,0,0,0,0,0,0,0,0,0,0
1999,Asio madagascariensis,0,0,0,0,0,0,0,0,0,0,0,0,0,0,0,0
2000,Asio clamator,0,0,0,0,0,0,0,0,0,0,0,0,0,0,0,0
2001,Asio flammeus,0,0,0,2,2,0,0,0,0,1,2,0,2,0,1,0
2002,Asio capensis,0,1,0,0,0,1,0,0,0,1,1,0,1,0,1,0
2003,Nesasio solomonensis,0,0,0,1,0,0,0,0,0,0,0,1,0,0,0,0
2004,Aegotheles crinifrons,0,0,0,0,0,0,0,0,0,0,0,0,0,0,0,0
2005,Aegotheles insignis,0,0,0,0,0,0,0,0,0,0,0,0,0,0,0,0
2006,Aegotheles cristatus,0,0,0,0,0,0,0,0,0,0,0,0,0,0,0,0
2007,Aegotheles savesi,0,0,0,0,0,0,0,0,0,0,0,0,0,0,0,0
2008,Aegotheles wallacii,0,0,0,0,0,0,0,0,0,0,0,0,0,0,0,0
2009,Aegotheles archboldi,0,0,0,0,0,0,0,0,0,0,0,0,0,0,0,0
2010,Aegotheles albertisi,0,0,0,0,0,0,0,0,0,0,0,0,0,0,0,0
2011,Podargus strigoides,0,0,0,0,0,0,0,0,0,0,0,0,0,0,0,0
2012,Podargus papuensis,0,0,0,0,0,0,0,0,0,0,0,0,0,0,0,0
2013,Batrachostomus auritus,0,0,0,2,0,1,0,0,0,0,0,2,0,0,0,0
2014,Batrachostomus harterti,0,0,0,1,0,0,0,0,0,0,0,1,0,0,0,0
2015,Batrachostomus septimus,0,0,0,0,0,0,0,0,0,0,0,0,0,0,0,0
2016,Batrachostomus stellatus,0,0,0,1,0,1,0,0,0,0,0,1,0,0,0,0
2017,Batrachostomus moniliger,0,0,0,0,0,0,0,0,0,0,0,0,0,0,0,0
2018,Batrachostomus hodgsoni,0,0,0,0,0,0,0,0,0,0,0,0,0,0,0,0
2019,Batrachostomus poliolophus,0,0,0,1,0,0,0,0,0,0,0,1,0,0,0,0
2020,Batrachostomus mixtus,0,0,0,1,0,0,0,0,0,0,0,2,0,1,0,0
2021,Batrachostomus cornutus,0,0,0,0,0,0,0,0,0,0,0,0,0,0,0,0
2022,Steatornis caripensis,0,0,0,0,0,0,0,0,0,0,0,0,0,0,0,0
2023,Nyctibius grandis,0,0,0,0,0,0,0,0,0,0,0,0,0,0,0,0
2024,Nyctibius aethereus,0,0,0,0,0,0,0,0,0,0,0,0,0,0,0,0
2025,Nyctibius jamaicensis,0,0,0,0,0,0,0,0,0,0,0,0,0,0,0,0
2026,Nyctibius griseus,0,0,0,0,0,0,0,0,0,0,0,0,0,0,0,0
2027,Nyctibius maculosus,0,0,0,0,0,0,0,0,0,0,0,0,0,0,0,0
2028,Nyctibius leucopterus,0,0,0,0,0,0,0,0,0,0,0,0,0,0,0,0
2029,Eurostopodus argus,0,0,0,0,0,0,0,0,0,0,0,0,0,0,0,0
2030,Eurostopodus diabolicus,0,0,0,1,0,0,0,0,0,0,0,0,0,0,0,0
2031,Eurostopodus papuensis,0,0,0,0,0,0,0,0,0,0,0,0,0,0,0,0
2032,Eurostopodus archboldi,0,0,0,0,0,0,0,0,0,0,0,0,0,0,0,0
2033,Lyncornis temminckii,0,0,0,0,0,0,0,0,0,0,0,0,0,0,0,0
2034,Lyncornis macrotis,0,0,0,0,0,0,0,0,0,0,0,0,0,0,0,0
2035,Lurocalis semitorquatus,0,0,0,0,0,0,0,0,0,0,0,0,0,0,0,0
2036,Lurocalis rufiventris,0,0,0,0,0,0,0,0,0,0,0,0,0,0,0,0
2037,Chordeiles pusillus,0,0,0,0,0,0,0,0,0,0,0,0,0,0,0,0
2038,Nyctiprogne vielliardi,0,0,0,1,0,0,0,0,0,0,2,1,0,0,0,0
2039,Chordeiles acutipennis,0,0,0,0,0,0,0,0,0,0,0,0,0,0,0,0
2040,Chordeiles minor,0,0,0,0,0,0,0,0,0,0,0,0,0,0,0,0
2041,Chordeiles gundlachii,0,0,0,0,0,0,0,0,0,0,0,0,0,0,0,0
2042,Nyctiprogne leucopyga,0,0,0,0,0,0,0,0,0,0,0,0,0,0,0,0
2043,Chordeiles nacunda,0,0,0,0,0,0,0,0,0,0,0,0,0,0,0,0
2044,Nyctidromus albicollis,0,0,0,0,0,0,0,0,0,0,0,0,0,0,0,0
2045,Phalaenoptilus nuttallii,0,0,0,0,0,0,0,0,0,0,0,0,0,0,0,0
2046,Siphonorhis americana,0,0,0,2,0,0,0,0,0,0,0,0,2,0,0,0
2047,Siphonorhis brewsteri,0,0,0,0,0,2,0,0,0,1,0,2,0,0,0,0
2048,Nyctiphrynus mcleodii,0,0,0,0,0,0,0,0,0,0,0,0,0,0,0,0
2049,Nyctiphrynus yucatanicus,0,0,0,0,0,0,0,0,0,0,0,0,0,0,0,0
2050,Nyctiphrynus ocellatus,0,0,0,0,0,0,0,0,0,0,0,0,0,0,0,0
2051,Antrostomus carolinensis,0,0,0,0,0,0,0,0,0,0,0,0,1,0,0,1
2052,Antrostomus rufus,0,0,0,0,0,0,0,0,0,0,0,0,0,0,0,0
2053,Antrostomus cubanensis,0,0,0,0,0,0,0,0,0,0,0,0,0,0,0,0
2054,Antrostomus salvini,0,0,0,0,0,0,0,0,0,0,0,0,0,0,0,0
2055,Antrostomus badius,0,0,0,0,0,0,0,0,0,0,0,0,0,0,0,0
2056,Antrostomus sericocaudatus,0,0,0,0,0,0,0,0,0,0,0,0,0,0,0,0
2057,Antrostomus ridgwayi,0,0,0,0,0,0,0,0,0,0,0,0,0,0,0,0
2058,Antrostomus noctitherus,0,2,0,0,0,0,0,0,0,0,0,0,1,0,0,0
2059,Antrostomus saturatus,0,0,0,0,0,0,0,0,0,0,0,0,0,0,0,0
2060,Hydropsalis cayennensis,0,0,0,0,0,0,0,0,0,0,0,0,0,0,0,0
2061,Eleothreptus candicans,0,0,0,0,0,0,0,0,0,0,1,0,0,0,0,0
2062,Hydropsalis maculicaudus,0,0,0,0,0,0,0,0,0,0,0,0,0,0,0,0
2063,Nyctidromus anthonyi,0,0,0,0,0,0,0,0,0,0,0,0,0,0,0,0
2064,Setopagis maculosa,0,0,0,0,0,0,0,0,0,0,0,0,0,0,0,0
2065,Nyctipolus nigrescens,0,0,0,0,0,0,0,0,0,0,0,0,0,0,0,0
2066,Setopagis whitelyi,0,0,0,0,0,0,0,0,0,0,0,0,0,0,0,0
2067,Nyctipolus hirundinaceus,0,0,0,0,0,0,0,0,0,0,0,0,0,0,0,0
2068,Veles binotatus,0,0,0,0,0,0,0,0,0,0,0,0,0,0,0,0
2069,Caprimulgus ruficollis,0,0,0,2,0,0,0,0,0,1,0,0,2,0,1,1
2070,Caprimulgus europaeus,0,0,0,0,0,0,0,0,0,0,0,0,0,0,0,0
2071,Caprimulgus fraenatus,0,0,0,0,0,0,0,0,0,0,0,0,0,0,0,0
2072,Caprimulgus rufigena,0,0,0,0,0,0,0,0,0,0,0,0,0,0,0,0
2073,Caprimulgus aegyptius,0,0,0,0,0,0,0,0,0,0,0,0,0,0,0,0
2074,Caprimulgus mahrattensis,0,0,0,0,0,0,0,0,0,0,0,0,0,0,0,0
2075,Caprimulgus nubicus,0,0,0,0,0,0,0,0,0,0,0,0,0,0,0,0
2076,Caprimulgus eximius,0,0,0,0,0,0,0,0,0,0,0,0,0,0,0,0
2077,Caprimulgus madagascariensis,0,0,0,0,0,0,0,0,0,0,0,0,0,0,0,0
2078,Caprimulgus atripennis,0,0,0,0,0,0,0,0,0,0,0,0,0,0,0,0
2079,Caprimulgus manillensis,0,0,0,0,0,0,0,0,0,0,0,0,0,0,0,0
2080,Caprimulgus celebensis,0,0,0,0,0,0,0,0,0,0,0,0,0,0,0,0
2081,Caprimulgus donaldsoni,0,0,0,0,0,0,0,0,0,0,0,0,0,0,0,0
2082,Caprimulgus prigoginei,0,0,0,2,0,0,0,0,0,0,2,0,0,0,0,0
2083,Caprimulgus asiaticus,0,0,0,0,0,0,0,0,0,0,0,0,0,0,0,0
2084,Caprimulgus natalensis,0,0,0,0,0,0,0,0,0,0,0,0,0,0,0,0
2085,Caprimulgus inornatus,0,0,0,0,0,0,0,0,0,0,0,0,0,0,0,0
2086,Caprimulgus stellatus,0,0,0,0,0,0,0,0,0,0,0,0,0,0,0,0
2087,Caprimulgus affinis,0,0,0,0,0,0,0,0,0,0,0,0,0,0,0,0
2088,Caprimulgus tristigma,0,0,0,0,0,0,0,0,0,0,0,0,0,0,0,0
2089,Caprimulgus concretus,0,0,0,2,0,0,0,0,0,0,0,2,0,0,0,0
2090,Caprimulgus pulchellus,0,0,0,1,0,0,0,0,0,0,0,1,0,0,0,0
2091,Gactornis enarratus,0,0,0,0,0,0,0,0,0,0,0,0,0,0,0,0
2092,Caprimulgus batesi,0,0,0,0,0,0,0,0,0,0,0,0,0,0,0,0
2093,Caprimulgus climacurus,0,0,0,0,0,0,0,0,0,0,0,0,0,0,0,0
2094,Caprimulgus clarus,0,0,0,0,0,0,0,0,0,0,0,0,0,0,0,0
2095,Caprimulgus fossii,0,0,0,0,0,0,0,0,0,0,0,0,0,0,0,0
2096,Caprimulgus longipennis,0,0,0,0,0,0,0,0,0,0,0,0,0,0,0,0
2097,Caprimulgus vexillarius,0,0,0,0,0,0,0,0,0,0,0,0,0,0,0,0
2098,Hydropsalis climacocerca,0,0,0,0,0,0,0,0,0,0,0,0,0,0,0,0
2099,Hydropsalis torquata,0,0,0,0,0,0,0,0,0,0,0,0,0,0,0,0
2100,Uropsalis segmentata,0,0,0,0,0,0,0,0,0,0,0,0,0,0,0,0
2101,Uropsalis lyra,0,0,0,0,0,0,0,0,0,0,0,0,0,0,0,0
2102,Macropsalis forcipata,0,0,0,0,0,0,0,0,0,0,0,0,0,0,0,0
2103,Eleothreptus anomalus,0,0,0,2,0,1,0,0,0,0,2,0,2,1,0,0
2104,Raphus cucullatus,0,0,0,0,0,0,0,0,0,0,0,0,0,0,0,0
2105,Pezophaps solitaria,0,0,0,0,0,0,0,0,0,1,0,0,0,0,0,0
2106,Columba livia,0,0,0,0,0,0,0,0,0,0,0,0,0,0,0,0
2107,Columba rupestris,0,0,0,0,0,0,0,0,0,0,0,0,0,0,0,0
2108,Columba leuconota,0,0,0,0,0,0,0,0,0,0,0,0,0,0,0,0
2109,Columba guinea,0,0,0,0,0,0,0,0,0,0,0,0,0,0,0,0
2110,Columba albitorques,0,0,0,0,0,0,0,0,0,0,0,0,0,0,0,0
2111,Columba oenas,0,0,0,0,0,0,0,0,0,0,0,0,0,0,0,0
2112,Columba oliviae,0,0,0,0,0,0,0,0,0,0,0,0,0,0,0,0
2113,Columba eversmanni,0,0,0,1,0,0,0,0,1,0,0,1,0,0,0,0
2114,Columba palumbus,0,0,0,0,0,0,0,0,0,0,0,0,0,0,0,0
2115,Columba trocaz,0,0,0,1,0,0,0,0,1,1,1,1,0,0,0,0
2116,Columba bollii,0,0,0,0,0,0,0,0,1,1,0,1,0,0,0,0
2117,Columba junoniae,0,0,0,0,0,0,0,0,2,2,1,1,0,0,0,2
2118,Columba unicincta,0,0,0,0,0,0,0,0,0,0,0,0,0,0,0,0
2119,Columba sjostedti,0,0,0,1,0,0,0,0,0,0,0,1,0,0,0,0
2120,Columba thomensis,0,0,0,1,0,0,0,0,2,0,0,1,1,0,0,0
2121,Columba arquatrix,0,0,0,0,0,0,0,0,0,0,0,0,0,0,0,0
2122,Columba pollenii,0,0,0,2,0,0,0,0,2,0,0,2,0,0,0,0
2123,Columba hodgsonii,0,0,0,0,0,0,0,0,0,0,0,0,0,0,0,0
2124,Columba albinucha,0,0,0,2,0,0,0,0,0,0,2,2,0,0,0,0
2125,Columba pulchricollis,0,0,0,0,0,0,0,0,0,0,0,0,0,0,0,0
2126,Columba elphinstonii,0,0,0,2,1,0,0,0,1,0,0,0,2,2,0,0
2127,Columba torringtoniae,0,0,0,1,0,1,0,0,0,0,0,1,1,1,0,0
2128,Columba punicea,0,0,0,1,0,0,0,0,2,0,0,2,0,0,0,0
2129,Columba argentina,0,0,0,1,0,0,0,0,0,0,0,0,1,0,0,0
2130,Columba palumboides,0,0,0,1,0,0,0,0,0,0,0,0,0,0,0,0
2131,Columba janthina,0,0,0,0,0,0,0,0,0,1,0,0,1,0,0,0
2132,Columba vitiensis,0,0,0,0,0,0,0,0,0,0,0,0,0,0,0,0
2133,Columba leucomela,0,0,0,0,0,0,0,0,0,0,0,0,0,0,0,0
2134,Columba versicolor,0,0,0,0,0,0,0,0,0,0,0,1,0,0,0,0
2135,Columba jouyi,0,0,0,0,0,0,0,0,0,0,0,1,0,0,0,0
2136,Columba pallidiceps,0,0,0,2,0,0,0,0,2,0,0,2,0,0,0,0
2137,Patagioenas leucocephala,0,0,0,0,0,0,0,0,1,0,0,2,1,0,1,1
2138,Patagioenas speciosa,0,0,0,0,0,0,0,0,0,0,0,0,0,0,0,0
2139,Patagioenas squamosa,0,0,0,0,0,0,0,0,0,0,0,0,0,0,0,0
2140,Patagioenas corensis,0,0,0,0,0,0,0,0,0,0,0,0,0,0,0,0
2141,Patagioenas picazuro,0,0,0,0,0,0,0,0,0,0,0,0,0,0,0,0
2142,Patagioenas araucana,0,0,0,0,0,0,0,0,0,0,0,0,0,0,0,0
2143,Patagioenas caribaea,0,0,0,2,0,0,0,0,2,0,0,2,1,0,0,0
2144,Patagioenas cayennensis,0,0,0,0,0,0,0,0,0,0,0,0,0,0,0,0
2145,Patagioenas flavirostris,0,0,0,0,0,0,0,0,0,0,0,0,0,0,0,0
2146,Patagioenas oenops,0,0,0,1,0,1,0,0,1,0,1,2,1,0,0,0
2147,Patagioenas inornata,0,0,0,2,0,0,0,0,2,0,0,2,0,0,0,0
2148,Patagioenas plumbea,0,0,0,0,0,0,0,0,0,0,0,0,0,0,0,0
2149,Patagioenas subvinacea,0,0,0,2,0,0,0,0,1,0,2,1,1,0,0,0
2150,Patagioenas nigrirostris,0,0,0,0,0,0,0,0,0,0,0,0,0,0,0,0
2151,Patagioenas goodsoni,0,0,0,0,0,0,0,0,0,0,0,0,0,0,0,0
2152,Columba iriditorques,0,0,0,0,0,0,0,0,0,0,0,0,0,0,0,0
2153,Columba malherbii,0,0,0,0,0,0,0,0,2,0,0,0,0,0,0,0
2154,Columba delegorguei,0,0,0,0,0,0,0,0,0,0,0,0,0,0,0,0
2155,Nesoenas picturatus,0,0,0,0,0,0,0,0,0,0,0,0,0,0,0,0
2156,Aplopelia larvata,0,0,0,0,0,0,0,0,0,0,0,0,0,0,0,0
2157,Nesoenas mayeri,0,0,0,1,0,0,0,0,0,2,0,1,0,0,0,0
2158,Streptopelia turtur,0,0,0,3,0,0,0,0,3,1,0,0,0,0,3,0
2159,Streptopelia hypopyrrha,0,0,0,0,0,0,0,0,0,0,0,0,0,0,0,0
2160,Streptopelia lugens,0,0,0,0,0,0,0,0,0,0,0,0,0,0,0,0
2161,Streptopelia orientalis,0,0,0,0,0,0,0,0,0,0,0,0,0,0,0,0
2162,Spilopelia senegalensis,0,0,0,0,0,0,0,0,0,0,0,0,0,0,0,0
2163,Streptopelia decipiens,0,0,0,0,0,0,0,0,0,0,0,0,0,0,0,0
2164,Streptopelia vinacea,0,0,0,0,0,0,0,0,0,0,0,0,0,0,0,0
2165,Streptopelia capicola,0,0,0,0,0,0,0,0,0,0,0,0,0,0,0,0
2166,Streptopelia tranquebarica,0,0,0,0,0,0,0,0,0,0,0,0,0,0,0,0
2167,Streptopelia semitorquata,0,0,0,0,0,0,0,0,0,0,0,0,0,0,0,0
2168,Streptopelia roseogrisea,0,0,0,0,0,0,0,0,0,0,0,0,0,0,0,0
2169,Streptopelia reichenowi,0,0,0,2,0,0,0,0,0,0,0,2,0,0,0,0
2170,Macropygia unchall,0,0,0,0,0,0,0,0,0,0,0,0,0,0,0,0
2171,Macropygia rufipennis,0,0,0,0,0,0,0,0,0,0,0,0,1,0,0,0
2172,Macropygia amboinensis,0,0,0,0,0,0,0,0,0,0,0,0,0,0,0,0
2173,Macropygia phasianella,0,0,0,0,0,0,0,0,0,0,0,0,0,0,0,0
2174,Macropygia ruficeps,0,0,0,0,0,0,0,0,0,0,0,0,0,0,0,0
2175,Macropygia nigrirostris,0,0,0,0,0,0,0,0,0,0,0,0,0,0,0,0
2176,Macropygia mackinlayi,0,0,0,0,0,0,0,0,0,0,0,0,0,0,0,0
2177,Reinwardtoena reinwardti,0,0,0,0,0,0,0,0,0,0,0,0,0,0,0,0
2178,Reinwardtoena browni,0,0,0,2,0,0,0,0,0,0,0,2,0,0,0,0
2179,Reinwardtoena crassirostris,0,0,0,0,0,0,0,0,1,0,0,2,0,0,0,0
2180,Turacoena modesta,0,0,0,1,0,2,0,0,2,0,2,2,1,0,0,0
2181,Turtur abyssinicus,0,0,0,0,0,0,0,0,0,0,0,0,0,0,0,0
2182,Turtur chalcospilos,0,0,0,0,0,0,0,0,0,0,0,0,0,0,0,0
2183,Turtur afer,0,0,0,0,0,0,0,0,0,0,0,0,0,0,0,0
2184,Turtur tympanistria,0,0,0,0,0,0,0,0,0,0,0,0,0,0,0,0
2185,Turtur brehmeri,0,0,0,0,0,0,0,0,0,0,0,0,0,0,0,0
2186,Oena capensis,0,0,0,0,0,0,0,0,0,0,0,0,0,0,0,0
2187,Chalcophaps stephani,0,0,0,0,0,0,0,0,0,0,0,0,0,0,0,0
2188,Henicophaps albifrons,0,0,0,0,0,0,0,0,0,0,0,0,0,0,0,0
2189,Henicophaps foersteri,0,0,0,2,0,0,0,0,0,0,0,1,0,0,0,0
2190,Phaps chalcoptera,0,0,0,0,0,0,0,0,0,0,0,0,0,0,0,0
2191,Phaps elegans,0,0,0,0,0,0,0,0,0,0,0,0,0,0,0,0
2192,Phaps histrionica,0,0,0,0,0,0,0,0,0,0,0,0,0,0,0,0
2193,Ocyphaps lophotes,0,0,0,0,0,0,0,0,0,0,0,0,0,0,0,0
2194,Geophaps plumifera,0,0,0,0,0,1,0,0,0,0,1,0,0,0,0,0
2195,Geophaps smithii,0,0,0,0,0,2,0,0,0,1,1,0,0,0,0,0
2196,Geophaps scripta,0,0,0,0,0,0,0,0,0,0,0,0,0,0,0,0
2197,Petrophassa albipennis,0,0,0,0,0,0,0,0,0,0,0,0,0,0,0,0
2198,Petrophassa rufipennis,0,0,0,0,0,0,0,0,0,0,0,0,0,0,0,0
2199,Geopelia cuneata,0,0,0,0,0,0,0,0,0,0,0,0,0,0,0,0
2200,Geopelia striata,0,0,0,0,0,0,0,0,0,0,0,0,0,0,0,0
2201,Geopelia maugeus,0,0,0,0,0,0,0,0,0,0,0,0,0,0,0,0
2202,Geopelia placida,0,0,0,0,0,0,0,0,0,0,0,0,0,0,0,0
2203,Geopelia humeralis,0,0,0,0,0,0,0,0,0,0,0,0,0,0,0,0
2204,Leucosarcia melanoleuca,0,0,0,0,0,0,0,0,0,0,0,0,0,0,0,0
2205,Ectopistes migratorius,0,0,0,2,0,0,0,0,2,1,0,0,0,0,0,0
2206,Zenaida macroura,0,0,0,0,0,0,0,0,0,0,0,0,0,0,0,0
2207,Zenaida graysoni,0,0,0,0,0,0,0,0,1,2,0,0,0,0,0,0
2208,Zenaida auriculata,0,0,0,0,0,0,0,0,0,0,0,0,0,0,0,0
2209,Zenaida aurita,0,0,0,0,0,0,0,0,0,0,0,0,0,0,0,0
2210,Zenaida galapagoensis,0,0,0,0,0,0,0,0,0,1,0,0,0,0,0,0
2211,Columbina inca,0,0,0,0,0,0,0,0,0,0,0,0,0,0,0,0
2212,Columbina squammata,0,0,0,0,0,0,0,0,0,0,0,0,0,0,0,0
2213,Columbina passerina,0,0,0,0,0,0,0,0,0,0,0,0,0,0,0,0
2214,Columbina minuta,0,0,0,0,0,0,0,0,0,0,0,0,0,0,0,0
2215,Columbina talpacoti,0,0,0,0,0,0,0,0,0,0,0,0,0,0,0,0
2216,Columbina buckleyi,0,0,0,0,0,0,0,0,0,0,0,0,0,0,0,0
2217,Columbina picui,0,0,0,0,0,0,0,0,0,0,0,0,0,0,0,0
2218,Columbina cruziana,0,0,0,0,0,0,0,0,0,0,0,0,0,0,0,0
2219,Columbina cyanopis,0,1,0,2,0,0,0,0,0,1,2,0,0,2,0,0
2220,Claravis pretiosa,0,0,0,0,0,0,0,0,0,0,0,0,0,0,0,0
2221,Paraclaravis mondetoura,0,0,0,0,0,0,0,0,0,0,0,0,0,0,0,0
2222,Paraclaravis geoffroyi,0,0,0,2,0,0,0,0,1,0,0,0,2,0,0,0
2223,Metriopelia ceciliae,0,0,0,0,0,0,0,0,0,0,0,0,0,0,0,0
2224,Metriopelia morenoi,0,0,0,0,0,0,0,0,0,0,0,0,0,0,0,0
2225,Metriopelia melanoptera,0,0,0,0,0,0,0,0,0,0,0,0,0,0,0,0
2226,Metriopelia aymara,0,0,0,0,0,0,0,0,0,0,0,0,0,0,0,0
2227,Uropelia campestris,0,0,0,0,0,0,0,0,0,0,0,0,0,0,0,0
2228,Leptotila verreauxi,0,0,0,0,0,0,0,0,0,0,0,0,0,0,0,0
2229,Leptotila megalura,0,0,0,0,0,0,0,0,0,0,0,0,0,0,0,0
2230,Leptotila plumbeiceps,0,0,0,0,0,0,0,0,0,0,0,0,0,0,0,0
2231,Leptotila battyi,0,0,0,2,0,0,0,0,2,0,2,0,0,0,0,0
2232,Leptotila wellsi,0,3,0,1,0,2,0,0,0,2,1,0,2,0,0,0
2233,Leptotila rufaxilla,0,0,0,0,0,0,0,0,0,0,0,0,0,0,0,0
2234,Leptotila jamaicensis,0,0,0,0,0,0,0,0,0,0,0,0,0,0,0,0
2235,Leptotila pallida,0,0,0,0,0,0,0,0,0,0,0,0,0,0,0,0
2236,Leptotila cassinii,0,0,0,0,0,0,0,0,0,0,0,0,0,0,0,0
2237,Leptotila ochraceiventris,0,0,0,2,0,0,0,0,1,0,2,2,0,0,0,0
2238,Leptotila conoveri,0,0,0,2,0,0,0,0,1,0,2,2,1,0,0,0
2239,Zentrygon carrikeri,0,0,0,2,0,0,0,0,1,0,2,2,0,0,0,0
2240,Zentrygon costaricensis,0,0,0,0,0,0,0,0,0,0,0,0,0,0,0,0
2241,Geotrygon versicolor,0,0,0,0,0,0,0,0,0,0,0,0,0,0,0,0
2242,Leptotrygon veraguensis,0,0,0,0,0,0,0,0,0,0,0,0,0,0,0,0
2243,Zentrygon albifacies,0,0,0,0,0,0,0,0,0,0,0,0,0,0,0,0
2244,Zentrygon chiriquensis,0,0,0,0,0,0,0,0,0,0,0,0,0,0,0,0
2245,Zentrygon goldmani,0,0,0,0,0,0,0,0,0,0,0,0,0,0,0,0
2246,Zentrygon linearis,0,0,0,0,0,0,0,0,0,0,0,0,0,0,0,0
2247,Zentrygon frenata,0,0,0,0,0,0,0,0,0,0,0,0,0,0,0,0
2248,Geotrygon chrysia,0,0,0,0,0,0,0,0,0,0,0,0,0,0,0,0
2249,Geotrygon mystacea,0,0,0,0,0,0,0,0,0,0,0,0,0,0,0,0
2250,Geotrygon violacea,0,0,0,0,0,0,0,0,0,0,0,0,0,0,0,0
2251,Geotrygon montana,0,0,0,0,0,0,0,0,0,0,0,0,0,0,0,0
2252,Starnoenas cyanocephala,0,0,0,0,0,0,0,0,2,0,0,2,0,0,0,0
2253,Caloenas nicobarica,0,0,0,2,0,0,0,0,2,1,0,0,0,0,0,0
2254,Gallicolumba luzonica,0,0,0,2,0,0,0,0,2,0,0,2,0,0,0,0
2255,Gallicolumba platenae,0,0,0,1,0,0,0,0,2,0,0,2,1,0,0,0
2256,Gallicolumba keayi,0,0,0,2,0,0,0,0,1,0,0,2,1,0,0,0
2257,Gallicolumba crinigera,0,0,0,1,0,0,0,0,0,0,0,2,0,1,0,0
2258,Gallicolumba menagei,0,0,0,0,0,0,0,0,0,0,0,0,0,0,0,0
2259,Gallicolumba rufigula,0,0,0,0,0,0,0,0,0,0,0,0,0,0,0,0
2260,Gallicolumba tristigmata,0,0,0,0,0,0,0,0,0,0,0,0,0,0,0,0
2261,Pampusana jobiensis,0,0,0,0,0,0,0,0,0,0,0,0,0,0,0,0
2262,Pampusana kubaryi,0,0,0,2,0,0,0,0,1,0,0,0,0,0,0,0
2263,Pampusana erythroptera,0,1,0,0,0,0,0,0,1,2,0,0,0,0,0,0
2264,Pampusana xanthonura,0,0,0,0,0,0,0,0,0,1,0,0,0,0,0,0
2265,Pampusana stairi,0,0,0,0,0,0,0,0,1,1,0,2,0,0,0,0
2266,Pampusana sanctaecrucis,0,0,0,1,0,0,0,2,2,2,0,1,0,0,0,0
2267,Pampusana ferruginea,0,0,0,0,0,0,0,0,1,1,0,0,0,0,0,0
2268,Pampusana salamonis,0,0,0,0,0,0,0,0,0,1,0,0,0,0,0,0
2269,Pampusana rubescens,0,1,0,0,0,0,0,0,0,2,0,0,0,0,0,0
2270,Pampusana canifrons,0,0,0,1,0,0,0,0,0,2,0,0,1,0,0,0
2271,Pampusana hoedtii,0,0,0,2,0,0,0,0,2,0,2,2,1,0,0,0
2272,Trugon terrestris,0,0,0,0,0,0,0,0,0,0,0,0,0,0,0,0
2273,Microgoura meeki,0,0,0,0,0,0,0,0,1,1,0,0,0,0,0,0
2274,Phapitreron cinereiceps,0,0,0,2,0,0,0,0,2,0,0,2,2,2,0,0
2275,Treron fulvicollis,0,0,0,2,0,1,0,0,1,0,0,2,0,0,0,0
2276,Treron olax,0,0,0,0,0,0,0,0,0,0,0,0,0,0,0,0
2277,Treron vernans,0,0,0,0,0,0,0,0,0,0,0,0,0,0,0,0
2278,Treron bicinctus,0,0,0,0,0,0,0,0,0,0,0,0,0,0,0,0
2279,Treron curvirostra,0,0,0,0,0,0,0,0,0,0,0,0,0,0,0,0
2280,Treron griseicauda,0,0,0,0,0,0,0,0,0,0,0,0,0,0,0,0
2281,Treron floris,0,0,0,2,0,2,0,0,1,0,0,0,1,0,0,0
2282,Treron teysmannii,0,0,0,2,0,0,0,0,1,0,0,1,0,0,0,0
2283,Treron psittaceus,0,0,0,2,0,1,0,0,2,0,2,2,2,0,0,0
2284,Treron capellei,0,0,0,2,0,1,0,0,1,0,0,2,0,0,0,0
2285,Treron phoenicopterus,0,0,0,0,0,0,0,0,0,0,0,0,0,0,0,0
2286,Treron waalia,0,0,0,0,0,0,0,0,0,0,0,0,0,0,0,0
2287,Treron sanctithomae,0,0,0,1,0,0,0,0,2,0,0,0,0,0,0,0
2288,Treron pembaensis,0,0,0,2,0,0,0,0,0,1,0,2,1,2,0,0
2289,Treron apicauda,0,0,0,0,0,0,0,0,0,0,0,0,0,0,0,0
2290,Treron oxyurus,0,0,0,1,0,1,0,0,0,0,0,1,0,0,0,0
2291,Treron seimundi,0,0,0,0,0,0,0,0,0,0,0,0,0,0,0,0
2292,Treron sphenurus,0,0,0,0,0,0,0,0,0,0,0,0,0,0,0,0
2293,Treron sieboldii,0,0,0,0,0,0,0,0,0,0,0,0,0,0,0,0
2294,Ptilinopus porphyreus,0,0,0,0,0,0,0,0,0,0,0,0,0,0,0,0
2295,Ptilinopus cinctus,0,0,0,0,0,0,0,0,0,0,0,0,0,0,0,0
2296,Ptilinopus dohertyi,0,0,0,2,0,2,0,0,0,0,2,1,0,0,0,0
2297,Ptilinopus alligator,0,0,0,0,0,0,0,0,0,0,0,0,0,0,0,0
2298,Ramphiculus marchei,0,0,0,0,0,0,0,0,2,0,0,2,1,0,0,1
2299,Ramphiculus merrilli,0,0,0,1,0,0,0,0,1,0,0,1,0,0,0,0
2300,Ramphiculus occipitalis,0,0,0,0,0,0,0,0,0,0,0,0,0,0,0,0
2301,Ramphiculus fischeri,0,0,0,1,0,0,0,0,0,0,0,1,1,0,0,0
2302,Ramphiculus jambu,0,0,0,2,0,1,0,0,1,0,0,2,0,0,0,0
2303,Ramphiculus leclancheri,0,0,0,0,0,0,0,0,0,0,0,0,0,0,0,0
2304,Megaloprepia formosa,0,0,0,0,0,0,0,0,0,0,0,0,0,0,0,0
2305,Megaloprepia magnifica,0,0,0,0,0,0,0,0,0,0,0,0,0,0,0,0
2306,Ptilinopus perlatus,0,0,0,0,0,0,0,0,0,0,0,0,0,0,0,0
2307,Ptilinopus tannensis,0,0,0,0,0,0,0,0,1,0,0,2,0,0,0,0
2308,Ptilinopus aurantiifrons,0,0,0,0,0,0,0,0,0,0,0,0,0,0,0,0
2309,Ptilinopus wallacii,0,0,0,0,0,0,0,0,0,0,0,0,0,0,0,0
2310,Ptilinopus perousii,0,0,0,0,0,0,0,0,0,0,0,0,0,0,0,0
2311,Ptilinopus monacha,0,0,0,1,0,0,0,0,0,0,0,1,1,1,0,0
2312,Ptilinopus coronulatus,0,0,0,0,0,0,0,0,0,0,0,0,0,0,0,0
2313,Ptilinopus pulchellus,0,0,0,0,0,0,0,0,0,0,0,0,0,0,0,0
2314,Ptilinopus regina,0,0,0,0,0,0,0,0,0,0,0,0,0,0,0,0
2315,Ptilinopus roseicapilla,0,0,0,1,0,0,0,0,1,1,1,0,0,0,0,0
2316,Ptilinopus greyi,0,0,0,0,0,0,0,0,0,0,0,0,0,0,0,0
2317,Ptilinopus richardsii,0,0,0,0,0,0,0,0,0,0,0,0,0,0,0,0
2318,Ptilinopus pelewensis,0,0,0,0,0,0,0,0,0,0,0,0,0,0,0,0
2319,Ptilinopus rarotongensis,0,1,0,0,0,0,0,0,0,1,0,0,0,0,0,0
2320,Ptilinopus huttoni,0,0,0,0,0,2,0,0,1,2,0,2,0,0,0,0
2321,Ptilinopus coralensis,0,0,0,0,0,0,0,0,1,1,0,0,0,2,0,0
2322,Ptilinopus chalcurus,0,0,0,0,0,0,0,0,0,0,0,0,0,0,0,0
2323,Ptilinopus insularis,0,0,0,0,0,0,0,0,0,2,0,0,0,0,0,0
2324,Ptilinopus mercierii,0,0,0,0,0,0,0,0,0,1,0,0,0,0,0,0
2325,Ptilinopus dupetithouarsii,0,0,0,0,0,0,0,0,0,0,0,0,0,0,0,0
2326,Ptilinopus rivoli,0,0,0,0,0,0,0,0,0,0,0,0,0,0,0,0
2327,Ptilinopus viridis,0,0,0,0,0,0,0,0,0,0,0,0,0,0,0,0
2328,Ptilinopus eugeniae,0,0,0,0,0,0,0,0,0,0,0,0,0,0,0,0
2329,Ptilinopus hyogastrus,0,0,0,0,0,0,0,0,0,0,0,0,0,0,0,0
2330,Ptilinopus granulifrons,0,0,0,2,0,0,0,0,1,0,0,2,1,0,0,0
2331,Ptilinopus iozonus,0,0,0,0,0,0,0,0,0,0,0,0,0,0,0,0
2332,Ptilinopus insolitus,0,0,0,0,0,0,0,0,0,0,0,0,0,0,0,0
2333,Ptilinopus nainus,0,0,0,0,0,0,0,0,0,0,0,0,0,0,0,0
2334,Ptilinopus melanospilus,0,0,0,0,0,0,0,0,0,0,0,0,0,0,0,0
2335,Ptilinopus arcanus,0,0,0,2,0,0,0,0,2,0,0,1,0,0,0,0
2336,Chrysoena victor,0,0,0,0,0,0,0,0,0,0,0,0,0,0,0,0
2337,Chrysoena luteovirens,0,0,0,0,0,0,0,0,0,0,0,0,0,0,0,0
2338,Chrysoena viridis,0,0,0,2,0,2,0,0,0,0,0,0,0,2,0,0
2339,Drepanoptila holosericea,0,0,0,0,0,1,0,0,1,0,0,1,1,0,0,0
2340,Alectroenas madagascariensis,0,0,0,0,0,0,0,0,0,0,0,0,0,0,0,0
2341,Alectroenas sganzini,0,0,0,1,0,0,0,0,2,0,0,1,0,0,0,0
2342,Alectroenas nitidissimus,0,0,0,0,0,0,0,0,0,0,0,0,0,0,0,0
2343,Alectroenas pulcherrimus,0,0,0,0,0,0,0,0,0,0,0,0,0,0,0,0
2344,Ducula poliocephala,0,0,0,1,0,0,0,0,2,0,0,2,0,0,0,0
2345,Ducula forsteni,0,0,0,0,0,0,0,0,0,0,0,0,0,0,0,0
2346,Ducula mindorensis,0,0,0,2,0,0,0,0,2,0,0,2,0,0,0,0
2347,Ducula radiata,0,0,0,0,0,0,0,0,0,0,0,0,0,0,0,0
2348,Ducula carola,0,0,0,2,0,0,0,0,2,0,0,2,0,1,0,0
2349,Ducula concinna,0,0,0,0,0,0,0,0,0,0,0,0,0,0,0,0
2350,Ducula pacifica,0,0,0,0,0,0,0,0,0,0,0,0,0,0,0,0
2351,Ducula oceanica,0,2,0,1,0,0,0,0,2,0,0,1,1,0,0,0
2352,Ducula aurorae,0,0,0,0,0,0,0,0,1,2,0,0,1,0,0,0
2353,Ducula galeata,0,0,0,0,0,0,0,0,2,1,0,0,0,0,0,0
2354,Ducula rubricera,0,0,0,2,0,0,0,0,1,0,0,2,1,0,0,0
2355,Ducula pistrinaria,0,0,0,0,0,0,0,0,0,0,0,0,0,0,0,0
2356,Ducula whartoni,0,0,0,0,0,0,0,0,0,1,0,0,0,0,0,0
2357,Ducula rosacea,0,0,0,1,0,0,0,0,2,0,0,1,1,0,0,0
2358,Ducula pickeringii,0,0,0,2,0,0,0,0,1,1,0,2,0,0,0,0
2359,Ducula rufigaster,0,0,0,0,0,0,0,0,0,0,0,0,0,0,0,0
2360,Ducula finschii,0,0,0,2,0,0,0,0,0,0,0,2,0,0,0,0
2361,Ducula chalconota,0,0,0,0,0,0,0,0,0,0,0,0,0,0,0,0
2362,Ducula latrans,0,0,0,0,0,0,0,0,0,0,0,0,0,0,0,0
2363,Ducula brenchleyi,0,0,0,0,0,0,0,0,1,0,0,2,0,0,0,0
2364,Ducula bakeri,0,0,0,1,0,0,0,0,0,0,0,1,0,0,0,0
2365,Ducula goliath,0,0,0,0,0,0,0,0,1,0,0,1,0,0,0,0
2366,Ducula pinon,0,0,0,0,0,0,0,0,1,0,0,0,0,0,0,0
2367,Ducula melanochroa,0,0,0,0,0,0,0,0,0,0,0,0,0,0,0,0
2368,Ducula mullerii,0,0,0,0,0,0,0,0,0,0,0,0,0,0,0,0
2369,Ducula zoeae,0,0,0,0,0,0,0,0,0,0,0,0,0,0,0,0
2370,Ducula lacernulata,0,0,0,0,0,0,0,0,0,0,0,0,0,0,0,0
2371,Ducula cineracea,0,0,0,2,0,2,0,0,2,0,1,1,1,0,0,0
2372,Ducula bicolor,0,0,0,0,0,0,0,0,2,0,0,0,0,0,0,0
2373,Ducula luctuosa,0,0,0,0,0,0,0,0,0,0,0,0,0,0,0,0
2374,Ducula subflavescens,0,0,0,2,0,0,0,0,0,0,0,2,0,0,0,0
2375,Lopholaimus antarcticus,0,0,0,0,0,0,0,0,0,0,0,0,0,0,0,0
2376,Cryptophaps poecilorrhoa,0,0,0,0,0,0,0,0,0,0,0,0,0,0,0,0
2377,Gymnophaps albertisii,0,0,0,0,0,0,0,0,0,0,0,0,0,0,0,0
2378,Gymnophaps solomonensis,0,0,0,0,0,0,0,0,0,0,0,0,0,0,0,0
2379,Goura cristata,0,0,0,0,0,0,0,0,2,0,0,2,1,0,0,0
2380,Goura victoria,0,0,0,1,0,0,0,0,1,0,0,1,0,0,0,0
2381,Didunculus strigirostris,0,1,0,1,0,0,0,0,2,2,0,0,0,0,0,0
2382,Eurypyga helias,0,0,0,0,0,0,0,0,0,0,0,0,0,0,0,0
2383,Tetrax tetrax,0,1,0,2,0,0,0,0,1,0,1,0,2,2,2,0
2384,Otis tarda,0,2,0,2,0,1,0,0,2,2,2,1,2,1,2,1
2385,Neotis denhami,0,1,0,1,0,0,0,0,2,0,0,0,1,0,1,0
2386,Neotis ludwigii,0,0,0,0,0,0,0,0,2,0,0,0,3,0,0,1
2387,Neotis nuba,0,0,0,1,0,0,0,0,2,0,2,1,1,0,0,1
2388,Neotis heuglinii,0,0,0,0,0,0,0,0,0,0,0,0,0,0,0,0
2389,Ardeotis arabs,0,0,0,1,0,0,0,0,2,0,2,2,0,0,0,0
2390,Ardeotis kori,0,0,0,0,0,0,0,0,1,0,1,0,1,0,0,0
2391,Ardeotis nigriceps,0,0,0,2,0,0,0,0,1,2,1,0,2,0,0,1
2392,Ardeotis australis,0,0,0,0,0,1,0,0,1,1,1,0,0,0,2,1
2393,Lophotis savilei,0,0,0,0,0,0,0,0,0,0,0,0,0,0,0,0
2394,Lophotis gindiana,0,0,0,0,0,0,0,0,0,0,0,0,0,0,0,0
2395,Lophotis ruficrista,0,0,0,0,0,0,0,0,0,0,0,0,0,0,0,0
2396,Afrotis afraoides,0,0,0,0,0,0,0,0,0,0,0,0,0,0,0,0
2397,Afrotis afra,0,0,0,2,0,0,0,0,0,1,0,0,0,0,0,2
2398,Heterotetrax rueppelii,0,0,0,0,0,0,0,0,0,0,0,0,0,0,0,0
2399,Heterotetrax vigorsii,0,0,0,0,0,0,0,0,0,0,0,0,0,0,0,0
2400,Heterotetrax humilis,0,1,2,2,0,0,0,0,2,0,2,2,0,0,0,0
2401,Eupodotis senegalensis,0,0,0,0,0,0,0,0,0,0,0,0,0,0,0,0
2402,Eupodotis caerulescens,0,0,0,2,0,0,0,0,0,0,0,0,1,0,0,0
2403,Lissotis melanogaster,0,0,0,0,0,0,0,0,0,0,0,0,0,0,0,0
2404,Lissotis hartlaubii,0,0,0,0,0,0,0,0,0,0,0,0,0,0,0,0
2405,Houbaropsis bengalensis,0,0,0,2,0,0,0,0,2,0,2,0,1,0,0,1
2406,Sypheotides indicus,0,1,0,2,0,0,0,0,1,2,2,0,2,0,0,1
2407,Balearica pavonina,0,1,0,1,1,0,0,0,1,0,1,0,0,0,1,0
2408,Balearica regulorum,0,0,0,1,1,1,1,0,1,0,2,1,2,0,1,1
2409,Leucogeranus leucogeranus,0,2,0,2,2,0,1,0,1,0,0,0,2,0,2,1
2410,Grus antigone,0,0,0,2,0,0,0,0,2,1,0,0,2,0,2,2
2411,Grus rubicunda,0,0,0,0,0,0,0,0,0,0,0,0,0,0,0,0
2412,Grus vipio,0,1,0,2,0,2,0,0,1,1,1,0,2,0,1,1
2413,Grus canadensis,0,0,0,0,0,0,0,0,0,0,0,0,0,0,0,0
2414,Anthropoides virgo,0,0,0,2,1,0,0,0,1,0,1,0,1,0,1,1
2415,Anthropoides paradiseus,0,1,0,1,0,0,0,0,2,1,2,0,2,2,1,0
2416,Bugeranus carunculatus,0,1,1,1,1,1,0,0,1,1,1,0,2,0,1,1
2417,Grus grus,0,0,0,1,1,0,0,0,2,0,0,0,1,1,2,1
2418,Grus monacha,0,0,0,2,1,0,1,0,1,2,0,0,2,0,1,1
2419,Grus americana,0,1,0,1,0,0,0,0,1,1,0,0,2,0,1,1
2420,Grus nigricollis,1,1,0,1,2,0,0,0,1,1,1,1,1,0,1,1
2421,Grus japonensis,0,0,0,2,0,0,0,0,1,0,0,0,2,0,1,0
2422,Aramus guarauna,0,0,0,0,0,0,0,0,0,0,0,0,0,0,0,0
2423,Podica senegalensis,0,0,0,0,0,0,0,0,0,0,0,0,0,0,0,0
2424,Heliopais personatus,2,1,0,2,2,0,0,0,2,0,0,2,2,0,1,1
2425,Heliornis fulica,0,0,0,0,0,0,0,0,0,0,0,0,0,0,0,0
2426,Psophia leucoptera,0,0,0,1,0,0,0,0,1,0,1,1,0,0,0,0
2427,Cariama cristata,0,0,0,0,0,0,0,0,0,0,0,0,0,0,0,0
2428,Chunga burmeisteri,0,0,0,0,0,0,0,0,0,0,0,0,0,0,0,0
2429,Rhynochetos jubatus,0,0,0,1,0,1,0,0,0,2,0,1,1,0,0,0
2430,Sarothrura pulchra,0,0,0,0,0,0,0,0,0,0,0,0,0,0,0,0
2431,Sarothrura elegans,0,0,0,0,0,0,0,0,0,1,0,0,0,0,0,0
2432,Sarothrura rufa,0,0,0,0,0,0,0,0,0,0,0,0,0,0,0,0
2433,Sarothrura lugens,0,0,0,0,0,0,0,0,0,0,0,0,0,0,0,0
2434,Sarothrura boehmi,0,0,0,0,0,0,0,0,0,0,0,0,0,0,0,0
2435,Sarothrura affinis,0,0,0,0,0,1,0,0,0,0,1,0,0,1,0,0
2436,Sarothrura insularis,0,0,0,0,0,0,0,0,0,0,0,0,0,0,0,0
2437,Sarothrura ayresi,0,0,0,2,1,1,0,0,0,1,2,1,1,1,1,1
2438,Sarothrura watersi,0,1,0,2,0,0,0,0,0,0,0,0,0,0,0,0
2439,Himantornis haematopus,0,0,0,0,0,0,0,0,0,0,0,2,0,0,0,0
2440,Canirallus oculeus,0,0,0,0,0,0,0,0,0,0,0,2,0,0,0,0
2441,Mentocrex kioloides,0,0,0,1,0,0,0,0,0,0,0,1,0,0,0,0
2442,Coturnicops exquisitus,0,0,0,1,1,0,0,0,1,0,0,0,0,0,0,0
2443,Coturnicops noveboracensis,0,0,0,0,0,0,0,0,0,0,0,0,0,0,0,0
2444,Coturnicops notatus,0,0,0,0,0,0,0,0,0,0,0,0,0,0,0,0
2445,Micropygia schomburgkii,0,0,0,0,0,1,0,0,0,1,0,0,0,0,0,0
2446,Rallicula rubra,0,0,0,0,0,0,0,0,0,0,0,0,0,0,0,0
2447,Rallicula leucospila,0,0,0,0,0,0,0,0,1,0,0,1,0,0,0,0
2448,Rallicula forbesi,0,0,0,0,0,0,0,0,0,0,0,0,0,0,0,0
2449,Rallicula mayri,0,0,0,0,0,0,0,0,0,0,0,0,0,0,0,0
2450,Rallina tricolor,0,0,0,0,0,0,0,0,0,0,0,0,0,0,0,0
2451,Rallina canningi,0,0,0,2,0,0,0,0,0,0,0,0,2,0,0,0
2452,Rallina fasciata,0,0,0,0,0,0,0,0,0,0,0,0,0,0,0,0
2453,Rallina eurizonoides,0,0,0,0,0,0,0,0,0,0,0,0,0,0,0,0
2454,Rufirallus castaneiceps,0,0,0,0,0,0,0,0,0,0,0,0,0,0,0,0
2455,Rufirallus viridis,0,0,0,0,0,0,0,0,0,0,0,0,0,0,0,0
2456,Porzana fasciata,0,0,0,0,0,0,0,0,0,0,0,0,0,0,0,0
2457,Laterallus melanophaius,0,0,0,0,0,0,0,0,0,0,0,0,0,0,0,0
2458,Laterallus levraudi,0,0,0,1,0,0,0,0,0,0,0,0,1,0,2,0
2459,Laterallus ruber,0,0,0,0,0,0,0,0,0,0,0,0,0,0,0,0
2460,Laterallus albigularis,0,0,0,0,0,0,0,0,0,0,0,0,0,0,0,0
2461,Laterallus exilis,0,0,0,0,0,0,0,0,0,0,0,0,0,0,0,0
2462,Laterallus jamaicensis,0,2,0,2,2,0,0,0,0,0,2,0,0,0,1,0
2463,Laterallus tuerosi,0,2,0,2,2,0,0,0,0,2,2,0,0,0,2,0
2464,Laterallus spilonota,0,1,0,2,0,0,0,0,0,2,0,0,1,0,0,0
2465,Laterallus leucopyrrhus,0,0,0,0,0,0,0,0,0,0,0,0,0,0,0,0
2466,Laterallus xenopterus,0,0,0,2,0,0,0,0,0,0,1,0,0,1,2,0
2467,Gallirallus australis,0,2,0,0,0,0,0,0,1,2,0,0,1,0,0,0
2468,Gallirallus lafresnayanus,0,0,0,0,0,0,0,0,0,3,0,0,0,0,0,0
2469,Hypotaenidia sylvestris,0,2,0,0,0,0,0,0,1,2,0,0,0,0,0,0
2470,Hypotaenidia okinawae,0,0,0,1,1,0,0,0,0,1,0,1,2,0,0,0
2471,Hypotaenidia torquata,0,0,0,0,0,0,0,0,0,0,0,0,0,0,0,0
2472,Hypotaenidia insignis,0,0,0,1,0,0,0,0,1,0,0,1,0,0,0,0
2473,Hypotaenidia philippensis,0,0,0,0,0,0,0,0,0,0,0,0,0,0,0,0
2474,Hypotaenidia rovianae,0,0,0,0,0,0,0,0,0,1,0,0,0,0,0,0
2475,Hypotaenidia owstoni,0,2,0,0,0,1,0,0,0,1,0,0,0,0,0,0
2476,Hypotaenidia wakensis,0,0,0,0,0,0,0,0,2,0,0,0,0,0,0,0
2477,Hypotaenidia pacifica,0,0,0,0,0,0,0,0,0,1,0,0,0,0,0,0
2478,Hypotaenidia dieffenbachii,0,0,0,0,0,1,0,0,0,1,0,0,0,0,0,0
2479,Lewinia striata,0,0,0,0,0,0,0,0,0,0,0,0,0,0,0,0
2480,Rallus wetmorei,0,0,0,0,0,0,0,0,1,0,0,0,2,0,2,0
2481,Rallus limicola,0,0,0,0,0,0,0,0,0,0,0,0,0,0,0,0
2482,Rallus semiplumbeus,0,0,0,1,2,0,0,0,1,0,2,0,1,0,1,0
2483,Rallus antarcticus,0,0,0,1,1,1,0,0,0,2,2,0,1,0,0,0
2484,Rallus caerulescens,0,0,0,0,0,0,0,0,0,0,0,0,0,0,0,0
2485,Rallus madagascariensis,0,0,0,2,0,0,0,0,0,0,0,2,0,0,0,0
2486,Lewinia mirifica,0,0,0,0,0,0,0,0,0,0,0,0,0,0,0,0
2487,Lewinia pectoralis,0,0,0,0,0,0,0,0,0,0,0,0,0,0,0,0
2488,Lewinia muelleri,0,0,0,0,0,0,0,0,0,1,0,0,0,0,0,0
2489,Dryolimnas cuvieri,0,0,0,0,0,0,0,0,0,0,0,0,0,0,0,0
2490,Crex egregia,0,0,0,1,0,0,0,0,0,0,1,0,1,0,0,0
2491,Crex crex,0,1,0,2,0,0,0,0,1,1,0,0,1,0,0,1
2492,Rougetius rougetii,0,1,0,1,0,0,0,0,0,0,1,0,0,0,0,0
2493,Aramidopsis plateni,0,0,0,1,0,0,0,0,2,2,0,2,0,0,0,0
2494,Laterallus rogersi,0,0,0,0,0,0,0,0,0,2,0,0,0,0,0,0
2495,Aramides mangle,0,0,0,0,0,0,0,0,0,0,0,0,0,0,0,0
2496,Aramides axillaris,0,0,0,0,0,0,0,0,0,0,0,0,0,0,0,0
2497,Aramides wolfi,0,0,0,2,0,0,0,0,0,0,1,2,1,0,0,0
2498,Aramides ypecaha,0,0,0,0,0,0,0,0,0,0,0,0,0,0,0,0
2499,Aramides saracura,0,0,0,0,0,0,0,0,0,0,0,0,0,0,0,0
2500,Aramides calopterus,0,0,0,0,0,0,0,0,0,0,0,0,0,0,0,0
2501,Amaurolimnas concolor,0,0,0,0,0,0,0,0,0,0,0,0,0,0,0,0
2502,Gymnocrex rosenbergii,0,0,0,2,0,0,0,0,1,1,0,2,2,0,0,0
2503,Gymnocrex plumbeiventris,0,0,0,0,0,0,0,0,0,0,0,0,0,0,0,0
2504,Zapornia akool,0,0,0,0,0,0,0,0,0,0,0,0,0,0,0,0
2505,Amaurornis olivacea,0,0,0,0,0,0,0,0,0,0,0,0,0,0,0,0
2506,Amaurornis isabellina,0,0,0,0,0,0,0,0,0,0,0,0,0,0,0,0
2507,Amaurornis moluccana,0,0,0,0,0,0,0,0,0,0,0,0,0,0,0,0
2508,Amaurornis phoenicurus,0,0,0,0,0,0,0,0,0,0,0,0,0,0,0,0
2509,Zapornia flavirostra,0,0,0,0,0,0,0,0,0,0,0,0,0,0,0,0
2510,Zapornia olivieri,0,1,0,2,0,2,1,0,1,0,0,0,0,0,0,1
2511,Zapornia bicolor,0,0,0,0,0,0,0,0,0,0,0,0,0,0,0,0
2512,Zapornia parva,0,0,0,0,1,0,0,0,0,0,0,0,0,0,0,0
2513,Zapornia pusilla,0,0,0,0,0,0,0,0,0,0,0,0,1,0,0,0
2514,Zapornia palmeri,0,1,0,0,0,0,0,0,0,1,0,0,0,0,0,0
2515,Porzana porzana,0,1,0,0,1,0,0,0,0,0,0,0,0,0,0,0
2516,Porzana fluminea,0,0,0,0,0,0,0,0,0,0,0,0,0,0,0,0
2517,Porzana carolina,0,0,0,0,0,0,0,0,0,0,0,0,0,0,0,0
2518,Laterallus spilopterus,0,1,0,2,0,0,0,0,0,0,2,0,1,0,0,0
2519,Porzana albicollis,0,0,0,0,0,0,0,0,0,0,0,0,0,0,0,0
2520,Zapornia sandwichensis,0,0,0,0,0,0,0,0,1,1,0,0,0,0,0,0
2521,Zapornia fusca,0,0,0,0,0,0,0,0,0,0,0,0,0,0,0,0
2522,Zapornia paykullii,0,0,0,1,1,0,0,0,0,0,0,0,1,0,0,0
2523,Zapornia tabuensis,0,0,0,0,0,0,0,0,0,0,0,0,0,0,0,0
2524,Zapornia monasa,0,0,0,0,0,0,0,0,0,1,0,0,0,0,0,0
2525,Zapornia atra,0,0,0,0,0,0,0,0,0,2,0,0,0,0,0,0
2526,Laterallus flaviventer,0,0,0,0,0,0,0,0,0,0,0,0,0,0,0,0
2527,Amaurornis cinerea,0,0,0,0,0,0,0,0,0,0,0,0,0,0,0,0
2528,Amaurornis marginalis,0,0,0,1,1,0,0,0,0,0,1,0,0,0,0,0
2529,Cyanolimnas cerverai,0,0,0,0,0,2,0,0,0,2,0,0,0,0,0,0
2530,Neocrex colombiana,0,0,0,0,0,0,0,0,0,0,0,0,0,0,0,0
2531,Neocrex erythrops,0,0,0,0,0,0,0,0,0,0,0,0,0,0,0,0
2532,Pardirallus maculatus,0,0,0,0,0,0,0,0,0,0,0,0,0,0,0,0
2533,Pardirallus nigricans,0,0,0,0,0,0,0,0,0,0,0,0,0,0,0,0
2534,Pardirallus sanguinolentus,0,0,0,0,0,0,0,0,0,0,0,0,0,0,0,0
2535,Eulabeornis castaneoventris,0,0,0,0,0,0,0,0,0,0,0,0,0,0,0,0
2536,Habroptila wallacii,0,0,0,0,1,0,0,0,1,1,0,1,0,0,0,0
2537,Megacrex inepta,0,0,0,0,0,0,0,0,1,1,0,1,0,0,0,0
2538,Gallicrex cinerea,0,0,0,0,0,0,0,0,0,0,0,0,0,0,0,0
2539,Porphyrio porphyrio,0,0,0,0,0,0,0,0,0,0,0,0,0,0,0,0
2540,Porphyrio albus,0,0,0,0,0,0,0,0,1,0,0,0,0,0,0,0
2541,Porphyrio hochstetteri,0,1,0,0,0,0,0,0,1,1,0,0,0,0,0,0
2542,Porphyrio alleni,0,0,0,0,2,0,0,0,0,0,2,0,0,0,0,0
2543,Porphyrio martinicus,0,0,0,0,0,0,0,0,0,0,0,0,0,0,0,0
2544,Porphyrio flavirostris,0,0,0,0,0,0,0,0,0,0,0,0,0,0,0,0
2545,Pareudiastes pacificus,0,0,0,2,0,0,0,0,1,0,0,0,0,0,0,0
2546,Pareudiastes silvestris,0,0,0,0,0,0,0,0,1,1,0,1,0,0,0,0
2547,Gallinula comeri,0,0,0,0,0,0,0,0,1,1,0,0,0,0,0,0
2548,Gallinula tenebrosa,0,0,0,0,0,0,0,0,0,0,0,0,0,0,0,0
2549,Paragallinula angulata,0,0,0,0,2,0,0,0,0,0,2,0,0,0,0,0
2550,Porphyriops melanops,0,0,0,0,0,0,0,0,0,0,0,0,0,0,0,0
2551,Tribonyx ventralis,0,0,0,0,0,0,0,0,0,0,0,0,0,0,0,0
2552,Tribonyx mortierii,0,0,0,0,0,0,0,0,0,0,0,0,0,0,0,0
2553,Fulica cristata,0,0,0,0,1,1,0,0,1,1,1,0,0,0,1,0
2554,Fulica atra,0,0,0,0,1,1,1,0,1,1,0,0,0,0,1,0
2555,Fulica alai,0,1,0,1,0,0,0,0,1,2,0,0,1,0,0,0
2556,Fulica leucoptera,0,0,0,0,0,0,0,0,0,0,0,0,0,0,0,0
2557,Fulica ardesiaca,0,0,0,0,0,0,0,0,0,0,0,0,0,0,0,0
2558,Fulica armillata,0,0,0,0,0,0,0,0,0,0,0,0,0,0,0,0
2559,Fulica rufifrons,0,0,0,0,0,0,0,0,0,0,0,0,0,0,0,0
2560,Fulica gigantea,0,0,0,0,0,0,0,0,0,0,0,0,0,0,0,0
2561,Fulica cornuta,0,0,0,0,1,0,0,0,1,1,1,0,1,0,0,0
2562,Mesitornis variegatus,0,1,0,2,0,2,0,0,1,0,0,2,0,0,0,0
2563,Mesitornis unicolor,0,1,0,2,0,0,0,0,1,0,0,1,0,0,0,0
2564,Monias benschi,0,1,0,2,0,0,0,0,1,0,0,1,0,0,0,0
2565,Syrrhaptes tibetanus,0,0,0,0,0,0,0,0,0,0,0,0,0,0,0,0
2566,Syrrhaptes paradoxus,0,0,0,0,0,0,0,0,0,0,0,0,0,0,0,0
2567,Pterocles alchata,0,0,0,0,0,0,0,0,0,0,0,0,0,0,0,0
2568,Pterocles namaqua,0,0,0,0,0,0,0,0,0,0,0,0,0,0,0,0
2569,Pterocles exustus,0,0,0,0,0,0,0,0,0,0,0,0,0,0,0,0
2570,Pterocles senegallus,0,0,0,0,0,0,0,0,0,0,0,0,0,0,0,0
2571,Pterocles gutturalis,0,0,0,0,0,0,0,0,0,0,0,0,0,0,0,0
2572,Pterocles orientalis,0,0,0,0,0,0,0,0,0,0,0,0,0,0,0,0
2573,Pterocles coronatus,0,0,0,0,0,0,0,0,0,0,0,0,0,0,0,0
2574,Pterocles personatus,0,0,0,0,0,0,0,0,0,0,0,0,0,0,0,0
2575,Pterocles decoratus,0,0,0,0,0,0,0,0,0,0,0,0,0,0,0,0
2576,Pterocles bicinctus,0,0,0,0,0,0,0,0,0,0,0,0,0,0,0,0
2577,Pterocles quadricinctus,0,0,0,0,0,0,0,0,0,0,0,0,0,0,0,0
2578,Pterocles indicus,0,0,0,0,0,0,0,0,0,0,0,0,0,0,0,0
2579,Pterocles lichtensteinii,0,0,0,0,0,0,0,0,0,0,0,0,0,0,0,0
2580,Pterocles burchelli,0,0,0,0,0,0,0,0,0,0,0,0,0,0,0,0
2581,Attagis gayi,0,0,0,0,0,0,0,0,0,0,0,0,0,0,0,0
2582,Attagis malouinus,0,0,0,0,0,0,0,0,0,0,0,0,0,0,0,0
2583,Thinocorus orbignyianus,0,0,0,0,0,0,0,0,0,0,0,0,0,0,0,0
2584,Thinocorus rumicivorus,0,0,0,0,0,0,0,0,0,0,0,0,0,0,0,0
2585,Pedionomus torquatus,0,2,0,2,0,1,0,0,1,1,2,0,0,0,0,0
2586,Scolopax rusticola,0,0,0,0,0,0,0,0,0,0,0,0,0,0,0,0
2587,Scolopax mira,0,0,0,0,0,0,0,0,1,2,0,2,1,0,0,0
2588,Scolopax saturata,0,0,0,1,0,0,0,0,0,0,0,1,0,0,0,0
2589,Scolopax celebensis,0,0,0,0,0,1,0,0,0,0,0,1,0,0,0,0
2590,Scolopax rochussenii,0,0,0,1,0,0,0,0,0,0,0,1,1,0,1,0
2591,Scolopax minor,0,0,0,0,0,0,0,0,0,0,0,0,0,0,0,0
2592,Gallinago solitaria,0,0,0,0,0,0,0,0,0,0,0,0,0,0,0,0
2593,Gallinago hardwickii,0,0,0,0,0,0,0,0,0,0,2,0,0,0,0,0
2594,Gallinago nemoricola,0,0,0,2,0,0,0,0,2,0,1,0,1,0,1,1
2595,Gallinago stenura,0,0,0,0,0,0,0,0,0,0,0,0,0,0,0,0
2596,Gallinago megala,0,0,0,0,0,0,0,0,0,0,0,0,0,0,0,0
2597,Gallinago media,0,1,0,2,2,0,0,0,1,0,0,0,0,0,0,0
2598,Gallinago gallinago,0,0,0,0,0,0,0,0,0,0,0,0,0,0,0,0
2599,Gallinago nigripennis,0,1,0,0,1,1,0,0,0,1,1,0,0,0,0,0
2600,Gallinago macrodactyla,0,0,0,2,0,0,0,0,1,0,0,0,0,0,0,0
2601,Gallinago andina,0,0,0,0,0,0,0,0,0,0,0,0,0,0,0,0
2602,Gallinago nobilis,0,0,0,1,0,1,0,0,2,0,0,0,0,0,0,0
2603,Gallinago undulata,0,0,0,0,0,0,0,0,0,0,0,0,0,0,0,0
2604,Gallinago jamesoni,0,0,0,0,0,0,0,0,0,0,0,0,0,0,0,0
2605,Gallinago stricklandii,0,0,0,0,0,0,0,0,0,0,0,0,0,0,0,0
2606,Gallinago imperialis,0,0,0,2,0,1,0,0,0,0,2,0,0,0,0,0
2607,Lymnocryptes minimus,0,0,0,0,0,0,0,0,0,0,0,0,0,0,0,0
2608,Coenocorypha pusilla,0,0,0,0,0,0,0,0,0,1,0,0,0,0,0,0
2609,Limosa limosa,1,1,0,2,1,1,0,0,2,1,2,0,1,0,1,1
2610,Limosa haemastica,1,0,0,0,0,0,1,0,0,0,0,0,1,0,1,0
2611,Limosa lapponica,1,0,0,2,1,0,0,0,1,1,0,0,2,0,2,2
2612,Limosa fedoa,0,0,0,0,0,0,0,0,0,0,0,0,0,0,0,0
2613,Numenius minutus,0,0,0,0,0,0,0,0,0,0,0,0,0,0,0,0
2614,Numenius borealis,0,0,0,0,0,0,0,0,0,0,0,0,0,0,0,0
2615,Numenius phaeopus,0,0,0,0,0,0,0,0,0,0,0,0,0,0,0,0
2616,Numenius tahitiensis,0,0,0,0,0,0,0,0,0,2,0,0,0,1,0,0
2617,Numenius tenuirostris,0,0,0,0,0,0,0,0,1,0,0,0,0,0,0,0
2618,Numenius arquata,1,0,0,1,1,0,0,0,1,1,2,0,2,0,1,1
2619,Numenius americanus,0,0,0,2,0,0,0,0,1,0,0,0,1,0,0,0
2620,Numenius madagascariensis,2,0,0,1,0,0,0,0,1,0,0,1,3,0,1,0
2621,Bartramia longicauda,0,0,0,0,0,0,0,0,0,0,0,0,0,0,0,0
2622,Tringa erythropus,0,0,0,0,1,0,1,0,0,0,0,0,0,0,0,0
2623,Tringa totanus,0,0,0,0,0,0,0,0,0,0,0,0,0,0,0,0
2624,Tringa stagnatilis,0,0,0,1,1,0,1,0,1,1,0,0,0,0,1,0
2625,Tringa nebularia,0,0,0,0,0,0,0,0,0,0,0,0,0,0,1,1
2626,Tringa guttifer,2,0,0,0,0,0,0,0,1,2,2,0,2,0,1,2
2627,Tringa melanoleuca,0,0,0,0,0,0,0,0,0,0,0,0,0,0,0,0
2628,Tringa flavipes,0,0,0,0,0,0,0,0,0,0,0,0,0,0,0,0
2629,Tringa solitaria,0,0,0,0,0,0,0,0,0,0,0,0,0,0,0,0
2630,Tringa ochropus,0,0,0,0,0,0,0,0,0,1,0,0,0,0,0,0
2631,Tringa glareola,0,1,0,1,0,0,0,0,1,1,0,0,0,1,0,0
2632,Xenus cinereus,0,0,0,0,1,0,1,0,0,0,0,0,0,0,1,0
2633,Actitis hypoleucos,0,0,0,0,0,0,0,0,0,0,0,0,0,0,0,1
2634,Actitis macularius,0,0,0,0,0,0,0,0,0,0,0,0,0,0,0,0
2635,Tringa brevipes,0,0,0,0,0,0,0,0,2,0,0,0,2,0,1,1
2636,Tringa incana,0,0,0,0,0,0,0,0,0,0,0,0,0,0,0,0
2637,Tringa semipalmata,0,0,0,0,0,0,0,0,0,0,0,0,0,0,0,0
2638,Prosobonia leucoptera,0,0,0,0,0,0,0,0,0,1,0,0,0,0,0,0
2639,Arenaria interpres,0,0,0,0,0,0,0,0,0,1,0,0,0,0,0,0
2640,Arenaria melanocephala,0,0,0,0,0,0,0,0,0,0,0,0,0,0,0,0
2641,Limnodromus griseus,0,0,0,0,0,0,0,0,0,0,0,0,0,0,0,0
2642,Limnodromus scolopaceus,0,0,0,0,0,0,0,0,0,0,0,0,0,0,0,0
2643,Limnodromus semipalmatus,0,1,0,1,0,0,0,0,1,0,0,0,1,0,1,0
2644,Calidris virgata,0,0,0,0,0,0,0,0,0,0,0,0,0,0,0,0
2645,Calidris tenuirostris,2,0,0,2,2,0,0,0,1,1,0,0,2,0,1,0
2646,Calidris canutus,1,0,0,1,0,0,1,0,0,1,0,0,1,0,1,1
2647,Calidris alba,0,0,0,0,0,0,0,0,0,0,0,0,0,0,0,0
2648,Calidris pusilla,0,0,0,0,0,0,2,0,2,0,0,0,1,0,1,0
2649,Calidris mauri,0,0,0,0,0,0,0,0,0,0,0,0,0,0,0,0
2650,Calidris minuta,0,1,0,0,1,0,0,0,1,0,0,0,0,0,0,0
2651,Calidris ruficollis,2,0,0,2,0,0,0,0,0,0,0,0,2,0,1,0
2652,Calidris temminckii,0,0,0,0,0,0,0,0,0,1,0,0,0,0,0,0
2653,Calidris subminuta,0,0,0,0,0,0,0,0,0,0,0,0,0,0,0,0
2654,Calidris minutilla,0,0,0,0,0,0,0,0,0,0,0,0,0,0,0,0
2655,Calidris fuscicollis,0,0,0,0,0,0,0,0,0,0,0,0,0,0,0,0
2656,Calidris bairdii,0,0,0,0,0,0,0,0,0,0,0,0,0,0,0,0
2657,Calidris melanotos,0,0,0,0,0,0,0,0,0,0,0,0,0,0,0,0
2658,Calidris acuminata,1,2,0,0,0,0,0,0,1,1,0,0,0,0,1,0
2659,Calidris maritima,0,0,0,0,0,0,0,0,0,0,0,0,0,0,0,0
2660,Calidris ptilocnemis,0,0,0,0,0,0,0,0,0,0,0,0,0,0,0,0
2661,Calidris alpina,0,0,1,0,1,0,0,0,0,1,0,0,0,1,0,1
2662,Calidris ferruginea,1,1,0,1,1,0,1,0,1,1,0,0,1,0,0,1
2663,Calidris himantopus,0,0,0,0,0,0,0,0,0,0,0,0,0,0,0,0
2664,Calidris subruficollis,0,0,0,0,0,0,0,0,0,0,0,0,1,0,0,0
2665,Calidris pygmaea,1,1,0,0,0,0,0,0,2,2,0,0,3,0,1,2
2666,Calidris falcinellus,0,0,0,0,1,0,1,0,0,0,0,0,0,0,0,0
2667,Calidris pugnax,0,0,0,0,0,0,0,0,0,0,0,0,0,0,0,0
2668,Steganopus tricolor,0,0,0,0,0,0,0,0,0,0,0,0,0,0,0,0
2669,Phalaropus lobatus,0,2,0,0,0,0,0,0,0,0,0,0,0,0,0,0
2670,Phalaropus fulicarius,0,0,0,0,0,0,0,0,0,0,0,0,0,0,0,0
2671,Nycticryphes semicollaris,0,0,0,0,0,0,0,0,0,0,0,0,0,0,0,0
2672,Actophilornis africanus,0,0,0,0,0,0,0,0,0,0,0,0,0,0,0,0
2673,Actophilornis albinucha,0,0,0,1,1,0,1,0,1,0,0,0,0,0,1,0
2674,Microparra capensis,0,0,0,0,0,0,0,0,0,0,0,0,0,0,0,0
2675,Irediparra gallinacea,0,0,0,0,0,0,0,0,0,0,0,0,0,0,0,0
2676,Hydrophasianus chirurgus,0,0,0,0,0,0,0,0,0,0,0,0,0,0,0,0
2677,Metopidius indicus,0,0,0,0,0,0,0,0,0,0,0,0,0,0,0,0
2678,Jacana spinosa,0,0,0,0,0,0,0,0,0,0,0,0,0,0,0,0
2679,Jacana jacana,0,0,0,0,0,0,0,0,0,0,0,0,0,0,0,0
2680,Chionis albus,0,0,0,0,0,0,0,0,0,0,0,0,0,0,0,0
2681,Chionis minor,0,0,0,0,0,0,0,0,0,0,0,0,0,0,0,0
2682,Pluvianellus socialis,0,0,0,0,0,0,0,0,0,0,1,0,0,0,0,0
2683,Burhinus senegalensis,0,0,0,0,1,0,0,0,0,0,0,0,0,0,0,0
2684,Burhinus vermiculatus,0,0,0,0,0,0,0,0,0,0,0,0,0,0,0,0
2685,Burhinus capensis,0,0,0,0,0,0,0,0,0,0,0,0,0,0,0,0
2686,Burhinus bistriatus,0,0,0,0,0,0,0,0,0,0,0,0,0,0,0,0
2687,Burhinus superciliaris,0,0,0,0,0,0,0,0,0,0,0,0,0,0,0,0
2688,Burhinus grallarius,0,0,0,1,0,0,0,0,0,1,1,1,1,0,1,0
2689,Esacus recurvirostris,0,0,0,0,2,0,0,0,1,0,0,0,0,0,0,2
2690,Haematopus ostralegus,0,1,0,0,1,0,2,0,0,1,1,0,2,0,0,2
2691,Haematopus meadewaldoi,0,0,0,0,0,0,0,0,0,0,0,0,0,0,0,0
2692,Haematopus moquini,0,0,0,0,0,0,0,0,0,1,0,0,0,0,0,2
2693,Haematopus finschi,0,0,0,0,0,0,0,0,1,0,0,0,0,0,0,0
2694,Haematopus palliatus,0,0,0,0,0,0,0,0,0,0,0,0,0,0,0,0
2695,Haematopus longirostris,0,0,0,0,0,0,0,0,0,0,0,0,0,0,0,0
2696,Haematopus unicolor,0,0,0,0,0,0,0,0,0,0,0,0,0,0,0,0
2697,Haematopus chathamensis,0,1,0,0,0,0,0,0,0,1,0,0,0,0,0,1
2698,Haematopus fuliginosus,0,0,0,0,0,0,0,0,0,0,0,0,0,0,0,0
2699,Haematopus leucopodus,0,0,0,0,0,0,0,0,0,0,0,0,0,0,0,0
2700,Ibidorhyncha struthersii,0,0,0,0,0,0,0,0,0,0,0,0,0,0,0,0
2701,Himantopus novaezelandiae,0,0,0,0,1,0,0,0,0,2,0,0,0,0,0,1
2702,Cladorhynchus leucocephalus,0,0,0,0,0,0,0,0,0,0,0,0,0,0,0,0
2703,Recurvirostra avosetta,0,0,0,0,0,0,0,0,0,0,0,0,0,0,0,0
2704,Recurvirostra americana,0,0,0,0,0,0,0,0,0,0,0,0,0,0,0,0
2705,Recurvirostra novaehollandiae,0,0,0,0,0,0,0,0,0,0,0,0,0,0,0,0
2706,Recurvirostra andina,0,0,0,0,0,0,0,0,0,0,0,0,0,0,0,0
2707,Pluvialis apricaria,0,0,0,0,0,0,0,0,0,0,0,0,0,0,0,0
2708,Pluvialis fulva,0,0,0,0,0,0,0,0,0,0,0,0,0,0,0,0
2709,Pluvialis dominica,0,0,0,0,0,0,0,0,0,0,0,0,0,0,0,0
2710,Pluvialis squatarola,1,0,0,0,0,0,0,0,0,1,0,0,1,0,0,1
2711,Charadrius hiaticula,0,0,0,0,0,0,0,0,0,0,0,0,0,0,0,0
2712,Charadrius semipalmatus,0,0,0,0,0,0,0,0,0,0,0,0,0,0,0,0
2713,Charadrius placidus,0,0,0,0,0,0,0,0,0,0,0,0,0,0,0,0
2714,Charadrius dubius,0,0,0,0,1,0,1,0,0,1,0,0,0,0,1,1
2715,Charadrius wilsonia,0,0,0,0,0,0,0,0,0,0,0,0,0,0,0,0
2716,Charadrius vociferus,0,0,0,0,0,0,0,0,0,0,0,0,0,0,0,0
2717,Charadrius thoracicus,1,0,0,0,0,0,0,0,1,2,0,0,0,0,0,0
2718,Charadrius sanctaehelenae,0,0,0,0,0,0,0,0,0,1,0,0,2,0,0,1
2719,Charadrius pecuarius,0,0,0,0,1,0,0,0,0,1,0,0,1,0,0,1
2720,Charadrius forbesi,0,0,0,0,0,0,0,0,0,0,0,0,0,0,0,0
2721,Charadrius melodus,0,1,0,0,0,0,0,0,0,1,0,0,1,0,0,1
2722,Charadrius pallidus,0,0,0,0,1,0,0,0,0,0,0,0,0,0,0,1
2723,Charadrius marginatus,0,0,0,0,1,0,0,0,0,0,0,0,1,0,0,1
2724,Charadrius ruficapillus,0,0,0,0,0,0,0,0,0,0,0,0,0,0,0,0
2725,Charadrius peronii,0,0,0,0,0,0,0,0,0,0,0,0,1,0,0,1
2726,Charadrius javanicus,0,0,0,0,0,0,0,0,1,0,0,0,1,0,0,1
2727,Charadrius collaris,0,0,0,0,0,0,0,0,0,0,0,0,0,0,0,0
2728,Charadrius bicinctus,0,1,0,0,1,0,0,0,0,2,0,0,1,1,1,1
2729,Charadrius alticola,0,0,0,0,0,0,0,0,0,0,0,0,0,0,0,0
2730,Charadrius falklandicus,0,0,0,0,0,0,0,0,0,0,0,0,0,0,0,0
2731,Charadrius leschenaultii,1,0,0,1,1,0,0,0,1,1,0,0,1,0,0,1
2732,Charadrius asiaticus,0,0,0,1,0,0,0,0,0,0,1,0,0,0,0,0
2733,Charadrius veredus,0,0,0,0,0,0,0,0,0,0,0,0,0,0,0,0
2734,Charadrius montanus,0,0,0,2,0,0,0,0,2,2,1,0,1,0,1,1
2735,Charadrius modestus,0,0,0,0,0,0,0,0,0,0,0,0,0,0,0,0
2736,Thinornis cucullatus,0,1,0,0,0,0,0,0,0,2,0,0,2,0,1,1
2737,Thinornis novaeseelandiae,0,0,0,0,0,0,0,0,0,1,1,0,0,0,0,1
2738,Erythrogonys cinctus,0,0,0,0,0,0,0,0,0,0,0,0,0,0,0,0
2739,Eudromias morinellus,0,0,0,0,0,0,0,0,0,0,0,0,0,0,0,0
2740,Oreopholus ruficollis,0,0,0,0,0,0,0,0,0,0,0,0,0,0,0,0
2741,Anarhynchus frontalis,1,0,0,0,1,0,0,0,0,1,0,0,1,0,1,1
2742,Phegornis mitchellii,0,0,0,0,1,0,0,0,0,0,1,0,1,0,0,1
2743,Peltohyas australis,0,0,0,0,0,0,0,0,0,0,0,0,0,0,0,0
2744,Elseyornis melanops,0,0,0,0,0,0,0,0,0,0,0,0,0,0,0,0
2745,Vanellus vanellus,0,0,0,2,2,0,0,0,0,2,0,0,0,0,1,0
2746,Vanellus crassirostris,0,0,0,0,0,0,0,0,0,0,0,0,0,0,0,0
2747,Vanellus malabaricus,0,0,0,0,0,0,0,0,0,0,0,0,0,0,0,0
2748,Vanellus macropterus,2,0,0,2,0,0,0,0,2,0,0,0,0,0,0,2
2749,Vanellus tricolor,0,0,0,0,0,0,0,0,0,0,0,0,0,0,0,0
2750,Vanellus armatus,0,0,0,0,0,0,0,0,0,0,0,0,0,0,0,0
2751,Vanellus spinosus,0,0,0,0,0,0,0,0,0,0,0,0,0,0,0,0
2752,Vanellus duvaucelii,0,0,0,1,2,0,0,0,2,2,0,0,0,0,0,2
2753,Vanellus tectus,0,0,0,0,0,0,0,0,0,0,0,0,0,0,0,0
2754,Vanellus melanocephalus,0,1,0,0,0,0,0,0,0,0,0,0,0,0,0,0
2755,Vanellus cinereus,0,0,0,0,0,0,0,0,0,0,0,0,0,0,0,0
2756,Vanellus indicus,0,0,0,0,0,0,0,0,0,0,0,0,0,0,0,0
2757,Vanellus albiceps,0,0,0,0,1,0,0,0,0,1,0,0,0,1,0,0
2758,Vanellus senegallus,0,0,0,0,0,0,0,0,0,0,0,0,0,1,0,0
2759,Vanellus lugubris,0,0,0,0,0,0,0,0,0,0,0,0,0,0,0,0
2760,Vanellus melanopterus,0,0,0,0,0,0,0,0,0,0,0,0,0,1,0,0
2761,Vanellus coronatus,0,0,0,0,0,0,0,0,0,0,0,0,0,0,0,0
2762,Vanellus superciliosus,0,0,0,0,0,0,0,0,0,0,0,0,0,0,0,0
2763,Vanellus gregarius,0,0,0,2,0,0,0,0,2,0,1,0,0,0,1,0
2764,Vanellus leucurus,0,0,0,0,1,0,0,0,0,0,0,0,0,0,0,0
2765,Hoploxypterus cayanus,0,0,0,0,0,0,0,0,0,0,0,0,0,0,0,0
2766,Vanellus chilensis,0,0,0,0,0,0,0,0,0,0,0,0,0,0,0,0
2767,Vanellus resplendens,0,0,0,0,0,0,0,0,0,0,0,0,0,0,0,0
2768,Dromas ardeola,0,0,0,0,0,0,0,0,0,0,0,0,0,0,0,0
2769,Pluvianus aegyptius,0,0,0,0,0,0,0,0,0,0,0,0,0,0,0,0
2770,Smutsornis africanus,0,0,0,0,0,0,0,0,0,0,0,0,0,0,0,0
2771,Rhinoptilus chalcopterus,0,0,0,0,0,0,0,0,0,0,0,0,0,0,0,0
2772,Rhinoptilus cinctus,0,0,0,0,0,0,0,0,0,0,0,0,0,0,0,0
2773,Rhinoptilus bitorquatus,0,0,0,0,0,0,0,0,1,0,1,1,1,0,0,1
2774,Cursorius rufus,0,0,0,0,0,0,0,0,0,0,0,0,0,0,0,0
2775,Cursorius temminckii,0,0,0,0,0,0,0,0,0,0,0,0,0,0,0,0
2776,Cursorius coromandelicus,0,0,0,0,0,0,0,0,0,0,0,0,0,0,0,0
2777,Glareola pratincola,0,0,0,0,0,0,0,0,0,0,0,0,0,0,0,0
2778,Glareola maldivarum,0,0,0,0,0,0,0,0,0,0,0,0,0,0,0,0
2779,Glareola nordmanni,0,0,0,0,0,0,0,0,0,0,0,0,0,0,0,0
2780,Glareola ocularis,0,0,0,1,0,0,0,0,0,0,0,0,1,0,1,1
2781,Glareola nuchalis,0,0,0,0,2,0,0,0,0,0,0,0,0,0,0,0
2782,Glareola cinerea,0,0,0,0,2,0,0,0,0,0,0,0,0,0,0,1
2783,Glareola lactea,0,0,0,0,0,0,0,0,0,0,0,0,0,0,0,0
2784,Stiltia isabella,0,0,0,0,0,0,0,0,0,0,0,0,0,0,0,0
2785,Catharacta skua,0,0,0,0,0,0,1,0,1,0,0,0,0,0,0,0
2786,Catharacta chilensis,0,0,0,0,0,0,0,0,0,0,0,0,0,0,0,0
2787,Catharacta maccormicki,0,0,0,0,0,0,0,0,0,0,0,0,0,0,0,0
2788,Stercorarius pomarinus,0,1,0,0,0,0,0,0,0,0,0,0,0,0,0,0
2789,Stercorarius parasiticus,0,1,0,0,0,0,0,0,1,0,0,0,0,0,0,0
2790,Stercorarius longicaudus,0,0,0,0,0,0,0,0,0,0,0,0,0,0,0,0
2791,Rynchops niger,0,0,0,0,0,0,0,0,0,0,0,0,0,0,0,0
2792,Rynchops flavirostris,0,0,0,0,1,0,0,0,1,1,0,0,1,0,2,1
2793,Rynchops albicollis,0,0,0,0,2,0,0,0,2,2,2,0,2,0,1,2
2794,Larus scoresbii,0,0,0,0,0,0,0,0,0,0,0,0,0,0,0,0
2795,Larus pacificus,0,1,0,0,0,0,0,0,0,1,0,0,0,0,0,0
2796,Larus belcheri,0,0,0,0,0,0,0,0,0,0,0,0,1,0,0,1
2797,Larus atlanticus,0,0,0,0,0,0,2,0,1,0,0,0,2,0,2,0
2798,Larus crassirostris,0,0,0,0,0,0,0,0,0,0,0,0,0,0,0,0
2799,Larus modestus,0,2,0,0,0,0,0,0,1,1,0,0,1,0,0,0
2800,Larus heermanni,0,2,0,0,0,0,2,0,1,1,0,0,0,0,1,2
2801,Larus leucophthalmus,0,0,0,0,0,0,0,0,1,2,0,0,1,0,1,2
2802,Larus hemprichii,0,0,0,0,0,0,0,0,1,0,0,0,1,0,1,0
2803,Larus canus,0,0,0,0,0,0,0,0,0,0,0,0,0,0,0,0
2804,Larus audouinii,0,0,0,0,0,0,2,0,0,1,0,0,0,0,0,0
2805,Larus delawarensis,0,0,0,0,0,0,0,0,0,0,0,0,0,0,0,0
2806,Larus californicus,0,1,0,0,0,0,0,0,0,0,0,0,0,0,0,0
2807,Larus marinus,0,0,0,0,0,0,1,0,0,0,0,0,0,0,0,0
2808,Larus dominicanus,0,0,0,0,0,0,0,0,0,0,0,0,0,0,0,0
2809,Larus glaucescens,0,0,0,0,0,0,0,0,0,0,0,0,0,0,0,0
2810,Larus occidentalis,0,0,0,0,0,0,0,0,0,0,0,0,0,0,0,0
2811,Larus livens,0,0,0,0,0,0,0,0,0,0,0,0,0,0,0,0
2812,Larus hyperboreus,0,0,0,0,0,0,0,0,0,0,0,0,0,0,0,0
2813,Larus armenicus,0,0,0,0,2,0,0,0,1,0,0,0,0,0,0,0
2814,Larus schistisagus,0,0,0,0,0,0,0,0,0,0,0,0,0,0,0,0
2815,Larus fuscus,0,0,0,0,0,0,0,0,1,0,0,0,0,0,1,0
2816,Larus ichthyaetus,0,0,0,0,0,0,0,0,0,1,0,0,1,0,0,1
2817,Larus brunnicephalus,0,0,0,0,0,0,0,0,0,0,0,0,0,0,0,0
2818,Larus cirrocephalus,0,0,0,0,0,0,0,0,1,0,0,0,0,0,0,0
2819,Larus hartlaubii,0,0,0,0,0,0,0,0,0,0,0,0,0,0,0,0
2820,Larus bulleri,0,1,0,0,1,0,0,0,1,2,0,0,0,0,0,1
2821,Larus maculipennis,0,0,0,0,0,0,0,0,0,0,0,0,0,0,0,0
2822,Larus ridibundus,0,0,0,0,0,0,0,0,0,0,0,0,0,0,0,0
2823,Larus genei,0,0,0,0,0,0,0,0,0,0,0,0,0,0,1,0
2824,Larus philadelphia,0,0,0,0,0,0,0,0,0,0,0,0,0,0,0,0
2825,Saundersilarus saundersi,2,0,0,1,0,0,1,0,2,2,0,0,2,0,0,0
2826,Larus serranus,0,0,0,0,0,0,0,0,0,0,0,0,0,0,0,0
2827,Larus melanocephalus,0,0,0,0,0,0,0,0,1,0,0,0,1,0,0,1
2828,Larus relictus,0,2,0,2,0,0,0,0,0,1,0,0,2,0,0,0
2829,Larus fuliginosus,0,0,0,0,0,0,2,0,0,1,0,0,0,0,0,0
2830,Larus atricilla,0,0,0,0,0,0,0,0,0,0,0,0,0,0,0,0
2831,Larus pipixcan,0,0,0,0,0,0,0,0,0,0,0,0,0,0,0,0
2832,Hydrocoloeus minutus,0,0,0,0,0,0,0,0,0,0,0,0,0,0,0,0
2833,Pagophila eburnea,0,2,0,0,0,0,0,0,1,0,0,0,1,0,2,0
2834,Rhodostethia rosea,0,0,0,0,0,0,0,0,1,0,0,0,0,0,0,1
2835,Xema sabini,0,0,0,0,0,0,0,0,1,0,0,0,0,0,0,0
2836,Creagrus furcatus,0,1,0,0,0,0,0,0,0,0,0,0,0,0,0,0
2837,Rissa tridactyla,0,1,0,0,0,0,1,0,0,0,0,0,0,0,2,0
2838,Rissa brevirostris,0,2,0,0,0,0,2,0,1,1,0,0,0,0,0,0
2839,Hydroprogne caspia,0,0,0,0,0,0,0,0,1,0,0,0,0,0,0,1
2840,Sterna aurantia,1,1,0,0,2,0,0,0,1,1,1,0,1,0,0,2
2841,Thalasseus maximus,0,0,0,0,0,0,0,0,1,0,0,0,0,0,0,1
2842,Thalasseus elegans,0,2,0,0,0,0,2,0,0,1,0,0,0,0,0,1
2843,Thalasseus bengalensis,0,0,0,0,0,0,0,0,0,0,0,0,0,0,0,0
2844,Thalasseus bergii,0,0,0,0,0,0,0,0,1,0,0,0,0,0,0,1
2845,Thalasseus bernsteini,0,2,0,0,0,0,2,0,3,0,0,0,1,0,1,1
2846,Thalasseus sandvicensis,0,0,0,0,0,0,0,0,1,0,0,0,0,0,0,1
2847,Sterna dougallii,0,0,0,0,0,0,0,0,1,0,0,0,0,0,0,0
2848,Sterna striata,0,0,0,0,0,0,0,0,0,1,0,0,0,0,0,0
2849,Sterna sumatrana,0,0,0,0,0,0,0,0,0,1,0,0,0,0,0,1
2850,Sterna hirundinacea,0,0,0,0,0,0,0,0,0,0,0,0,0,0,0,1
2851,Sterna hirundo,0,0,0,0,0,0,0,0,1,0,0,0,0,0,0,1
2852,Sterna paradisaea,0,0,0,0,0,0,0,0,1,2,0,0,0,0,0,0
2853,Sterna vittata,0,0,0,0,0,0,0,0,0,0,0,0,0,0,0,0
2854,Sterna virgata,0,1,0,0,0,0,0,0,0,1,0,0,0,0,0,0
2855,Sterna forsteri,0,0,0,0,0,0,0,0,0,0,0,0,0,0,0,0
2856,Sterna trudeaui,0,0,0,0,0,0,0,0,0,0,0,0,0,0,0,0
2857,Sternula albifrons,0,0,0,0,0,0,0,0,1,2,0,0,1,0,0,1
2858,Sternula saundersi,0,0,0,0,0,0,0,0,0,0,0,0,0,0,0,2
2859,Sternula antillarum,0,0,0,0,0,0,0,0,0,0,0,0,1,0,0,1
2860,Sternula superciliaris,0,0,0,0,0,0,0,0,0,0,0,0,0,0,0,0
2861,Sternula lorata,0,1,0,1,1,0,2,0,0,2,1,0,2,0,0,2
2862,Sternula nereis,0,2,0,0,1,0,0,0,0,2,0,0,1,0,0,2
2863,Sternula balaenarum,0,1,0,0,0,0,1,0,1,1,0,0,2,0,0,2
2864,Sterna repressa,0,0,0,0,0,0,0,0,1,0,0,0,0,0,1,0
2865,Sterna acuticauda,0,0,0,1,1,0,1,0,1,2,0,0,1,0,0,1
2866,Onychoprion aleuticus,0,0,0,0,0,0,0,0,1,1,0,0,0,0,0,1
2867,Onychoprion lunatus,0,0,0,0,0,0,0,0,0,2,0,0,0,0,0,0
2868,Onychoprion anaethetus,0,0,0,0,0,0,0,0,1,0,0,0,0,0,0,1
2869,Onychoprion fuscatus,0,1,0,0,0,0,0,0,2,2,0,0,0,0,0,0
2870,Chlidonias albostriatus,0,0,0,0,1,0,0,0,0,3,0,0,0,0,0,1
2871,Chlidonias hybrida,0,0,0,0,0,0,0,0,0,0,0,0,0,0,0,0
2872,Chlidonias leucopterus,0,0,0,0,0,0,0,0,0,0,0,0,0,0,0,0
2873,Chlidonias niger,0,1,0,1,1,0,0,0,0,1,0,0,0,0,0,0
2874,Phaetusa simplex,0,0,0,0,0,0,0,0,0,0,0,0,0,0,0,0
2875,Anous stolidus,0,0,0,0,0,0,0,0,1,1,0,0,0,0,0,0
2876,Anous minutus,0,1,0,0,0,0,0,0,1,1,0,0,0,0,0,0
2877,Anous tenuirostris,0,0,0,0,0,0,0,0,0,0,0,0,0,0,0,0
2878,Gygis microrhyncha,0,0,0,0,0,0,0,0,2,1,0,0,0,0,0,0
2879,Larosterna inca,0,2,0,0,0,0,1,0,0,2,0,0,1,0,0,0
2880,Alle alle,0,0,0,0,0,0,1,0,1,0,0,0,0,0,1,0
2881,Uria aalge,0,2,0,0,0,0,2,0,0,0,0,0,0,0,1,0
2882,Uria lomvia,0,2,0,0,0,0,1,0,1,0,0,0,0,0,0,0
2883,Alca torda,0,2,0,0,0,0,2,0,1,1,0,0,1,0,1,0
2884,Pinguinus impennis,0,0,0,0,0,0,0,0,0,0,0,0,0,0,0,0
2885,Cepphus grylle,0,0,0,0,0,0,0,0,0,1,0,0,0,0,2,0
2886,Cepphus columba,0,1,0,0,0,0,0,0,0,2,0,0,0,0,1,0
2887,Cepphus carbo,0,0,0,0,0,0,1,0,0,1,0,0,0,0,0,1
2888,Brachyramphus marmoratus,0,1,0,0,0,0,2,0,0,2,0,3,0,0,2,2
2889,Brachyramphus brevirostris,0,0,0,0,0,0,2,0,0,1,0,0,0,0,2,1
2890,Synthliboramphus craveri,0,0,0,0,0,0,0,0,0,2,0,0,0,0,2,0
2891,Synthliboramphus antiquus,0,2,0,0,0,0,0,0,0,2,0,0,0,0,0,0
2892,Synthliboramphus wumizusume,0,0,0,0,0,0,2,0,1,2,0,0,0,0,1,0
2893,Ptychoramphus aleuticus,0,2,0,0,0,0,1,0,0,2,0,0,0,0,2,2
2894,Aethia psittacula,0,2,0,0,0,0,1,0,0,1,0,0,0,0,1,0
2895,Aethia cristatella,0,0,0,0,0,0,0,0,1,1,0,0,0,0,1,0
2896,Aethia pygmaea,0,0,0,0,0,0,0,0,0,0,0,0,0,0,0,0
2897,Aethia pusilla,0,0,0,0,0,0,0,0,0,1,0,0,0,0,0,0
2898,Cerorhinca monocerata,0,2,0,0,0,0,1,0,0,1,0,0,0,0,0,0
2899,Fratercula arctica,0,2,0,0,0,0,1,0,1,2,0,0,1,0,1,1
2900,Fratercula corniculata,0,0,0,0,0,0,1,0,0,1,0,0,0,0,0,0
2901,Fratercula cirrhata,0,1,0,0,0,0,1,0,0,1,0,0,0,0,1,1
2902,Pandion haliaetus,0,0,0,1,0,0,0,0,1,0,0,0,1,1,0,1
2903,Aviceda cuculoides,0,0,0,0,0,0,0,0,1,1,0,1,0,0,0,0
2904,Aviceda madagascariensis,0,0,0,0,0,0,0,0,0,0,0,0,0,0,0,0
2905,Aviceda jerdoni,0,0,0,0,0,0,0,0,1,1,0,2,0,0,0,0
2906,Aviceda subcristata,0,0,0,0,0,0,0,0,0,0,0,0,0,0,0,0
2907,Aviceda leuphotes,0,0,0,0,0,0,0,0,0,0,0,2,0,0,0,0
2908,Leptodon cayanensis,0,0,0,0,0,0,0,0,0,0,0,0,0,0,0,0
2909,Chondrohierax uncinatus,0,0,0,0,0,0,0,0,1,0,0,1,0,0,0,0
2910,Henicopernis longicauda,0,0,0,0,0,0,0,0,0,0,0,0,0,0,0,0
2911,Henicopernis infuscatus,0,0,0,1,0,0,0,0,1,0,0,2,0,0,0,0
2912,Pernis apivorus,0,0,0,2,0,0,0,0,2,0,0,2,1,2,1,0
2913,Pernis ptilorhynchus,0,0,0,0,0,0,0,0,0,0,0,1,2,0,0,0
2914,Lophoictinia isura,0,0,0,0,0,0,0,0,0,0,0,0,0,0,0,0
2915,Hamirostra melanosternon,0,0,0,1,0,0,0,0,1,0,0,0,0,0,0,0
2916,Elanoides forficatus,0,0,0,0,0,0,0,0,0,0,0,0,0,0,0,0
2917,Macheiramphus alcinus,0,0,0,0,0,0,0,0,0,0,0,0,0,0,0,0
2918,Gampsonyx swainsonii,0,0,0,0,0,0,0,0,0,0,0,0,0,0,0,0
2919,Elanus caeruleus,0,0,0,0,0,0,0,0,1,0,0,0,0,0,1,0
2920,Elanus axillaris,0,0,0,0,0,0,0,0,0,0,0,0,0,0,0,0
2921,Elanus leucurus,0,0,0,0,0,0,0,0,0,0,0,0,0,0,0,0
2922,Elanus scriptus,0,0,0,0,0,0,0,0,0,0,1,0,0,0,0,0
2923,Chelictinia riocourii,0,2,0,2,0,0,0,0,0,0,2,2,2,0,2,0
2924,Rostrhamus sociabilis,0,0,0,0,0,0,0,0,0,0,0,0,0,0,0,0
2925,Helicolestes hamatus,0,0,0,0,0,0,0,0,0,0,0,0,0,0,0,0
2926,Harpagus bidentatus,0,0,0,0,0,0,0,0,0,0,0,0,0,0,0,0
2927,Harpagus diodon,0,0,0,0,0,0,0,0,0,0,0,0,0,0,0,0
2928,Ictinia mississippiensis,0,0,0,0,0,0,0,0,0,0,0,0,0,0,0,0
2929,Ictinia plumbea,0,0,0,0,0,0,0,0,0,0,0,0,0,0,0,0
2930,Milvus milvus,0,0,0,1,0,0,0,0,1,0,1,1,1,0,1,0
2931,Haliastur sphenurus,0,0,0,0,0,0,0,0,0,0,0,0,0,0,0,0
2932,Haliastur indus,0,0,0,0,0,0,0,0,0,0,0,0,0,0,0,0
2933,Haliaeetus leucogaster,0,1,0,1,0,0,0,0,1,0,0,1,1,0,1,0
2934,Haliaeetus sanfordi,0,1,0,1,0,0,0,0,1,0,0,2,0,0,0,0
2935,Haliaeetus vocifer,0,0,0,0,0,0,0,0,0,0,0,0,0,0,0,0
2936,Haliaeetus vociferoides,0,0,0,2,0,0,2,0,2,0,0,2,0,0,1,1
2937,Haliaeetus leucoryphus,0,1,0,2,1,0,2,0,0,1,0,2,1,0,2,2
2938,Haliaeetus albicilla,0,0,0,1,0,0,0,0,2,1,0,0,1,1,2,2
2939,Haliaeetus leucocephalus,0,0,0,0,0,0,0,0,0,0,0,0,0,0,0,0
2940,Haliaeetus pelagicus,0,2,0,0,0,0,2,0,1,1,0,2,2,0,1,0
2941,Icthyophaga humilis,0,0,0,0,0,0,0,0,0,0,0,0,0,0,1,0
2942,Icthyophaga ichthyaetus,0,0,0,0,2,0,2,0,2,0,0,0,0,0,2,0
2943,Gypohierax angolensis,0,0,0,0,0,0,0,0,0,0,0,0,0,0,0,0
2944,Gypaetus barbatus,0,0,0,0,0,0,0,0,1,0,1,0,2,0,1,1
2945,Neophron percnopterus,0,0,0,1,0,0,0,0,2,1,1,0,2,0,1,2
2946,Necrosyrtes monachus,0,0,0,1,0,0,0,0,2,0,0,1,1,0,0,1
2947,Gyps africanus,0,0,0,2,0,0,0,0,2,0,0,1,1,0,1,0
2948,Gyps bengalensis,0,0,0,1,0,0,0,0,2,1,0,1,0,0,1,0
2949,Gyps rueppelli,0,0,0,2,0,0,0,0,2,0,0,0,0,0,0,1
2950,Gyps himalayensis,0,0,0,0,0,0,0,0,1,0,0,0,0,0,1,0
2951,Gyps fulvus,0,0,0,0,0,0,0,0,1,0,0,0,1,0,0,1
2952,Gyps coprotheres,0,0,0,0,0,0,0,0,2,1,0,0,2,0,0,1
2953,Aegypius monachus,0,1,0,2,0,0,0,0,2,0,0,0,1,0,0,1
2954,Torgos tracheliotos,0,0,0,1,0,0,0,0,2,0,0,0,1,0,1,2
2955,Trigonoceps occipitalis,0,0,0,2,0,0,0,0,2,0,0,0,2,0,0,1
2956,Sarcogyps calvus,0,0,0,2,0,0,0,0,2,0,0,1,0,0,3,0
2957,Circaetus cinereus,0,0,0,0,1,0,0,0,1,0,1,1,0,0,1,0
2958,Circaetus fasciolatus,0,0,0,1,0,0,0,0,0,0,0,2,0,0,0,0
2959,Circaetus cinerascens,0,0,0,0,0,0,0,0,0,0,0,0,0,0,0,0
2960,Terathopius ecaudatus,0,0,0,2,0,0,0,0,2,0,0,0,0,0,2,1
2961,Spilornis cheela,0,0,0,0,0,0,0,0,0,0,0,0,0,0,0,0
2962,Spilornis kinabaluensis,0,0,0,1,0,0,0,0,0,0,0,1,0,0,0,0
2963,Spilornis rufipectus,0,0,0,0,0,0,0,0,0,0,0,0,0,0,0,0
2964,Spilornis holospilus,0,0,0,0,0,0,0,0,0,0,0,0,0,0,0,0
2965,Spilornis elgini,0,0,0,2,0,0,0,0,0,0,2,2,0,0,0,0
2966,Dryotriorchis spectabilis,0,0,0,0,0,0,0,0,0,0,0,0,0,0,0,0
2967,Eutriorchis astur,0,3,0,2,0,2,0,0,1,0,0,1,1,0,0,2
2968,Circus aeruginosus,0,0,0,1,1,0,0,0,1,0,1,1,1,0,1,0
2969,Circus ranivorus,0,0,0,0,0,0,0,0,0,0,0,0,0,0,0,0
2970,Circus approximans,0,0,0,0,0,0,0,0,0,0,0,0,0,0,0,0
2971,Circus macrosceles,0,0,0,2,0,2,0,0,2,0,0,0,0,0,0,1
2972,Circus buffoni,0,0,0,0,0,0,0,0,0,0,0,0,0,0,0,0
2973,Circus assimilis,0,0,0,0,0,0,0,0,0,0,0,0,0,0,0,0
2974,Circus maurus,0,1,0,2,1,1,0,0,0,1,0,0,2,0,1,0
2975,Circus cinereus,0,0,0,0,0,0,0,0,0,0,0,0,0,0,0,0
2976,Circus macrourus,0,0,0,2,0,2,0,0,1,0,2,1,0,0,1,0
2977,Circus melanoleucos,0,0,0,2,2,0,0,0,0,0,0,0,0,0,0,0
2978,Circus pygargus,0,1,0,2,0,1,0,0,1,0,1,1,1,0,1,0
2979,Polyboroides typus,0,0,0,0,0,0,0,0,0,0,0,0,0,0,0,0
2980,Polyboroides radiatus,0,0,0,0,0,0,0,0,0,0,0,0,0,0,0,0
2981,Kaupifalco monogrammicus,0,0,0,0,0,0,0,0,0,0,0,0,0,0,0,0
2982,Melierax metabates,0,0,0,0,0,0,0,0,0,0,0,0,0,0,0,0
2983,Melierax poliopterus,0,0,0,0,0,0,0,0,0,0,0,0,0,0,0,0
2984,Melierax canorus,0,0,0,0,0,0,0,0,0,0,0,0,0,0,0,0
2985,Micronisus gabar,0,0,0,0,0,0,0,0,0,0,0,0,0,0,0,0
2986,Accipiter poliogaster,0,0,0,2,0,0,0,0,1,0,2,1,0,0,0,0
2987,Accipiter trivirgatus,0,0,0,0,0,0,0,0,0,0,0,0,0,0,0,0
2988,Accipiter griseiceps,0,0,0,0,0,0,0,0,0,0,0,0,0,0,0,0
2989,Accipiter castanilius,0,0,0,0,0,0,0,0,0,0,0,0,0,0,0,0
2990,Accipiter badius,0,0,0,0,0,1,0,0,1,0,1,1,0,0,1,0
2991,Accipiter butleri,0,0,0,1,0,0,0,0,0,0,0,0,1,0,0,0
2992,Accipiter brevipes,0,0,0,0,0,0,0,0,1,0,0,0,1,0,0,0
2993,Accipiter soloensis,0,0,0,1,0,0,0,0,1,0,0,1,1,0,0,0
2994,Accipiter francesiae,0,0,0,0,0,0,0,0,0,0,0,0,0,0,0,0
2995,Accipiter trinotatus,0,0,0,0,0,0,0,0,0,0,0,0,0,0,0,0
2996,Accipiter melanochlamys,0,0,0,0,0,0,0,0,0,0,0,1,0,0,0,0
2997,Accipiter albogularis,0,0,0,0,0,0,0,0,0,0,0,0,0,0,0,0
2998,Accipiter rufitorques,0,0,0,0,0,0,0,0,0,0,0,0,0,0,0,0
2999,Accipiter haplochrous,0,0,0,1,0,0,0,0,1,0,0,1,0,0,0,0
3000,Accipiter henicogrammus,0,0,0,2,0,1,0,0,0,0,0,2,1,2,0,0
3001,Accipiter luteoschistaceus,0,0,0,1,0,0,0,0,0,0,0,2,2,0,0,0
3002,Accipiter imitator,0,0,0,1,0,0,0,0,0,0,0,2,0,0,0,0
3003,Accipiter poliocephalus,0,0,0,0,0,0,0,0,0,0,0,0,0,0,0,0
3004,Accipiter princeps,0,0,0,2,0,0,0,0,0,0,0,1,2,0,0,0
3005,Accipiter superciliosus,0,0,0,0,0,0,0,0,0,0,0,0,0,0,0,0
3006,Accipiter collaris,0,0,0,0,0,0,0,0,0,0,0,1,0,0,0,0
3007,Accipiter erythropus,0,0,0,0,0,0,0,0,0,0,0,0,0,0,0,0
3008,Accipiter minullus,0,0,0,0,0,0,0,0,0,0,0,0,0,0,0,0
3009,Accipiter gularis,0,0,0,0,0,0,0,0,1,1,0,0,0,0,1,0
3010,Accipiter virgatus,0,0,0,0,0,0,0,0,0,0,0,2,0,0,0,0
3011,Accipiter nanus,0,0,0,0,0,0,0,0,0,0,0,0,0,0,0,0
3012,Accipiter erythrauchen,0,0,0,2,0,1,0,0,0,0,0,1,1,2,0,0
3013,Accipiter brachyurus,0,0,0,2,0,0,0,0,0,0,0,2,0,0,0,0
3014,Accipiter rhodogaster,0,0,0,0,0,0,0,0,0,0,0,0,0,0,0,0
3015,Accipiter madagascariensis,0,0,0,2,0,0,0,0,0,0,0,1,0,0,0,0
3016,Accipiter ovampensis,0,0,0,0,0,0,0,0,0,0,0,1,0,0,0,0
3017,Accipiter nisus,0,0,0,0,0,1,0,0,1,0,0,0,1,1,1,0
3018,Accipiter rufiventris,0,0,0,0,0,0,0,0,0,0,0,0,0,0,0,0
3019,Accipiter cooperii,0,0,0,0,0,0,0,0,0,0,0,0,0,0,0,0
3020,Accipiter gundlachi,0,0,0,2,0,0,0,0,2,0,0,2,0,0,0,0
3021,Accipiter bicolor,0,0,0,0,0,0,0,0,0,0,0,0,0,0,0,0
3022,Accipiter melanoleucus,0,0,0,0,0,0,0,0,0,0,0,0,0,0,0,0
3023,Accipiter henstii,0,0,0,2,0,0,0,0,0,0,0,1,0,0,0,0
3024,Accipiter gentilis,0,0,0,0,0,1,0,0,1,1,0,0,1,1,1,1
3025,Accipiter meyerianus,0,0,0,0,0,0,0,0,0,0,0,0,0,0,0,0
3026,Erythrotriorchis buergersi,0,0,0,0,0,0,0,0,0,0,0,0,0,0,0,0
3027,Erythrotriorchis radiatus,0,0,0,0,0,1,0,0,1,0,1,0,0,1,0,0
3028,Megatriorchis doriae,0,0,0,0,0,0,0,0,0,0,0,1,0,0,0,0
3029,Urotriorchis macrourus,0,0,0,0,0,0,0,0,0,0,0,0,0,0,0,0
3030,Butastur rufipennis,0,1,0,0,0,0,0,0,1,0,2,2,0,0,0,0
3031,Butastur teesa,0,0,0,0,0,0,0,0,0,0,0,0,0,0,0,0
3032,Butastur liventer,0,0,0,0,0,0,0,0,0,0,0,0,0,0,0,0
3033,Butastur indicus,0,0,0,1,1,0,0,0,1,0,0,1,1,0,0,0
3034,Geranospiza caerulescens,0,0,0,0,0,0,0,0,0,0,0,0,0,0,0,0
3035,Cryptoleucopteryx plumbea,0,0,0,1,0,0,0,0,0,0,1,1,1,0,0,0
3036,Buteogallus schistaceus,0,0,0,0,0,0,0,0,0,0,0,0,0,0,0,0
3037,Morphnarchus princeps,0,0,0,0,0,0,0,0,0,0,0,0,0,0,0,0
3038,Leucopternis melanops,0,0,0,0,0,0,0,0,0,0,0,0,0,0,0,0
3039,Leucopternis kuhli,0,0,0,0,0,0,0,0,0,0,0,0,0,0,0,0
3040,Buteogallus lacernulatus,0,0,0,2,0,0,0,0,1,0,0,0,2,0,0,0
3041,Leucopternis semiplumbeus,0,0,0,0,0,0,0,0,0,0,0,0,0,0,0,0
3042,Pseudastur albicollis,0,0,0,0,0,0,0,0,0,0,0,0,0,0,0,0
3043,Pseudastur occidentalis,0,0,0,2,0,0,0,0,0,0,2,1,1,0,0,0
3044,Pseudastur polionotus,0,0,0,2,0,0,0,0,1,0,2,0,2,1,0,0
3045,Buteogallus aequinoctialis,1,0,0,0,0,0,0,0,0,0,0,1,1,0,0,0
3046,Buteogallus urubitinga,0,0,0,0,0,0,0,0,0,0,0,0,0,0,0,0
3047,Buteogallus meridionalis,0,0,0,0,0,0,0,0,0,0,0,0,0,0,0,0
3048,Parabuteo unicinctus,0,0,0,0,0,0,0,0,0,0,0,0,0,0,0,0
3049,Busarellus nigricollis,0,0,0,0,0,0,0,0,0,0,0,0,0,0,0,0
3050,Geranoaetus melanoleucus,0,0,0,0,0,0,0,0,0,0,0,0,0,0,0,0
3051,Buteogallus solitarius,0,1,0,2,0,0,0,0,1,0,2,1,0,0,0,0
3052,Buteogallus coronatus,0,0,0,2,0,0,0,0,1,1,2,0,1,1,0,0
3053,Rupornis magnirostris,0,0,0,0,0,0,0,0,0,0,0,0,0,0,0,0
3054,Buteo lineatus,0,0,0,0,0,0,0,0,0,0,0,0,0,0,0,0
3055,Buteo ridgwayi,0,1,0,3,0,0,0,0,2,2,0,2,2,0,0,1
3056,Buteo platypterus,0,0,0,0,0,0,0,0,0,0,0,0,0,0,0,0
3057,Parabuteo leucorrhous,0,0,0,0,0,0,0,0,0,0,0,0,0,0,0,0
3058,Buteo brachyurus,0,0,0,0,0,0,0,0,0,0,0,0,0,0,0,0
3059,Buteo albigula,0,0,0,0,0,0,0,0,0,0,0,0,0,0,0,0
3060,Buteo swainsoni,0,0,0,0,0,0,0,0,0,0,0,0,0,0,0,0
3061,Geranoaetus albicaudatus,0,0,0,0,0,0,0,0,0,0,0,0,0,0,0,0
3062,Buteo galapagoensis,0,0,0,1,0,0,0,0,1,1,0,0,0,0,0,0
3063,Buteo albonotatus,0,0,0,0,0,0,0,0,0,0,0,0,0,0,0,0
3064,Buteo solitarius,0,1,0,1,0,1,0,0,1,1,1,1,1,0,0,1
3065,Buteo jamaicensis,0,0,0,0,0,0,0,0,0,0,0,0,0,0,0,0
3066,Buteo ventralis,0,0,0,0,0,0,0,0,1,0,2,2,0,1,0,0
3067,Buteo brachypterus,0,0,0,0,0,0,0,0,0,0,0,0,0,0,0,0
3068,Buteo hemilasius,0,0,0,0,0,0,0,0,0,0,1,0,1,0,1,0
3069,Buteo regalis,0,0,0,2,0,1,0,0,0,2,2,0,1,0,0,0
3070,Buteo lagopus,0,0,0,0,0,0,0,0,1,0,1,0,1,0,0,0
3071,Buteo auguralis,0,0,0,0,0,0,0,0,1,0,1,1,0,0,0,0
3072,Buteo rufofuscus,0,0,0,0,0,0,0,0,0,0,0,0,0,0,0,0
3073,Morphnus guianensis,0,0,0,0,0,0,0,0,1,1,0,2,0,0,0,0
3074,Harpia harpyja,0,1,0,2,0,1,0,0,2,0,2,2,1,0,0,0
3075,Harpyopsis novaeguineae,0,0,0,1,0,0,0,0,2,0,0,1,0,0,0,0
3076,Pithecophaga jefferyi,0,0,0,2,0,0,0,0,1,1,0,2,1,0,2,0
3077,Ictinaetus malaiensis,0,0,0,0,0,0,0,0,0,0,0,0,0,0,0,0
3078,Clanga pomarina,0,0,0,1,0,0,0,0,1,0,0,1,1,0,0,1
3079,Clanga clanga,0,0,0,1,2,0,0,0,2,1,0,2,1,1,0,1
3080,Aquila rapax,0,1,0,1,0,0,0,0,2,0,1,1,2,0,0,0
3081,Aquila nipalensis,0,0,0,2,0,1,0,0,1,0,1,1,2,0,1,1
3082,Aquila adalberti,0,0,0,1,0,0,0,0,2,1,0,0,2,1,0,1
3083,Aquila heliaca,0,0,0,0,0,0,0,0,1,1,0,1,1,1,0,1
3084,Aquila gurneyi,0,0,0,0,0,0,0,0,0,0,0,1,0,0,0,0
3085,Aquila chrysaetos,0,0,0,0,0,0,0,0,1,1,0,0,1,1,1,0
3086,Aquila audax,0,0,0,0,0,0,0,0,0,0,0,0,0,0,0,0
3087,Aquila verreauxii,0,0,0,0,0,0,0,0,0,0,0,0,0,0,0,0
3088,Hieraaetus wahlbergi,0,0,0,0,0,0,0,0,1,0,0,1,0,0,0,1
3089,Aquila fasciata,0,0,0,0,0,0,0,0,0,0,0,0,0,0,0,0
3090,Aquila spilogaster,0,0,0,0,0,0,0,0,0,0,0,0,0,0,0,0
3091,Hieraaetus pennatus,0,0,0,1,0,1,0,0,1,0,1,1,1,1,1,1
3092,Hieraaetus ayresii,0,0,0,0,0,0,0,0,1,0,0,1,0,0,0,0
3093,Lophotriorchis kienerii,0,0,0,0,0,0,0,0,0,0,0,2,0,0,0,0
3094,Polemaetus bellicosus,0,0,0,1,1,0,0,0,2,0,0,0,1,0,2,0
3095,Spizaetus melanoleucus,0,0,0,0,0,0,0,0,0,0,0,0,0,0,0,0
3096,Lophaetus occipitalis,0,0,0,0,0,0,0,0,0,0,0,0,0,0,0,0
3097,Aquila africana,0,0,0,0,0,0,0,0,0,0,0,0,0,0,0,0
3098,Nisaetus nipalensis,0,0,0,2,0,0,0,0,1,1,0,2,1,0,0,0
3099,Nisaetus alboniger,0,0,0,0,0,0,0,0,0,0,0,0,0,0,0,0
3100,Nisaetus bartelsi,0,0,0,1,0,1,0,0,2,0,1,2,1,0,0,0
3101,Nisaetus lanceolatus,0,0,0,0,0,0,0,0,0,0,0,0,0,0,0,0
3102,Nisaetus nanus,0,0,0,2,0,1,0,0,1,0,0,2,0,0,0,0
3103,Spizaetus tyrannus,0,0,0,0,0,0,0,0,0,0,0,0,0,0,0,0
3104,Spizaetus ornatus,0,0,0,2,0,0,0,0,1,0,2,0,0,0,0,0
3105,Stephanoaetus coronatus,0,0,0,2,0,0,0,0,2,0,0,2,1,1,0,0
3106,Spizaetus isidori,0,0,0,2,0,0,0,0,0,0,2,2,1,0,0,0
3107,Sagittarius serpentarius,0,1,0,1,0,1,0,0,2,0,2,0,1,0,0,2
3108,Daptrius ater,0,0,0,0,0,0,0,0,0,0,0,0,0,0,0,0
3109,Ibycter americanus,0,0,0,0,0,0,0,0,0,0,0,0,0,0,0,0
3110,Phalcoboenus carunculatus,0,0,0,0,0,0,0,0,0,0,0,0,0,0,0,0
3111,Phalcoboenus megalopterus,0,0,0,0,0,0,0,0,0,0,0,0,0,0,0,0
3112,Phalcoboenus albogularis,0,0,0,0,0,0,0,0,0,0,0,0,0,0,0,0
3113,Phalcoboenus australis,0,0,0,0,0,0,0,0,1,0,0,0,0,0,0,0
3114,Milvago chimachima,0,0,0,0,0,0,0,0,0,0,0,0,0,0,0,0
3115,Phalcoboenus chimango,0,0,0,0,0,0,0,0,0,0,0,0,0,0,0,0
3116,Herpetotheres cachinnans,0,0,0,0,0,0,0,0,0,0,0,0,0,0,0,0
3117,Micrastur ruficollis,0,0,0,0,0,0,0,0,0,0,0,0,0,0,0,0
3118,Micrastur plumbeus,0,0,0,1,0,0,0,0,0,0,0,1,1,1,0,0
3119,Micrastur gilvicollis,0,0,0,0,0,0,0,0,0,0,0,0,0,0,0,0
3120,Micrastur mirandollei,0,0,0,0,0,0,0,0,0,0,0,0,0,0,0,0
3121,Micrastur semitorquatus,0,0,0,0,0,0,0,0,0,0,0,0,0,0,0,0
3122,Micrastur buckleyi,0,0,0,0,0,0,0,0,0,0,0,0,0,0,0,0
3123,Spiziapteryx circumcincta,0,0,0,0,0,0,0,0,0,0,0,0,0,0,0,0
3124,Polihierax semitorquatus,0,0,0,0,0,0,0,0,0,0,0,0,0,0,0,0
3125,Neohierax insignis,0,0,0,0,0,2,0,0,1,0,0,2,0,0,0,0
3126,Microhierax caerulescens,0,0,0,0,0,0,0,0,0,0,0,0,0,0,0,0
3127,Microhierax fringillarius,0,0,0,0,0,0,0,0,0,0,0,0,0,0,0,0
3128,Microhierax latifrons,0,0,0,1,0,1,0,0,1,0,0,1,0,0,0,0
3129,Microhierax erythrogenys,0,0,0,0,0,0,0,0,0,0,0,0,0,0,0,0
3130,Microhierax melanoleucos,0,0,0,0,0,0,0,0,0,0,0,0,0,0,0,0
3131,Falco berigora,0,0,0,0,0,0,0,0,0,0,0,0,0,0,0,0
3132,Falco naumanni,0,0,0,1,0,0,0,0,1,0,1,0,1,1,1,0
3133,Falco tinnunculus,0,0,0,2,0,1,0,0,1,1,1,1,1,0,1,0
3134,Falco newtoni,0,0,0,0,0,0,0,0,0,0,0,0,0,0,0,0
3135,Falco punctatus,0,0,0,0,0,0,0,0,0,2,0,0,0,0,1,0
3136,Falco araeus,0,0,0,0,0,0,0,0,1,2,0,0,1,0,1,0
3137,Falco moluccensis,0,0,0,0,0,0,0,0,0,0,0,0,0,0,0,0
3138,Falco cenchroides,0,0,0,0,0,0,0,0,0,0,0,0,0,0,0,0
3139,Falco sparverius,0,0,0,0,0,0,0,0,0,0,0,0,0,0,0,0
3140,Falco rupicoloides,0,0,0,0,0,0,0,0,0,0,0,0,0,0,0,0
3141,Falco alopex,0,0,0,0,0,0,0,0,0,0,1,0,0,0,1,0
3142,Falco ardosiaceus,0,0,0,0,0,0,0,0,0,0,0,0,0,0,0,0
3143,Falco dickinsoni,0,0,0,0,0,0,0,0,0,0,0,0,0,0,0,0
3144,Falco zoniventris,0,0,0,0,0,0,0,0,0,0,0,0,0,0,0,0
3145,Falco vespertinus,0,0,0,2,0,0,0,0,1,0,0,1,1,0,2,0
3146,Falco amurensis,0,0,0,1,0,0,0,0,1,0,1,1,1,0,0,0
3147,Falco eleonorae,0,1,0,1,0,1,0,0,1,1,1,0,1,0,1,1
3148,Falco concolor,0,0,0,0,0,0,0,0,0,0,0,0,0,0,0,1
3149,Falco femoralis,0,0,0,0,0,0,0,0,0,0,0,0,0,0,0,0
3150,Falco columbarius,0,0,0,1,0,0,0,0,1,1,1,1,1,0,1,1
3151,Falco rufigularis,0,0,0,0,0,0,0,0,0,0,0,0,0,0,0,0
3152,Falco subbuteo,0,0,0,1,0,0,0,0,1,1,0,1,1,0,1,1
3153,Falco cuvierii,0,0,0,0,0,0,0,0,1,0,1,1,0,0,1,0
3154,Falco severus,0,0,0,1,0,0,0,0,0,0,0,1,0,1,0,0
3155,Falco longipennis,0,0,0,0,0,0,0,0,0,0,0,0,0,0,0,0
3156,Falco novaeseelandiae,0,0,0,0,0,0,0,0,1,2,0,0,1,0,0,0
3157,Falco hypoleucos,0,0,0,0,0,0,0,0,0,0,1,0,0,0,0,0
3158,Falco subniger,0,0,0,0,0,0,0,0,0,0,0,0,0,0,0,0
3159,Falco biarmicus,0,0,0,2,0,1,0,0,2,1,1,1,1,2,0,1
3160,Falco jugger,0,0,0,1,0,0,0,0,1,0,0,0,0,0,2,0
3161,Falco cherrug,0,0,0,2,0,0,0,0,2,0,0,0,2,1,1,0
3162,Falco rusticolus,0,0,0,0,0,0,0,0,1,0,0,0,1,0,0,1
3163,Falco mexicanus,0,0,0,0,0,0,0,0,0,0,0,0,0,0,0,0
3164,Falco deiroleucus,0,0,0,2,1,0,0,0,1,2,2,2,0,0,0,1
3165,Falco fasciinucha,0,0,0,0,1,0,0,0,0,1,0,0,0,0,1,1
3166,Rollandia rolland,0,0,0,0,0,0,0,0,0,0,0,0,0,0,0,0
3167,Rollandia microptera,0,0,0,0,0,0,3,0,1,1,0,0,0,0,2,0
3168,Tachybaptus ruficollis,0,0,0,0,0,0,0,0,0,0,0,0,0,0,0,0
3169,Tachybaptus novaehollandiae,0,0,0,0,0,0,0,0,0,0,0,0,0,0,0,0
3170,Tachybaptus rufolavatus,0,0,0,1,0,0,1,0,1,2,0,0,0,0,1,0
3171,Tachybaptus pelzelnii,0,0,0,1,0,0,2,0,0,2,0,0,0,0,1,0
3172,Tachybaptus dominicus,0,0,0,0,0,0,0,0,0,0,0,0,0,0,0,0
3173,Podilymbus podiceps,0,0,0,0,0,0,0,0,0,0,0,0,0,0,0,0
3174,Podilymbus gigas,0,0,0,0,0,0,1,1,0,1,0,0,0,0,0,1
3175,Poliocephalus poliocephalus,0,0,0,0,0,0,0,0,0,0,0,0,0,0,0,0
3176,Poliocephalus rufopectus,1,0,0,0,0,0,0,0,0,1,0,0,0,0,0,1
3177,Podiceps major,0,0,0,0,0,0,0,0,0,0,0,0,0,0,0,0
3178,Podiceps grisegena,1,0,0,0,0,0,1,0,0,1,0,0,0,0,1,0
3179,Podiceps cristatus,0,0,0,0,0,0,0,0,0,1,0,0,0,0,0,0
3180,Podiceps auritus,0,2,0,1,1,0,2,0,0,1,0,0,1,2,1,1
3181,Podiceps nigricollis,0,0,0,0,0,0,0,0,0,0,0,0,0,0,0,0
3182,Podiceps andinus,0,0,0,1,0,0,0,0,1,1,0,0,0,0,1,0
3183,Podiceps taczanowskii,2,2,0,0,3,0,0,0,1,2,0,0,0,0,3,0
3184,Podiceps gallardoi,0,2,0,0,0,0,0,1,0,2,1,0,1,0,0,0
3185,Aechmophorus occidentalis,0,0,0,0,0,0,0,0,0,0,0,0,0,0,0,0
3186,Aechmophorus clarkii,0,0,0,0,0,0,0,0,0,0,0,0,0,0,0,0
3187,Phaethon aethereus,0,0,0,0,0,0,0,0,0,1,0,0,1,0,0,0
3188,Phaethon rubricauda,0,0,0,0,0,0,0,0,0,1,0,0,0,0,0,0
3189,Phaethon lepturus,0,1,0,0,0,0,0,0,0,0,0,0,1,0,1,0
3190,Papasula abbotti,0,1,0,0,0,0,0,0,1,2,0,0,1,0,0,0
3191,Morus bassanus,0,0,0,0,0,0,2,0,0,0,0,0,1,0,0,0
3192,Morus capensis,0,2,0,0,0,0,2,0,1,2,0,0,1,0,1,2
3193,Morus serrator,0,0,0,0,0,0,1,0,0,0,0,0,0,0,0,0
3194,Sula nebouxii,0,2,0,0,0,0,0,0,0,0,0,0,0,0,0,0
3195,Sula variegata,0,2,0,0,0,0,0,0,0,0,0,0,1,0,0,0
3196,Sula sula,0,0,0,0,0,0,0,0,1,0,0,1,0,0,0,0
3197,Sula leucogaster,0,0,0,0,0,0,0,0,1,1,0,0,0,0,0,1
3198,Anhinga anhinga,0,0,0,0,0,0,0,0,0,0,0,0,0,0,0,0
3199,Anhinga rufa,0,0,0,0,0,0,0,0,1,0,0,0,0,0,1,1
3200,Anhinga melanogaster,0,0,0,0,2,0,0,0,1,0,0,0,0,0,1,1
3201,Anhinga novaehollandiae,0,0,0,0,0,0,0,0,0,0,0,0,0,0,0,0
3202,Microcarbo africanus,0,0,0,0,0,0,1,0,1,0,0,0,0,0,0,0
3203,Microcarbo coronatus,0,0,0,0,0,0,0,0,0,2,0,0,0,0,1,1
3204,Microcarbo pygmaeus,0,0,0,1,2,0,0,0,2,0,0,0,0,0,0,0
3205,Microcarbo niger,0,0,0,0,0,0,0,0,0,0,0,0,0,0,0,0
3206,Microcarbo melanoleucos,0,0,0,1,0,0,0,0,0,0,0,0,1,0,0,0
3207,Urile perspicillatus,0,0,0,0,0,0,0,0,2,0,0,0,0,0,0,0
3208,Urile penicillatus,0,0,0,0,0,0,0,0,0,0,0,0,0,0,0,1
3209,Nannopterum harrisi,0,2,0,0,0,0,2,0,0,2,0,0,0,0,1,1
3210,Phalacrocorax neglectus,0,0,0,0,0,0,2,0,0,2,0,0,1,0,1,2
3211,Phalacrocorax fuscescens,0,0,0,0,0,0,0,0,1,0,0,0,0,0,0,0
3212,Nannopterum brasilianum,0,0,0,0,0,0,0,0,1,0,0,0,0,0,0,0
3213,Nannopterum auritum,0,0,0,0,0,0,0,0,0,0,0,0,0,0,1,0
3214,Phalacrocorax fuscicollis,0,0,0,0,0,0,0,0,1,0,0,0,0,0,0,0
3215,Phalacrocorax varius,0,0,0,0,0,0,0,0,0,0,0,0,0,0,0,0
3216,Phalacrocorax sulcirostris,0,0,0,0,0,0,0,0,0,0,0,0,0,0,0,0
3217,Phalacrocorax carbo,0,0,0,0,0,0,1,0,0,0,0,0,0,0,0,0
3218,Phalacrocorax capillatus,0,0,0,0,0,0,0,0,1,0,0,0,0,0,0,2
3219,Phalacrocorax nigrogularis,0,1,0,0,0,0,1,0,0,2,0,0,2,0,1,0
3220,Phalacrocorax capensis,0,1,0,0,0,0,3,0,0,2,0,0,1,0,1,0
3221,Leucocarbo bougainvilliorum,0,2,0,0,0,0,2,0,1,0,0,0,0,0,0,0
3222,Leucocarbo verrucosus,0,0,0,0,0,0,0,0,0,0,0,0,0,0,0,0
3223,Leucocarbo campbelli,0,0,0,0,0,0,0,0,0,1,0,0,0,0,0,0
3224,Leucocarbo carunculatus,0,1,0,0,0,0,2,0,1,0,0,0,0,0,1,1
3225,Leucocarbo chalconotus,0,0,0,0,0,0,2,0,1,0,0,0,0,0,0,1
3226,Leucocarbo onslowi,0,0,0,0,0,0,1,0,1,1,0,0,0,0,0,1
3227,Leucocarbo colensoi,0,0,0,0,0,0,0,0,0,1,0,0,0,0,0,0
3228,Leucocarbo ranfurlyi,0,1,0,0,0,0,0,0,0,2,0,0,0,0,0,0
3229,Leucocarbo magellanicus,0,0,0,0,0,0,1,0,0,0,0,0,0,0,0,1
3230,Urile urile,0,1,0,0,0,0,0,0,0,1,0,0,0,0,0,0
3231,Gulosus aristotelis,0,2,0,0,0,0,1,0,0,1,0,0,1,0,2,0
3232,Poikilocarbo gaimardi,0,2,0,0,0,0,1,0,2,1,0,0,0,0,0,0
3233,Phalacrocorax punctatus,0,0,0,0,0,0,0,0,1,0,0,0,0,0,0,1
3234,Phalacrocorax featherstoni,0,1,0,0,0,0,2,0,1,2,0,0,0,0,0,0
3235,Syrigma sibilatrix,0,0,0,0,0,0,0,0,0,0,0,0,0,0,0,0
3236,Egretta rufescens,0,1,0,0,0,0,0,0,1,0,0,0,2,0,0,1
3237,Egretta vinaceigula,0,2,0,2,1,1,0,0,0,1,0,0,0,0,0,1
3238,Egretta ardesiaca,0,0,0,0,0,0,0,0,0,0,0,0,0,0,0,2
3239,Egretta tricolor,0,0,0,0,0,0,0,0,0,0,0,0,0,0,0,0
3240,Egretta novaehollandiae,0,0,0,0,0,0,0,0,0,0,0,0,0,0,0,0
3241,Egretta caerulea,0,0,0,0,0,0,0,0,0,0,0,0,0,0,0,0
3242,Egretta thula,0,0,0,0,0,0,0,0,0,0,0,0,0,0,0,0
3243,Egretta eulophotes,2,0,0,2,0,0,0,0,1,0,0,0,2,0,2,1
3244,Egretta sacra,0,0,0,0,0,0,0,0,0,0,0,0,0,0,0,0
3245,Pilherodius pileatus,0,0,0,0,0,0,0,0,0,0,0,0,0,0,0,0
3246,Ardea cinerea,0,0,0,1,0,0,0,0,1,1,0,1,0,0,1,0
3247,Ardea cocoi,0,0,0,0,0,0,0,0,0,0,0,0,0,0,0,0
3248,Ardea pacifica,0,0,0,0,0,0,0,0,0,0,0,0,0,0,0,0
3249,Ardea melanocephala,0,0,0,0,0,0,0,0,0,0,0,0,0,0,0,0
3250,Ardea humbloti,0,2,0,2,0,0,1,0,1,0,0,1,0,0,1,1
3251,Ardea goliath,0,0,0,0,0,0,0,0,0,0,0,0,0,0,0,0
3252,Ardea insignis,0,0,0,2,1,0,0,0,1,0,0,2,1,1,2,2
3253,Ardea sumatrana,0,0,0,0,0,0,0,0,0,0,0,0,0,0,0,0
3254,Ardea purpurea,0,0,0,0,0,0,0,0,0,0,0,0,0,0,0,0
3255,Egretta picata,0,0,0,0,0,0,0,0,0,0,0,0,0,0,0,0
3256,Ardea alba,0,0,0,0,0,0,0,0,0,0,0,0,0,0,0,0
3257,Bubulcus ibis,0,0,0,0,0,0,0,0,0,0,0,0,0,0,0,0
3258,Ardeola ralloides,0,0,0,0,0,0,0,0,0,0,0,0,0,0,0,0
3259,Ardeola grayii,0,0,0,0,0,0,0,0,0,0,0,0,0,0,0,0
3260,Ardeola bacchus,0,0,0,0,0,0,0,0,0,0,0,0,0,0,0,0
3261,Ardeola speciosa,0,0,0,0,0,0,0,0,0,0,0,0,0,0,0,0
3262,Ardeola idae,0,0,0,2,2,1,0,0,2,0,0,0,0,0,0,0
3263,Ardeola rufiventris,0,0,0,0,0,0,0,0,0,0,0,0,0,0,0,0
3264,Agamia agami,0,0,0,1,0,0,0,0,0,0,1,1,1,0,1,0
3265,Nyctanassa violacea,0,0,0,0,0,0,0,0,0,0,0,0,0,0,0,0
3266,Nycticorax nycticorax,0,0,0,0,0,0,0,0,0,0,0,0,0,0,0,0
3267,Nycticorax caledonicus,0,0,0,0,0,0,0,0,0,0,0,0,0,0,0,0
3268,Calherodius leuconotus,0,0,0,1,1,0,0,0,0,0,1,0,0,0,1,0
3269,Oroanassa magnifica,0,0,0,2,1,0,0,0,1,0,1,2,1,0,1,1
3270,Gorsachius goisagi,0,0,0,2,0,0,0,1,1,2,0,2,1,0,0,0
3271,Gorsachius melanolophus,0,0,0,0,0,0,0,0,0,0,0,0,0,0,0,0
3272,Cochlearius cochlearius,0,0,0,0,0,0,0,0,0,0,0,0,0,0,0,0
3273,Tigrisoma mexicanum,0,0,0,0,0,0,0,0,0,0,0,0,0,0,0,0
3274,Tigrisoma fasciatum,0,0,0,0,0,0,0,0,0,0,0,0,0,0,0,0
3275,Tigrisoma lineatum,0,0,0,0,0,0,0,0,0,0,0,0,0,0,0,0
3276,Zonerodius heliosylus,0,0,0,0,0,0,0,0,0,0,0,1,0,0,0,0
3277,Tigriornis leucolopha,0,0,0,0,0,0,0,0,0,0,0,0,0,0,0,0
3278,Zebrilus undulatus,0,0,0,1,0,0,0,0,1,0,1,0,0,0,0,0
3279,Ixobrychus involucris,0,0,0,0,0,0,0,0,0,0,0,0,0,0,0,0
3280,Ixobrychus sinensis,0,0,0,0,0,0,0,0,0,0,0,0,0,0,0,0
3281,Ixobrychus novaezelandiae,0,0,0,0,0,0,0,0,0,0,0,0,0,0,0,0
3282,Ixobrychus exilis,0,0,0,0,0,0,0,0,0,0,0,0,0,0,0,0
3283,Ixobrychus eurhythmus,0,0,0,0,0,0,0,0,0,0,0,0,0,0,0,0
3284,Ixobrychus cinnamomeus,0,0,0,0,0,0,0,0,0,0,0,0,0,0,0,0
3285,Ixobrychus sturmii,0,0,0,0,0,0,0,0,0,0,0,0,0,0,0,0
3286,Ixobrychus flavicollis,0,0,0,0,0,0,0,0,0,0,0,0,0,0,0,0
3287,Botaurus lentiginosus,0,0,0,0,0,0,0,0,0,0,0,0,0,0,0,0
3288,Botaurus pinnatus,0,0,0,0,0,0,0,0,0,0,0,0,0,0,0,0
3289,Botaurus stellaris,0,0,0,0,0,0,0,0,0,0,0,0,0,0,0,0
3290,Botaurus poiciloptilus,0,2,0,1,2,1,0,0,1,1,0,0,1,0,0,1
3291,Scopus umbretta,0,0,0,0,0,0,0,0,0,0,0,0,0,0,0,0
3292,Phoenicopterus roseus,0,0,0,0,0,0,0,0,0,0,0,0,0,0,0,0
3293,Phoenicopterus chilensis,0,0,0,0,1,0,0,0,1,0,0,0,1,0,0,1
3294,Phoeniconaias minor,0,0,0,0,1,0,0,0,0,0,0,0,1,0,1,1
3295,Phoenicoparrus andinus,0,1,0,0,2,0,0,0,1,0,0,0,2,0,2,1
3296,Phoenicoparrus jamesi,0,2,0,0,0,0,0,0,2,0,0,0,2,0,0,2
3297,Eudocimus albus,0,0,0,0,0,0,0,0,0,0,0,0,0,0,0,0
3298,Eudocimus ruber,0,0,0,0,0,0,0,0,0,0,0,0,0,0,0,0
3299,Phimosus infuscatus,0,0,0,0,0,0,0,0,0,0,0,0,0,0,0,0
3300,Plegadis falcinellus,0,0,0,0,0,0,0,0,0,0,0,0,0,0,0,0
3301,Plegadis chihi,0,0,0,0,0,0,0,0,0,0,0,0,0,0,0,0
3302,Plegadis ridgwayi,0,0,0,0,0,0,0,0,0,0,0,0,0,0,0,0
3303,Cercibis oxycerca,0,0,0,0,0,0,0,0,0,0,0,0,0,0,0,0
3304,Theristicus caerulescens,0,0,0,0,0,0,0,0,0,0,0,0,0,0,0,0
3305,Theristicus caudatus,0,0,0,0,0,0,0,0,0,0,0,0,0,0,0,0
3306,Theristicus branickii,0,0,0,0,0,0,0,0,2,0,2,0,0,0,0,0
3307,Mesembrinibis cayennensis,0,0,0,0,0,0,0,0,0,0,0,0,0,0,0,0
3308,Bostrychia hagedash,0,1,0,0,0,0,0,0,1,0,0,0,0,0,0,0
3309,Bostrychia carunculata,0,0,0,0,0,0,0,0,0,0,0,0,0,0,0,0
3310,Bostrychia olivacea,0,0,0,0,0,0,0,0,0,0,0,0,0,0,0,0
3311,Bostrychia bocagei,0,0,0,1,1,0,0,0,2,0,0,2,1,0,0,0
3312,Bostrychia rara,0,0,0,0,0,0,0,0,0,0,0,2,0,0,0,0
3313,Geronticus eremita,0,1,0,2,0,0,0,0,2,1,1,0,2,0,1,1
3314,Geronticus calvus,0,2,0,1,0,0,0,0,1,1,0,0,1,1,1,1
3315,Lophotibis cristata,0,0,0,0,0,0,0,0,2,0,0,2,0,0,0,0
3316,Threskiornis aethiopicus,0,0,0,0,0,0,0,0,1,1,0,0,0,0,0,1
3317,Threskiornis melanocephalus,0,0,0,1,1,0,0,0,1,0,0,0,0,0,1,1
3318,Threskiornis moluccus,0,0,0,0,0,0,0,0,0,0,0,0,0,0,0,0
3319,Threskiornis spinicollis,0,0,0,0,0,0,0,0,0,0,0,0,0,0,0,0
3320,Pseudibis papillosa,0,0,0,0,0,0,0,0,0,0,0,0,0,0,0,0
3321,Pseudibis davisoni,0,0,0,2,0,1,0,0,3,0,1,2,2,0,0,3
3322,Thaumatibis gigantea,0,0,0,2,1,2,0,0,2,0,1,2,2,0,0,2
3323,Nipponia nippon,0,0,0,0,0,0,0,0,1,0,0,1,0,0,1,0
3324,Platalea leucorodia,0,0,0,0,0,0,0,0,0,0,0,0,0,0,0,0
3325,Platalea regia,0,0,0,0,0,0,0,0,0,0,0,0,0,0,0,0
3326,Platalea alba,0,0,0,0,1,0,0,0,0,0,0,0,0,0,0,0
3327,Platalea minor,1,0,0,0,0,0,0,0,0,0,0,0,1,0,1,1
3328,Platalea flavipes,0,0,0,0,0,0,0,0,0,0,0,0,0,0,0,0
3329,Platalea ajaja,0,0,0,0,0,0,0,0,0,0,0,0,0,0,0,0
3330,Balaeniceps rex,0,1,1,2,0,1,0,0,1,1,1,0,1,0,1,1
3331,Pelecanus onocrotalus,0,0,0,1,0,0,0,0,1,0,0,0,0,0,2,1
3332,Pelecanus rufescens,0,0,0,1,1,0,0,0,0,0,0,1,0,0,1,1
3333,Pelecanus crispus,0,0,0,1,1,0,1,0,1,1,0,0,1,0,1,1
3334,Pelecanus philippensis,1,0,0,2,0,0,2,0,2,1,1,1,2,0,2,2
3335,Pelecanus conspicillatus,0,0,0,0,0,0,0,0,0,0,0,0,0,0,0,0
3336,Pelecanus erythrorhynchos,0,0,0,0,0,0,0,0,0,0,0,0,0,0,0,0
3337,Pelecanus thagus,0,2,0,0,0,0,2,0,0,0,0,0,0,0,0,0
3338,Coragyps atratus,0,0,0,0,0,0,0,0,0,0,0,0,0,0,0,0
3339,Cathartes aura,0,0,0,0,0,0,0,0,0,0,0,0,0,0,0,0
3340,Cathartes burrovianus,0,0,0,0,0,0,0,0,0,0,0,0,0,0,0,0
3341,Cathartes melambrotus,0,0,0,0,0,0,0,0,0,0,0,0,0,0,0,0
3342,Gymnogyps californianus,0,0,0,0,0,0,0,0,1,1,0,0,1,0,1,0
3343,Vultur gryphus,0,0,0,1,0,0,0,0,2,2,0,0,1,1,0,0
3344,Sarcoramphus papa,0,0,0,1,0,0,0,0,1,0,1,1,0,0,0,0
3345,Mycteria americana,0,0,0,0,0,0,0,0,0,0,0,0,0,0,0,0
3346,Mycteria cinerea,2,0,0,2,0,0,0,0,2,0,0,2,2,0,0,2
3347,Mycteria ibis,0,0,0,0,0,0,0,0,0,0,0,0,0,0,0,0
3348,Mycteria leucocephala,0,0,0,0,1,0,0,0,0,0,0,0,0,0,1,1
3349,Anastomus oscitans,0,0,0,0,0,0,0,0,0,0,0,0,0,0,0,0
3350,Anastomus lamelligerus,0,0,0,0,0,0,0,0,0,0,0,0,0,0,0,0
3351,Ciconia nigra,0,0,0,0,0,0,0,0,0,0,0,0,0,0,0,0
3352,Ciconia abdimii,0,0,0,1,0,0,0,0,1,0,1,0,1,0,1,0
3353,Ciconia stormi,0,0,0,2,0,1,0,0,1,0,0,2,0,2,0,0
3354,Ciconia maguari,0,0,0,0,0,0,0,0,0,0,0,0,0,0,0,0
3355,Ciconia ciconia,0,0,0,0,0,0,0,0,0,0,0,0,0,0,0,0
3356,Ciconia boyciana,1,0,0,2,1,1,1,0,1,0,0,1,1,0,2,2
3357,Ephippiorhynchus asiaticus,1,2,0,2,0,0,1,0,2,0,1,1,1,0,1,2
3358,Ephippiorhynchus senegalensis,0,0,0,0,0,0,0,0,0,0,0,0,0,0,0,0
3359,Jabiru mycteria,0,0,0,0,0,0,0,0,0,0,0,0,0,0,0,0
3360,Leptoptilos javanicus,0,0,0,1,0,0,0,0,1,0,0,0,0,0,0,1
3361,Leptoptilos crumenifer,0,0,0,0,0,0,0,0,0,0,0,0,0,0,0,0
3362,Leptoptilos dubius,1,0,0,1,0,0,0,0,1,0,1,1,1,0,1,1
3363,Fregata magnificens,0,0,0,0,0,0,0,0,1,0,0,0,1,0,0,1
3364,Fregata aquila,0,0,0,0,0,0,2,0,1,1,0,0,0,0,0,0
3365,Fregata minor,0,1,0,0,0,0,0,0,0,0,0,0,0,0,0,1
3366,Fregata ariel,0,1,0,0,0,0,0,0,0,1,0,0,0,0,0,1
3367,Fregata andrewsi,0,0,0,1,0,0,2,0,3,0,0,0,1,0,0,0
3368,Aptenodytes patagonicus,0,0,0,0,0,0,0,0,0,1,0,0,0,0,0,0
3369,Aptenodytes forsteri,0,2,0,0,0,0,0,0,0,0,0,0,0,0,0,1
3370,Pygoscelis papua,0,0,0,0,0,0,1,0,1,1,0,0,0,0,1,1
3371,Pygoscelis adeliae,0,2,0,0,0,0,1,0,0,0,0,0,0,0,0,1
3372,Pygoscelis antarcticus,0,2,0,0,0,0,1,0,0,0,0,0,0,0,0,0
3373,Eudyptes pachyrhynchus,0,2,0,0,0,0,2,0,0,2,0,0,1,0,1,1
3374,Eudyptes robustus,0,2,0,0,0,0,2,0,0,0,0,0,0,0,1,0
3375,Eudyptes sclateri,0,0,0,0,0,0,0,0,0,0,0,0,0,0,0,0
3376,Eudyptes chrysolophus,0,2,0,0,0,0,2,0,0,2,0,0,0,0,0,0
3377,Eudyptes schlegeli,0,0,0,0,0,0,0,0,0,0,0,0,0,0,0,1
3378,Megadyptes antipodes,0,2,0,0,0,0,2,0,0,1,1,0,1,0,0,1
3379,Eudyptula minor,1,2,0,0,0,2,2,0,0,1,0,0,1,0,1,1
3380,Spheniscus demersus,0,2,0,0,0,0,2,0,1,2,0,0,0,0,2,0
3381,Spheniscus humboldti,0,2,0,0,0,0,2,0,1,1,0,0,1,0,1,1
3382,Spheniscus magellanicus,1,1,0,0,0,1,2,0,1,1,1,0,1,0,2,1
3383,Spheniscus mendiculus,0,2,0,0,0,0,1,0,1,2,0,0,2,0,1,1
3384,Gavia stellata,0,1,0,0,0,0,1,0,0,0,0,0,1,0,1,0
3385,Gavia arctica,0,0,0,0,0,0,1,0,0,0,0,0,1,0,1,0
3386,Gavia pacifica,0,0,0,0,0,0,0,0,0,0,0,0,0,0,1,0
3387,Gavia immer,0,0,0,0,0,0,1,0,0,0,0,0,0,0,0,0
3388,Gavia adamsii,0,0,0,0,0,0,1,0,2,0,0,0,0,0,1,0
3389,Macronectes giganteus,0,0,0,0,0,0,1,0,0,0,0,0,0,0,0,0
3390,Macronectes halli,0,0,0,0,0,0,0,0,0,0,0,0,0,0,0,0
3391,Fulmarus glacialis,0,0,0,0,0,0,1,0,0,1,0,0,0,0,1,0
3392,Fulmarus glacialoides,0,1,0,0,0,0,0,0,0,0,0,0,0,0,0,0
3393,Thalassoica antarctica,0,0,0,0,0,0,0,0,0,0,0,0,0,0,0,0
3394,Daption capense,0,0,0,0,0,0,0,0,0,0,0,0,0,0,0,0
3395,Pagodroma nivea,0,1,0,0,0,0,0,0,0,0,0,0,0,0,0,0
3396,Aphrodroma brevirostris,0,0,0,0,0,0,0,0,0,1,0,0,0,0,0,0
3397,Pseudobulweria aterrima,0,0,0,0,0,0,0,0,0,2,0,0,0,0,2,0
3398,Pseudobulweria becki,0,0,0,0,0,0,0,0,0,0,0,0,2,0,0,0
3399,Pseudobulweria rostrata,0,0,0,0,0,0,0,0,1,2,0,0,2,0,2,0
3400,Pseudobulweria macgillivrayi,0,0,0,0,0,0,0,0,0,2,0,0,0,0,0,0
3401,Pterodroma axillaris,0,0,0,0,0,0,0,0,1,2,0,0,0,0,0,0
3402,Pterodroma nigripennis,0,0,0,0,0,0,0,1,0,1,0,0,0,0,0,0
3403,Pterodroma cervicalis,0,0,0,0,0,0,0,0,0,2,0,0,0,0,0,0
3404,Pterodroma inexpectata,0,2,0,0,0,0,0,0,1,1,0,0,0,0,0,0
3405,Pterodroma hypoleuca,0,1,0,0,0,0,0,0,0,1,0,0,0,0,0,0
3406,Pterodroma leucoptera,0,0,0,0,0,0,0,0,0,2,0,0,0,0,1,0
3407,Pterodroma cookii,0,0,0,0,0,0,0,0,0,1,0,0,0,0,0,0
3408,Pterodroma pycrofti,0,0,0,0,0,0,0,0,0,1,0,0,0,0,0,0
3409,Pterodroma brevipes,0,0,0,0,0,0,0,0,1,2,0,0,0,0,0,0
3410,Pterodroma defilippiana,0,0,0,0,0,0,0,0,0,2,0,0,0,0,0,0
3411,Pterodroma longirostris,0,0,0,0,0,0,0,0,0,2,0,0,0,0,0,0
3412,Pterodroma alba,0,2,0,0,0,0,0,0,2,2,0,0,0,0,0,0
3413,Pterodroma arminjoniana,0,0,0,0,0,0,0,0,0,1,0,0,1,0,0,0
3414,Pterodroma heraldica,0,0,0,0,0,0,0,0,0,1,0,0,0,0,0,0
3415,Pterodroma sandwichensis,0,2,0,0,0,0,0,0,1,2,1,0,2,0,2,0
3416,Pterodroma phaeopygia,0,2,0,1,0,0,0,0,0,3,1,0,0,0,0,0
3417,Pterodroma neglecta,0,0,0,0,0,0,0,0,0,1,0,0,0,0,0,0
3418,Pterodroma externa,0,0,0,0,0,0,2,0,0,2,0,0,0,0,1,0
3419,Pterodroma baraui,0,0,0,0,0,0,0,0,1,3,0,0,0,0,1,0
3420,Pterodroma ultima,0,0,0,0,0,0,0,0,0,1,0,0,0,0,0,0
3421,Pterodroma solandri,0,1,0,0,0,0,1,0,0,1,0,0,0,0,1,0
3422,Pterodroma magentae,0,1,0,0,0,0,0,0,1,2,0,0,0,0,0,0
3423,Pterodroma lessonii,0,0,0,0,0,0,0,0,0,2,0,0,0,0,0,0
3424,Pterodroma madeira,0,0,0,0,0,2,0,0,1,2,0,0,0,0,0,1
3425,Pterodroma mollis,0,0,0,0,0,0,0,0,0,2,0,0,0,0,0,0
3426,Pterodroma incerta,0,1,0,0,0,0,0,0,1,3,0,0,0,0,1,0
3427,Pterodroma cahow,0,1,0,0,0,0,0,0,1,1,0,0,0,0,1,0
3428,Pterodroma hasitata,0,0,0,1,0,0,0,0,1,2,2,2,2,0,2,0
3429,Pterodroma caribbaea,0,0,0,0,0,0,0,0,1,0,0,0,0,0,0,0
3430,Halobaena caerulea,0,0,0,0,0,0,0,0,0,2,0,0,0,0,0,0
3431,Pachyptila vittata,0,1,0,0,0,0,0,0,0,2,0,0,0,0,0,0
3432,Pachyptila desolata,0,0,0,0,0,0,0,0,0,2,0,0,0,0,0,0
3433,Pachyptila belcheri,0,0,0,0,0,0,0,0,0,1,0,0,0,0,0,0
3434,Pachyptila turtur,0,0,0,0,0,0,0,0,0,2,0,0,0,0,0,0
3435,Pachyptila crassirostris,0,0,0,0,0,0,0,0,0,2,0,0,0,0,0,0
3436,Bulweria bulwerii,0,0,0,0,0,0,0,0,1,2,0,0,1,0,1,0
3437,Bulweria fallax,0,0,0,0,0,0,0,0,0,1,0,0,0,0,0,0
3438,Procellaria aequinoctialis,0,0,0,0,0,0,2,0,0,1,0,0,0,0,0,0
3439,Procellaria parkinsoni,0,2,0,0,0,0,2,0,0,1,0,0,0,0,0,0
3440,Procellaria westlandica,0,1,0,0,0,0,2,1,0,1,1,0,0,0,0,0
3441,Procellaria cinerea,0,0,0,0,0,0,2,0,0,2,0,0,0,0,0,0
3442,Calonectris leucomelas,0,2,0,0,0,0,0,0,0,2,0,0,0,0,2,1
3443,Ardenna pacifica,0,1,0,0,0,0,2,0,0,1,0,0,0,0,0,1
3444,Ardenna bulleri,0,0,0,0,0,0,2,0,0,0,0,0,0,0,0,0
3445,Ardenna carneipes,0,0,0,0,0,0,2,0,1,1,0,0,1,0,2,0
3446,Ardenna creatopus,0,0,0,0,0,0,2,0,1,2,0,0,0,0,0,0
3447,Ardenna gravis,0,0,0,0,0,0,0,0,0,0,0,0,0,0,0,0
3448,Ardenna grisea,0,2,0,0,0,0,2,0,1,2,0,0,0,0,0,0
3449,Ardenna tenuirostris,0,1,0,0,0,0,2,0,0,1,0,0,0,0,1,0
3450,Puffinus nativitatis,0,0,0,0,0,0,0,0,0,0,0,0,0,0,0,0
3451,Puffinus puffinus,0,0,0,0,0,0,0,0,1,1,0,0,0,0,1,0
3452,Puffinus yelkouan,0,0,0,0,0,0,2,0,1,2,0,0,1,0,1,0
3453,Puffinus auricularis,0,0,0,0,0,0,0,1,0,3,0,0,0,0,1,0
3454,Puffinus opisthomelas,0,0,0,0,0,0,2,0,0,1,0,0,2,0,1,1
3455,Puffinus gavia,0,0,0,0,0,0,0,0,0,1,0,0,0,0,0,0
3456,Puffinus huttoni,0,0,0,0,0,0,2,0,0,2,0,0,0,0,1,0
3457,Puffinus persicus,0,0,0,0,0,0,0,0,2,0,0,0,0,0,0,0
3458,Puffinus bannermani,0,0,0,0,0,0,0,0,0,2,0,0,0,0,0,0
3459,Puffinus heinrothi,0,0,0,0,0,0,0,0,0,0,0,0,0,0,0,0
3460,Pelecanoides garnotii,0,2,0,0,0,0,2,0,1,2,0,0,1,0,1,1
3461,Pelecanoides magellani,0,0,0,0,0,0,0,0,0,1,0,0,1,0,0,0
3462,Pelecanoides urinatrix,0,0,0,0,0,0,0,0,0,1,0,0,0,0,0,0
3463,Diomedea exulans,0,2,0,0,0,0,2,0,0,1,0,0,0,0,0,0
3464,Diomedea amsterdamensis,0,0,0,0,0,0,1,0,0,2,0,0,0,0,0,0
3465,Diomedea epomophora,0,0,0,0,0,0,2,0,0,2,0,0,0,0,0,0
3466,Phoebastria irrorata,0,2,0,0,0,0,2,0,2,1,0,0,0,0,1,0
3467,Phoebastria albatrus,0,0,0,0,0,0,2,2,1,0,0,0,0,0,0,0
3468,Phoebastria nigripes,0,1,0,0,0,0,2,0,1,0,0,0,0,0,0,0
3469,Phoebastria immutabilis,0,1,0,0,0,0,2,0,0,1,0,0,0,0,0,0
3470,Thalassarche melanophris,0,2,0,0,0,0,2,0,1,2,0,0,0,0,0,0
3471,Thalassarche salvini,0,0,0,0,0,0,2,0,0,0,0,0,0,0,0,0
3472,Thalassarche eremita,0,1,0,0,0,0,0,0,0,0,0,0,0,0,0,0
3473,Thalassarche chrysostoma,0,2,0,0,0,0,2,0,0,1,0,0,0,0,0,0
3474,Thalassarche chlororhynchos,0,0,0,0,0,0,2,0,0,1,0,0,0,0,0,0
3475,Phoebetria fusca,0,0,0,0,0,0,2,0,0,1,0,0,0,0,0,0
3476,Oceanites oceanicus,0,0,0,0,0,0,0,0,0,1,0,0,0,0,0,0
3477,Oceanites gracilis,0,0,0,0,0,0,0,0,0,0,0,0,0,0,0,0
3478,Phoebetria palpebrata,0,0,0,0,0,0,2,1,0,1,0,0,0,0,0,0
3479,Pelagodroma marina,0,0,0,0,0,0,0,0,0,1,0,0,0,0,0,0
3480,Fregetta tropica,0,0,0,0,0,0,0,0,0,0,0,0,0,0,1,0
3481,Fregetta grallaria,0,0,0,0,0,0,0,0,0,0,0,0,0,0,0,0
3482,Nesofregetta fuliginosa,0,0,0,0,0,0,0,0,0,2,0,0,0,0,0,0
3483,Hydrobates pelagicus,0,0,0,0,0,0,0,0,0,1,0,0,0,0,0,0
3484,Hydrobates microsoma,0,0,0,0,0,0,0,0,0,0,0,0,0,0,0,0
3485,Hydrobates tethys,0,0,0,0,0,0,0,0,0,1,0,0,0,0,0,0
3486,Hydrobates monorhis,0,0,0,0,0,0,0,0,0,2,0,0,1,0,1,0
3487,Hydrobates macrodactylus,0,0,0,0,0,0,0,0,0,3,0,0,0,0,0,0
3488,Hydrobates tristrami,0,1,0,0,0,0,0,0,0,2,0,0,0,0,0,0
3489,Hydrobates markhami,0,0,1,0,0,0,0,0,0,0,0,0,1,0,2,0
3490,Hydrobates matsudairae,0,0,0,0,0,0,0,0,0,2,0,0,0,0,0,0
3491,Hydrobates melania,0,1,0,0,0,0,0,0,0,2,0,0,0,0,0,0
3492,Hydrobates homochroa,0,1,0,0,0,0,0,0,0,2,0,0,0,0,1,1
3493,Hydrobates hornbyi,0,0,0,0,0,0,0,0,0,0,0,0,0,0,0,0
3494,Hydrobates furcatus,0,0,0,0,0,0,0,0,0,2,0,0,0,0,0,0
3495,Acanthisitta chloris,0,0,0,0,0,0,0,0,0,0,0,0,0,0,0,0
3496,Xenicus longipes,0,0,0,0,0,0,0,0,0,1,0,0,0,0,0,0
3497,Xenicus gilviventris,0,0,0,0,0,0,0,0,0,2,0,0,0,0,0,0
3498,Traversia lyalli,0,0,0,0,0,0,0,0,0,1,0,0,0,0,0,0
3499,Hydrornis phayrei,0,0,0,0,0,0,0,0,0,0,0,0,0,0,0,0
3500,Hydrornis nipalensis,0,0,0,0,0,0,0,0,0,0,0,0,0,0,0,0
3501,Hydrornis soror,0,0,0,0,0,0,0,0,0,0,0,0,0,0,0,0
3502,Hydrornis oatesi,0,0,0,0,0,0,0,0,0,0,0,0,0,0,0,0
3503,Hydrornis schneideri,0,0,0,1,0,0,0,0,0,0,0,1,0,0,0,0
3504,Hydrornis caeruleus,0,0,0,2,0,1,0,0,0,0,0,2,0,2,0,0
3505,Hydrornis cyaneus,0,0,0,0,0,0,0,0,0,0,0,0,0,0,0,0
3506,Hydrornis elliotii,0,0,0,0,0,0,0,0,0,0,0,0,0,0,0,0
3507,Hydrornis gurneyi,0,0,0,2,0,0,0,0,2,1,0,2,0,0,0,1
3508,Hydrornis baudii,0,0,0,2,0,1,0,0,0,0,0,2,0,2,0,0
3509,Pitta superba,0,0,0,0,0,0,0,0,0,0,0,2,0,0,0,0
3510,Pitta steerii,0,0,0,2,0,0,0,0,0,0,0,2,1,1,0,0
3511,Erythropitta kochi,0,0,0,1,0,0,0,0,0,0,0,1,0,0,0,0
3512,Erythropitta dohertyi,0,0,0,1,0,0,0,0,0,0,0,1,0,1,0,0
3513,Erythropitta arquata,0,0,0,0,0,0,0,0,0,0,0,0,0,0,0,0
3514,Erythropitta venusta,0,0,0,1,0,0,0,0,0,0,0,1,0,0,0,0
3515,Pitta angolensis,0,0,0,0,0,0,0,0,0,0,0,0,0,0,0,0
3516,Pitta reichenowi,0,0,0,0,0,0,0,0,0,0,0,0,0,0,0,0
3517,Pitta brachyura,0,0,0,0,0,0,0,0,0,0,0,0,0,0,0,0
3518,Pitta nympha,0,0,0,2,1,1,0,0,1,0,0,2,0,0,0,0
3519,Pitta moluccensis,0,0,0,0,0,0,0,0,0,0,0,0,0,0,0,0
3520,Pitta megarhyncha,1,0,0,1,0,0,0,0,0,0,0,2,0,0,0,0
3521,Pitta iris,0,0,0,0,0,0,0,0,0,0,0,0,0,0,0,0
3522,Pitta versicolor,0,0,0,0,0,0,0,0,0,0,0,0,0,0,0,0
3523,Pitta anerythra,0,0,0,0,0,0,0,0,0,1,0,2,0,0,0,0
3524,Smithornis capensis,0,0,0,0,0,0,0,0,0,0,0,0,0,0,0,0
3525,Smithornis sharpei,0,0,0,0,0,0,0,0,0,0,0,0,0,0,0,0
3526,Smithornis rufolateralis,0,0,0,0,0,0,0,0,0,0,0,0,0,0,0,0
3527,Pseudocalyptomena graueri,0,0,0,1,0,0,0,0,0,0,1,1,1,0,0,0
3528,Corydon sumatranus,0,0,0,0,0,0,0,0,0,0,0,0,0,0,0,0
3529,Sarcophanops samarensis,0,0,0,2,0,0,0,0,0,0,0,2,1,0,0,0
3530,Eurylaimus ochromalus,0,0,0,1,0,1,0,0,0,0,0,2,0,1,0,0
3531,Sarcophanops steerii,0,0,0,0,0,1,0,0,0,0,0,2,1,1,0,0
3532,Psarisomus dalhousiae,0,0,0,0,0,0,0,0,0,0,0,0,0,0,0,0
3533,Calyptomena viridis,0,0,0,2,0,2,0,0,1,0,0,2,0,2,0,0
3534,Calyptomena hosii,0,0,0,1,0,0,0,0,0,0,0,1,0,1,0,0
3535,Calyptomena whiteheadi,0,0,0,0,0,0,0,0,0,0,0,0,0,0,0,0
3536,Philepitta castanea,0,0,0,0,0,0,0,0,0,0,0,0,0,0,0,0
3537,Philepitta schlegeli,0,0,0,1,0,2,0,0,0,0,1,1,1,0,0,0
3538,Neodrepanis coruscans,0,0,0,0,0,0,0,0,0,0,0,0,0,0,0,0
3539,Neodrepanis hypoxantha,0,2,0,2,0,1,0,0,0,0,0,0,0,0,0,0
3540,Sapayoa aenigma,0,0,0,0,0,0,0,0,0,0,0,0,0,0,0,0
3541,Mionectes striaticollis,0,0,0,0,0,0,0,0,0,0,0,0,0,0,0,0
3542,Mionectes oleagineus,0,0,0,0,0,0,0,0,0,0,0,0,0,0,0,0
3543,Mionectes rufiventris,0,0,0,0,0,0,0,0,0,0,0,0,0,0,0,0
3544,Leptopogon rufipectus,0,0,0,0,0,0,0,0,0,0,0,0,0,0,0,0
3545,Leptopogon taczanowskii,0,0,0,1,0,0,0,0,0,0,1,1,0,0,0,0
3546,Leptopogon amaurocephalus,0,0,0,0,0,0,0,0,0,0,0,0,0,0,0,0
3547,Pseudotriccus pelzelni,0,0,0,0,0,0,0,0,0,0,0,0,0,0,0,0
3548,Pseudotriccus simplex,0,0,0,0,0,0,0,0,0,0,0,0,0,0,0,0
3549,Pseudotriccus ruficeps,0,0,0,0,0,0,0,0,0,0,0,0,0,0,0,0
3550,Poecilotriccus ruficeps,0,0,0,0,0,0,0,0,0,0,0,0,0,0,0,0
3551,Poecilotriccus capitalis,0,0,0,0,0,0,0,0,0,0,0,0,0,0,0,0
3552,Poecilotriccus albifacies,0,0,0,0,0,0,0,0,0,0,0,0,0,0,0,0
3553,Taeniotriccus andrei,0,0,0,0,0,0,0,0,0,0,0,0,0,0,0,0
3554,Hemitriccus minor,0,0,0,0,0,0,0,0,0,0,0,0,0,0,0,0
3555,Hemitriccus josephinae,0,0,0,0,0,0,0,0,0,0,0,0,0,0,0,0
3556,Hemitriccus flammulatus,0,0,0,0,0,0,0,0,0,0,0,0,0,0,0,0
3557,Hemitriccus diops,0,0,0,0,0,0,0,0,0,0,0,0,0,0,0,0
3558,Hemitriccus obsoletus,0,0,0,0,0,0,0,0,0,0,0,0,0,0,0,0
3559,Hemitriccus minimus,0,0,0,0,0,0,0,0,0,0,0,0,0,0,0,0
3560,Hemitriccus orbitatus,0,0,0,1,0,0,0,0,0,0,0,0,2,2,0,0
3561,Hemitriccus iohannis,0,0,0,0,0,0,0,0,0,0,0,0,0,0,0,0
3562,Hemitriccus striaticollis,0,0,0,0,0,0,0,0,0,0,0,0,0,0,0,0
3563,Hemitriccus nidipendulus,0,0,0,0,0,0,0,0,0,0,0,0,0,0,0,0
3564,Hemitriccus spodiops,0,0,0,0,0,0,0,0,0,0,0,0,0,0,0,0
3565,Hemitriccus margaritaceiventer,0,0,0,0,0,0,0,0,0,0,0,0,0,0,0,0
3566,Hemitriccus inornatus,0,0,0,0,0,0,0,0,0,0,0,0,0,0,0,0
3567,Hemitriccus granadensis,0,0,0,0,0,0,0,0,0,0,0,0,0,0,0,0
3568,Hemitriccus rufigularis,0,0,0,1,0,0,0,0,0,0,0,1,1,0,0,0
3569,Hemitriccus cinnamomeipectus,0,0,0,1,0,0,0,0,0,0,0,0,1,0,0,0
3570,Hemitriccus mirandae,0,0,0,2,0,2,0,0,0,0,0,0,1,0,0,0
3571,Hemitriccus kaempferi,0,1,0,3,0,0,0,0,0,0,0,1,2,0,0,0
3572,Hemitriccus furcatus,0,0,0,2,0,0,0,0,0,0,0,2,2,0,0,0
3573,Poecilotriccus senex,0,0,0,0,0,0,0,0,0,0,0,0,0,0,0,0
3574,Poecilotriccus russatus,0,0,0,0,0,0,0,0,0,0,0,0,0,0,0,0
3575,Poecilotriccus plumbeiceps,0,0,0,0,0,0,0,0,0,0,0,0,0,0,0,0
3576,Poecilotriccus latirostris,0,0,0,0,0,0,0,0,0,0,0,0,0,0,0,0
3577,Poecilotriccus fumifrons,0,0,0,0,0,0,0,0,0,0,0,0,0,0,0,0
3578,Poecilotriccus sylvia,0,0,0,0,0,0,0,0,0,0,0,0,0,0,0,0
3579,Todirostrum maculatum,0,0,0,0,0,0,0,0,0,0,0,0,0,0,0,0
3580,Todirostrum poliocephalum,0,0,0,0,0,0,0,0,0,0,0,0,0,0,0,0
3581,Todirostrum cinereum,0,0,0,0,0,0,0,0,0,0,0,0,0,0,0,0
3582,Todirostrum viridanum,0,0,0,1,0,0,0,0,0,0,1,1,1,0,0,0
3583,Todirostrum nigriceps,0,0,0,0,0,0,0,0,0,0,0,0,0,0,0,0
3584,Todirostrum pictum,0,0,0,0,0,0,0,0,0,0,0,0,0,0,0,0
3585,Todirostrum chrysocrotaphum,0,0,0,0,0,0,0,0,0,0,0,0,0,0,0,0
3586,Poecilotriccus calopterus,0,0,0,0,0,0,0,0,0,0,0,0,0,0,0,0
3587,Poecilotriccus pulchellus,0,0,0,0,0,0,0,0,0,0,0,0,0,0,0,0
3588,Corythopis torquatus,0,0,0,0,0,0,0,0,0,0,0,0,0,0,0,0
3589,Corythopis delalandi,0,0,0,0,0,0,0,0,0,0,0,0,0,0,0,0
3590,Phyllomyias fasciatus,0,0,0,0,0,0,0,0,0,0,0,0,0,0,0,0
3591,Phyllomyias zeledoni,0,0,0,0,0,0,0,0,0,0,0,0,0,0,0,0
3592,Phyllomyias burmeisteri,0,0,0,0,0,0,0,0,0,0,0,0,0,0,0,0
3593,Phyllomyias reiseri,0,0,0,0,0,0,0,0,0,0,0,0,0,0,0,0
3594,Phyllomyias virescens,0,0,0,0,0,0,0,0,0,0,0,0,0,0,0,0
3595,Phyllomyias sclateri,0,0,0,0,0,0,0,0,0,0,0,0,0,0,0,0
3596,Phyllomyias griseocapilla,0,0,0,2,0,0,0,0,0,0,0,0,2,0,0,0
3597,Phyllomyias griseiceps,0,0,0,0,0,0,0,0,0,0,0,0,0,0,0,0
3598,Phyllomyias plumbeiceps,0,0,0,0,0,0,0,0,0,0,0,0,0,0,0,0
3599,Phyllomyias nigrocapillus,0,0,0,0,0,0,0,0,0,0,0,0,0,0,0,0
3600,Phyllomyias cinereiceps,0,0,0,0,0,0,0,0,0,0,0,0,0,0,0,0
3601,Phyllomyias uropygialis,0,0,0,0,0,0,0,0,0,0,0,0,0,0,0,0
3602,Zimmerius bolivianus,0,0,0,0,0,0,0,0,0,0,0,0,0,0,0,0
3603,Zimmerius cinereicapilla,0,0,0,2,0,0,0,0,0,0,2,0,0,0,0,0
3604,Zimmerius viridiflavus,0,0,0,0,0,0,0,0,0,0,0,0,0,0,0,0
3605,Ornithion inerme,0,0,0,0,0,0,0,0,0,0,0,0,0,0,0,0
3606,Ornithion semiflavum,0,0,0,0,0,0,0,0,0,0,0,0,0,0,0,0
3607,Ornithion brunneicapillus,0,0,0,0,0,0,0,0,0,0,0,0,0,0,0,0
3608,Camptostoma imberbe,0,0,0,0,0,0,0,0,0,0,0,0,0,0,0,0
3609,Camptostoma obsoletum,0,0,0,0,0,0,0,0,0,0,0,0,0,0,0,0
3610,Nesotriccus ridgwayi,0,0,0,0,0,0,0,0,0,1,0,0,0,0,0,1
3611,Capsiempis flaveola,0,0,0,0,0,0,0,0,0,0,0,0,0,0,0,0
3612,Sublegatus arenarum,0,0,0,0,0,0,0,0,0,0,0,0,0,0,0,0
3613,Sublegatus obscurior,0,0,0,0,0,0,0,0,0,0,0,0,0,0,0,0
3614,Sublegatus modestus,0,0,0,0,0,0,0,0,0,0,0,0,0,0,0,0
3615,Tyrannulus elatus,0,0,0,0,0,0,0,0,0,0,0,0,0,0,0,0
3616,Myiopagis gaimardii,0,0,0,0,0,0,0,0,0,0,0,0,0,0,0,0
3617,Myiopagis subplacens,0,0,0,0,0,0,0,0,0,0,0,0,0,0,0,0
3618,Myiopagis flavivertex,0,0,0,0,0,0,0,0,0,0,0,0,0,0,0,0
3619,Myiopagis cotta,0,0,0,0,0,0,0,0,0,0,0,0,0,0,0,0
3620,Myiopagis viridicata,0,0,0,0,0,0,0,0,0,0,0,0,0,0,0,0
3621,Pseudelaenia leucospodia,0,0,0,0,0,0,0,0,0,0,0,0,0,0,0,0
3622,Elaenia martinica,0,0,0,0,0,0,0,0,0,0,0,0,0,0,0,0
3623,Elaenia flavogaster,0,0,0,0,0,0,0,0,0,0,0,0,0,0,0,0
3624,Elaenia spectabilis,0,0,0,0,0,0,0,0,0,0,0,0,0,0,0,0
3625,Elaenia ridleyana,0,0,0,0,0,0,0,0,0,0,0,0,0,0,0,0
3626,Elaenia albiceps,0,0,0,0,0,0,0,0,0,0,0,0,0,0,0,0
3627,Elaenia parvirostris,0,0,0,0,0,0,0,0,0,0,0,0,0,0,0,0
3628,Elaenia strepera,0,0,0,0,0,0,0,0,0,0,0,0,0,0,0,0
3629,Elaenia mesoleuca,0,0,0,0,0,0,0,0,0,0,0,0,0,0,0,0
3630,Elaenia gigas,0,0,0,0,0,0,0,0,0,0,0,0,0,0,0,0
3631,Elaenia pelzelni,0,0,0,0,0,0,0,0,0,0,0,0,0,0,0,0
3632,Elaenia cristata,0,0,0,0,0,0,0,0,0,0,0,0,0,0,0,0
3633,Elaenia ruficeps,0,0,0,0,0,0,0,0,0,0,0,0,0,0,0,0
3634,Elaenia frantzii,0,0,0,0,0,0,0,0,0,0,0,0,0,0,0,0
3635,Elaenia dayi,0,0,0,0,0,0,0,0,0,0,0,0,0,0,0,0
3636,Mecocerculus leucophrys,0,0,0,0,0,0,0,0,0,0,0,0,0,0,0,0
3637,Mecocerculus poecilocercus,0,0,0,0,0,0,0,0,0,0,0,0,0,0,0,0
3638,Mecocerculus hellmayri,0,0,0,0,0,0,0,0,0,0,0,0,0,0,0,0
3639,Mecocerculus calopterus,0,0,0,0,0,0,0,0,0,0,0,0,0,0,0,0
3640,Mecocerculus minor,0,0,0,0,0,0,0,0,0,0,0,0,0,0,0,0
3641,Mecocerculus stictopterus,0,0,0,0,0,0,0,0,0,0,0,0,0,0,0,0
3642,Serpophaga cinerea,0,0,0,0,0,0,0,0,0,0,0,0,0,0,0,0
3643,Serpophaga nigricans,0,0,0,0,0,0,0,0,0,0,0,0,0,0,0,0
3644,Serpophaga hypoleuca,0,0,0,0,0,0,0,0,0,0,0,0,0,0,0,0
3645,Inezia tenuirostris,0,0,0,0,0,0,0,0,0,0,0,0,0,0,0,0
3646,Inezia inornata,0,0,0,0,0,0,0,0,0,0,0,0,0,0,0,0
3647,Stigmatura budytoides,0,0,0,0,0,0,0,0,0,0,0,0,0,0,0,0
3648,Uromyias agilis,0,0,0,0,0,0,0,0,0,0,0,0,0,0,0,0
3649,Uromyias agraphia,0,0,0,0,0,0,0,0,0,0,0,0,0,0,0,0
3650,Anairetes alpinus,0,0,0,0,0,2,0,0,0,0,2,1,0,1,0,0
3651,Anairetes nigrocristatus,0,0,0,0,0,0,0,0,0,0,0,0,0,0,0,0
3652,Anairetes reguloides,0,0,0,0,0,0,0,0,0,0,0,0,0,0,0,0
3653,Anairetes flavirostris,0,0,0,0,0,0,0,0,0,0,0,0,0,0,0,0
3654,Anairetes fernandezianus,0,0,0,0,0,0,0,0,0,2,0,1,0,0,0,0
3655,Anairetes parulus,0,0,0,0,0,0,0,0,0,0,0,0,0,0,0,0
3656,Tachuris rubrigastra,0,0,0,0,0,0,0,0,0,0,0,0,0,0,0,0
3657,Culicivora caudacuta,0,0,0,2,0,0,0,0,0,0,2,0,0,2,0,0
3658,Polystictus pectoralis,0,0,0,2,0,2,0,0,0,0,2,0,1,2,0,0
3659,Polystictus superciliaris,0,0,0,0,0,0,0,0,0,0,1,0,1,0,0,0
3660,Pseudocolopteryx sclateri,0,0,0,0,0,0,0,0,0,0,0,0,0,0,0,0
3661,Pseudocolopteryx acutipennis,0,0,0,0,0,0,0,0,0,0,0,0,0,0,0,0
3662,Pseudocolopteryx dinelliana,0,0,0,1,0,0,0,0,0,0,2,0,2,0,0,0
3663,Euscarthmus rufomarginatus,0,0,0,2,0,0,0,0,0,0,2,0,0,1,0,0
3664,Pogonotriccus ophthalmicus,0,0,0,0,0,0,0,0,0,0,0,0,0,0,0,0
3665,Pogonotriccus venezuelanus,0,0,0,1,0,0,0,0,0,0,0,1,1,0,0,0
3666,Pogonotriccus lanyoni,0,0,0,1,0,0,0,0,0,0,1,1,1,0,0,0
3667,Pogonotriccus orbitalis,0,0,0,0,0,0,0,0,0,0,0,0,0,0,0,0
3668,Pogonotriccus poecilotis,0,0,0,0,0,0,0,0,0,0,0,0,0,0,0,0
3669,Phylloscartes nigrifrons,0,0,0,0,0,0,0,0,0,0,0,0,0,0,0,0
3670,Pogonotriccus chapmani,0,0,0,0,0,0,0,0,0,0,0,0,0,0,0,0
3671,Phylloscartes gualaquizae,0,0,0,1,0,0,0,0,0,0,0,1,1,0,0,0
3672,Phylloscartes flaviventris,0,0,0,0,0,0,0,0,0,0,0,0,0,0,0,0
3673,Phylloscartes roquettei,0,0,0,3,0,0,0,0,0,0,3,3,1,0,0,0
3674,Phylloscartes paulista,0,0,0,1,0,0,0,0,0,0,0,1,1,1,0,0
3675,Phylloscartes oustaleti,0,0,0,1,0,0,0,0,0,0,0,1,1,0,0,0
3676,Phylloscartes difficilis,0,0,0,1,0,0,0,0,0,0,1,0,0,0,0,0
3677,Phylloscartes ceciliae,0,0,0,2,0,0,0,0,0,0,2,1,0,0,0,0
3678,Phylloscartes ventralis,0,0,0,0,0,0,0,0,0,0,0,0,0,0,0,0
3679,Phylloscartes flavovirens,0,0,0,0,0,0,0,0,0,0,0,0,0,0,0,0
3680,Phylloscartes virescens,0,0,0,0,0,0,0,0,0,0,0,0,0,0,0,0
3681,Phylloscartes superciliaris,0,0,0,0,0,0,0,0,0,0,0,0,0,0,0,0
3682,Myiornis albiventris,0,0,0,0,0,0,0,0,0,0,0,0,0,0,0,0
3683,Myiornis auricularis,0,0,0,0,0,0,0,0,0,0,0,0,0,0,0,0
3684,Myiornis atricapillus,0,0,0,0,0,0,0,0,0,0,0,0,0,0,0,0
3685,Myiornis ecaudatus,0,0,0,0,0,0,0,0,0,0,0,0,0,0,0,0
3686,Lophotriccus pileatus,0,0,0,0,0,0,0,0,0,0,0,0,0,0,0,0
3687,Lophotriccus vitiosus,0,0,0,0,0,0,0,0,0,0,0,0,0,0,0,0
3688,Lophotriccus eulophotes,0,0,0,0,0,0,0,0,0,0,0,0,0,0,0,0
3689,Lophotriccus galeatus,0,0,0,0,0,0,0,0,0,0,0,0,0,0,0,0
3690,Atalotriccus pilaris,0,0,0,0,0,0,0,0,0,0,0,0,0,0,0,0
3691,Oncostoma cinereigulare,0,0,0,0,0,0,0,0,0,0,0,0,0,0,0,0
3692,Oncostoma olivaceum,0,0,0,0,0,0,0,0,0,0,0,0,0,0,0,0
3693,Cnipodectes subbrunneus,0,0,0,0,0,0,0,0,0,0,0,0,0,0,0,0
3694,Rhynchocyclus brevirostris,0,0,0,0,0,0,0,0,0,0,0,0,0,0,0,0
3695,Rhynchocyclus fulvipectus,0,0,0,0,0,0,0,0,0,0,0,0,0,0,0,0
3696,Tolmomyias sulphurescens,0,0,0,0,0,0,0,0,0,0,0,0,0,0,0,0
3697,Tolmomyias poliocephalus,0,0,0,0,0,0,0,0,0,0,0,0,0,0,0,0
3698,Platyrinchus saturatus,0,0,0,0,0,0,0,0,0,0,0,0,0,0,0,0
3699,Platyrinchus cancrominus,0,0,0,0,0,0,0,0,0,0,0,0,0,0,0,0
3700,Platyrinchus coronatus,0,0,0,0,0,0,0,0,0,0,0,0,0,0,0,0
3701,Platyrinchus flavigularis,0,0,0,0,0,0,0,0,0,0,0,0,0,0,0,0
3702,Platyrinchus platyrhynchos,0,0,0,0,0,0,0,0,0,0,0,0,0,0,0,0
3703,Platyrinchus leucoryphus,0,0,0,2,0,0,0,0,0,0,2,2,2,0,0,0
3704,Onychorhynchus coronatus,0,0,0,0,0,0,0,0,0,0,0,0,0,0,0,0
3705,Onychorhynchus occidentalis,0,0,0,2,0,1,0,0,0,0,2,1,2,0,0,0
3706,Onychorhynchus swainsoni,0,0,0,2,0,0,0,0,0,0,0,2,2,0,0,0
3707,Myiophobus flavicans,0,0,0,0,0,0,0,0,0,0,0,0,0,0,0,0
3708,Myiophobus phoenicomitra,0,0,0,0,0,0,0,0,0,0,0,0,0,0,0,0
3709,Myiophobus inornatus,0,0,0,0,0,0,0,0,0,0,0,0,0,0,0,0
3710,Myiophobus roraimae,0,0,0,0,0,0,0,0,0,0,0,0,0,0,0,0
3711,Nephelomyias pulcher,0,0,0,0,0,0,0,0,0,0,0,0,0,0,0,0
3712,Nephelomyias lintoni,0,0,0,0,0,0,0,0,0,0,0,0,0,0,0,0
3713,Nephelomyias ochraceiventris,0,0,0,0,0,0,0,0,0,0,0,0,0,0,0,0
3714,Myiophobus cryptoxanthus,0,0,0,0,0,0,0,0,0,0,0,0,0,0,0,0
3715,Terenotriccus erythrurus,0,0,0,0,0,0,0,0,0,0,0,0,0,0,0,0
3716,Myiobius villosus,0,0,0,0,0,0,0,0,0,0,0,0,0,0,0,0
3717,Myiobius atricaudus,0,0,0,0,0,0,0,0,0,0,0,0,0,0,0,0
3718,Pyrrhomyias cinnamomeus,0,0,0,0,0,0,0,0,0,0,0,0,0,0,0,0
3719,Hirundinea ferruginea,0,0,0,0,0,0,0,0,0,0,0,0,0,0,0,0
3720,Hirundinea bellicosa,0,0,0,0,0,0,0,0,0,0,0,0,0,0,0,0
3721,Cnemotriccus fuscatus,0,0,0,0,0,0,0,0,0,0,0,0,0,0,0,0
3722,Lathrotriccus euleri,0,0,0,0,0,0,0,0,0,0,0,0,0,0,0,0
3723,Lathrotriccus griseipectus,0,0,0,2,0,1,0,0,0,0,2,1,2,0,0,0
3724,Aphanotriccus capitalis,0,0,0,2,0,0,0,0,0,0,2,2,0,0,0,0
3725,Aphanotriccus audax,0,0,0,2,0,0,0,0,0,0,2,2,1,2,0,0
3726,Xenotriccus callizonus,0,0,0,2,0,1,0,0,0,0,0,2,0,0,0,0
3727,Xenotriccus mexicanus,0,0,0,0,0,0,0,0,0,0,2,0,0,2,0,0
3728,Mitrephanes phaeocercus,0,0,0,0,0,0,0,0,0,0,0,0,0,0,0,0
3729,Mitrephanes olivaceus,0,0,0,0,0,0,0,0,0,0,0,0,0,0,0,0
3730,Contopus cooperi,0,0,0,0,0,0,0,0,0,0,0,1,1,0,0,0
3731,Contopus pertinax,0,0,0,0,0,0,0,0,0,0,0,0,0,0,0,0
3732,Contopus lugubris,0,0,0,0,0,0,0,0,0,0,0,0,0,0,0,0
3733,Contopus fumigatus,0,0,0,0,0,0,0,0,0,0,0,0,0,0,0,0
3734,Contopus ochraceus,0,0,0,0,0,0,0,0,0,0,0,0,0,0,0,0
3735,Contopus sordidulus,0,0,0,0,0,0,0,0,0,0,0,0,0,0,0,0
3736,Contopus virens,0,0,0,0,0,0,0,0,0,0,0,0,0,0,0,0
3737,Contopus nigrescens,0,0,0,0,0,0,0,0,0,0,0,0,0,0,0,0
3738,Contopus albogularis,0,0,0,0,0,0,0,0,0,0,0,0,0,0,0,0
3739,Contopus caribaeus,0,0,0,0,0,0,0,0,0,0,0,0,0,0,0,0
3740,Contopus latirostris,0,0,0,0,0,0,0,0,0,0,0,0,0,0,0,0
3741,Empidonax flaviventris,0,0,0,0,0,0,0,0,0,0,0,0,0,0,0,0
3742,Empidonax virescens,0,0,0,0,0,0,0,0,0,0,0,0,0,0,0,0
3743,Empidonax alnorum,0,0,0,0,0,0,0,0,0,0,0,0,0,0,0,0
3744,Empidonax traillii,0,0,0,0,0,0,0,0,0,0,0,0,0,0,0,0
3745,Empidonax albigularis,0,0,0,0,0,0,0,0,0,0,0,0,0,0,0,0
3746,Empidonax minimus,0,0,0,0,0,0,0,0,0,0,0,0,0,0,0,0
3747,Empidonax hammondii,0,0,0,0,0,0,0,0,0,0,0,0,0,0,0,0
3748,Empidonax wrightii,0,0,0,0,0,0,0,0,0,0,0,0,0,0,0,0
3749,Empidonax oberholseri,0,0,0,0,0,0,0,0,0,0,0,0,0,0,0,0
3750,Empidonax affinis,0,0,0,0,0,0,0,0,0,0,0,0,0,0,0,0
3751,Empidonax difficilis,0,0,0,0,0,0,0,0,0,0,0,0,0,0,0,0
3752,Empidonax occidentalis,0,0,0,0,0,0,0,0,0,0,0,0,0,0,0,0
3753,Empidonax flavescens,0,0,0,0,0,0,0,0,0,0,0,0,0,0,0,0
3754,Empidonax fulvifrons,0,0,0,0,0,0,0,0,0,0,0,0,0,0,0,0
3755,Empidonax atriceps,0,0,0,0,0,0,0,0,0,0,0,0,0,0,0,0
3756,Sayornis phoebe,0,0,0,0,0,0,0,0,0,0,0,0,0,0,0,0
3757,Sayornis saya,0,0,0,0,0,0,0,0,0,0,0,0,0,0,0,0
3758,Sayornis nigricans,0,0,0,0,0,0,0,0,0,0,0,0,0,0,0,0
3759,Silvicultrix frontalis,0,0,0,0,0,0,0,0,0,0,0,0,0,0,0,0
3760,Silvicultrix jelskii,0,0,0,0,0,0,0,0,0,0,0,0,0,0,0,0
3761,Silvicultrix diadema,0,0,0,0,0,0,0,0,0,0,0,0,0,0,0,0
3762,Silvicultrix pulchella,0,0,0,0,0,0,0,0,0,0,0,0,0,0,0,0
3763,Ochthoeca rufipectoralis,0,0,0,0,0,0,0,0,0,0,0,0,0,0,0,0
3764,Ochthoeca oenanthoides,0,0,0,0,0,0,0,0,0,0,0,0,0,0,0,0
3765,Ochthoeca leucophrys,0,0,0,0,0,0,0,0,0,0,0,0,0,0,0,0
3766,Ochthoeca piurae,0,0,0,2,0,0,0,0,0,0,2,0,0,0,0,0
3767,Ochthoeca salvini,0,0,0,2,0,0,0,0,0,2,0,2,1,0,0,0
3768,Colorhamphus parvirostris,0,0,0,0,0,0,0,0,0,0,0,0,0,0,0,0
3769,Ochthornis littoralis,0,0,0,0,0,0,0,0,0,0,0,0,0,0,0,0
3770,Cnemarchus erythropygius,0,0,0,0,0,0,0,0,0,0,0,0,0,0,0,0
3771,Myiotheretes striaticollis,0,0,0,0,0,0,0,0,0,0,0,0,0,0,0,0
3772,Myiotheretes pernix,0,0,0,2,0,0,0,0,0,0,1,1,1,1,0,0
3773,Myiotheretes fumigatus,0,0,0,0,0,0,0,0,0,0,0,0,0,0,0,0
3774,Myiotheretes fuscorufus,0,0,0,0,0,0,0,0,0,0,0,0,0,0,0,0
3775,Xolmis pyrope,0,0,0,0,0,0,0,0,0,0,0,0,0,0,0,0
3776,Xolmis cinereus,0,0,0,0,0,0,0,0,0,0,0,0,0,0,0,0
3777,Xolmis coronatus,0,0,0,0,0,0,0,0,0,0,0,0,0,0,0,0
3778,Xolmis velatus,0,0,0,0,0,0,0,0,0,0,0,0,0,0,0,0
3779,Xolmis irupero,0,0,0,0,0,0,0,0,0,0,0,0,0,0,0,0
3780,Xolmis rubetra,0,0,0,0,0,0,0,0,0,0,0,0,0,0,0,0
3781,Xolmis salinarum,0,0,0,0,0,0,0,0,0,0,0,0,0,0,0,0
3782,Xolmis dominicanus,0,0,0,2,0,0,0,0,0,0,2,0,0,2,0,0
3783,Neoxolmis rufiventris,0,0,0,0,0,0,0,0,0,0,0,0,0,0,0,0
3784,Agriornis montanus,0,0,0,0,0,0,0,0,0,0,0,0,0,0,0,0
3785,Agriornis albicauda,0,0,0,0,0,0,0,0,0,0,0,0,0,0,0,0
3786,Agriornis lividus,0,0,0,0,0,0,0,0,0,0,0,0,0,0,0,0
3787,Agriornis micropterus,0,0,0,0,0,0,0,0,0,0,0,0,0,0,0,0
3788,Agriornis murinus,0,0,0,0,0,0,0,0,0,0,0,0,0,0,0,0
3789,Polioxolmis rufipennis,0,0,0,0,0,0,0,0,0,0,0,0,0,0,0,0
3790,Muscisaxicola maculirostris,0,0,0,0,0,0,0,0,0,0,0,0,0,0,0,0
3791,Muscisaxicola fluviatilis,0,0,0,0,0,0,0,0,0,0,0,0,0,0,0,0
3792,Muscisaxicola maclovianus,0,0,0,0,0,0,0,0,0,0,0,0,0,0,0,0
3793,Muscisaxicola capistratus,0,0,0,0,0,0,0,0,0,0,0,0,0,0,0,0
3794,Muscisaxicola juninensis,0,0,0,0,0,0,0,0,0,0,0,0,0,0,0,0
3795,Muscisaxicola albilora,0,0,0,0,0,0,0,0,0,0,0,0,0,0,0,0
3796,Muscisaxicola cinereus,0,0,0,0,0,0,0,0,0,0,0,0,0,0,0,0
3797,Muscisaxicola albifrons,0,0,0,0,0,0,0,0,0,0,0,0,0,0,0,0
3798,Muscisaxicola flavinucha,0,0,0,0,0,0,0,0,0,0,0,0,0,0,0,0
3799,Muscisaxicola frontalis,0,0,0,0,0,0,0,0,0,0,0,0,0,0,0,0
3800,Muscigralla brevicauda,0,0,0,0,0,0,0,0,0,0,0,0,0,0,0,0
3801,Lessonia oreas,0,0,0,0,0,0,0,0,0,0,0,0,0,0,0,0
3802,Lessonia rufa,0,0,0,0,0,0,0,0,0,0,0,0,0,0,0,0
3803,Knipolegus striaticeps,0,0,0,0,0,0,0,0,0,0,0,0,0,0,0,0
3804,Knipolegus hudsoni,0,0,0,0,0,0,0,0,0,0,0,0,0,0,0,0
3805,Knipolegus poecilocercus,0,0,0,0,0,0,0,0,0,0,0,0,0,0,0,0
3806,Knipolegus cyanirostris,0,0,0,0,0,0,0,0,0,0,0,0,0,0,0,0
3807,Knipolegus poecilurus,0,0,0,0,0,0,0,0,0,0,0,0,0,0,0,0
3808,Knipolegus franciscanus,0,2,0,2,0,0,0,0,0,0,2,2,1,0,0,0
3809,Knipolegus nigerrimus,0,0,0,0,0,0,0,0,0,0,0,0,0,0,0,0
3810,Knipolegus lophotes,0,0,0,0,0,0,0,0,0,0,0,0,0,0,0,0
3811,Hymenops perspicillatus,0,0,0,0,0,0,0,0,0,0,0,0,0,0,0,0
3812,Fluvicola pica,0,0,0,0,0,0,0,0,0,0,0,0,0,0,0,0
3813,Fluvicola albiventer,0,0,0,0,0,0,0,0,0,0,0,0,0,0,0,0
3814,Fluvicola nengeta,0,0,0,0,0,0,0,0,0,0,0,0,0,0,0,0
3815,Arundinicola leucocephala,0,0,0,0,0,0,0,0,0,0,0,0,0,0,0,0
3816,Alectrurus tricolor,0,0,0,2,0,2,0,0,0,1,2,0,1,2,0,0
3817,Alectrurus risora,0,0,0,2,0,2,0,0,0,0,2,0,0,2,0,0
3818,Gubernetes yetapa,0,0,0,0,0,0,0,0,0,0,0,0,0,0,0,0
3819,Satrapa icterophrys,0,0,0,0,0,0,0,0,0,0,0,0,0,0,0,0
3820,Colonia colonus,0,0,0,0,0,0,0,0,0,0,0,0,0,0,0,0
3821,Machetornis rixosa,0,0,0,0,0,0,0,0,0,0,0,0,0,0,0,0
3822,Muscipipra vetula,0,0,0,0,0,0,0,0,0,0,0,0,0,0,0,0
3823,Attila phoenicurus,0,0,0,0,0,0,0,0,0,0,0,0,0,0,0,0
3824,Attila cinnamomeus,0,0,0,0,0,0,0,0,0,0,0,0,0,0,0,0
3825,Attila torridus,0,0,0,1,0,0,0,0,0,0,1,1,1,1,0,0
3826,Attila citriniventris,0,0,0,0,0,0,0,0,0,0,0,0,0,0,0,0
3827,Attila bolivianus,0,0,0,0,0,0,0,0,0,0,0,0,0,0,0,0
3828,Attila rufus,0,0,0,0,0,0,0,0,0,0,0,0,0,0,0,0
3829,Attila spadiceus,0,0,0,0,0,0,0,0,0,0,0,0,0,0,0,0
3830,Casiornis rufus,0,0,0,0,0,0,0,0,0,0,0,0,0,0,0,0
3831,Casiornis fuscus,0,0,0,0,0,0,0,0,0,0,0,0,0,0,0,0
3832,Rhytipterna holerythra,0,0,0,0,0,0,0,0,0,0,0,0,0,0,0,0
3833,Rhytipterna simplex,0,0,0,0,0,0,0,0,0,0,0,0,0,0,0,0
3834,Rhytipterna immunda,0,0,0,0,0,0,0,0,0,0,0,0,0,0,0,0
3835,Laniocera rufescens,0,0,0,0,0,0,0,0,0,0,0,0,0,0,0,0
3836,Laniocera hypopyrra,0,0,0,0,0,0,0,0,0,0,0,0,0,0,0,0
3837,Myiarchus semirufus,0,0,0,2,0,0,0,0,1,2,2,2,0,0,0,0
3838,Myiarchus yucatanensis,0,0,0,0,0,0,0,0,0,0,0,0,0,0,0,0
3839,Myiarchus tuberculifer,0,0,0,0,0,0,0,0,0,0,0,0,0,0,0,0
3840,Myiarchus barbirostris,0,0,0,0,0,0,0,0,0,0,0,0,0,0,0,0
3841,Myiarchus swainsoni,0,0,0,0,0,0,0,0,0,0,0,0,0,0,0,0
3842,Myiarchus venezuelensis,0,0,0,0,0,0,0,0,0,0,0,0,0,0,0,0
3843,Myiarchus panamensis,0,0,0,0,0,0,0,0,0,0,0,0,0,0,0,0
3844,Myiarchus ferox,0,0,0,0,0,0,0,0,0,0,0,0,0,0,0,0
3845,Myiarchus cephalotes,0,0,0,0,0,0,0,0,0,0,0,0,0,0,0,0
3846,Myiarchus phaeocephalus,0,0,0,0,0,0,0,0,0,0,0,0,0,0,0,0
3847,Myiarchus apicalis,0,0,0,0,0,0,0,0,0,0,0,0,0,0,0,0
3848,Myiarchus cinerascens,0,0,0,0,0,0,0,0,0,0,0,0,0,0,0,0
3849,Myiarchus nuttingi,0,0,0,0,0,0,0,0,0,0,0,0,0,0,0,0
3850,Myiarchus crinitus,0,0,0,0,0,0,0,0,0,0,0,0,0,0,0,0
3851,Myiarchus tyrannulus,0,0,0,0,0,0,0,0,0,0,0,0,0,0,0,0
3852,Myiarchus nugator,0,0,0,0,0,0,0,0,0,0,0,0,0,0,0,0
3853,Myiarchus magnirostris,0,0,0,0,0,0,0,0,0,0,0,0,0,0,0,0
3854,Myiarchus validus,0,0,0,0,0,0,0,0,0,0,0,0,0,0,0,0
3855,Myiarchus sagrae,0,0,0,0,0,0,0,0,0,0,0,0,0,0,0,0
3856,Myiarchus stolidus,0,0,0,0,0,0,0,0,0,0,0,0,0,0,0,0
3857,Myiarchus antillarum,0,0,0,0,0,0,0,0,0,0,0,0,0,0,0,0
3858,Myiarchus oberi,0,0,0,0,0,0,0,0,0,0,0,0,0,0,0,0
3859,Deltarhynchus flammulatus,0,0,0,0,0,0,0,0,0,0,0,0,0,0,0,0
3860,Ramphotrigon megacephalum,0,0,0,0,0,0,0,0,0,0,0,0,0,0,0,0
3861,Ramphotrigon fuscicauda,0,0,0,0,0,0,0,0,0,0,0,0,0,0,0,0
3862,Ramphotrigon ruficauda,0,0,0,0,0,0,0,0,0,0,0,0,0,0,0,0
3863,Tyrannus niveigularis,0,0,0,0,0,0,0,0,0,0,0,0,0,0,0,0
3864,Tyrannus albogularis,0,0,0,0,0,0,0,0,0,0,0,0,0,0,0,0
3865,Tyrannus melancholicus,0,0,0,0,0,0,0,0,0,0,0,0,0,0,0,0
3866,Tyrannus couchii,0,0,0,0,0,0,0,0,0,0,0,0,0,0,0,0
3867,Tyrannus vociferans,0,0,0,0,0,0,0,0,0,0,0,0,0,0,0,0
3868,Tyrannus crassirostris,0,0,0,0,0,0,0,0,0,0,0,0,0,0,0,0
3869,Tyrannus verticalis,0,0,0,0,0,0,0,0,0,0,0,0,0,0,0,0
3870,Tyrannus forficatus,0,0,0,0,0,0,0,0,0,0,0,0,0,0,0,0
3871,Tyrannus savana,0,0,0,0,0,0,0,0,0,0,0,0,0,0,0,0
3872,Tyrannus tyrannus,0,0,0,0,0,0,0,0,0,0,0,0,0,0,0,0
3873,Tyrannus dominicensis,0,0,0,0,0,0,0,0,0,0,0,0,0,0,0,0
3874,Tyrannus caudifasciatus,0,0,0,0,0,0,0,0,0,0,0,0,0,0,0,0
3875,Tyrannus cubensis,0,0,0,1,0,0,0,0,0,0,0,1,0,0,0,0
3876,Empidonomus varius,0,0,0,0,0,0,0,0,0,0,0,0,0,0,0,0
3877,Griseotyrannus aurantioatrocristatus,0,0,0,0,0,0,0,0,0,0,0,0,0,0,0,0
3878,Tyrannopsis sulphurea,0,0,0,0,0,0,0,0,0,0,0,0,0,0,0,0
3879,Megarynchus pitangua,0,0,0,0,0,0,0,0,0,0,0,0,0,0,0,0
3880,Conopias albovittatus,0,0,0,0,0,0,0,0,0,0,0,0,0,0,0,0
3881,Conopias parvus,0,0,0,0,0,0,0,0,0,0,0,0,0,0,0,0
3882,Conopias trivirgatus,0,0,0,0,0,0,0,0,0,0,0,0,0,0,0,0
3883,Conopias cinchoneti,0,0,0,2,0,0,0,0,0,0,2,0,0,0,0,0
3884,Myiodynastes bairdii,0,0,0,0,0,0,0,0,0,0,0,0,0,0,0,0
3885,Myiodynastes luteiventris,0,0,0,0,0,0,0,0,0,0,0,0,0,0,0,0
3886,Myiozetetes cayanensis,0,0,0,0,0,0,0,0,0,0,0,0,0,0,0,0
3887,Myiozetetes similis,0,0,0,0,0,0,0,0,0,0,0,0,0,0,0,0
3888,Myiozetetes granadensis,0,0,0,0,0,0,0,0,0,0,0,0,0,0,0,0
3889,Myiozetetes luteiventris,0,0,0,0,0,0,0,0,0,0,0,0,0,0,0,0
3890,Legatus leucophaius,0,0,0,0,0,0,0,0,0,0,0,0,0,0,0,0
3891,Philohydor lictor,0,0,0,0,0,0,0,0,0,0,0,0,0,0,0,0
3892,Pitangus sulphuratus,0,0,0,0,0,0,0,0,0,0,0,0,0,0,0,0
3893,Phelpsia inornata,0,0,0,0,0,0,0,0,0,0,0,0,0,0,0,0
3894,Schiffornis major,0,0,0,0,0,0,0,0,0,0,0,0,0,0,0,0
3895,Schiffornis virescens,0,0,0,0,0,0,0,0,0,0,0,0,0,0,0,0
3896,Xenopsaris albinucha,0,0,0,0,0,0,0,0,0,0,0,0,0,0,0,0
3897,Pachyramphus versicolor,0,0,0,0,0,0,0,0,0,0,0,0,0,0,0,0
3898,Pachyramphus cinnamomeus,0,0,0,0,0,0,0,0,0,0,0,0,0,0,0,0
3899,Pachyramphus castaneus,0,0,0,0,0,0,0,0,0,0,0,0,0,0,0,0
3900,Pachyramphus polychopterus,0,0,0,0,0,0,0,0,0,0,0,0,0,0,0,0
3901,Pachyramphus albogriseus,0,0,0,0,0,0,0,0,0,0,0,0,0,0,0,0
3902,Pachyramphus marginatus,0,0,0,0,0,0,0,0,0,0,0,0,0,0,0,0
3903,Pachyramphus surinamus,0,0,0,0,0,0,0,0,0,0,0,0,0,0,0,0
3904,Pachyramphus rufus,0,0,0,0,0,0,0,0,0,0,0,0,0,0,0,0
3905,Pachyramphus spodiurus,0,0,0,2,0,0,0,1,0,0,2,1,0,0,1,0
3906,Pachyramphus aglaiae,0,0,0,0,0,0,0,0,0,0,0,0,0,0,0,0
3907,Pachyramphus homochrous,0,0,0,0,0,0,0,0,0,0,0,0,0,0,0,0
3908,Pachyramphus minor,0,0,0,0,0,0,0,0,0,0,0,0,0,0,0,0
3909,Pachyramphus niger,0,0,0,0,0,0,0,0,0,0,0,0,0,0,0,0
3910,Pachyramphus validus,0,0,0,0,0,0,0,0,0,0,0,0,0,0,0,0
3911,Tityra semifasciata,0,0,0,0,0,0,0,0,0,0,0,0,0,0,0,0
3912,Tityra inquisitor,0,0,0,0,0,0,0,0,0,0,0,0,0,0,0,0
3913,Phoenicircus nigricollis,0,0,0,0,0,0,0,0,0,0,0,0,0,0,0,0
3914,Phoenicircus carnifex,0,0,0,0,0,0,0,0,0,0,0,0,0,0,0,0
3915,Laniisoma elegans,0,0,0,2,0,0,1,0,0,0,2,0,0,0,0,0
3916,Lipaugus ater,0,0,0,0,0,0,0,0,1,0,0,1,0,0,0,0
3917,Lipaugus conditus,0,0,0,0,0,1,0,0,0,0,0,1,0,1,0,1
3918,Carpornis cucullata,0,0,0,2,0,0,0,0,0,0,0,2,1,0,0,0
3919,Carpornis melanocephala,0,0,0,0,0,1,0,0,0,0,0,2,0,0,0,0
3920,Doliornis remseni,0,0,0,1,0,1,0,0,0,0,1,1,0,0,0,0
3921,Ampelion rubrocristatus,0,0,0,0,0,0,0,0,0,0,0,0,0,0,0,0
3922,Ampelion rufaxilla,0,0,0,0,0,0,0,0,0,0,0,0,0,0,0,0
3923,Phytotoma raimondii,0,0,0,2,0,0,0,0,0,1,2,1,1,0,0,0
3924,Phytotoma rutila,0,0,0,0,0,0,0,0,0,0,0,0,0,0,0,0
3925,Phytotoma rara,0,0,0,0,0,0,0,0,0,0,0,0,0,0,0,0
3926,Zaratornis stresemanni,0,0,0,0,0,0,0,0,0,1,2,2,0,0,0,0
3927,Pipreola riefferii,0,0,0,0,0,0,0,0,0,0,0,0,0,0,0,0
3928,Pipreola intermedia,0,0,0,0,0,0,0,0,0,0,0,0,0,0,0,0
3929,Pipreola arcuata,0,0,0,0,0,0,0,0,0,0,0,0,0,0,0,0
3930,Pipreola aureopectus,0,0,0,0,0,0,0,0,0,0,0,0,0,0,0,0
3931,Pipreola jucunda,0,0,0,0,0,0,0,0,0,0,0,0,0,0,0,0
3932,Pipreola lubomirskii,0,0,0,0,0,0,0,0,0,0,0,0,0,0,0,0
3933,Pipreola pulchra,0,0,0,0,0,0,0,0,0,0,0,0,0,0,0,0
3934,Pipreola chlorolepidota,0,0,0,1,0,0,0,0,0,0,1,1,1,0,0,0
3935,Pipreola formosa,0,0,0,0,0,0,0,0,0,0,0,0,0,0,0,0
3936,Pipreola whitelyi,0,0,0,0,0,0,0,0,0,0,0,0,0,0,0,0
3937,Ampelioides tschudii,0,0,0,0,0,0,0,0,0,0,0,0,0,0,0,0
3938,Iodopleura pipra,0,0,0,2,0,0,0,0,0,0,0,2,2,0,0,0
3939,Iodopleura isabellae,0,0,0,0,0,0,0,0,0,0,0,0,0,0,0,0
3940,Iodopleura fusca,0,0,0,0,0,0,0,0,0,0,0,0,0,0,0,0
3941,Calyptura cristata,0,0,0,1,0,0,0,0,0,0,0,0,0,0,0,0
3942,Snowornis subalaris,0,0,0,0,0,0,0,0,0,0,0,1,0,0,0,0
3943,Snowornis cryptolophus,0,0,0,0,0,0,0,0,0,0,0,0,0,0,0,0
3944,Lipaugus fuscocinereus,0,0,0,0,0,0,0,0,0,0,0,0,0,0,0,0
3945,Lipaugus uropygialis,0,3,0,1,0,0,0,0,0,0,0,2,1,0,0,0
3946,Lipaugus vociferans,0,0,0,0,0,0,0,0,0,0,0,0,0,0,0,0
3947,Lipaugus unirufus,0,0,0,0,0,0,0,0,0,0,0,0,0,0,0,0
3948,Lipaugus lanioides,0,0,0,2,0,0,0,0,0,0,2,2,1,0,0,0
3949,Lipaugus streptophorus,0,0,0,0,0,0,0,0,0,0,0,0,0,0,0,0
3950,Porphyrolaema porphyrolaema,0,0,0,0,0,0,0,0,0,0,0,0,0,0,0,0
3951,Cotinga amabilis,0,0,0,0,0,0,0,0,0,0,0,0,0,0,0,0
3952,Cotinga ridgwayi,0,0,0,2,0,0,0,0,0,0,0,2,0,0,0,0
3953,Cotinga nattererii,0,0,0,0,0,0,0,0,0,0,0,0,0,0,0,0
3954,Cotinga maynana,0,0,0,0,0,0,0,0,0,0,0,0,0,0,0,0
3955,Cotinga cotinga,0,0,0,0,0,0,0,0,0,0,0,0,0,0,0,0
3956,Cotinga maculata,0,0,0,2,0,0,0,0,1,0,2,1,1,0,0,0
3957,Cotinga cayana,0,0,0,0,0,0,0,0,0,0,0,0,0,0,0,0
3958,Xipholena punicea,0,0,0,0,0,0,0,0,0,0,0,0,0,0,0,0
3959,Xipholena lamellipennis,0,0,0,2,0,2,0,0,0,0,2,2,0,0,0,0
3960,Xipholena atropurpurea,0,0,0,2,0,2,0,0,1,0,0,2,2,0,0,0
3961,Carpodectes nitidus,0,0,0,0,0,0,0,0,0,0,0,0,0,0,0,0
3962,Carpodectes antoniae,2,0,0,2,0,0,0,0,0,0,2,2,1,0,0,0
3963,Carpodectes hopkei,0,0,0,0,0,0,0,0,0,0,0,0,0,0,0,0
3964,Conioptilon mcilhennyi,0,0,0,0,0,0,0,0,0,0,0,0,0,0,0,0
3965,Gymnoderus foetidus,0,0,0,0,0,0,0,0,0,0,0,0,0,0,0,0
3966,Haematoderus militaris,0,0,0,0,0,0,0,0,0,0,0,0,0,0,0,0
3967,Querula purpurata,0,0,0,0,0,0,0,0,0,0,0,0,0,0,0,0
3968,Pyroderus scutatus,0,0,0,0,0,0,0,0,0,0,0,0,0,0,0,0
3969,Cephalopterus glabricollis,0,1,0,2,0,0,0,0,0,0,2,2,1,0,0,0
3970,Cephalopterus penduliger,0,0,0,1,0,0,0,0,1,0,1,1,1,0,0,0
3971,Cephalopterus ornatus,0,0,0,0,0,0,0,0,0,0,0,0,0,0,0,0
3972,Perissocephalus tricolor,0,0,0,0,0,0,0,0,0,0,0,0,0,0,0,0
3973,Procnias tricarunculatus,0,0,0,2,0,0,0,0,0,0,2,2,0,1,0,0
3974,Procnias albus,0,0,0,0,0,0,0,0,0,0,0,0,0,0,0,0
3975,Procnias averano,0,0,0,0,0,0,0,0,0,0,0,0,0,0,0,0
3976,Procnias nudicollis,0,0,0,2,0,0,0,0,2,0,0,1,2,0,0,0
3977,Rupicola rupicola,0,0,0,0,0,0,0,0,0,0,0,0,0,0,0,0
3978,Rupicola peruvianus,0,0,0,0,0,0,0,0,0,0,0,0,0,0,0,0
3979,Oxyruncus cristatus,0,0,0,0,0,0,0,0,0,0,0,0,0,0,0,0
3980,Pipra aureola,0,0,0,0,0,0,0,0,0,0,0,0,0,0,0,0
3981,Pipra fasciicauda,0,0,0,0,0,0,0,0,0,0,0,0,0,0,0,0
3982,Pipra filicauda,0,0,0,0,0,0,0,0,0,0,0,0,0,0,0,0
3983,Ceratopipra mentalis,0,0,0,0,0,0,0,0,0,0,0,0,0,0,0,0
3984,Ceratopipra erythrocephala,0,0,0,0,0,0,0,0,0,0,0,0,0,0,0,0
3985,Ceratopipra rubrocapilla,0,0,0,0,0,0,0,0,0,0,0,0,0,0,0,0
3986,Ceratopipra chloromeros,0,0,0,0,0,0,0,0,0,0,0,0,0,0,0,0
3987,Ceratopipra cornuta,0,0,0,0,0,0,0,0,0,0,0,0,0,0,0,0
3988,Pseudopipra pipra,0,0,0,0,0,0,0,0,0,0,0,0,0,0,0,0
3989,Lepidothrix coronata,0,0,0,0,0,0,0,0,0,0,0,0,0,0,0,0
3990,Lepidothrix suavissima,0,0,0,0,0,0,0,0,0,0,0,0,0,0,0,0
3991,Lepidothrix serena,0,0,0,0,0,0,0,0,0,0,0,0,0,0,0,0
3992,Lepidothrix iris,0,0,0,2,0,0,0,0,0,0,2,2,0,0,0,0
3993,Lepidothrix vilasboasi,0,0,0,2,0,0,0,0,0,0,2,1,1,0,0,0
3994,Lepidothrix nattereri,0,0,0,0,0,0,0,0,0,0,0,0,0,0,0,0
3995,Lepidothrix isidorei,0,0,0,1,0,0,0,0,0,0,1,0,1,0,0,0
3996,Lepidothrix coeruleocapilla,0,0,0,0,0,0,0,0,0,0,0,0,0,0,0,0
3997,Antilophia galeata,0,0,0,0,0,0,0,0,0,0,0,0,0,0,0,0
3998,Chiroxiphia linearis,0,0,0,0,0,0,0,0,0,0,0,0,0,0,0,0
3999,Chiroxiphia lanceolata,0,0,0,0,0,0,0,0,0,0,0,0,0,0,0,0
4000,Chiroxiphia pareola,0,0,0,0,0,0,0,0,0,0,0,0,0,0,0,0
4001,Chiroxiphia boliviana,0,0,0,0,0,0,0,0,0,0,0,0,0,0,0,0
4002,Chiroxiphia caudata,0,0,0,0,0,0,0,0,0,0,0,0,0,0,0,0
4003,Masius chrysopterus,0,0,0,0,0,0,0,0,0,0,0,0,0,0,0,0
4004,Ilicura militaris,0,0,0,0,0,0,0,0,0,0,0,0,0,0,0,0
4005,Corapipo gutturalis,0,0,0,0,0,0,0,0,0,0,0,0,0,0,0,0
4006,Manacus candei,0,0,0,0,0,0,0,0,0,0,0,0,0,0,0,0
4007,Manacus aurantiacus,0,0,0,0,0,0,0,0,0,0,0,0,0,0,0,0
4008,Manacus vitellinus,0,0,0,0,0,0,0,0,0,0,0,0,0,0,0,0
4009,Manacus manacus,0,0,0,0,0,0,0,0,0,0,0,0,0,0,0,0
4010,Machaeropterus pyrocephalus,0,0,0,0,0,0,0,0,0,0,0,0,0,0,0,0
4011,Machaeropterus deliciosus,0,0,0,0,0,0,0,0,0,0,0,0,0,0,0,0
4012,Xenopipo atronitens,0,0,0,0,0,0,0,0,0,0,0,0,0,0,0,0
4013,Chloropipo unicolor,0,0,0,0,0,0,0,0,0,0,0,0,0,0,0,0
4014,Xenopipo uniformis,0,0,0,0,0,0,0,0,0,0,0,0,0,0,0,0
4015,Chloropipo flavicapilla,0,0,0,2,0,0,0,0,0,0,0,0,0,0,0,0
4016,Neopipo cinnamomea,0,0,0,0,0,0,0,0,0,0,0,0,0,0,0,0
4017,Heterocercus flavivertex,0,0,0,0,0,0,0,0,0,0,0,0,0,0,0,0
4018,Heterocercus aurantiivertex,0,0,0,0,0,0,0,0,0,0,0,0,0,0,0,0
4019,Heterocercus linteatus,0,0,0,0,0,0,0,0,0,0,0,0,0,0,0,0
4020,Neopelma chrysocephalum,0,0,0,0,0,0,0,0,0,0,0,0,0,0,0,0
4021,Neopelma sulphureiventer,0,0,0,0,0,0,0,0,0,0,0,0,0,0,0,0
4022,Neopelma pallescens,0,0,0,0,0,0,0,0,0,0,0,0,0,0,0,0
4023,Neopelma aurifrons,0,2,0,2,1,0,0,0,0,0,0,2,2,0,0,0
4024,Tyranneutes stolzmanni,0,0,0,0,0,0,0,0,0,0,0,0,0,0,0,0
4025,Tyranneutes virescens,0,0,0,0,0,0,0,0,0,0,0,0,0,0,0,0
4026,Piprites pileata,0,0,0,2,0,1,0,0,0,0,1,1,1,1,0,0
4027,Piprites griseiceps,0,0,0,0,0,0,0,0,0,0,0,0,0,0,0,0
4028,Piprites chloris,0,0,0,0,0,0,0,0,0,0,0,0,0,0,0,0
4029,Cymbilaimus lineatus,0,0,0,0,0,0,0,0,0,0,0,0,0,0,0,0
4030,Cymbilaimus sanctaemariae,0,0,0,0,0,0,0,0,0,0,0,0,0,0,0,0
4031,Hypoedaleus guttatus,0,0,0,0,0,0,0,0,0,0,0,0,0,0,0,0
4032,Batara cinerea,0,0,0,0,0,0,0,0,0,0,0,0,0,0,0,0
4033,Mackenziaena severa,0,0,0,0,0,0,0,0,0,0,0,0,0,0,0,0
4034,Mackenziaena leachii,0,0,0,0,0,0,0,0,0,0,0,0,0,0,0,0
4035,Frederickena viridis,0,0,0,0,0,0,0,0,0,0,0,0,0,0,0,0
4036,Frederickena unduliger,0,0,0,0,0,0,0,0,0,0,0,0,0,0,0,0
4037,Taraba major,0,0,0,0,0,0,0,0,0,0,0,0,0,0,0,0
4038,Sakesphorus cristatus,0,0,0,0,0,0,0,0,0,0,0,0,0,0,0,0
4039,Thamnophilus melanonotus,0,0,0,0,0,0,0,0,0,0,0,0,0,0,0,0
4040,Thamnophilus melanothorax,0,0,0,0,0,0,0,0,0,0,0,0,0,0,0,0
4041,Sakesphorus luctuosus,0,0,0,0,0,0,0,0,0,0,0,0,0,0,0,0
4042,Biatas nigropectus,0,0,0,2,0,0,0,0,0,0,0,1,2,0,0,0
4043,Thamnophilus doliatus,0,0,0,0,0,0,0,0,0,0,0,0,0,0,0,0
4044,Thamnophilus zarumae,0,0,0,0,0,0,0,0,0,0,0,0,0,0,0,0
4045,Thamnophilus multistriatus,0,0,0,0,0,0,0,0,0,0,0,0,0,0,0,0
4046,Thamnophilus bridgesi,0,0,0,0,0,0,0,0,0,0,0,0,0,0,0,0
4047,Thamnophilus nigriceps,0,0,0,0,0,0,0,0,0,0,0,0,0,0,0,0
4048,Thamnophilus praecox,0,0,0,0,0,0,0,0,0,0,0,1,1,0,0,0
4049,Thamnophilus nigrocinereus,0,0,0,2,1,0,0,0,0,0,2,2,0,0,0,0
4050,Thamnophilus cryptoleucus,0,1,0,1,1,0,0,0,0,0,0,1,0,0,0,0
4051,Thamnophilus aethiops,0,0,0,0,0,0,0,0,0,0,0,0,0,0,0,0
4052,Thamnophilus unicolor,0,0,0,0,0,0,0,0,0,0,0,0,0,0,0,0
4053,Thamnophilus schistaceus,0,0,0,0,0,0,0,0,0,0,0,0,0,0,0,0
4054,Thamnophilus murinus,0,0,0,0,0,0,0,0,0,0,0,0,0,0,0,0
4055,Thamnophilus aroyae,0,0,0,0,0,0,0,0,0,0,0,0,0,0,0,0
4056,Thamnophilus punctatus,0,0,0,0,0,0,0,0,0,0,0,0,0,0,0,0
4057,Thamnophilus insignis,0,0,0,0,0,0,0,0,0,0,0,0,0,0,0,0
4058,Thamnophilus amazonicus,0,0,0,0,0,0,0,0,0,0,0,0,0,0,0,0
4059,Thamnophilus caerulescens,0,0,0,0,0,0,0,0,0,0,0,0,0,0,0,0
4060,Thamnophilus torquatus,0,0,0,0,0,0,0,0,0,0,0,0,0,0,0,0
4061,Pygiptila stellaris,0,0,0,0,0,0,0,0,0,0,0,0,0,0,0,0
4062,Megastictus margaritatus,0,0,0,0,0,0,0,0,0,0,0,0,0,0,0,0
4063,Neoctantes niger,0,0,0,0,0,0,0,0,0,0,0,0,0,0,0,0
4064,Clytoctantes alixii,0,0,0,1,1,0,0,0,0,0,1,1,1,0,0,0
4065,Clytoctantes atrogularis,0,0,0,2,1,0,0,0,0,0,2,2,0,0,0,0
4066,Xenornis setifrons,0,0,0,1,0,0,0,0,0,0,1,0,1,0,0,0
4067,Dysithamnus stictothorax,0,0,0,2,0,0,0,0,0,0,0,0,1,1,0,0
4068,Dysithamnus mentalis,0,0,0,0,0,0,0,0,0,0,0,0,0,0,0,0
4069,Dysithamnus striaticeps,0,0,0,0,0,0,0,0,0,0,0,0,0,0,0,0
4070,Dysithamnus puncticeps,0,0,0,0,0,0,0,0,0,0,0,0,0,0,0,0
4071,Dysithamnus xanthopterus,0,0,0,0,0,0,0,0,0,0,0,0,0,0,0,0
4072,Dysithamnus leucostictus,0,0,0,1,0,0,0,0,0,0,1,0,0,0,0,0
4073,Dysithamnus plumbeus,0,0,0,2,0,2,0,0,0,0,2,2,0,0,0,0
4074,Dysithamnus occidentalis,0,0,0,1,0,0,0,0,0,0,1,1,1,0,0,0
4075,Thamnomanes ardesiacus,0,0,0,0,0,0,0,0,0,0,0,0,0,0,0,0
4076,Thamnomanes caesius,0,0,0,0,0,0,0,0,0,0,0,0,0,0,0,0
4077,Thamnomanes schistogynus,0,0,0,0,0,0,0,0,0,0,0,0,0,0,0,0
4078,Myrmotherula sclateri,0,0,0,0,0,0,0,0,0,0,0,0,0,0,0,0
4079,Myrmotherula klagesi,0,0,0,1,2,0,0,0,0,0,0,2,2,0,0,0
4080,Myrmotherula ambigua,0,0,0,0,0,0,0,0,0,0,0,0,0,0,0,0
4081,Myrmotherula surinamensis,0,0,0,1,0,0,0,0,0,0,1,1,1,0,0,0
4082,Myrmotherula cherriei,0,0,0,0,0,0,0,0,0,0,0,0,0,0,0,0
4083,Myrmotherula longicauda,0,0,0,0,0,0,0,0,0,0,0,0,0,0,0,0
4084,Isleria hauxwelli,0,0,0,0,0,0,0,0,0,0,0,0,0,0,0,0
4085,Isleria guttata,0,0,0,0,0,0,0,0,0,0,0,0,0,0,0,0
4086,Rhopias gularis,0,0,0,0,0,0,0,0,0,0,0,0,0,0,0,0
4087,Epinecrophylla gutturalis,0,0,0,2,0,0,0,0,0,0,2,1,1,0,0,0
4088,Epinecrophylla fulviventris,0,0,0,0,0,0,0,0,0,0,0,0,0,0,0,0
4089,Epinecrophylla leucophthalma,0,0,0,0,0,0,0,0,0,0,0,0,0,0,0,0
4090,Epinecrophylla spodionota,0,0,0,0,0,0,0,0,0,0,0,0,0,0,0,0
4091,Epinecrophylla erythrura,0,0,0,0,0,0,0,0,0,0,0,0,0,0,0,0
4092,Myrmotherula schisticolor,0,0,0,0,0,0,0,0,0,0,0,0,0,0,0,0
4093,Myrmotherula sunensis,0,0,0,0,0,0,0,0,0,0,0,0,0,0,0,0
4094,Myrmotherula longipennis,0,0,0,0,0,0,0,0,0,0,0,0,0,0,0,0
4095,Myrmotherula minor,0,0,0,2,0,0,0,0,0,0,0,2,2,0,0,0
4096,Myrmotherula iheringi,0,0,0,0,0,0,0,0,0,0,0,0,0,0,0,0
4097,Myrmotherula grisea,0,0,0,2,0,0,0,0,0,0,0,0,1,0,0,0
4098,Myrmotherula unicolor,0,0,0,1,0,0,0,0,0,0,0,1,1,0,0,0
4099,Myrmotherula behni,0,0,0,0,0,0,0,0,0,0,0,0,0,0,0,0
4100,Myrmotherula urosticta,0,0,0,2,0,0,0,0,0,0,0,2,1,0,0,0
4101,Myrmotherula menetriesii,0,0,0,0,0,0,0,0,0,0,0,0,0,0,0,0
4102,Myrmotherula assimilis,0,0,0,0,0,0,0,0,0,0,0,0,0,0,0,0
4103,Dichrozona cincta,0,0,0,0,0,0,0,0,0,0,0,0,0,0,0,0
4104,Myrmorchilus strigilatus,0,0,0,0,0,0,0,0,0,0,0,0,0,0,0,0
4105,Herpsilochmus parkeri,0,0,0,2,0,0,0,0,0,0,0,2,1,2,0,0
4106,Herpsilochmus motacilloides,0,0,0,1,0,0,0,0,0,0,1,0,0,0,0,0
4107,Herpsilochmus atricapillus,0,0,0,0,0,0,0,0,0,0,0,0,0,0,0,0
4108,Herpsilochmus sellowi,0,0,0,2,0,1,0,0,0,0,2,0,1,0,0,0
4109,Herpsilochmus sticturus,0,0,0,0,0,0,0,0,0,0,0,0,0,0,0,0
4110,Herpsilochmus stictocephalus,0,0,0,0,0,0,0,0,0,0,0,0,0,0,0,0
4111,Herpsilochmus dorsimaculatus,0,0,0,0,0,0,0,0,0,0,0,0,0,0,0,0
4112,Herpsilochmus roraimae,0,0,0,0,0,0,0,0,0,0,0,0,0,0,0,0
4113,Herpsilochmus pectoralis,0,0,0,2,0,0,0,0,0,0,2,2,0,2,0,0
4114,Herpsilochmus longirostris,0,0,0,0,0,0,0,0,0,0,0,0,0,0,0,0
4115,Herpsilochmus axillaris,0,0,0,1,0,0,0,0,0,0,1,1,0,0,0,0
4116,Microrhopias quixensis,0,0,0,0,0,0,0,0,0,0,0,0,0,0,0,0
4117,Formicivora iheringi,0,0,0,1,0,0,0,0,0,0,1,1,1,0,0,0
4118,Formicivora melanogaster,0,0,0,0,0,0,0,0,0,0,0,0,0,0,0,0
4119,Formicivora erythronotos,0,0,0,0,0,0,0,0,0,0,2,0,2,2,0,0
4120,Formicivora rufa,0,0,0,0,0,0,0,0,0,0,0,0,0,0,0,0
4121,Drymophila ferruginea,0,0,0,0,0,0,0,0,0,0,0,0,0,0,0,0
4122,Drymophila rubricollis,0,0,0,0,0,0,0,0,0,0,0,0,0,0,0,0
4123,Drymophila genei,0,0,0,1,0,1,0,0,0,0,1,0,0,0,0,0
4124,Drymophila ochropyga,0,0,0,2,0,0,0,0,0,0,0,0,1,2,0,0
4125,Drymophila devillei,0,0,0,0,0,0,0,0,0,0,0,0,0,0,0,0
4126,Drymophila malura,0,0,0,0,0,0,0,0,0,0,0,0,0,0,0,0
4127,Drymophila squamata,0,0,0,0,0,0,0,0,0,0,0,0,0,0,0,0
4128,Terenura maculata,0,0,0,0,0,0,0,0,0,0,0,0,0,0,0,0
4129,Terenura sicki,0,0,0,2,0,0,0,0,0,0,2,2,0,0,0,0
4130,Euchrepomis callinota,0,0,0,0,0,0,0,0,0,0,0,0,0,0,0,0
4131,Euchrepomis humeralis,0,0,0,0,0,0,0,0,0,0,0,0,0,0,0,0
4132,Euchrepomis sharpei,0,0,0,1,0,0,0,0,0,0,1,0,0,1,0,0
4133,Euchrepomis spodioptila,0,0,0,0,0,0,0,0,0,0,0,0,0,0,0,0
4134,Cercomacra cinerascens,0,0,0,0,0,0,0,0,0,0,0,0,0,0,0,0
4135,Cercomacra brasiliana,0,0,0,1,0,0,0,0,0,0,0,1,1,0,0,0
4136,Cercomacroides tyrannina,0,0,0,0,0,0,0,0,0,0,0,0,0,0,0,0
4137,Cercomacra ferdinandi,0,0,0,2,0,0,0,0,0,0,2,0,0,0,0,0
4138,Cercomacroides serva,0,0,0,0,0,0,0,0,0,0,0,0,0,0,0,0
4139,Cercomacra nigricans,0,0,0,0,0,0,0,0,0,0,0,0,0,0,0,0
4140,Cercomacra carbonaria,0,0,0,3,0,2,0,0,0,0,3,0,0,0,0,0
4141,Cercomacra manu,0,0,0,0,0,0,0,0,0,0,0,0,0,0,0,0
4142,Cercomacra melanaria,0,0,0,0,0,0,0,0,0,0,0,0,0,0,0,0
4143,Pyriglena leucoptera,0,0,0,0,0,0,0,0,0,0,0,0,0,0,0,0
4144,Pyriglena atra,0,0,0,3,0,0,0,0,0,0,3,3,3,0,0,0
4145,Rhopornis ardesiacus,0,0,0,2,0,0,0,0,0,0,3,2,0,0,0,0
4146,Myrmoborus leucophrys,0,0,0,0,0,0,0,0,0,0,0,0,0,0,0,0
4147,Myrmoborus lugubris,0,1,0,1,1,0,0,0,0,0,0,1,0,0,0,0
4148,Myrmoborus myotherinus,0,0,0,0,0,0,0,0,0,0,0,0,0,0,0,0
4149,Myrmoborus melanurus,0,0,0,0,0,0,0,0,0,0,0,2,2,0,0,0
4150,Hypocnemis hypoxantha,0,0,0,0,0,0,0,0,0,0,0,0,0,0,0,0
4151,Hypocnemoides melanopogon,0,0,0,0,0,0,0,0,0,0,0,0,0,0,0,0
4152,Hypocnemoides maculicauda,0,0,0,0,0,0,0,0,0,0,0,0,0,0,0,0
4153,Myrmochanes hemileucus,0,0,0,0,0,0,0,0,0,0,0,0,0,0,0,0
4154,Gymnocichla nudiceps,0,0,0,0,0,0,0,0,0,0,0,0,0,0,0,0
4155,Sclateria naevia,0,0,0,0,0,0,0,0,0,0,0,0,0,0,0,0
4156,Percnostola rufifrons,0,0,0,0,0,0,0,0,0,0,0,0,0,0,0,0
4157,Myrmelastes schistaceus,0,0,0,0,0,0,0,0,0,0,0,0,0,0,0,0
4158,Myrmelastes caurensis,0,0,0,0,0,0,0,0,0,0,0,0,0,0,0,0
4159,Myrmoborus lophotes,0,0,0,0,0,0,0,0,0,0,0,1,0,0,0,0
4160,Sipia berlepschi,0,0,0,0,0,0,0,0,0,0,0,0,0,0,0,0
4161,Myrmeciza longipes,0,0,0,0,0,0,0,0,0,0,0,0,0,0,0,0
4162,Myrmoderus ferrugineus,0,0,0,0,0,0,0,0,0,0,0,0,0,0,0,0
4163,Myrmoderus ruficauda,0,0,0,2,0,2,0,0,0,0,2,2,0,0,0,0
4164,Myrmoderus loricatus,0,0,0,0,0,0,0,0,0,0,0,0,0,0,0,0
4165,Myrmoderus squamosus,0,0,0,0,0,0,0,0,0,0,0,0,0,0,0,0
4166,Sipia nigricauda,0,0,0,0,0,0,0,0,0,0,0,0,0,0,0,0
4167,Aprositornis disjuncta,0,0,0,0,0,0,0,0,0,0,0,0,0,0,0,0
4168,Ammonastes pelzelni,0,0,0,0,0,0,0,0,0,0,0,0,0,0,0,0
4169,Myrmelastes hyperythrus,0,0,0,0,0,0,0,0,0,0,0,0,0,0,0,0
4170,Akletos melanoceps,0,0,0,0,0,0,0,0,0,0,0,0,0,0,0,0
4171,Akletos goeldii,0,0,0,0,0,0,0,0,0,0,0,0,0,0,0,0
4172,Hafferia fortis,0,0,0,0,0,0,0,0,0,0,0,0,0,0,0,0
4173,Ampelornis griseiceps,0,0,0,2,0,0,0,0,0,0,2,1,1,0,0,0
4174,Myrmophylax atrothorax,0,0,0,0,0,0,0,0,0,0,0,0,0,0,0,0
4175,Pithys albifrons,0,0,0,0,0,0,0,0,0,0,0,0,0,0,0,0
4176,Pithys castaneus,0,0,0,0,0,0,0,0,0,0,0,1,1,0,0,0
4177,Gymnopithys rufigula,0,0,0,0,0,0,0,0,0,0,0,0,0,0,0,0
4178,Oneillornis lunulatus,0,0,0,0,0,0,0,0,0,0,0,0,0,0,0,0
4179,Oneillornis salvini,0,0,0,0,0,0,0,0,0,0,0,0,0,0,0,0
4180,Rhegmatorhina melanosticta,0,0,0,0,0,0,0,0,0,0,0,0,0,0,0,0
4181,Rhegmatorhina cristata,0,0,0,0,0,0,0,0,0,0,0,0,0,0,0,0
4182,Rhegmatorhina hoffmannsi,0,0,0,2,0,0,0,0,0,0,2,2,2,0,0,0
4183,Rhegmatorhina berlepschi,0,0,0,0,0,0,0,0,0,0,0,0,0,0,0,0
4184,Rhegmatorhina gymnops,0,0,0,2,2,0,0,0,0,0,2,0,1,0,0,0
4185,Hylophylax naevioides,0,0,0,0,0,0,0,0,0,0,0,0,0,0,0,0
4186,Hylophylax naevius,0,0,0,0,0,0,0,0,0,0,0,0,0,0,0,0
4187,Hylophylax punctulatus,0,0,0,0,0,0,0,0,0,0,0,0,0,0,0,0
4188,Phlegopsis nigromaculata,0,0,0,0,0,0,0,0,0,0,0,0,0,0,0,0
4189,Phlegopsis erythroptera,0,0,0,0,0,0,0,0,0,0,0,0,0,0,0,0
4190,Phlegopsis borbae,0,0,0,0,0,0,0,0,0,0,0,0,0,0,0,0
4191,Phaenostictus mcleannani,0,0,0,0,0,0,0,0,0,0,0,0,0,0,0,0
4192,Geositta poeciloptera,0,0,0,2,0,1,0,0,0,0,2,0,0,2,0,0
4193,Geositta cunicularia,0,0,0,0,0,0,0,0,0,0,0,0,0,0,0,0
4194,Geositta maritima,0,0,0,0,0,0,0,0,0,0,0,0,0,0,0,0
4195,Geositta peruviana,0,0,0,0,0,0,0,0,0,0,0,0,0,0,0,0
4196,Geositta punensis,0,0,0,0,0,0,0,0,0,0,0,0,0,0,0,0
4197,Geositta saxicolina,0,0,0,0,0,0,0,0,0,0,0,0,0,0,0,0
4198,Geositta isabellina,0,0,0,0,0,0,0,0,0,0,0,0,0,0,0,0
4199,Geositta antarctica,0,0,0,0,0,0,0,0,0,0,0,0,0,0,0,0
4200,Geositta rufipennis,0,0,0,0,0,0,0,0,0,0,0,0,0,0,0,0
4201,Geositta crassirostris,0,0,0,0,0,0,0,0,0,0,0,0,0,0,0,0
4202,Geositta tenuirostris,0,0,0,0,0,0,0,0,0,0,0,0,0,0,0,0
4203,Tarphonomus harterti,0,0,0,0,0,0,0,0,0,0,0,0,0,0,0,0
4204,Tarphonomus certhioides,0,0,0,0,0,0,0,0,0,0,0,0,0,0,0,0
4205,Ochetorhynchus ruficaudus,0,0,0,0,0,0,0,0,0,0,0,0,0,0,0,0
4206,Ochetorhynchus andaecola,0,0,0,0,0,0,0,0,0,0,0,0,0,0,0,0
4207,Geocerthia serrana,0,0,0,0,0,0,0,0,0,0,0,0,0,0,0,0
4208,Upucerthia albigula,0,0,0,0,0,0,0,0,0,0,0,0,0,0,0,0
4209,Cinclodes comechingonus,0,0,0,0,0,0,0,0,0,0,0,0,0,0,0,0
4210,Cinclodes pabsti,0,1,0,1,0,1,0,0,0,0,1,0,1,2,0,0
4211,Cinclodes oustaleti,0,0,0,0,0,0,0,0,0,0,0,0,0,0,0,0
4212,Cinclodes olrogi,0,0,0,0,0,0,0,0,0,0,0,0,0,0,0,0
4213,Cinclodes excelsior,0,0,0,0,0,0,0,0,0,0,0,0,0,0,0,0
4214,Cinclodes patagonicus,0,0,0,0,0,0,0,0,0,0,0,0,0,0,0,0
4215,Cinclodes taczanowskii,0,0,0,0,0,0,0,0,0,0,0,0,0,0,0,0
4216,Cinclodes nigrofumosus,0,0,0,0,0,0,0,0,0,0,0,0,0,0,0,0
4217,Cinclodes atacamensis,0,0,0,0,0,0,0,0,0,0,0,0,0,0,0,0
4218,Cinclodes palliatus,0,0,0,0,1,0,0,0,0,0,2,0,2,0,0,0
4219,Ochetorhynchus melanurus,0,0,0,0,0,0,0,0,0,0,0,0,0,0,0,0
4220,Furnarius minor,0,0,0,0,0,0,0,0,0,0,0,0,0,0,0,0
4221,Furnarius figulus,0,0,0,0,0,0,0,0,0,0,0,0,0,0,0,0
4222,Furnarius torridus,0,0,0,0,0,0,0,0,0,0,0,0,0,0,0,0
4223,Furnarius rufus,0,0,0,0,0,0,0,0,0,0,0,0,0,0,0,0
4224,Furnarius cristatus,0,0,0,0,0,0,0,0,0,0,0,0,0,0,0,0
4225,Sylviorthorhynchus desmurii,0,0,0,0,0,0,0,0,0,0,0,0,0,0,0,0
4226,Aphrastura spinicauda,0,0,0,0,0,0,0,0,0,0,0,0,0,0,0,0
4227,Aphrastura masafuerae,0,0,0,0,0,0,0,0,0,1,0,0,0,0,0,0
4228,Leptasthenura fuliginiceps,0,0,0,0,0,0,0,0,0,0,0,0,0,0,0,0
4229,Leptasthenura platensis,0,0,0,0,0,0,0,0,0,0,0,0,0,0,0,0
4230,Leptasthenura striolata,0,0,0,0,0,0,0,0,0,0,0,0,0,0,0,0
4231,Leptasthenura pileata,0,0,0,0,0,0,0,0,0,0,0,0,0,0,0,0
4232,Leptasthenura xenothorax,0,0,0,0,0,2,0,0,0,0,2,2,0,2,0,0
4233,Leptasthenura striata,0,0,0,0,0,0,0,0,0,0,0,0,0,0,0,0
4234,Leptasthenura andicola,0,0,0,0,0,0,0,0,0,0,0,0,0,0,0,0
4235,Leptasthenura setaria,0,0,0,2,0,0,0,0,0,0,2,2,0,1,0,0
4236,Asthenes perijana,0,0,0,1,0,0,0,0,0,0,1,0,1,0,0,0
4237,Asthenes coryi,0,0,0,0,0,0,0,0,0,0,0,0,0,0,0,0
4238,Asthenes fuliginosa,0,0,0,0,0,0,0,0,0,0,0,0,0,0,0,0
4239,Asthenes griseomurina,0,0,0,0,0,0,0,0,0,0,0,0,0,0,0,0
4240,Asthenes palpebralis,0,0,0,0,0,0,0,0,0,0,0,0,0,0,0,0
4241,Asthenes helleri,0,0,0,1,0,1,0,0,0,0,1,0,0,0,0,0
4242,Asthenes harterti,0,0,0,0,0,0,0,0,0,0,0,0,0,0,0,0
4243,Asthenes moreirae,0,0,0,0,0,0,0,0,0,0,0,0,0,0,0,0
4244,Schoeniophylax phryganophilus,0,0,0,0,0,0,0,0,0,0,0,0,0,0,0,0
4245,Synallaxis ruficapilla,0,0,0,0,0,0,0,0,0,0,0,0,0,0,0,0
4246,Synallaxis frontalis,0,0,0,0,0,0,0,0,0,0,0,0,0,0,0,0
4247,Synallaxis azarae,0,0,0,0,0,0,0,0,0,0,0,0,0,0,0,0
4248,Synallaxis courseni,0,0,0,0,0,0,0,0,0,0,1,0,0,0,0,0
4249,Synallaxis albescens,0,0,0,0,0,0,0,0,0,0,0,0,0,0,0,0
4250,Synallaxis spixi,0,0,0,0,0,0,0,0,0,0,0,0,0,0,0,0
4251,Synallaxis brachyura,0,0,0,0,0,0,0,0,0,0,0,0,0,0,0,0
4252,Synallaxis albigularis,0,0,0,0,0,0,0,0,0,0,0,0,0,0,0,0
4253,Synallaxis hypospodia,0,0,0,0,0,0,0,0,0,0,0,0,0,0,0,0
4254,Synallaxis infuscata,0,0,0,2,0,1,0,0,0,0,2,2,2,0,0,0
4255,Synallaxis moesta,0,0,0,1,0,0,0,0,0,0,1,1,0,0,0,0
4256,Synallaxis macconnelli,0,0,0,0,0,0,0,0,0,0,0,0,0,0,0,0
4257,Synallaxis cabanisi,0,0,0,1,0,0,0,0,0,0,1,0,0,0,0,0
4258,Synallaxis subpudica,0,0,0,0,0,0,0,0,0,0,0,0,0,0,0,0
4259,Synallaxis tithys,0,0,0,2,0,0,0,0,0,0,2,1,0,0,0,0
4260,Synallaxis cinerascens,0,0,0,0,0,0,0,0,0,0,0,0,0,0,0,0
4261,Mazaria propinqua,0,0,0,0,0,0,0,0,0,0,0,0,0,0,0,0
4262,Synallaxis hellmayri,0,0,0,2,0,2,0,0,0,0,2,2,0,0,0,0
4263,Synallaxis maranonica,0,0,0,3,0,0,0,0,0,0,3,2,1,0,0,0
4264,Synallaxis gujanensis,0,0,0,0,0,0,0,0,0,0,0,0,0,0,0,0
4265,Synallaxis rutilans,0,0,0,0,0,0,0,0,0,0,0,0,0,0,0,0
4266,Synallaxis cherriei,0,0,0,0,0,0,0,0,0,0,1,2,1,0,0,0
4267,Synallaxis unirufa,0,0,0,0,0,0,0,0,0,0,0,0,0,0,0,0
4268,Synallaxis castanea,0,0,0,0,0,0,0,0,0,0,0,0,0,0,0,0
4269,Synallaxis fuscorufa,0,0,0,1,0,1,0,0,0,0,1,1,0,0,0,0
4270,Synallaxis zimmeri,0,0,0,0,0,0,0,0,0,0,2,1,0,2,0,0
4271,Synallaxis erythrothorax,0,0,0,0,0,0,0,0,0,0,0,0,0,0,0,0
4272,Synallaxis cinnamomea,0,0,0,0,0,0,0,0,0,0,0,0,0,0,0,0
4273,Synallaxis candei,0,0,0,0,0,0,0,0,0,0,0,0,0,0,0,0
4274,Synallaxis kollari,0,0,0,3,0,2,0,0,0,0,3,1,0,0,2,0
4275,Synallaxis scutata,0,0,0,0,0,0,0,0,0,0,0,0,0,0,0,0
4276,Hellmayrea gularis,0,0,0,0,0,0,0,0,0,0,0,0,0,0,0,0
4277,Cranioleuca erythrops,0,0,0,0,0,0,0,0,0,0,0,0,0,0,0,0
4278,Cranioleuca pallida,0,0,0,0,0,0,0,0,0,0,0,0,0,0,0,0
4279,Cranioleuca curtata,0,0,0,1,0,0,0,0,0,0,1,1,0,0,0,0
4280,Cranioleuca demissa,0,0,0,0,0,0,0,0,0,0,0,0,0,0,0,0
4281,Cranioleuca hellmayri,0,0,0,0,0,0,0,0,0,0,0,0,0,0,0,0
4282,Cranioleuca subcristata,0,0,0,0,0,0,0,0,0,0,0,0,0,0,0,0
4283,Cranioleuca pyrrhophia,0,0,0,0,0,0,0,0,0,0,0,0,0,0,0,0
4284,Cranioleuca obsoleta,0,0,0,0,0,0,0,0,0,0,0,0,0,0,0,0
4285,Cranioleuca albiceps,0,0,0,0,0,0,0,0,0,0,0,0,0,0,0,0
4286,Cranioleuca semicinerea,0,0,0,0,0,0,0,0,0,0,0,0,0,0,0,0
4287,Cranioleuca albicapilla,0,0,0,0,0,0,0,0,0,0,0,0,0,0,0,0
4288,Cranioleuca dissita,0,0,0,0,0,0,0,0,0,1,0,0,0,0,0,0
4289,Cranioleuca muelleri,0,0,0,2,0,0,0,0,0,0,2,0,0,0,0,0
4290,Thripophaga gutturata,0,0,0,0,0,0,0,0,0,0,0,0,0,0,0,0
4291,Limnoctites sulphuriferus,0,0,0,0,0,0,0,0,0,0,0,0,0,0,0,0
4292,Certhiaxis cinnamomeus,0,0,0,0,0,0,0,0,0,0,0,0,0,0,0,0
4293,Certhiaxis mustelinus,0,0,0,0,0,0,0,0,0,0,0,0,0,0,0,0
4294,Asthenes pyrrholeuca,0,0,0,0,0,0,0,0,0,0,0,0,0,0,0,0
4295,Asthenes baeri,0,0,0,0,0,0,0,0,0,0,0,0,0,0,0,0
4296,Asthenes pudibunda,0,0,0,0,0,0,0,0,0,0,0,0,0,0,0,0
4297,Asthenes ottonis,0,0,0,0,0,0,0,0,0,0,0,0,0,0,0,0
4298,Asthenes heterura,0,0,0,1,0,1,0,0,0,0,1,1,0,1,0,0
4299,Pseudasthenes cactorum,0,0,0,0,0,0,0,0,0,0,0,0,0,0,0,0
4300,Asthenes modesta,0,0,0,0,0,0,0,0,0,0,0,0,0,0,0,0
4301,Asthenes luizae,0,2,0,0,0,1,0,0,0,2,1,0,1,0,0,0
4302,Asthenes berlepschi,0,0,0,1,0,0,0,0,0,0,1,0,0,0,0,0
4303,Pseudasthenes steinbachi,0,0,0,0,0,0,0,0,0,0,3,0,0,0,0,0
4304,Pseudasthenes humicola,0,0,0,0,0,0,0,0,0,0,0,0,0,0,0,0
4305,Pseudasthenes patagonica,0,0,0,0,0,0,0,0,0,0,0,0,0,0,0,0
4306,Asthenes humilis,0,0,0,0,0,0,0,0,0,0,0,0,0,0,0,0
4307,Asthenes anthoides,0,0,0,0,0,0,0,0,0,0,0,0,0,0,0,0
4308,Asthenes urubambensis,0,0,0,1,0,1,0,0,0,0,1,1,0,0,0,0
4309,Asthenes flammulata,0,0,0,0,0,0,0,0,0,0,0,0,0,0,0,0
4310,Asthenes virgata,0,0,0,0,0,0,0,0,0,0,0,0,0,0,0,0
4311,Asthenes maculicauda,0,0,0,0,0,0,0,0,0,0,0,0,0,0,0,0
4312,Asthenes hudsoni,0,0,0,2,0,0,0,0,0,0,1,0,2,0,0,0
4313,Thripophaga cherriei,0,0,0,1,0,0,0,0,0,0,0,0,0,0,0,0
4314,Thripophaga macroura,0,0,0,2,0,0,0,0,0,0,0,1,2,0,0,0
4315,Cranioleuca berlepschi,0,0,0,1,0,1,0,0,0,0,1,0,1,0,0,0
4316,Thripophaga fusciceps,0,0,0,0,0,0,0,0,0,0,0,0,0,0,0,0
4317,Synallaxis hypochondriaca,0,0,0,2,0,0,0,0,0,0,2,2,1,2,0,0
4318,Phacellodomus sibilatrix,0,0,0,0,0,0,0,0,0,0,0,0,0,0,0,0
4319,Phacellodomus striaticeps,0,0,0,0,0,0,0,0,0,0,0,0,0,0,0,0
4320,Phacellodomus striaticollis,0,0,0,0,0,0,0,0,0,0,0,0,0,0,0,0
4321,Phacellodomus ruber,0,0,0,0,0,0,0,0,0,0,0,0,0,0,0,0
4322,Phacellodomus dorsalis,0,0,0,1,0,1,0,0,0,0,1,0,0,0,0,0
4323,Phacellodomus erythrophthalmus,0,0,0,0,0,0,0,0,0,0,0,0,0,0,0,0
4324,Phacellodomus ferrugineigula,0,0,0,0,0,0,0,0,0,0,0,0,0,0,0,0
4325,Clibanornis dendrocolaptoides,0,0,0,2,2,0,0,0,0,0,0,2,2,2,0,0
4326,Spartonoica maluroides,0,0,0,2,2,0,0,0,0,0,0,0,1,1,0,0
4327,Phleocryptes melanops,0,0,0,0,0,0,0,0,0,0,0,0,0,0,0,0
4328,Limnornis curvirostris,0,0,0,0,0,0,0,0,0,0,0,0,0,0,0,0
4329,Limnoctites rectirostris,0,0,0,0,0,0,0,0,0,0,1,0,1,1,1,0
4330,Anumbius annumbi,0,0,0,0,0,0,0,0,0,0,0,0,0,0,0,0
4331,Coryphistera alaudina,0,0,0,0,0,0,0,0,0,0,0,0,0,0,0,0
4332,Ochetorhynchus phoenicurus,0,0,0,0,0,0,0,0,0,0,0,0,0,0,0,0
4333,Siptornis striaticollis,0,0,0,0,0,0,0,0,0,0,0,0,0,0,0,0
4334,Metopothrix aurantiaca,0,0,0,0,0,0,0,0,0,0,0,0,0,0,0,0
4335,Xenerpestes minlosi,0,0,0,0,0,0,0,0,0,0,0,0,0,0,0,0
4336,Xenerpestes singularis,0,0,0,1,0,0,0,0,0,0,1,1,1,0,0,0
4337,Roraimia adusta,0,0,0,0,0,0,0,0,0,0,0,0,0,0,0,0
4338,Premnornis guttuliger,0,0,0,0,0,0,0,0,0,0,0,0,0,0,0,0
4339,Premnoplex brunnescens,0,0,0,0,0,0,0,0,0,0,0,0,0,0,0,0
4340,Margarornis rubiginosus,0,0,0,0,0,0,0,0,0,0,0,0,0,0,0,0
4341,Margarornis stellatus,0,0,0,2,0,0,0,0,0,0,2,2,1,2,0,0
4342,Margarornis bellulus,0,0,0,0,0,0,0,0,0,0,0,0,0,0,0,0
4343,Margarornis squamiger,0,0,0,0,0,0,0,0,0,0,0,0,0,0,0,0
4344,Lochmias nematura,0,0,0,0,0,0,0,0,0,0,0,0,0,0,0,0
4345,Pseudoseisura lophotes,0,0,0,0,0,0,0,0,0,0,0,0,0,0,0,0
4346,Pseudoseisura gutturalis,0,0,0,0,0,0,0,0,0,0,0,0,0,0,0,0
4347,Pseudocolaptes lawrencii,0,0,0,0,0,0,0,0,0,0,0,0,0,0,0,0
4348,Pseudocolaptes boissonneauii,0,0,0,0,0,0,0,0,0,0,0,0,0,0,0,0
4349,Berlepschia rikeri,0,0,0,0,0,0,0,0,0,0,0,0,0,0,0,0
4350,Ancistrops strigilatus,0,0,0,0,0,0,0,0,0,0,0,0,0,0,0,0
4351,Syndactyla guttulata,0,0,0,0,0,0,0,0,0,0,0,0,0,0,0,0
4352,Syndactyla subalaris,0,0,0,0,0,0,0,0,0,0,0,0,0,0,0,0
4353,Syndactyla rufosuperciliata,0,0,0,0,0,0,0,0,0,0,0,0,0,0,0,0
4354,Syndactyla ruficollis,0,0,0,2,0,0,0,0,0,0,2,1,2,0,0,0
4355,Anabacerthia variegaticeps,0,0,0,0,0,0,0,0,0,0,0,0,0,0,0,0
4356,Anabacerthia striaticollis,0,0,0,0,0,0,0,0,0,0,0,0,0,0,0,0
4357,Anabacerthia ruficaudata,0,0,0,0,0,0,0,0,0,0,0,0,0,0,0,0
4358,Philydor pyrrhodes,0,0,0,0,0,0,0,0,0,0,0,0,0,0,0,0
4359,Syndactyla dimidiata,0,0,0,0,0,0,0,0,0,0,0,0,0,0,0,0
4360,Philydor fuscipenne,0,0,0,0,0,0,0,0,0,0,0,0,0,0,0,0
4361,Dendroma erythroptera,0,0,0,0,0,0,0,0,0,0,0,0,0,0,0,0
4362,Anabacerthia amaurotis,0,0,0,1,0,0,0,0,0,0,0,0,1,1,0,0
4363,Anabacerthia lichtensteini,0,0,0,0,0,0,0,0,0,0,0,0,0,0,0,0
4364,Dendroma rufa,0,0,0,0,0,0,0,0,0,0,0,0,0,0,0,0
4365,Philydor atricapillus,0,0,0,0,0,0,0,0,0,0,0,0,0,0,0,0
4366,Philydor novaesi,0,0,0,1,0,1,0,0,0,0,1,1,0,0,0,0
4367,Syndactyla ucayalae,0,0,0,0,0,0,0,0,0,0,0,1,2,0,0,0
4368,Syndactyla striata,0,0,0,1,0,0,0,0,0,0,0,1,1,0,0,0
4369,Anabazenops fuscus,0,0,0,0,0,0,0,0,0,0,0,0,0,0,0,0
4370,Thripadectes ignobilis,0,0,0,0,0,0,0,0,0,0,0,0,0,0,0,0
4371,Thripadectes rufobrunneus,0,0,0,0,0,0,0,0,0,0,0,0,0,0,0,0
4372,Thripadectes virgaticeps,0,0,0,0,0,0,0,0,0,0,0,0,0,0,0,0
4373,Thripadectes melanorhynchus,0,0,0,0,0,0,0,0,0,0,0,0,0,0,0,0
4374,Thripadectes holostictus,0,0,0,0,0,0,0,0,0,0,0,0,0,0,0,0
4375,Thripadectes flammulatus,0,0,0,0,0,0,0,0,0,0,0,0,0,0,0,0
4376,Thripadectes scrutator,0,0,0,0,0,0,0,0,0,0,0,0,0,0,0,0
4377,Anabazenops dorsalis,0,0,0,0,0,0,0,0,0,0,0,0,0,0,0,0
4378,Syndactyla roraimae,0,0,0,0,0,0,0,0,0,0,0,0,0,0,0,0
4379,Automolus melanopezus,0,0,0,0,0,0,0,0,0,0,0,0,0,0,0,0
4380,Automolus rufipileatus,0,0,0,0,0,0,0,0,0,0,0,0,0,0,0,0
4381,Clibanornis rectirostris,0,0,0,0,0,0,0,0,0,0,0,0,0,0,0,0
4382,Clibanornis erythrocephalus,0,0,0,2,0,0,0,0,0,1,2,1,1,0,0,0
4383,Sclerurus mexicanus,0,0,0,0,0,0,0,0,0,0,0,0,0,0,0,0
4384,Sclerurus rufigularis,0,0,0,0,0,0,0,0,0,0,0,0,0,0,0,0
4385,Sclerurus albigularis,0,0,0,1,0,0,0,0,0,0,1,0,0,0,0,0
4386,Sclerurus caudacutus,0,0,0,0,0,0,0,0,0,0,0,0,0,0,0,0
4387,Sclerurus guatemalensis,0,0,0,0,0,0,0,0,0,0,0,0,0,0,0,0
4388,Heliobletus contaminatus,0,0,0,0,0,0,0,0,0,0,0,0,0,0,0,0
4389,Microxenops milleri,0,0,0,0,0,0,0,0,0,0,0,0,0,0,0,0
4390,Xenops tenuirostris,0,0,0,0,0,0,0,0,0,0,0,0,0,0,0,0
4391,Xenops rutilus,0,0,0,0,0,0,0,0,0,0,0,0,0,0,0,0
4392,Megaxenops parnaguae,0,0,0,0,0,0,0,0,0,0,0,0,0,0,0,0
4393,Pygarrhichas albogularis,0,0,0,0,0,0,0,0,0,0,0,0,0,0,0,0
4394,Dendrocincla tyrannina,0,0,0,0,0,0,0,0,0,0,0,0,0,0,0,0
4395,Dendrocincla fuliginosa,0,0,0,0,0,0,0,0,0,0,0,0,0,0,0,0
4396,Dendrocincla turdina,0,0,0,0,0,0,0,0,0,0,0,0,0,0,0,0
4397,Dendrocincla anabatina,0,0,0,0,0,0,0,0,0,0,0,0,0,0,0,0
4398,Dendrocincla merula,0,0,0,0,0,0,0,0,0,0,0,0,0,0,0,0
4399,Dendrocincla homochroa,0,0,0,0,0,0,0,0,0,0,0,0,0,0,0,0
4400,Certhiasomus stictolaemus,0,0,0,0,0,0,0,0,0,0,0,0,0,0,0,0
4401,Glyphorynchus spirurus,0,0,0,0,0,0,0,0,0,0,0,0,0,0,0,0
4402,Drymornis bridgesii,0,0,0,0,0,0,0,0,0,0,0,0,0,0,0,0
4403,Nasica longirostris,0,0,0,0,0,0,0,0,0,0,0,0,0,0,0,0
4404,Dendrexetastes rufigula,0,0,0,0,0,0,0,0,0,0,0,0,0,0,0,0
4405,Hylexetastes stresemanni,0,0,0,0,0,0,0,0,0,0,0,0,0,0,0,0
4406,Hylexetastes perrotii,0,0,0,1,0,0,0,0,0,0,1,1,0,0,0,0
4407,Xiphocolaptes promeropirhynchus,0,0,0,0,0,0,0,0,0,0,0,0,0,0,0,0
4408,Xiphocolaptes albicollis,0,0,0,0,0,0,0,0,0,0,0,0,0,0,0,0
4409,Xiphocolaptes falcirostris,0,0,0,2,0,0,0,0,0,0,1,0,2,1,0,0
4410,Xiphocolaptes major,0,0,0,0,0,0,0,0,0,0,0,0,0,0,0,0
4411,Dendrocolaptes certhia,0,0,0,0,0,0,0,0,0,0,0,0,0,0,0,0
4412,Dendrocolaptes hoffmannsi,0,0,0,2,0,0,0,0,0,0,2,0,0,0,0,0
4413,Dendrocolaptes picumnus,0,0,0,0,0,0,0,0,0,0,0,0,0,0,0,0
4414,Dendrocolaptes platyrostris,0,0,0,0,0,0,0,0,0,0,0,0,0,0,0,0
4415,Dendroplex picus,0,0,0,0,0,0,0,0,0,0,0,0,0,0,0,0
4416,Dendroplex kienerii,0,0,0,2,0,0,0,0,0,0,2,0,0,0,0,0
4417,Xiphorhynchus obsoletus,0,0,0,0,0,0,0,0,0,0,0,0,0,0,0,0
4418,Xiphorhynchus spixii,0,0,0,0,0,0,0,0,0,0,0,0,0,0,0,0
4419,Xiphorhynchus elegans,0,0,0,0,0,0,0,0,0,0,0,0,0,0,0,0
4420,Xiphorhynchus pardalotus,0,0,0,0,0,0,0,0,0,0,0,0,0,0,0,0
4421,Xiphorhynchus flavigaster,0,0,0,0,0,0,0,0,0,0,0,0,0,0,0,0
4422,Xiphorhynchus lachrymosus,0,0,0,0,0,0,0,0,0,0,0,0,0,0,0,0
4423,Xiphorhynchus triangularis,0,0,0,0,0,0,0,0,0,0,0,0,0,0,0,0
4424,Lepidocolaptes leucogaster,0,0,0,0,0,0,0,0,0,0,0,0,0,0,0,0
4425,Lepidocolaptes souleyetii,0,0,0,0,0,0,0,0,0,0,0,0,0,0,0,0
4426,Lepidocolaptes angustirostris,0,0,0,0,0,0,0,0,0,0,0,0,0,0,0,0
4427,Drymotoxeres pucheranii,0,0,0,1,0,0,0,0,0,0,1,1,1,1,0,0
4428,Campylorhamphus trochilirostris,0,0,0,0,0,0,0,0,0,0,0,0,0,0,0,0
4429,Campylorhamphus falcularius,0,0,0,0,0,0,0,0,0,0,0,0,0,0,0,0
4430,Campylorhamphus pusillus,0,0,0,0,0,0,0,0,0,0,0,0,0,0,0,0
4431,Formicarius colma,0,0,0,0,0,0,0,0,0,0,0,0,0,0,0,0
4432,Formicarius rufifrons,0,0,0,1,0,0,0,0,0,0,1,1,1,1,0,0
4433,Formicarius nigricapillus,0,0,0,0,0,0,0,0,0,0,0,0,0,0,0,0
4434,Formicarius rufipectus,0,0,0,0,0,0,0,0,0,0,0,0,0,0,0,0
4435,Chamaeza campanisona,0,0,0,0,0,0,0,0,0,0,0,0,0,0,0,0
4436,Chamaeza nobilis,0,0,0,0,0,0,0,0,0,0,0,0,0,0,0,0
4437,Chamaeza turdina,0,0,0,0,0,0,0,0,0,0,0,0,0,0,0,0
4438,Chamaeza meruloides,0,0,0,0,0,0,0,0,0,0,0,0,0,0,0,0
4439,Chamaeza ruficauda,0,0,0,0,0,0,0,0,0,0,0,0,0,0,0,0
4440,Chamaeza mollissima,0,0,0,0,0,0,0,0,0,0,0,0,0,0,0,0
4441,Pittasoma michleri,0,0,0,0,0,0,0,0,0,0,0,0,0,0,0,0
4442,Pittasoma rufopileatum,0,0,0,0,0,0,0,0,0,0,1,1,1,1,0,0
4443,Grallaria squamigera,0,0,0,0,0,0,0,0,0,0,0,0,0,0,0,0
4444,Grallaria gigantea,0,0,0,1,0,0,0,0,0,0,1,1,1,0,0,0
4445,Grallaria excelsa,0,0,0,1,0,0,0,0,0,0,1,0,1,0,0,0
4446,Grallaria varia,0,0,0,0,0,0,0,0,0,0,0,0,0,0,0,0
4447,Grallaria guatimalensis,0,0,0,0,0,0,0,0,0,0,0,0,0,0,0,0
4448,Grallaria alleni,0,0,0,1,0,0,0,0,0,0,1,1,1,0,0,0
4449,Grallaria chthonia,0,0,0,2,0,0,0,0,0,0,0,0,0,0,0,0
4450,Grallaria haplonota,0,0,0,0,0,0,0,0,0,0,0,0,0,0,0,0
4451,Grallaria dignissima,0,0,0,0,0,0,0,0,0,0,0,0,0,0,0,0
4452,Grallaria eludens,0,0,0,0,0,0,0,0,0,0,0,1,2,0,0,0
4453,Grallaria kaestneri,0,0,0,1,0,0,0,0,0,0,1,1,0,1,0,0
4454,Grallaria bangsi,0,0,0,1,0,1,0,0,0,0,1,2,0,0,0,0
4455,Grallaria ruficapilla,0,0,0,0,0,0,0,0,0,0,0,0,0,0,0,0
4456,Grallaria watkinsi,0,0,0,1,0,0,0,0,0,0,1,0,0,0,0,0
4457,Grallaria andicolus,0,0,0,0,0,0,0,0,0,0,0,0,0,0,0,0
4458,Grallaria rufocinerea,0,0,0,1,0,0,0,0,0,0,1,1,1,0,0,0
4459,Grallaria nuchalis,0,0,0,0,0,0,0,0,0,0,0,0,0,0,0,0
4460,Grallaria carrikeri,0,0,0,1,0,1,0,0,0,0,1,1,0,0,0,0
4461,Grallaria albigula,0,0,0,0,0,0,0,0,0,0,0,0,0,0,0,0
4462,Grallaria flavotincta,0,0,0,0,0,0,0,0,0,0,0,0,0,0,0,0
4463,Grallaria hypoleuca,0,0,0,0,0,0,0,0,0,0,0,0,0,0,0,0
4464,Grallaria przewalskii,0,0,0,1,0,0,0,0,0,0,1,1,0,0,0,0
4465,Grallaria capitalis,0,0,0,0,0,0,0,0,0,0,0,0,0,0,0,0
4466,Grallaria erythroleuca,0,0,0,0,0,0,0,0,0,0,0,0,0,0,0,0
4467,Grallaria griseonucha,0,0,0,0,0,0,0,0,0,0,0,0,0,0,0,0
4468,Grallaria blakei,0,0,0,2,0,0,0,0,0,0,0,2,0,0,0,0
4469,Grallaria erythrotis,0,0,0,0,0,0,0,0,0,0,0,0,0,0,0,0
4470,Grallaria milleri,0,0,0,1,0,0,0,0,0,0,1,1,0,0,0,0
4471,Hylopezus perspicillatus,0,0,0,0,0,0,0,0,0,0,0,0,0,0,0,0
4472,Myrmothera fulviventris,0,0,0,0,0,0,0,0,0,0,0,0,0,0,0,0
4473,Myrmothera berlepschi,0,0,0,0,0,0,0,0,0,0,0,0,0,0,0,0
4474,Hylopezus ochroleucus,0,0,0,2,0,0,0,0,0,0,2,2,1,0,0,0
4475,Cryptopezus nattereri,0,0,0,0,0,0,0,0,0,0,0,0,0,0,0,0
4476,Myrmothera simplex,0,0,0,0,0,0,0,0,0,0,0,0,0,0,0,0
4477,Grallaricula flavirostris,0,0,0,1,0,0,0,0,0,0,1,1,0,0,0,0
4478,Grallaricula loricata,0,0,0,1,0,1,0,0,0,0,0,1,1,0,0,0
4479,Grallaricula peruviana,0,0,0,1,0,0,0,0,0,0,1,1,1,0,0,0
4480,Grallaricula ochraceifrons,0,0,0,1,0,0,0,0,0,0,0,1,1,0,0,0
4481,Grallaricula lineifrons,0,0,0,1,0,0,0,0,0,0,1,1,0,0,0,0
4482,Grallaricula cucullata,0,0,0,1,0,0,0,0,0,0,1,1,1,0,0,0
4483,Conopophaga roberti,0,0,0,0,0,0,0,0,0,0,0,0,0,0,0,0
4484,Conopophaga peruviana,0,0,0,0,0,0,0,0,0,0,0,0,0,0,0,0
4485,Conopophaga ardesiaca,0,0,0,0,0,0,0,0,0,0,0,0,0,0,0,0
4486,Conopophaga castaneiceps,0,0,0,0,0,0,0,0,0,0,0,0,0,0,0,0
4487,Conopophaga melanops,0,0,0,0,0,0,0,0,0,0,0,0,0,0,0,0
4488,Conopophaga melanogaster,0,0,0,0,0,0,0,0,0,0,0,0,0,0,0,0
4489,Pteroptochos castaneus,0,0,0,0,0,0,0,0,0,0,0,0,0,0,0,0
4490,Pteroptochos tarnii,0,0,0,0,0,0,0,0,0,0,0,0,0,0,0,0
4491,Pteroptochos megapodius,0,0,0,0,0,0,0,0,0,0,0,0,0,0,0,0
4492,Scelorchilus albicollis,0,0,0,0,0,0,0,0,0,0,0,0,0,0,0,0
4493,Scelorchilus rubecula,0,0,0,0,0,0,0,0,0,0,0,0,0,0,0,0
4494,Rhinocrypta lanceolata,0,0,0,0,0,0,0,0,0,0,0,0,0,0,0,0
4495,Teledromas fuscus,0,0,0,0,0,0,0,0,0,0,0,0,0,0,0,0
4496,Liosceles thoracicus,0,0,0,1,0,0,0,0,0,0,1,1,0,0,0,0
4497,Melanopareia torquata,0,0,0,0,0,0,0,0,0,0,0,0,0,0,0,0
4498,Melanopareia maximiliani,0,0,0,0,0,0,0,0,0,0,0,0,0,0,0,0
4499,Melanopareia elegans,0,0,0,0,0,0,0,0,0,0,0,0,0,0,0,0
4500,Melanopareia maranonica,0,0,0,2,0,0,0,0,0,0,2,2,2,2,0,0
4501,Psilorhamphus guttatus,0,0,0,2,0,0,0,0,0,0,0,0,1,1,0,0
4502,Merulaxis ater,0,0,0,1,0,1,0,0,0,0,2,0,1,1,0,0
4503,Merulaxis stresemanni,0,0,0,1,0,2,0,0,0,0,2,2,0,1,0,0
4504,Eugralla paradoxa,0,0,0,0,0,0,0,0,0,0,0,0,0,0,0,0
4505,Myornis senilis,0,0,0,0,0,0,0,0,0,0,0,0,0,0,0,0
4506,Scytalopus unicolor,0,0,0,1,0,1,0,0,0,0,1,0,0,0,0,0
4507,Scytalopus macropus,0,0,0,0,0,0,0,0,0,0,0,0,0,0,0,0
4508,Scytalopus femoralis,0,0,0,0,0,0,0,0,0,0,0,0,0,0,0,0
4509,Scytalopus panamensis,0,1,0,0,0,0,0,0,0,0,0,0,0,0,0,0
4510,Scytalopus vicinior,0,0,0,0,0,0,0,0,0,0,0,0,0,0,0,0
4511,Scytalopus argentifrons,0,0,0,0,0,0,0,0,0,0,0,0,0,0,0,0
4512,Scytalopus latebricola,0,0,0,0,0,0,0,0,0,0,0,1,0,0,0,0
4513,Scytalopus superciliaris,0,0,0,0,0,0,0,0,0,0,0,0,0,0,0,0
4514,Scytalopus speluncae,0,0,0,0,0,0,0,0,0,0,0,0,0,0,0,0
4515,Scytalopus novacapitalis,0,0,0,1,1,1,0,0,0,0,2,0,2,0,2,0
4516,Eleoscytalopus psychopompus,0,0,0,0,0,0,0,0,0,0,0,1,0,0,0,0
4517,Eleoscytalopus indigoticus,0,0,0,1,0,0,0,0,0,0,1,1,0,1,0,0
4518,Acropternis orthonyx,0,0,0,0,0,0,0,0,0,0,0,0,0,0,0,0
4519,Cormobates placens,0,0,0,0,0,0,0,0,0,0,0,0,0,0,0,0
4520,Cormobates leucophaea,0,0,0,0,0,0,0,0,0,0,0,0,0,0,0,0
4521,Climacteris affinis,0,0,0,0,0,0,0,0,0,0,0,0,0,0,0,0
4522,Climacteris erythrops,0,0,0,0,0,0,0,0,0,0,0,0,0,0,0,0
4523,Climacteris picumnus,0,0,0,0,0,0,0,0,0,0,0,0,0,0,0,0
4524,Climacteris melanurus,0,0,0,0,0,0,0,0,0,0,0,0,0,0,0,0
4525,Climacteris rufus,0,0,0,0,0,1,0,0,0,0,0,2,0,0,0,0
4526,Menura alberti,0,0,0,0,0,2,0,0,0,1,0,1,0,0,0,0
4527,Menura novaehollandiae,0,0,0,0,0,0,0,0,0,0,0,0,0,0,0,0
4528,Atrichornis rufescens,0,3,0,0,0,2,0,0,0,1,0,1,0,0,0,0
4529,Atrichornis clamosus,0,0,0,0,0,2,0,0,0,1,0,0,0,0,0,0
4530,Ailuroedus buccoides,0,0,0,0,0,0,0,0,0,0,0,0,0,0,0,0
4531,Ailuroedus melanotis,0,0,0,0,0,0,0,0,0,0,0,0,0,0,0,0
4532,Ailuroedus crassirostris,0,0,0,0,0,0,0,0,0,0,0,0,0,0,0,0
4533,Scenopoeetes dentirostris,0,2,0,0,0,0,0,0,0,0,0,0,0,0,0,0
4534,Amblyornis inornata,0,0,0,0,0,0,0,0,0,0,0,0,0,0,0,0
4535,Amblyornis macgregoriae,0,0,0,0,0,0,0,0,0,0,0,0,0,0,0,0
4536,Amblyornis subalaris,0,0,0,0,0,0,0,0,0,0,0,0,0,0,0,0
4537,Amblyornis flavifrons,0,0,0,0,0,0,0,0,0,0,0,0,0,0,0,0
4538,Prionodura newtoniana,0,2,0,0,0,0,0,0,0,0,0,0,0,0,0,0
4539,Sericulus bakeri,0,0,0,1,0,0,0,0,0,0,0,0,0,0,0,0
4540,Sericulus chrysocephalus,0,0,0,0,0,0,0,0,0,0,0,0,0,0,0,0
4541,Ptilonorhynchus violaceus,0,0,0,0,0,0,0,0,0,0,0,0,0,0,0,0
4542,Chlamydera guttata,0,0,0,0,0,0,0,0,0,0,0,0,0,0,0,0
4543,Chlamydera maculata,0,0,0,0,0,0,0,0,0,0,0,0,0,0,0,0
4544,Chlamydera nuchalis,0,0,0,0,0,0,0,0,0,0,0,0,0,0,0,0
4545,Chlamydera lauterbachi,0,0,0,0,0,0,0,0,0,0,0,0,0,0,0,0
4546,Chlamydera cerviniventris,0,0,0,0,0,0,0,0,0,0,0,0,0,0,0,0
4547,Clytomyias insignis,0,0,0,0,0,0,0,0,0,0,0,0,0,0,0,0
4548,Sipodotus wallacii,0,0,0,0,0,0,0,0,0,0,0,0,0,0,0,0
4549,Chenorhamphus grayi,0,0,0,0,0,0,0,0,0,0,0,0,0,0,0,0
4550,Malurus alboscapulatus,0,0,0,0,0,0,0,0,0,0,0,0,0,0,0,0
4551,Malurus melanocephalus,0,0,0,0,0,0,0,0,0,0,0,0,0,0,0,0
4552,Malurus leucopterus,0,0,0,0,0,0,0,0,0,0,0,0,0,0,0,0
4553,Malurus cyaneus,0,0,0,0,0,0,0,0,0,0,0,0,0,0,0,0
4554,Malurus splendens,0,0,0,0,0,0,0,0,0,0,0,0,0,0,0,0
4555,Malurus amabilis,0,0,0,0,0,0,0,0,0,0,0,0,0,0,0,0
4556,Malurus elegans,0,0,0,0,0,0,0,0,0,0,0,0,0,0,0,0
4557,Malurus pulcherrimus,0,0,0,0,0,0,0,0,0,0,0,0,0,0,0,0
4558,Malurus coronatus,0,0,0,0,0,0,0,0,0,0,0,0,0,0,0,0
4559,Malurus cyanocephalus,0,0,0,0,0,0,0,0,0,0,0,0,0,0,0,0
4560,Stipiturus ruficeps,0,0,0,0,0,0,0,0,0,0,0,0,0,0,0,0
4561,Stipiturus malachurus,0,0,0,0,0,0,0,0,0,0,0,0,0,0,0,0
4562,Stipiturus mallee,0,0,0,0,0,2,0,0,0,0,0,0,2,0,1,0
4563,Amytornis barbatus,0,0,0,0,0,0,0,0,0,0,0,0,0,0,0,0
4564,Amytornis woodwardi,0,0,0,0,0,2,0,0,0,0,0,0,0,0,0,0
4565,Amytornis dorotheae,0,1,0,0,0,2,0,0,0,1,0,0,1,0,0,0
4566,Amytornis goyderi,0,0,0,0,0,0,0,0,0,0,0,0,0,0,0,0
4567,Amytornis housei,0,0,0,0,0,1,0,0,0,0,0,0,0,0,0,0
4568,Myzomela blasii,0,0,0,0,0,0,0,0,0,0,0,0,0,0,0,0
4569,Myzomela albigula,0,0,0,0,0,0,0,0,0,0,0,0,0,0,0,0
4570,Myzomela nigrita,0,0,0,0,0,0,0,0,0,0,0,0,0,0,0,0
4571,Myzomela pulchella,0,0,0,0,0,0,0,0,0,0,0,0,0,0,0,0
4572,Myzomela adolphinae,0,0,0,0,0,0,0,0,0,0,0,0,0,0,0,0
4573,Myzomela kuehni,0,0,0,0,0,0,0,0,0,0,0,0,0,0,0,0
4574,Myzomela dammermani,0,0,0,0,0,0,0,0,0,0,0,0,0,0,0,0
4575,Myzomela erythrocephala,0,0,0,0,0,0,0,0,0,0,0,0,0,0,0,0
4576,Myzomela wakoloensis,0,0,0,0,0,0,0,0,0,0,0,0,0,0,0,0
4577,Myzomela boiei,0,0,0,0,0,0,0,0,0,0,0,0,0,0,0,0
4578,Myzomela sanguinolenta,0,0,0,0,0,0,0,0,0,0,0,0,0,0,0,0
4579,Myzomela caledonica,0,0,0,0,0,0,0,0,0,0,0,0,0,0,0,0
4580,Myzomela rubratra,0,0,0,0,0,0,0,0,0,0,0,0,0,0,0,0
4581,Myzomela cardinalis,0,0,0,0,0,0,0,0,0,0,0,0,0,0,0,0
4582,Myzomela chermesina,0,1,0,0,0,0,0,0,0,2,0,0,0,0,0,0
4583,Myzomela sclateri,0,0,0,0,0,0,0,0,0,0,0,0,0,0,0,0
4584,Myzomela pammelaena,0,0,0,0,0,0,0,0,0,0,0,0,0,0,0,0
4585,Myzomela lafargei,0,0,0,0,0,0,0,0,0,0,0,0,0,0,0,0
4586,Myzomela eichhorni,0,0,0,0,0,0,0,0,0,0,0,0,0,0,0,0
4587,Myzomela melanocephala,0,0,0,0,0,0,0,0,0,0,0,0,0,0,0,0
4588,Myzomela malaitae,0,0,0,0,0,0,0,0,0,0,0,0,0,0,0,0
4589,Myzomela tristrami,0,0,0,0,0,0,0,0,0,0,0,0,0,0,0,0
4590,Myzomela jugularis,0,0,0,0,0,0,0,0,0,0,0,0,0,0,0,0
4591,Myzomela erythromelas,0,0,0,0,0,0,0,0,0,0,0,0,0,0,0,0
4592,Myzomela vulnerata,0,0,0,0,0,0,0,0,0,0,0,0,0,0,0,0
4593,Cissomela pectoralis,0,0,0,0,0,0,0,0,0,0,0,0,0,0,0,0
4594,Sugomel nigrum,0,0,0,0,0,0,0,0,0,0,0,0,0,0,0,0
4595,Certhionyx variegatus,0,0,0,0,0,0,0,0,0,0,0,0,0,0,0,0
4596,Timeliopsis fulvigula,0,0,0,0,0,0,0,0,0,0,0,0,0,0,0,0
4597,Timeliopsis griseigula,0,0,0,0,0,0,0,0,0,0,0,0,0,0,0,0
4598,Melilestes megarhynchus,0,0,0,0,0,0,0,0,0,0,0,0,0,0,0,0
4599,Stresemannia bougainvillei,0,0,0,0,0,0,0,0,0,0,0,0,0,0,0,0
4600,Glycichaera fallax,0,0,0,0,0,0,0,0,0,0,0,0,0,0,0,0
4601,Lichmera lombokia,0,0,0,0,0,0,0,0,0,0,0,0,0,0,0,0
4602,Lichmera argentauris,0,0,0,0,0,0,0,0,0,0,0,0,0,0,0,0
4603,Lichmera incana,0,0,0,0,0,0,0,0,0,0,0,0,0,0,0,0
4604,Lichmera squamata,0,0,0,0,0,0,0,0,0,0,0,0,0,0,0,0
4605,Lichmera alboauricularis,0,0,0,0,0,0,0,0,0,0,0,0,0,0,0,0
4606,Lichmera deningeri,0,0,0,0,0,0,0,0,0,0,0,0,0,0,0,0
4607,Lichmera monticola,0,0,0,0,0,0,0,0,0,0,0,0,0,0,0,0
4608,Lichmera flavicans,0,0,0,0,0,0,0,0,0,0,0,0,0,0,0,0
4609,Lichmera notabilis,0,0,0,1,0,0,0,0,0,0,0,1,1,0,0,0
4610,Trichodere cockerelli,0,0,0,0,0,0,0,0,0,0,0,0,0,0,0,0
4611,Microptilotis montanus,0,0,0,0,0,0,0,0,0,0,0,0,0,0,0,0
4612,Microptilotis mimikae,0,0,0,0,0,0,0,0,0,0,0,0,0,0,0,0
4613,Microptilotis orientalis,0,0,0,0,0,0,0,0,0,0,0,0,0,0,0,0
4614,Microptilotis albonotatus,0,0,0,0,0,0,0,0,0,0,0,0,0,0,0,0
4615,Meliphaga aruensis,0,0,0,0,0,0,0,0,0,0,0,0,0,0,0,0
4616,Microptilotis analogus,0,0,0,0,0,0,0,0,0,0,0,0,0,0,0,0
4617,Microptilotis vicina,0,1,0,1,0,0,0,0,0,2,0,1,0,0,0,0
4618,Meliphaga notata,0,0,0,0,0,0,0,0,0,0,0,0,0,0,0,0
4619,Microptilotis flavirictus,0,0,0,0,0,0,0,0,0,0,0,0,0,0,0,0
4620,Meliphaga lewinii,0,0,0,0,0,0,0,0,0,0,0,0,0,0,0,0
4621,Microptilotis reticulatus,0,0,0,0,0,0,0,0,0,0,0,0,0,0,0,0
4622,Guadalcanaria inexpectata,0,0,0,0,0,0,0,0,0,0,0,0,0,0,0,0
4623,Caligavis subfrenata,0,0,0,0,0,0,0,0,0,0,0,0,0,0,0,0
4624,Caligavis obscura,0,0,0,0,0,0,0,0,0,0,0,0,0,0,0,0
4625,Bolemoreus frenatus,0,0,0,0,0,0,0,0,0,0,0,0,0,0,0,0
4626,Bolemoreus hindwoodi,0,0,0,0,0,2,0,0,0,0,0,1,0,0,0,0
4627,Caligavis chrysops,0,0,0,0,0,0,0,0,0,0,0,0,0,0,0,0
4628,Gavicalis versicolor,0,0,0,0,0,0,0,0,0,0,0,0,0,0,0,0
4629,Gavicalis fasciogularis,0,0,0,0,0,0,0,0,0,0,0,0,0,0,0,0
4630,Gavicalis virescens,0,0,0,0,0,0,0,0,0,0,0,0,0,0,0,0
4631,Stomiopera flava,0,0,0,0,0,0,0,0,0,0,0,0,0,0,0,0
4632,Stomiopera unicolor,0,0,0,0,0,0,0,0,0,0,0,0,0,0,0,0
4633,Nesoptilotis leucotis,0,0,0,0,0,0,0,0,0,0,0,0,0,0,0,0
4634,Nesoptilotis flavicollis,0,0,0,0,0,0,0,0,0,0,0,0,0,0,0,0
4635,Lichenostomus melanops,0,0,0,0,0,0,0,0,0,0,0,0,0,0,0,0
4636,Lichenostomus cratitius,0,0,0,0,0,0,0,0,0,0,0,0,0,0,0,0
4637,Ptilotula keartlandi,0,0,0,0,0,0,0,0,0,0,0,0,0,0,0,0
4638,Ptilotula flavescens,0,0,0,0,0,0,0,0,0,0,0,0,0,0,0,0
4639,Ptilotula fusca,0,0,0,0,0,0,0,0,0,0,0,0,0,0,0,0
4640,Ptilotula plumula,0,0,0,0,0,0,0,0,0,0,0,0,0,0,0,0
4641,Ptilotula ornata,0,0,0,0,0,0,0,0,0,0,0,0,0,0,0,0
4642,Ptilotula penicillata,0,0,0,0,0,0,0,0,0,0,0,0,0,0,0,0
4643,Xanthotis flaviventer,0,0,0,0,0,0,0,0,0,0,0,0,0,0,0,0
4644,Xanthotis polygrammus,0,0,0,0,0,0,0,0,0,0,0,0,0,0,0,0
4645,Xanthotis macleayanus,0,0,0,0,0,0,0,0,0,0,0,0,0,0,0,0
4646,Meliphacator provocator,0,0,0,0,0,0,0,0,0,0,0,0,0,0,0,0
4647,Oreornis chrysogenys,0,0,0,0,0,0,0,0,0,0,0,0,0,0,0,0
4648,Apalopteron familiare,0,0,0,1,0,0,0,0,0,1,0,0,1,0,0,0
4649,Melithreptus affinis,0,0,0,0,0,0,0,0,0,0,0,0,0,0,0,0
4650,Melithreptus albogularis,0,0,0,0,0,0,0,0,0,0,0,0,0,0,0,0
4651,Melithreptus laetior,0,0,0,0,0,0,0,0,0,0,0,0,0,0,0,0
4652,Melithreptus gularis,0,0,0,0,0,0,0,0,0,0,0,0,0,0,0,0
4653,Melithreptus validirostris,0,2,0,2,0,1,0,0,0,0,0,2,0,2,0,0
4654,Melithreptus brevirostris,0,0,0,0,0,0,0,0,0,0,0,0,0,0,0,0
4655,Notiomystis cincta,0,0,0,1,0,0,0,0,0,1,1,0,0,0,0,0
4656,Pycnopygius ixoides,0,0,0,0,0,0,0,0,0,0,0,0,0,0,0,0
4657,Pycnopygius cinereus,0,0,0,0,0,0,0,0,0,0,0,0,0,0,0,0
4658,Pycnopygius stictocephalus,0,0,0,0,0,0,0,0,0,0,0,0,0,0,0,0
4659,Melitograis gilolensis,0,0,0,0,0,0,0,0,0,0,0,0,0,0,0,0
4660,Philemon meyeri,0,0,0,0,0,0,0,0,0,0,0,0,0,0,0,0
4661,Philemon inornatus,0,0,0,0,0,0,0,0,0,0,0,0,0,0,0,0
4662,Philemon kisserensis,0,0,0,0,0,0,0,0,0,0,0,0,0,0,0,0
4663,Philemon brassi,0,0,0,1,1,0,0,0,0,0,0,1,0,1,0,0
4664,Philemon fuscicapillus,0,0,0,1,0,0,0,0,0,0,0,2,0,0,0,0
4665,Philemon subcorniculatus,0,0,0,0,0,0,0,0,0,0,0,0,0,0,0,0
4666,Philemon albitorques,0,0,0,0,0,0,0,0,0,0,0,0,0,0,0,0
4667,Philemon cockerelli,0,0,0,0,0,0,0,0,0,0,0,0,0,0,0,0
4668,Philemon eichhorni,0,0,0,0,0,0,0,0,0,0,0,0,0,0,0,0
4669,Philemon argenticeps,0,0,0,0,0,0,0,0,0,0,0,0,0,0,0,0
4670,Philemon corniculatus,0,0,0,0,0,0,0,0,0,0,0,0,0,0,0,0
4671,Philemon diemenensis,0,0,0,0,0,0,0,0,0,0,0,0,0,0,0,0
4672,Ptiloprora plumbea,0,0,0,0,0,0,0,0,0,0,0,0,0,0,0,0
4673,Ptiloprora meekiana,0,0,0,0,0,0,0,0,0,0,0,0,0,0,0,0
4674,Ptiloprora erythropleura,0,0,0,0,0,0,0,0,0,0,0,0,0,0,0,0
4675,Ptiloprora mayri,0,0,0,0,0,0,0,0,0,0,0,0,0,0,0,0
4676,Ptiloprora guisei,0,0,0,0,0,0,0,0,0,0,0,0,0,0,0,0
4677,Ptiloprora perstriata,0,0,0,0,0,0,0,0,0,0,0,0,0,0,0,0
4678,Melionyx fuscus,0,0,0,0,0,0,0,0,0,0,0,0,0,0,0,0
4679,Vosea whitemanensis,0,0,0,0,0,0,0,0,0,0,0,1,0,0,0,0
4680,Melionyx nouhuysi,0,0,0,0,0,0,0,0,0,0,0,0,0,0,0,0
4681,Melionyx princeps,0,0,0,1,0,1,0,0,0,0,0,0,0,0,0,0
4682,Melidectes ochromelas,0,0,0,0,0,0,0,0,0,0,0,0,0,0,0,0
4683,Melidectes leucostephes,0,0,0,0,0,0,0,0,0,0,0,0,0,0,0,0
4684,Melidectes belfordi,0,0,0,0,0,0,0,0,0,0,0,0,0,0,0,0
4685,Melidectes rufocrissalis,0,0,0,0,0,0,0,0,0,0,0,0,0,0,0,0
4686,Melidectes foersteri,0,0,0,0,0,0,0,0,0,0,0,0,0,0,0,0
4687,Melidectes torquatus,0,0,0,0,0,0,0,0,0,0,0,0,0,0,0,0
4688,Meliarchus sclateri,0,0,0,0,0,0,0,0,0,0,0,0,0,0,0,0
4689,Melipotes gymnops,0,0,0,0,0,0,0,0,0,0,0,0,0,0,0,0
4690,Melipotes ater,0,0,0,0,0,0,0,0,0,0,0,0,0,0,0,0
4691,Myza celebensis,0,0,0,0,0,0,0,0,0,0,0,0,0,0,0,0
4692,Myza sarasinorum,0,0,0,0,0,0,0,0,0,0,0,0,0,0,0,0
4693,Gymnomyza samoensis,0,1,0,2,0,0,0,0,0,2,0,0,0,0,0,0
4694,Gymnomyza aubryana,0,0,0,1,0,2,0,0,0,2,0,1,2,0,0,0
4695,Moho braccatus,0,0,0,0,0,0,0,0,0,1,0,1,0,0,0,0
4696,Moho apicalis,0,0,0,0,0,0,0,0,1,1,0,0,0,0,0,0
4697,Moho bishopi,0,0,0,1,0,0,0,0,0,1,1,0,0,0,0,0
4698,Moho nobilis,0,0,0,1,0,0,0,0,1,0,0,0,0,0,0,0
4699,Chaetoptila angustipluma,0,0,0,1,0,0,0,0,1,1,0,0,0,0,0,0
4700,Phylidonyris pyrrhopterus,0,0,0,0,0,0,0,0,0,0,0,0,0,0,0,0
4701,Phylidonyris novaehollandiae,0,0,0,0,0,0,0,0,0,0,0,0,0,0,0,0
4702,Phylidonyris niger,0,0,0,0,0,0,0,0,0,0,0,0,0,0,0,0
4703,Purnella albifrons,0,0,0,0,0,0,0,0,0,0,0,0,0,0,0,0
4704,Gliciphila undulata,0,0,0,0,0,0,0,0,0,0,0,0,0,0,0,0
4705,Gliciphila notabilis,0,0,0,0,0,0,0,0,0,0,0,0,0,0,0,0
4706,Gliciphila melanops,0,0,0,0,0,0,0,0,0,0,0,0,0,0,0,0
4707,Ramsayornis modestus,0,0,0,0,0,0,0,0,0,0,0,0,0,0,0,0
4708,Ramsayornis fasciatus,0,0,0,0,0,0,0,0,0,0,0,0,0,0,0,0
4709,Plectorhyncha lanceolata,0,0,0,0,0,0,0,0,0,0,0,0,0,0,0,0
4710,Conopophila albogularis,0,0,0,0,0,0,0,0,0,0,0,0,0,0,0,0
4711,Conopophila rufogularis,0,0,0,0,0,0,0,0,0,0,0,0,0,0,0,0
4712,Conopophila whitei,0,0,0,0,0,0,0,0,0,0,0,0,0,0,0,0
4713,Grantiella picta,0,2,0,1,0,0,0,0,0,1,1,0,0,0,0,0
4714,Anthochaera phrygia,0,0,0,2,0,0,0,0,0,2,2,2,2,0,0,0
4715,Acanthorhynchus tenuirostris,0,0,0,0,0,0,0,0,0,0,0,0,0,0,0,0
4716,Acanthorhynchus superciliosus,0,0,0,0,0,0,0,0,0,0,0,0,0,0,0,0
4717,Manorina melanophrys,0,0,0,0,0,0,0,0,0,0,0,0,0,0,0,0
4718,Manorina melanocephala,0,0,0,0,0,0,0,0,0,0,0,0,0,0,0,0
4719,Manorina flavigula,0,0,0,0,0,0,0,0,0,0,0,0,0,0,0,0
4720,Manorina melanotis,0,2,0,2,0,2,0,0,0,2,2,0,0,0,0,0
4721,Anthornis melanura,0,0,0,0,0,0,0,0,0,0,0,0,0,0,0,0
4722,Acanthagenys rufogularis,0,0,0,0,0,0,0,0,0,0,0,0,0,0,0,0
4723,Anthochaera lunulata,0,0,0,0,0,0,0,0,0,0,0,0,0,0,0,0
4724,Anthochaera chrysoptera,0,0,0,0,0,0,0,0,0,0,0,0,0,0,0,0
4725,Anthochaera carunculata,0,0,0,0,0,0,0,0,0,0,0,0,0,0,0,0
4726,Anthochaera paradoxa,0,0,0,0,0,0,0,0,0,0,0,0,0,0,0,0
4727,Prosthemadera novaeseelandiae,0,0,0,0,0,0,0,0,0,0,0,0,0,0,0,0
4728,Epthianura tricolor,0,0,0,0,0,0,0,0,0,0,0,0,0,0,0,0
4729,Epthianura aurifrons,0,0,0,0,0,0,0,0,0,0,0,0,0,0,0,0
4730,Epthianura crocea,0,0,0,0,0,0,0,0,0,0,0,0,0,0,0,0
4731,Epthianura albifrons,0,0,0,0,0,0,0,0,0,0,0,0,0,0,0,0
4732,Ashbyia lovensis,0,0,0,0,0,0,0,0,0,0,0,0,0,0,0,0
4733,Pardalotus punctatus,0,0,0,0,0,0,0,0,0,0,0,0,0,0,0,0
4734,Pardalotus quadragintus,0,2,0,0,0,2,0,0,0,2,1,1,1,0,0,0
4735,Pardalotus rubricatus,0,0,0,0,0,0,0,0,0,0,0,0,0,0,0,0
4736,Pardalotus striatus,0,0,0,0,0,0,0,0,0,0,0,0,0,0,0,0
4737,Dasyornis longirostris,0,0,0,0,0,2,0,0,0,0,0,0,0,0,0,0
4738,Dasyornis brachypterus,0,2,0,0,0,2,0,0,0,1,1,0,0,0,0,1
4739,Dasyornis broadbenti,0,0,0,1,0,0,0,0,0,1,0,0,1,0,0,0
4740,Pycnoptilus floccosus,0,2,0,0,0,2,0,0,0,0,0,0,0,0,0,0
4741,Origma solitaria,0,0,0,0,0,0,0,0,0,0,0,0,0,0,0,0
4742,Oreoscopus gutturalis,0,3,0,0,0,0,0,0,0,0,0,0,0,0,0,0
4743,Origma murina,0,0,0,0,0,0,0,0,0,0,0,0,0,0,0,0
4744,Aethomyias nigrorufus,0,0,0,0,0,0,0,0,0,0,0,0,0,0,0,0
4745,Origma robusta,0,0,0,0,0,0,0,0,0,0,0,0,0,0,0,0
4746,Neosericornis citreogularis,0,0,0,0,0,0,0,0,0,0,0,0,0,0,0,0
4747,Sericornis frontalis,0,0,0,0,0,0,0,0,0,0,0,0,0,0,0,0
4748,Sericornis humilis,0,0,0,0,0,0,0,0,0,0,0,0,0,0,0,0
4749,Sericornis keri,0,2,0,0,0,0,0,0,0,0,0,0,0,0,0,0
4750,Sericornis magnirostra,0,0,0,0,0,0,0,0,0,0,0,0,0,0,0,0
4751,Aethomyias rufescens,0,0,0,0,0,0,0,0,0,0,0,0,0,0,0,0
4752,Aethomyias perspicillatus,0,0,0,0,0,0,0,0,0,0,0,0,0,0,0,0
4753,Aethomyias arfakianus,0,0,0,0,0,0,0,0,0,0,0,0,0,0,0,0
4754,Aethomyias papuensis,0,0,0,0,0,0,0,0,0,0,0,0,0,0,0,0
4755,Aethomyias spilodera,0,0,0,0,0,0,0,0,0,0,0,0,0,0,0,0
4756,Acanthornis magna,0,0,0,0,0,0,0,0,0,0,0,0,0,0,0,0
4757,Pyrrholaemus brunneus,0,0,0,0,0,0,0,0,0,0,0,0,0,0,0,0
4758,Calamanthus fuliginosus,0,0,0,0,0,0,0,0,0,0,0,0,0,0,0,0
4759,Hylacola pyrrhopygia,0,0,0,0,0,0,0,0,0,0,0,0,0,0,0,0
4760,Hylacola cauta,0,0,0,0,0,0,0,0,0,0,0,0,0,0,0,0
4761,Acanthiza murina,0,0,0,0,0,0,0,0,0,0,0,0,0,0,0,0
4762,Acanthiza katherina,0,3,0,0,0,0,0,0,0,0,0,0,0,0,0,0
4763,Acanthiza pusilla,0,0,0,0,0,0,0,0,0,0,0,0,0,0,0,0
4764,Acanthiza ewingii,0,0,0,0,0,0,0,0,0,0,0,0,0,0,0,0
4765,Acanthiza reguloides,0,0,0,0,0,0,0,0,0,0,0,0,0,0,0,0
4766,Acanthiza inornata,0,0,0,0,0,0,0,0,0,0,0,0,0,0,0,0
4767,Acanthiza iredalei,0,0,0,0,0,0,0,0,0,0,0,0,0,0,0,0
4768,Acanthiza chrysorrhoa,0,0,0,0,0,0,0,0,0,0,0,0,0,0,0,0
4769,Acanthiza uropygialis,0,0,0,0,0,0,0,0,0,0,0,0,0,0,0,0
4770,Acanthiza nana,0,0,0,0,0,0,0,0,0,0,0,0,0,0,0,0
4771,Acanthiza lineata,0,0,0,0,0,0,0,0,0,0,0,0,0,0,0,0
4772,Acanthiza robustirostris,0,0,0,0,0,0,0,0,0,0,0,0,0,0,0,0
4773,Smicrornis brevirostris,0,0,0,0,0,0,0,0,0,0,0,0,0,0,0,0
4774,Acanthiza cinerea,0,0,0,0,0,0,0,0,0,0,0,0,0,0,0,0
4775,Gerygone chloronota,0,0,0,0,0,0,0,0,0,0,0,0,0,0,0,0
4776,Gerygone palpebrosa,0,0,0,0,0,0,0,0,0,0,0,0,0,0,0,0
4777,Gerygone olivacea,0,0,0,0,0,0,0,0,0,0,0,0,0,0,0,0
4778,Gerygone chrysogaster,0,0,0,0,0,0,0,0,0,0,0,0,0,0,0,0
4779,Gerygone magnirostris,0,0,0,0,0,0,0,0,0,0,0,0,0,0,0,0
4780,Gerygone hypoxantha,0,0,0,1,0,0,0,0,0,0,0,1,0,0,0,0
4781,Gerygone tenebrosa,0,0,0,0,0,0,0,0,0,0,0,0,0,0,0,0
4782,Gerygone sulphurea,0,0,0,0,0,0,0,0,0,0,0,0,0,0,0,0
4783,Gerygone inornata,0,0,0,0,0,0,0,0,0,0,0,0,0,0,0,0
4784,Gerygone dorsalis,0,0,0,0,0,0,0,0,0,0,0,0,0,0,0,0
4785,Gerygone ruficollis,0,0,0,0,0,0,0,0,0,0,0,0,0,0,0,0
4786,Gerygone levigaster,0,0,0,0,0,0,0,0,0,0,0,0,0,0,0,0
4787,Gerygone fusca,0,0,0,0,0,0,0,0,0,0,0,0,0,0,0,0
4788,Gerygone insularis,0,0,0,0,0,0,0,0,0,1,0,0,0,0,0,0
4789,Gerygone mouki,0,0,0,0,0,0,0,0,0,0,0,0,0,0,0,0
4790,Gerygone modesta,0,0,0,0,0,0,0,0,0,1,0,0,0,0,0,0
4791,Gerygone igata,0,0,0,0,0,0,0,0,0,0,0,0,0,0,0,0
4792,Gerygone albofrontata,0,0,0,0,0,0,0,0,0,0,0,0,0,0,0,0
4793,Aphelocephala leucopsis,0,2,0,1,0,0,0,0,0,0,0,0,0,0,0,0
4794,Aphelocephala pectoralis,0,2,0,0,0,1,0,0,0,2,2,0,1,0,0,0
4795,Aphelocephala nigricincta,0,0,0,0,0,0,0,0,0,0,0,0,0,0,0,0
4796,Amalocichla sclateriana,0,0,0,0,0,0,0,0,0,0,0,0,0,0,0,0
4797,Amalocichla incerta,0,0,0,0,0,0,0,0,0,0,0,0,0,0,0,0
4798,Microeca fascinans,0,0,0,0,0,0,0,0,0,0,0,0,0,0,0,0
4799,Microeca hemixantha,0,0,0,0,0,0,0,0,0,0,0,1,0,0,0,0
4800,Kempiella griseoceps,0,0,0,0,0,0,0,0,0,0,0,0,0,0,0,0
4801,Kempiella flavovirescens,0,0,0,0,0,0,0,0,0,0,0,0,0,0,0,0
4802,Devioeca papuana,0,0,0,0,0,0,0,0,0,0,0,0,0,0,0,0
4803,Eugerygone rubra,0,0,0,0,0,0,0,0,0,0,0,0,0,0,0,0
4804,Petroica bivittata,0,0,0,0,0,0,0,0,0,0,0,0,0,0,0,0
4805,Petroica archboldi,0,0,0,0,0,0,0,0,0,0,0,0,0,0,0,0
4806,Petroica goodenovii,0,0,0,0,0,0,0,0,0,0,0,0,0,0,0,0
4807,Petroica phoenicea,0,1,0,0,0,2,0,0,0,0,0,0,0,0,0,0
4808,Petroica rosea,0,0,0,0,0,0,0,0,0,0,0,0,0,0,0,0
4809,Petroica rodinogaster,0,0,0,0,0,0,0,0,0,0,0,0,0,0,0,0
4810,Petroica traversi,0,1,0,0,0,0,0,0,0,2,0,0,0,0,0,0
4811,Melanodryas cucullata,0,0,0,0,0,0,0,0,0,0,0,0,0,0,0,0
4812,Melanodryas vittata,0,2,0,1,0,1,0,0,0,0,0,0,0,0,0,0
4813,Tregellasia leucops,0,0,0,0,0,0,0,0,0,0,0,0,0,0,0,0
4814,Tregellasia capito,0,0,0,0,0,0,0,0,0,0,0,0,0,0,0,0
4815,Eopsaltria australis,0,0,0,0,0,0,0,0,0,0,0,0,0,0,0,0
4816,Eopsaltria griseogularis,0,0,0,0,0,0,0,0,0,0,0,0,0,0,0,0
4817,Cryptomicroeca flaviventris,0,0,0,0,0,0,0,0,0,0,0,0,0,0,0,0
4818,Quoyornis georgianus,0,0,0,0,0,0,0,0,0,0,0,0,0,0,0,0
4819,Peneoenanthe pulverulenta,0,0,0,0,0,0,0,0,0,0,0,0,0,0,0,0
4820,Poecilodryas brachyura,0,0,0,0,0,0,0,0,0,0,0,0,0,0,0,0
4821,Poecilodryas hypoleuca,0,0,0,0,0,0,0,0,0,0,0,0,0,0,0,0
4822,Gennaeodryas placens,0,0,0,0,0,0,0,0,0,0,0,1,0,0,0,0
4823,Plesiodryas albonotata,0,0,0,0,0,0,0,0,0,0,0,0,0,0,0,0
4824,Peneothello sigillata,0,0,0,0,0,0,0,0,0,0,0,0,0,0,0,0
4825,Peneothello cryptoleuca,0,0,0,0,0,0,0,0,0,0,0,0,0,0,0,0
4826,Peneothello cyanus,0,0,0,0,0,0,0,0,0,0,0,0,0,0,0,0
4827,Peneothello bimaculata,0,0,0,0,0,0,0,0,0,0,0,0,0,0,0,0
4828,Pachycephalopsis hattamensis,0,0,0,0,0,0,0,0,0,0,0,0,0,0,0,0
4829,Pachycephalopsis poliosoma,0,0,0,0,0,0,0,0,0,0,0,0,0,0,0,0
4830,Drymodes brunneopygia,0,0,0,0,0,0,0,0,0,0,0,0,0,0,0,0
4831,Irena cyanogastra,0,0,0,2,0,0,0,0,0,0,0,2,1,1,0,0
4832,Chloropsis flavipennis,0,0,0,0,0,0,0,0,0,0,0,3,2,2,0,0
4833,Chloropsis palawanensis,0,0,0,0,0,0,0,0,0,0,0,0,0,0,0,0
4834,Chloropsis sonnerati,0,0,0,2,0,0,0,0,3,0,0,0,0,0,0,0
4835,Chloropsis cyanopogon,0,0,0,1,0,1,0,0,1,0,0,1,0,0,0,0
4836,Chloropsis venusta,0,0,0,1,0,1,0,0,1,0,0,1,0,0,0,0
4837,Orthonyx spaldingii,0,0,0,0,0,0,0,0,0,0,0,0,0,0,0,0
4838,Garritornis isidorei,0,0,0,0,0,0,0,0,0,0,0,0,0,0,0,0
4839,Pomatostomus temporalis,0,0,0,0,0,0,0,0,0,0,0,0,0,0,0,0
4840,Pomatostomus superciliosus,0,0,0,0,0,0,0,0,0,0,0,0,0,0,0,0
4841,Pomatostomus halli,0,0,0,0,0,0,0,0,0,0,0,0,0,0,0,0
4842,Pomatostomus ruficeps,0,0,0,0,0,0,0,0,0,0,0,0,0,0,0,0
4843,Lanius tigrinus,0,0,0,0,0,0,0,0,0,0,0,0,0,0,0,0
4844,Lanius bucephalus,0,0,0,0,0,0,0,0,0,0,0,0,0,0,0,0
4845,Lanius collurio,0,0,0,0,0,0,0,0,0,0,0,0,0,0,0,0
4846,Lanius cristatus,0,0,0,0,0,0,0,0,0,0,0,0,0,0,0,0
4847,Lanius collurioides,0,0,0,0,0,0,0,0,0,0,0,0,0,0,0,0
4848,Lanius gubernator,0,0,0,0,0,0,0,0,0,0,0,0,0,0,0,0
4849,Lanius souzae,0,0,0,0,0,0,0,0,0,0,0,0,0,0,0,0
4850,Lanius vittatus,0,0,0,0,0,0,0,0,0,0,0,0,0,0,0,0
4851,Lanius schach,0,0,0,0,0,0,0,0,0,0,0,0,0,0,0,0
4852,Lanius tephronotus,0,0,0,0,0,0,0,0,0,0,0,0,0,0,0,0
4853,Lanius validirostris,0,0,0,0,0,0,0,0,0,0,0,0,0,0,0,0
4854,Lanius minor,0,0,0,0,0,0,0,0,0,0,0,0,0,0,0,0
4855,Lanius ludovicianus,0,0,0,0,0,0,0,0,1,0,0,0,0,0,1,0
4856,Lanius excubitoroides,0,0,0,0,0,0,0,0,0,0,0,0,0,0,0,0
4857,Lanius cabanisi,0,0,0,0,0,0,0,0,0,0,0,0,0,0,0,0
4858,Lanius dorsalis,0,0,0,0,0,0,0,0,0,0,0,0,0,0,0,0
4859,Lanius somalicus,0,0,0,0,0,0,0,0,0,0,0,0,0,0,0,0
4860,Lanius mackinnoni,0,0,0,0,0,0,0,0,0,0,0,0,0,0,0,0
4861,Lanius newtoni,0,0,0,1,1,0,0,0,0,2,0,2,1,0,0,0
4862,Lanius senator,0,2,0,2,0,2,0,0,0,0,0,0,2,0,2,0
4863,Lanius nubicus,0,0,0,0,0,0,0,0,0,0,0,0,0,0,0,0
4864,Lanius corvinus,0,0,0,0,0,0,0,0,0,0,0,0,0,0,0,0
4865,Lanius melanoleucus,0,0,0,0,0,0,0,0,0,0,0,0,0,0,0,0
4866,Eurocephalus ruppelli,0,0,0,0,0,0,0,0,0,0,0,0,0,0,0,0
4867,Eurocephalus anguitimens,0,0,0,0,0,0,0,0,0,0,0,0,0,0,0,0
4868,Cyclarhis gujanensis,0,0,0,0,0,0,0,0,0,0,0,0,0,0,0,0
4869,Cyclarhis nigrirostris,0,0,0,0,0,0,0,0,0,0,0,0,0,0,0,0
4870,Vireolanius melitophrys,0,0,0,0,0,0,0,0,0,0,0,0,0,0,0,0
4871,Vireolanius pulchellus,0,0,0,0,0,0,0,0,0,0,0,0,0,0,0,0
4872,Vireolanius eximius,0,0,0,0,0,0,0,0,0,0,0,0,0,0,0,0
4873,Vireo masteri,0,0,0,1,0,0,0,0,0,0,2,2,2,0,0,0
4874,Vireo brevipennis,0,0,0,0,0,0,0,0,0,0,0,0,0,0,0,0
4875,Vireo bellii,0,0,0,2,0,0,0,0,0,2,0,0,0,0,0,0
4876,Vireo atricapilla,0,0,0,0,0,2,0,0,0,3,2,0,2,0,0,0
4877,Vireo nelsoni,0,0,0,0,0,0,0,0,0,0,0,0,0,0,0,0
4878,Vireo huttoni,0,0,0,0,0,0,0,0,0,0,0,0,0,0,0,0
4879,Vireo carmioli,0,0,0,0,0,0,0,0,0,0,0,0,0,0,0,0
4880,Vireo griseus,0,0,0,0,0,0,0,0,0,0,0,0,0,0,0,0
4881,Vireo pallens,0,0,0,0,0,0,0,0,0,0,0,0,0,0,0,0
4882,Vireo bairdi,0,0,0,0,0,0,0,0,0,0,0,0,1,0,0,0
4883,Vireo gundlachii,0,0,0,0,0,0,0,0,0,0,0,0,0,0,0,0
4884,Vireo crassirostris,0,0,0,0,0,0,0,0,0,0,0,0,0,0,0,0
4885,Vireo caribaeus,0,0,0,1,0,0,0,0,0,0,0,0,1,0,0,0
4886,Vireo vicinior,0,0,0,0,0,0,0,0,0,0,0,0,0,0,0,0
4887,Pachysylvia hypochrysea,0,0,0,0,0,0,0,0,0,0,0,0,0,0,0,0
4888,Vireo modestus,0,0,0,0,0,0,0,0,0,0,0,0,0,0,0,0
4889,Vireo nanus,0,0,0,0,0,0,0,0,0,0,0,0,0,0,0,0
4890,Vireo latimeri,0,0,0,0,0,0,0,0,0,3,0,0,0,0,0,0
4891,Vireo osburni,0,0,0,1,0,1,0,0,0,0,0,1,1,1,0,0
4892,Vireo cassinii,0,0,0,0,0,0,0,0,0,0,0,0,0,0,0,0
4893,Vireo plumbeus,0,0,0,0,0,0,0,0,0,0,0,0,0,0,0,0
4894,Vireo solitarius,0,0,0,0,0,0,0,0,0,0,0,0,0,0,0,0
4895,Vireo flavifrons,0,0,0,0,0,0,0,0,0,0,0,0,0,0,0,0
4896,Vireo philadelphicus,0,0,0,0,0,0,0,0,0,0,0,0,0,0,0,0
4897,Vireo flavoviridis,0,0,0,0,0,0,0,0,0,0,0,0,0,0,0,0
4898,Vireo gracilirostris,0,0,0,0,0,0,0,0,0,0,0,0,0,0,0,0
4899,Vireo altiloquus,0,0,0,0,0,0,0,0,0,0,0,0,0,0,0,0
4900,Vireo magister,0,0,0,0,0,0,0,0,0,0,0,0,0,0,0,0
4901,Vireo leucophrys,0,0,0,0,0,0,0,0,0,0,0,0,0,0,0,0
4902,Hylophilus amaurocephalus,0,0,0,0,0,0,0,0,0,0,0,0,0,0,0,0
4903,Hylophilus poicilotis,0,0,0,0,0,0,0,0,0,0,0,0,0,0,0,0
4904,Hylophilus semicinereus,0,0,0,0,0,0,0,0,0,0,0,0,0,0,0,0
4905,Hylophilus pectoralis,0,0,0,0,0,0,0,0,0,0,0,0,0,0,0,0
4906,Vireo sclateri,0,0,0,0,0,0,0,0,0,0,0,0,0,0,0,0
4907,Pachysylvia muscicapina,0,0,0,0,0,0,0,0,0,0,0,0,0,0,0,0
4908,Hylophilus brunneiceps,0,0,0,0,0,0,0,0,0,0,0,0,0,0,0,0
4909,Pachysylvia hypoxantha,0,0,0,0,0,0,0,0,0,0,0,0,0,0,0,0
4910,Pachysylvia semibrunnea,0,0,0,0,0,0,0,0,0,0,0,0,0,0,0,0
4911,Pachysylvia aurantiifrons,0,0,0,0,0,0,0,0,0,0,0,0,0,0,0,0
4912,Hylophilus olivaceus,0,0,0,1,0,0,0,0,0,0,1,0,0,0,0,0
4913,Pachysylvia decurtata,0,0,0,0,0,0,0,0,0,0,0,0,0,0,0,0
4914,Androphobus viridis,0,0,0,0,0,0,0,0,0,0,0,1,0,0,0,0
4915,Psophodes olivaceus,0,0,0,0,0,0,0,0,0,0,0,0,0,0,0,0
4916,Psophodes nigrogularis,0,0,0,1,0,2,0,0,0,0,0,0,0,0,0,0
4917,Psophodes occidentalis,0,0,0,0,0,0,0,0,0,0,0,0,0,0,0,0
4918,Psophodes cristatus,0,0,0,0,0,0,0,0,0,0,0,0,0,0,0,0
4919,Cinclosoma punctatum,0,0,0,0,0,0,0,0,0,0,0,0,0,0,0,0
4920,Cinclosoma castanotum,0,0,0,0,0,0,0,0,0,0,0,0,0,0,0,0
4921,Cinclosoma ajax,0,0,0,0,0,0,0,0,0,0,0,0,0,0,0,0
4922,Ptilorrhoa leucosticta,0,0,0,0,0,0,0,0,0,0,0,0,0,0,0,0
4923,Ptilorrhoa castanonota,0,0,0,0,0,0,0,0,0,0,0,0,0,0,0,0
4924,Eupetes macrocerus,0,0,0,2,0,0,0,0,0,0,0,2,0,2,0,0
4925,Ifrita kowaldi,0,0,0,0,0,0,0,0,0,0,0,0,0,0,0,0
4926,Corcorax melanorhamphos,0,0,0,0,0,0,0,0,0,0,0,0,0,0,0,0
4927,Struthidea cinerea,0,0,0,0,0,0,0,0,0,0,0,0,0,0,0,0
4928,Daphoenositta miranda,0,0,0,0,0,0,0,0,0,0,0,0,0,0,0,0
4929,Mohoua albicilla,0,0,0,0,0,0,0,0,0,0,0,0,0,0,0,0
4930,Mohoua ochrocephala,0,0,0,0,0,0,0,0,0,2,0,0,0,0,0,0
4931,Mohoua novaeseelandiae,0,0,0,0,0,0,0,0,0,0,0,0,0,0,0,0
4932,Oreoica gutturalis,0,0,0,0,0,0,0,0,0,0,0,0,0,0,0,0
4933,Rhagologus leucostigma,0,0,0,0,0,0,0,0,0,0,0,0,0,0,0,0
4934,Pachycare flavogriseum,0,0,0,0,0,0,0,0,0,0,0,0,0,0,0,0
4935,Coracornis raveni,0,0,0,0,0,0,0,0,0,0,0,0,0,0,0,0
4936,Aleadryas rufinucha,0,0,0,0,0,0,0,0,0,0,0,0,0,0,0,0
4937,Pachycephala olivacea,0,0,0,0,0,0,0,0,0,0,0,0,0,0,0,0
4938,Pachycephala rufogularis,0,2,0,1,0,2,0,0,0,1,0,0,0,0,0,0
4939,Pachycephala inornata,0,0,0,0,0,0,0,0,0,0,0,0,0,0,0,0
4940,Pachycephala cinerea,0,0,0,0,0,0,0,0,0,0,0,0,0,0,0,0
4941,Pachycephala albiventris,0,0,0,0,0,0,0,0,0,0,0,0,0,0,0,0
4942,Pachycephala homeyeri,0,0,0,0,0,0,0,0,0,0,0,0,0,0,0,0
4943,Pachycephala phaionota,0,0,0,0,0,0,0,0,0,0,0,0,0,0,0,0
4944,Pachycephala hyperythra,0,0,0,0,0,0,0,0,0,0,0,0,0,0,0,0
4945,Pachycephala modesta,0,0,0,0,0,0,0,0,0,0,0,0,0,0,0,0
4946,Pachycephala hypoxantha,0,0,0,0,0,0,0,0,0,0,0,0,0,0,0,0
4947,Pachycephala sulfuriventer,0,0,0,0,0,0,0,0,0,0,0,0,0,0,0,0
4948,Pachycephala philippinensis,0,0,0,0,0,0,0,0,0,0,0,0,0,0,0,0
4949,Pachycephala meyeri,0,0,0,0,0,0,0,0,0,0,0,0,0,0,0,0
4950,Pachycephala griseiceps,0,0,0,0,0,0,0,0,0,0,0,0,0,0,0,0
4951,Pachycephala simplex,0,0,0,0,0,0,0,0,0,0,0,0,0,0,0,0
4952,Pachycephala orpheus,0,0,0,0,0,0,0,0,0,0,0,0,0,0,0,0
4953,Pachycephala soror,0,0,0,0,0,0,0,0,0,0,0,0,0,0,0,0
4954,Pachycephala lorentzi,0,0,0,0,0,0,0,0,0,0,0,0,0,0,0,0
4955,Pachycephala melanura,0,0,0,0,0,0,0,0,0,0,0,0,0,0,0,0
4956,Pachycephala caledonica,0,0,0,0,0,0,0,0,0,0,0,0,0,0,0,0
4957,Pachycephala flavifrons,0,0,0,0,0,0,0,0,0,0,0,0,0,0,0,0
4958,Pachycephala jacquinoti,0,0,0,0,0,0,0,0,0,2,2,0,0,0,0,0
4959,Pachycephala schlegelii,0,0,0,0,0,0,0,0,0,0,0,0,0,0,0,0
4960,Pachycephala nudigula,0,0,0,0,0,0,0,0,0,0,0,0,0,0,0,0
4961,Pachycephala aurea,0,0,0,0,0,0,0,0,0,0,0,0,0,0,0,0
4962,Pachycephala griseonota,0,0,0,0,0,0,0,0,0,0,0,0,0,0,0,0
4963,Pachycephala arctitorquis,0,0,0,0,0,0,0,0,0,0,0,0,0,0,0,0
4964,Pachycephala monacha,0,0,0,0,0,0,0,0,0,0,0,0,0,0,0,0
4965,Pachycephala leucogastra,0,0,0,0,0,0,0,0,0,0,0,0,0,0,0,0
4966,Pachycephala rufiventris,0,0,0,0,0,0,0,0,0,0,0,0,0,0,0,0
4967,Pachycephala lanioides,0,0,0,0,0,0,0,0,0,0,0,0,0,0,0,0
4968,Colluricincla tenebrosa,0,0,0,0,0,0,0,0,0,0,0,0,0,0,0,0
4969,Colluricincla megarhyncha,0,0,0,0,0,0,0,0,0,0,0,0,0,0,0,0
4970,Colluricincla boweri,0,3,0,0,0,0,0,0,0,0,0,0,0,0,0,0
4971,Colluricincla woodwardi,0,0,0,0,0,0,0,0,0,0,0,0,0,0,0,0
4972,Colluricincla harmonica,0,0,0,0,0,0,0,0,0,0,0,0,0,0,0,0
4973,Pachycephala tenebrosa,0,0,0,0,0,0,0,0,0,0,0,0,0,0,0,0
4974,Pitohui dichrous,0,0,0,0,0,0,0,0,0,0,0,0,0,0,0,0
4975,Pseudorectes incertus,0,0,0,0,0,0,0,0,0,0,0,0,0,0,0,0
4976,Pseudorectes ferrugineus,0,0,0,0,0,0,0,0,0,0,0,0,0,0,0,0
4977,Ornorectes cristatus,0,0,0,0,0,0,0,0,0,0,0,0,0,0,0,0
4978,Melanorectes nigrescens,0,0,0,0,0,0,0,0,0,0,0,0,0,0,0,0
4979,Eulacestoma nigropectus,0,0,0,0,0,0,0,0,0,0,0,0,0,0,0,0
4980,Turnagra capensis,0,0,0,0,0,0,0,0,0,1,1,0,0,0,0,0
4981,Platylophus galericulatus,0,0,0,2,0,1,0,0,1,0,0,2,0,0,0,0
4982,Gymnorhinus cyanocephalus,0,2,0,0,0,2,0,0,0,0,2,0,0,0,0,0
4983,Cyanocitta cristata,0,0,0,0,0,0,0,0,0,0,0,0,0,0,0,0
4984,Cyanocitta stelleri,0,0,0,0,0,0,0,0,0,0,0,0,0,0,0,0
4985,Aphelocoma coerulescens,0,2,0,1,0,2,0,0,1,2,0,0,2,0,0,0
4986,Aphelocoma unicolor,0,0,0,0,0,0,0,0,0,0,0,0,0,0,0,0
4987,Cyanolyca turcosa,0,0,0,0,0,0,0,0,0,0,0,0,0,0,0,0
4988,Cyanolyca viridicyanus,0,0,0,1,0,0,0,0,0,0,1,0,0,0,0,0
4989,Cyanolyca cucullata,0,0,0,0,0,0,0,0,0,0,0,0,0,0,0,0
4990,Cyanolyca pulchra,0,0,0,1,0,0,0,0,0,0,1,1,1,0,0,0
4991,Cyanolyca pumilo,0,0,0,0,0,0,0,0,0,0,0,0,0,0,0,0
4992,Cyanolyca nanus,0,0,0,2,0,0,0,0,0,0,2,2,1,0,0,1
4993,Cyanolyca mirabilis,0,0,0,2,0,0,0,0,0,0,0,2,0,0,0,0
4994,Cyanolyca argentigula,0,0,0,0,0,0,0,0,0,0,0,0,0,0,0,0
4995,Cyanocorax melanocyaneus,0,0,0,0,0,0,0,0,0,0,0,0,0,0,0,0
4996,Cyanocorax sanblasianus,0,0,0,0,0,0,0,0,0,0,0,0,0,0,0,0
4997,Cyanocorax yucatanicus,0,0,0,0,0,0,0,0,0,0,0,0,0,0,0,0
4998,Cyanocorax beecheii,0,0,0,0,0,0,0,0,0,0,0,0,0,0,0,0
4999,Cyanocorax cyanomelas,0,0,0,0,0,0,0,0,0,0,0,0,0,0,0,0
5000,Cyanocorax coeruleus,0,0,0,2,0,0,0,0,0,0,0,0,2,2,0,0
5001,Cyanocorax violaceus,0,0,0,0,0,0,0,0,0,0,0,0,0,0,0,0
5002,Cyanocorax cristatellus,0,0,0,0,0,0,0,0,0,0,0,0,0,0,0,0
5003,Cyanocorax heilprini,0,0,0,0,0,0,0,0,0,0,0,0,0,0,0,0
5004,Cyanocorax cayanus,0,0,0,0,0,0,0,0,0,0,0,0,0,0,0,0
5005,Cyanocorax affinis,0,0,0,0,0,0,0,0,0,0,0,0,0,0,0,0
5006,Cyanocorax dickeyi,0,2,0,1,0,0,0,0,1,0,0,0,0,0,0,0
5007,Cyanocorax chrysops,0,0,0,0,0,0,0,0,0,0,0,0,0,0,0,0
5008,Cyanocorax cyanopogon,0,0,0,0,0,0,0,0,0,0,0,0,0,0,0,0
5009,Cyanocorax mystacalis,0,0,0,0,0,0,0,0,0,0,0,0,0,0,0,0
5010,Cyanocorax yncas,0,0,0,0,0,0,0,0,0,0,0,0,0,0,0,0
5011,Cyanocorax morio,0,0,0,0,0,0,0,0,0,0,0,0,0,0,0,0
5012,Cyanocorax colliei,0,0,0,0,0,0,0,0,0,0,0,0,0,0,0,0
5013,Cyanocorax formosus,0,0,0,0,0,0,0,0,0,0,0,0,0,0,0,0
5014,Garrulus lanceolatus,0,0,0,0,0,0,0,0,0,0,0,0,0,0,0,0
5015,Garrulus lidthi,0,0,0,0,0,0,0,0,0,2,0,1,0,0,0,0
5016,Perisoreus infaustus,0,0,0,0,0,0,0,0,0,0,0,0,0,0,0,0
5017,Perisoreus internigrans,0,0,0,1,0,0,0,0,0,0,1,2,0,0,0,0
5018,Perisoreus canadensis,0,0,0,0,0,0,0,0,0,0,0,0,0,0,0,0
5019,Urocissa ornata,0,0,0,2,0,1,0,0,0,0,0,1,1,0,0,0
5020,Urocissa caerulea,0,0,0,0,0,0,0,0,0,0,0,0,0,0,0,0
5021,Urocissa flavirostris,0,0,0,0,0,0,0,0,0,0,0,0,0,0,0,0
5022,Urocissa erythroryncha,0,0,0,0,0,0,0,0,0,0,0,0,0,0,0,0
5023,Cissa chinensis,0,0,0,0,0,0,0,0,0,0,0,0,0,0,0,0
5024,Cissa hypoleuca,0,0,0,0,0,0,0,0,0,0,0,0,0,0,0,0
5025,Dendrocitta vagabunda,0,0,0,0,0,0,0,0,0,0,0,0,0,0,0,0
5026,Dendrocitta formosae,0,0,0,0,0,0,0,0,0,0,0,0,0,0,0,0
5027,Dendrocitta leucogastra,0,0,0,0,0,0,0,0,0,0,0,0,0,0,0,0
5028,Dendrocitta frontalis,0,0,0,0,0,0,0,0,0,0,0,0,0,0,0,0
5029,Dendrocitta bayleii,0,0,0,1,0,0,0,0,0,0,0,1,1,0,0,0
5030,Crypsirina temia,0,0,0,0,0,0,0,0,0,0,0,0,0,0,0,0
5031,Crypsirina cucullata,0,0,0,2,0,0,0,0,0,0,2,1,0,0,0,0
5032,Temnurus temnurus,0,0,0,0,0,0,0,0,0,0,0,0,0,0,0,0
5033,Pica nutalli,0,1,0,0,0,0,0,0,0,2,0,0,0,0,0,0
5034,Zavattariornis stresemanni,0,3,0,2,0,2,0,0,0,0,2,2,2,0,0,0
5035,Podoces hendersoni,0,0,0,0,0,0,0,0,0,0,0,0,0,0,0,0
5036,Podoces biddulphi,0,0,0,2,0,0,0,0,0,0,2,2,1,0,0,0
5037,Podoces panderi,0,0,0,0,0,0,0,0,0,0,0,0,0,0,0,0
5038,Podoces pleskei,0,0,0,0,0,0,0,0,0,0,0,0,0,0,0,0
5039,Pseudopodoces humilis,0,0,0,0,0,0,0,0,0,0,0,0,0,0,0,0
5040,Nucifraga columbiana,0,0,0,0,0,0,0,0,0,0,0,0,0,0,0,0
5041,Pyrrhocorax pyrrhocorax,0,0,0,0,0,0,0,0,0,0,0,0,0,0,0,0
5042,Pyrrhocorax graculus,0,0,0,0,0,0,0,0,0,0,0,0,0,0,0,0
5043,Ptilostomus afer,0,0,0,0,0,0,0,0,0,0,0,0,0,0,0,0
5044,Corvus monedula,0,0,0,0,0,0,0,0,0,0,0,0,0,0,0,0
5045,Corvus dauuricus,0,0,0,0,0,0,0,0,0,0,0,0,0,0,0,0
5046,Corvus splendens,0,0,0,0,0,0,0,0,0,0,0,0,0,0,0,0
5047,Corvus moneduloides,0,0,0,0,0,0,0,0,0,0,0,0,0,0,0,0
5048,Corvus typicus,0,0,0,0,0,0,0,0,0,0,0,0,0,0,0,0
5049,Corvus unicolor,0,0,0,2,0,0,0,0,0,0,0,1,1,0,0,0
5050,Corvus florensis,0,0,0,2,0,0,0,0,0,1,0,1,0,0,0,0
5051,Corvus kubaryi,0,1,0,2,0,0,0,0,2,3,0,0,2,0,0,0
5052,Corvus validus,0,0,0,2,0,1,0,0,0,0,0,0,1,2,0,0
5053,Corvus meeki,0,0,0,0,0,0,0,0,0,0,0,0,0,0,0,0
5054,Corvus woodfordi,0,0,0,0,0,0,0,0,0,0,0,0,0,0,0,0
5055,Corvus fuscicapillus,0,0,0,0,1,0,0,0,0,0,0,1,1,0,0,0
5056,Corvus tristis,0,0,0,0,0,0,0,0,0,0,0,0,0,0,0,0
5057,Corvus capensis,0,0,0,0,0,0,0,0,0,0,0,0,0,0,0,0
5058,Corvus frugilegus,0,0,0,0,0,0,0,0,0,0,0,0,0,0,0,0
5059,Corvus caurinus,0,0,0,0,0,0,0,0,0,0,0,0,0,0,0,0
5060,Corvus brachyrhynchos,0,0,0,0,0,0,0,0,0,0,0,0,0,0,0,0
5061,Corvus ossifragus,0,0,0,0,0,0,0,0,0,0,0,0,0,0,0,0
5062,Corvus imparatus,0,0,0,0,0,0,0,0,0,0,0,0,0,0,0,0
5063,Corvus sinaloae,0,0,0,0,0,0,0,0,0,0,0,0,0,0,0,0
5064,Corvus jamaicensis,0,0,0,0,0,0,0,0,1,1,0,1,0,0,0,0
5065,Corvus nasicus,0,0,0,0,0,0,0,0,0,0,0,0,0,0,0,0
5066,Corvus leucognaphalus,0,0,0,2,0,0,0,0,2,1,0,2,0,0,0,0
5067,Corvus corone,0,0,0,0,0,0,0,0,0,0,0,0,0,0,0,0
5068,Corvus bennetti,0,0,0,0,0,0,0,0,0,0,0,0,0,0,0,0
5069,Corvus coronoides,0,0,0,0,0,0,0,0,0,0,0,0,0,0,0,0
5070,Corvus mellori,0,0,0,0,0,0,0,0,0,0,0,0,0,0,0,0
5071,Corvus pectoralis,0,0,0,2,0,0,0,0,2,0,0,0,0,0,2,0
5072,Corvus hawaiiensis,0,0,0,1,0,0,0,0,1,2,0,1,0,0,0,1
5073,Corvus cryptoleucus,0,0,0,0,0,0,0,0,0,0,0,0,0,0,0,0
5074,Corvus ruficollis,0,0,0,0,0,0,0,0,0,0,0,0,0,0,0,0
5075,Corvus corax,0,0,0,0,0,0,0,0,0,0,0,0,0,0,0,0
5076,Corvus rhipidurus,0,0,0,0,0,0,0,0,0,0,0,0,0,0,0,0
5077,Corvus albicollis,0,0,0,0,0,0,0,0,0,0,0,0,0,0,0,0
5078,Corvus crassirostris,0,0,0,0,0,0,0,0,0,0,0,0,0,0,0,0
5079,Melampitta lugubris,0,0,0,0,0,0,0,0,0,0,0,0,0,0,0,0
5080,Megalampitta gigantea,0,0,0,0,0,0,0,0,0,0,0,0,0,0,0,0
5081,Loboparadisea sericea,0,0,0,0,0,0,0,0,0,0,0,1,1,0,0,0
5082,Cnemophilus loriae,0,0,0,0,0,0,0,0,0,0,0,0,0,0,0,0
5083,Macgregoria pulchra,0,0,0,0,0,0,0,0,1,0,0,0,1,0,0,0
5084,Manucodia ater,0,0,0,0,0,0,0,0,0,0,0,0,0,0,0,0
5085,Manucodia chalybatus,0,0,0,0,0,0,0,0,0,0,0,0,0,0,0,0
5086,Manucodia comrii,0,0,0,0,0,0,0,0,0,0,0,0,0,0,0,0
5087,Manucodia jobiensis,0,0,0,0,0,0,0,0,0,0,0,0,0,0,0,0
5088,Phonygammus keraudrenii,0,0,0,0,0,0,0,0,0,0,0,0,0,0,0,0
5089,Semioptera wallacii,0,0,0,2,0,1,0,0,0,0,0,2,1,2,0,1
5090,Paradigalla carunculata,0,0,0,1,0,0,0,0,0,0,0,1,0,0,0,0
5091,Paradigalla brevicauda,0,0,0,0,0,0,0,0,0,0,0,0,0,0,0,0
5092,Epimachus fastosus,0,0,0,1,0,0,0,0,1,0,0,1,0,0,0,0
5093,Epimachus meyeri,0,0,0,0,0,0,0,0,0,0,0,0,0,0,0,0
5094,Drepanornis albertisi,0,0,0,0,0,0,0,0,0,0,0,0,0,0,0,0
5095,Drepanornis bruijnii,0,0,0,0,0,0,0,0,0,0,0,2,0,0,0,0
5096,Parotia sefilata,0,0,0,0,0,0,0,0,0,0,0,0,0,0,0,0
5097,Parotia carolae,0,0,0,0,0,0,0,0,0,0,0,0,0,0,0,0
5098,Parotia wahnesi,0,0,0,1,0,0,0,0,1,0,0,0,0,0,0,0
5099,Lophorina magnifica,0,0,0,0,0,0,0,0,0,0,0,0,0,0,0,0
5100,Lophorina intercedens,0,0,0,0,0,0,0,0,0,0,0,0,0,0,0,0
5101,Lophorina victoriae,0,3,0,0,0,0,0,0,0,0,0,0,0,0,0,0
5102,Lophorina paradisea,0,0,0,0,0,0,0,0,0,0,0,0,0,0,0,0
5103,Cicinnurus magnificus,0,0,0,0,0,0,0,0,0,0,0,0,0,0,0,0
5104,Cicinnurus respublica,0,0,0,0,0,0,0,0,1,0,0,1,1,0,0,0
5105,Cicinnurus regius,0,0,0,0,0,0,0,0,0,0,0,0,0,0,0,0
5106,Astrapia nigra,0,0,0,0,0,0,0,0,0,0,0,0,0,0,0,0
5107,Astrapia splendidissima,0,0,0,0,0,0,0,0,0,0,0,0,0,0,0,0
5108,Astrapia mayeri,0,0,0,0,0,0,0,0,1,0,0,2,0,0,0,0
5109,Astrapia stephaniae,0,0,0,0,0,0,0,0,0,0,0,0,0,0,0,0
5110,Astrapia rothschildi,0,0,0,0,0,0,0,0,0,0,0,0,0,0,0,0
5111,Pteridophora alberti,0,0,0,0,0,0,0,0,0,0,0,0,0,0,0,0
5112,Seleucidis melanoleucus,0,0,0,0,0,0,0,0,0,0,0,0,0,0,0,0
5113,Paradisaea rubra,0,0,0,0,0,1,0,0,1,0,0,1,0,0,0,0
5114,Paradisaea minor,0,0,0,0,0,0,0,0,0,0,0,0,0,0,0,0
5115,Paradisaea apoda,0,0,0,0,0,0,0,0,0,0,0,0,0,0,0,0
5116,Paradisaea raggiana,0,0,0,0,0,0,0,0,0,0,0,0,0,0,0,0
5117,Paradisaea decora,0,0,0,2,0,0,0,0,0,0,0,2,1,0,0,0
5118,Paradisaea guilielmi,0,0,0,1,0,0,0,0,1,0,0,1,0,0,0,0
5119,Paradisornis rudolphi,0,0,0,2,0,0,0,0,1,0,0,2,2,0,0,0
5120,Cracticus mentalis,0,0,0,0,0,0,0,0,0,0,0,0,0,0,0,0
5121,Cracticus cassicus,0,0,0,0,0,0,0,0,0,0,0,0,0,0,0,0
5122,Cracticus louisiadensis,0,1,0,1,0,0,0,0,0,0,0,1,1,0,0,0
5123,Cracticus nigrogularis,0,0,0,0,0,0,0,0,0,0,0,0,0,0,0,0
5124,Melloria quoyi,0,0,0,0,0,0,0,0,0,0,0,0,0,0,0,0
5125,Gymnorhina tibicen,0,0,0,0,0,0,0,0,0,0,0,0,0,0,0,0
5126,Strepera graculina,0,0,0,0,0,0,0,0,0,0,0,0,0,0,0,0
5127,Strepera fuliginosa,0,0,0,0,0,0,0,0,0,0,0,0,0,0,0,0
5128,Strepera versicolor,0,0,0,0,0,0,0,0,0,0,0,0,0,0,0,0
5129,Artamus fuscus,0,0,0,0,0,0,0,0,0,0,0,0,0,0,0,0
5130,Artamus leucoryn,0,0,0,0,0,0,0,0,0,0,0,0,0,0,0,0
5131,Artamus monachus,0,0,0,0,0,0,0,0,0,0,0,0,0,0,0,0
5132,Artamus maximus,0,0,0,0,0,0,0,0,0,0,0,0,0,0,0,0
5133,Artamus insignis,0,0,0,0,0,0,0,0,0,0,0,0,0,0,0,0
5134,Artamus mentalis,0,0,0,0,0,0,0,0,0,0,0,0,0,0,0,0
5135,Artamus personatus,0,0,0,0,0,0,0,0,0,0,0,0,0,0,0,0
5136,Artamus superciliosus,0,0,0,0,0,0,0,0,0,0,0,0,0,0,0,0
5137,Artamus cinereus,0,0,0,0,0,0,0,0,0,0,0,0,0,0,0,0
5138,Artamus cyanopterus,0,0,0,0,0,0,0,0,0,0,0,0,0,0,0,0
5139,Artamus minor,0,0,0,0,0,0,0,0,0,0,0,0,0,0,0,0
5140,Pityriasis gymnocephala,0,0,0,2,0,1,0,0,0,0,0,2,0,2,0,0
5141,Peltops blainvillii,0,0,0,0,0,0,0,0,0,0,0,0,0,0,0,0
5142,Peltops montanus,0,0,0,0,0,0,0,0,0,0,0,0,0,0,0,0
5143,Oriolus forsteni,0,0,0,0,0,0,0,0,0,0,0,0,0,0,0,0
5144,Oriolus phaeochromus,0,0,0,0,0,0,0,0,0,0,0,0,0,0,0,0
5145,Oriolus szalayi,0,0,0,0,0,0,0,0,0,0,0,0,0,0,0,0
5146,Oriolus sagittatus,0,0,0,0,0,0,0,0,0,0,0,0,0,0,0,0
5147,Oriolus flavocinctus,0,0,0,0,0,0,0,0,0,0,0,0,0,0,0,0
5148,Oriolus steerii,0,0,0,0,0,0,0,0,0,0,0,0,0,0,0,0
5149,Oriolus albiloris,0,0,0,0,0,0,0,0,0,0,0,0,0,0,0,0
5150,Oriolus isabellae,0,0,0,1,0,0,0,0,0,0,0,2,0,0,0,0
5151,Oriolus auratus,0,0,0,0,0,0,0,0,0,0,0,0,0,0,0,0
5152,Oriolus chinensis,0,0,0,0,0,0,0,0,0,0,0,0,0,0,0,0
5153,Oriolus tenuirostris,0,0,0,0,0,0,0,0,0,0,0,0,0,0,0,0
5154,Oriolus chlorocephalus,0,0,0,0,0,0,0,0,0,0,0,0,0,0,0,0
5155,Oriolus crassirostris,0,0,0,1,0,0,0,0,0,0,0,1,1,0,0,0
5156,Oriolus brachyrynchus,0,0,0,0,0,0,0,0,0,0,0,0,0,0,0,0
5157,Oriolus monacha,0,0,0,0,0,0,0,0,0,0,0,0,0,0,0,0
5158,Oriolus larvatus,0,0,0,0,0,0,0,0,0,0,0,0,0,0,0,0
5159,Oriolus percivali,0,0,0,0,0,0,0,0,0,0,0,0,0,0,0,0
5160,Oriolus nigripennis,0,0,0,0,0,0,0,0,0,0,0,0,0,0,0,0
5161,Oriolus xanthornus,0,0,0,0,0,0,0,0,0,0,0,0,0,0,0,0
5162,Oriolus hosii,0,0,0,1,0,0,0,0,0,0,0,2,0,1,0,0
5163,Oriolus traillii,0,0,0,0,0,0,0,0,0,0,0,0,0,0,0,0
5164,Oriolus mellianus,0,0,0,2,0,2,0,0,0,0,0,2,0,0,0,0
5165,Sphecotheres hypoleucus,0,0,0,2,0,0,0,0,0,0,0,2,1,0,0,0
5166,Sphecotheres vieilloti,0,0,0,0,0,0,0,0,0,0,0,0,0,0,0,0
5167,Sphecotheres viridis,0,0,0,0,0,0,0,0,0,0,0,0,0,0,0,0
5168,Coracina maxima,0,0,0,0,0,0,0,0,0,0,0,0,0,0,0,0
5169,Coracina larvata,0,0,0,0,0,0,0,0,0,0,0,0,0,0,0,0
5170,Coracina schistacea,0,0,0,0,0,0,0,0,0,0,0,0,0,0,0,0
5171,Coracina personata,0,0,0,0,0,0,0,0,0,0,0,0,0,0,0,0
5172,Coracina atriceps,0,0,0,0,0,0,0,0,0,0,0,0,0,0,0,0
5173,Coracina fortis,0,0,0,1,0,0,0,0,0,0,0,1,0,0,0,0
5174,Coracina novaehollandiae,0,0,0,0,0,0,0,0,0,0,0,0,0,0,0,0
5175,Coracina caeruleogrisea,0,0,0,0,0,0,0,0,0,0,0,0,0,0,0,0
5176,Coracina temminckii,0,0,0,0,0,0,0,0,0,0,0,0,0,0,0,0
5177,Coracina bicolor,0,0,0,1,0,0,0,0,0,0,0,2,0,1,0,0
5178,Coracina lineata,0,0,0,0,0,0,0,0,0,0,0,0,0,0,0,0
5179,Coracina boyeri,0,0,0,0,0,0,0,0,0,0,0,0,0,0,0,0
5180,Coracina leucopygia,0,0,0,0,0,0,0,0,0,0,0,0,0,0,0,0
5181,Coracina papuensis,0,0,0,0,0,0,0,0,0,0,0,0,0,0,0,0
5182,Coracina longicauda,0,0,0,0,0,0,0,0,0,0,0,0,0,0,0,0
5183,Coracina parvula,0,0,0,0,0,0,0,0,0,0,0,0,0,0,0,0
5184,Celebesica abbotti,0,0,0,0,0,0,0,0,0,0,0,0,0,0,0,0
5185,Edolisoma anale,0,0,0,0,0,1,0,0,0,0,0,0,1,0,0,0
5186,Ceblepyris pectoralis,0,0,0,0,0,0,0,0,0,0,0,0,0,0,0,0
5187,Ceblepyris caesius,0,0,0,0,0,0,0,0,0,0,0,0,0,0,0,0
5188,Cyanograucalus azureus,0,0,0,0,0,0,0,0,0,0,0,0,0,0,0,0
5189,Ceblepyris graueri,0,0,0,2,0,0,0,0,0,0,0,2,0,0,0,0
5190,Lalage typica,0,0,0,0,0,0,0,0,0,1,0,0,0,0,0,0
5191,Lalage newtoni,0,1,0,0,0,1,0,0,2,2,0,0,0,0,0,1
5192,Edolisoma coerulescens,0,0,0,0,0,0,0,0,0,0,0,0,0,0,0,0
5193,Edolisoma dohertyi,0,0,0,0,0,0,0,0,0,0,0,0,0,0,0,0
5194,Edolisoma sula,0,0,0,0,0,0,0,0,0,0,0,0,0,0,0,0
5195,Edolisoma dispar,0,0,0,0,0,0,0,0,0,0,0,0,0,0,0,0
5196,Edolisoma mindanense,0,0,0,2,0,0,0,0,0,0,0,2,1,1,0,0
5197,Edolisoma morio,0,0,0,0,0,0,0,0,0,0,0,0,0,0,0,0
5198,Edolisoma ceramense,0,0,0,0,0,0,0,0,0,0,0,0,0,0,0,0
5199,Edolisoma incertum,0,0,0,0,0,0,0,0,0,0,0,0,0,0,0,0
5200,Edolisoma schisticeps,0,0,0,0,0,0,0,0,0,0,0,0,0,0,0,0
5201,Edolisoma melas,0,0,0,0,0,0,0,0,0,0,0,0,0,0,0,0
5202,Edolisoma montanum,0,0,0,0,0,0,0,0,0,0,0,0,0,0,0,0
5203,Malindangia mcgregori,0,0,0,1,0,0,0,0,0,0,0,1,0,0,0,0
5204,Edolisoma ostentum,0,0,0,2,0,0,0,0,0,0,0,2,2,1,0,0
5205,Lalage polioptera,0,0,0,0,0,0,0,0,0,0,0,0,0,0,0,0
5206,Lalage melaschistos,0,0,0,0,0,0,0,0,0,0,0,0,0,0,0,0
5207,Lalage fimbriata,0,0,0,0,0,0,0,0,0,0,0,0,0,0,0,0
5208,Lalage melanoptera,0,0,0,0,0,0,0,0,0,0,0,0,0,0,0,0
5209,Campochaera sloetii,0,0,0,0,0,0,0,0,0,0,0,0,0,0,0,0
5210,Lalage nigra,0,0,0,0,0,0,0,0,0,0,0,0,0,0,0,0
5211,Lalage leucopygialis,0,0,0,0,0,0,0,0,0,0,0,0,0,0,0,0
5212,Lalage sueurii,0,0,0,0,0,0,0,0,0,0,0,0,0,0,0,0
5213,Lalage tricolor,0,0,0,0,0,0,0,0,0,0,0,0,0,0,0,0
5214,Lalage aurea,0,0,0,0,0,0,0,0,0,0,0,0,0,0,0,0
5215,Lalage moesta,0,0,0,0,0,0,0,0,0,0,0,0,0,0,0,0
5216,Lalage maculosa,0,0,0,0,0,0,0,0,0,0,0,0,0,0,0,0
5217,Lalage sharpei,0,0,0,0,0,0,0,0,0,0,0,0,0,0,0,0
5218,Lalage leucopyga,0,0,0,0,0,0,0,0,0,0,0,0,0,0,0,0
5219,Campephaga petiti,0,0,0,0,0,0,0,0,0,0,0,0,0,0,0,0
5220,Campephaga flava,0,0,0,0,0,0,0,0,0,0,0,0,0,0,0,0
5221,Campephaga phoenicea,0,0,0,0,0,0,0,0,0,0,0,0,0,0,0,0
5222,Campephaga quiscalina,0,0,0,0,0,0,0,0,0,0,0,0,0,0,0,0
5223,Lobotos lobatus,0,0,0,2,0,0,0,0,0,0,0,2,0,0,0,0
5224,Lobotos oriolinus,0,1,0,0,0,0,0,0,0,0,0,1,0,0,0,0
5225,Pericrocotus roseus,0,0,0,0,0,0,0,0,0,0,0,0,0,0,0,0
5226,Pericrocotus cantonensis,0,0,0,0,0,0,0,0,0,0,0,0,0,0,0,0
5227,Pericrocotus divaricatus,0,0,0,0,0,0,0,0,0,0,0,0,0,0,0,0
5228,Pericrocotus tegimae,0,0,0,0,0,0,0,0,0,0,0,0,0,0,0,0
5229,Pericrocotus cinnamomeus,0,0,0,0,0,0,0,0,0,0,0,0,0,0,0,0
5230,Pericrocotus igneus,0,0,0,2,0,1,0,0,0,0,0,2,0,2,0,0
5231,Pericrocotus lansbergei,0,0,0,0,0,0,0,0,0,0,0,0,0,0,0,0
5232,Pericrocotus ethologus,0,0,0,0,0,0,0,0,0,0,0,0,0,0,0,0
5233,Pericrocotus brevirostris,0,0,0,0,0,0,0,0,0,0,0,0,0,0,0,0
5234,Pericrocotus miniatus,0,0,0,0,0,0,0,0,0,0,0,0,0,0,0,0
5235,Pericrocotus flammeus,0,0,0,0,0,0,0,0,0,0,0,0,0,0,0,0
5236,Hemipus picatus,0,0,0,0,0,0,0,0,0,0,0,0,0,0,0,0
5237,Hemipus hirundinaceus,0,0,0,0,0,0,0,0,0,0,0,0,0,0,0,0
5238,Chelidorhynx hypoxanthus,0,0,0,0,0,0,0,0,0,0,0,0,0,0,0,0
5239,Rhipidura phoenicura,0,0,0,0,0,0,0,0,0,0,0,0,0,0,0,0
5240,Rhipidura nigrocinnamomea,0,0,0,0,0,0,0,0,0,0,0,0,0,0,0,0
5241,Rhipidura euryura,0,0,0,0,0,0,0,0,0,0,0,0,0,0,0,0
5242,Rhipidura aureola,0,0,0,0,0,0,0,0,0,0,0,0,0,0,0,0
5243,Rhipidura perlata,0,0,0,0,0,0,0,0,0,0,0,0,0,0,0,0
5244,Rhipidura leucophrys,0,0,0,0,0,0,0,0,0,0,0,0,0,0,0,0
5245,Rhipidura diluta,0,0,0,0,0,0,0,0,0,0,0,0,0,0,0,0
5246,Rhipidura fuscorufa,0,0,0,1,0,0,0,0,0,0,0,1,0,0,0,0
5247,Rhipidura threnothorax,0,0,0,0,0,0,0,0,0,0,0,0,0,0,0,0
5248,Rhipidura maculipectus,0,0,0,0,0,0,0,0,0,0,0,0,0,0,0,0
5249,Rhipidura leucothorax,0,0,0,0,0,0,0,0,0,0,0,0,0,0,0,0
5250,Rhipidura atra,0,0,0,0,0,0,0,0,0,0,0,0,0,0,0,0
5251,Rhipidura hyperythra,0,0,0,0,0,0,0,0,0,0,0,0,0,0,0,0
5252,Rhipidura albolimbata,0,0,0,0,0,0,0,0,0,0,0,0,0,0,0,0
5253,Rhipidura phasiana,0,0,0,0,0,0,0,0,0,0,0,0,0,0,0,0
5254,Rhipidura tenebrosa,0,0,0,0,0,0,0,0,0,0,0,2,0,0,0,0
5255,Rhipidura rennelliana,0,0,0,0,0,0,0,0,0,0,0,0,0,0,0,0
5256,Rhipidura personata,0,0,0,2,0,2,0,0,0,0,0,0,0,2,0,0
5257,Rhipidura nebulosa,0,0,0,0,0,0,0,0,0,0,0,0,0,0,0,0
5258,Rhipidura brachyrhyncha,0,0,0,0,0,0,0,0,0,0,0,0,0,0,0,0
5259,Rhipidura teysmanni,0,0,0,0,0,0,0,0,0,0,0,0,0,0,0,0
5260,Rhipidura superflua,0,0,0,0,0,0,0,0,0,0,0,0,0,0,0,0
5261,Rhipidura dedemi,0,0,0,0,0,0,0,0,0,0,0,0,0,0,0,0
5262,Rhipidura opistherythra,0,0,0,1,0,0,0,0,0,0,0,1,0,0,0,0
5263,Rhipidura lepida,0,0,0,0,0,0,0,0,0,0,0,0,0,0,0,0
5264,Rhipidura rufidorsa,0,0,0,0,0,0,0,0,0,0,0,0,0,0,0,0
5265,Rhipidura dahli,0,0,0,0,0,0,0,0,0,0,0,0,0,0,0,0
5266,Rhipidura matthiae,0,0,0,0,0,0,0,0,0,0,0,2,0,0,0,0
5267,Rhipidura malaitae,0,0,0,0,0,0,0,0,0,1,0,0,0,0,0,0
5268,Rhipidura kubaryi,0,0,0,0,0,0,0,0,0,0,0,0,0,0,0,0
5269,Rhipidura semirubra,0,0,0,0,0,0,0,0,0,0,0,0,0,0,0,0
5270,Chaetorhynchus papuensis,0,0,0,0,0,0,0,0,0,0,0,0,0,0,0,0
5271,Dicrurus atripennis,0,0,0,0,0,0,0,0,0,0,0,0,0,0,0,0
5272,Dicrurus aldabranus,0,2,0,0,0,0,0,0,0,2,0,0,0,0,0,0
5273,Dicrurus fuscipennis,0,0,0,1,0,0,0,0,0,2,0,1,1,0,0,0
5274,Dicrurus forficatus,0,0,0,0,0,0,0,0,0,0,0,0,0,0,0,0
5275,Dicrurus waldenii,0,1,0,2,0,0,0,0,0,1,0,2,0,0,1,0
5276,Dicrurus macrocercus,0,0,0,0,0,0,0,0,0,0,0,0,0,0,0,0
5277,Dicrurus leucophaeus,0,0,0,0,0,0,0,0,0,0,0,0,0,0,0,0
5278,Dicrurus caerulescens,0,0,0,0,0,0,0,0,0,0,0,0,0,0,0,0
5279,Dicrurus annectens,0,0,0,0,0,0,0,0,0,0,0,0,0,0,0,0
5280,Dicrurus aeneus,0,0,0,0,0,0,0,0,0,0,0,0,0,0,0,0
5281,Dicrurus remifer,0,0,0,0,0,0,0,0,0,0,0,0,0,0,0,0
5282,Dicrurus sumatranus,0,0,0,2,0,0,0,0,1,0,0,2,0,2,0,0
5283,Dicrurus montanus,0,0,0,0,0,0,0,0,0,0,0,0,0,0,0,0
5284,Dicrurus densus,0,0,0,0,0,0,0,0,0,0,0,0,0,0,0,0
5285,Dicrurus balicassius,0,0,0,0,0,0,0,0,0,0,0,0,0,0,0,0
5286,Dicrurus bracteatus,0,0,0,0,0,0,0,0,0,0,0,0,0,0,0,0
5287,Dicrurus megarhynchus,0,0,0,1,0,0,0,0,0,0,0,1,0,0,0,0
5288,Dicrurus andamanensis,0,0,0,1,0,0,0,0,0,0,1,1,1,1,0,0
5289,Erythrocercus mccallii,0,0,0,0,0,0,0,0,0,0,0,0,0,0,0,0
5290,Erythrocercus holochlorus,0,0,0,0,0,0,0,0,0,0,0,0,0,0,0,0
5291,Erythrocercus livingstonei,0,0,0,0,0,0,0,0,0,0,0,0,0,0,0,0
5292,Elminia longicauda,0,0,0,0,0,0,0,0,0,0,0,0,0,0,0,0
5293,Elminia albicauda,0,0,0,0,0,0,0,0,0,0,0,0,0,0,0,0
5294,Elminia nigromitrata,0,0,0,0,0,0,0,0,0,0,0,0,0,0,0,0
5295,Elminia albiventris,0,0,0,0,0,0,0,0,0,0,0,0,0,0,0,0
5296,Elminia albonotata,0,0,0,0,0,0,0,0,0,0,0,0,0,0,0,0
5297,Trochocercus nitens,0,0,0,0,0,0,0,0,0,0,0,0,0,0,0,0
5298,Hypothymis helenae,0,0,0,2,0,1,0,0,0,0,0,2,0,2,0,0
5299,Hypothymis coelestis,0,0,0,1,0,0,0,0,0,0,0,2,1,1,0,0
5300,Eutrichomyias rowleyi,0,0,0,2,0,0,0,0,0,0,0,1,0,2,0,0
5301,Terpsiphone bedfordi,0,0,0,2,0,0,0,0,1,0,0,1,0,0,0,0
5302,Terpsiphone viridis,0,0,0,0,0,0,0,0,0,0,0,0,0,0,0,0
5303,Terpsiphone atrochalybeia,0,0,0,0,0,0,0,0,0,0,0,0,0,0,0,0
5304,Terpsiphone mutata,0,0,0,0,0,0,0,0,0,0,0,0,0,0,0,0
5305,Terpsiphone corvina,0,0,0,0,0,0,0,0,0,1,0,0,1,0,0,0
5306,Terpsiphone bourbonnensis,0,0,0,0,0,0,0,0,0,0,0,0,0,0,0,0
5307,Terpsiphone atrocaudata,0,0,0,1,0,0,0,0,1,0,0,1,0,0,0,0
5308,Terpsiphone cyanescens,0,0,0,2,0,0,0,0,0,0,0,1,0,0,0,0
5309,Pomarea dimidiata,0,2,0,0,0,0,0,0,0,2,0,1,0,0,0,0
5310,Pomarea nigra,0,0,0,0,0,0,0,0,0,2,0,0,0,0,0,0
5311,Pomarea whitneyi,0,0,0,1,0,1,0,0,0,3,0,0,0,0,0,0
5312,Mayrornis versicolor,0,1,0,0,0,0,0,0,0,1,0,0,0,0,0,0
5313,Mayrornis lessoni,0,0,0,0,0,0,0,0,0,0,0,0,0,0,0,0
5314,Mayrornis schistaceus,0,0,0,1,0,0,0,0,0,0,0,0,0,0,0,0
5315,Neolalage banksiana,0,0,0,0,0,0,0,0,0,0,0,0,0,0,0,0
5316,Clytorhynchus pachycephaloides,0,0,0,0,0,0,0,0,0,0,0,0,0,0,0,0
5317,Clytorhynchus vitiensis,0,0,0,0,0,0,0,0,0,0,0,0,0,0,0,0
5318,Clytorhynchus hamlini,0,0,0,0,0,0,0,0,0,0,0,2,1,0,0,0
5319,Metabolus rugensis,0,0,0,1,0,0,0,0,0,0,0,0,1,0,0,0
5320,Symposiachrus axillaris,0,0,0,0,0,0,0,0,0,0,0,0,0,0,0,0
5321,Symposiachrus rubiensis,0,0,0,0,0,0,0,0,0,0,0,0,0,0,0,0
5322,Monarcha cinerascens,0,0,0,0,0,0,0,0,0,0,0,0,0,0,0,0
5323,Monarcha frater,0,0,0,0,0,0,0,0,0,0,0,0,0,0,0,0
5324,Monarcha melanopsis,0,0,0,0,0,0,0,0,0,0,0,0,0,0,0,0
5325,Monarcha richardsii,0,0,0,0,0,0,0,0,0,0,0,2,0,0,0,0
5326,Carterornis pileatus,0,0,0,0,0,0,0,0,0,0,0,0,0,0,0,0
5327,Carterornis castus,0,0,0,0,0,0,0,0,0,0,0,1,0,0,0,0
5328,Carterornis leucotis,0,0,0,0,0,0,0,0,0,0,0,0,0,0,0,0
5329,Symposiachrus guttula,0,0,0,0,0,0,0,0,0,0,0,0,0,0,0,0
5330,Symposiachrus mundus,0,0,0,0,0,0,0,0,0,0,0,0,0,0,0,0
5331,Symposiachrus trivirgatus,0,0,0,0,0,0,0,0,0,0,0,0,0,0,0,0
5332,Symposiachrus sacerdotum,0,0,0,2,0,2,0,0,0,0,0,1,2,0,0,0
5333,Symposiachrus everetti,0,0,0,0,0,0,0,0,0,0,0,2,1,0,0,0
5334,Symposiachrus loricatus,0,0,0,0,0,0,0,0,0,0,0,0,0,0,0,0
5335,Symposiachrus boanensis,0,0,0,2,0,0,0,0,0,0,2,2,0,0,0,0
5336,Symposiachrus leucurus,0,0,0,2,0,0,0,0,0,0,0,2,0,1,0,0
5337,Symposiachrus julianae,0,0,0,2,0,0,0,0,0,0,0,2,0,0,0,0
5338,Symposiachrus manadensis,0,0,0,0,0,0,0,0,0,0,0,0,0,0,0,0
5339,Symposiachrus brehmii,0,0,0,1,0,0,0,0,0,0,0,1,0,0,0,0
5340,Symposiachrus infelix,0,0,0,0,0,0,0,0,0,0,0,1,0,0,0,0
5341,Symposiachrus menckei,0,0,0,0,0,0,0,0,0,0,0,0,0,0,0,0
5342,Symposiachrus browni,0,0,0,0,0,0,0,0,0,0,0,2,0,0,0,0
5343,Symposiachrus vidua,0,0,0,0,0,0,0,0,0,0,0,2,0,0,0,0
5344,Metabolus godeffroyi,0,0,0,0,0,0,0,0,0,2,0,0,0,0,0,0
5345,Metabolus takatsukasae,0,0,0,0,0,0,0,0,0,2,1,1,0,0,0,0
5346,Carterornis chrysomela,0,0,0,0,0,0,0,0,0,0,0,0,0,0,0,0
5347,Arses insularis,0,0,0,0,0,0,0,0,0,0,0,0,0,0,0,0
5348,Arses kaupi,0,0,0,0,0,0,0,0,0,0,0,0,0,0,0,0
5349,Myiagra freycineti,0,0,0,0,0,0,0,0,0,1,0,0,0,0,0,0
5350,Myiagra erythrops,0,0,0,0,0,0,0,0,0,0,0,0,0,0,0,0
5351,Myiagra oceanica,0,0,0,0,0,0,0,0,0,0,0,0,0,0,0,0
5352,Myiagra pluto,0,0,0,0,0,0,0,0,0,0,0,0,0,0,0,0
5353,Myiagra atra,0,0,0,1,0,0,0,0,0,0,0,1,0,0,0,0
5354,Myiagra galeata,0,0,0,0,0,0,0,0,0,0,0,0,0,0,0,0
5355,Myiagra rubecula,0,0,0,0,0,0,0,0,0,0,0,0,0,0,0,0
5356,Myiagra ferrocyanea,0,0,0,0,0,0,0,0,0,0,0,0,0,0,0,0
5357,Myiagra cervinicauda,0,0,0,0,0,0,0,0,0,0,0,2,0,0,0,0
5358,Myiagra caledonica,0,0,0,0,0,0,0,0,0,0,0,0,0,0,0,0
5359,Myiagra vanikorensis,0,0,0,0,0,0,0,0,0,0,0,0,0,0,0,0
5360,Myiagra albiventris,0,1,0,2,0,0,0,0,0,2,0,0,0,0,0,0
5361,Myiagra ruficollis,0,0,0,0,0,0,0,0,0,0,0,0,0,0,0,0
5362,Myiagra cyanoleuca,0,0,0,0,0,0,0,0,0,0,0,0,0,0,0,0
5363,Myiagra alecto,0,0,0,0,0,0,0,0,0,0,0,0,0,0,0,0
5364,Machaerirhynchus flaviventer,0,0,0,0,0,0,0,0,0,0,0,0,0,0,0,0
5365,Machaerirhynchus nigripectus,0,0,0,0,0,0,0,0,0,0,0,0,0,0,0,0
5366,Grallina cyanoleuca,0,0,0,0,0,0,0,0,0,0,0,0,0,0,0,0
5367,Grallina bruijnii,0,0,0,0,0,0,0,0,0,0,0,0,0,0,0,0
5368,Aegithina tiphia,0,0,0,0,0,0,0,0,0,0,0,0,0,0,0,0
5369,Aegithina nigrolutea,0,0,0,0,0,0,0,0,0,0,0,0,0,0,0,0
5370,Aegithina viridissima,0,0,0,2,0,1,0,0,0,0,0,2,0,1,0,0
5371,Aegithina lafresnayei,0,0,0,0,0,0,0,0,0,0,0,0,0,0,0,0
5372,Lanioturdus torquatus,0,0,0,0,0,0,0,0,0,0,0,0,0,0,0,0
5373,Nilaus afer,0,0,0,0,0,0,0,0,0,0,0,0,0,0,0,0
5374,Dryoscopus gambensis,0,0,0,0,0,0,0,0,0,0,0,0,0,0,0,0
5375,Dryoscopus pringlii,0,0,0,0,0,0,0,0,0,0,0,0,0,0,0,0
5376,Dryoscopus cubla,0,0,0,0,0,0,0,0,0,0,0,0,0,0,0,0
5377,Dryoscopus senegalensis,0,0,0,0,0,0,0,0,0,0,0,0,0,0,0,0
5378,Dryoscopus angolensis,0,0,0,0,0,0,0,0,0,0,0,0,0,0,0,0
5379,Dryoscopus sabini,0,0,0,0,0,0,0,0,0,0,0,0,0,0,0,0
5380,Bocagia minuta,0,0,0,0,0,0,0,0,0,0,0,0,0,0,0,0
5381,Tchagra senegalus,0,0,0,0,0,0,0,0,0,0,0,0,0,0,0,0
5382,Tchagra australis,0,0,0,0,0,0,0,0,0,0,0,0,0,0,0,0
5383,Tchagra jamesi,0,0,0,0,0,0,0,0,0,0,0,0,0,0,0,0
5384,Tchagra tchagra,0,0,0,0,0,0,0,0,0,0,0,0,0,0,0,0
5385,Laniarius ruficeps,0,0,0,0,0,0,0,0,0,0,0,0,0,0,0,0
5386,Laniarius luehderi,0,0,0,0,0,0,0,0,0,0,0,0,0,0,0,0
5387,Laniarius brauni,0,0,0,1,0,0,0,0,0,0,0,1,0,0,0,0
5388,Laniarius amboimensis,0,0,0,2,0,0,0,0,0,0,0,1,1,0,0,0
5389,Laniarius turatii,0,0,0,0,0,0,0,0,0,0,0,0,0,0,0,0
5390,Laniarius bicolor,0,0,0,0,0,0,0,0,0,0,0,0,0,0,0,0
5391,Laniarius ferrugineus,0,0,0,0,0,0,0,0,0,0,0,0,0,0,0,0
5392,Laniarius barbarus,0,0,0,0,0,0,0,0,0,0,0,0,0,0,0,0
5393,Laniarius erythrogaster,0,0,0,0,0,0,0,0,0,0,0,0,0,0,0,0
5394,Laniarius atrococcineus,0,0,0,0,0,0,0,0,0,0,0,0,0,0,0,0
5395,Laniarius mufumbiri,1,0,0,2,2,2,0,0,0,0,0,0,0,0,1,0
5396,Laniarius atroflavus,0,0,0,0,0,0,0,0,0,0,0,0,0,0,0,0
5397,Laniarius funebris,0,0,0,0,0,0,0,0,0,0,0,0,0,0,0,0
5398,Laniarius leucorhynchus,0,0,0,0,0,0,0,0,0,0,0,0,0,0,0,0
5399,Laniarius fuelleborni,0,0,0,0,0,0,0,0,0,0,0,0,0,0,0,0
5400,Rhodophoneus cruentus,0,0,0,0,0,0,0,0,0,0,0,0,0,0,0,0
5401,Telophorus zeylonus,0,0,0,0,0,0,0,0,0,0,0,0,0,0,0,0
5402,Chlorophoneus bocagei,0,0,0,0,0,0,0,0,0,0,0,0,0,0,0,0
5403,Chlorophoneus sulfureopectus,0,0,0,0,0,0,0,0,0,0,0,0,0,0,0,0
5404,Chlorophoneus olivaceus,0,0,0,0,0,0,0,0,0,0,0,0,0,0,0,0
5405,Chlorophoneus nigrifrons,0,0,0,0,0,0,0,0,0,0,0,0,0,0,0,0
5406,Chlorophoneus kupeensis,0,0,0,1,0,0,0,0,0,0,0,1,0,0,0,0
5407,Telophorus dohertyi,0,0,0,0,0,0,0,0,0,0,0,0,0,0,0,0
5408,Malaconotus cruentus,0,0,0,0,0,0,0,0,0,0,0,0,0,0,0,0
5409,Malaconotus lagdeni,0,0,0,2,0,0,0,0,0,0,0,2,1,0,0,0
5410,Malaconotus gladiator,0,0,0,2,0,0,0,0,0,0,2,2,0,0,0,0
5411,Malaconotus blanchoti,0,0,0,0,0,0,0,0,0,0,0,0,0,0,0,0
5412,Malaconotus monteiri,0,0,0,2,0,0,0,0,0,0,0,0,0,0,0,0
5413,Malaconotus alius,0,0,0,1,0,0,0,0,0,0,0,2,0,0,0,0
5414,Prionops plumatus,0,0,0,0,0,0,0,0,0,0,0,0,0,0,0,0
5415,Prionops poliolophus,0,0,0,2,0,0,0,0,0,0,2,0,0,0,0,0
5416,Prionops alberti,0,1,0,1,0,0,0,0,0,0,1,0,0,0,0,0
5417,Prionops rufiventris,0,0,0,0,0,0,0,0,0,0,0,0,0,0,0,0
5418,Prionops retzii,0,0,0,0,0,0,0,0,0,0,0,0,0,0,0,0
5419,Prionops gabela,0,0,0,2,0,0,0,0,0,0,0,2,0,0,0,0
5420,Prionops scopifrons,0,0,0,0,0,0,0,0,0,0,0,0,0,0,0,0
5421,Megabyas flammulatus,0,0,0,0,0,0,0,0,0,0,0,0,0,0,0,0
5422,Bias musicus,0,0,0,0,0,0,0,0,0,0,0,0,0,0,0,0
5423,Pseudobias wardi,0,0,0,0,0,0,0,0,0,0,0,0,0,0,0,0
5424,Batis diops,0,0,0,0,0,0,0,0,0,0,0,0,0,0,0,0
5425,Batis margaritae,0,0,0,0,0,0,0,0,0,0,0,0,0,0,0,0
5426,Batis reichenowi,0,0,0,2,0,0,0,0,0,0,0,0,0,0,0,0
5427,Batis dimorpha,0,0,0,0,0,0,0,0,0,0,0,0,0,0,0,0
5428,Batis fratrum,0,0,0,0,0,0,0,0,0,0,0,0,0,0,0,0
5429,Batis molitor,0,0,0,0,0,0,0,0,0,0,0,0,0,0,0,0
5430,Batis soror,0,0,0,0,0,0,0,0,0,0,0,0,0,0,0,0
5431,Batis pririt,0,0,0,0,0,0,0,0,0,0,0,0,0,0,0,0
5432,Batis senegalensis,0,0,0,0,0,0,0,0,0,0,0,0,0,0,0,0
5433,Batis orientalis,0,0,0,0,0,0,0,0,0,0,0,0,0,0,0,0
5434,Batis perkeo,0,0,0,0,0,0,0,0,0,0,0,0,0,0,0,0
5435,Batis minima,0,0,0,2,0,0,0,0,0,0,0,2,0,0,0,0
5436,Batis ituriensis,0,0,0,0,0,0,0,0,0,0,0,0,0,0,0,0
5437,Batis occulta,0,0,0,0,0,0,0,0,0,0,0,0,0,0,0,0
5438,Batis poensis,0,0,0,0,0,0,0,0,0,0,0,0,0,0,0,0
5439,Batis minulla,0,0,0,0,0,0,0,0,0,0,0,0,0,0,0,0
5440,Platysteira cyanea,0,0,0,0,0,0,0,0,0,0,0,0,0,0,0,0
5441,Platysteira laticincta,0,0,0,3,0,3,0,0,0,0,2,1,0,0,0,0
5442,Platysteira albifrons,0,0,0,1,0,0,0,0,0,0,0,1,0,0,0,0
5443,Platysteira peltata,0,0,0,0,0,0,0,0,0,0,0,0,0,0,0,0
5444,Dyaphorophyia tonsa,0,0,0,0,0,0,0,0,0,0,0,0,0,0,0,0
5445,Dyaphorophyia blissetti,0,0,0,0,0,0,0,0,0,0,0,0,0,0,0,0
5446,Dyaphorophyia chalybea,0,0,0,0,0,0,0,0,0,0,0,0,0,0,0,0
5447,Dyaphorophyia jamesoni,0,0,0,0,0,0,0,0,0,0,0,0,0,0,0,0
5448,Philentoma pyrhoptera,0,0,0,0,0,0,0,0,0,0,0,0,0,0,0,0
5449,Philentoma velata,0,0,0,2,0,1,0,0,0,0,0,2,0,0,0,0
5450,Calicalicus madagascariensis,0,0,0,0,0,0,0,0,0,0,0,2,0,0,0,0
5451,Schetba rufa,0,0,0,0,0,0,0,0,0,0,0,0,0,0,0,0
5452,Vanga curvirostris,0,0,0,0,0,0,0,0,0,0,0,0,0,0,0,0
5453,Xenopirostris xenopirostris,0,0,0,2,0,0,0,0,0,0,0,2,0,0,0,0
5454,Xenopirostris damii,0,0,0,2,0,2,0,0,0,0,0,1,0,0,0,0
5455,Xenopirostris polleni,0,0,0,2,0,0,0,0,0,0,0,2,0,0,0,0
5456,Artamella viridis,0,0,0,0,0,0,0,0,0,0,0,0,0,0,0,0
5457,Falculea palliata,0,0,0,2,0,0,0,0,0,0,0,2,0,0,0,0
5458,Leptopterus chabert,0,0,0,0,0,0,0,0,0,0,0,0,0,0,0,0
5459,Oriolia bernieri,0,2,0,2,0,0,0,0,0,0,0,1,0,0,0,0
5460,Euryceros prevostii,0,2,0,2,0,0,0,0,0,0,0,1,0,0,0,0
5461,Hypositta corallirostris,0,0,0,0,0,0,0,0,0,0,0,0,0,0,0,0
5462,Heteralocha acutirostris,0,0,0,0,0,0,0,0,0,0,0,0,0,0,0,0
5463,Chaetops frenatus,0,0,0,0,0,0,0,0,0,0,0,0,0,0,0,0
5464,Chaetops aurantius,0,0,0,0,0,0,0,0,0,0,0,0,0,0,0,0
5465,Picathartes gymnocephalus,0,0,0,1,0,1,0,0,1,1,0,2,1,1,0,1
5466,Picathartes oreas,0,0,0,2,0,0,0,0,1,0,0,2,0,0,0,2
5467,Dulus dominicus,0,0,0,0,0,0,0,0,0,0,0,0,0,0,0,0
5468,Ptiliogonys cinereus,0,0,0,0,0,0,0,0,0,0,0,0,0,0,0,0
5469,Ptiliogonys caudatus,0,0,0,0,0,0,0,0,0,0,0,0,0,0,0,0
5470,Phainopepla nitens,0,0,0,0,0,0,0,0,0,0,0,0,0,0,0,0
5471,Phainoptila melanoxantha,0,0,0,0,0,0,0,0,0,0,0,0,0,0,0,0
5472,Bombycilla garrulus,0,0,0,0,0,0,0,0,0,0,0,0,0,0,0,0
5473,Bombycilla japonica,0,0,0,0,0,0,0,0,2,0,0,1,1,0,0,0
5474,Bombycilla cedrorum,0,0,0,0,0,0,0,0,0,0,0,0,0,0,0,0
5475,Cinclus cinclus,0,0,0,0,0,0,0,0,0,0,0,0,0,0,0,0
5476,Cinclus pallasii,0,0,0,0,0,0,0,0,0,0,0,0,0,0,0,0
5477,Cinclus mexicanus,0,0,0,0,0,0,0,0,0,0,0,0,0,0,0,0
5478,Cinclus leucocephalus,0,0,0,0,0,0,0,0,0,0,0,0,0,0,0,0
5479,Cinclus schulzii,0,0,0,0,0,0,0,0,0,1,1,1,1,0,1,0
5480,Neocossyphus rufus,0,0,0,0,0,0,0,0,0,0,0,0,0,0,0,0
5481,Neocossyphus poensis,0,0,0,0,0,0,0,0,0,0,0,0,0,0,0,0
5482,Monticola sharpei,0,0,0,1,0,1,0,0,0,0,0,1,1,0,0,0
5483,Monticola imerina,0,0,0,0,0,0,0,0,0,0,0,0,0,0,0,0
5484,Monticola rupestris,0,0,0,0,0,0,0,0,0,0,0,0,0,0,0,0
5485,Monticola explorator,0,0,0,0,0,0,0,0,0,0,0,0,0,0,0,0
5486,Monticola brevipes,0,0,0,0,0,0,0,0,0,0,0,0,0,0,0,0
5487,Monticola angolensis,0,0,0,0,0,0,0,0,0,0,0,0,0,0,0,0
5488,Monticola saxatilis,0,0,0,0,0,0,0,0,0,0,0,0,0,0,0,0
5489,Monticola rufocinereus,0,0,0,0,0,0,0,0,0,0,0,0,0,0,0,0
5490,Monticola cinclorhyncha,0,0,0,0,0,0,0,0,0,0,0,0,0,0,0,0
5491,Monticola gularis,0,0,0,0,0,0,0,0,0,0,0,0,0,0,0,0
5492,Monticola rufiventris,0,0,0,0,0,0,0,0,0,0,0,0,0,0,0,0
5493,Monticola solitarius,0,0,0,0,0,0,0,0,0,0,0,0,0,0,0,0
5494,Myophonus blighi,0,0,0,2,0,0,0,0,0,0,0,1,2,1,1,1
5495,Myophonus melanurus,0,0,0,0,0,0,0,0,0,0,0,0,0,0,0,0
5496,Myophonus robinsoni,0,0,0,1,0,0,0,0,0,0,0,0,2,0,2,0
5497,Myophonus horsfieldii,0,0,0,0,0,0,0,0,0,0,0,0,0,0,0,0
5498,Myophonus caeruleus,0,0,0,0,0,0,0,0,0,0,0,0,0,0,0,0
5499,Myophonus insularis,0,0,0,0,0,0,0,0,0,0,0,0,0,0,0,0
5500,Zoothera heinrichi,0,0,0,0,0,0,0,0,0,0,0,0,0,0,0,0
5501,Geokichla schistacea,0,0,0,0,0,0,0,0,0,0,0,1,0,0,0,0
5502,Geokichla dohertyi,0,0,0,0,0,0,0,0,2,0,0,1,0,0,0,0
5503,Geokichla wardii,0,0,0,0,0,0,0,0,0,0,0,0,0,0,0,0
5504,Geokichla cinerea,0,0,0,0,0,0,0,0,2,0,0,2,1,0,0,0
5505,Geokichla peronii,0,0,0,0,0,1,0,0,1,0,0,1,0,0,0,0
5506,Geokichla citrina,0,0,0,0,0,0,0,0,0,0,0,0,0,0,0,0
5507,Zoothera everetti,0,0,0,1,0,1,0,0,0,0,0,1,0,0,0,0
5508,Geokichla sibirica,0,0,0,0,0,0,0,0,0,0,0,0,0,0,0,0
5509,Ixoreus naevius,0,0,0,0,0,0,0,0,0,0,0,0,0,0,0,0
5510,Ridgwayia pinicola,0,0,0,0,0,0,0,0,0,0,0,0,0,0,0,0
5511,Geokichla crossleyi,0,0,0,1,0,0,0,0,0,0,0,1,0,0,0,0
5512,Geokichla gurneyi,0,0,0,0,0,0,0,0,0,0,0,0,0,0,0,0
5513,Geokichla oberlaenderi,0,0,0,2,0,0,0,0,0,0,2,2,0,0,0,0
5514,Geokichla camaronensis,0,0,0,0,0,0,0,0,0,0,0,0,0,0,0,0
5515,Geokichla princei,0,0,0,0,0,0,0,0,0,0,0,0,0,0,0,0
5516,Geokichla guttata,0,1,0,2,0,1,0,0,0,1,0,2,1,0,1,1
5517,Geokichla spiloptera,0,0,0,0,0,0,0,0,0,0,0,0,0,0,0,0
5518,Zoothera andromedae,0,0,0,0,0,0,0,0,0,0,0,0,0,0,0,0
5519,Zoothera dixoni,0,0,0,0,0,0,0,0,0,0,0,0,0,0,0,0
5520,Zoothera major,0,0,0,0,0,0,0,0,0,0,0,2,0,0,0,0
5521,Zoothera machiki,0,0,0,0,0,0,0,0,0,0,0,2,0,0,0,0
5522,Zoothera lunulata,0,0,0,0,0,0,0,0,0,0,0,0,0,0,0,0
5523,Zoothera heinei,0,0,0,0,0,0,0,0,0,0,0,0,0,0,0,0
5524,Zoothera margaretae,0,0,0,0,0,0,0,0,0,0,0,2,0,0,0,0
5525,Zoothera monticola,0,0,0,0,0,0,0,0,0,0,0,0,0,0,0,0
5526,Zoothera marginata,0,0,0,0,0,0,0,0,0,0,0,0,0,0,0,0
5527,Zoothera terrestris,0,0,0,0,0,0,0,0,0,2,0,0,0,0,0,0
5528,Cataponera turdoides,0,0,0,0,0,0,0,0,0,0,0,0,0,0,0,0
5529,Turdus eremita,0,0,0,0,0,0,0,0,0,0,0,0,0,0,0,0
5530,Turdus lherminieri,0,0,0,0,0,0,0,1,1,1,0,1,0,0,0,0
5531,Sialia sialis,0,0,0,0,0,0,0,0,0,0,0,0,0,0,0,0
5532,Sialia mexicana,0,0,0,0,0,0,0,0,0,0,0,0,0,0,0,0
5533,Sialia currucoides,0,0,0,0,0,0,0,0,0,0,0,0,0,0,0,0
5534,Myadestes myadestinus,0,1,0,1,0,0,0,0,0,1,1,0,0,0,0,0
5535,Myadestes woahensis,0,0,0,0,0,0,0,0,0,0,0,0,0,0,0,0
5536,Myadestes lanaiensis,0,0,0,0,0,0,0,0,0,3,0,0,0,0,0,0
5537,Myadestes obscurus,0,0,0,1,0,0,0,0,0,2,1,1,1,0,0,0
5538,Myadestes palmeri,0,2,0,0,0,0,0,0,0,2,0,0,0,0,0,0
5539,Myadestes townsendi,0,0,0,0,0,0,0,0,0,0,0,0,0,0,0,0
5540,Myadestes occidentalis,0,0,0,0,0,0,0,0,0,0,0,0,0,0,0,0
5541,Myadestes elisabeth,0,0,0,1,0,0,0,0,0,0,1,0,0,0,0,0
5542,Myadestes genibarbis,0,0,0,0,0,0,0,0,0,0,0,0,0,0,0,0
5543,Myadestes melanops,0,0,0,1,0,0,0,0,1,0,1,0,0,0,0,0
5544,Myadestes coloratus,0,0,0,0,0,0,0,0,0,0,0,1,0,0,0,0
5545,Myadestes ralloides,0,0,0,0,0,0,0,0,0,0,0,0,0,0,0,0
5546,Myadestes unicolor,0,0,0,0,0,0,0,0,0,0,0,0,0,0,0,0
5547,Entomodestes leucotis,0,0,0,0,0,0,0,0,0,0,0,0,0,0,0,0
5548,Entomodestes coracinus,0,0,0,0,0,0,0,0,0,0,0,0,0,0,0,0
5549,Catharus gracilirostris,0,0,0,0,0,0,0,0,0,0,0,0,0,0,0,0
5550,Catharus aurantiirostris,0,0,0,0,0,0,0,0,0,0,0,0,0,0,0,0
5551,Catharus fuscater,0,0,0,0,0,0,0,0,0,0,0,0,0,0,0,0
5552,Catharus occidentalis,0,0,0,0,0,0,0,0,0,0,0,0,0,0,0,0
5553,Catharus frantzii,0,0,0,0,0,0,0,0,0,0,0,0,0,0,0,0
5554,Catharus mexicanus,0,0,0,0,0,0,0,0,0,0,0,0,0,0,0,0
5555,Catharus fuscescens,0,0,0,0,0,0,0,0,0,0,0,0,0,0,0,0
5556,Catharus minimus,0,0,0,0,0,0,0,0,0,0,0,0,0,0,0,0
5557,Catharus guttatus,0,0,0,0,0,0,0,0,0,0,0,0,0,0,0,0
5558,Hylocichla mustelina,0,0,0,2,0,0,0,0,0,0,1,2,1,0,2,0
5559,Turdus flavipes,0,0,0,0,0,0,0,0,0,0,0,0,0,0,0,0
5560,Turdus leucops,0,0,0,0,0,0,0,0,0,0,0,0,0,0,0,0
5561,Turdus pelios,0,0,0,0,0,0,0,0,0,0,0,0,0,0,0,0
5562,Turdus tephronotus,0,0,0,0,0,0,0,0,0,0,0,0,0,0,0,0
5563,Turdus libonyana,0,0,0,0,0,0,0,0,0,0,0,0,0,0,0,0
5564,Turdus ludoviciae,0,0,0,0,0,0,0,0,0,0,1,1,0,0,0,0
5565,Turdus helleri,0,0,0,3,0,2,0,0,0,2,0,0,0,3,0,0
5566,Turdus menachensis,0,2,0,2,0,0,0,0,0,2,1,1,2,0,0,0
5567,Turdus bewsheri,0,0,0,1,0,0,0,0,0,0,0,1,0,0,0,0
5568,Turdus hortulorum,0,0,0,0,0,0,0,0,0,0,0,0,0,0,0,0
5569,Turdus unicolor,0,0,0,0,0,0,0,0,0,0,0,0,0,0,0,0
5570,Turdus dissimilis,0,0,0,0,0,0,0,0,0,0,0,0,0,0,0,0
5571,Turdus cardis,0,0,0,0,0,0,0,0,0,0,0,0,0,0,0,0
5572,Turdus albocinctus,0,0,0,0,0,0,0,0,0,0,0,0,0,0,0,0
5573,Turdus torquatus,0,0,0,0,0,0,0,0,0,0,0,0,0,0,0,0
5574,Turdus boulboul,0,0,0,0,0,0,0,0,0,0,0,0,0,0,0,0
5575,Turdus rubrocanus,0,0,0,0,0,0,0,0,0,0,0,0,0,0,0,0
5576,Turdus kessleri,0,0,0,0,0,0,0,0,0,0,0,0,0,0,0,0
5577,Turdus feae,0,0,0,2,0,1,0,0,0,0,0,2,0,0,0,0
5578,Turdus obscurus,0,0,0,0,0,0,0,0,0,0,0,0,0,0,0,0
5579,Turdus pallidus,0,0,0,0,0,0,0,0,0,0,0,0,0,0,0,0
5580,Turdus chrysolaus,0,0,0,0,0,0,0,0,0,0,0,0,0,0,0,0
5581,Turdus celaenops,0,0,0,0,0,0,0,2,0,2,0,0,1,1,0,0
5582,Turdus pilaris,0,0,0,0,0,0,0,0,0,0,0,0,0,0,0,0
5583,Turdus iliacus,0,2,0,0,0,0,0,0,1,0,1,0,0,0,0,0
5584,Turdus philomelos,0,0,0,0,0,0,0,0,0,0,0,0,0,0,0,0
5585,Otocichla mupinensis,0,0,0,0,0,0,0,0,0,0,0,0,0,0,0,0
5586,Turdus viscivorus,0,0,0,0,0,0,0,0,0,0,0,0,0,0,0,0
5587,Turdus aurantius,0,0,0,0,0,0,0,0,0,0,0,0,0,0,0,0
5588,Turdus ravidus,0,0,0,0,0,0,0,0,0,0,0,0,0,0,0,0
5589,Turdus nigrescens,0,0,0,0,0,0,0,0,0,0,0,0,0,0,0,0
5590,Turdus fuscater,0,0,0,0,0,0,0,0,0,0,0,0,0,0,0,0
5591,Turdus infuscatus,0,0,0,0,0,0,0,0,0,0,0,0,0,0,0,0
5592,Turdus serranus,0,0,0,0,0,0,0,0,0,0,0,0,0,0,0,0
5593,Turdus nigriceps,0,0,0,0,0,0,0,0,0,0,0,0,0,0,0,0
5594,Turdus subalaris,0,0,0,0,0,0,0,0,0,0,0,0,0,0,0,0
5595,Turdus reevei,0,0,0,0,0,0,0,0,0,0,0,0,0,0,0,0
5596,Turdus olivater,0,0,0,0,0,0,0,0,0,0,0,0,0,0,0,0
5597,Turdus maranonicus,0,0,0,0,0,0,0,0,0,0,0,0,0,0,0,0
5598,Turdus fulviventris,0,0,0,0,0,0,0,0,0,0,0,0,0,0,0,0
5599,Turdus rufiventris,0,0,0,0,0,0,0,0,0,0,0,0,0,0,0,0
5600,Turdus falcklandii,0,0,0,0,0,0,0,0,0,0,0,0,0,0,0,0
5601,Turdus leucomelas,0,0,0,0,0,0,0,0,0,0,0,0,0,0,0,0
5602,Turdus amaurochalinus,0,0,0,0,0,0,0,0,0,0,0,0,0,0,0,0
5603,Turdus plebejus,0,0,0,0,0,0,0,0,0,0,0,0,0,0,0,0
5604,Turdus lawrencii,0,0,0,0,0,0,0,0,0,0,0,0,0,0,0,0
5605,Turdus obsoletus,0,0,0,0,0,0,0,0,0,0,0,0,0,0,0,0
5606,Turdus fumigatus,0,0,0,0,0,0,0,0,0,0,0,0,0,0,0,0
5607,Turdus grayi,0,0,0,0,0,0,0,0,0,0,0,0,0,0,0,0
5608,Turdus nudigenis,0,0,0,0,0,0,0,0,0,0,0,0,0,0,0,0
5609,Turdus maculirostris,0,0,0,0,0,0,0,0,0,0,0,0,0,0,0,0
5610,Turdus haplochrous,0,0,0,2,0,0,0,0,0,0,1,2,0,0,0,0
5611,Turdus jamaicensis,0,0,0,0,0,0,0,0,0,0,0,0,0,0,0,0
5612,Turdus assimilis,0,0,0,0,0,0,0,0,0,0,0,0,0,0,0,0
5613,Turdus albicollis,0,0,0,0,0,0,0,0,0,0,0,0,0,0,0,0
5614,Turdus swalesi,0,0,0,2,0,0,0,0,0,0,0,2,0,0,0,0
5615,Turdus rufitorques,0,0,0,0,0,0,0,0,0,0,0,0,0,0,0,0
5616,Chlamydochaera jefferyi,0,0,0,0,0,0,0,0,0,0,0,0,0,0,0,0
5617,Heteroxenicus stellatus,0,0,0,0,0,0,0,0,0,0,0,0,0,0,0,0
5618,Brachypteryx hyperythra,0,0,0,1,0,0,0,0,0,0,1,1,0,0,0,0
5619,Brachypteryx leucophris,0,0,0,0,0,0,0,0,0,0,0,0,0,0,0,0
5620,Chamaetylas poliocephala,0,0,0,0,0,0,0,0,0,0,0,0,0,0,0,0
5621,Chamaetylas poliophrys,0,0,0,0,0,0,0,0,0,0,0,0,0,0,0,0
5622,Chamaetylas fuelleborni,0,0,0,0,0,0,0,0,0,0,0,0,0,0,0,0
5623,Chamaetylas choloensis,0,0,0,2,0,0,0,0,0,0,0,2,1,0,0,1
5624,Alethe castanea,0,0,0,0,0,0,0,0,0,0,0,0,0,0,0,0
5625,Empidornis semipartitus,0,0,0,0,0,0,0,0,0,0,0,0,0,0,0,0
5626,Agricola pallidus,0,0,0,0,0,0,0,0,0,0,0,0,0,0,0,0
5627,Agricola infuscatus,0,0,0,0,0,0,0,0,0,0,0,0,0,0,0,0
5628,Bradornis mariquensis,0,0,0,0,0,0,0,0,0,0,0,0,0,0,0,0
5629,Bradornis microrhynchus,0,0,0,0,0,0,0,0,0,0,0,0,0,0,0,0
5630,Melaenornis chocolatinus,0,0,0,0,0,0,0,0,0,0,0,0,0,0,0,0
5631,Melaenornis fischeri,0,0,0,0,0,0,0,0,0,0,0,0,0,0,0,0
5632,Melaenornis brunneus,0,0,0,0,0,0,0,0,0,0,0,0,0,0,0,0
5633,Melaenornis edolioides,0,0,0,0,0,0,0,0,0,0,0,0,0,0,0,0
5634,Melaenornis pammelaina,0,0,0,0,0,0,0,0,0,0,0,0,0,0,0,0
5635,Melaenornis ardesiacus,0,0,0,0,0,0,0,0,0,0,0,0,0,0,0,0
5636,Melaenornis annamarulae,0,0,0,2,0,0,0,0,0,0,0,2,1,0,0,0
5637,Fraseria ocreata,0,0,0,0,0,0,0,0,0,0,0,0,0,0,0,0
5638,Fraseria cinerascens,0,0,0,0,0,0,0,0,0,0,0,0,0,0,0,0
5639,Sigelus silens,0,0,0,0,0,0,0,0,0,0,0,0,0,0,0,0
5640,Eumyias additus,0,0,0,1,0,0,0,0,0,0,0,1,0,0,0,0
5641,Cyornis olivaceus,0,0,0,0,0,0,0,0,0,0,0,0,0,0,0,0
5642,Cyornis umbratilis,0,0,0,1,0,1,0,0,0,0,0,1,0,2,0,0
5643,Cyornis ruficauda,0,0,0,0,0,0,0,0,0,0,0,0,0,0,0,0
5644,Vauriella gularis,0,0,0,0,0,0,0,0,0,0,0,0,0,0,0,0
5645,Vauriella insignis,0,0,0,2,0,0,0,0,0,0,2,2,0,0,0,0
5646,Vauriella albigularis,0,0,0,2,0,0,0,0,0,0,0,2,0,0,0,0
5647,Vauriella goodfellowi,0,0,0,0,0,0,0,0,0,0,0,0,0,0,0,0
5648,Muscicapa striata,0,0,0,0,0,0,0,0,0,0,0,0,0,0,0,0
5649,Muscicapa gambagae,0,0,0,0,0,0,0,0,0,0,0,0,0,0,0,0
5650,Muscicapa griseisticta,0,0,0,0,0,0,0,0,0,0,0,0,0,0,0,0
5651,Muscicapa sibirica,0,0,0,0,0,0,0,0,0,0,0,0,0,0,0,0
5652,Muscicapa dauurica,0,0,0,0,0,0,0,0,0,0,0,0,0,0,0,0
5653,Muscicapa randi,0,0,0,2,0,0,0,0,0,0,0,2,1,0,0,0
5654,Muscicapa segregata,0,0,0,1,0,0,0,0,0,0,0,1,0,0,0,0
5655,Ficedula ruficauda,0,0,0,0,0,0,0,0,0,0,0,0,0,0,0,0
5656,Muscicapa muttui,0,0,0,0,0,0,0,0,0,0,0,0,0,0,0,0
5657,Muscicapa ferruginea,0,0,0,0,0,0,0,0,0,0,0,0,0,0,0,0
5658,Artomyias ussheri,0,0,0,0,0,0,0,0,0,0,0,0,0,0,0,0
5659,Artomyias fuliginosa,0,0,0,0,0,0,0,0,0,0,0,0,0,0,0,0
5660,Myopornis boehmi,0,0,0,0,0,0,0,0,0,0,0,0,0,0,0,0
5661,Muscicapa aquatica,0,0,0,0,0,0,0,0,0,0,0,0,0,0,0,0
5662,Fraseria olivascens,0,0,0,0,0,0,0,0,0,0,0,0,0,0,0,0
5663,Fraseria lendu,0,2,0,2,0,1,0,0,0,0,2,1,0,0,0,0
5664,Muscicapa adusta,0,0,0,0,0,0,0,0,0,0,0,0,0,0,0,0
5665,Muscicapa epulata,0,0,0,0,0,0,0,0,0,0,0,0,0,0,0,0
5666,Muscicapa sethsmithi,0,0,0,0,0,0,0,0,0,0,0,0,0,0,0,0
5667,Bradornis comitatus,0,0,0,0,0,0,0,0,0,0,0,0,0,0,0,0
5668,Fraseria tessmanni,0,0,0,2,0,0,0,0,0,0,0,2,0,0,0,0
5669,Muscicapa cassini,0,0,0,0,0,0,0,0,0,0,0,0,0,0,0,0
5670,Fraseria caerulescens,0,0,0,0,0,0,0,0,0,0,0,0,0,0,0,0
5671,Fraseria griseigularis,0,0,0,0,0,0,0,0,0,0,0,0,0,0,0,0
5672,Fraseria plumbea,0,0,0,0,0,0,0,0,0,0,0,0,0,0,0,0
5673,Humblotia flavirostris,0,0,0,1,0,1,0,0,0,1,1,1,2,0,0,0
5674,Ficedula hypoleuca,0,0,0,0,0,0,0,0,0,0,0,0,0,0,0,0
5675,Ficedula albicollis,0,0,0,0,0,0,0,0,0,0,0,0,0,0,0,0
5676,Ficedula semitorquata,0,0,0,0,1,0,0,0,0,0,0,0,1,0,0,0
5677,Ficedula zanthopygia,0,0,0,0,0,0,0,0,0,0,0,0,0,0,0,0
5678,Ficedula mugimaki,0,0,0,0,0,0,0,0,0,0,0,0,0,0,0,0
5679,Ficedula erithacus,0,0,0,0,0,0,0,0,0,0,0,0,0,0,0,0
5680,Ficedula strophiata,0,0,0,0,0,0,0,0,0,0,0,0,0,0,0,0
5681,Ficedula subrubra,0,0,0,1,0,0,0,0,0,0,1,1,0,1,0,0
5682,Anthipes monileger,0,0,0,0,0,0,0,0,0,0,0,0,0,0,0,0
5683,Anthipes solitaris,0,0,0,0,0,0,0,0,0,0,0,0,0,0,0,0
5684,Ficedula rufigula,0,0,0,1,0,1,0,0,0,0,0,1,0,0,0,0
5685,Ficedula buruensis,0,0,0,0,0,0,0,0,0,0,0,0,0,0,0,0
5686,Ficedula basilanica,0,0,0,0,0,0,0,0,0,0,0,2,2,2,0,0
5687,Ficedula henrici,0,0,0,1,0,0,0,0,0,0,0,1,0,0,0,0
5688,Ficedula harterti,0,0,0,0,0,0,0,0,0,0,0,0,0,0,0,0
5689,Ficedula platenae,0,0,0,0,0,0,0,0,0,0,0,2,1,0,0,0
5690,Ficedula crypta,0,0,0,0,0,0,0,0,0,0,0,0,0,0,0,0
5691,Ficedula disposita,0,0,0,1,0,0,0,0,0,0,0,2,0,0,0,0
5692,Ficedula bonthaina,0,0,0,2,0,2,0,0,0,0,0,2,2,2,0,0
5693,Ficedula westermanni,0,0,0,0,0,0,0,0,0,0,0,0,0,0,0,0
5694,Ficedula superciliaris,0,0,0,0,0,0,0,0,0,0,0,0,0,0,0,0
5695,Ficedula tricolor,0,0,0,0,0,0,0,0,0,0,0,0,0,0,0,0
5696,Ficedula sapphira,0,0,0,0,0,0,0,0,0,0,0,0,0,0,0,0
5697,Ficedula nigrorufa,0,0,0,0,1,0,0,0,0,0,0,0,1,0,0,0
5698,Ficedula timorensis,0,0,0,1,0,1,0,0,0,0,2,1,0,0,0,0
5699,Eumyias thalassinus,0,0,0,0,0,0,0,0,0,0,0,0,0,0,0,0
5700,Eumyias sordidus,0,0,0,1,0,1,0,0,0,0,0,1,1,0,0,0
5701,Eumyias panayensis,0,0,0,0,0,0,0,0,0,0,0,0,0,0,0,0
5702,Eumyias albicaudatus,0,0,0,0,0,0,0,0,0,0,0,0,1,0,0,0
5703,Eumyias indigo,0,0,0,1,0,0,0,0,0,0,0,1,0,0,0,0
5704,Niltava grandis,0,0,0,0,0,0,0,0,0,0,0,0,0,0,0,0
5705,Niltava macgrigoriae,0,0,0,0,0,0,0,0,0,0,0,0,0,0,0,0
5706,Niltava davidi,0,0,0,0,0,0,0,0,0,0,0,0,0,0,0,0
5707,Niltava sundara,0,0,0,0,0,0,0,0,0,0,0,0,0,0,0,0
5708,Niltava sumatrana,0,0,0,0,0,0,0,0,0,0,0,0,0,0,0,0
5709,Eumyias sanfordi,0,0,0,1,0,0,0,0,0,0,0,1,0,0,0,0
5710,Eumyias hoevelli,0,0,0,0,0,0,0,0,0,0,0,0,0,0,0,0
5711,Eumyias hyacinthinus,0,0,0,0,0,0,0,0,0,0,0,0,0,0,0,0
5712,Cyornis concretus,0,0,0,0,0,0,0,0,0,0,0,0,0,0,0,0
5713,Cyornis ruckii,0,0,0,2,0,0,0,0,0,0,1,2,0,0,0,0
5714,Cyornis hainanus,0,0,0,0,0,0,0,0,0,0,0,0,0,0,0,0
5715,Cyornis pallidipes,0,0,0,0,0,0,0,0,0,0,0,0,0,0,0,0
5716,Cyornis poliogenys,0,0,0,0,0,0,0,0,0,0,0,0,0,0,0,0
5717,Cyornis unicolor,0,0,0,0,0,0,0,0,0,0,0,0,0,0,0,0
5718,Cyornis lemprieri,0,0,0,1,0,0,0,0,0,0,0,2,0,0,0,0
5719,Cyornis superbus,0,0,0,0,0,0,0,0,0,0,0,0,0,0,0,0
5720,Cyornis caerulatus,0,0,0,2,0,2,0,0,0,0,0,2,0,0,0,0
5721,Cyornis turcosus,0,0,0,2,0,0,0,0,1,0,0,1,1,1,0,0
5722,Cyornis omissus,0,0,0,0,0,0,0,0,0,0,0,0,0,0,0,0
5723,Ficedula hodgsoni,0,0,0,0,0,0,0,0,0,0,0,0,0,0,0,0
5724,Culicicapa ceylonensis,0,0,0,0,0,0,0,0,0,0,0,0,0,0,0,0
5725,Culicicapa helianthea,0,0,0,0,0,0,0,0,0,0,0,0,0,0,0,0
5726,Sylvia dohrni,0,0,0,0,0,0,0,0,0,0,0,0,0,0,0,0
5727,Pogonocichla stellata,0,0,0,0,0,0,0,0,0,0,0,0,0,0,0,0
5728,Swynnertonia swynnertoni,0,1,0,2,0,1,0,0,0,1,0,1,1,0,0,0
5729,Sheppardia cyornithopsis,0,0,0,0,0,0,0,0,0,0,0,0,0,0,0,0
5730,Sheppardia aequatorialis,0,0,0,0,0,0,0,0,0,0,0,0,0,0,0,0
5731,Sheppardia sharpei,0,0,0,0,0,0,0,0,0,0,0,0,0,0,0,0
5732,Sheppardia gunningi,0,0,0,2,0,0,0,0,0,1,0,2,0,0,0,0
5733,Sheppardia gabela,0,0,0,3,0,0,0,0,0,0,0,1,1,0,0,0
5734,Sheppardia montana,0,2,0,1,0,2,0,0,0,0,2,1,0,0,0,0
5735,Sheppardia lowei,0,0,0,0,0,0,0,0,0,0,1,1,0,0,0,0
5736,Erithacus rubecula,0,0,0,0,0,0,0,0,0,0,0,0,0,0,0,0
5737,Larvivora sibilans,0,0,0,0,0,0,0,0,0,0,0,0,0,0,0,0
5738,Luscinia luscinia,0,0,0,0,0,0,0,0,0,0,0,0,0,0,0,0
5739,Luscinia megarhynchos,0,0,0,0,0,0,0,0,0,0,0,0,0,0,0,0
5740,Calliope calliope,0,0,0,0,0,0,0,0,0,0,0,0,0,0,0,0
5741,Luscinia svecica,0,0,0,0,1,0,0,0,0,1,1,0,0,0,0,0
5742,Larvivora ruficeps,0,0,0,2,2,0,0,0,0,0,2,2,0,0,0,0
5743,Calliope obscura,0,0,0,2,0,0,0,0,0,0,2,2,1,0,0,0
5744,Calliope pectardens,0,0,0,1,0,0,0,0,0,0,0,2,0,0,0,0
5745,Larvivora brunnea,0,0,0,0,0,0,0,0,0,0,0,0,0,0,0,0
5746,Larvivora cyane,0,0,0,0,0,0,0,0,0,0,0,0,0,0,0,0
5747,Tarsiger chrysaeus,0,0,0,0,0,0,0,0,0,0,0,0,0,0,0,0
5748,Tarsiger indicus,0,0,0,0,0,0,0,0,0,0,0,0,0,0,0,0
5749,Tarsiger hyperythrus,0,0,0,0,0,0,0,0,0,0,0,0,0,0,0,0
5750,Tarsiger johnstoniae,0,0,0,0,0,0,0,0,0,0,0,0,0,0,0,0
5751,Irania gutturalis,0,0,0,0,0,0,0,0,0,0,0,0,0,0,0,0
5752,Cossyphicula isabellae,0,0,0,0,0,0,0,0,0,0,0,0,0,0,0,0
5753,Cossyphicula roberti,0,0,0,0,0,0,0,0,0,0,0,0,0,0,0,0
5754,Dessonornis archeri,0,0,0,0,0,0,0,0,0,0,0,0,0,0,0,0
5755,Dessonornis caffer,0,0,0,0,0,0,0,0,0,0,0,0,0,0,0,0
5756,Dessonornis humeralis,0,0,0,0,0,0,0,0,0,0,0,0,0,0,0,0
5757,Cossypha cyanocampter,0,0,0,0,0,0,0,0,0,0,0,0,0,0,0,0
5758,Sheppardia polioptera,0,0,0,0,0,0,0,0,0,0,0,0,0,0,0,0
5759,Cossypha semirufa,0,0,0,0,0,0,0,0,0,0,0,0,0,0,0,0
5760,Cossypha heuglini,0,0,0,0,0,0,0,0,0,0,0,0,0,0,0,0
5761,Cossypha natalensis,0,0,0,0,0,0,0,0,0,0,0,0,0,0,0,0
5762,Cossypha dichroa,0,0,0,0,0,0,0,0,0,0,0,0,0,0,0,0
5763,Cossypha heinrichi,0,0,0,2,0,0,0,0,0,0,1,1,0,0,0,0
5764,Cossypha niveicapilla,0,0,0,0,0,0,0,0,0,0,0,0,0,0,0,0
5765,Cossypha albicapillus,0,0,0,0,0,0,0,0,0,0,0,0,0,0,0,0
5766,Xenocopsychus ansorgei,0,0,0,0,0,0,0,0,0,0,0,0,0,0,0,0
5767,Cichladusa arquata,0,0,0,0,0,0,0,0,0,0,0,0,0,0,0,0
5768,Cichladusa ruficauda,0,0,0,0,0,0,0,0,0,0,0,0,0,0,0,0
5769,Cichladusa guttata,0,0,0,0,0,0,0,0,0,0,0,0,0,0,0,0
5770,Tychaedon leucosticta,0,0,0,0,0,0,0,0,0,0,0,0,0,0,0,0
5771,Tychaedon quadrivirgata,0,0,0,0,0,0,0,0,0,0,0,0,0,0,0,0
5772,Tychaedon barbata,0,0,0,0,0,0,0,0,0,0,0,0,0,0,0,0
5773,Tychaedon signata,0,1,0,0,0,0,0,0,0,0,0,0,0,0,0,0
5774,Cercotrichas hartlaubi,0,0,0,0,0,0,0,0,0,0,0,0,0,0,0,0
5775,Cercotrichas leucophrys,0,0,0,0,0,0,0,0,0,0,0,0,0,0,0,0
5776,Cercotrichas galactotes,0,0,0,0,0,0,0,0,0,0,0,0,0,0,0,0
5777,Cercotrichas paena,0,0,0,0,0,0,0,0,0,0,0,0,0,0,0,0
5778,Tychaedon coryphoeus,0,0,0,0,0,0,0,0,0,0,0,0,0,0,0,0
5779,Cercotrichas podobe,0,0,0,0,0,0,0,0,0,0,0,0,0,0,0,0
5780,Namibornis herero,0,2,0,0,0,0,0,0,0,0,0,0,0,0,0,0
5781,Copsychus sechellarum,0,1,0,1,0,0,0,0,1,1,0,0,0,0,0,0
5782,Copsychus niger,0,0,0,0,0,0,0,0,0,0,0,0,0,0,0,0
5783,Copsychus cebuensis,0,0,0,1,0,0,0,0,0,0,0,0,0,0,0,0
5784,Copsychus pyrropygus,0,0,0,2,0,0,0,0,2,0,0,2,0,0,0,0
5785,Copsychus fulicatus,0,0,0,0,0,0,0,0,0,0,0,0,0,0,0,0
5786,Phoenicurus alaschanicus,0,0,0,1,0,0,0,0,0,0,0,1,0,0,0,0
5787,Phoenicurus erythronotus,0,0,0,0,0,0,0,0,0,0,0,0,0,0,0,0
5788,Phoenicurus coeruleocephala,0,0,0,0,0,0,0,0,0,0,0,0,0,0,0,0
5789,Phoenicurus ochruros,0,0,0,0,0,0,0,0,0,0,0,0,0,0,0,0
5790,Phoenicurus phoenicurus,0,0,0,0,0,0,0,0,0,0,0,0,0,0,0,0
5791,Phoenicurus hodgsoni,0,0,0,0,0,0,0,0,0,0,0,0,0,0,0,0
5792,Phoenicurus schisticeps,0,0,0,0,0,0,0,0,0,0,0,0,0,0,0,0
5793,Phoenicurus auroreus,0,0,0,0,0,0,0,0,0,0,0,0,0,0,0,0
5794,Phoenicurus moussieri,0,0,0,0,0,0,0,0,0,0,0,0,0,0,0,0
5795,Phoenicurus erythrogastrus,0,0,0,0,0,0,0,0,0,0,0,0,0,0,0,0
5796,Phoenicurus frontalis,0,0,0,0,0,0,0,0,0,0,0,0,0,0,0,0
5797,Phoenicurus leucocephalus,0,0,0,0,0,0,0,0,0,0,0,0,0,0,0,0
5798,Phoenicurus fuliginosus,0,0,0,0,0,0,0,0,0,0,0,0,0,0,0,0
5799,Phoenicurus bicolor,0,0,0,2,0,0,0,0,0,0,0,2,2,0,2,0
5800,Luscinia phaenicuroides,0,0,0,0,0,0,0,0,0,0,0,0,0,0,0,0
5801,Myiomela diana,0,0,0,0,0,0,0,0,0,0,0,0,0,0,0,0
5802,Cinclidium frontale,0,0,0,0,0,0,0,0,0,0,0,0,0,0,0,0
5803,Grandala coelicolor,0,0,0,0,0,0,0,0,0,0,0,0,0,0,0,0
5804,Enicurus scouleri,0,0,0,0,0,0,0,0,0,0,0,0,0,0,0,0
5805,Enicurus velatus,0,0,0,0,0,0,0,0,0,0,0,0,0,0,0,0
5806,Enicurus ruficapillus,0,0,0,1,0,1,0,0,0,0,0,2,0,0,0,0
5807,Enicurus immaculatus,0,0,0,0,0,0,0,0,0,0,0,0,0,0,0,0
5808,Enicurus schistaceus,0,0,0,0,0,0,0,0,0,0,0,0,0,0,0,0
5809,Enicurus leschenaulti,0,0,0,0,0,0,0,0,0,0,0,0,0,0,0,0
5810,Enicurus maculatus,0,0,0,0,0,0,0,0,0,0,0,0,0,0,0,0
5811,Cochoa purpurea,0,0,0,0,0,0,0,0,0,0,0,0,0,0,0,0
5812,Cochoa viridis,0,0,0,0,0,0,0,0,0,0,0,0,0,0,0,0
5813,Cochoa beccarii,0,0,0,1,0,0,0,0,1,0,0,1,0,0,0,0
5814,Cochoa azurea,0,0,0,1,0,0,0,0,1,0,1,0,1,0,0,0
5815,Saxicola rubetra,0,0,0,0,0,0,0,0,0,0,0,0,0,0,0,0
5816,Saxicola macrorhynchus,0,0,0,2,1,0,0,0,0,0,1,0,0,0,2,0
5817,Saxicola insignis,0,2,0,2,0,2,0,0,0,0,2,1,0,0,0,0
5818,Saxicola dacotiae,0,0,0,0,0,0,0,0,0,2,0,0,1,0,0,0
5819,Saxicola torquatus,0,1,0,1,0,1,0,0,0,0,0,0,0,0,0,1
5820,Saxicola tectes,0,0,0,0,0,0,0,0,0,0,0,0,0,0,0,0
5821,Saxicola leucurus,0,0,0,0,0,0,0,0,0,0,0,0,0,0,0,0
5822,Saxicola caprata,0,0,0,0,0,0,0,0,0,0,0,0,0,0,0,0
5823,Saxicola jerdoni,0,0,0,0,0,0,0,0,0,0,0,0,0,0,0,0
5824,Saxicola ferreus,0,0,0,0,0,0,0,0,0,0,0,0,0,0,0,0
5825,Saxicola gutturalis,0,0,0,0,0,0,0,0,0,0,0,1,0,1,0,0
5826,Campicoloides bifasciatus,0,0,0,0,0,0,0,0,0,0,0,0,0,0,0,0
5827,Oenanthe leucopyga,0,0,0,0,0,0,0,0,0,0,0,0,0,0,0,0
5828,Oenanthe monacha,0,0,0,0,0,0,0,0,0,0,0,0,0,0,0,0
5829,Oenanthe albonigra,0,0,0,0,0,0,0,0,0,0,0,0,0,0,0,0
5830,Oenanthe leucura,0,0,0,0,0,0,0,0,0,0,0,0,0,0,0,0
5831,Myrmecocichla monticola,0,0,0,0,0,0,0,0,0,0,0,0,0,0,0,0
5832,Oenanthe phillipsi,0,0,0,0,0,0,0,0,0,0,0,0,0,0,0,0
5833,Oenanthe lugentoides,0,0,0,0,0,0,0,0,0,0,0,0,0,0,0,0
5834,Oenanthe lugubris,0,0,0,0,0,0,0,0,0,0,0,0,0,0,0,0
5835,Oenanthe finschii,0,0,0,0,0,0,0,0,0,0,0,0,0,0,0,0
5836,Oenanthe picata,0,0,0,0,0,0,0,0,0,0,0,0,0,0,0,0
5837,Oenanthe moesta,0,0,0,0,0,0,0,0,0,0,0,0,0,0,0,0
5838,Oenanthe hispanica,0,0,0,0,0,0,0,0,0,0,0,0,0,0,0,0
5839,Oenanthe pleschanka,0,0,0,0,0,0,0,0,0,0,0,0,0,0,0,0
5840,Oenanthe cypriaca,0,0,0,0,0,0,0,0,0,0,0,0,0,0,0,0
5841,Oenanthe deserti,0,0,0,0,0,0,0,0,0,0,0,0,0,0,0,0
5842,Oenanthe pileata,0,0,0,0,0,0,0,0,0,0,0,0,0,0,0,0
5843,Oenanthe isabellina,0,0,0,0,0,0,0,0,0,0,0,0,0,0,0,0
5844,Oenanthe heuglinii,0,0,0,0,0,0,0,0,0,0,0,0,0,0,0,0
5845,Emarginata sinuata,0,0,0,0,0,0,0,0,0,0,0,0,0,0,0,0
5846,Emarginata schlegelii,0,0,0,0,0,0,0,0,0,0,0,0,0,0,0,0
5847,Emarginata tractrac,0,0,0,0,0,0,0,0,0,0,0,0,0,0,0,0
5848,Oenanthe familiaris,0,0,0,0,0,0,0,0,0,0,0,0,0,0,0,0
5849,Oenanthe scotocerca,0,0,0,0,0,0,0,0,0,0,0,0,0,0,0,0
5850,Oenanthe fusca,0,0,0,0,0,0,0,0,0,0,0,0,0,0,0,0
5851,Oenanthe dubia,0,0,0,0,0,0,0,0,0,0,0,0,0,0,0,0
5852,Oenanthe melanura,0,0,0,0,0,0,0,0,0,0,0,0,0,0,0,0
5853,Pinarochroa sordida,0,0,0,0,0,0,0,0,0,0,0,0,0,0,0,0
5854,Myrmecocichla tholloni,0,0,0,0,0,0,0,0,0,0,0,0,0,0,0,0
5855,Myrmecocichla aethiops,0,0,0,0,0,0,0,0,0,0,0,0,0,0,0,0
5856,Myrmecocichla formicivora,0,0,0,0,0,0,0,0,0,0,0,0,0,0,0,0
5857,Myrmecocichla nigra,0,0,0,0,0,0,0,0,0,0,0,0,0,0,0,0
5858,Myrmecocichla melaena,0,0,0,0,0,0,0,0,0,0,0,0,0,0,0,0
5859,Oenanthe albifrons,0,0,0,0,0,0,0,0,0,0,0,0,0,0,0,0
5860,Myrmecocichla arnotti,0,0,0,0,0,0,0,0,0,0,0,0,0,0,0,0
5861,Thamnolaea cinnamomeiventris,0,0,0,0,0,0,0,0,0,0,0,0,0,0,0,0
5862,Monticola semirufus,0,0,0,0,0,0,0,0,0,0,0,0,0,0,0,0
5863,Pinarornis plumosus,0,0,0,0,0,0,0,0,0,0,0,0,0,0,0,0
5864,Aplonis zelandica,0,0,0,0,0,0,0,0,0,0,0,1,0,0,0,0
5865,Aplonis santovestris,0,0,0,1,0,0,0,0,1,1,0,0,0,0,0,0
5866,Aplonis pelzelni,0,0,0,0,0,0,0,0,0,0,0,0,0,0,0,0
5867,Aplonis atrifusca,0,0,0,0,0,0,0,0,0,0,0,0,0,0,0,0
5868,Aplonis corvina,0,0,0,0,0,0,0,0,0,1,0,0,0,0,0,0
5869,Aplonis mavornata,0,0,0,0,0,0,0,0,0,1,0,0,0,0,0,0
5870,Aplonis cinerascens,0,1,0,1,0,0,0,0,0,1,0,0,1,0,0,0
5871,Aplonis tabuensis,0,0,0,0,0,0,0,0,0,0,0,0,0,0,0,0
5872,Aplonis striata,0,0,0,0,0,0,0,0,0,0,0,0,0,0,0,0
5873,Aplonis fusca,0,0,0,0,0,0,0,0,0,1,0,0,0,0,0,0
5874,Aplonis opaca,0,0,0,0,0,0,0,0,0,0,0,0,0,0,0,0
5875,Aplonis crassa,0,0,0,1,0,0,0,0,0,0,0,1,0,0,0,0
5876,Aplonis cantoroides,0,0,0,0,0,0,0,0,0,0,0,0,0,0,0,0
5877,Aplonis feadensis,0,0,0,0,0,0,0,0,0,0,0,0,0,1,0,0
5878,Aplonis insularis,0,0,0,0,0,0,0,0,0,0,0,0,0,0,0,0
5879,Aplonis grandis,0,0,0,0,0,0,0,0,0,0,0,0,0,0,0,0
5880,Aplonis dichroa,0,0,0,0,0,0,0,0,0,0,0,0,0,0,0,0
5881,Aplonis mysolensis,0,0,0,0,0,0,0,0,0,0,0,0,0,0,0,0
5882,Aplonis minor,0,0,0,0,0,0,0,0,0,0,0,0,0,0,0,0
5883,Aplonis panayensis,0,0,0,0,0,0,0,0,0,0,0,0,0,0,0,0
5884,Aplonis magna,0,0,0,0,0,0,0,0,0,0,0,0,0,0,0,0
5885,Aplonis mystacea,0,0,0,1,0,0,0,0,1,0,0,1,0,0,0,0
5886,Aplonis brunneicapillus,0,0,0,1,0,0,0,0,2,0,0,2,0,0,0,0
5887,Poeoptera stuhlmanni,0,0,0,0,0,0,0,0,0,0,0,0,0,0,0,0
5888,Poeoptera kenricki,0,0,0,0,0,0,0,0,0,0,0,0,0,0,0,0
5889,Poeoptera lugubris,0,0,0,0,0,0,0,0,0,0,0,0,0,0,0,0
5890,Grafisia torquata,0,0,0,0,0,0,0,0,0,0,0,0,0,0,0,0
5891,Onychognathus walleri,0,0,0,0,0,0,0,0,0,0,0,0,0,0,0,0
5892,Onychognathus nabouroup,0,0,0,0,0,0,0,0,0,0,0,0,0,0,0,0
5893,Onychognathus tristramii,0,0,0,0,0,0,0,0,0,0,0,0,0,0,0,0
5894,Onychognathus blythii,0,0,0,0,0,0,0,0,0,0,0,0,0,0,0,0
5895,Onychognathus frater,0,0,0,0,0,0,0,0,0,0,0,0,0,0,0,0
5896,Onychognathus fulgidus,0,0,0,0,0,0,0,0,0,0,0,0,0,0,0,0
5897,Onychognathus tenuirostris,0,0,0,0,0,0,0,0,0,0,0,0,0,0,0,0
5898,Onychognathus albirostris,0,0,0,0,0,0,0,0,0,0,0,0,0,0,0,0
5899,Onychognathus salvadorii,0,0,0,0,0,0,0,0,0,0,0,0,0,0,0,0
5900,Lamprotornis iris,0,0,0,0,0,0,0,0,0,0,0,0,1,0,0,0
5901,Hylopsar cupreocauda,0,0,0,2,0,0,0,0,0,0,0,2,0,0,0,0
5902,Hylopsar purpureiceps,0,0,0,0,0,0,0,0,0,0,0,0,0,0,0,0
5903,Notopholia corusca,0,0,0,0,0,0,0,0,0,0,0,0,0,0,0,0
5904,Lamprotornis purpureus,0,0,0,0,0,0,0,0,0,0,0,0,0,0,0,0
5905,Lamprotornis nitens,0,0,0,0,0,0,0,0,0,0,0,0,0,0,0,0
5906,Lamprotornis chalcurus,0,0,0,0,0,0,0,0,0,0,0,0,0,0,0,0
5907,Lamprotornis chalybaeus,0,0,0,0,0,0,0,0,0,0,0,0,0,0,0,0
5908,Lamprotornis acuticaudus,0,0,0,0,0,0,0,0,0,0,0,0,0,0,0,0
5909,Lamprotornis splendidus,0,0,0,0,0,0,0,0,0,0,0,0,0,0,0,0
5910,Lamprotornis ornatus,0,0,0,0,0,0,0,0,0,0,0,0,0,0,0,0
5911,Lamprotornis australis,0,0,0,0,0,0,0,0,0,0,0,0,0,0,0,0
5912,Lamprotornis caudatus,0,0,0,0,0,0,0,0,0,0,0,0,0,0,0,0
5913,Lamprotornis purpuroptera,0,0,0,0,0,0,0,0,0,0,0,0,0,0,0,0
5914,Lamprotornis superbus,0,0,0,0,0,0,0,0,0,0,0,0,0,0,0,0
5915,Lamprotornis pulcher,0,0,0,0,0,0,0,0,0,0,0,0,0,0,0,0
5916,Lamprotornis shelleyi,0,0,0,0,0,0,0,0,0,0,0,0,0,0,0,0
5917,Lamprotornis hildebrandti,0,0,0,0,0,0,0,0,0,0,0,0,0,0,0,0
5918,Pholia sharpii,0,0,0,0,0,0,0,0,0,0,0,0,0,0,0,0
5919,Arizelopsar femoralis,0,0,0,2,0,2,0,0,0,1,0,2,0,0,0,0
5920,Cinnyricinclus leucogaster,0,0,0,0,0,0,0,0,0,0,0,0,0,0,0,0
5921,Speculipastor bicolor,0,0,0,0,0,0,0,0,0,0,0,0,0,0,0,0
5922,Neocichla gutturalis,0,0,0,0,0,0,0,0,0,0,0,0,0,0,0,0
5923,Lamprotornis fischeri,0,0,0,0,0,0,0,0,0,0,0,0,0,0,0,0
5924,Lamprotornis bicolor,0,0,0,0,0,0,0,0,0,0,0,0,0,0,0,0
5925,Lamprotornis albicapillus,0,0,0,0,0,0,0,0,0,0,0,0,0,0,0,0
5926,Lamprotornis regius,0,0,0,0,0,0,0,0,0,0,0,0,0,0,0,0
5927,Lamprotornis unicolor,0,0,0,0,0,0,0,0,0,0,0,0,0,0,0,0
5928,Hartlaubius auratus,0,0,0,0,0,0,0,0,0,0,0,0,0,0,0,0
5929,Saroglossa spilopterus,0,0,0,0,0,0,0,0,0,0,0,0,0,0,0,0
5930,Creatophora cinerea,0,0,0,0,0,0,0,0,0,0,0,0,0,0,0,0
5931,Necropsar rodericanus,0,0,0,0,0,0,0,0,0,0,0,0,0,0,0,0
5932,Fregilupus varius,0,0,0,0,0,0,0,0,0,1,0,0,0,0,0,0
5933,Sturnornis albofrontatus,0,0,0,1,0,1,0,0,0,0,0,2,1,1,0,0
5934,Sturnia malabarica,0,0,0,0,0,0,0,0,0,0,0,0,0,0,0,0
5935,Sturnia erythropygia,0,0,0,0,0,0,0,0,0,0,0,0,0,0,0,0
5936,Sturnia pagodarum,0,0,0,0,0,0,0,0,0,0,0,0,0,0,0,0
5937,Spodiopsar sericeus,0,0,0,0,0,0,0,0,0,0,0,0,0,0,0,0
5938,Agropsar sturninus,0,0,0,0,0,0,0,0,0,0,0,0,0,0,0,0
5939,Agropsar philippensis,0,0,0,0,0,0,0,0,0,0,0,0,0,0,0,0
5940,Sturnia sinensis,0,0,0,0,0,0,0,0,0,0,0,0,0,0,0,0
5941,Pastor roseus,0,0,0,0,0,0,0,0,0,0,0,0,0,0,0,0
5942,Sturnus vulgaris,0,0,0,0,0,0,0,0,0,0,1,0,0,0,0,0
5943,Sturnus unicolor,0,0,0,0,0,0,0,0,0,0,0,0,0,0,0,0
5944,Spodiopsar cineraceus,0,0,0,0,0,0,0,0,0,0,0,0,0,0,0,0
5945,Gracupica nigricollis,0,0,0,0,0,0,0,0,0,0,0,0,0,0,0,0
5946,Acridotheres melanopterus,0,0,0,0,0,0,0,0,2,0,0,0,0,0,1,0
5947,Leucopsar rothschildi,0,0,0,2,0,0,0,0,3,0,0,0,2,2,0,0
5948,Acridotheres tristis,0,0,0,0,0,0,0,0,0,0,0,0,0,0,0,0
5949,Acridotheres ginginianus,0,0,0,0,0,0,0,0,0,0,0,0,0,0,0,0
5950,Acridotheres fuscus,0,0,0,0,0,0,0,0,0,0,0,0,0,0,0,0
5951,Acridotheres cinereus,0,0,0,0,0,0,0,0,3,0,0,0,0,0,0,0
5952,Acridotheres albocinctus,0,0,0,0,0,0,0,0,0,0,0,0,0,0,0,0
5953,Acridotheres cristatellus,0,0,0,0,0,0,0,0,0,0,0,0,0,0,0,0
5954,Ampeliceps coronatus,0,0,0,0,0,0,0,0,0,0,0,0,0,0,0,0
5955,Mino anais,0,0,0,0,0,0,0,0,0,0,0,0,0,0,0,0
5956,Basilornis celebensis,0,0,0,0,0,0,0,0,0,0,0,0,0,0,0,0
5957,Basilornis galeatus,0,0,0,1,0,0,1,0,0,0,0,1,0,0,0,0
5958,Basilornis corythaix,0,0,0,0,0,0,0,0,0,0,0,0,0,0,0,0
5959,Goodfellowia miranda,0,0,0,1,0,0,0,0,0,0,0,1,0,0,0,0
5960,Streptocitta albertinae,0,0,0,1,0,0,0,0,0,0,0,1,0,0,0,0
5961,Sarcops calvus,0,0,0,0,0,0,0,0,0,0,0,0,0,0,0,0
5962,Gracula ptilogenys,0,0,0,1,0,1,0,0,1,0,0,1,1,0,0,0
5963,Enodes erythrophris,0,0,0,0,0,0,0,0,0,0,0,0,0,0,0,0
5964,Scissirostrum dubium,0,0,0,0,0,0,0,0,1,0,0,2,0,0,0,0
5965,Buphagus africanus,0,0,0,0,0,0,0,0,0,0,0,0,0,0,0,0
5966,Buphagus erythrorynchus,0,0,0,0,0,0,0,0,0,0,0,0,0,0,0,0
5967,Dumetella carolinensis,0,0,0,0,0,0,0,0,0,0,0,0,0,0,0,0
5968,Melanoptila glabrirostris,0,1,0,2,0,0,0,0,0,1,0,0,2,0,0,0
5969,Melanotis caerulescens,0,0,0,0,0,0,0,0,0,0,0,0,0,0,0,0
5970,Melanotis hypoleucus,0,0,0,0,0,0,0,0,0,0,0,0,0,0,0,0
5971,Mimus polyglottos,0,0,0,0,0,0,0,0,0,0,0,0,0,0,0,0
5972,Mimus gilvus,0,0,0,0,0,0,0,0,0,0,0,0,0,0,0,0
5973,Mimus gundlachii,0,0,0,0,0,0,0,0,0,0,0,0,0,0,0,0
5974,Mimus saturninus,0,0,0,0,0,0,0,0,0,0,0,0,0,0,0,0
5975,Mimus patagonicus,0,0,0,0,0,0,0,0,0,0,0,0,0,0,0,0
5976,Mimus dorsalis,0,0,0,0,0,0,0,0,0,0,0,0,0,0,0,0
5977,Mimus triurus,0,0,0,0,0,0,0,0,0,0,0,0,0,0,0,0
5978,Mimus longicaudatus,0,0,0,0,0,0,0,0,0,0,0,0,0,0,0,0
5979,Mimus thenca,0,0,0,0,0,0,0,0,0,0,0,0,0,0,0,0
5980,Mimus parvulus,0,0,0,0,0,0,0,0,0,0,0,0,0,0,0,0
5981,Mimus trifasciatus,0,2,0,0,0,0,0,0,0,2,0,0,0,0,0,0
5982,Mimus macdonaldi,0,2,0,0,0,0,0,0,0,2,0,0,0,0,0,0
5983,Mimus melanotis,0,0,0,0,0,0,0,0,0,1,0,0,1,0,0,0
5984,Mimus graysoni,0,0,0,0,0,0,0,0,0,2,0,0,1,0,0,0
5985,Oreoscoptes montanus,0,0,0,0,0,0,0,0,0,0,0,0,0,0,0,0
5986,Toxostoma rufum,0,0,0,0,0,0,0,0,0,0,0,0,0,0,0,0
5987,Toxostoma longirostre,0,0,0,0,0,0,0,0,0,0,0,0,0,0,0,0
5988,Toxostoma guttatum,0,3,0,0,0,0,0,0,0,2,0,0,1,0,0,0
5989,Toxostoma bendirei,0,1,0,1,0,0,0,0,0,0,0,0,1,0,0,0
5990,Toxostoma cinereum,0,0,0,0,0,0,0,0,0,0,0,0,0,0,0,0
5991,Toxostoma curvirostre,0,0,0,0,0,0,0,0,0,0,0,0,0,0,0,0
5992,Toxostoma ocellatum,0,0,0,0,0,0,0,0,0,0,0,0,0,0,0,0
5993,Toxostoma lecontei,0,0,0,0,0,0,0,0,0,0,0,0,0,0,0,0
5994,Toxostoma redivivum,0,0,0,0,0,0,0,0,0,0,0,0,0,0,0,0
5995,Toxostoma crissale,0,0,0,0,0,0,0,0,0,0,0,0,0,0,0,0
5996,Cinclocerthia ruficauda,0,0,0,0,0,0,0,0,0,0,0,0,0,0,0,0
5997,Cinclocerthia gutturalis,0,0,0,0,0,0,0,0,0,0,0,0,0,0,0,0
5998,Ramphocinclus brachyurus,0,2,0,2,0,0,0,0,0,2,1,1,2,0,1,0
5999,Allenia fusca,0,0,0,0,0,0,0,0,0,0,0,0,0,0,0,0
6000,Margarops fuscatus,0,0,0,0,0,0,0,0,0,0,0,0,0,0,0,0
6001,Sitta nagaensis,0,0,0,0,0,0,0,0,0,0,0,0,0,0,0,0
6002,Sitta cashmirensis,0,0,0,0,0,0,0,0,0,0,0,0,0,0,0,0
6003,Sitta himalayensis,0,0,0,0,0,0,0,0,0,0,0,0,0,0,0,0
6004,Sitta victoriae,0,0,0,2,0,0,0,0,2,0,0,1,0,0,0,0
6005,Sitta pygmaea,0,0,0,0,0,0,0,0,0,0,0,0,0,0,0,0
6006,Sitta whiteheadi,0,1,0,0,0,2,0,0,0,0,0,2,0,0,0,0
6007,Sitta ledanti,0,0,0,0,0,0,0,0,0,0,1,1,1,0,0,0
6008,Sitta krueperi,0,0,0,0,0,0,0,0,0,0,0,0,1,1,0,0
6009,Sitta villosa,0,0,0,0,0,0,0,0,0,0,0,0,0,0,0,0
6010,Sitta yunnanensis,0,0,0,0,0,0,0,0,0,0,0,2,0,0,0,0
6011,Sitta canadensis,0,0,0,0,0,0,0,0,0,0,0,0,0,0,0,0
6012,Sitta carolinensis,0,0,0,0,0,0,0,0,0,0,0,0,0,0,0,0
6013,Sitta neumayer,0,0,0,0,0,0,0,0,0,0,0,0,0,0,0,0
6014,Sitta tephronota,0,0,0,0,0,0,0,0,0,0,0,0,0,0,0,0
6015,Sitta frontalis,0,0,0,0,0,0,0,0,0,0,0,0,0,0,0,0
6016,Sitta solangiae,0,0,0,2,0,0,0,0,0,0,0,2,0,0,0,0
6017,Sitta oenochlamys,0,0,0,0,0,0,0,0,0,0,0,0,0,0,0,0
6018,Sitta azurea,0,0,0,0,0,0,0,0,0,0,0,0,0,0,0,0
6019,Sitta magna,0,1,0,2,0,1,0,0,1,0,0,2,0,0,0,0
6020,Sitta formosa,0,0,0,2,0,1,0,0,1,0,1,2,0,0,0,0
6021,Tichodroma muraria,0,0,0,0,0,0,0,0,0,0,0,0,0,0,0,0
6022,Certhia americana,0,0,0,0,0,0,0,0,0,0,0,0,0,0,0,0
6023,Certhia brachydactyla,0,0,0,0,0,0,0,0,0,0,0,0,0,0,0,0
6024,Certhia himalayana,0,0,0,0,0,0,0,0,0,0,0,0,0,0,0,0
6025,Certhia nipalensis,0,0,0,0,0,0,0,0,0,0,0,0,0,0,0,0
6026,Donacobius atricapilla,0,0,0,0,0,0,0,0,0,0,0,0,0,0,0,0
6027,Campylorhynchus gularis,0,0,0,0,0,0,0,0,0,0,0,0,0,0,0,0
6028,Campylorhynchus brunneicapillus,0,0,0,0,0,0,0,0,0,0,0,0,0,0,0,0
6029,Campylorhynchus jocosus,0,0,0,0,0,0,0,0,0,0,0,0,0,0,0,0
6030,Campylorhynchus yucatanicus,0,0,0,0,0,0,0,0,0,0,0,0,1,0,0,0
6031,Campylorhynchus chiapensis,0,0,0,0,0,0,0,0,0,0,0,0,0,0,0,0
6032,Campylorhynchus griseus,0,0,0,0,0,0,0,0,0,0,0,0,0,0,0,0
6033,Campylorhynchus turdinus,0,0,0,0,0,0,0,0,0,0,0,0,0,0,0,0
6034,Campylorhynchus megalopterus,0,0,0,0,0,0,0,0,0,0,0,0,0,0,0,0
6035,Campylorhynchus zonatus,0,0,0,0,0,0,0,0,0,0,0,0,0,0,0,0
6036,Campylorhynchus albobrunneus,0,0,0,0,0,0,0,0,0,0,0,0,0,0,0,0
6037,Campylorhynchus nuchalis,0,0,0,0,0,0,0,0,0,0,0,0,0,0,0,0
6038,Campylorhynchus fasciatus,0,0,0,0,0,0,0,0,0,0,0,0,0,0,0,0
6039,Odontorchilus branickii,0,0,0,0,0,0,0,0,0,0,0,0,0,0,0,0
6040,Odontorchilus cinereus,0,0,0,2,0,0,0,0,0,0,2,2,1,0,0,0
6041,Salpinctes obsoletus,0,0,0,0,0,0,0,0,0,0,0,0,0,0,0,0
6042,Catherpes mexicanus,0,0,0,0,0,0,0,0,0,0,0,0,0,0,0,0
6043,Hylorchilus sumichrasti,0,0,0,1,1,0,0,0,0,0,1,0,2,0,0,0
6044,Hylorchilus navai,0,0,0,0,0,0,0,0,0,0,2,2,1,0,0,0
6045,Cinnycerthia unirufa,0,0,0,0,0,0,0,0,0,0,0,0,0,0,0,0
6046,Cistothorus apolinari,0,0,0,0,2,0,0,0,0,2,2,0,1,0,1,1
6047,Cistothorus meridae,0,0,0,0,0,0,0,0,0,0,0,0,0,0,0,0
6048,Cistothorus palustris,0,0,0,0,0,0,0,0,0,0,0,0,0,0,0,0
6049,Thryomanes bewickii,0,0,0,0,0,0,0,0,0,0,0,0,0,0,0,0
6050,Troglodytes sissonii,0,0,0,0,0,0,0,0,0,2,0,0,0,0,0,0
6051,Ferminia cerverai,0,0,0,2,0,2,0,0,0,0,0,0,0,0,0,0
6052,Pheugopedius atrogularis,0,0,0,0,0,0,0,0,0,0,0,0,0,0,0,0
6053,Pheugopedius spadix,0,0,0,0,0,0,0,0,0,0,0,0,0,0,0,0
6054,Pheugopedius fasciatoventris,0,0,0,0,0,0,0,0,0,0,0,0,0,0,0,0
6055,Pheugopedius eisenmanni,0,0,0,0,0,0,0,0,0,0,0,0,0,0,0,0
6056,Pheugopedius mystacalis,0,0,0,0,0,0,0,0,0,0,0,0,0,0,0,0
6057,Pheugopedius genibarbis,0,0,0,0,0,0,0,0,0,0,0,0,0,0,0,0
6058,Pheugopedius coraya,0,0,0,0,0,0,0,0,0,0,0,0,0,0,0,0
6059,Pheugopedius felix,0,0,0,0,0,0,0,0,0,0,0,0,0,0,0,0
6060,Pheugopedius maculipectus,0,0,0,0,0,0,0,0,0,0,0,0,0,0,0,0
6061,Pheugopedius rutilus,0,0,0,0,0,0,0,0,0,0,0,0,0,0,0,0
6062,Cantorchilus semibadius,0,0,0,0,0,0,0,0,0,0,0,0,0,0,0,0
6063,Cantorchilus nigricapillus,0,0,0,0,0,0,0,0,0,0,0,0,0,0,0,0
6064,Cantorchilus thoracicus,0,0,0,0,0,0,0,0,0,0,0,0,0,0,0,0
6065,Cantorchilus leucopogon,0,0,0,0,0,0,0,0,0,0,0,0,0,0,0,0
6066,Thryophilus pleurostictus,0,0,0,0,0,0,0,0,0,0,0,0,0,0,0,0
6067,Thryophilus rufalbus,0,0,0,0,0,0,0,0,0,0,0,0,0,0,0,0
6068,Thryophilus nicefori,0,0,0,2,2,1,0,0,0,0,2,1,0,0,0,0
6069,Thryophilus sinaloa,0,0,0,0,0,0,0,0,0,0,0,0,0,0,0,0
6070,Cantorchilus leucotis,0,0,0,0,0,0,0,0,0,0,0,0,0,0,0,0
6071,Cantorchilus superciliaris,0,0,0,0,0,0,0,0,0,0,0,0,0,0,0,0
6072,Cantorchilus guarayanus,0,0,0,0,0,0,0,0,0,0,0,0,0,0,0,0
6073,Cantorchilus longirostris,0,0,0,0,0,0,0,0,0,0,0,0,0,0,0,0
6074,Cantorchilus griseus,0,0,0,0,0,0,0,0,0,0,0,0,0,0,0,0
6075,Troglodytes tanneri,0,3,0,0,0,2,0,0,0,2,0,0,0,0,0,0
6076,Troglodytes rufociliatus,0,0,0,0,0,0,0,0,0,0,0,0,0,0,0,0
6077,Troglodytes ochraceus,0,0,0,0,0,0,0,0,0,0,0,0,0,0,0,0
6078,Troglodytes monticola,0,0,0,0,0,2,0,0,0,0,2,2,0,0,0,0
6079,Troglodytes solstitialis,0,0,0,0,0,0,0,0,0,0,0,0,0,0,0,0
6080,Troglodytes rufulus,0,0,0,0,0,0,0,0,0,0,0,0,0,0,0,0
6081,Thryorchilus browni,0,0,0,0,0,0,0,0,0,0,0,0,0,0,0,0
6082,Uropsila leucogastra,0,0,0,0,0,0,0,0,0,0,0,0,0,0,0,0
6083,Henicorhina leucosticta,0,0,0,0,0,0,0,0,0,0,0,0,0,0,0,0
6084,Henicorhina leucoptera,0,0,0,1,0,1,0,0,0,0,1,0,0,0,0,0
6085,Microcerculus philomela,0,0,0,0,0,0,0,0,0,0,0,0,0,0,0,0
6086,Microcerculus marginatus,0,0,0,0,0,0,0,0,0,0,0,0,0,0,0,0
6087,Microcerculus ustulatus,0,0,0,0,0,0,0,0,0,0,0,0,0,0,0,0
6088,Microcerculus bambla,0,0,0,0,0,0,0,0,0,0,0,0,0,0,0,0
6089,Cyphorhinus phaeocephalus,0,0,0,0,0,0,0,0,0,0,0,0,0,0,0,0
6090,Cyphorhinus arada,0,0,0,0,0,0,0,0,0,0,0,0,0,0,0,0
6091,Auriparus flaviceps,0,0,0,0,0,0,0,0,0,0,0,0,0,0,0,0
6092,Microbates collaris,0,0,0,0,0,0,0,0,0,0,0,0,0,0,0,0
6093,Microbates cinereiventris,0,0,0,0,0,0,0,0,0,0,0,0,0,0,0,0
6094,Ramphocaenus melanurus,0,0,0,0,0,0,0,0,0,0,0,0,0,0,0,0
6095,Polioptila caerulea,0,0,0,0,0,0,0,0,0,0,0,0,0,0,0,0
6096,Polioptila californica,0,0,0,0,0,0,0,0,0,0,0,0,0,0,0,0
6097,Polioptila melanura,0,0,0,0,0,0,0,0,0,0,0,0,0,0,0,0
6098,Polioptila lembeyei,0,0,0,0,0,0,0,0,0,0,0,0,0,0,0,0
6099,Polioptila nigriceps,0,0,0,0,0,0,0,0,0,0,0,0,0,0,0,0
6100,Polioptila albiloris,0,0,0,0,0,0,0,0,0,0,0,0,0,0,0,0
6101,Polioptila lactea,0,0,0,2,0,0,0,0,0,0,2,0,1,1,0,0
6102,Polioptila schistaceigula,0,0,0,0,0,0,0,0,0,0,0,0,0,0,0,0
6103,Polioptila dumicola,0,0,0,0,0,0,0,0,0,0,0,0,0,0,0,0
6104,Remiz coronatus,0,0,0,0,0,0,0,0,0,0,0,0,0,0,0,0
6105,Remiz consobrinus,0,0,0,0,0,0,0,0,0,0,0,0,0,0,0,0
6106,Anthoscopus punctifrons,0,0,0,0,0,0,0,0,0,0,0,0,0,0,0,0
6107,Anthoscopus parvulus,0,0,0,0,0,0,0,0,0,0,0,0,0,0,0,0
6108,Anthoscopus musculus,0,0,0,0,0,0,0,0,0,0,0,0,0,0,0,0
6109,Anthoscopus flavifrons,0,0,0,0,0,0,0,0,0,0,0,0,0,0,0,0
6110,Anthoscopus sylviella,0,0,0,0,0,0,0,0,0,0,0,0,0,0,0,0
6111,Anthoscopus minutus,0,0,0,0,0,0,0,0,0,0,0,0,0,0,0,0
6112,Cephalopyrus flammiceps,0,0,0,0,0,0,0,0,0,0,0,0,0,0,0,0
6113,Pholidornis rushiae,0,0,0,0,0,0,0,0,0,0,0,0,0,0,0,0
6114,Poecile carolinensis,0,0,0,0,0,0,0,0,0,0,0,0,0,0,0,0
6115,Poecile atricapillus,0,0,0,0,0,0,0,0,0,0,0,0,0,0,0,0
6116,Poecile gambeli,0,0,0,0,0,0,0,0,0,0,0,0,0,0,0,0
6117,Poecile sclateri,0,0,0,0,0,0,0,0,0,0,0,0,0,0,0,0
6118,Poecile superciliosus,0,0,0,0,0,0,0,0,0,0,0,0,0,0,0,0
6119,Poecile davidi,0,0,0,0,0,0,0,0,0,0,0,0,0,0,0,0
6120,Poecile cinctus,0,0,0,0,0,0,0,0,0,0,0,0,0,0,0,0
6121,Poecile hudsonicus,0,0,0,0,0,0,0,0,0,0,0,0,0,0,0,0
6122,Poecile rufescens,0,0,0,0,0,0,0,0,0,0,0,0,0,0,0,0
6123,Periparus rufonuchalis,0,0,0,0,0,0,0,0,0,0,0,0,0,0,0,0
6124,Periparus rubidiventris,0,0,0,0,0,0,0,0,0,0,0,0,0,0,0,0
6125,Pardaliparus venustulus,0,0,0,0,0,0,0,0,0,0,0,0,0,0,0,0
6126,Pardaliparus elegans,0,0,0,0,0,0,0,0,0,0,0,0,0,0,0,0
6127,Pardaliparus amabilis,0,0,0,2,0,0,0,0,0,0,0,1,0,0,0,0
6128,Lophophanes cristatus,0,0,0,0,0,0,0,0,0,0,0,0,0,0,0,0
6129,Lophophanes dichrous,0,0,0,0,0,0,0,0,0,0,0,0,0,0,0,0
6130,Melaniparus guineensis,0,0,0,0,0,0,0,0,0,0,0,0,0,0,0,0
6131,Melaniparus albiventris,0,0,0,0,0,0,0,0,0,0,0,0,0,0,0,0
6132,Melaniparus leuconotus,0,0,0,0,0,0,0,0,0,0,0,0,0,0,0,0
6133,Melaniparus funereus,0,0,0,0,0,0,0,0,0,0,0,0,0,0,0,0
6134,Melaniparus pallidiventris,0,0,0,0,0,0,0,0,0,0,0,0,0,0,0,0
6135,Melaniparus fringillinus,0,0,0,0,0,0,0,0,0,0,0,0,0,0,0,0
6136,Melaniparus fasciiventer,0,0,0,0,0,0,0,0,0,0,0,0,0,0,0,0
6137,Melaniparus thruppi,0,0,0,0,0,0,0,0,0,0,0,0,0,0,0,0
6138,Melaniparus griseiventris,0,0,0,0,0,0,0,0,0,0,0,0,0,0,0,0
6139,Melaniparus cinerascens,0,0,0,0,0,0,0,0,0,0,0,0,0,0,0,0
6140,Melaniparus afer,0,0,0,0,0,0,0,0,0,0,0,0,0,0,0,0
6141,Parus monticolus,0,0,0,0,0,0,0,0,0,0,0,0,0,0,0,0
6142,Machlolophus nuchalis,0,0,0,1,1,0,0,0,0,2,2,2,2,0,0,0
6143,Machlolophus xanthogenys,0,0,0,0,0,0,0,0,0,0,0,0,0,0,0,0
6144,Machlolophus spilonotus,0,0,0,0,0,0,0,0,0,0,0,0,0,0,0,0
6145,Machlolophus holsti,0,0,0,0,0,0,0,0,0,0,0,0,0,0,0,0
6146,Sittiparus semilarvatus,0,0,0,2,0,0,0,0,0,0,0,2,0,1,0,0
6147,Baeolophus wollweberi,0,0,0,0,0,0,0,0,0,0,0,0,0,0,0,0
6148,Baeolophus inornatus,0,0,0,0,0,0,0,0,0,0,0,0,0,0,0,0
6149,Baeolophus bicolor,0,0,0,0,0,0,0,0,0,0,0,0,0,0,0,0
6150,Baeolophus atricristatus,0,0,0,0,0,0,0,0,0,0,0,0,0,0,0,0
6151,Sylviparus modestus,0,0,0,0,0,0,0,0,0,0,0,0,0,0,0,0
6152,Melanochlora sultanea,0,0,0,0,0,0,0,0,0,0,0,0,0,0,0,0
6153,Aegithalos leucogenys,0,0,0,0,0,0,0,0,0,0,0,0,0,0,0,0
6154,Aegithalos niveogularis,0,0,0,0,0,0,0,0,0,0,0,0,0,0,0,0
6155,Aegithalos fuliginosus,0,0,0,0,0,0,0,0,0,0,0,0,0,0,0,0
6156,Psaltriparus minimus,0,0,0,0,0,0,0,0,0,0,0,0,0,0,0,0
6157,Psaltria exilis,0,0,0,0,0,0,0,0,0,0,0,0,0,0,0,0
6158,Pseudochelidon eurystomina,0,0,0,0,0,0,0,0,1,0,0,1,0,0,0,0
6159,Eurochelidon sirintarae,0,0,0,0,0,0,0,0,1,0,0,0,0,0,0,0
6160,Tachycineta bicolor,0,0,0,0,0,0,0,0,0,0,0,0,0,0,0,0
6161,Tachycineta albiventer,0,0,0,0,0,0,0,0,0,0,0,0,0,0,0,0
6162,Tachycineta leucorrhoa,0,0,0,0,0,0,0,0,0,0,0,0,0,0,0,0
6163,Tachycineta meyeni,0,0,0,0,0,0,0,0,0,0,0,0,0,0,0,0
6164,Tachycineta thalassina,0,0,0,0,0,0,0,0,0,0,0,0,0,0,0,0
6165,Tachycineta cyaneoviridis,0,0,0,0,0,0,0,0,0,2,0,1,1,0,0,0
6166,Tachycineta euchrysea,0,0,0,2,0,0,0,0,0,0,0,0,0,0,0,0
6167,Progne tapera,0,0,0,0,0,0,0,0,0,0,0,0,0,0,0,0
6168,Progne subis,0,0,0,0,0,0,0,0,0,0,0,0,0,0,0,0
6169,Progne cryptoleuca,0,0,0,0,0,0,0,0,0,0,0,0,0,0,0,0
6170,Progne dominicensis,0,0,0,0,0,0,0,0,0,0,0,0,0,0,0,0
6171,Progne sinaloae,0,0,0,0,0,0,0,0,0,0,0,0,0,0,0,0
6172,Progne chalybea,0,0,0,0,0,0,0,0,0,0,0,0,0,0,0,0
6173,Orochelidon murina,0,0,0,0,0,0,0,0,0,0,0,0,0,0,0,0
6174,Pygochelidon cyanoleuca,0,0,0,0,0,0,0,0,0,0,0,0,0,0,0,0
6175,Orochelidon flavipes,0,0,0,0,0,0,0,0,0,0,0,0,0,0,0,0
6176,Atticora pileata,0,0,0,0,0,0,0,0,0,0,0,0,0,0,0,0
6177,Atticora fasciata,0,0,0,0,0,0,0,0,0,0,0,0,0,0,0,0
6178,Pygochelidon melanoleuca,0,0,0,0,0,0,0,0,0,0,0,0,0,0,0,0
6179,Atticora tibialis,0,0,0,0,0,0,0,0,0,0,0,0,0,0,0,0
6180,Alopochelidon fucata,0,0,0,0,0,0,0,0,0,0,0,0,0,0,0,0
6181,Stelgidopteryx serripennis,0,0,0,0,0,0,0,0,0,0,0,0,0,0,0,0
6182,Stelgidopteryx ridgwayi,0,0,0,0,0,0,0,0,0,0,0,0,0,0,0,0
6183,Stelgidopteryx ruficollis,0,0,0,0,0,0,0,0,0,0,0,0,0,0,0,0
6184,Cheramoeca leucosterna,0,0,0,0,0,0,0,0,0,0,0,0,0,0,0,0
6185,Riparia congica,0,0,0,0,0,0,0,0,0,0,0,0,0,0,0,0
6186,Neophedina cincta,0,0,0,0,0,0,0,0,0,0,0,0,0,0,0,0
6187,Phedina borbonica,0,0,0,0,0,0,0,0,0,0,0,0,0,0,0,0
6188,Phedinopsis brazzae,0,0,0,0,0,0,0,0,0,0,0,0,0,0,0,0
6189,Pseudhirundo griseopyga,0,0,0,0,0,0,0,0,0,0,0,0,0,0,0,0
6190,Ptyonoprogne rupestris,0,0,0,0,0,0,0,0,0,0,0,0,0,0,0,0
6191,Ptyonoprogne obsoleta,0,0,0,0,0,0,0,0,0,0,0,0,0,0,0,0
6192,Ptyonoprogne concolor,0,0,0,0,0,0,0,0,0,0,0,0,0,0,0,0
6193,Hirundo rustica,0,2,0,0,1,0,0,0,1,1,1,0,0,0,1,0
6194,Hirundo lucida,0,0,0,0,0,0,0,0,0,0,0,0,0,0,0,0
6195,Hirundo aethiopica,0,0,0,0,0,0,0,0,0,0,0,0,0,0,0,0
6196,Hirundo angolensis,0,0,0,0,0,0,0,0,0,0,0,0,0,0,0,0
6197,Hirundo albigularis,0,0,0,0,0,0,0,0,0,0,0,0,0,0,0,0
6198,Hirundo neoxena,0,0,0,0,0,0,0,0,0,0,0,0,0,0,0,0
6199,Hirundo smithii,0,0,0,0,0,0,0,0,0,0,0,0,0,0,0,0
6200,Hirundo nigrita,0,0,0,0,0,0,0,0,0,0,0,0,0,0,0,0
6201,Hirundo nigrorufa,0,0,0,0,0,0,0,0,0,0,0,0,0,0,0,0
6202,Hirundo atrocaerulea,0,1,0,2,1,2,0,0,1,2,2,0,1,2,0,1
6203,Hirundo leucosoma,0,0,0,0,0,0,0,0,0,0,0,0,0,0,0,0
6204,Hirundo megaensis,0,3,0,2,0,0,0,0,0,0,2,0,0,0,0,0
6205,Hirundo dimidiata,0,0,0,0,0,0,0,0,0,0,0,0,0,0,0,0
6206,Cecropis cucullata,0,0,0,0,0,0,0,0,0,0,0,0,0,0,0,0
6207,Cecropis abyssinica,0,0,0,0,0,0,0,0,0,0,0,0,0,0,0,0
6208,Cecropis semirufa,0,0,0,0,0,0,0,0,0,0,0,0,0,0,0,0
6209,Cecropis senegalensis,0,0,0,0,0,0,0,0,0,0,0,0,0,0,0,0
6210,Petrochelidon perdita,0,0,0,0,0,0,0,0,0,0,0,0,0,0,0,0
6211,Petrochelidon preussi,0,0,0,0,0,0,0,0,0,0,0,0,0,0,0,0
6212,Petrochelidon rufigula,0,0,0,0,0,0,0,0,0,0,0,0,0,0,0,0
6213,Petrochelidon spilodera,0,0,0,0,0,0,0,0,0,0,0,0,0,0,0,0
6214,Orochelidon andecola,0,0,0,0,0,0,0,0,0,0,0,0,0,0,0,0
6215,Petrochelidon pyrrhonota,0,0,0,0,0,0,0,0,0,0,0,0,0,0,0,0
6216,Petrochelidon fulva,0,0,0,0,0,0,0,0,0,0,0,0,0,0,0,0
6217,Petrochelidon rufocollaris,0,0,0,0,0,0,0,0,0,0,0,0,0,0,0,0
6218,Petrochelidon nigricans,0,0,0,0,0,0,0,0,0,0,0,0,0,0,0,0
6219,Petrochelidon fluvicola,0,0,0,0,0,0,0,0,0,0,0,0,0,0,0,0
6220,Petrochelidon ariel,0,0,0,0,0,0,0,0,0,0,0,0,0,0,0,0
6221,Atronanus fuliginosus,0,0,0,0,0,0,0,0,0,0,0,0,0,0,0,0
6222,Delichon dasypus,0,0,0,0,0,0,0,0,0,0,0,0,0,0,0,0
6223,Delichon nipalense,0,0,0,0,0,0,0,0,0,0,0,0,0,0,0,0
6224,Psalidoprocne nitens,0,0,0,0,0,0,0,0,0,0,0,0,0,0,0,0
6225,Psalidoprocne fuliginosa,0,0,0,0,0,0,0,0,0,0,0,0,0,0,0,0
6226,Psalidoprocne albiceps,0,0,0,0,0,0,0,0,0,0,0,0,0,0,0,0
6227,Psalidoprocne pristoptera,0,0,0,0,0,0,0,0,0,0,0,0,0,0,0,0
6228,Psalidoprocne obscura,0,0,0,0,0,0,0,0,0,0,0,0,0,0,0,0
6229,Corthylio calendula,0,0,0,0,0,0,0,0,0,0,0,0,0,0,0,0
6230,Regulus goodfellowi,0,0,0,0,0,0,0,0,0,0,0,0,0,0,0,0
6231,Regulus satrapa,0,0,0,0,0,0,0,0,0,0,0,0,0,0,0,0
6232,Spizixos canifrons,0,0,0,0,0,0,0,0,0,0,0,0,0,0,0,0
6233,Spizixos semitorques,0,0,0,0,0,0,0,0,0,0,0,0,0,0,0,0
6234,Pycnonotus zeylanicus,0,0,0,2,0,0,0,0,2,0,1,0,0,0,0,0
6235,Alcurus striatus,0,0,0,0,0,0,0,0,0,0,0,0,0,0,0,0
6236,Hemixos leucogrammicus,0,0,0,0,0,0,0,0,0,0,0,0,0,0,0,0
6237,Pycnonotus tympanistrigus,0,0,0,1,0,0,0,0,1,0,0,1,0,0,0,0
6238,Microtarsus melanoleucos,0,0,0,2,0,1,0,0,0,0,0,2,0,0,0,0
6239,Brachypodius priocephalus,0,0,0,2,1,0,0,0,0,0,0,1,1,2,0,0
6240,Ixidia squamata,0,0,0,2,0,0,0,0,0,0,0,2,0,0,0,0
6241,Ixidia cyaniventris,0,0,0,2,0,1,0,0,0,0,0,2,0,0,0,0
6242,Pycnonotus jocosus,0,0,0,0,0,0,0,0,0,0,0,0,0,0,0,0
6243,Pycnonotus xanthorrhous,0,0,0,0,0,0,0,0,0,0,0,0,0,0,0,0
6244,Pycnonotus sinensis,0,0,0,0,0,0,0,0,0,0,0,0,0,0,0,0
6245,Pycnonotus taivanus,0,0,0,1,0,0,0,0,0,2,0,0,1,0,0,0
6246,Pycnonotus barbatus,0,0,0,0,0,0,0,0,0,0,0,0,0,0,0,0
6247,Pycnonotus nigricans,0,0,0,0,0,0,0,0,0,0,0,0,0,0,0,0
6248,Pycnonotus capensis,0,0,0,0,0,0,0,0,0,0,0,0,0,0,0,0
6249,Pycnonotus xanthopygos,0,0,0,0,0,0,0,0,0,0,0,0,0,0,0,0
6250,Pycnonotus leucotis,0,0,0,0,0,0,0,0,0,0,0,0,0,0,0,0
6251,Pycnonotus leucogenys,0,0,0,0,0,0,0,0,0,0,0,0,0,0,0,0
6252,Pycnonotus cafer,0,0,0,0,0,0,0,0,0,0,0,0,0,0,0,0
6253,Pycnonotus aurigaster,0,0,0,0,0,0,0,0,0,0,0,0,0,0,0,0
6254,Euptilotus eutilotus,0,0,0,2,0,1,0,0,0,0,0,2,0,0,0,0
6255,Pycnonotus nieuwenhuisii,0,0,0,0,0,0,0,0,0,0,0,0,0,0,0,0
6256,Poliolophus urostictus,0,0,0,0,0,0,0,0,0,0,0,0,0,0,0,0
6257,Pycnonotus xantholaemus,0,0,0,0,0,1,0,0,0,0,2,2,1,0,0,1
6258,Pycnonotus penicillatus,0,0,0,1,0,1,0,0,0,0,0,1,1,0,0,0
6259,Pycnonotus luteolus,0,0,0,0,0,0,0,0,0,0,0,0,0,0,0,0
6260,Pycnonotus goiavier,0,0,0,0,0,0,0,0,0,0,0,0,0,0,0,0
6261,Pycnonotus blanfordi,0,0,0,0,0,0,0,0,0,0,0,0,0,0,0,0
6262,Pycnonotus brunneus,0,0,0,0,0,0,0,0,0,0,0,0,0,0,0,0
6263,Ixidia erythropthalmos,0,0,0,0,0,0,0,0,0,0,0,0,0,0,0,0
6264,Arizelocichla montana,0,0,0,2,0,0,1,0,0,0,0,1,0,0,0,0
6265,Arizelocichla masukuensis,0,0,0,0,0,0,0,0,0,0,0,0,0,0,0,0
6266,Eurillas virens,0,0,0,0,0,0,0,0,0,0,0,0,0,0,0,0
6267,Eurillas gracilis,0,0,0,0,0,0,0,0,0,0,0,0,0,0,0,0
6268,Eurillas ansorgei,0,0,0,0,0,0,0,0,0,0,0,0,0,0,0,0
6269,Eurillas curvirostris,0,0,0,0,0,0,0,0,0,0,0,0,0,0,0,0
6270,Stelgidillas gracilirostris,0,0,0,0,0,0,0,0,0,0,0,0,0,0,0,0
6271,Andropadus importunus,0,0,0,0,0,0,0,0,0,0,0,0,0,0,0,0
6272,Eurillas latirostris,0,0,0,0,0,0,0,0,0,0,0,0,0,0,0,0
6273,Arizelocichla tephrolaema,0,0,0,0,0,0,0,0,0,0,0,0,0,0,0,0
6274,Arizelocichla striifacies,0,0,0,0,0,0,0,0,0,0,0,0,0,0,0,0
6275,Calyptocichla serinus,0,0,0,0,0,0,0,0,0,0,0,0,0,0,0,0
6276,Baeopogon indicator,0,0,0,0,0,0,0,0,0,0,0,0,0,0,0,0
6277,Baeopogon clamans,0,0,0,0,0,0,0,0,0,0,0,0,0,0,0,0
6278,Ixonotus guttatus,0,0,0,0,0,0,0,0,0,0,0,0,0,0,0,0
6279,Chlorocichla simplex,0,0,0,0,0,0,0,0,0,0,0,0,0,0,0,0
6280,Chlorocichla falkensteini,0,0,0,0,0,0,0,0,0,0,0,0,0,0,0,0
6281,Chlorocichla flaviventris,0,0,0,0,0,0,0,0,0,0,0,0,0,0,0,0
6282,Chlorocichla laetissima,0,0,0,0,0,0,0,0,0,0,0,0,0,0,0,0
6283,Chlorocichla prigoginei,0,0,0,2,0,0,0,0,0,0,0,2,0,0,0,0
6284,Thescelocichla leucopleura,0,0,0,0,0,0,0,0,0,0,0,0,0,0,0,0
6285,Pyrrhurus scandens,0,0,0,0,0,0,0,0,0,0,0,0,0,0,0,0
6286,Phyllastrephus cabanisi,0,0,0,0,0,0,0,0,0,0,0,0,0,0,0,0
6287,Phyllastrephus fischeri,0,0,0,0,0,0,0,0,0,0,0,0,0,0,0,0
6288,Phyllastrephus terrestris,0,0,0,0,0,0,0,0,0,0,0,0,0,0,0,0
6289,Phyllastrephus strepitans,0,0,0,0,0,0,0,0,0,0,0,0,0,0,0,0
6290,Phyllastrephus fulviventris,0,0,0,0,0,0,0,0,0,0,0,0,0,0,0,0
6291,Phyllastrephus cerviniventris,0,0,0,0,0,0,0,0,0,0,0,0,0,0,0,0
6292,Phyllastrephus baumanni,0,0,0,0,0,0,0,0,0,0,0,0,0,0,0,0
6293,Phyllastrephus poensis,0,0,0,0,0,0,0,0,0,0,0,0,0,0,0,0
6294,Phyllastrephus hypochloris,0,0,0,0,0,0,0,0,0,0,0,0,0,0,0,0
6295,Phyllastrephus lorenzi,0,0,0,0,0,0,0,0,0,0,0,0,0,0,0,0
6296,Phyllastrephus poliocephalus,0,0,0,1,0,1,0,0,0,0,0,1,0,1,0,0
6297,Phyllastrephus xavieri,0,0,0,0,0,0,0,0,0,0,0,0,0,0,0,0
6298,Bernieria madagascariensis,0,0,0,0,0,0,0,0,0,0,0,0,0,0,0,0
6299,Xanthomixis zosterops,0,0,0,0,0,0,0,0,0,0,0,0,0,0,0,0
6300,Xanthomixis apperti,0,0,0,1,0,0,0,0,0,0,1,2,0,0,0,0
6301,Crossleyia tenebrosa,0,0,0,2,0,0,0,0,0,0,0,1,0,0,0,0
6302,Xanthomixis cinereiceps,0,0,0,1,0,0,0,0,0,0,0,0,0,0,0,0
6303,Bleda syndactylus,0,0,0,0,0,0,0,0,0,0,0,0,0,0,0,0
6304,Bleda eximius,0,0,0,2,0,0,0,0,0,0,0,2,1,0,0,0
6305,Bleda canicapillus,0,0,0,0,0,0,0,0,0,0,0,0,0,0,0,0
6306,Nicator chloris,0,0,0,0,0,0,0,0,0,0,0,0,0,0,0,0
6307,Nicator gularis,0,0,0,0,0,0,0,0,0,0,0,0,0,0,0,0
6308,Nicator vireo,0,0,0,0,0,0,0,0,0,0,0,0,0,0,0,0
6309,Criniger barbatus,0,0,0,0,0,0,0,0,0,0,0,0,0,0,0,0
6310,Criniger chloronotus,0,0,0,0,0,0,0,0,0,0,0,0,0,0,0,0
6311,Criniger calurus,0,0,0,0,0,0,0,0,0,0,0,0,0,0,0,0
6312,Criniger olivaceus,0,1,0,2,0,0,0,0,0,0,0,2,1,0,0,0
6313,Criniger ndussumensis,0,0,0,0,0,0,0,0,0,0,0,0,0,0,0,0
6314,Iole finschii,0,0,0,2,0,1,0,0,0,0,0,2,0,0,0,0
6315,Alophoixus flaveolus,0,0,0,0,0,0,0,0,0,0,0,0,0,0,0,0
6316,Alophoixus phaeocephalus,0,0,0,0,0,0,0,0,0,0,0,0,0,0,0,0
6317,Setornis criniger,0,0,0,2,0,1,0,0,0,0,0,1,1,2,0,0
6318,Tricholestes criniger,0,0,0,0,0,0,0,0,0,0,0,0,0,0,0,0
6319,Iole viridescens,0,0,0,0,0,0,0,0,0,0,0,0,0,0,0,0
6320,Iole propinqua,0,0,0,0,0,0,0,0,0,0,0,0,0,0,0,0
6321,Iole charlottae,0,0,0,2,0,1,0,0,0,0,0,2,0,0,0,0
6322,Acritillas indica,0,0,0,0,0,0,0,0,0,0,0,0,0,0,0,0
6323,Iole palawanensis,0,0,0,0,0,0,0,0,0,0,0,0,0,0,0,0
6324,Hypsipetes philippinus,0,0,0,0,0,0,0,0,0,0,0,0,0,0,0,0
6325,Hypsipetes rufigularis,0,0,0,2,0,1,0,0,0,0,0,2,0,0,0,0
6326,Hypsipetes siquijorensis,0,0,0,2,0,0,0,0,0,1,2,3,0,0,0,0
6327,Hypsipetes amaurotis,0,0,0,0,0,0,0,0,0,0,0,0,0,0,0,0
6328,Ixos malaccensis,0,0,0,2,0,1,0,0,0,0,0,2,0,0,0,0
6329,Hemixos castanonotus,0,0,0,0,0,0,0,0,0,0,0,0,0,0,0,0
6330,Ixos mcclellandii,0,0,0,0,0,0,0,0,0,0,0,0,0,0,0,0
6331,Hypsipetes madagascariensis,0,0,0,0,0,0,0,0,0,0,0,0,0,0,0,0
6332,Hypsipetes crassirostris,0,0,0,0,0,0,0,0,0,0,0,0,0,0,0,0
6333,Hypsipetes borbonicus,0,0,0,1,0,0,0,0,1,0,0,1,0,0,0,0
6334,Hypsipetes olivaceus,0,0,0,0,0,0,0,0,0,2,0,0,0,0,0,0
6335,Ixos nicobariensis,0,0,0,1,0,0,0,0,1,0,0,0,1,0,0,0
6336,Hypsipetes thompsoni,0,0,0,0,0,0,0,0,0,0,0,0,0,0,0,0
6337,Neolestes torquatus,0,0,0,0,0,0,0,0,0,0,0,0,0,0,0,0
6338,Malia grata,0,0,0,0,0,0,0,0,0,0,0,0,0,0,0,0
6339,Hypocolius ampelinus,0,0,0,0,0,0,0,0,0,0,0,0,0,0,0,0
6340,Cisticola erythrops,0,0,0,0,0,0,0,0,0,0,0,0,0,0,0,0
6341,Cisticola cantans,0,0,0,0,0,0,0,0,0,0,0,0,0,0,0,0
6342,Cisticola lateralis,0,0,0,0,0,0,0,0,0,0,0,0,0,0,0,0
6343,Cisticola anonymus,0,0,0,0,0,0,0,0,0,0,0,0,0,0,0,0
6344,Cisticola woosnami,0,0,0,0,0,0,0,0,0,0,0,0,0,0,0,0
6345,Cisticola bulliens,0,0,0,0,0,0,0,0,0,0,0,0,0,0,0,0
6346,Cisticola hunteri,0,0,0,0,0,0,0,0,0,0,0,0,0,0,0,0
6347,Cisticola nigriloris,0,0,0,0,0,0,0,0,0,0,0,0,0,0,0,0
6348,Cisticola bodessa,0,0,0,0,0,0,0,0,0,0,0,0,0,0,0,0
6349,Cisticola chiniana,0,0,0,0,0,0,0,0,0,0,0,0,0,0,0,0
6350,Cisticola cinereolus,0,0,0,0,0,0,0,0,0,0,0,0,0,0,0,0
6351,Cisticola ruficeps,0,0,0,0,0,0,0,0,0,0,0,0,0,0,0,0
6352,Cisticola guinea,0,0,0,0,0,0,0,0,0,0,0,0,0,0,0,0
6353,Cisticola rufilatus,0,0,0,0,0,0,0,0,0,0,0,0,0,0,0,0
6354,Cisticola subruficapilla,0,0,0,0,0,0,0,0,0,0,0,0,0,0,0,0
6355,Cisticola lais,0,0,0,0,0,0,0,0,0,0,0,0,0,0,0,0
6356,Cisticola restrictus,0,0,0,0,0,0,0,0,0,0,0,0,0,0,0,0
6357,Cisticola njombe,0,0,0,0,0,0,0,0,0,0,0,0,0,0,0,0
6358,Cisticola pipiens,0,0,0,0,0,0,0,0,0,0,0,0,0,0,0,0
6359,Cisticola carruthersi,0,0,0,0,0,0,0,0,0,0,0,0,0,0,0,0
6360,Cisticola tinniens,0,0,0,0,0,0,0,0,0,0,0,0,0,0,0,0
6361,Cisticola robustus,0,0,0,0,0,0,0,0,0,0,0,0,0,0,0,0
6362,Cisticola aberdare,0,0,0,2,0,1,0,0,0,1,2,0,0,0,0,0
6363,Cisticola natalensis,0,0,0,0,0,0,0,0,0,0,0,0,0,0,0,0
6364,Cisticola fulvicapilla,0,0,0,0,0,0,0,0,0,0,0,0,0,0,0,0
6365,Cisticola angusticauda,0,0,0,0,0,0,0,0,0,0,0,0,0,0,0,0
6366,Cisticola melanurus,0,0,0,0,0,0,0,0,0,0,0,0,0,0,0,0
6367,Cisticola brachypterus,0,0,0,0,0,0,0,0,0,0,0,0,0,0,0,0
6368,Cisticola rufus,0,0,0,0,0,0,0,0,0,0,0,0,0,0,0,0
6369,Cisticola troglodytes,0,0,0,0,0,0,0,0,0,0,0,0,0,0,0,0
6370,Cisticola nana,0,0,0,0,0,0,0,0,0,0,0,0,0,0,0,0
6371,Cisticola juncidis,0,0,0,0,0,0,0,0,0,0,0,0,0,0,0,0
6372,Cisticola haesitatus,0,0,0,0,0,0,0,0,0,0,1,0,0,0,0,0
6373,Cisticola cherina,0,0,0,0,0,0,0,0,0,0,0,0,0,0,0,0
6374,Cisticola aridulus,0,0,0,0,0,0,0,0,0,0,0,0,0,0,0,0
6375,Cisticola textrix,0,0,0,0,0,0,0,0,0,0,0,0,0,0,0,0
6376,Cisticola eximius,0,0,0,0,0,0,0,0,0,0,0,0,0,0,0,0
6377,Cisticola dambo,0,0,0,0,0,0,0,0,0,0,0,0,0,0,0,0
6378,Cisticola ayresii,0,0,0,0,0,0,0,0,0,0,0,0,0,0,0,0
6379,Cisticola exilis,0,0,0,0,0,0,0,0,0,0,0,0,0,0,0,0
6380,Scotocerca inquieta,0,0,0,0,0,0,0,0,0,0,0,0,0,0,0,0
6381,Prinia crinigera,0,0,0,0,0,0,0,0,0,0,0,0,0,0,0,0
6382,Prinia polychroa,0,0,0,0,0,0,0,0,0,0,0,0,0,0,0,0
6383,Prinia cinereocapilla,0,0,0,2,0,2,0,0,0,0,2,2,0,0,0,0
6384,Prinia buchanani,0,0,0,0,0,0,0,0,0,0,0,0,0,0,0,0
6385,Prinia rufescens,0,0,0,0,0,0,0,0,0,0,0,0,0,0,0,0
6386,Prinia hodgsonii,0,0,0,0,0,0,0,0,0,0,0,0,0,0,0,0
6387,Prinia gracilis,0,0,0,0,0,0,0,0,0,0,0,0,0,0,0,0
6388,Prinia sylvatica,0,0,0,0,0,0,0,0,0,0,0,0,0,0,0,0
6389,Prinia familiaris,0,0,0,0,0,0,0,0,1,0,0,0,0,0,0,0
6390,Prinia socialis,0,0,0,0,0,0,0,0,0,0,0,0,0,0,0,0
6391,Prinia subflava,0,0,0,0,0,0,0,0,0,0,0,0,0,0,0,0
6392,Prinia somalica,0,0,0,0,0,0,0,0,0,0,0,0,0,0,0,0
6393,Prinia inornata,0,0,0,0,0,0,0,0,0,0,0,0,0,0,0,0
6394,Prinia fluviatilis,0,0,0,0,0,0,0,0,0,0,0,0,0,0,0,0
6395,Prinia flavicans,0,0,0,0,0,0,0,0,0,0,0,0,0,0,0,0
6396,Prinia maculosa,0,0,0,0,0,0,0,0,0,0,0,0,0,0,0,0
6397,Prinia molleri,0,0,0,0,0,0,0,0,0,0,0,0,0,0,0,0
6398,Schistolais leontica,0,0,0,2,0,0,0,0,0,0,0,2,1,0,0,0
6399,Schistolais leucopogon,0,0,0,0,0,0,0,0,0,0,0,0,0,0,0,0
6400,Prinia bairdii,0,0,0,0,0,0,0,0,0,0,0,0,0,0,0,0
6401,Phragmacia substriata,0,0,0,0,0,0,0,0,0,0,0,0,0,0,0,0
6402,Oreophilais robertsi,0,2,0,0,0,0,0,0,0,0,0,0,0,0,0,0
6403,Prinia erythroptera,0,0,0,0,0,0,0,0,0,0,0,0,0,0,0,0
6404,Malcorus pectoralis,0,0,0,0,0,0,0,0,0,0,0,0,0,0,0,0
6405,Drymocichla incana,0,0,0,0,0,0,0,0,0,0,0,0,0,0,0,0
6406,Urolais epichlorus,0,0,0,0,0,0,0,0,0,0,0,0,0,0,0,0
6407,Spiloptila clamans,0,0,0,0,0,0,0,0,0,0,0,0,0,0,0,0
6408,Oreolais pulcher,0,0,0,0,0,0,0,0,0,0,0,0,0,0,0,0
6409,Oreolais ruwenzorii,0,0,0,0,0,0,0,0,0,0,0,0,0,0,0,0
6410,Apalis thoracica,0,0,0,0,0,0,0,0,0,0,0,0,0,0,0,0
6411,Apalis fuscigularis,0,0,0,2,0,0,0,0,0,0,0,0,0,2,0,0
6412,Apalis lynesi,0,0,0,2,0,0,0,0,0,0,0,1,1,0,0,0
6413,Apalis nigriceps,0,0,0,0,0,0,0,0,0,0,0,0,0,0,0,0
6414,Apalis jacksoni,0,0,0,0,0,0,0,0,0,0,0,0,0,0,0,0
6415,Apalis chariessa,0,0,0,1,0,0,0,0,0,0,0,1,0,0,0,0
6416,Apalis binotata,0,0,0,0,0,0,0,0,0,0,0,0,0,0,0,0
6417,Apalis personata,0,0,0,0,0,0,0,0,0,0,0,0,0,0,0,0
6418,Apalis ruddi,0,1,0,0,0,0,0,0,0,0,0,0,0,0,0,0
6419,Apalis sharpii,0,0,0,0,0,0,0,0,0,0,0,2,0,0,0,0
6420,Apalis rufogularis,0,0,0,0,0,0,0,0,0,0,0,0,0,0,0,0
6421,Apalis argentea,0,0,0,0,0,0,0,0,0,0,0,0,0,0,0,0
6422,Apalis bamendae,0,0,0,2,0,0,0,0,0,0,0,0,0,0,0,0
6423,Apalis goslingi,0,0,0,0,0,0,0,0,0,0,0,0,0,0,0,0
6424,Apalis porphyrolaema,0,0,0,0,0,0,0,0,0,0,0,0,0,0,0,0
6425,Apalis kaboboensis,0,0,0,1,0,0,0,0,0,0,0,0,0,0,0,0
6426,Apalis chapini,0,0,0,0,0,0,0,0,0,0,0,0,0,0,0,0
6427,Apalis melanocephala,0,0,0,0,0,0,0,0,0,0,0,0,0,0,0,0
6428,Apalis chirindensis,0,0,0,0,0,0,0,0,0,0,0,2,0,0,0,0
6429,Apalis alticola,0,0,0,0,0,0,0,0,0,0,0,0,0,0,0,0
6430,Apalis karamojae,0,0,0,2,0,1,0,0,0,1,2,2,0,0,0,0
6431,Prinia rufifrons,0,0,0,0,0,0,0,0,0,0,0,0,0,0,0,0
6432,Hypergerus atriceps,0,0,0,0,0,0,0,0,0,0,0,0,0,0,0,0
6433,Eminia lepida,0,0,0,0,0,0,0,0,0,0,0,0,0,0,0,0
6434,Camaroptera superciliaris,0,0,0,0,0,0,0,0,0,0,0,0,0,0,0,0
6435,Calamonastes simplex,0,0,0,0,0,0,0,0,0,0,0,0,0,0,0,0
6436,Calamonastes fasciolatus,0,0,0,0,0,0,0,0,0,0,0,0,0,0,0,0
6437,Euryptila subcinnamomea,0,2,0,0,0,0,0,0,0,0,0,0,0,0,0,0
6438,Zosterops melanocephalus,0,0,0,0,0,2,0,1,0,0,0,0,0,0,0,0
6439,Zosterops lugubris,0,0,0,0,0,0,0,0,0,0,0,0,0,0,0,0
6440,Zosterops brunneus,0,0,0,1,0,1,0,0,0,0,0,1,0,0,0,0
6441,Zosterops leucophaeus,0,0,0,1,0,0,0,0,0,0,0,0,0,0,1,0
6442,Zosterops senegalensis,0,0,0,0,0,0,0,0,0,0,0,0,0,0,0,0
6443,Zosterops vaughani,0,0,0,0,0,0,0,0,0,0,0,0,0,0,0,0
6444,Zosterops mayottensis,0,0,0,0,0,0,0,0,0,0,0,0,0,0,0,0
6445,Zosterops kulalensis,0,0,0,0,0,0,0,0,0,0,0,0,0,0,0,0
6446,Zosterops winifredae,0,0,0,1,0,0,0,0,0,0,1,0,0,1,0,0
6447,Zosterops silvanus,0,0,0,1,0,0,0,0,0,0,0,1,0,0,0,0
6448,Zosterops mouroniensis,0,1,0,2,0,0,0,1,0,1,1,0,1,0,0,0
6449,Zosterops griseovirescens,0,0,0,0,0,0,0,0,0,0,0,0,0,0,0,0
6450,Zosterops olivaceus,0,0,0,0,0,0,0,0,0,0,0,0,0,0,0,0
6451,Zosterops chloronothos,0,0,0,0,0,0,0,0,0,2,0,0,0,0,0,0
6452,Zosterops modestus,0,0,0,0,0,1,0,0,0,1,0,0,0,0,0,0
6453,Zosterops ceylonensis,0,0,0,0,0,0,0,0,0,0,0,0,0,0,0,0
6454,Zosterops erythropleurus,0,0,0,0,0,0,0,0,0,0,0,0,0,0,0,0
6455,Zosterops meyeni,0,0,0,0,0,0,0,0,0,0,0,0,0,0,0,0
6456,Zosterops saypani,0,0,0,0,0,0,0,0,0,1,0,0,0,0,0,0
6457,Zosterops rotensis,0,2,0,2,0,0,0,0,0,2,0,0,1,0,2,0
6458,Zosterops hypolais,0,0,0,0,0,0,0,0,0,2,0,0,0,0,0,0
6459,Zosterops semperi,0,0,0,0,0,0,0,0,0,0,0,0,0,0,0,0
6460,Zosterops atricapilla,0,0,0,0,0,0,0,0,0,0,0,0,0,0,0,0
6461,Zosterops nigrorum,0,0,0,0,0,0,0,0,0,0,0,0,0,0,0,0
6462,Zosterops natalis,0,0,0,0,0,0,0,0,0,2,0,0,0,0,0,0
6463,Zosterops flavus,2,0,0,1,0,0,0,0,3,0,0,2,1,0,0,0
6464,Zosterops grayi,0,0,0,0,0,0,0,0,0,0,0,0,0,0,0,0
6465,Zosterops uropygialis,0,0,0,1,0,1,0,0,0,0,0,1,0,0,0,0
6466,Zosterops consobrinorum,0,0,0,0,0,0,0,0,0,0,0,0,0,0,0,0
6467,Zosterops anomalus,0,0,0,0,0,0,0,0,0,0,0,0,0,0,0,0
6468,Heleia wallacei,0,0,0,0,0,0,0,0,0,0,0,0,0,0,0,0
6469,Zosterops atrifrons,0,0,0,0,0,0,0,0,0,0,0,0,0,0,0,0
6470,Zosterops meeki,0,1,0,1,0,0,0,0,0,0,0,1,1,0,0,0
6471,Zosterops hypoxanthus,0,0,0,0,0,0,0,0,0,0,0,0,0,0,0,0
6472,Zosterops mysorensis,0,0,0,1,0,0,0,0,0,0,0,2,0,0,0,0
6473,Zosterops buruensis,0,0,0,0,0,0,0,0,0,0,0,0,0,0,0,0
6474,Zosterops kuehni,0,0,0,0,0,0,0,0,0,0,0,0,0,0,0,0
6475,Zosterops novaeguineae,0,0,0,0,0,0,0,0,0,0,0,0,0,0,0,0
6476,Zosterops luteus,0,0,0,0,0,0,0,0,0,0,0,0,0,0,0,0
6477,Zosterops griseotinctus,0,0,0,0,0,0,0,0,0,0,0,0,0,0,0,0
6478,Zosterops rennellianus,0,0,0,0,0,0,0,0,0,0,0,0,0,0,0,0
6479,Zosterops vellalavella,0,0,0,0,0,0,0,0,0,0,0,0,0,0,0,0
6480,Zosterops splendidus,0,0,0,1,0,0,0,0,0,0,0,1,0,0,0,0
6481,Zosterops luteirostris,0,0,0,1,0,0,0,0,0,0,0,1,0,0,0,0
6482,Zosterops murphyi,0,0,0,0,0,0,0,0,0,0,0,0,0,0,0,0
6483,Zosterops metcalfii,0,0,0,0,0,0,0,0,0,0,0,0,0,0,0,0
6484,Zosterops stresemanni,0,0,0,0,0,0,0,0,0,0,0,0,0,0,0,0
6485,Zosterops sanctaecrucis,0,0,0,0,0,0,0,0,0,0,0,0,0,0,0,0
6486,Zosterops lateralis,0,0,0,0,0,0,0,0,0,0,0,0,0,0,0,0
6487,Zosterops strenuus,0,0,0,0,0,0,0,0,0,2,0,0,0,0,0,0
6488,Zosterops tenuirostris,0,0,0,1,0,0,0,0,0,2,1,1,1,0,0,0
6489,Zosterops albogularis,0,0,0,0,0,0,0,0,0,2,0,1,0,0,0,0
6490,Zosterops inornatus,0,0,0,0,0,0,0,0,0,0,0,0,0,0,0,0
6491,Zosterops explorator,0,0,0,0,0,0,0,0,0,0,0,0,0,0,0,0
6492,Zosterops flavifrons,0,0,0,0,0,0,0,0,0,0,0,0,0,0,0,0
6493,Zosterops xanthochroa,0,0,0,0,0,0,0,0,0,0,0,0,0,0,0,0
6494,Zosterops minutus,0,0,0,0,0,0,0,0,0,0,0,0,0,0,0,0
6495,Zosterops samoensis,0,0,0,1,0,0,0,0,0,1,0,1,0,0,0,0
6496,Zosterops finschii,0,0,0,0,0,0,0,0,0,0,0,0,0,0,0,0
6497,Zosterops oleagineus,0,0,0,0,0,2,0,0,0,2,0,0,0,0,0,0
6498,Rukia longirostra,0,1,0,1,0,0,0,0,0,0,0,0,1,0,0,0
6499,Rukia ruki,0,0,0,1,0,0,0,0,0,0,0,1,1,0,0,0
6500,Cleptornis marchei,0,0,0,0,0,0,0,1,0,2,0,0,2,0,0,0
6501,Tephrozosterops stalkeri,0,0,0,0,0,0,0,0,0,0,0,0,0,0,0,0
6502,Madanga ruficollis,0,0,0,1,0,0,0,0,0,0,0,1,1,0,0,0
6503,Heleia javanica,0,0,0,0,0,0,0,0,0,0,0,0,0,0,0,0
6504,Heleia squamiceps,0,0,0,0,0,0,0,0,0,0,0,0,0,0,0,0
6505,Heleia goodfellowi,0,0,0,0,0,0,0,0,0,0,0,0,0,0,0,0
6506,Heleia superciliaris,0,0,0,0,0,0,0,0,0,0,0,0,0,0,0,0
6507,Heleia pinaiae,0,0,0,0,0,0,0,0,0,0,0,0,0,0,0,0
6508,Heleia dohertyi,0,0,0,0,0,0,0,0,0,0,0,0,0,0,0,0
6509,Heleia squamifrons,0,0,0,0,0,0,0,0,0,0,0,0,0,0,0,0
6510,Heleia crassirostris,0,0,0,0,0,0,0,0,0,0,0,0,0,0,0,0
6511,Heleia muelleri,0,0,0,2,0,1,0,0,0,0,0,2,1,0,0,0
6512,Zosterops emiliae,0,0,0,0,0,0,0,0,0,0,0,0,0,0,0,0
6513,Zosterops superciliosus,0,0,0,0,0,0,0,0,0,0,0,0,0,0,0,0
6514,Zosterops lacertosus,0,0,0,0,0,0,0,0,0,0,0,0,0,0,0,0
6515,Megazosterops palauensis,0,0,0,0,0,0,0,0,0,2,0,2,0,0,0,0
6516,Hypocryptadius cinnamomeus,0,0,0,0,0,0,0,0,0,0,0,0,0,0,0,0
6517,Cettia castaneocoronata,0,0,0,0,0,0,0,0,0,0,0,0,0,0,0,0
6518,Tesia olivea,0,0,0,0,0,0,0,0,0,0,0,0,0,0,0,0
6519,Tesia cyaniventer,0,0,0,0,0,0,0,0,0,0,0,0,0,0,0,0
6520,Tesia superciliaris,0,0,0,0,0,0,0,0,0,0,0,0,0,0,0,0
6521,Tesia everetti,0,0,0,0,0,0,0,0,0,0,0,0,0,0,0,0
6522,Urosphena subulata,0,0,0,0,0,0,0,0,0,0,0,0,0,0,0,0
6523,Urosphena whiteheadi,0,0,0,0,0,0,0,0,0,0,0,0,0,0,0,0
6524,Urosphena squameiceps,0,0,0,0,0,0,0,0,0,0,0,0,0,0,0,0
6525,Hemitesia pallidipes,0,0,0,0,0,0,0,0,0,0,0,0,0,0,0,0
6526,Horornis canturians,0,0,0,0,0,0,0,0,0,0,0,0,0,0,0,0
6527,Horornis diphone,0,0,0,0,0,0,0,0,0,0,0,0,0,0,0,0
6528,Horornis seebohmi,0,0,0,0,0,0,0,0,0,0,0,0,0,0,0,0
6529,Horornis annae,0,0,0,0,0,0,0,0,0,0,0,0,0,0,0,0
6530,Horornis parens,0,0,0,0,0,0,0,0,0,0,0,0,0,0,0,0
6531,Horornis ruficapilla,0,0,0,0,0,0,0,0,0,0,0,0,0,0,0,0
6532,Horornis fortipes,0,0,0,0,0,0,0,0,0,0,0,0,0,0,0,0
6533,Horornis carolinae,0,0,0,1,0,0,0,0,0,0,0,1,0,0,0,0
6534,Cettia major,0,0,0,0,0,0,0,0,0,0,0,0,0,0,0,0
6535,Cettia brunnifrons,0,0,0,0,0,0,0,0,0,0,0,0,0,0,0,0
6536,Cettia cetti,0,0,0,0,0,0,0,0,0,0,0,0,0,0,0,0
6537,Bradypterus grandis,0,0,0,0,1,0,0,0,0,0,0,1,0,0,0,0
6538,Bradypterus carpalis,0,0,0,0,0,0,0,0,0,0,0,0,0,0,0,0
6539,Bradypterus graueri,0,1,0,2,0,0,0,0,0,0,2,0,1,0,0,0
6540,Locustella alfredi,0,0,0,0,0,0,0,0,0,0,0,0,0,0,0,0
6541,Bradypterus sylvaticus,0,2,0,0,0,1,0,0,0,0,0,2,0,0,0,0
6542,Bradypterus lopezi,0,0,0,0,0,0,0,0,0,0,0,0,0,0,0,0
6543,Bradypterus barratti,0,0,0,0,0,0,0,0,0,0,0,0,0,0,0,0
6544,Bradypterus cinnamomeus,0,0,0,0,0,0,0,0,0,0,0,0,0,0,0,0
6545,Cryptillas victorini,0,2,0,0,0,0,0,0,0,0,0,0,0,0,0,0
6546,Locustella major,0,0,0,1,0,0,0,0,0,0,2,2,0,0,0,0
6547,Locustella tacsanowskia,0,0,0,0,0,0,0,0,0,0,0,0,0,0,0,0
6548,Locustella luteoventris,0,0,0,0,0,0,0,0,0,0,0,0,0,0,0,0
6549,Elaphrornis palliseri,0,0,0,1,0,0,0,0,0,0,1,1,0,0,0,0
6550,Locustella caudata,0,0,0,0,0,0,0,0,0,0,0,0,0,0,0,0
6551,Locustella accentor,0,0,0,0,0,0,0,0,0,0,0,0,0,0,0,0
6552,Bradypterus brunneus,0,0,0,0,0,0,0,0,0,0,0,0,0,0,0,0
6553,Bathmocercus cerviniventris,0,0,0,1,0,0,0,0,0,0,0,1,2,0,0,0
6554,Bathmocercus rufus,0,0,0,0,0,0,0,0,0,0,0,0,0,0,0,0
6555,Scepomycter winifredae,0,0,0,1,0,0,0,0,0,0,0,0,0,0,0,0
6556,Nesillas aldabrana,0,0,0,0,0,0,0,0,0,1,0,0,0,0,0,0
6557,Nesillas brevicaudata,0,0,0,0,0,0,0,0,0,0,0,0,0,0,0,0
6558,Nesillas mariae,0,0,0,2,0,0,0,0,0,0,0,2,0,0,0,0
6559,Thamnornis chloropetoides,0,0,0,0,0,0,0,0,0,0,0,0,0,0,0,0
6560,Melocichla mentalis,0,0,0,0,0,0,0,0,0,0,0,0,0,0,0,0
6561,Achaetops pycnopygius,0,0,0,0,0,0,0,0,0,0,0,0,0,0,0,0
6562,Sphenoeacus afer,0,0,0,0,0,0,0,0,0,0,0,0,0,0,0,0
6563,Locustella lanceolata,0,0,0,0,0,0,0,0,0,0,0,0,0,0,0,0
6564,Locustella naevia,0,0,0,0,0,0,0,0,0,0,0,0,0,0,0,0
6565,Helopsaltes certhiola,0,0,0,0,0,0,0,0,0,0,0,0,0,0,0,0
6566,Helopsaltes ochotensis,0,0,0,0,0,0,0,0,0,0,0,0,0,0,0,0
6567,Helopsaltes pleskei,0,0,0,1,0,0,0,1,1,0,0,0,2,0,1,0
6568,Locustella fluviatilis,0,0,0,0,0,0,0,0,0,0,0,0,0,0,0,0
6569,Locustella luscinioides,0,0,0,0,0,0,0,0,0,0,0,0,0,0,0,0
6570,Acrocephalus melanopogon,0,0,0,0,1,1,0,0,0,0,0,0,0,0,0,0
6571,Acrocephalus paludicola,0,2,0,2,2,2,0,0,0,0,2,0,0,0,0,0
6572,Acrocephalus schoenobaenus,0,0,0,0,0,0,0,0,0,0,0,0,0,0,0,0
6573,Acrocephalus sorghophilus,1,0,0,2,0,0,0,0,0,0,2,0,2,0,0,0
6574,Acrocephalus bistrigiceps,0,0,0,0,0,0,0,0,0,0,0,0,0,0,0,0
6575,Acrocephalus agricola,0,0,0,0,0,0,0,0,0,0,0,0,0,0,0,0
6576,Acrocephalus concinens,0,0,0,0,0,0,0,0,0,0,0,0,0,0,0,0
6577,Acrocephalus scirpaceus,0,0,0,0,0,0,0,0,0,0,0,0,0,0,0,0
6578,Acrocephalus dumetorum,0,0,0,0,0,0,0,0,0,0,0,0,0,0,0,0
6579,Acrocephalus palustris,0,0,0,0,0,0,0,0,0,0,0,0,0,0,0,0
6580,Acrocephalus griseldis,0,3,0,1,2,0,0,0,0,0,0,0,2,0,1,0
6581,Acrocephalus syrinx,0,0,0,0,0,0,0,0,0,0,0,0,0,0,0,0
6582,Acrocephalus rehsei,0,0,0,0,0,0,0,0,0,0,0,0,0,0,0,0
6583,Acrocephalus familiaris,0,2,0,0,0,1,0,0,0,2,0,0,0,0,0,0
6584,Acrocephalus aequinoctialis,0,0,0,1,0,1,0,0,1,2,0,0,1,0,0,0
6585,Acrocephalus atyphus,0,0,0,0,0,0,0,0,0,0,0,0,0,0,0,0
6586,Acrocephalus kerearako,0,0,0,2,0,0,0,0,0,2,0,0,0,0,0,0
6587,Acrocephalus rimitarae,0,0,0,0,0,0,0,0,0,2,0,0,1,0,0,0
6588,Acrocephalus vaughani,0,0,0,2,0,0,0,0,0,1,0,0,1,0,0,0
6589,Acrocephalus taiti,0,0,0,0,0,0,0,0,0,2,0,0,0,0,0,0
6590,Acrocephalus rufescens,0,0,0,0,0,0,0,0,0,0,0,0,0,0,0,0
6591,Acrocephalus brevipennis,0,2,0,0,0,0,0,0,0,1,0,0,2,0,0,0
6592,Acrocephalus gracilirostris,0,0,0,0,0,0,0,0,0,0,0,0,0,0,0,0
6593,Acrocephalus newtoni,0,0,0,0,0,0,0,0,0,0,0,0,0,0,0,0
6594,Arundinax aedon,0,0,0,0,0,0,0,0,0,0,0,0,0,0,0,0
6595,Acrocephalus rodericanus,0,0,0,0,0,0,0,0,0,1,0,0,0,0,0,0
6596,Acrocephalus sechellensis,0,0,0,0,0,0,0,0,0,1,0,0,0,0,0,0
6597,Iduna caligata,0,0,0,0,0,0,0,0,0,0,0,0,0,0,0,0
6598,Iduna rama,0,0,0,0,0,0,0,0,0,0,0,0,0,0,0,0
6599,Hippolais languida,0,0,0,0,0,0,0,0,0,0,0,0,0,0,0,0
6600,Hippolais olivetorum,0,0,0,0,0,0,0,0,0,0,0,0,0,0,0,0
6601,Hippolais polyglotta,0,0,0,0,0,0,0,0,0,0,0,0,0,0,0,0
6602,Hippolais icterina,0,0,0,0,0,0,0,0,0,0,0,0,0,0,0,0
6603,Iduna natalensis,0,0,0,0,0,0,0,0,0,0,0,0,0,0,0,0
6604,Iduna similis,0,0,0,0,0,0,0,0,0,0,0,0,0,0,0,0
6605,Stenostira scita,0,0,0,0,0,0,0,0,0,0,0,0,0,0,0,0
6606,Phyllolais pulchella,0,0,0,0,0,0,0,0,0,0,0,0,0,0,0,0
6607,Artisornis metopias,0,0,0,0,0,0,0,0,0,0,0,0,0,0,0,0
6608,Phyllergates cucullatus,0,0,0,0,0,0,0,0,0,0,0,0,0,0,0,0
6609,Phyllergates heterolaemus,0,0,0,0,0,0,0,0,0,0,0,0,0,0,0,0
6610,Orthotomus sutorius,0,0,0,0,0,0,0,0,0,0,0,0,0,0,0,0
6611,Orthotomus atrogularis,0,0,0,0,0,0,0,0,0,0,0,0,0,0,0,0
6612,Orthotomus frontalis,0,0,0,0,0,0,0,0,0,0,0,0,0,0,0,0
6613,Orthotomus derbianus,0,0,0,0,0,0,0,0,0,0,0,0,0,0,0,0
6614,Orthotomus sericeus,0,0,0,0,0,0,0,0,0,0,0,0,0,0,0,0
6615,Orthotomus ruficeps,0,0,0,0,0,0,0,0,0,0,0,0,0,0,0,0
6616,Orthotomus sepium,0,0,0,0,0,0,0,0,0,0,0,0,0,0,0,0
6617,Orthotomus samarensis,0,0,0,2,0,0,0,0,0,0,0,1,0,0,0,0
6618,Orthotomus nigriceps,0,0,0,0,0,0,0,0,0,0,0,0,0,0,0,0
6619,Orthotomus cinereiceps,0,0,0,0,0,0,0,0,0,0,0,0,0,0,0,0
6620,Poliolais lopezi,0,0,0,1,0,1,0,0,0,0,0,1,0,0,0,0
6621,Graueria vittata,0,0,0,0,0,0,0,0,0,0,0,0,0,0,0,0
6622,Eremomela icteropygialis,0,0,0,0,0,0,0,0,0,0,0,0,0,0,0,0
6623,Eremomela flavicrissalis,0,0,0,0,0,0,0,0,0,0,0,0,0,0,0,0
6624,Eremomela canescens,0,0,0,0,0,0,0,0,0,0,0,0,0,0,0,0
6625,Eremomela scotops,0,0,0,0,0,0,0,0,0,0,0,0,0,0,0,0
6626,Eremomela gregalis,0,0,0,0,0,0,0,0,0,0,0,0,0,0,0,0
6627,Eremomela badiceps,0,0,0,0,0,0,0,0,0,0,0,0,0,0,0,0
6628,Eremomela turneri,0,0,0,1,0,0,0,0,0,0,1,1,0,0,0,0
6629,Eremomela atricollis,0,0,0,0,0,0,0,0,0,0,0,0,0,0,0,0
6630,Eremomela usticollis,0,0,0,0,0,0,0,0,0,0,0,0,0,0,0,0
6631,Randia pseudozosterops,0,0,0,0,0,0,0,0,0,0,0,0,0,0,0,0
6632,Newtonia amphichroa,0,0,0,0,0,0,0,0,0,0,0,0,0,0,0,0
6633,Newtonia brunneicauda,0,0,0,0,0,0,0,0,0,0,0,0,0,0,0,0
6634,Newtonia archboldi,0,0,0,0,0,0,0,0,0,0,0,0,0,0,0,0
6635,Newtonia fanovanae,0,1,0,2,0,0,0,0,0,0,0,2,0,0,0,0
6636,Sylvietta virens,0,0,0,0,0,0,0,0,0,0,0,0,0,0,0,0
6637,Sylvietta denti,0,0,0,0,0,0,0,0,0,0,0,0,0,0,0,0
6638,Sylvietta chapini,0,0,0,2,0,0,0,0,0,0,0,2,0,0,0,0
6639,Sylvietta leucophrys,0,0,0,0,0,0,0,0,0,0,0,0,0,0,0,0
6640,Sylvietta philippae,0,0,0,0,0,0,0,0,0,0,0,0,0,0,0,0
6641,Sylvietta ruficapilla,0,0,0,0,0,0,0,0,0,0,0,0,0,0,0,0
6642,Sylvietta whytii,0,0,0,0,0,0,0,0,0,0,0,0,0,0,0,0
6643,Sylvietta isabellina,0,0,0,0,0,0,0,0,0,0,0,0,0,0,0,0
6644,Sylvietta rufescens,0,0,0,0,0,0,0,0,0,0,0,0,0,0,0,0
6645,Hemitesia neumanni,0,0,0,0,0,0,0,0,0,0,0,0,0,0,0,0
6646,Macrosphenus kempi,0,0,0,0,0,0,0,0,0,0,0,0,0,0,0,0
6647,Macrosphenus flavicans,0,0,0,0,0,0,0,0,0,0,0,0,0,0,0,0
6648,Macrosphenus concolor,0,0,0,0,0,0,0,0,0,0,0,0,0,0,0,0
6649,Macrosphenus pulitzeri,0,0,0,2,0,2,0,0,0,0,0,0,0,0,0,0
6650,Macrosphenus kretschmeri,0,0,0,0,0,0,0,0,0,0,0,0,0,0,0,0
6651,Amaurocichla bocagii,0,0,0,1,0,0,0,0,0,0,0,1,1,0,0,0
6652,Hylia prasina,0,0,0,0,0,0,0,0,0,0,0,0,0,0,0,0
6653,Leptopoecile sophiae,0,0,0,0,0,0,0,0,0,0,0,0,0,0,0,0
6654,Leptopoecile elegans,0,0,0,0,0,0,0,0,0,0,0,0,0,0,0,0
6655,Phylloscopus laetus,0,0,0,0,0,0,0,0,0,0,0,0,0,0,0,0
6656,Phylloscopus laurae,0,0,0,0,0,0,0,0,0,0,0,0,0,0,0,0
6657,Phylloscopus ruficapilla,0,0,0,0,0,0,0,0,0,0,0,0,0,0,0,0
6658,Phylloscopus herberti,0,0,0,0,0,0,0,0,0,0,0,0,0,0,0,0
6659,Phylloscopus budongoensis,0,0,0,0,0,0,0,0,0,0,0,0,0,0,0,0
6660,Phylloscopus umbrovirens,0,0,0,0,0,0,0,0,0,0,0,0,0,0,0,0
6661,Phylloscopus trochilus,0,0,0,0,0,0,0,0,0,0,0,0,0,0,0,0
6662,Phylloscopus neglectus,0,0,0,0,0,0,0,0,0,0,0,0,0,0,0,0
6663,Phylloscopus bonelli,0,0,0,0,0,0,0,0,0,0,0,0,0,0,0,0
6664,Phylloscopus sibilatrix,0,0,0,0,0,0,0,0,0,0,0,0,0,0,0,0
6665,Phylloscopus fuscatus,0,0,0,0,0,0,0,0,0,0,0,0,0,0,0,0
6666,Phylloscopus fuligiventer,0,0,0,0,0,0,0,0,0,0,0,0,0,0,0,0
6667,Phylloscopus affinis,0,0,0,0,0,0,0,0,0,0,0,0,0,0,0,0
6668,Phylloscopus subaffinis,0,0,0,0,0,0,0,0,0,0,0,0,0,0,0,0
6669,Phylloscopus griseolus,0,0,0,0,0,0,0,0,0,0,0,0,0,0,0,0
6670,Phylloscopus armandii,0,0,0,0,0,0,0,0,0,0,0,0,0,0,0,0
6671,Phylloscopus schwarzi,0,0,0,0,0,0,0,0,0,0,0,0,0,0,0,0
6672,Phylloscopus pulcher,0,0,0,0,0,0,0,0,0,0,0,0,0,0,0,0
6673,Phylloscopus maculipennis,0,0,0,0,0,0,0,0,0,0,0,0,0,0,0,0
6674,Phylloscopus subviridis,0,0,0,0,0,0,0,0,0,0,0,0,0,0,0,0
6675,Phylloscopus inornatus,0,0,0,0,0,0,0,0,0,0,0,0,0,0,0,0
6676,Phylloscopus tenellipes,0,0,0,0,0,0,0,0,0,0,0,0,0,0,0,0
6677,Phylloscopus borealoides,0,0,0,0,0,0,0,0,0,0,0,0,0,0,0,0
6678,Phylloscopus magnirostris,0,0,0,0,0,0,0,0,0,0,0,0,0,0,0,0
6679,Phylloscopus tytleri,0,0,0,0,1,1,0,0,0,0,2,2,1,0,0,0
6680,Phylloscopus occipitalis,0,0,0,0,0,0,0,0,0,0,0,0,0,0,0,0
6681,Phylloscopus coronatus,0,0,0,0,0,0,0,0,0,0,0,0,0,0,0,0
6682,Phylloscopus ijimae,0,0,0,0,0,0,0,0,1,0,0,0,1,1,0,0
6683,Phylloscopus hainanus,0,0,0,1,0,0,0,0,0,0,0,2,0,1,0,0
6684,Phylloscopus cantator,0,0,0,0,0,0,0,0,0,0,0,0,0,0,0,0
6685,Phylloscopus ricketti,0,0,0,0,0,0,0,0,0,0,0,0,0,0,0,0
6686,Phylloscopus olivaceus,0,0,0,0,0,0,0,0,0,0,0,0,0,0,0,0
6687,Phylloscopus cebuensis,0,0,0,0,0,0,0,0,0,0,0,0,0,0,0,0
6688,Phylloscopus trivirgatus,0,0,0,0,0,0,0,0,0,0,0,0,0,0,0,0
6689,Phylloscopus amoenus,0,0,0,0,0,0,0,1,0,2,0,0,0,0,0,0
6690,Phylloscopus xanthoschistos,0,0,0,0,0,0,0,0,0,0,0,0,0,0,0,0
6691,Phylloscopus intermedius,0,0,0,0,0,0,0,0,0,0,0,0,0,0,0,0
6692,Phylloscopus poliogenys,0,0,0,0,0,0,0,0,0,0,0,0,0,0,0,0
6693,Phylloscopus castaniceps,0,0,0,0,0,0,0,0,0,0,0,0,0,0,0,0
6694,Phylloscopus montis,0,0,0,0,0,0,0,0,0,0,0,0,0,0,0,0
6695,Tickellia hodgsoni,0,0,0,0,0,0,0,0,0,0,0,0,0,0,0,0
6696,Abroscopus albogularis,0,0,0,0,0,0,0,0,0,0,0,0,0,0,0,0
6697,Abroscopus schisticeps,0,0,0,0,0,0,0,0,0,0,0,0,0,0,0,0
6698,Hyliota usambara,0,0,0,2,0,0,0,0,0,0,0,2,0,0,0,0
6699,Hyliota flavigaster,0,0,0,0,0,0,0,0,0,0,0,0,0,0,0,0
6700,Hyliota australis,0,0,0,0,0,0,0,0,0,0,0,0,0,0,0,0
6701,Hyliota violacea,0,0,0,0,0,0,0,0,0,0,0,0,0,0,0,0
6702,Bradypterus seebohmi,0,0,0,0,0,0,0,0,0,0,0,0,0,0,0,0
6703,Helopsaltes pryeri,0,0,0,2,1,0,0,0,2,0,2,0,1,0,0,0
6704,Megalurus palustris,0,0,0,0,0,0,0,0,0,0,0,0,0,0,0,0
6705,Poodytes albolimbatus,0,0,0,1,0,0,0,0,0,2,0,0,0,0,0,0
6706,Poodytes gramineus,0,0,0,0,0,0,0,0,0,0,0,0,0,0,0,0
6707,Cincloramphus cruralis,0,0,0,0,0,0,0,0,0,0,0,0,0,0,0,0
6708,Cincloramphus mathewsi,0,0,0,0,0,0,0,0,0,0,0,0,0,0,0,0
6709,Poodytes carteri,0,0,0,0,0,0,0,0,0,0,0,0,0,0,0,0
6710,Cincloramphus bivittatus,0,0,0,0,0,0,0,0,0,0,0,0,0,0,0,0
6711,Cincloramphus mariae,0,0,0,0,0,0,0,0,0,0,0,0,0,0,0,0
6712,Cincloramphus grosvenori,0,0,0,0,0,0,0,0,0,0,0,0,0,0,0,0
6713,Cincloramphus llaneae,0,0,0,0,0,0,0,0,0,0,0,0,0,0,0,0
6714,Cincloramphus rubiginosus,0,0,0,0,0,0,0,0,0,0,0,0,0,0,0,0
6715,Cincloramphus rufus,0,0,0,0,0,0,0,0,0,1,0,1,1,1,0,0
6716,Schoenicola striatus,0,0,0,2,2,1,0,0,0,1,2,0,0,1,0,0
6717,Catriscus brevirostris,0,0,0,0,0,0,0,0,0,0,0,0,0,0,0,0
6718,Schoenicola platyurus,0,0,0,2,0,0,0,0,0,0,1,0,1,2,0,0
6719,Argya cinereifrons,0,0,0,2,0,1,0,0,0,0,0,2,1,1,0,0
6720,Garrulax palliatus,0,0,0,0,0,0,0,0,2,0,0,1,0,0,0,0
6721,Garrulax rufifrons,0,0,0,1,0,0,0,0,2,0,0,1,0,0,0,0
6722,Pterorhinus perspicillatus,0,0,0,0,0,0,0,0,0,0,0,0,0,0,0,0
6723,Garrulax monileger,0,0,0,0,0,0,0,0,0,0,0,0,0,0,0,0
6724,Pterorhinus pectoralis,0,0,0,0,0,0,0,0,0,0,0,0,0,0,0,0
6725,Melanocichla lugubris,0,0,0,0,0,0,0,0,0,0,0,0,0,0,0,0
6726,Melanocichla calva,0,0,0,0,0,0,0,0,0,0,0,0,0,0,0,0
6727,Grammatoptila striata,0,0,0,0,0,0,0,0,0,0,0,0,0,0,0,0
6728,Garrulax milleti,0,0,0,2,0,0,0,0,0,0,0,2,1,0,0,0
6729,Pterorhinus ruficollis,0,0,0,0,0,0,0,0,0,0,0,0,0,0,0,0
6730,Pterorhinus nuchalis,0,0,0,0,0,0,0,0,0,0,0,0,0,0,0,0
6731,Pterorhinus chinensis,0,0,0,1,0,0,0,0,1,0,0,1,0,1,0,0
6732,Pterorhinus vassali,0,0,0,0,0,0,0,0,0,0,0,0,0,0,0,0
6733,Pterorhinus delesserti,0,0,0,0,0,0,0,0,0,0,0,0,0,0,0,0
6734,Pterorhinus gularis,0,0,0,0,0,0,0,0,0,0,0,0,0,0,0,0
6735,Pterorhinus davidi,0,0,0,0,0,0,0,0,0,0,0,0,0,0,0,0
6736,Ianthocincla sukatschewi,0,0,0,2,0,0,0,0,0,0,2,2,0,0,0,0
6737,Ianthocincla rufogularis,0,0,0,0,0,0,0,0,0,0,0,0,0,0,0,0
6738,Ianthocincla lunulata,0,0,0,0,0,0,0,0,0,0,0,0,0,0,0,0
6739,Ianthocincla bieti,0,0,0,1,0,0,0,0,1,0,2,2,1,0,0,0
6740,Ianthocincla maxima,0,0,0,0,0,0,0,0,0,0,0,0,0,0,0,0
6741,Ianthocincla ocellata,0,0,0,0,0,0,0,0,0,0,0,0,0,0,0,0
6742,Pterorhinus caerulatus,0,0,0,0,0,0,0,0,0,0,0,0,0,0,0,0
6743,Pterorhinus sannio,0,0,0,0,0,0,0,0,0,0,0,0,0,0,0,0
6744,Trochalopteron virgatum,0,0,0,0,0,0,0,0,0,0,0,0,0,0,0,0
6745,Trochalopteron austeni,0,0,0,0,0,0,0,0,0,0,0,0,0,0,0,0
6746,Trochalopteron squamatum,0,0,0,0,0,0,0,0,0,0,0,0,0,0,0,0
6747,Trochalopteron subunicolor,0,0,0,0,0,0,0,0,0,0,0,0,0,0,0,0
6748,Trochalopteron elliotii,0,0,0,0,0,0,0,0,0,0,0,0,0,0,0,0
6749,Trochalopteron variegatum,0,0,0,0,0,0,0,0,0,0,0,0,0,0,0,0
6750,Trochalopteron henrici,0,0,0,0,0,0,0,0,0,0,0,0,0,0,0,0
6751,Trochalopteron affine,0,0,0,0,0,0,0,0,0,0,0,0,0,0,0,0
6752,Trochalopteron morrisonianum,0,0,0,0,0,0,0,0,0,0,0,0,0,0,0,0
6753,Trochalopteron yersini,0,0,0,1,0,0,0,0,1,0,0,2,0,0,0,0
6754,Trochalopteron formosum,0,0,0,0,0,0,0,0,0,0,0,0,0,0,0,0
6755,Trochalopteron milnei,0,0,0,0,0,0,0,0,0,0,0,0,0,0,0,0
6756,Liocichla omeiensis,0,0,0,2,0,0,0,0,1,0,2,2,0,0,0,1
6757,Liocichla steerii,0,0,0,0,0,0,0,0,0,0,0,0,0,0,0,0
6758,Modulatrix stictigula,0,0,0,0,0,0,0,0,0,0,0,0,0,0,0,0
6759,Arcanator orostruthus,0,0,0,2,0,1,0,0,0,0,0,2,1,0,0,0
6760,Pellorneum rostratum,0,0,0,2,0,1,0,0,0,0,0,2,0,0,0,0
6761,Pellorneum celebense,0,0,0,0,0,0,0,0,0,0,0,0,0,0,0,0
6762,Pellorneum bicolor,0,0,0,0,0,0,0,0,0,0,0,0,0,0,0,0
6763,Leonardina woodi,0,0,0,0,0,0,0,0,0,0,0,0,0,0,0,0
6764,Malacocincla abbotti,0,0,0,0,0,0,0,0,0,0,0,0,0,0,0,0
6765,Malacocincla sepiaria,0,0,0,0,0,0,0,0,0,0,0,0,0,0,0,0
6766,Malacocincla perspicillata,0,0,0,0,0,0,0,0,0,0,0,0,0,0,0,0
6767,Pellorneum malaccense,0,0,0,2,0,1,0,0,0,0,0,2,0,0,0,0
6768,Pellorneum cinereiceps,0,0,0,0,0,0,0,0,0,0,0,0,0,0,0,0
6769,Pellorneum pyrrogenys,0,0,0,0,0,0,0,0,0,0,0,0,0,0,0,0
6770,Pellorneum albiventre,0,0,0,0,0,0,0,0,0,0,0,0,0,0,0,0
6771,Pellorneum palustre,0,1,0,2,1,1,0,0,0,0,2,0,0,0,0,0
6772,Pellorneum ruficeps,0,0,0,0,0,0,0,0,0,0,0,0,0,0,0,0
6773,Pellorneum fuscocapillus,0,0,0,0,0,0,0,0,0,0,0,0,0,0,0,0
6774,Malacopteron magnirostre,0,0,0,0,0,0,0,0,0,0,0,0,0,0,0,0
6775,Malacopteron affine,0,0,0,2,0,1,0,0,0,0,0,2,0,0,0,0
6776,Malacopteron cinereum,0,0,0,0,0,0,0,0,0,0,0,0,0,0,0,0
6777,Malacopteron magnum,0,0,0,1,0,1,0,0,0,0,0,1,0,0,0,0
6778,Malacopteron palawanense,0,0,0,2,0,0,0,0,0,0,0,2,2,0,0,0
6779,Malacopteron albogulare,0,0,0,1,0,2,0,0,0,0,0,2,0,0,0,0
6780,Illadopsis cleaveri,0,0,0,0,0,0,0,0,0,0,0,0,0,0,0,0
6781,Illadopsis albipectus,0,0,0,0,0,0,0,0,0,0,0,0,0,0,0,0
6782,Illadopsis rufescens,0,0,0,2,0,0,0,0,0,0,0,2,0,0,0,0
6783,Illadopsis puveli,0,0,0,0,0,0,0,0,0,0,0,0,0,0,0,0
6784,Illadopsis fulvescens,0,0,0,0,0,0,0,0,0,0,0,0,0,0,0,0
6785,Illadopsis pyrrhoptera,0,0,0,0,0,0,0,0,0,0,0,0,0,0,0,0
6786,Kakamega poliothorax,0,0,0,0,0,0,0,0,0,0,0,0,0,0,0,0
6787,Illadopsis turdina,0,0,0,0,0,0,0,0,0,0,0,0,0,0,0,0
6788,Erythrogenys hypoleucos,0,0,0,0,0,0,0,0,0,0,0,0,0,0,0,0
6789,Erythrogenys erythrogenys,0,0,0,0,0,0,0,0,0,0,0,0,0,0,0,0
6790,Pomatorhinus schisticeps,0,0,0,0,0,0,0,0,0,0,0,0,0,0,0,0
6791,Pomatorhinus ochraceiceps,0,0,0,0,0,0,0,0,0,0,0,0,0,0,0,0
6792,Pomatorhinus superciliaris,0,0,0,0,0,0,0,0,0,0,0,0,0,0,0,0
6793,Ptilocichla leucogrammica,0,0,0,1,0,0,0,0,0,0,0,2,1,2,0,0
6794,Ptilocichla mindanensis,0,0,0,0,0,0,0,0,0,0,0,0,0,0,0,0
6795,Ptilocichla falcata,0,0,0,2,0,0,0,0,0,0,0,2,2,0,0,0
6796,Kenopia striata,0,0,0,2,0,1,0,0,0,0,0,2,0,1,0,0
6797,Turdinus macrodactylus,0,0,0,2,0,1,0,0,0,0,0,2,0,0,0,0
6798,Gypsophila rufipecta,0,0,0,0,0,0,0,0,0,0,0,0,0,0,0,0
6799,Turdinus atrigularis,0,0,0,2,0,1,0,0,0,0,0,2,0,0,0,0
6800,Turdinus marmoratus,0,0,0,0,0,0,0,0,0,0,0,0,0,0,0,0
6801,Gypsophila brevicaudata,0,0,0,0,0,0,0,0,0,0,0,0,0,0,0,0
6802,Gypsophila crassa,0,0,0,0,0,0,0,0,0,0,0,0,0,0,0,0
6803,Napothera epilepidota,0,0,0,0,0,0,0,0,0,0,0,0,0,0,0,0
6804,Pnoepyga immaculata,0,0,0,0,0,0,0,0,0,0,0,0,0,0,0,0
6805,Pnoepyga pusilla,0,0,0,0,0,0,0,0,0,0,0,0,0,0,0,0
6806,Spelaeornis caudatus,0,0,0,2,0,0,0,0,0,0,1,2,0,0,0,0
6807,Spelaeornis badeigularis,0,0,0,1,0,0,0,0,0,0,0,1,1,0,0,0
6808,Spelaeornis troglodytoides,0,0,0,0,0,0,0,0,0,0,0,0,0,0,0,0
6809,Elachura formosa,0,0,0,0,0,0,0,0,0,0,0,0,0,0,0,0
6810,Spelaeornis longicaudatus,0,0,0,2,0,0,0,0,0,0,2,2,0,0,0,0
6811,Neomixis tenella,0,0,0,0,0,0,0,0,0,0,0,0,0,0,0,0
6812,Neomixis viridis,0,0,0,0,0,0,0,0,0,0,0,0,0,0,0,0
6813,Hartertula flavoviridis,0,0,0,1,0,0,0,0,0,0,0,2,0,0,0,0
6814,Cyanoderma ruficeps,0,0,0,0,0,0,0,0,0,0,0,0,0,0,0,0
6815,Cyanoderma pyrrhops,0,0,0,0,0,0,0,0,0,0,0,0,0,0,0,0
6816,Cyanoderma chrysaeum,0,0,0,0,0,0,0,0,0,0,0,0,0,0,0,0
6817,Sterrhoptilus dennistouni,0,0,0,2,0,1,0,0,0,0,0,2,1,0,0,0
6818,Sterrhoptilus nigrocapitatus,0,0,0,0,0,0,0,0,0,0,0,0,0,0,0,0
6819,Sterrhoptilus capitalis,0,0,0,0,0,0,0,0,0,0,0,0,0,0,0,0
6820,Dasycrotapha speciosa,0,0,0,2,0,0,0,0,0,0,0,2,0,0,0,0
6821,Zosterornis whiteheadi,0,0,0,0,0,0,0,0,0,0,0,0,0,0,0,0
6822,Zosterornis striatus,0,0,0,1,0,0,0,0,0,0,0,1,1,0,0,0
6823,Zosterornis latistriatus,0,0,0,0,0,0,0,0,0,0,0,0,0,0,0,0
6824,Zosterornis nigrorum,0,0,0,2,0,0,0,0,0,0,0,2,0,0,0,0
6825,Zosterornis hypogrammicus,0,0,0,0,0,0,0,0,0,0,0,0,0,0,0,0
6826,Stachyris grammiceps,0,0,0,2,0,1,0,0,0,0,0,2,0,0,0,0
6827,Stachyris herberti,0,0,0,1,0,0,0,0,0,0,0,1,0,0,0,0
6828,Stachyris nigriceps,0,0,0,0,0,0,0,0,0,0,0,0,0,0,0,0
6829,Stachyris poliocephala,0,0,0,0,0,0,0,0,0,0,0,0,0,0,0,0
6830,Stachyris oglei,0,0,0,1,0,0,0,0,0,0,1,1,0,0,0,0
6831,Stachyris strialata,0,0,0,0,0,0,0,0,0,0,0,0,0,0,0,0
6832,Stachyris leucotis,0,0,0,1,0,1,0,0,0,0,0,1,0,0,0,0
6833,Stachyris nigricollis,0,0,0,1,0,1,0,0,0,0,0,1,0,0,0,0
6834,Stachyris thoracica,0,0,0,0,0,0,0,0,0,0,0,0,0,0,0,0
6835,Stachyris maculata,0,0,0,2,0,1,0,0,0,0,0,2,0,0,0,0
6836,Cyanoderma melanothorax,0,0,0,0,0,0,0,0,0,0,0,0,0,0,0,0
6837,Dumetia hyperythra,0,0,0,0,0,0,0,0,0,0,0,0,0,0,0,0
6838,Dumetia atriceps,0,0,0,1,0,0,0,0,0,0,0,0,0,1,0,0
6839,Mixornis kelleyi,0,0,0,0,0,0,0,0,0,0,0,0,0,0,0,0
6840,Macronus striaticeps,0,0,0,0,0,0,0,0,0,0,0,0,0,0,0,0
6841,Macronus ptilosus,0,0,0,2,0,1,0,0,0,0,0,1,0,0,0,0
6842,Timalia pileata,0,0,0,0,0,0,0,0,0,0,0,0,0,0,0,0
6843,Chrysomma sinense,0,0,0,0,0,0,0,0,0,0,0,0,0,0,0,0
6844,Chrysomma altirostre,0,0,0,2,2,2,0,0,0,0,2,0,2,1,0,0
6845,Moupinia poecilotis,0,0,0,0,0,0,0,0,0,0,0,0,0,0,0,0
6846,Acanthoptila nipalensis,0,0,0,0,0,0,0,0,0,0,0,0,0,0,0,0
6847,Argya altirostris,0,0,0,0,0,0,0,0,0,0,0,0,0,0,0,0
6848,Argya caudata,0,0,0,0,0,0,0,0,0,0,0,0,0,0,0,0
6849,Argya earlei,0,0,0,0,0,0,0,0,0,0,0,0,0,0,0,0
6850,Argya gularis,0,0,0,0,0,0,0,0,0,0,0,0,0,0,0,0
6851,Argya longirostris,0,0,0,2,1,1,0,0,0,2,2,0,0,2,0,0
6852,Argya malcolmi,0,0,0,0,0,0,0,0,0,0,0,0,0,0,0,0
6853,Argya squamiceps,0,0,0,0,0,0,0,0,0,0,0,0,0,0,0,0
6854,Argya fulva,0,0,0,0,0,0,0,0,0,0,0,0,0,0,0,0
6855,Argya aylmeri,0,0,0,0,0,0,0,0,0,0,0,0,0,0,0,0
6856,Argya rubiginosa,0,0,0,0,0,0,0,0,0,0,0,0,0,0,0,0
6857,Argya subrufa,0,0,0,0,0,0,0,0,0,0,0,0,0,0,0,0
6858,Argya rufescens,0,0,0,1,0,1,0,0,0,0,0,2,1,0,0,0
6859,Argya affinis,0,0,0,0,0,0,0,0,0,0,0,0,0,0,0,0
6860,Turdoides reinwardtii,0,0,0,0,0,0,0,0,0,0,0,0,0,0,0,0
6861,Turdoides tenebrosa,0,0,0,0,0,0,0,0,0,0,0,0,0,0,0,0
6862,Turdoides melanops,0,0,0,0,0,0,0,0,0,0,0,0,0,0,0,0
6863,Turdoides squamulata,0,0,0,0,0,0,0,0,0,0,0,0,0,0,0,0
6864,Turdoides leucopygia,0,0,0,0,0,0,0,0,0,0,0,0,0,0,0,0
6865,Turdoides hartlaubii,0,0,0,0,0,0,0,0,0,0,0,0,0,0,0,0
6866,Turdoides bicolor,0,0,0,0,0,0,0,0,0,0,0,0,0,0,0,0
6867,Turdoides sharpei,0,0,0,0,0,0,0,0,0,0,0,0,0,0,0,0
6868,Turdoides hypoleuca,0,0,0,0,0,0,0,0,0,0,0,0,0,0,0,0
6869,Turdoides hindei,0,0,0,3,0,0,0,0,1,0,1,0,0,0,0,1
6870,Turdoides plebejus,0,0,0,0,0,0,0,0,0,0,0,0,0,0,0,0
6871,Turdoides leucocephala,0,0,0,0,0,0,0,0,0,0,0,0,0,0,0,0
6872,Turdoides jardineii,0,0,0,0,0,0,0,0,0,0,0,0,0,0,0,0
6873,Turdoides gymnogenys,0,0,0,0,0,0,0,0,0,0,0,0,0,0,0,0
6874,Pterorhinus waddelli,0,0,0,0,0,0,0,0,0,0,1,2,0,0,0,0
6875,Pterorhinus koslowi,0,0,0,0,0,0,0,0,0,0,0,1,0,0,0,0
6876,Leiothrix lutea,0,0,0,0,0,0,0,0,0,0,0,0,0,0,0,0
6877,Pteruthius rufiventer,0,0,0,0,0,0,0,0,0,0,0,0,0,0,0,0
6878,Pteruthius xanthochlorus,0,0,0,0,0,0,0,0,0,0,0,0,0,0,0,0
6879,Pteruthius melanotis,0,0,0,0,0,0,0,0,0,0,0,0,0,0,0,0
6880,Pteruthius aenobarbus,0,0,0,0,0,0,0,0,0,0,0,0,0,0,0,0
6881,Actinodura sodangorum,0,0,0,2,0,0,0,0,0,0,0,0,1,0,0,0
6882,Actinodura egertoni,0,0,0,0,0,0,0,0,0,0,0,0,0,0,0,0
6883,Sibia nipalensis,0,0,0,0,0,0,0,0,0,0,0,0,0,0,0,0
6884,Sibia waldeni,0,0,0,0,0,0,0,0,0,0,0,0,0,0,0,0
6885,Sibia souliei,0,0,0,0,0,0,0,0,0,0,0,0,0,0,0,0
6886,Sibia morrisoniana,0,0,0,0,0,0,0,0,0,0,0,0,0,0,0,0
6887,Siva cyanouroptera,0,0,0,0,0,0,0,0,0,0,0,0,0,0,0,0
6888,Chrysominla strigula,0,0,0,0,0,0,0,0,0,0,0,0,0,0,0,0
6889,Minla ignotincta,0,0,0,0,0,0,0,0,0,0,0,0,0,0,0,0
6890,Lioparus chrysotis,0,0,0,0,0,0,0,0,0,0,0,0,0,0,0,0
6891,Schoeniparus variegaticeps,0,0,0,2,0,1,0,0,0,0,2,2,0,0,0,0
6892,Schoeniparus cinereus,0,0,0,0,0,0,0,0,0,0,0,0,0,0,0,0
6893,Fulvetta vinipectus,0,0,0,0,0,0,0,0,0,0,0,0,0,0,0,0
6894,Fulvetta striaticollis,0,0,0,0,0,0,0,0,0,0,0,0,0,0,0,0
6895,Fulvetta ludlowi,0,0,0,0,0,0,0,0,0,0,0,0,0,0,0,0
6896,Schoeniparus rufogularis,0,0,0,0,0,0,0,0,0,0,0,0,0,0,0,0
6897,Schoeniparus brunneus,0,0,0,0,0,0,0,0,0,0,0,0,0,0,0,0
6898,Schoeniparus dubius,0,0,0,0,0,0,0,0,0,0,0,0,0,0,0,0
6899,Alcippe brunneicauda,0,0,0,2,0,1,0,0,0,0,0,2,0,0,0,0
6900,Alcippe poioicephala,0,0,0,0,0,0,0,0,0,0,0,0,0,0,0,0
6901,Alcippe pyrrhoptera,0,0,0,0,0,0,0,0,0,0,0,0,0,0,0,0
6902,Alcippe morrisonia,0,0,0,0,0,0,0,0,0,0,0,0,0,0,0,0
6903,Alcippe nipalensis,0,0,0,0,0,0,0,0,0,0,0,0,0,0,0,0
6904,Sylvia nigricapillus,0,2,0,0,0,0,0,0,0,0,0,0,0,2,0,0
6905,Kupeornis gilberti,0,0,0,2,0,1,0,0,0,0,1,2,0,0,0,0
6906,Kupeornis rufocinctus,0,2,0,1,0,0,0,0,0,0,0,0,0,0,0,0
6907,Kupeornis chapini,0,0,0,2,0,0,0,0,0,0,0,0,0,0,0,0
6908,Sylvia galinieri,0,0,0,0,0,0,0,0,0,0,0,0,0,0,0,0
6909,Laniellus langbianis,0,0,0,2,2,2,0,0,0,0,0,2,1,0,0,0
6910,Laniellus albonotatus,0,0,0,1,0,1,0,0,1,0,0,1,0,0,0,0
6911,Leioptila annectens,0,0,0,0,0,0,0,0,0,0,0,0,0,0,0,0
6912,Heterophasia capistrata,0,0,0,0,0,0,0,0,0,0,0,0,0,0,0,0
6913,Heterophasia gracilis,0,0,0,0,0,0,0,0,0,0,0,0,0,0,0,0
6914,Heterophasia auricularis,0,0,0,0,0,0,0,0,0,0,0,0,0,0,0,0
6915,Heterophasia pulchella,0,0,0,0,0,0,0,0,0,0,0,0,0,0,0,0
6916,Heterophasia picaoides,0,0,0,0,0,0,0,0,0,0,0,0,0,0,0,0
6917,Staphida everetti,0,0,0,0,0,0,0,0,0,0,0,0,0,0,0,0
6918,Yuhina bakeri,0,0,0,0,0,0,0,0,0,0,0,0,0,0,0,0
6919,Yuhina flavicollis,0,0,0,0,0,0,0,0,0,0,0,0,0,0,0,0
6920,Yuhina humilis,0,0,0,0,0,0,0,0,0,0,0,0,0,0,0,0
6921,Yuhina gularis,0,0,0,0,0,0,0,0,0,0,0,0,0,0,0,0
6922,Parayuhina diademata,0,0,0,0,0,0,0,0,0,0,0,0,0,0,0,0
6923,Yuhina occipitalis,0,0,0,0,0,0,0,0,0,0,0,0,0,0,0,0
6924,Yuhina brunneiceps,0,0,0,0,0,0,0,0,0,0,0,0,0,0,0,0
6925,Yuhina nigrimenta,0,0,0,0,0,0,0,0,0,0,0,0,0,0,0,0
6926,Erpornis zantholeuca,0,0,0,0,0,0,0,0,0,0,0,0,0,0,0,0
6927,Myzornis pyrrhoura,0,0,0,0,0,0,0,0,0,0,0,0,0,0,0,0
6928,Oxylabes madagascariensis,0,0,0,0,0,0,0,0,0,0,0,0,0,0,0,0
6929,Crossleyia xanthophrys,0,0,0,1,0,0,0,0,0,0,1,1,0,0,0,0
6930,Mystacornis crossleyi,0,0,0,0,0,0,0,0,0,0,0,0,0,0,0,0
6931,Panurus biarmicus,0,0,0,0,0,0,0,0,0,0,0,0,0,0,0,0
6932,Paradoxornis aemodium,0,0,0,0,0,0,0,0,0,0,0,0,0,0,0,0
6933,Paradoxornis paradoxus,0,0,0,0,0,0,0,0,0,0,0,0,0,0,0,0
6934,Paradoxornis unicolor,0,0,0,0,0,0,0,0,0,0,0,0,0,0,0,0
6935,Paradoxornis flavirostris,0,2,0,2,1,2,0,0,0,0,2,0,0,2,0,0
6936,Paradoxornis guttaticollis,0,0,0,0,0,0,0,0,0,0,0,0,0,0,0,0
6937,Suthora conspicillata,0,0,0,0,0,0,0,0,0,0,0,0,0,0,0,0
6938,Suthora webbiana,0,0,0,0,0,0,0,0,0,0,0,0,0,0,0,0
6939,Suthora alphonsiana,0,0,0,0,0,0,0,0,0,0,0,0,0,0,0,0
6940,Suthora zappeyi,0,0,0,1,0,0,0,0,0,0,1,1,1,0,0,0
6941,Suthora przewalskii,0,0,0,1,0,0,0,0,0,0,0,1,0,0,0,0
6942,Suthora fulvifrons,0,0,0,0,0,0,0,0,0,0,0,0,0,0,0,0
6943,Suthora nipalensis,0,0,0,0,0,0,0,0,0,0,0,0,0,0,0,0
6944,Suthora verreauxi,0,0,0,0,0,0,0,0,0,0,0,0,0,0,0,0
6945,Suthora davidiana,0,0,0,0,0,0,0,0,0,0,0,0,0,0,0,0
6946,Suthora atrosuperciliaris,0,0,0,0,0,0,0,0,0,0,0,0,0,0,0,0
6947,Paradoxornis heudei,0,0,0,2,0,0,0,0,0,0,0,0,2,0,0,0
6948,Rhabdornis mystacalis,0,0,0,0,0,0,0,0,0,0,0,0,0,0,0,0
6949,Rhabdornis grandis,0,0,0,0,0,0,0,0,0,0,0,0,0,0,0,0
6950,Chamaea fasciata,0,0,0,0,0,0,0,0,0,0,0,0,0,0,0,0
6951,Curruca buryi,0,0,0,1,0,0,0,0,0,0,0,2,1,0,0,0
6952,Curruca lugens,0,0,0,0,0,0,0,0,0,0,0,0,0,0,0,0
6953,Curruca boehmi,0,0,0,0,0,0,0,0,0,0,0,0,0,0,0,0
6954,Curruca layardi,0,0,0,0,0,0,0,0,0,0,0,0,0,0,0,0
6955,Curruca subcoerulea,0,0,0,0,0,0,0,0,0,0,0,0,0,0,0,0
6956,Sylvia atricapilla,0,0,0,0,0,0,0,0,0,0,0,0,0,0,0,0
6957,Sylvia borin,0,0,0,0,0,0,0,0,0,0,0,0,0,0,0,0
6958,Curruca communis,0,0,0,0,0,0,0,0,0,0,0,0,0,0,0,0
6959,Curruca nisoria,0,0,0,0,0,0,0,0,0,0,0,0,0,0,0,0
6960,Curruca leucomelaena,0,0,0,0,0,0,0,0,0,0,0,0,0,0,0,0
6961,Curruca ruppeli,0,0,0,0,0,0,0,0,0,0,0,0,0,0,0,0
6962,Curruca melanocephala,0,0,0,0,0,0,0,0,0,0,0,0,0,0,0,0
6963,Curruca melanothorax,0,0,0,0,0,0,0,0,0,0,0,0,0,0,0,0
6964,Curruca mystacea,0,0,0,0,0,0,0,0,0,0,0,0,0,0,0,0
6965,Curruca conspicillata,0,0,0,0,0,0,0,0,0,0,0,0,0,0,0,0
6966,Curruca deserticola,0,0,0,0,0,0,0,0,0,0,0,0,0,0,0,0
6967,Curruca undata,0,2,0,0,0,2,0,0,0,0,1,0,0,1,0,0
6968,Mirafra passerina,0,0,0,0,0,0,0,0,0,0,0,0,0,0,0,0
6969,Mirafra cheniana,0,1,0,2,0,0,0,0,0,1,2,0,2,0,0,0
6970,Mirafra albicauda,0,0,0,0,0,0,0,0,0,0,0,0,0,0,0,0
6971,Eremopterix hova,0,0,0,0,0,0,0,0,0,0,0,0,0,0,0,0
6972,Mirafra cordofanica,0,0,0,0,0,0,0,0,0,0,0,0,0,0,0,0
6973,Mirafra williamsi,0,0,0,0,0,0,0,0,0,0,0,0,0,0,0,0
6974,Mirafra pulpa,0,0,0,0,0,0,0,0,0,0,0,0,0,0,0,0
6975,Mirafra hypermetra,0,0,0,0,0,0,0,0,0,0,0,0,0,0,0,0
6976,Mirafra sharpii,0,0,0,2,0,0,0,0,0,0,2,0,0,0,0,0
6977,Mirafra angolensis,0,0,0,0,0,0,0,0,0,0,0,0,0,0,0,0
6978,Mirafra rufocinnamomea,0,0,0,0,0,0,0,0,0,0,0,0,0,0,0,0
6979,Mirafra collaris,0,0,0,0,0,0,0,0,0,0,0,0,0,0,0,0
6980,Mirafra erythroptera,0,0,0,0,0,0,0,0,0,0,0,0,0,0,0,0
6981,Calendulauda rufa,0,0,0,0,0,0,0,0,0,0,0,0,0,0,0,0
6982,Calendulauda poecilosterna,0,0,0,0,0,0,0,0,0,0,0,0,0,0,0,0
6983,Calendulauda sabota,0,0,0,0,0,0,0,0,0,0,0,0,0,0,0,0
6984,Pinarocorys erythropygia,0,0,0,0,0,0,0,0,0,0,0,0,0,0,0,0
6985,Pinarocorys nigricans,0,0,0,0,0,0,0,0,0,0,0,0,0,0,0,0
6986,Heteromirafra ruddi,0,1,0,2,0,2,0,0,0,2,2,0,2,0,0,0
6987,Certhilauda chuana,0,1,0,0,0,0,0,0,0,0,0,0,0,0,0,0
6988,Calendulauda albescens,0,0,0,0,0,0,0,0,0,0,0,0,0,0,0,0
6989,Calendulauda burra,0,2,0,0,0,0,0,0,0,2,2,0,0,0,0,0
6990,Chersomanes albofasciata,0,0,0,0,0,0,0,0,0,0,0,0,0,0,0,0
6991,Eremopterix leucotis,0,0,0,0,0,0,0,0,0,0,0,0,0,0,0,0
6992,Eremopterix australis,0,0,0,0,0,0,0,0,0,0,0,0,0,0,0,0
6993,Eremopterix verticalis,0,0,0,0,0,0,0,0,0,0,0,0,0,0,0,0
6994,Eremopterix leucopareia,0,0,0,0,0,0,0,0,0,0,0,0,0,0,0,0
6995,Eremopterix signatus,0,0,0,0,0,0,0,0,0,0,0,0,0,0,0,0
6996,Eremopterix nigriceps,0,0,0,0,0,0,0,0,0,0,0,0,0,0,0,0
6997,Eremopterix griseus,0,0,0,0,0,0,0,0,0,0,0,0,0,0,0,0
6998,Ammomanes cinctura,0,0,0,0,0,0,0,0,0,0,0,0,0,0,0,0
6999,Ammomanes phoenicura,0,0,0,0,0,0,0,0,0,0,0,0,0,0,0,0
7000,Ammomanes deserti,0,0,0,0,0,0,0,0,0,0,0,0,0,0,0,0
7001,Ammomanopsis grayi,0,0,0,0,0,0,0,0,0,0,0,0,0,0,0,0
7002,Alaemon alaudipes,0,0,0,0,0,0,0,0,0,0,0,0,0,0,0,0
7003,Alaemon hamertoni,0,0,0,0,0,0,0,0,0,0,0,0,0,0,0,0
7004,Ramphocoris clotbey,0,0,0,0,0,0,0,0,0,0,0,0,0,0,0,0
7005,Melanocorypha calandra,0,0,0,0,0,0,0,0,0,0,0,0,0,0,0,0
7006,Melanocorypha bimaculata,0,0,0,0,0,0,0,0,0,0,0,0,0,0,0,0
7007,Melanocorypha maxima,0,0,0,0,0,0,0,0,0,0,0,0,0,0,0,0
7008,Melanocorypha mongolica,0,0,0,0,0,0,0,0,0,0,0,0,0,0,0,0
7009,Alauda leucoptera,0,0,0,0,0,0,0,0,0,0,0,0,0,0,0,0
7010,Melanocorypha yeltoniensis,0,0,0,1,0,0,0,0,0,0,1,0,0,0,0,0
7011,Calandrella acutirostris,0,0,0,0,0,0,0,0,0,0,0,0,0,0,0,0
7012,Alaudala raytal,0,0,0,0,0,0,0,0,0,0,0,0,0,0,0,0
7013,Alaudala somalica,0,0,0,0,0,0,0,0,0,0,0,0,0,0,0,0
7014,Spizocorys conirostris,0,0,0,0,0,0,0,0,0,0,0,0,0,0,0,0
7015,Spizocorys sclateri,0,0,0,0,0,0,0,0,0,0,0,0,0,0,0,0
7016,Spizocorys obbiensis,0,0,0,0,0,0,0,0,0,0,0,0,0,0,0,0
7017,Spizocorys personata,0,0,0,0,0,0,0,0,0,0,0,0,0,0,0,0
7018,Spizocorys fringillaris,0,2,0,2,0,2,0,0,0,2,0,0,1,2,0,0
7019,Spizocorys starki,0,0,0,0,0,0,0,0,0,0,0,0,0,0,0,0
7020,Chersophilus duponti,0,0,0,1,0,1,0,0,0,0,1,0,1,1,0,0
7021,Galerida cristata,0,0,0,0,0,0,0,0,0,0,0,0,0,0,0,0
7022,Galerida theklae,0,0,0,0,0,0,0,0,0,0,0,0,0,0,0,0
7023,Galerida malabarica,0,0,0,0,0,0,0,0,0,0,0,0,0,0,0,0
7024,Galerida deva,0,0,0,0,0,0,0,0,0,0,0,0,0,0,0,0
7025,Galerida modesta,0,0,0,0,0,0,0,0,0,0,0,0,0,0,0,0
7026,Galerida magnirostris,0,0,0,0,0,0,0,0,0,0,0,0,0,0,0,0
7027,Spizocorys fremantlii,0,0,0,0,0,0,0,0,0,0,0,0,0,0,0,0
7028,Lullula arborea,0,0,0,0,0,0,0,0,0,0,0,0,0,0,0,0
7029,Alauda gulgula,0,0,0,0,0,0,0,0,0,0,0,0,0,0,0,0
7030,Alauda razae,0,2,0,0,0,0,0,0,0,3,0,0,0,0,0,0
7031,Eremophila alpestris,0,0,0,1,0,0,0,0,0,1,1,0,0,0,1,0
7032,Eremophila bilopha,0,0,0,0,0,0,0,0,0,0,0,0,0,0,0,0
7033,Promerops gurneyi,0,0,0,0,0,0,0,0,0,0,0,0,0,1,0,0
7034,Promerops cafer,0,0,0,0,0,0,0,0,0,0,0,0,0,0,0,0
7035,Prionochilus olivaceus,0,0,0,0,0,0,0,0,0,0,0,0,0,0,0,0
7036,Prionochilus maculatus,0,0,0,0,0,0,0,0,0,0,0,0,0,0,0,0
7037,Prionochilus percussus,0,0,0,0,0,0,0,0,0,0,0,0,0,0,0,0
7038,Prionochilus plateni,0,0,0,0,0,0,0,0,0,0,0,0,0,0,0,0
7039,Prionochilus xanthopygius,0,0,0,0,0,0,0,0,0,0,0,0,0,0,0,0
7040,Prionochilus thoracicus,0,0,0,2,0,1,0,0,0,0,0,2,0,1,0,0
7041,Dicaeum annae,0,0,0,0,0,0,0,0,0,0,0,0,0,0,0,0
7042,Dicaeum everetti,0,0,0,1,0,1,0,0,0,0,0,1,0,0,0,0
7043,Dicaeum proprium,0,0,0,1,0,0,0,0,0,0,0,1,0,0,0,0
7044,Dicaeum chrysorrheum,0,0,0,0,0,0,0,0,0,0,0,0,0,0,0,0
7045,Dicaeum melanozanthum,0,0,0,0,0,0,0,0,0,0,0,0,0,0,0,0
7046,Dicaeum vincens,0,0,0,1,0,1,0,0,0,0,0,1,1,1,0,0
7047,Dicaeum aureolimbatum,0,0,0,0,0,0,0,0,0,0,0,0,0,0,0,0
7048,Dicaeum nigrilore,0,0,0,0,0,0,0,0,0,0,0,0,0,0,0,0
7049,Dicaeum bicolor,0,0,0,0,0,0,0,0,0,0,0,0,0,0,0,0
7050,Dicaeum quadricolor,0,1,0,2,0,0,0,0,0,0,0,1,2,0,0,0
7051,Dicaeum haematostictum,0,0,0,1,0,0,0,0,0,0,0,1,0,0,0,0
7052,Dicaeum retrocinctum,0,0,0,2,0,0,0,0,0,0,0,2,1,0,0,0
7053,Dicaeum trigonostigma,0,0,0,0,0,0,0,0,0,0,0,0,0,0,0,0
7054,Dicaeum hypoleucum,0,0,0,0,0,0,0,0,0,0,0,0,0,0,0,0
7055,Dicaeum erythrorhynchos,0,0,0,0,0,0,0,0,0,0,0,0,0,0,0,0
7056,Dicaeum pygmaeum,0,0,0,0,0,0,0,0,0,0,0,0,0,0,0,0
7057,Dicaeum nehrkorni,0,0,0,0,0,0,0,0,0,0,0,0,0,0,0,0
7058,Dicaeum vulneratum,0,0,0,0,0,0,0,0,0,0,0,0,0,0,0,0
7059,Dicaeum pectorale,0,0,0,0,0,0,0,0,0,0,0,0,0,0,0,0
7060,Dicaeum geelvinkianum,0,0,0,0,0,0,0,0,0,0,0,0,0,0,0,0
7061,Dicaeum nitidum,0,0,0,0,0,0,0,0,0,0,0,0,0,0,0,0
7062,Dicaeum eximium,0,0,0,0,0,0,0,0,0,0,0,0,0,0,0,0
7063,Dicaeum aeneum,0,0,0,0,0,0,0,0,0,0,0,0,0,0,0,0
7064,Dicaeum tristrami,0,0,0,0,0,0,0,0,0,0,0,0,0,0,0,0
7065,Dicaeum igniferum,0,0,0,0,0,0,0,0,0,0,0,0,0,0,0,0
7066,Dicaeum maugei,0,0,0,0,0,0,0,0,0,0,0,0,0,0,0,0
7067,Dicaeum monticolum,0,0,0,0,0,0,0,0,0,0,0,0,0,0,0,0
7068,Dicaeum celebicum,0,0,0,0,0,0,0,0,0,0,0,0,0,0,0,0
7069,Dicaeum cruentatum,0,0,0,0,0,0,0,0,0,0,0,0,0,0,0,0
7070,Dicaeum trochileum,0,0,0,0,0,0,0,0,0,0,0,0,0,0,0,0
7071,Anthreptes reichenowi,0,0,0,2,0,0,0,0,0,0,0,2,0,0,0,0
7072,Anthreptes anchietae,0,0,0,0,0,0,0,0,0,0,0,0,0,0,0,0
7073,Anthreptes simplex,0,0,0,0,0,0,0,0,0,0,0,0,0,0,0,0
7074,Anthreptes rhodolaemus,0,0,0,1,0,1,0,0,0,0,0,1,0,0,0,0
7075,Chalcoparia singalensis,0,0,0,0,0,0,0,0,0,0,0,0,0,0,0,0
7076,Anthreptes gabonicus,0,0,0,0,0,0,0,0,0,0,0,0,0,0,0,0
7077,Anthreptes longuemarei,0,0,0,0,0,0,0,0,0,0,0,0,0,0,0,0
7078,Anthreptes orientalis,0,0,0,0,0,0,0,0,0,0,0,0,0,0,0,0
7079,Anthreptes neglectus,0,0,0,0,0,0,0,0,0,0,0,0,0,0,0,0
7080,Anthreptes aurantius,0,0,0,0,0,0,0,0,0,0,0,0,0,0,0,0
7081,Hedydipna pallidigaster,0,0,0,1,0,0,0,0,0,0,0,1,0,0,0,0
7082,Anthreptes rubritorques,0,0,0,2,0,0,0,0,0,0,0,2,0,2,0,0
7083,Hedydipna collaris,0,0,0,0,0,0,0,0,0,0,0,0,0,0,0,0
7084,Hedydipna platura,0,0,0,0,0,0,0,0,0,0,0,0,0,0,0,0
7085,Hedydipna metallica,0,0,0,0,0,0,0,0,0,0,0,0,0,0,0,0
7086,Kurochkinegramma hypogrammica,0,0,0,0,0,0,0,0,0,0,0,0,0,0,0,0
7087,Anthreptes seimundi,0,0,0,0,0,0,0,0,0,0,0,0,0,0,0,0
7088,Cinnyris batesi,0,0,0,0,0,0,0,0,0,0,0,0,0,0,0,0
7089,Cyanomitra olivacea,0,0,0,0,0,0,0,0,0,0,0,0,0,0,0,0
7090,Anthobaphes violacea,0,0,0,0,0,0,0,0,0,0,0,0,0,0,0,0
7091,Cyanomitra verreauxii,0,0,0,0,0,0,0,0,0,0,0,0,0,0,0,0
7092,Anabathmis reichenbachii,0,0,0,0,0,0,0,0,0,0,0,0,0,0,0,0
7093,Anabathmis hartlaubii,0,0,0,0,0,0,0,0,0,0,0,0,0,0,0,0
7094,Anabathmis newtonii,0,0,0,0,0,0,0,0,0,0,0,0,0,0,0,0
7095,Dreptes thomensis,0,0,0,1,0,0,0,0,0,0,0,1,1,0,0,0
7096,Cyanomitra oritis,0,0,0,0,0,0,0,0,0,0,0,0,0,0,0,0
7097,Cyanomitra alinae,0,0,0,0,0,0,0,0,0,0,0,0,0,0,0,0
7098,Cyanomitra verticalis,0,0,0,0,0,0,0,0,0,0,0,0,0,0,0,0
7099,Cyanomitra bannermani,0,0,0,0,0,0,0,0,0,0,0,0,0,0,0,0
7100,Cyanomitra cyanolaema,0,0,0,0,0,0,0,0,0,0,0,0,0,0,0,0
7101,Chalcomitra balfouri,0,0,0,0,0,0,0,0,0,0,2,2,0,0,0,0
7102,Cinnyris dussumieri,0,0,0,0,0,0,0,0,0,0,0,0,0,0,0,0
7103,Chalcomitra fuliginosa,0,0,0,0,0,0,0,0,0,0,0,0,0,0,0,0
7104,Chalcomitra amethystina,0,0,0,0,0,0,0,0,0,0,0,0,0,0,0,0
7105,Chalcomitra rubescens,0,0,0,0,0,0,0,0,0,0,0,0,0,0,0,0
7106,Chalcomitra senegalensis,0,0,0,0,0,0,0,0,0,0,0,0,0,0,0,0
7107,Chalcomitra hunteri,0,0,0,0,0,0,0,0,0,0,0,0,0,0,0,0
7108,Chalcomitra adelberti,0,0,0,0,0,0,0,0,0,0,0,0,0,0,0,0
7109,Leptocoma zeylonica,0,0,0,0,0,0,0,0,0,0,0,0,0,0,0,0
7110,Leptocoma minima,0,0,0,0,0,0,0,0,0,0,0,0,0,0,0,0
7111,Leptocoma aspasia,0,0,0,0,0,0,0,0,0,0,0,0,0,0,0,0
7112,Leptocoma calcostetha,0,0,0,0,0,0,0,0,0,0,0,0,0,0,0,0
7113,Cinnyris buettikoferi,0,0,0,0,0,0,0,0,0,0,0,0,0,0,0,0
7114,Cinnyris solaris,0,0,0,0,0,0,0,0,0,0,0,0,0,0,0,0
7115,Cinnyris sovimanga,0,0,0,0,0,0,0,0,0,0,0,0,0,0,0,0
7116,Cinnyris humbloti,0,0,0,0,0,0,0,0,0,0,0,0,0,0,0,0
7117,Cinnyris comorensis,0,0,0,0,0,0,0,0,0,0,0,0,0,0,0,0
7118,Cinnyris coquerellii,0,0,0,0,0,0,0,0,0,0,0,0,0,0,0,0
7119,Cinnyris venustus,0,0,0,0,0,0,0,0,0,0,0,0,0,0,0,0
7120,Cinnyris ursulae,0,0,0,1,0,0,0,0,0,0,0,1,0,0,0,0
7121,Cinnyris talatala,0,0,0,0,0,0,0,0,0,0,0,0,0,0,0,0
7122,Cinnyris oustaleti,0,0,0,0,0,0,0,0,0,0,0,0,0,0,0,0
7123,Cinnyris bouvieri,0,0,0,0,0,0,0,0,0,0,0,0,0,0,0,0
7124,Cinnyris osea,0,0,0,0,0,0,0,0,0,0,0,0,0,0,0,0
7125,Cinnyris asiaticus,0,0,0,0,0,0,0,0,0,0,0,0,0,0,0,0
7126,Cinnyris lotenius,0,0,0,0,0,0,0,0,0,0,0,0,0,0,0,0
7127,Cinnyris chalybeus,0,0,0,0,0,0,0,0,0,0,0,0,0,0,0,0
7128,Cinnyris reichenowi,0,0,0,0,0,0,0,0,0,0,0,0,0,0,0,0
7129,Cinnyris neergaardi,0,1,0,0,0,0,0,0,0,1,0,2,0,2,0,0
7130,Cinnyris chloropygius,0,0,0,0,0,0,0,0,0,0,0,0,0,0,0,0
7131,Cinnyris minullus,0,0,0,0,0,0,0,0,0,0,0,0,0,0,0,0
7132,Cinnyris regius,0,0,0,0,0,0,0,0,0,0,0,0,0,0,0,0
7133,Cinnyris loveridgei,0,0,0,2,0,0,0,0,0,0,0,2,0,0,0,0
7134,Cinnyris moreaui,0,0,0,2,0,0,0,0,0,0,0,2,0,0,0,0
7135,Cinnyris rockefelleri,0,2,0,0,0,0,0,0,0,0,0,0,1,0,0,1
7136,Cinnyris cupreus,0,0,0,0,0,0,0,0,0,0,0,0,0,0,0,0
7137,Cinnyris fuscus,0,0,0,0,0,0,0,0,0,0,0,0,0,0,0,0
7138,Cinnyris rufipennis,0,0,0,2,0,2,0,0,1,0,0,2,0,0,0,0
7139,Nectarinia tacazze,0,0,0,0,0,0,0,0,0,0,0,0,0,0,0,0
7140,Nectarinia purpureiventris,0,0,0,0,0,0,0,0,0,0,0,0,0,0,0,0
7141,Nectarinia bocagii,0,0,0,0,0,0,0,0,0,0,0,0,0,0,0,0
7142,Nectarinia kilimensis,0,0,0,0,0,0,0,0,0,0,0,0,0,0,0,0
7143,Drepanorhynchus reichenowi,0,0,0,0,0,0,0,0,0,0,0,0,0,0,0,0
7144,Nectarinia famosa,0,0,0,0,0,0,0,0,0,0,0,0,0,0,0,0
7145,Nectarinia johnstoni,0,0,0,0,0,0,0,0,0,0,0,0,0,0,0,0
7146,Cinnyris shelleyi,0,0,0,0,0,0,0,0,0,0,0,0,0,0,0,0
7147,Cinnyris erythrocercus,0,0,0,0,0,0,0,0,0,0,0,0,0,0,0,0
7148,Cinnyris congensis,0,0,0,0,0,0,0,0,0,0,0,0,0,0,0,0
7149,Cinnyris mariquensis,0,0,0,0,0,0,0,0,0,0,0,0,0,0,0,0
7150,Cinnyris chalcomelas,0,0,0,0,0,0,0,0,0,0,0,0,0,0,0,0
7151,Cinnyris pembae,0,0,0,0,0,0,0,0,0,0,0,0,0,0,0,0
7152,Cinnyris coccinigastrus,0,0,0,0,0,0,0,0,0,0,0,0,0,0,0,0
7153,Cinnyris johannae,0,0,0,0,0,0,0,0,0,0,0,0,0,0,0,0
7154,Cinnyris superbus,0,0,0,0,0,0,0,0,0,0,0,0,0,0,0,0
7155,Cinnyris nectarinioides,0,0,0,0,0,0,0,0,0,0,0,0,0,0,0,0
7156,Aethopyga primigenia,0,0,0,1,0,1,0,0,0,0,0,1,0,0,0,0
7157,Aethopyga boltoni,0,0,0,1,0,0,0,0,0,0,0,1,0,0,0,0
7158,Aethopyga pulcherrima,0,0,0,0,0,0,0,0,0,0,0,0,0,0,0,0
7159,Aethopyga duyvenbodei,0,0,0,2,0,0,0,0,0,0,0,2,0,2,0,0
7160,Aethopyga gouldiae,0,0,0,0,0,0,0,0,0,0,0,0,0,0,0,0
7161,Aethopyga nipalensis,0,0,0,0,0,0,0,0,0,0,0,0,0,0,0,0
7162,Aethopyga eximia,0,0,0,0,0,0,0,0,0,0,0,0,0,0,0,0
7163,Aethopyga saturata,0,0,0,0,0,0,0,0,0,0,0,0,0,0,0,0
7164,Aethopyga ignicauda,0,0,0,0,0,0,0,0,0,0,0,0,0,0,0,0
7165,Arachnothera crassirostris,0,0,0,0,0,0,0,0,0,0,0,0,0,0,0,0
7166,Arachnothera robusta,0,0,0,0,0,0,0,0,0,0,0,0,0,0,0,0
7167,Arachnothera flavigaster,0,0,0,0,0,0,0,0,0,0,0,0,0,0,0,0
7168,Arachnothera chrysogenys,0,0,0,0,0,0,0,0,0,0,0,0,0,0,0,0
7169,Arachnothera clarae,0,0,0,0,0,0,0,0,0,0,0,0,0,0,0,0
7170,Arachnothera magna,0,0,0,0,0,0,0,0,0,0,0,0,0,0,0,0
7171,Arachnothera juliae,0,0,0,0,0,0,0,0,0,0,0,0,0,0,0,0
7172,Melanocharis arfakiana,0,0,0,0,0,0,0,0,0,0,0,0,0,0,0,0
7173,Melanocharis nigra,0,0,0,0,0,0,0,0,0,0,0,0,0,0,0,0
7174,Melanocharis longicauda,0,0,0,0,0,0,0,0,0,0,0,0,0,0,0,0
7175,Melanocharis versteri,0,0,0,0,0,0,0,0,0,0,0,0,0,0,0,0
7176,Melanocharis striativentris,0,0,0,0,0,0,0,0,0,0,0,0,0,0,0,0
7177,Toxorhamphus poliopterus,0,0,0,0,0,0,0,0,0,0,0,0,0,0,0,0
7178,Toxorhamphus novaeguineae,0,0,0,0,0,0,0,0,0,0,0,0,0,0,0,0
7179,Oedistoma iliolophus,0,0,0,0,0,0,0,0,0,0,0,0,0,0,0,0
7180,Oedistoma pygmaeum,0,0,0,0,0,0,0,0,0,0,0,0,0,0,0,0
7181,Oreocharis arfaki,0,0,0,0,0,0,0,0,0,0,0,0,0,0,0,0
7182,Passer ammodendri,0,0,0,0,0,0,0,0,0,0,0,0,0,0,0,0
7183,Passer hispaniolensis,0,0,0,0,0,0,0,0,0,0,0,0,0,0,1,0
7184,Passer pyrrhonotus,0,0,0,0,0,0,0,0,0,0,0,0,0,0,0,0
7185,Passer castanopterus,0,0,0,0,0,0,0,0,0,0,0,0,0,0,0,0
7186,Passer cinnamomeus,0,0,0,0,0,0,0,0,0,0,0,0,0,0,0,0
7187,Passer flaveolus,0,0,0,0,0,0,0,0,0,0,0,0,0,0,0,0
7188,Passer moabiticus,0,0,0,0,0,0,0,0,0,0,0,0,0,0,0,0
7189,Passer iagoensis,0,0,0,0,0,0,0,0,0,0,0,0,0,0,0,0
7190,Passer rufocinctus,0,0,0,0,0,0,0,0,0,0,0,0,0,0,0,0
7191,Passer melanurus,0,0,0,0,0,0,0,0,0,0,0,0,0,0,0,0
7192,Passer griseus,0,0,0,0,0,0,0,0,0,0,0,0,0,0,0,0
7193,Passer swainsonii,0,0,0,0,0,0,0,0,0,0,0,0,0,0,0,0
7194,Passer gongonensis,0,0,0,0,0,0,0,0,0,0,0,0,0,0,0,0
7195,Passer suahelicus,0,0,0,0,0,0,0,0,0,0,0,0,0,0,0,0
7196,Passer diffusus,0,0,0,0,0,0,0,0,0,0,0,0,0,0,0,0
7197,Passer montanus,0,0,0,0,0,0,0,0,0,0,0,0,0,0,0,0
7198,Passer luteus,0,0,0,0,0,0,0,0,0,0,0,0,0,0,0,0
7199,Passer euchlorus,0,0,0,0,0,0,0,0,0,0,0,0,0,0,0,0
7200,Passer eminibey,0,0,0,0,0,0,0,0,0,0,0,0,0,0,0,0
7201,Gymnoris pyrgita,0,0,0,0,0,0,0,0,0,0,0,0,0,0,0,0
7202,Gymnoris xanthocollis,0,0,0,0,0,0,0,0,0,0,0,0,0,0,0,0
7203,Gymnoris superciliaris,0,0,0,0,0,0,0,0,0,0,0,0,0,0,0,0
7204,Gymnoris dentata,0,0,0,0,0,0,0,0,0,0,0,0,0,0,0,0
7205,Petronia petronia,0,0,0,0,0,0,0,0,0,0,0,0,0,0,0,0
7206,Carpospiza brachydactyla,0,0,0,0,0,0,0,0,0,0,0,0,0,0,0,0
7207,Montifringilla adamsi,0,0,0,0,0,0,0,0,0,0,0,0,0,0,0,0
7208,Onychostruthus taczanowskii,0,0,0,0,0,0,0,0,0,0,0,0,0,0,0,0
7209,Pyrgilauda davidiana,0,0,0,0,0,0,0,0,0,0,0,0,0,0,0,0
7210,Pyrgilauda ruficollis,0,0,0,0,0,0,0,0,0,0,0,0,0,0,0,0
7211,Pyrgilauda blanfordi,0,0,0,0,0,0,0,0,0,0,0,0,0,0,0,0
7212,Pyrgilauda theresae,0,0,0,0,0,0,0,0,0,0,0,0,0,0,0,0
7213,Dendronanthus indicus,0,0,0,0,0,0,0,0,0,0,0,0,0,0,0,0
7214,Motacilla alba,0,2,0,0,0,0,0,0,0,0,0,0,0,0,0,0
7215,Motacilla grandis,0,0,0,0,0,0,0,0,0,0,0,0,0,0,0,0
7216,Motacilla maderaspatensis,0,0,0,0,0,0,0,0,0,0,0,0,0,0,0,0
7217,Motacilla aguimp,0,0,0,0,0,0,0,0,0,0,0,0,0,0,0,0
7218,Motacilla capensis,0,0,0,0,0,0,0,0,0,0,0,0,0,0,0,0
7219,Motacilla flaviventris,0,0,0,0,0,0,0,0,0,0,0,0,0,0,0,0
7220,Motacilla citreola,0,0,0,0,0,0,0,0,0,0,0,0,0,0,0,0
7221,Motacilla cinerea,0,0,0,0,0,0,0,0,0,0,0,0,0,0,0,0
7222,Motacilla clara,0,0,0,0,0,0,0,0,0,0,0,0,0,0,0,0
7223,Tmetothylacus tenellus,0,0,0,0,0,0,0,0,0,0,0,0,0,0,0,0
7224,Macronyx croceus,0,0,0,0,0,0,0,0,0,0,0,0,0,0,0,0
7225,Macronyx fuelleborni,0,0,0,0,0,0,0,0,0,0,0,0,0,0,0,0
7226,Macronyx capensis,0,0,0,0,0,0,0,0,0,0,0,0,0,0,0,0
7227,Macronyx flavicollis,0,0,0,2,0,0,0,0,0,0,2,0,2,0,0,0
7228,Macronyx ameliae,0,0,0,0,0,0,0,0,0,0,0,0,0,0,0,0
7229,Macronyx aurantiigula,0,0,0,0,0,0,0,0,0,0,0,0,0,0,0,0
7230,Macronyx grimwoodi,0,0,0,0,0,0,0,0,0,0,0,0,0,0,0,0
7231,Macronyx sharpei,0,1,0,2,1,0,0,0,0,0,2,0,1,2,0,0
7232,Hemimacronyx chloris,0,2,0,2,0,2,0,0,0,1,2,0,2,2,0,0
7233,Anthus lineiventris,0,0,0,0,0,0,0,0,0,0,0,0,0,0,0,0
7234,Anthus crenatus,0,0,0,0,0,0,0,0,0,0,0,0,0,1,0,0
7235,Anthus hoeschi,0,0,0,0,0,0,0,0,0,0,0,0,0,0,0,0
7236,Anthus rufulus,0,0,0,0,0,0,0,0,0,0,0,0,0,0,0,0
7237,Anthus novaeseelandiae,0,0,0,0,0,0,0,0,0,0,0,0,0,0,0,0
7238,Anthus leucophrys,0,0,0,0,0,0,0,0,0,0,0,0,0,0,0,0
7239,Anthus vaalensis,0,0,0,0,0,0,0,0,0,0,0,0,0,0,0,0
7240,Anthus pallidiventris,0,0,0,0,0,0,0,0,0,0,0,0,0,0,0,0
7241,Anthus melindae,0,0,0,0,0,1,0,0,0,0,0,0,0,0,0,0
7242,Anthus campestris,0,0,0,0,0,0,0,0,0,0,0,0,0,0,0,0
7243,Anthus godlewskii,0,0,0,0,0,0,0,0,0,0,0,0,0,0,0,0
7244,Anthus berthelotii,0,0,0,0,0,0,0,0,0,0,0,0,0,0,0,0
7245,Anthus brachyurus,0,0,0,0,0,0,0,0,0,0,0,0,0,0,0,0
7246,Anthus caffer,0,0,0,0,0,0,0,0,0,0,0,0,0,0,0,0
7247,Anthus sokokensis,0,0,0,2,0,0,0,0,0,1,0,2,0,0,0,0
7248,Anthus trivialis,0,0,0,0,0,0,0,0,0,0,0,0,0,0,0,0
7249,Anthus hodgsoni,0,0,0,0,0,0,0,0,0,0,0,0,0,0,0,0
7250,Anthus gustavi,0,0,0,0,0,0,0,0,0,0,0,0,0,0,0,0
7251,Anthus pratensis,0,2,0,1,0,0,0,0,0,0,0,0,0,0,0,0
7252,Anthus cervinus,0,0,0,0,0,0,0,0,0,0,0,0,0,0,0,0
7253,Anthus roseatus,0,0,0,0,0,0,0,0,0,0,0,0,0,0,0,0
7254,Anthus petrosus,0,0,0,0,0,0,0,0,0,0,0,0,0,0,0,0
7255,Anthus spinoletta,0,0,0,0,0,0,0,0,0,0,0,0,0,0,0,0
7256,Anthus rubescens,0,0,0,0,0,0,0,0,0,0,0,0,0,0,0,0
7257,Anthus sylvanus,0,0,0,0,0,0,0,0,0,0,0,0,0,0,0,0
7258,Anthus nilghiriensis,0,1,0,1,0,2,0,0,0,0,2,0,0,1,0,2
7259,Anthus correndera,0,0,0,0,0,0,0,0,0,0,0,0,0,0,0,0
7260,Anthus antarcticus,0,0,0,0,0,0,0,0,0,1,0,0,0,0,0,0
7261,Anthus spragueii,0,1,0,2,0,1,0,0,0,2,2,0,0,0,0,0
7262,Anthus hellmayri,0,0,0,0,0,0,0,0,0,0,0,0,0,0,0,0
7263,Anthus bogotensis,0,0,0,0,0,0,0,0,0,0,0,0,0,0,0,0
7264,Anthus chacoensis,0,0,0,0,0,0,0,0,0,0,0,0,0,0,0,0
7265,Anthus nattereri,0,0,0,2,0,1,0,0,0,1,2,0,0,2,0,0
7266,Anthus gutturalis,0,0,0,0,0,0,0,0,0,0,0,0,0,0,0,0
7267,Prunella collaris,0,0,0,0,0,0,0,0,0,0,0,0,0,0,0,0
7268,Prunella himalayana,0,0,0,0,0,0,0,0,0,0,0,0,0,0,0,0
7269,Prunella rubeculoides,0,0,0,0,0,0,0,0,0,0,0,0,0,0,0,0
7270,Prunella strophiata,0,0,0,0,0,0,0,0,0,0,0,0,0,0,0,0
7271,Prunella montanella,0,0,0,0,0,0,0,0,0,0,0,0,0,0,0,0
7272,Prunella fulvescens,0,0,0,0,0,0,0,0,0,0,0,0,0,0,0,0
7273,Prunella atrogularis,0,0,0,0,0,0,0,0,0,0,0,0,0,0,0,0
7274,Prunella koslowi,0,0,0,0,0,0,0,0,0,0,0,0,0,0,0,0
7275,Prunella modularis,0,0,0,0,0,0,0,0,0,0,0,0,0,0,0,0
7276,Prunella rubida,0,0,0,0,0,0,0,0,0,0,0,0,0,0,0,0
7277,Prunella immaculata,0,0,0,0,0,0,0,0,0,0,0,0,0,0,0,0
7278,Bubalornis albirostris,0,0,0,0,0,0,0,0,0,0,0,0,0,0,0,0
7279,Bubalornis niger,0,0,0,0,0,0,0,0,0,0,0,0,0,0,0,0
7280,Dinemellia dinemelli,0,0,0,0,0,0,0,0,0,0,0,0,0,0,0,0
7281,Sporopipes frontalis,0,0,0,0,0,0,0,0,0,0,0,0,0,0,0,0
7282,Sporopipes squamifrons,0,0,0,0,0,0,0,0,0,0,0,0,0,0,0,0
7283,Plocepasser mahali,0,0,0,0,0,0,0,0,0,0,0,0,0,0,0,0
7284,Plocepasser superciliosus,0,0,0,0,0,0,0,0,0,0,0,0,0,0,0,0
7285,Plocepasser rufoscapulatus,0,0,0,0,0,0,0,0,0,0,0,0,0,0,0,0
7286,Plocepasser donaldsoni,0,0,0,0,0,0,0,0,0,0,0,0,0,0,0,0
7287,Histurgops ruficauda,0,0,0,0,0,0,0,0,0,0,0,0,0,0,0,0
7288,Pseudonigrita arnaudi,0,0,0,0,0,0,0,0,0,0,0,0,0,0,0,0
7289,Pseudonigrita cabanisi,0,0,0,0,0,0,0,0,0,0,0,0,0,0,0,0
7290,Philetairus socius,0,0,0,0,0,0,0,0,0,0,0,0,0,0,0,0
7291,Ploceus bannermani,0,0,0,2,0,2,0,0,0,0,2,2,0,0,0,0
7292,Ploceus batesi,0,0,0,2,0,0,0,0,0,0,0,2,0,0,0,0
7293,Ploceus nigrimentus,0,0,0,0,0,0,0,0,0,0,0,0,0,0,0,0
7294,Ploceus baglafecht,0,0,0,0,0,0,0,0,0,0,0,0,0,0,0,0
7295,Ploceus bertrandi,0,0,0,0,0,0,0,0,0,0,0,0,0,0,0,0
7296,Ploceus pelzelni,0,0,0,0,0,0,0,0,0,0,0,0,0,0,0,0
7297,Ploceus subpersonatus,0,0,0,1,0,0,0,0,0,0,0,0,0,0,2,0
7298,Ploceus luteolus,0,0,0,0,0,0,0,0,0,0,0,0,0,0,0,0
7299,Ploceus intermedius,0,0,0,0,0,0,0,0,0,0,0,0,0,0,0,0
7300,Ploceus ocularis,0,0,0,0,0,0,0,0,0,0,0,0,0,0,0,0
7301,Ploceus melanogaster,0,0,0,0,0,0,0,0,0,0,0,0,0,0,0,0
7302,Ploceus alienus,0,0,0,0,0,0,0,0,0,0,0,0,0,0,0,0
7303,Ploceus temporalis,0,0,0,0,0,0,0,0,0,0,0,0,0,0,0,0
7304,Ploceus capensis,0,0,0,0,0,0,0,0,0,0,0,0,0,0,0,0
7305,Ploceus subaureus,0,0,0,0,0,0,0,0,0,0,0,0,0,0,0,0
7306,Ploceus xanthops,0,0,0,0,0,0,0,0,0,0,0,0,0,0,0,0
7307,Ploceus princeps,0,0,0,0,0,0,0,0,0,0,0,0,0,0,0,0
7308,Ploceus aurantius,0,0,0,0,0,0,0,0,0,0,0,0,0,0,0,0
7309,Ploceus bojeri,0,0,0,0,0,0,0,0,0,0,0,0,0,0,0,0
7310,Ploceus castaneiceps,0,0,0,0,0,0,0,0,0,0,0,0,0,0,0,0
7311,Ploceus xanthopterus,0,0,0,0,0,0,0,0,0,0,0,0,0,0,0,0
7312,Ploceus castanops,0,0,0,0,0,0,0,0,0,0,0,0,0,0,0,0
7313,Ploceus burnieri,0,0,0,2,0,0,0,0,0,0,2,0,0,0,0,0
7314,Ploceus galbula,0,0,0,0,0,0,0,0,0,0,0,0,0,0,0,0
7315,Ploceus heuglini,0,0,0,0,0,0,0,0,0,0,0,0,0,0,0,0
7316,Ploceus taeniopterus,0,0,0,0,0,0,0,0,0,0,0,0,0,0,0,0
7317,Ploceus vitellinus,0,0,0,0,0,0,0,0,0,0,0,0,0,0,0,0
7318,Ploceus velatus,0,0,0,0,0,0,0,0,0,0,0,0,0,0,0,0
7319,Ploceus katangae,0,0,0,0,0,0,0,0,0,0,0,0,0,0,0,0
7320,Ploceus ruweti,0,0,0,0,0,0,0,0,0,0,0,0,0,0,0,0
7321,Ploceus reichardi,0,0,0,0,0,0,0,0,0,0,0,0,0,0,0,0
7322,Ploceus cucullatus,0,0,0,0,0,0,0,0,0,0,0,0,0,0,0,0
7323,Ploceus grandis,0,0,0,1,0,0,0,0,0,0,0,0,0,0,0,0
7324,Ploceus spekei,0,0,0,0,0,0,0,0,0,0,0,0,0,0,0,0
7325,Ploceus spekeoides,0,0,0,0,0,0,0,0,0,0,0,0,0,0,0,0
7326,Ploceus weynsi,0,0,0,0,0,0,0,0,0,0,0,0,0,0,0,0
7327,Ploceus golandi,0,2,0,2,0,0,0,0,0,0,0,2,0,0,0,0
7328,Ploceus melanocephalus,0,0,0,0,0,0,0,0,0,0,0,0,0,0,0,0
7329,Ploceus dichrocephalus,0,0,0,0,0,0,0,0,0,0,0,0,0,0,0,0
7330,Ploceus jacksoni,0,0,0,0,0,0,0,0,0,0,0,0,0,0,0,0
7331,Ploceus badius,0,0,0,0,0,0,0,0,0,0,0,0,0,0,0,0
7332,Ploceus rubiginosus,0,0,0,0,0,0,0,0,0,0,0,0,0,0,0,0
7333,Ploceus aureonucha,0,0,0,2,0,0,0,0,0,0,0,0,0,0,0,0
7334,Ploceus tricolor,0,0,0,0,0,0,0,0,0,0,0,0,0,0,0,0
7335,Ploceus albinucha,0,0,0,0,0,0,0,0,0,0,0,0,0,0,0,0
7336,Ploceus nelicourvi,0,0,0,0,0,0,0,0,0,0,0,0,0,0,0,0
7337,Ploceus sakalava,0,0,0,0,0,0,0,0,0,0,0,0,0,0,0,0
7338,Ploceus benghalensis,0,0,0,0,0,0,0,0,0,0,0,0,0,0,0,0
7339,Ploceus manyar,0,0,0,0,0,0,0,0,0,0,0,0,0,0,0,0
7340,Ploceus philippinus,0,0,0,0,0,0,0,0,0,0,0,0,0,0,0,0
7341,Ploceus hypoxanthus,0,0,0,2,0,0,0,0,2,0,0,0,0,0,0,0
7342,Ploceus megarhynchus,0,0,0,3,0,0,0,0,2,2,3,0,2,3,0,0
7343,Ploceus bicolor,0,0,0,0,0,0,0,0,0,0,0,0,0,0,0,0
7344,Ploceus preussi,0,0,0,0,0,0,0,0,0,0,0,0,0,0,0,0
7345,Ploceus dorsomaculatus,0,0,0,0,0,0,0,0,0,0,0,0,0,0,0,0
7346,Ploceus nicolli,0,0,0,2,0,0,0,0,0,0,0,1,0,1,0,1
7347,Ploceus olivaceiceps,0,0,0,2,0,0,0,0,1,0,0,2,0,0,0,0
7348,Ploceus insignis,0,0,0,0,0,0,0,0,0,0,0,0,0,0,0,0
7349,Ploceus angolensis,0,0,0,0,0,0,0,0,0,0,0,0,0,0,0,0
7350,Ploceus sanctithomae,0,0,0,0,0,0,0,0,0,0,0,0,0,0,0,0
7351,Ploceus superciliosus,0,0,0,0,0,0,0,0,0,0,0,0,0,0,0,0
7352,Ploceus flavipes,0,0,0,2,0,0,0,0,0,0,0,0,0,0,0,0
7353,Malimbus coronatus,0,0,0,0,0,0,0,0,0,0,0,0,0,0,0,0
7354,Malimbus cassini,0,0,0,0,0,0,0,0,0,0,0,0,0,0,0,0
7355,Malimbus ballmanni,0,0,0,2,0,0,0,0,0,0,0,2,1,0,0,0
7356,Malimbus racheliae,0,0,0,0,0,0,0,0,0,0,0,0,0,0,0,0
7357,Malimbus scutatus,0,0,0,0,0,0,0,0,0,0,0,0,0,0,0,0
7358,Malimbus ibadanensis,0,0,0,2,0,0,0,0,1,2,0,2,0,0,0,0
7359,Malimbus erythrogaster,0,0,0,0,0,0,0,0,0,0,0,0,0,0,0,0
7360,Malimbus nitens,0,0,0,0,0,0,0,0,0,0,0,0,0,0,0,0
7361,Malimbus malimbicus,0,0,0,0,0,0,0,0,0,0,0,0,0,0,0,0
7362,Malimbus rubricollis,0,0,0,0,0,0,0,0,0,0,0,0,0,0,0,0
7363,Brachycope anomala,0,0,0,0,0,0,0,0,0,0,0,0,0,0,0,0
7364,Quelea cardinalis,0,0,0,0,0,0,0,0,0,0,0,0,0,0,0,0
7365,Quelea erythrops,0,0,0,0,0,0,0,0,0,0,0,0,0,0,0,0
7366,Quelea quelea,0,0,0,0,0,0,0,0,0,0,0,0,0,0,0,0
7367,Foudia madagascariensis,0,0,0,0,0,0,0,0,0,0,0,0,0,0,0,0
7368,Foudia omissa,0,0,0,0,0,0,0,0,0,0,0,0,0,0,0,0
7369,Foudia rubra,0,0,0,0,0,0,0,0,0,2,0,0,0,0,0,0
7370,Foudia sechellarum,0,0,0,0,0,0,0,0,0,1,0,0,0,0,0,0
7371,Foudia flavicans,0,0,0,0,0,0,0,0,0,1,0,0,0,0,0,0
7372,Euplectes afer,0,0,0,0,0,0,0,0,0,0,0,0,0,0,0,0
7373,Euplectes diadematus,0,0,0,0,0,0,0,0,0,0,0,0,0,0,0,0
7374,Euplectes gierowii,0,0,0,0,0,0,0,0,0,0,0,0,0,0,0,0
7375,Euplectes hordeaceus,0,0,0,0,0,0,0,0,0,0,0,0,0,0,0,0
7376,Euplectes franciscanus,0,0,0,0,0,0,0,0,0,0,0,0,0,0,0,0
7377,Euplectes orix,0,0,0,0,0,0,0,0,0,0,0,0,0,0,0,0
7378,Euplectes nigroventris,0,0,0,0,0,0,0,0,0,0,0,0,0,0,0,0
7379,Euplectes aureus,0,0,0,0,0,0,0,0,0,0,0,0,0,0,0,0
7380,Euplectes capensis,0,0,0,0,0,0,0,0,0,0,0,0,0,0,0,0
7381,Euplectes axillaris,0,0,0,0,0,0,0,0,0,0,0,0,0,0,0,0
7382,Euplectes macroura,0,0,0,0,0,0,0,0,0,0,0,0,0,0,0,0
7383,Euplectes albonotatus,0,0,0,0,0,0,0,0,0,0,0,0,0,0,0,0
7384,Euplectes hartlaubi,0,0,0,0,0,0,0,0,0,0,0,0,0,0,0,0
7385,Euplectes psammacromius,0,0,0,0,0,0,0,0,0,0,0,0,0,0,0,0
7386,Euplectes progne,0,0,0,0,0,0,0,0,0,0,0,0,0,0,0,0
7387,Euplectes jacksoni,0,0,0,2,0,2,0,0,0,0,2,0,0,0,0,0
7388,Anomalospiza imberbis,0,0,0,0,0,0,0,0,0,0,0,0,0,0,0,0
7389,Amblyospiza albifrons,0,0,0,0,0,0,0,0,0,0,0,0,0,0,0,0
7390,Parmoptila woodhousei,0,0,0,0,0,0,0,0,0,0,0,0,0,0,0,0
7391,Nigrita fusconotus,0,0,0,0,0,0,0,0,0,0,0,0,0,0,0,0
7392,Nigrita bicolor,0,0,0,0,0,0,0,0,0,0,0,0,0,0,0,0
7393,Nigrita luteifrons,0,0,0,0,0,0,0,0,0,0,0,0,0,0,0,0
7394,Nigrita canicapillus,0,0,0,0,0,0,0,0,0,0,0,0,0,0,0,0
7395,Nesocharis shelleyi,0,0,0,0,0,0,0,0,0,0,0,0,0,0,0,0
7396,Nesocharis ansorgei,0,0,0,0,0,0,0,0,0,0,0,0,0,0,0,0
7397,Delacourella capistrata,0,0,0,0,0,0,0,0,0,0,0,0,0,0,0,0
7398,Pytilia afra,0,0,0,0,0,0,0,0,0,0,0,0,0,0,0,0
7399,Pytilia melba,0,0,0,0,0,0,0,0,0,0,0,0,0,0,0,0
7400,Pytilia hypogrammica,0,0,0,0,0,0,0,0,0,0,0,0,0,0,0,0
7401,Mandingoa nitidula,0,0,0,0,0,0,0,0,0,0,0,0,0,0,0,0
7402,Cryptospiza reichenovii,0,0,0,0,0,0,0,0,0,0,0,0,0,0,0,0
7403,Cryptospiza salvadorii,0,0,0,0,0,0,0,0,0,0,0,0,0,0,0,0
7404,Cryptospiza jacksoni,0,0,0,0,0,0,0,0,0,0,0,0,0,0,0,0
7405,Cryptospiza shelleyi,0,0,0,2,0,0,0,0,0,0,1,2,1,0,0,0
7406,Pyrenestes sanguineus,0,0,0,0,0,0,0,0,0,0,0,0,0,0,0,0
7407,Pyrenestes ostrinus,0,0,0,0,0,0,0,0,0,0,0,0,0,0,0,0
7408,Pyrenestes minor,0,0,0,0,0,0,0,0,0,0,0,0,0,0,0,0
7409,Spermophaga poliogenys,0,0,0,0,0,0,0,0,0,0,0,0,0,0,0,0
7410,Spermophaga haematina,0,0,0,0,0,0,0,0,0,0,0,0,0,0,0,0
7411,Spermophaga ruficapilla,0,0,0,0,0,0,0,0,0,0,0,0,0,0,0,0
7412,Clytospiza monteiri,0,0,0,0,0,0,0,0,0,0,0,0,0,0,0,0
7413,Hypargos niveoguttatus,0,0,0,0,0,0,0,0,0,0,0,0,0,0,0,0
7414,Hypargos margaritatus,0,1,0,0,0,0,0,0,0,0,0,0,0,0,0,0
7415,Euschistospiza dybowskii,0,0,0,0,0,0,0,0,0,0,0,0,0,0,0,0
7416,Euschistospiza cinereovinacea,0,0,0,0,0,0,0,0,0,0,0,0,0,0,0,0
7417,Lagonosticta rufopicta,0,0,0,0,0,0,0,0,0,0,0,0,0,0,0,0
7418,Lagonosticta nitidula,0,0,0,0,0,0,0,0,0,0,0,0,0,0,0,0
7419,Lagonosticta senegala,0,0,0,0,0,0,0,0,0,0,0,0,0,0,0,0
7420,Lagonosticta rara,0,0,0,0,0,0,0,0,0,0,0,0,0,0,0,0
7421,Lagonosticta virata,0,0,0,0,0,0,0,0,0,0,0,0,0,0,0,0
7422,Uraeginthus angolensis,0,0,0,0,0,0,0,0,0,0,0,0,0,0,0,0
7423,Uraeginthus bengalus,0,0,0,0,0,0,0,0,0,0,0,0,0,0,0,0
7424,Uraeginthus cyanocephalus,0,0,0,0,0,0,0,0,0,0,0,0,0,0,0,0
7425,Granatina ianthinogaster,0,0,0,0,0,0,0,0,0,0,0,0,0,0,0,0
7426,Granatina granatina,0,0,0,0,0,0,0,0,0,0,0,0,0,0,0,0
7427,Glaucestrilda coerulescens,0,0,0,0,0,0,0,0,0,0,0,0,0,0,0,0
7428,Glaucestrilda perreini,0,0,0,0,0,0,0,0,0,0,0,0,0,0,0,0
7429,Glaucestrilda thomensis,0,1,0,2,1,0,0,0,0,0,2,1,0,0,0,0
7430,Estrilda poliopareia,0,0,0,0,0,0,0,0,0,0,0,0,0,0,0,0
7431,Estrilda paludicola,0,0,0,0,0,0,0,0,0,0,0,0,0,0,0,0
7432,Estrilda melpoda,0,0,0,0,0,0,0,0,0,0,0,0,0,0,0,0
7433,Estrilda rhodopyga,0,0,0,0,0,0,0,0,0,0,0,0,0,0,0,0
7434,Estrilda rufibarba,0,0,0,0,0,0,0,0,0,0,0,0,0,0,0,0
7435,Estrilda troglodytes,0,0,0,0,0,0,0,0,0,0,0,0,0,0,0,0
7436,Estrilda astrild,0,0,0,0,0,0,0,0,0,0,0,0,0,0,0,0
7437,Estrilda nigriloris,0,0,0,0,0,0,0,0,0,0,0,0,0,0,0,0
7438,Estrilda nonnula,0,0,0,0,0,0,0,0,0,0,0,0,0,0,0,0
7439,Brunhilda erythronotos,0,0,0,0,0,0,0,0,0,0,0,0,0,0,0,0
7440,Brunhilda charmosyna,0,0,0,0,0,0,0,0,0,0,0,0,0,0,0,0
7441,Amandava amandava,0,0,0,0,0,0,0,0,0,0,0,0,0,0,0,0
7442,Amandava formosa,0,0,0,2,0,1,0,0,2,0,2,0,0,2,2,0
7443,Amandava subflava,0,0,0,0,0,0,0,0,0,0,0,0,0,0,0,0
7444,Paludipasser locustella,0,1,0,2,0,0,0,0,1,0,0,0,0,0,0,0
7445,Emblema pictum,0,0,0,0,0,0,0,0,0,0,0,0,0,0,0,0
7446,Stagonopleura bella,0,0,0,0,0,0,0,0,0,0,0,0,0,0,0,0
7447,Stagonopleura oculata,0,0,0,0,0,0,0,0,0,0,0,0,0,0,0,0
7448,Stagonopleura guttata,0,0,0,2,0,0,0,0,0,1,2,0,0,0,0,0
7449,Oreostruthus fuliginosus,0,0,0,0,0,0,0,0,0,0,0,0,0,0,0,0
7450,Neochmia temporalis,0,0,0,0,0,0,0,0,0,0,0,0,0,0,0,0
7451,Neochmia ruficauda,0,0,0,0,0,0,0,0,1,1,1,0,0,0,0,0
7452,Neochmia modesta,0,0,0,0,0,0,0,0,0,0,0,0,0,0,0,0
7453,Taeniopygia bichenovii,0,0,0,0,0,0,0,0,0,0,0,0,0,0,0,0
7454,Poephila personata,0,0,0,0,0,0,0,0,0,0,0,0,0,0,0,0
7455,Poephila acuticauda,0,0,0,0,0,0,0,0,0,0,0,0,0,0,0,0
7456,Poephila cincta,0,0,0,0,0,0,0,0,0,1,2,0,0,0,0,0
7457,Erythrura hyperythra,0,0,0,0,0,0,0,0,0,0,0,0,0,0,0,0
7458,Erythrura prasina,0,0,0,0,0,0,0,0,0,0,0,0,0,0,0,0
7459,Erythrura viridifacies,0,0,0,2,0,0,0,0,1,0,0,2,0,2,0,0
7460,Erythrura tricolor,0,0,0,0,0,0,0,0,0,0,0,0,0,0,0,0
7461,Erythrura trichroa,0,0,0,0,0,0,0,0,0,0,0,0,0,0,0,0
7462,Erythrura coloria,0,0,0,1,0,0,0,0,1,0,0,1,0,0,0,0
7463,Erythrura papuana,0,0,0,0,0,0,0,0,0,0,0,0,0,0,0,0
7464,Erythrura psittacea,0,0,0,0,0,0,0,0,0,0,0,0,0,0,0,0
7465,Erythrura pealii,0,0,0,0,0,0,0,0,0,0,0,0,0,0,0,0
7466,Erythrura kleinschmidti,0,0,0,2,0,0,0,0,0,0,2,2,2,0,0,0
7467,Chloebia gouldiae,0,0,0,0,0,2,0,0,0,1,1,0,1,0,0,0
7468,Lepidopygia nana,0,0,0,0,0,0,0,0,0,0,0,0,0,0,0,0
7469,Euodice cantans,0,0,0,0,0,0,0,0,0,0,0,0,0,0,0,0
7470,Euodice malabarica,0,0,0,0,0,0,0,0,0,0,0,0,0,0,0,0
7471,Spermestes griseicapilla,0,0,0,0,0,0,0,0,0,0,0,0,0,0,0,0
7472,Spermestes cucullata,0,0,0,0,0,0,0,0,0,0,0,0,0,0,0,0
7473,Spermestes fringilloides,0,0,0,0,0,0,0,0,0,0,0,0,0,0,0,0
7474,Lonchura striata,0,0,0,0,0,0,0,0,0,0,0,0,0,0,0,0
7475,Lonchura leucogastroides,0,0,0,0,0,0,0,0,0,0,0,0,0,0,0,0
7476,Lonchura fuscans,0,0,0,0,0,0,0,0,0,0,0,0,0,0,0,0
7477,Lonchura molucca,0,0,0,0,0,0,0,0,0,0,0,0,0,0,0,0
7478,Lonchura kelaarti,0,0,0,0,0,0,0,0,0,0,0,0,0,0,0,0
7479,Lonchura punctulata,0,0,0,0,0,0,0,0,0,0,0,0,0,0,0,0
7480,Lonchura leucogastra,0,0,0,0,0,0,0,0,0,0,0,0,0,0,0,0
7481,Lonchura tristissima,0,0,0,0,0,0,0,0,0,0,0,0,0,0,0,0
7482,Lonchura leucosticta,0,0,0,0,0,0,0,0,0,0,0,0,0,0,0,0
7483,Lonchura malacca,0,0,0,0,0,0,0,0,0,0,0,0,0,0,0,0
7484,Lonchura ferruginosa,0,0,0,0,0,0,0,0,0,0,0,0,0,0,0,0
7485,Lonchura quinticolor,0,0,0,0,0,0,0,0,0,0,0,0,0,0,0,0
7486,Lonchura maja,0,0,0,0,0,0,0,0,0,0,0,0,0,0,0,0
7487,Lonchura pallida,0,0,0,0,0,0,0,0,0,0,0,0,0,0,0,0
7488,Lonchura grandis,0,0,0,0,0,0,0,0,0,0,0,0,0,0,0,0
7489,Lonchura vana,0,0,0,1,0,0,0,0,0,0,0,0,0,0,0,0
7490,Lonchura caniceps,0,0,0,0,0,0,0,0,0,0,0,0,0,0,0,0
7491,Lonchura nevermanni,0,0,0,0,0,0,0,0,0,0,0,0,0,0,0,0
7492,Lonchura spectabilis,0,0,0,0,0,0,0,0,0,0,0,0,0,0,0,0
7493,Lonchura forbesi,0,0,0,0,0,0,0,0,0,0,0,0,0,0,0,0
7494,Lonchura flaviprymna,0,0,0,0,0,0,0,0,0,0,0,0,0,0,0,0
7495,Lonchura castaneothorax,0,0,0,0,0,0,0,0,0,0,0,0,0,0,0,0
7496,Lonchura stygia,0,0,0,0,0,0,0,0,1,2,0,0,0,0,0,0
7497,Lonchura teerinki,0,0,0,0,0,0,0,0,0,0,0,0,0,0,0,0
7498,Lonchura montana,0,0,0,0,0,0,0,0,0,0,0,0,0,0,0,0
7499,Lonchura monticola,0,0,0,0,0,0,0,0,0,0,0,0,0,0,0,0
7500,Lonchura melaena,0,0,0,0,0,0,0,0,0,0,0,0,0,0,0,0
7501,Heteromunia pectoralis,0,0,0,0,0,0,0,0,0,1,1,0,0,0,0,0
7502,Padda oryzivora,0,0,0,0,0,0,0,0,2,1,0,0,1,0,1,0
7503,Amadina fasciata,0,0,0,0,0,0,0,0,0,0,0,0,0,0,0,0
7504,Amadina erythrocephala,0,0,0,0,0,0,0,0,0,0,0,0,0,0,0,0
7505,Vidua chalybeata,0,0,0,0,0,0,0,0,0,0,0,0,0,0,0,0
7506,Vidua raricola,0,0,0,0,0,0,0,0,0,0,0,0,0,0,0,0
7507,Vidua larvaticola,0,0,0,0,0,0,0,0,0,0,0,0,0,0,0,0
7508,Vidua codringtoni,0,0,0,0,0,0,0,0,0,0,0,0,0,0,0,0
7509,Vidua purpurascens,0,0,0,0,0,0,0,0,0,0,0,0,0,0,0,0
7510,Vidua wilsoni,0,0,0,0,0,0,0,0,0,0,0,0,0,0,0,0
7511,Vidua hypocherina,0,0,0,0,0,0,0,0,0,0,0,0,0,0,0,0
7512,Vidua fischeri,0,0,0,0,0,0,0,0,0,0,0,0,0,0,0,0
7513,Vidua regia,0,0,0,0,0,0,0,0,0,0,0,0,0,0,0,0
7514,Vidua macroura,0,0,0,0,0,0,0,0,0,0,0,0,0,0,0,0
7515,Vidua togoensis,0,0,0,0,0,0,0,0,0,0,0,0,0,0,0,0
7516,Vidua paradisaea,0,0,0,0,0,0,0,0,0,0,0,0,0,0,0,0
7517,Vidua obtusa,0,0,0,0,0,0,0,0,0,0,0,0,0,0,0,0
7518,Peucedramus taeniatus,0,0,0,0,0,0,0,0,0,0,0,0,0,0,0,0
7519,Fringilla coelebs,0,0,0,0,0,0,0,0,0,0,0,0,0,0,0,0
7520,Fringilla montifringilla,0,0,0,0,0,0,0,0,0,0,0,0,0,0,0,0
7521,Serinus pusillus,0,0,0,0,0,0,0,0,0,0,0,0,0,0,0,0
7522,Serinus serinus,0,0,0,0,0,0,0,0,0,0,0,0,0,0,0,0
7523,Serinus syriacus,0,1,0,0,0,0,0,0,1,1,2,2,1,0,1,2
7524,Serinus canaria,0,0,0,0,0,0,0,0,0,0,0,0,0,0,0,0
7525,Carduelis citrinella,0,0,0,0,0,0,0,0,0,0,0,0,0,0,0,0
7526,Spinus thibetanus,0,0,0,0,0,0,0,0,0,0,0,0,0,0,0,0
7527,Serinus nigriceps,0,0,0,0,0,0,0,0,0,0,0,0,0,0,0,0
7528,Crithagra citrinelloides,0,0,0,0,0,0,0,0,0,0,0,0,0,0,0,0
7529,Crithagra frontalis,0,0,0,0,0,0,0,0,0,0,0,0,0,0,0,0
7530,Crithagra hyposticta,0,0,0,0,0,0,0,0,0,0,0,0,0,0,0,0
7531,Crithagra capistrata,0,0,0,0,0,0,0,0,0,0,0,0,0,0,0,0
7532,Crithagra koliensis,0,0,0,0,0,0,0,0,0,0,0,0,0,0,0,0
7533,Crithagra scotops,0,0,0,0,0,0,0,0,0,0,0,0,0,0,0,0
7534,Crithagra leucopygia,0,0,0,0,0,0,0,0,0,0,0,0,0,0,0,0
7535,Crithagra rothschildi,0,0,0,0,0,0,0,0,0,0,0,0,0,0,0,0
7536,Crithagra flavigula,0,0,0,2,0,2,0,0,0,0,2,0,0,0,0,0
7537,Crithagra xantholaema,0,0,0,2,0,0,0,0,1,0,2,1,0,0,0,0
7538,Crithagra xanthopygia,0,0,0,0,0,0,0,0,0,0,0,0,0,0,0,0
7539,Crithagra reichenowi,0,0,0,0,0,0,0,0,0,0,0,0,0,0,0,0
7540,Crithagra citrinipectus,0,1,0,0,0,0,0,0,0,0,0,0,0,0,0,0
7541,Crithagra mozambica,0,0,0,0,0,0,0,0,0,0,0,0,0,0,0,0
7542,Crithagra donaldsoni,0,0,0,0,0,0,0,0,0,0,0,0,0,0,0,0
7543,Crithagra buchanani,0,0,0,0,0,0,0,0,0,0,0,0,0,0,0,0
7544,Crithagra dorsostriata,0,0,0,0,0,0,0,0,0,0,0,0,0,0,0,0
7545,Crithagra flaviventris,0,0,0,0,0,0,0,0,0,0,0,0,0,0,0,0
7546,Crithagra sulphurata,0,0,0,0,0,0,0,0,0,0,0,0,0,0,0,0
7547,Crithagra albogularis,0,0,0,0,0,0,0,0,0,0,0,0,0,0,0,0
7548,Crithagra mennelli,0,0,0,0,0,0,0,0,0,0,0,0,0,0,0,0
7549,Crithagra tristriata,0,0,0,0,0,0,0,0,0,0,0,0,0,0,0,0
7550,Crithagra menachensis,0,0,0,0,0,0,0,0,0,0,0,0,0,0,0,0
7551,Crithagra ankoberensis,0,0,0,1,0,0,0,0,0,0,1,0,0,1,0,0
7552,Crithagra burtoni,0,0,0,0,0,0,0,0,0,0,0,0,0,0,0,0
7553,Crithagra rufobrunnea,0,0,0,0,0,0,0,0,0,0,0,0,0,0,0,0
7554,Crithagra melanochroa,0,0,0,2,0,0,0,0,0,0,0,2,0,2,0,0
7555,Crithagra leucoptera,0,0,0,1,0,0,0,0,0,0,0,0,0,0,0,0
7556,Crithagra totta,0,0,0,0,0,0,0,0,0,0,0,0,0,0,0,0
7557,Crithagra symonsi,0,0,0,0,0,0,0,0,0,0,0,0,0,0,0,0
7558,Serinus alario,0,0,0,0,0,0,0,0,0,0,0,0,0,0,0,0
7559,Crithagra concolor,0,0,0,1,1,0,0,0,0,0,0,2,1,0,0,0
7560,Linurgus olivaceus,0,0,0,0,0,0,0,0,0,0,0,0,0,0,0,0
7561,Chloris chloris,0,0,0,0,0,0,0,0,0,0,0,0,0,0,0,0
7562,Chloris sinica,0,0,0,0,0,0,0,0,0,0,0,0,0,0,0,0
7563,Chloris spinoides,0,0,0,0,0,0,0,0,0,0,0,0,0,0,0,0
7564,Chloris ambigua,0,0,0,0,0,0,0,0,0,0,0,0,0,0,0,0
7565,Chloris monguilloti,0,0,0,0,0,0,0,0,0,0,0,0,0,2,0,0
7566,Spinus spinus,0,0,0,0,0,0,0,0,0,0,0,0,0,0,0,0
7567,Spinus pinus,0,0,0,0,0,0,0,0,0,0,0,0,0,0,0,0
7568,Spinus atriceps,0,0,0,0,0,0,0,0,0,0,0,0,0,0,0,0
7569,Spinus spinescens,0,0,0,0,0,0,0,0,0,0,0,0,0,0,0,0
7570,Spinus yarrellii,0,0,0,0,0,0,0,0,3,0,0,0,0,0,0,0
7571,Spinus cucullatus,0,0,0,2,0,0,0,0,3,0,0,0,0,0,0,0
7572,Spinus crassirostris,0,0,0,0,0,0,0,0,0,0,0,0,0,0,0,0
7573,Spinus magellanicus,0,0,0,0,0,0,0,0,0,0,0,0,0,0,0,0
7574,Spinus siemiradzkii,0,0,0,2,0,0,0,0,0,0,2,1,0,0,1,0
7575,Spinus olivaceus,0,0,0,0,0,0,0,0,0,0,0,0,0,0,0,0
7576,Spinus notatus,0,0,0,0,0,0,0,0,0,0,0,0,0,0,0,0
7577,Spinus barbatus,0,0,0,0,0,0,0,0,0,0,0,0,0,0,0,0
7578,Spinus xanthogastrus,0,0,0,0,0,0,0,0,0,0,0,0,0,0,0,0
7579,Spinus atratus,0,0,0,0,0,0,0,0,0,0,0,0,0,0,0,0
7580,Spinus uropygialis,0,0,0,0,0,0,0,0,0,0,0,0,0,0,0,0
7581,Spinus tristis,0,0,0,0,0,0,0,0,0,0,0,0,0,0,0,0
7582,Spinus psaltria,0,0,0,0,0,0,0,0,0,0,0,0,0,0,0,0
7583,Spinus lawrencei,0,0,0,0,0,0,0,0,0,0,0,0,0,0,0,0
7584,Spinus dominicensis,0,0,0,0,0,0,0,0,0,0,0,0,0,0,0,0
7585,Linaria flavirostris,0,0,0,0,0,0,0,0,0,0,0,0,0,0,0,0
7586,Linaria cannabina,0,0,0,0,0,0,0,0,0,0,0,0,0,0,0,0
7587,Linaria yemenensis,0,0,0,0,0,0,0,0,0,0,0,0,0,0,0,0
7588,Linaria johannis,0,0,0,0,0,0,0,0,0,0,0,1,0,0,0,0
7589,Leucosticte nemoricola,0,0,0,0,0,0,0,0,0,0,0,0,0,0,0,0
7590,Leucosticte brandti,0,0,0,0,0,0,0,0,0,0,0,0,0,0,0,0
7591,Leucosticte arctoa,0,0,0,0,0,0,0,0,0,0,0,0,0,0,0,0
7592,Leucosticte tephrocotis,0,0,0,0,0,0,0,0,0,0,0,0,0,0,0,0
7593,Leucosticte atrata,0,2,0,0,0,0,0,0,0,0,0,0,0,0,0,0
7594,Carpodacus sillemi,0,0,0,0,0,0,0,0,0,0,0,0,0,0,0,0
7595,Callacanthis burtoni,0,0,0,0,0,0,0,0,0,0,0,0,0,0,0,0
7596,Bucanetes githagineus,0,0,0,0,0,0,0,0,0,0,0,0,0,0,0,0
7597,Bucanetes mongolicus,0,0,0,0,0,0,0,0,0,0,0,0,0,0,0,0
7598,Rhodospiza obsoleta,0,0,0,0,0,0,0,0,0,0,0,0,0,0,0,0
7599,Agraphospiza rubescens,0,0,0,0,0,0,0,0,0,0,0,0,0,0,0,0
7600,Procarduelis nipalensis,0,0,0,0,0,0,0,0,0,0,0,0,0,0,0,0
7601,Haemorhous purpureus,0,0,0,0,0,0,0,0,0,0,0,0,0,0,0,0
7602,Carpodacus erythrinus,0,0,0,0,0,0,0,0,0,0,0,0,0,0,0,0
7603,Haemorhous cassinii,0,0,0,0,0,1,0,0,0,1,0,1,0,0,0,0
7604,Haemorhous mexicanus,0,0,0,0,0,0,0,0,0,0,0,0,0,0,0,0
7605,Carpodacus pulcherrimus,0,0,0,0,0,0,0,0,0,0,0,0,0,0,0,0
7606,Carpodacus waltoni,0,0,0,0,0,0,0,0,0,0,0,0,0,0,0,0
7607,Carpodacus rodochroa,0,0,0,0,0,0,0,0,0,0,0,0,0,0,0,0
7608,Carpodacus edwardsii,0,0,0,0,0,0,0,0,0,0,0,0,0,0,0,0
7609,Carpodacus roseus,0,0,0,0,0,0,0,0,0,0,0,0,0,0,0,0
7610,Carpodacus trifasciatus,0,0,0,0,0,0,0,0,0,0,0,0,0,0,0,0
7611,Carpodacus rhodochlamys,0,0,0,0,0,0,0,0,0,0,0,0,0,0,0,0
7612,Carpodacus rubicilloides,0,0,0,0,0,0,0,0,0,0,0,0,0,0,0,0
7613,Carpodacus rubicilla,0,0,0,0,0,0,0,0,0,0,0,0,0,0,0,0
7614,Carpodacus puniceus,0,0,0,0,0,0,0,0,0,0,0,0,0,0,0,0
7615,Carpodacus roborowskii,0,0,0,0,0,0,0,0,0,0,0,0,0,0,0,0
7616,Carpodacus ferreorostris,0,0,0,0,0,0,0,0,0,2,0,2,0,0,0,0
7617,Pinicola enucleator,0,0,0,0,0,0,0,0,0,0,0,0,0,0,0,0
7618,Carpodacus subhimachalus,0,0,0,0,0,0,0,0,0,0,0,0,0,0,0,0
7619,Carpodacus sipahi,0,0,0,0,0,0,0,0,0,0,0,0,0,0,0,0
7620,Loxia pytyopsittacus,0,0,0,0,0,0,0,0,0,0,0,0,0,0,0,0
7621,Loxia scotica,0,0,0,0,0,0,0,0,0,0,0,0,0,0,0,0
7622,Loxia curvirostra,0,0,0,0,0,0,0,0,0,0,0,0,0,0,0,0
7623,Loxia megaplaga,0,0,0,2,0,2,0,0,0,1,0,2,0,0,0,0
7624,Pyrrhula leucogenis,0,0,0,0,0,0,0,0,0,0,0,0,0,0,0,0
7625,Pyrrhula aurantiaca,0,0,0,0,0,0,0,0,0,0,0,0,0,0,0,0
7626,Pyrrhula erythrocephala,0,0,0,0,0,0,0,0,0,0,0,0,0,0,0,0
7627,Pyrrhula erythaca,0,0,0,0,0,0,0,0,0,0,0,0,0,0,0,0
7628,Pyrrhula pyrrhula,0,0,0,0,0,0,0,0,0,0,0,0,0,0,0,0
7629,Pyrrhula murina,0,0,0,1,0,0,0,0,0,2,0,0,0,1,0,0
7630,Coccothraustes coccothraustes,0,0,0,0,0,0,0,0,0,0,0,0,0,0,0,0
7631,Eophona migratoria,0,0,0,0,0,0,0,0,0,0,0,0,0,0,0,0
7632,Eophona personata,0,0,0,0,0,0,0,0,0,0,0,0,0,0,0,0
7633,Mycerobas icterioides,0,0,0,0,0,0,0,0,0,0,0,0,0,0,0,0
7634,Mycerobas affinis,0,0,0,0,0,0,0,0,0,0,0,0,0,0,0,0
7635,Mycerobas melanozanthos,0,0,0,0,0,0,0,0,0,0,0,0,0,0,0,0
7636,Mycerobas carnipes,0,0,0,0,0,0,0,0,0,0,0,0,0,0,0,0
7637,Hesperiphona vespertina,0,0,0,0,0,0,0,0,0,0,0,1,0,0,1,0
7638,Hesperiphona abeillei,0,0,0,0,0,0,0,0,0,0,0,0,0,0,0,0
7639,Pyrrhoplectes epauletta,0,0,0,0,0,0,0,0,0,0,0,0,0,0,0,0
7640,Telespiza ultima,0,2,0,2,0,1,0,0,0,2,0,0,0,0,0,0
7641,Telespiza cantans,0,2,0,0,0,0,0,0,0,2,0,0,0,0,0,0
7642,Psittirostra psittacea,0,1,0,1,0,0,0,1,0,2,0,1,0,0,0,0
7643,Dysmorodrepanis munroi,0,0,0,0,0,0,0,0,0,0,0,0,0,0,0,0
7644,Loxioides bailleui,0,3,0,1,0,1,0,0,0,2,0,0,0,0,0,0
7645,Rhodacanthis flaviceps,0,0,0,0,0,0,0,0,0,0,0,0,0,0,0,0
7646,Rhodacanthis palmeri,0,0,0,0,0,0,0,0,0,0,0,0,0,0,0,0
7647,Pseudonestor xanthophrys,0,2,0,0,0,0,0,0,0,2,1,1,0,0,0,0
7648,Chlorodrepanis stejnegeri,0,2,0,1,0,0,0,0,0,2,0,1,0,0,0,0
7649,Chlorodrepanis virens,0,0,0,0,0,0,0,0,0,1,0,0,0,0,0,0
7650,Magumma parva,0,2,0,1,0,0,0,0,0,2,0,1,1,0,0,0
7651,Viridonia sagittirostris,0,0,0,1,0,0,0,0,0,0,0,0,0,0,0,0
7652,Hemignathus wilsoni,0,2,0,0,0,0,0,0,0,2,1,1,0,0,0,0
7653,Oreomystis bairdi,0,0,0,0,0,0,0,0,0,2,1,0,0,0,0,0
7654,Manucerthia mana,0,2,0,0,0,0,0,0,0,2,1,1,0,0,0,0
7655,Paroreomyza montana,0,2,0,0,0,1,0,0,0,2,1,1,0,0,0,0
7656,Paroreomyza flammea,0,0,0,0,0,0,0,0,0,1,0,0,0,0,0,0
7657,Paroreomyza maculata,0,0,0,0,0,0,0,0,0,1,1,0,1,0,0,0
7658,Loxops caeruleirostris,0,2,0,0,0,0,0,0,0,2,0,1,0,0,0,0
7659,Ciridops anna,0,0,0,0,0,0,0,0,0,0,0,0,0,0,0,0
7660,Drepanis coccinea,0,2,0,1,0,0,0,0,0,2,1,0,1,0,0,0
7661,Drepanis pacifica,0,0,0,0,0,0,0,0,0,0,0,0,0,0,0,0
7662,Drepanis funerea,0,0,0,0,0,0,0,0,0,0,0,0,0,0,0,0
7663,Palmeria dolei,0,2,0,0,0,0,0,0,0,2,1,1,0,0,0,0
7664,Melamprosops phaeosoma,0,0,0,0,0,0,0,0,0,1,0,1,0,0,0,0
7665,Urocynchramus pylzowi,0,0,0,0,0,0,0,0,0,0,0,0,0,0,0,0
7666,Emberiza lathami,0,0,0,0,0,0,0,0,0,0,0,0,0,0,0,0
7667,Emberiza siemsseni,0,0,0,0,0,0,0,0,0,0,0,0,0,0,0,0
7668,Emberiza citrinella,0,0,0,0,0,0,0,0,0,0,0,0,0,0,0,0
7669,Emberiza leucocephalos,0,0,0,0,0,0,0,0,0,0,0,0,0,0,0,0
7670,Emberiza stewarti,0,0,0,0,0,0,0,0,0,0,0,0,0,0,0,0
7671,Emberiza cirlus,0,0,0,0,0,0,0,0,0,0,0,0,0,0,0,0
7672,Emberiza koslowi,0,0,0,0,0,0,0,0,0,0,0,0,0,0,0,0
7673,Emberiza cia,0,0,0,0,0,0,0,0,0,0,0,0,0,0,0,0
7674,Emberiza godlewskii,0,0,0,0,0,0,0,0,0,0,0,0,0,0,0,0
7675,Emberiza cioides,0,0,0,0,0,0,0,0,0,0,0,0,0,0,0,0
7676,Emberiza jankowskii,0,0,0,2,1,0,0,0,0,0,2,0,0,1,0,1
7677,Emberiza buchanani,0,0,0,0,0,0,0,0,0,0,0,0,0,0,0,0
7678,Emberiza cineracea,0,0,0,0,1,0,0,0,0,0,2,0,1,0,0,0
7679,Emberiza hortulana,0,0,0,0,0,0,0,0,0,0,0,0,0,0,0,0
7680,Emberiza caesia,0,0,0,0,0,0,0,0,0,0,0,0,0,0,0,0
7681,Emberiza impetuani,0,0,0,0,0,0,0,0,0,0,0,0,0,0,0,0
7682,Emberiza socotrana,0,0,0,0,0,0,0,0,0,0,0,0,1,0,0,0
7683,Emberiza capensis,0,0,0,0,0,0,0,0,0,0,0,0,0,0,0,0
7684,Emberiza tristrami,0,0,0,0,0,0,0,0,0,0,0,0,0,0,0,0
7685,Emberiza fucata,0,0,0,0,0,0,0,0,0,0,0,0,0,0,0,0
7686,Emberiza pusilla,0,0,0,0,0,0,0,0,0,0,0,0,0,0,0,0
7687,Emberiza chrysophrys,0,0,0,0,0,0,0,0,0,0,0,0,0,0,0,0
7688,Emberiza rustica,0,0,0,2,0,1,0,0,2,0,0,1,0,0,0,0
7689,Emberiza elegans,0,0,0,0,0,0,0,0,0,0,0,0,0,0,0,0
7690,Emberiza aureola,0,0,0,2,0,0,0,0,3,0,0,0,0,0,2,0
7691,Emberiza rutila,0,0,0,0,0,0,0,0,0,0,0,0,0,0,0,0
7692,Emberiza flaviventris,0,0,0,0,0,0,0,0,0,0,0,0,0,0,0,0
7693,Emberiza poliopleura,0,0,0,0,0,0,0,0,0,0,0,0,0,0,0,0
7694,Emberiza affinis,0,0,0,0,0,0,0,0,0,0,0,0,0,0,0,0
7695,Emberiza cabanisi,0,0,0,0,0,0,0,0,0,0,0,0,0,0,0,0
7696,Emberiza melanocephala,0,0,0,0,0,0,0,0,0,0,0,0,0,0,0,0
7697,Emberiza bruniceps,0,0,0,0,0,0,0,0,0,0,0,0,0,0,0,0
7698,Emberiza sulphurata,0,0,0,1,0,0,0,0,1,0,0,0,0,0,0,0
7699,Emberiza variabilis,0,0,0,0,0,0,0,0,0,0,0,0,0,0,0,0
7700,Emberiza pallasi,0,0,0,0,0,0,0,0,0,0,0,0,0,0,0,0
7701,Emberiza schoeniclus,0,0,0,0,0,0,0,0,0,0,0,0,0,0,0,0
7702,Emberiza yessoensis,0,1,0,1,1,1,0,0,0,0,1,0,0,0,0,0
7703,Emberiza calandra,0,0,0,0,0,0,0,0,0,0,0,0,0,0,0,0
7704,Rhynchophanes mccownii,0,0,0,0,0,0,0,0,0,0,0,0,0,0,0,0
7705,Calcarius lapponicus,0,0,0,0,0,0,0,0,0,0,0,0,0,0,0,0
7706,Calcarius pictus,0,0,0,0,0,0,0,0,0,0,0,0,0,0,0,0
7707,Calcarius ornatus,0,0,0,2,0,0,0,0,0,2,0,0,1,0,0,1
7708,Plectrophenax nivalis,0,0,0,0,0,0,0,0,0,0,0,0,0,0,0,0
7709,Plectrophenax hyperboreus,0,0,0,0,0,0,0,0,0,1,0,0,0,0,0,0
7710,Calamospiza melanocorys,0,0,0,0,0,0,0,0,0,0,0,0,0,0,0,0
7711,Melospiza melodia,0,0,0,0,0,0,0,0,0,0,0,0,0,0,0,0
7712,Melospiza lincolnii,0,0,0,0,0,0,0,0,0,0,0,0,0,0,0,0
7713,Melospiza georgiana,0,0,0,0,0,0,0,0,0,0,0,0,0,0,0,0
7714,Zonotrichia capensis,0,0,0,0,0,0,0,0,0,0,0,0,0,0,0,0
7715,Zonotrichia querula,0,0,0,1,0,0,0,0,0,0,0,0,1,0,0,0
7716,Zonotrichia albicollis,0,0,0,0,0,0,0,0,0,0,0,0,0,0,0,0
7717,Zonotrichia leucophrys,0,0,0,0,0,0,0,0,0,0,0,0,0,0,0,0
7718,Zonotrichia atricapilla,0,0,0,0,0,0,0,0,0,0,0,0,0,0,0,0
7719,Junco vulcani,0,0,0,0,0,0,0,0,0,0,0,0,0,0,0,0
7720,Junco hyemalis,0,0,0,0,0,0,0,0,0,0,0,0,0,0,0,0
7721,Junco insularis,0,0,0,0,0,0,0,0,0,2,0,0,0,0,0,0
7722,Passerculus rostratus,0,0,0,0,0,0,0,0,0,0,0,0,0,0,0,0
7723,Ammospiza maritima,0,0,0,0,0,0,0,0,0,0,0,0,0,0,0,0
7724,Ammospiza caudacuta,0,2,0,0,0,0,0,0,0,1,0,0,1,0,1,0
7725,Ammospiza leconteii,0,0,0,0,0,0,0,0,0,0,0,0,0,0,0,0
7726,Passerculus henslowii,0,0,0,0,0,2,0,0,0,0,0,0,0,1,0,0
7727,Passerculus bairdii,0,0,0,0,0,0,0,0,0,0,0,0,0,0,0,0
7728,Ammodramus savannarum,0,0,0,0,0,0,0,0,0,0,0,0,0,0,0,0
7729,Ammodramus humeralis,0,0,0,0,0,0,0,0,0,0,0,0,0,0,0,0
7730,Ammodramus aurifrons,0,0,0,0,0,0,0,0,0,0,0,0,0,0,0,0
7731,Xenospiza baileyi,0,0,0,3,0,0,0,0,0,2,3,0,2,2,2,0
7732,Passerella arborea,0,0,0,0,0,0,0,0,0,0,0,0,0,0,0,0
7733,Spizella passerina,0,0,0,0,0,0,0,0,0,0,0,0,0,0,0,0
7734,Spizella pallida,0,0,0,0,0,0,0,0,0,0,0,0,0,0,0,0
7735,Spizella pusilla,0,0,0,0,0,0,0,0,0,0,0,0,0,0,0,0
7736,Spizella wortheni,0,0,0,2,0,0,0,0,0,0,2,0,0,0,0,0
7737,Spizella atrogularis,0,0,0,0,0,0,0,0,0,0,0,0,0,0,0,0
7738,Pooecetes gramineus,0,0,0,0,0,0,0,0,0,0,0,0,0,0,0,0
7739,Chondestes grammacus,0,0,0,0,0,0,0,0,0,0,0,0,0,0,0,0
7740,Amphispiza bilineata,0,0,0,0,0,0,0,0,0,0,0,0,0,0,0,0
7741,Amphispiza quinquestriata,0,0,0,0,0,0,0,0,0,0,0,0,0,0,0,0
7742,Peucaea mystacalis,0,0,0,0,0,0,0,0,0,0,0,0,0,0,0,0
7743,Peucaea humeralis,0,0,0,0,0,0,0,0,0,0,0,0,0,0,0,0
7744,Peucaea ruficauda,0,0,0,0,0,0,0,0,0,0,0,0,0,0,0,0
7745,Peucaea sumichrasti,0,0,0,1,0,0,0,0,0,0,2,2,2,0,0,0
7746,Rhynchospiza stolzmanni,0,0,0,0,0,0,0,0,0,0,0,0,0,0,0,0
7747,Peucaea aestivalis,0,0,0,0,0,1,0,0,0,0,0,2,1,0,0,1
7748,Peucaea botterii,0,0,0,0,0,0,0,0,0,0,0,0,0,0,0,0
7749,Peucaea cassinii,0,0,0,0,0,0,0,0,0,0,0,0,0,0,0,0
7750,Peucaea carpalis,0,0,0,0,0,0,0,0,0,0,0,0,0,0,0,0
7751,Aimophila ruficeps,0,0,0,0,0,0,0,0,0,0,0,0,0,0,0,0
7752,Aimophila notosticta,0,0,0,0,0,0,0,0,0,0,2,2,0,0,0,0
7753,Aimophila rufescens,0,0,0,0,0,0,0,0,0,0,0,0,0,0,0,0
7754,Torreornis inexpectata,0,0,0,0,1,2,0,0,0,0,1,0,1,0,0,1
7755,Oriturus superciliosus,0,0,0,0,0,0,0,0,0,0,0,0,0,0,0,0
7756,Pipilo chlorurus,0,0,0,0,0,0,0,0,0,0,0,0,0,0,0,0
7757,Pipilo ocai,0,0,0,0,0,0,0,0,0,0,0,0,0,0,0,0
7758,Pipilo erythrophthalmus,0,0,0,0,0,0,0,0,0,0,0,0,0,0,0,0
7759,Melozone aberti,0,0,0,0,0,0,0,0,0,0,0,0,0,0,0,0
7760,Melozone crissalis,0,0,0,0,0,0,0,0,0,0,0,0,0,0,0,0
7761,Melozone fusca,0,0,0,0,0,0,0,0,0,0,0,0,0,0,0,0
7762,Melozone albicollis,0,0,0,0,0,0,0,0,0,0,0,0,0,0,0,0
7763,Melozone kieneri,0,0,0,0,0,0,0,0,0,0,0,0,0,0,0,0
7764,Arremon aurantiirostris,0,0,0,0,0,0,0,0,0,0,0,0,0,0,0,0
7765,Arremon schlegeli,0,0,0,0,0,0,0,0,0,0,0,0,0,0,0,0
7766,Arremonops rufivirgatus,0,0,0,0,0,0,0,0,0,0,0,0,0,0,0,0
7767,Arremonops tocuyensis,0,0,0,0,0,0,0,0,0,0,0,0,0,0,0,0
7768,Arremonops chloronotus,0,0,0,0,0,0,0,0,0,0,0,0,0,0,0,0
7769,Arremonops conirostris,0,0,0,0,0,0,0,0,0,0,0,0,0,0,0,0
7770,Atlapetes pallidinucha,0,0,0,0,0,0,0,0,0,0,0,0,0,0,0,0
7771,Atlapetes leucopis,0,0,0,0,0,0,0,0,0,0,0,0,0,0,0,0
7772,Atlapetes pileatus,0,0,0,0,0,0,0,0,0,0,0,0,0,0,0,0
7773,Atlapetes melanocephalus,0,0,0,0,0,0,0,0,0,0,0,0,0,0,0,0
7774,Atlapetes flaviceps,0,0,0,1,0,0,0,0,0,0,1,0,0,0,0,0
7775,Atlapetes fuscoolivaceus,0,0,0,0,0,0,0,0,0,0,0,0,0,2,0,0
7776,Atlapetes seebohmi,0,0,0,0,0,0,0,0,0,0,0,0,0,0,0,0
7777,Atlapetes nationi,0,0,0,0,0,0,0,0,0,0,0,0,0,0,0,0
7778,Atlapetes albiceps,0,0,0,0,0,0,0,0,0,0,0,0,0,0,0,0
7779,Atlapetes pallidiceps,0,0,0,0,0,2,0,0,0,1,0,0,0,0,0,0
7780,Atlapetes rufigenis,0,0,0,0,0,1,0,0,0,0,1,1,1,1,0,0
7781,Atlapetes semirufus,0,0,0,0,0,0,0,0,0,0,0,0,0,0,0,0
7782,Atlapetes personatus,0,0,0,0,0,0,0,0,0,0,0,0,0,0,0,0
7783,Atlapetes fulviceps,0,0,0,0,0,0,0,0,0,0,0,0,0,0,0,0
7784,Atlapetes citrinellus,0,0,0,0,0,0,0,0,0,0,0,0,0,0,0,0
7785,Arremon brunneinucha,0,0,0,0,0,0,0,0,0,0,0,0,0,0,0,0
7786,Arremon virenticeps,0,0,0,0,0,0,0,0,0,0,0,0,0,0,0,0
7787,Pezopetes capitalis,0,0,0,0,0,0,0,0,0,0,0,0,0,0,0,0
7788,Pselliophorus tibialis,0,0,0,0,0,0,0,0,0,0,0,0,0,0,0,0
7789,Pselliophorus luteoviridis,0,0,0,1,0,1,0,0,0,0,1,2,0,0,1,0
7790,Arremon crassirostris,0,0,0,0,0,0,0,0,0,0,0,0,0,0,0,0
7791,Arremon castaneiceps,0,0,0,1,0,0,0,0,0,0,1,0,0,0,0,0
7792,Gubernatrix cristata,0,0,0,0,0,0,0,0,3,0,1,1,0,1,0,0
7793,Paroaria coronata,0,0,0,0,0,0,0,0,0,0,0,0,0,0,0,0
7794,Paroaria dominicana,0,0,0,0,0,0,0,0,0,0,0,0,0,0,0,0
7795,Paroaria baeri,0,0,0,0,0,0,0,0,0,0,0,0,0,0,0,0
7796,Paroaria capitata,0,0,0,0,0,0,0,0,0,0,0,0,0,0,0,0
7797,Vermivora bachmanii,0,0,0,0,0,0,0,0,0,0,0,0,0,0,0,0
7798,Vermivora cyanoptera,0,0,0,0,0,0,0,0,0,0,0,0,0,0,0,0
7799,Vermivora chrysoptera,0,0,0,1,0,0,0,0,0,2,0,0,0,1,0,0
7800,Leiothlypis peregrina,0,0,0,0,0,0,0,0,0,0,0,0,0,0,0,0
7801,Leiothlypis celata,0,0,0,0,0,0,0,0,0,0,0,0,0,0,0,0
7802,Leiothlypis ruficapilla,0,0,0,0,0,0,0,0,0,0,0,0,0,0,0,0
7803,Leiothlypis virginiae,0,0,0,0,0,0,0,0,0,0,0,0,0,0,0,0
7804,Leiothlypis crissalis,0,0,0,0,0,0,0,0,0,2,1,0,0,0,0,0
7805,Leiothlypis luciae,0,0,0,0,0,0,0,0,0,0,0,0,0,0,0,0
7806,Setophaga americana,0,0,0,0,0,0,0,0,0,0,0,0,0,0,0,0
7807,Oreothlypis superciliosa,0,0,0,0,0,0,0,0,0,0,0,0,0,0,0,0
7808,Oreothlypis gutturalis,0,0,0,0,0,0,0,0,0,0,0,0,0,0,0,0
7809,Setophaga petechia,0,0,0,0,0,0,0,0,0,0,0,0,0,0,0,0
7810,Setophaga pensylvanica,0,0,0,0,0,0,0,0,0,0,0,0,0,0,0,0
7811,Setophaga magnolia,0,0,0,0,0,0,0,0,0,0,0,0,0,0,0,0
7812,Setophaga tigrina,0,0,0,0,0,0,0,0,0,0,0,0,0,0,0,0
7813,Setophaga caerulescens,0,0,0,0,0,0,0,0,0,0,0,0,0,0,0,0
7814,Setophaga nigrescens,0,0,0,0,0,0,0,0,0,0,0,0,0,0,0,0
7815,Setophaga townsendi,0,0,0,0,0,0,0,0,0,0,0,0,0,0,0,0
7816,Setophaga occidentalis,0,0,0,0,0,0,0,0,0,0,0,0,0,0,0,0
7817,Setophaga virens,0,0,0,0,0,0,0,0,0,0,0,0,0,0,0,0
7818,Setophaga chrysoparia,0,1,0,2,0,2,0,0,0,0,0,2,2,0,0,0
7819,Setophaga fusca,0,0,0,0,0,0,0,0,0,0,0,0,0,0,0,0
7820,Setophaga graciae,0,0,0,0,0,0,0,0,0,0,0,0,0,0,0,0
7821,Setophaga adelaidae,0,0,0,0,0,0,0,0,0,0,0,0,0,0,0,0
7822,Setophaga pityophila,0,0,0,0,0,0,0,0,0,0,0,0,0,0,0,0
7823,Setophaga pinus,0,0,0,0,0,0,0,0,0,0,0,0,0,0,0,0
7824,Setophaga kirtlandii,0,2,0,0,0,2,0,0,0,2,0,1,0,0,0,0
7825,Setophaga discolor,0,0,0,0,0,0,0,0,0,0,0,0,0,0,0,0
7826,Setophaga vitellina,0,1,0,0,0,0,0,0,1,0,0,0,1,0,0,0
7827,Setophaga palmarum,0,0,0,0,0,0,0,0,0,0,0,0,0,0,0,0
7828,Setophaga castanea,0,0,0,0,0,0,0,0,0,0,0,0,0,0,0,0
7829,Setophaga striata,0,0,0,0,0,0,0,0,0,0,0,0,1,0,0,0
7830,Setophaga cerulea,0,0,0,2,0,0,0,0,0,0,2,2,1,2,0,0
7831,Setophaga plumbea,0,0,0,0,0,0,0,0,0,0,0,0,0,0,0,0
7832,Setophaga pharetra,0,0,0,0,0,0,0,0,0,0,0,0,0,0,0,0
7833,Setophaga angelae,0,2,0,0,0,0,0,0,0,0,0,0,2,0,0,0
7834,Catharopeza bishopi,0,0,0,2,0,0,0,1,0,0,0,2,0,0,0,0
7835,Mniotilta varia,0,0,0,0,0,0,0,0,0,0,0,0,0,0,0,0
7836,Setophaga ruticilla,0,0,0,0,0,0,0,0,0,0,0,0,0,0,0,0
7837,Protonotaria citrea,0,0,0,0,0,0,0,0,0,0,0,0,0,0,0,0
7838,Helmitheros vermivorum,0,0,0,0,0,0,0,0,0,0,0,0,0,0,0,0
7839,Limnothlypis swainsonii,0,0,0,0,0,0,0,0,0,0,0,0,0,0,0,0
7840,Seiurus aurocapilla,0,0,0,0,0,0,0,0,0,0,0,0,0,0,0,0
7841,Parkesia noveboracensis,0,0,0,0,0,0,0,0,0,0,0,0,0,0,0,0
7842,Parkesia motacilla,0,0,0,0,0,0,0,0,0,0,0,0,0,0,0,0
7843,Geothlypis formosa,0,0,0,0,0,0,0,0,0,0,0,0,0,0,0,0
7844,Oporornis agilis,0,0,0,0,0,0,0,0,0,0,0,0,0,0,0,0
7845,Geothlypis philadelphia,0,0,0,0,0,0,0,0,0,0,0,0,0,0,0,0
7846,Geothlypis tolmiei,0,0,0,0,0,0,0,0,0,0,0,0,0,0,0,0
7847,Geothlypis trichas,0,0,0,0,0,0,0,0,0,0,0,0,0,0,0,0
7848,Geothlypis beldingi,0,2,0,2,2,0,0,0,0,0,2,0,2,0,0,0
7849,Geothlypis flavovelata,0,0,0,1,0,0,0,0,0,0,2,0,2,0,1,0
7850,Geothlypis rostrata,0,0,0,0,0,0,0,0,0,0,0,0,0,0,0,0
7851,Geothlypis speciosa,0,0,0,3,3,0,0,0,0,0,0,0,2,0,0,0
7852,Geothlypis nelsoni,0,0,0,0,0,0,0,0,0,0,0,0,0,0,0,0
7853,Geothlypis poliocephala,0,0,0,0,0,0,0,0,0,0,0,0,0,0,0,0
7854,Microligea palustris,0,0,0,0,0,0,0,0,0,0,0,0,0,0,0,0
7855,Teretistris fernandinae,0,0,0,0,0,0,0,0,0,0,0,0,0,0,0,0
7856,Teretistris fornsi,0,0,0,0,0,0,0,0,0,0,0,0,0,0,0,0
7857,Leucopeza semperi,0,0,0,0,0,0,0,0,0,2,0,0,0,0,0,0
7858,Setophaga citrina,0,0,0,0,0,0,0,0,0,0,0,0,0,0,0,0
7859,Cardellina pusilla,0,0,0,0,0,0,0,0,0,0,0,0,0,0,0,0
7860,Cardellina canadensis,0,0,0,0,0,0,0,0,0,0,0,0,0,0,0,0
7861,Cardellina rubrifrons,0,0,0,0,0,0,0,0,0,0,0,0,0,0,0,0
7862,Cardellina rubra,0,0,0,0,0,0,0,0,0,0,0,0,0,0,0,0
7863,Cardellina versicolor,0,0,0,1,0,0,0,0,0,0,1,2,1,0,0,1
7864,Myioborus pictus,0,0,0,0,0,0,0,0,0,0,0,0,0,0,0,0
7865,Myioborus miniatus,0,0,0,0,0,0,0,0,0,0,0,0,0,0,0,0
7866,Myioborus castaneocapilla,0,0,0,0,0,0,0,0,0,0,0,0,0,0,0,0
7867,Myioborus brunniceps,0,0,0,0,0,0,0,0,0,0,0,0,0,0,0,0
7868,Myioborus pariae,0,0,0,2,0,2,0,0,1,0,0,0,1,0,0,0
7869,Myioborus albifacies,0,0,0,0,0,0,0,0,0,0,0,0,0,0,0,0
7870,Myioborus cardonai,0,0,0,2,0,0,0,0,0,0,0,0,1,0,0,0
7871,Myioborus torquatus,0,0,0,0,0,0,0,0,0,0,0,0,0,0,0,0
7872,Myioborus melanocephalus,0,0,0,0,0,0,0,0,0,0,0,0,0,0,0,0
7873,Myioborus albifrons,0,0,0,0,0,0,0,0,0,0,1,1,1,0,0,0
7874,Myioborus flavivertex,0,0,0,2,0,0,0,0,0,0,0,2,0,0,0,0
7875,Basileuterus lachrymosus,0,0,0,0,0,0,0,0,0,0,0,0,0,0,0,0
7876,Myiothlypis fraseri,0,0,0,0,0,0,0,0,0,0,0,0,0,0,0,0
7877,Myiothlypis signata,0,0,0,0,0,0,0,0,0,0,0,0,0,0,0,0
7878,Myiothlypis nigrocristata,0,0,0,0,0,0,0,0,0,0,0,0,0,0,0,0
7879,Basileuterus griseiceps,0,0,0,2,0,0,0,0,0,0,1,0,0,0,0,0
7880,Myiothlypis basilica,0,0,0,1,0,1,0,0,0,0,1,1,0,1,0,0
7881,Myiothlypis cinereicollis,0,0,0,1,0,0,0,0,0,0,1,0,1,1,0,0
7882,Myiothlypis conspicillata,0,0,0,1,0,1,0,0,0,0,0,1,0,1,0,0
7883,Myiothlypis coronata,0,0,0,0,0,0,0,0,0,0,0,0,0,0,0,0
7884,Basileuterus trifasciatus,0,0,0,0,0,0,0,0,0,0,0,0,0,0,0,0
7885,Basileuterus hypoleucus,0,0,0,0,0,0,0,0,0,0,0,0,0,0,0,0
7886,Basileuterus rufifrons,0,0,0,0,0,0,0,0,0,0,0,0,0,0,0,0
7887,Basileuterus belli,0,0,0,0,0,0,0,0,0,0,0,0,0,0,0,0
7888,Basileuterus melanogenys,0,0,0,0,0,0,0,0,0,0,0,0,0,0,0,0
7889,Basileuterus ignotus,0,1,0,1,0,0,0,0,0,0,0,0,1,0,0,0
7890,Myiothlypis leucoblephara,0,0,0,0,0,0,0,0,0,0,0,0,0,0,0,0
7891,Myiothlypis leucophrys,0,0,0,0,0,0,0,0,0,0,0,0,0,0,0,0
7892,Myiothlypis flaveola,0,0,0,0,0,0,0,0,0,0,0,0,0,0,0,0
7893,Myiothlypis fulvicauda,0,0,0,0,0,0,0,0,0,0,0,0,0,0,0,0
7894,Zeledonia coronata,0,0,0,0,0,0,0,0,0,0,0,0,0,0,0,0
7895,Icteria virens,0,0,0,0,0,0,0,0,0,0,0,0,0,0,0,0
7896,Granatellus sallaei,0,0,0,0,0,0,0,0,0,0,0,0,0,0,0,0
7897,Xenoligea montana,0,0,0,2,0,0,0,0,0,0,0,2,0,0,0,0
7898,Coereba flaveola,0,0,0,0,0,0,0,0,0,0,0,0,0,0,0,0
7899,Conirostrum speciosum,0,0,0,0,0,0,0,0,0,0,0,0,0,0,0,0
7900,Conirostrum leucogenys,0,0,0,0,0,0,0,0,0,0,0,0,0,0,0,0
7901,Conirostrum bicolor,0,0,0,1,0,0,0,0,0,0,1,0,0,0,0,0
7902,Conirostrum margaritae,0,0,0,2,0,0,0,0,0,0,2,0,0,0,0,0
7903,Conirostrum cinereum,0,0,0,0,0,0,0,0,0,0,0,0,0,0,0,0
7904,Conirostrum tamarugense,0,0,0,0,0,1,0,0,0,0,0,1,0,0,1,0
7905,Conirostrum ferrugineiventre,0,0,0,0,0,0,0,0,0,0,0,0,0,0,0,0
7906,Conirostrum rufum,0,0,0,0,0,0,0,0,0,0,0,0,0,0,0,0
7907,Conirostrum sitticolor,0,0,0,0,0,0,0,0,0,0,0,0,0,0,0,0
7908,Conirostrum albifrons,0,0,0,0,0,0,0,0,0,0,0,0,0,0,0,0
7909,Conirostrum binghami,0,0,0,2,0,2,0,0,0,0,2,2,0,2,0,0
7910,Orchesticus abeillei,0,0,0,2,0,2,0,0,0,0,2,2,0,0,0,0
7911,Schistochlamys ruficapillus,0,0,0,0,0,0,0,0,0,0,0,0,0,0,0,0
7912,Schistochlamys melanopis,0,0,0,0,0,0,0,0,0,0,0,0,0,0,0,0
7913,Neothraupis fasciata,0,0,0,2,0,0,0,0,0,0,1,0,0,2,0,0
7914,Cypsnagra hirundinacea,0,0,0,0,0,0,0,0,0,0,0,0,0,0,0,0
7915,Conothraupis speculigera,0,0,0,0,0,0,0,0,1,0,0,1,0,0,0,0
7916,Conothraupis mesoleuca,0,0,0,0,2,0,0,0,0,0,0,0,0,0,0,0
7917,Lamprospiza melanoleuca,0,0,0,0,0,0,0,0,0,0,0,0,0,0,0,0
7918,Cissopis leverianus,0,0,0,0,0,0,0,0,0,0,0,0,0,0,0,0
7919,Chlorornis riefferii,0,0,0,0,0,0,0,0,0,0,0,0,0,0,0,0
7920,Compsothraupis loricata,0,0,0,0,0,0,0,0,0,0,0,0,0,0,0,0
7921,Sericossypha albocristata,0,0,0,2,0,0,0,0,0,0,2,0,0,0,0,0
7922,Nesospingus speculiferus,0,2,0,0,0,0,0,0,0,0,0,1,0,0,0,0
7923,Chlorospingus flavopectus,0,0,0,0,0,0,0,0,0,0,0,0,0,0,0,0
7924,Chlorospingus tacarcunae,0,0,0,0,0,0,0,0,0,0,0,0,0,0,0,0
7925,Chlorospingus inornatus,0,0,0,0,0,0,0,0,0,0,0,0,0,0,0,0
7926,Chlorospingus semifuscus,0,0,0,0,0,0,0,0,0,0,0,0,0,0,0,0
7927,Chlorospingus pileatus,0,0,0,0,0,0,0,0,0,0,0,0,0,0,0,0
7928,Chlorospingus parvirostris,0,0,0,0,0,0,0,0,0,0,0,0,0,0,0,0
7929,Bangsia flavovirens,0,0,0,2,0,0,0,0,0,0,2,2,2,0,0,0
7930,Chlorospingus canigularis,0,0,0,0,0,0,0,0,0,0,0,0,0,0,0,0
7931,Kleinothraupis calophrys,0,0,0,0,0,0,0,0,0,0,0,0,0,0,0,0
7932,Kleinothraupis parodii,0,0,0,2,0,0,0,0,0,0,2,0,0,0,0,0
7933,Thlypopsis superciliaris,0,0,0,0,0,0,0,0,0,0,0,0,0,0,0,0
7934,Kleinothraupis reyi,0,0,0,0,0,0,0,0,0,0,0,0,0,0,0,0
7935,Sphenopsis frontalis,0,0,0,0,0,0,0,0,0,0,0,0,0,0,0,0
7936,Poospiza goeringi,0,0,0,0,0,0,0,0,0,0,0,0,0,0,0,0
7937,Poospiza rufosuperciliaris,0,0,0,1,0,0,0,0,0,0,2,0,1,0,0,0
7938,Pseudospingus verticalis,0,0,0,0,0,0,0,0,0,0,0,0,0,0,0,0
7939,Pseudospingus xanthophthalmus,0,0,0,0,0,0,0,0,0,0,0,0,0,0,0,0
7940,Microspingus trifasciatus,0,0,0,0,0,0,0,0,0,0,0,0,0,0,0,0
7941,Thlypopsis pyrrhocoma,0,0,0,0,0,0,0,0,0,0,0,0,0,0,0,0
7942,Thlypopsis fulviceps,0,0,0,0,0,0,0,0,0,0,0,0,0,0,0,0
7943,Thlypopsis ornata,0,0,0,0,0,0,0,0,0,0,0,0,0,0,0,0
7944,Thlypopsis pectoralis,0,0,0,0,0,0,0,0,0,0,0,0,0,0,0,0
7945,Thlypopsis sordida,0,0,0,0,0,0,0,0,0,0,0,0,0,0,0,0
7946,Thlypopsis inornata,0,0,0,0,0,0,0,0,0,0,0,0,0,0,0,0
7947,Thlypopsis ruficeps,0,0,0,0,0,0,0,0,0,0,0,0,0,0,0,0
7948,Hemithraupis guira,0,0,0,0,0,0,0,0,0,0,0,0,0,0,0,0
7949,Hemithraupis ruficapilla,0,0,0,0,0,0,0,0,0,0,0,0,0,0,0,0
7950,Hemithraupis flavicollis,0,0,0,0,0,0,0,0,0,0,0,0,0,0,0,0
7951,Chrysothlypis chrysomelas,0,0,0,0,0,0,0,0,0,0,0,0,0,0,0,0
7952,Chrysothlypis salmoni,0,0,0,0,0,0,0,0,0,0,0,0,0,0,0,0
7953,Nemosia pileata,0,0,0,0,0,0,0,0,0,0,0,0,0,0,0,0
7954,Nemosia rourei,0,0,0,2,0,0,0,0,0,0,0,2,2,2,0,0
7955,Phaenicophilus palmarum,0,0,0,0,0,0,0,0,0,0,0,0,0,0,0,0
7956,Phaenicophilus poliocephalus,0,0,0,2,0,0,0,0,0,0,0,0,0,0,0,0
7957,Rhodinocichla rosea,0,0,0,0,0,0,0,0,0,0,0,0,0,0,0,0
7958,Mitrospingus cassinii,0,0,0,0,0,0,0,0,0,0,0,0,0,0,0,0
7959,Mitrospingus oleagineus,0,0,0,0,0,0,0,0,0,0,0,0,0,0,0,0
7960,Habia olivacea,0,0,0,0,0,0,0,0,0,0,0,0,0,0,0,0
7961,Habia stolzmanni,0,0,0,0,0,0,0,0,0,0,0,0,0,0,0,0
7962,Orthogonys chloricterus,0,0,0,0,0,0,0,0,0,0,0,0,0,0,0,0
7963,Eucometis penicillata,0,0,0,0,0,0,0,0,0,0,0,0,0,0,0,0
7964,Lanio fulvus,0,0,0,0,0,0,0,0,0,0,0,0,0,0,0,0
7965,Lanio versicolor,0,0,0,0,0,0,0,0,0,0,0,0,0,0,0,0
7966,Lanio aurantius,0,0,0,0,0,0,0,0,0,0,0,0,0,0,0,0
7967,Lanio leucothorax,0,0,0,0,0,0,0,0,0,0,0,2,0,0,0,0
7968,Creurgops verticalis,0,0,0,0,0,0,0,0,0,0,0,0,0,0,0,0
7969,Creurgops dentatus,0,0,0,0,0,0,0,0,0,0,0,0,0,0,0,0
7970,Heterospingus rubrifrons,0,0,0,0,0,0,0,0,0,0,0,0,0,0,0,0
7971,Heterospingus xanthopygius,0,0,0,0,0,0,0,0,0,0,0,0,0,0,0,0
7972,Islerothraupis cristata,0,0,0,0,0,0,0,0,0,0,0,0,0,0,0,0
7973,Islerothraupis rufiventer,0,0,0,0,0,0,0,0,0,0,0,0,0,0,0,0
7974,Maschalethraupis surinama,0,0,0,1,0,0,0,0,0,0,1,0,0,1,0,0
7975,Islerothraupis luctuosa,0,0,0,0,0,0,0,0,0,0,0,0,0,0,0,0
7976,Chrysocorypha delatrii,0,0,0,0,0,0,0,0,0,0,0,0,0,0,0,0
7977,Tachyphonus coronatus,0,0,0,0,0,0,0,0,0,0,0,0,0,0,0,0
7978,Tachyphonus rufus,0,0,0,0,0,0,0,0,0,0,0,0,0,0,0,0
7979,Tachyphonus phoenicius,0,0,0,0,0,0,0,0,0,0,0,0,0,0,0,0
7980,Trichothraupis melanops,0,0,0,0,0,0,0,0,0,0,0,0,0,0,0,0
7981,Habia rubica,0,0,0,0,0,0,0,0,0,0,0,0,0,0,0,0
7982,Habia fuscicauda,0,0,0,0,0,0,0,0,0,0,0,0,0,0,0,0
7983,Habia gutturalis,0,0,0,1,0,0,0,0,0,0,0,1,1,0,0,0
7984,Habia atrimaxillaris,0,0,0,1,0,0,0,0,0,0,0,1,0,0,0,0
7985,Habia cristata,0,0,0,0,0,0,0,0,0,0,0,0,0,0,0,0
7986,Piranga bidentata,0,0,0,0,0,0,0,0,0,0,0,0,0,0,0,0
7987,Piranga rubra,0,0,0,0,0,0,0,0,0,0,0,0,0,0,0,0
7988,Piranga roseogularis,0,0,0,0,0,0,0,0,0,0,0,0,0,0,0,0
7989,Piranga olivacea,0,0,0,0,0,0,0,0,0,0,0,0,0,0,0,0
7990,Piranga ludoviciana,0,0,0,0,0,0,0,0,0,0,0,0,0,0,0,0
7991,Piranga leucoptera,0,0,0,0,0,0,0,0,0,0,0,0,0,0,0,0
7992,Piranga erythrocephala,0,0,0,0,0,0,0,0,0,0,0,0,0,0,0,0
7993,Piranga rubriceps,0,0,0,0,0,0,0,0,0,0,0,0,0,0,0,0
7994,Calochaetes coccineus,0,0,0,0,0,0,0,0,0,0,0,0,0,0,0,0
7995,Ramphocelus sanguinolentus,0,0,0,0,0,0,0,0,0,0,0,0,0,0,0,0
7996,Ramphocelus nigrogularis,0,0,0,0,0,0,0,0,0,0,0,0,0,0,0,0
7997,Ramphocelus dimidiatus,0,0,0,0,0,0,0,0,0,0,0,0,0,0,0,0
7998,Ramphocelus melanogaster,0,0,0,0,0,0,0,0,0,0,0,0,0,0,0,0
7999,Ramphocelus carbo,0,0,0,0,0,0,0,0,0,0,0,0,0,0,0,0
8000,Ramphocelus bresilius,0,0,0,0,0,0,0,0,0,0,0,0,0,0,0,0
8001,Ramphocelus flammigerus,0,0,0,0,0,0,0,0,0,0,0,0,0,0,0,0
8002,Spindalis zena,0,0,0,0,0,0,0,0,0,0,0,0,0,0,0,0
8003,Tangara episcopus,0,0,0,0,0,0,0,0,0,0,0,0,0,0,0,0
8004,Tangara glaucocolpa,0,0,0,0,0,0,0,0,0,0,0,0,0,0,0,0
8005,Tangara sayaca,0,0,0,0,0,0,0,0,0,0,0,0,0,0,0,0
8006,Tangara cyanoptera,0,0,0,1,0,0,0,0,0,0,2,0,1,2,0,0
8007,Tangara ornata,0,0,0,0,0,0,0,0,0,0,0,0,0,0,0,0
8008,Tangara abbas,0,0,0,0,0,0,0,0,0,0,0,0,0,0,0,0
8009,Tangara palmarum,0,0,0,0,0,0,0,0,0,0,0,0,0,0,0,0
8010,Sporathraupis cyanocephala,0,0,0,0,0,0,0,0,0,0,0,0,0,0,0,0
8011,Cyanicterus cyanicterus,0,0,0,0,0,0,0,0,0,0,0,0,0,0,0,0
8012,Bangsia arcaei,0,0,0,2,0,2,0,0,0,0,0,2,0,0,0,0
8013,Bangsia melanochlamys,0,0,0,1,0,0,0,0,0,0,1,2,1,0,0,1
8014,Bangsia rothschildi,0,0,0,0,0,0,0,0,0,0,0,0,0,0,0,0
8015,Bangsia edwardsi,0,0,0,0,0,0,0,0,0,0,0,0,0,0,0,0
8016,Bangsia aureocincta,0,0,0,1,0,0,0,0,0,0,0,1,1,0,0,0
8017,Buthraupis montana,0,0,0,0,0,0,0,0,0,0,0,0,0,0,0,0
8018,Cnemathraupis eximia,0,0,0,0,0,0,0,0,0,0,0,0,0,0,0,0
8019,Cnemathraupis aureodorsalis,0,0,0,0,0,2,0,0,0,0,1,0,0,0,0,0
8020,Tephrophilus wetmorei,0,0,0,1,0,2,0,0,0,0,2,1,0,0,0,0
8021,Wetmorethraupis sterrhopteron,0,0,0,2,0,0,0,0,0,0,0,2,0,0,0,0
8022,Anisognathus melanogenys,0,0,0,0,0,0,0,0,0,0,0,0,0,0,0,0
8023,Anisognathus lacrymosus,0,0,0,0,0,0,0,0,0,0,0,0,0,0,0,0
8024,Anisognathus notabilis,0,0,0,0,0,0,0,0,0,0,0,0,0,0,0,0
8025,Stephanophorus diadematus,0,0,0,0,0,0,0,0,0,0,0,0,0,0,0,0
8026,Iridosornis porphyrocephalus,0,0,0,0,0,0,0,0,0,0,2,2,2,0,0,0
8027,Iridosornis analis,0,0,0,0,0,0,0,0,0,0,0,0,0,0,0,0
8028,Iridosornis jelskii,0,0,0,0,0,0,0,0,0,0,0,0,0,0,0,0
8029,Iridosornis rufivertex,0,0,0,0,0,0,0,0,0,0,0,0,0,0,0,0
8030,Iridosornis reinhardti,0,0,0,0,0,0,0,0,0,0,0,0,0,0,0,0
8031,Dubusia castaneoventris,0,0,0,0,0,0,0,0,0,0,0,0,0,0,0,0
8032,Pipraeidea melanonota,0,0,0,0,0,0,0,0,0,0,0,0,0,0,0,0
8033,Euphonia jamaica,0,0,0,0,0,0,0,0,0,0,0,0,0,0,0,0
8034,Euphonia plumbea,0,0,0,0,0,0,0,0,0,0,0,0,0,0,0,0
8035,Euphonia affinis,0,0,0,0,0,0,0,0,0,0,0,0,0,0,0,0
8036,Euphonia luteicapilla,0,0,0,0,0,0,0,0,0,0,0,0,0,0,0,0
8037,Euphonia chlorotica,0,0,0,0,0,0,0,0,0,0,0,0,0,0,0,0
8038,Euphonia trinitatis,0,0,0,0,0,0,0,0,0,0,0,0,0,0,0,0
8039,Euphonia concinna,0,0,0,0,0,0,0,0,0,0,0,0,0,0,0,0
8040,Euphonia saturata,0,0,0,0,0,0,0,0,0,0,0,0,0,0,0,0
8041,Euphonia finschi,0,0,0,0,0,0,0,0,0,0,0,0,0,0,0,0
8042,Euphonia violacea,0,0,0,0,0,0,0,0,0,0,0,0,0,0,0,0
8043,Euphonia laniirostris,0,0,0,0,0,0,0,0,0,0,0,0,0,0,0,0
8044,Euphonia hirundinacea,0,0,0,0,0,0,0,0,0,0,0,0,0,0,0,0
8045,Euphonia chalybea,0,0,0,2,0,0,0,0,0,0,0,1,2,0,0,0
8046,Euphonia elegantissima,0,0,0,0,0,0,0,0,0,0,0,0,0,0,0,0
8047,Euphonia cyanocephala,0,0,0,0,0,0,0,0,0,0,0,0,0,0,0,0
8048,Euphonia imitans,0,0,0,0,0,0,0,0,0,0,0,0,0,0,0,0
8049,Euphonia fulvicrissa,0,0,0,0,0,0,0,0,0,0,0,0,0,0,0,0
8050,Euphonia gouldi,0,0,0,0,0,0,0,0,0,0,0,0,0,0,0,0
8051,Euphonia chrysopasta,0,0,0,0,0,0,0,0,0,0,0,0,0,0,0,0
8052,Euphonia mesochrysa,0,0,0,0,0,0,0,0,0,0,0,0,0,0,0,0
8053,Euphonia minuta,0,0,0,0,0,0,0,0,0,0,0,0,0,0,0,0
8054,Euphonia anneae,0,0,0,0,0,0,0,0,0,0,0,0,0,0,0,0
8055,Euphonia xanthogaster,0,0,0,0,0,0,0,0,0,0,0,0,0,0,0,0
8056,Euphonia rufiventris,0,0,0,0,0,0,0,0,0,0,0,0,0,0,0,0
8057,Euphonia cayennensis,0,0,0,0,0,0,0,0,0,0,0,0,0,0,0,0
8058,Euphonia pectoralis,0,0,0,0,0,0,0,0,0,0,0,0,0,0,0,0
8059,Chlorophonia flavirostris,0,0,0,0,0,0,0,0,0,0,0,0,0,0,0,0
8060,Chlorophonia cyanea,0,0,0,0,0,0,0,0,0,0,0,0,0,0,0,0
8061,Chlorophonia pyrrhophrys,0,0,0,0,0,0,0,0,0,0,0,0,0,0,0,0
8062,Chlorophonia occipitalis,0,0,0,0,0,0,0,0,0,0,0,0,0,0,0,0
8063,Chlorophonia callophrys,0,0,0,0,0,0,0,0,0,0,0,0,0,0,0,0
8064,Chlorochrysa phoenicotis,0,0,0,0,0,0,0,0,0,0,0,0,0,0,0,0
8065,Chlorochrysa nitidissima,0,0,0,1,0,0,0,0,0,0,1,1,1,0,0,0
8066,Tangara inornata,0,0,0,0,0,0,0,0,0,0,0,0,0,0,0,0
8067,Tangara cabanisi,0,1,0,2,0,1,0,0,0,0,0,0,1,0,0,0
8068,Tangara palmeri,0,0,0,0,0,0,0,0,0,0,0,0,0,0,0,0
8069,Tangara chilensis,0,0,0,0,0,0,0,0,0,0,0,0,0,0,0,0
8070,Tangara fastuosa,0,0,0,2,0,1,0,0,2,0,2,2,1,0,0,0
8071,Tangara seledon,0,0,0,0,0,0,0,0,0,0,0,0,0,0,0,0
8072,Tangara cyanocephala,0,0,0,0,0,0,0,0,0,0,0,0,0,0,0,0
8073,Tangara desmaresti,0,0,0,0,0,0,0,0,0,0,0,0,0,0,0,0
8074,Tangara cyanoventris,0,0,0,0,0,0,0,0,0,0,0,0,0,0,0,0
8075,Tangara johannae,0,0,0,1,0,0,0,0,0,0,1,1,1,1,0,0
8076,Tangara schrankii,0,0,0,0,0,0,0,0,0,0,0,0,0,0,0,0
8077,Tangara florida,0,0,0,0,0,0,0,0,0,0,0,0,0,0,0,0
8078,Tangara icterocephala,0,0,0,0,0,0,0,0,0,0,0,0,0,0,0,0
8079,Tangara xanthocephala,0,0,0,0,0,0,0,0,0,0,0,0,0,0,0,0
8080,Tangara chrysotis,0,0,0,0,0,0,0,0,0,0,0,0,0,0,0,0
8081,Tangara xanthogastra,0,0,0,0,0,0,0,0,0,0,0,0,0,0,0,0
8082,Tangara punctata,0,0,0,0,0,0,0,0,0,0,0,0,0,0,0,0
8083,Tangara guttata,0,0,0,0,0,0,0,0,0,0,0,0,0,0,0,0
8084,Tangara varia,0,0,0,0,0,0,0,0,0,0,0,0,0,0,0,0
8085,Tangara rufigula,0,0,0,0,0,0,0,0,0,0,0,0,0,0,0,0
8086,Tangara gyrola,0,0,0,0,0,0,0,0,0,0,0,0,0,0,0,0
8087,Tangara lavinia,0,0,0,0,0,0,0,0,0,0,0,0,0,0,0,0
8088,Tangara peruviana,0,0,0,0,0,0,0,0,1,0,0,0,2,0,0,0
8089,Tangara preciosa,0,0,0,0,0,0,0,0,0,0,0,0,0,0,0,0
8090,Tangara vitriolina,0,0,0,0,0,0,0,0,0,0,0,0,0,0,0,0
8091,Tangara meyerdeschauenseei,0,0,0,0,0,0,0,0,0,0,0,1,0,0,0,0
8092,Tangara rufigenis,0,0,0,0,0,0,0,0,0,0,0,0,0,0,0,0
8093,Tangara labradorides,0,0,0,0,0,0,0,0,0,0,0,0,0,0,0,0
8094,Tangara cyanotis,0,0,0,0,0,0,0,0,0,0,0,0,0,0,0,0
8095,Tangara cyanicollis,0,0,0,0,0,0,0,0,0,0,0,0,0,0,0,0
8096,Tangara larvata,0,0,0,0,0,0,0,0,0,0,0,0,0,0,0,0
8097,Tangara nigrocincta,0,0,0,0,0,0,0,0,0,0,0,0,0,0,0,0
8098,Tangara dowii,0,0,0,0,0,0,0,0,0,0,0,0,0,0,0,0
8099,Tangara fucosa,0,0,0,0,0,0,0,0,0,0,0,1,1,0,0,0
8100,Tangara nigroviridis,0,0,0,0,0,0,0,0,0,0,0,0,0,0,0,0
8101,Tangara heinei,0,0,0,0,0,0,0,0,0,0,0,0,0,0,0,0
8102,Tangara phillipsi,0,1,0,0,0,0,0,0,0,0,0,1,1,0,0,0
8103,Tangara viridicollis,0,0,0,0,0,0,0,0,0,0,0,0,0,0,0,0
8104,Tangara argyrofenges,0,0,0,2,0,0,0,0,0,0,2,0,0,0,0,0
8105,Tangara velia,0,0,0,0,0,0,0,0,0,0,0,0,0,0,0,0
8106,Tangara callophrys,0,0,0,0,0,0,0,0,0,0,0,0,0,0,0,0
8107,Iridophanes pulcherrimus,0,0,0,0,0,0,0,0,0,0,0,0,0,0,0,0
8108,Dacnis hartlaubi,0,0,0,2,0,0,0,0,0,0,2,0,2,0,0,0
8109,Dacnis albiventris,0,0,0,0,0,0,0,0,0,0,0,0,0,0,0,0
8110,Dacnis flaviventer,0,0,0,0,0,0,0,0,0,0,0,0,0,0,0,0
8111,Dacnis nigripes,0,0,0,2,0,0,0,0,2,0,0,0,2,0,0,0
8112,Dacnis venusta,0,0,0,0,0,0,0,0,0,0,0,0,0,0,0,0
8113,Dacnis cayana,0,0,0,0,0,0,0,0,0,0,0,0,0,0,0,0
8114,Dacnis viguieri,0,0,0,1,0,0,0,0,0,0,1,0,1,0,0,0
8115,Dacnis berlepschi,0,0,0,1,0,0,0,0,0,0,3,3,2,0,0,0
8116,Chlorophanes spiza,0,0,0,0,0,0,0,0,0,0,0,0,0,0,0,0
8117,Cyanerpes nitidus,0,0,0,0,0,0,0,0,0,0,0,0,0,0,0,0
8118,Cyanerpes lucidus,0,0,0,0,0,0,0,0,0,0,0,0,0,0,0,0
8119,Cyanerpes caeruleus,0,0,0,0,0,0,0,0,0,0,0,0,0,0,0,0
8120,Cyanerpes cyaneus,0,0,0,0,0,0,0,0,0,0,0,0,0,0,0,0
8121,Tersina viridis,0,0,0,0,0,0,0,0,0,0,0,0,0,0,0,0
8122,Catamblyrhynchus diadema,0,0,0,0,0,0,0,0,0,0,0,0,0,0,0,0
8123,Oreothraupis arremonops,0,0,0,2,0,0,0,0,0,0,2,1,2,1,0,0
8124,Urothraupis stolzmanni,0,0,0,0,0,0,0,0,0,0,0,0,0,0,0,0
8125,Nephelornis oneilli,0,0,0,0,0,0,0,0,0,0,0,0,0,0,0,0
8126,Charitospiza eucosma,0,0,0,2,0,0,0,0,1,0,1,0,0,2,0,0
8127,Coryphaspiza melanotis,0,0,0,2,0,2,0,0,0,1,1,0,0,1,1,0
8128,Saltator multicolor,0,0,0,0,0,0,0,0,0,0,0,0,0,0,0,0
8129,Coryphospingus pileatus,0,0,0,0,0,0,0,0,0,0,0,0,0,0,0,0
8130,Coryphospingus cucullatus,0,0,0,0,0,0,0,0,0,0,0,0,0,0,0,0
8131,Rhodospingus cruentus,0,0,0,0,0,0,0,0,0,0,0,0,0,0,0,0
8132,Phrygilus atriceps,0,0,0,0,0,0,0,0,0,0,0,0,0,0,0,0
8133,Phrygilus punensis,0,0,0,0,0,0,0,0,0,0,0,0,0,0,0,0
8134,Phrygilus gayi,0,0,0,0,0,0,0,0,0,0,0,0,0,0,0,0
8135,Phrygilus patagonicus,0,0,0,0,0,0,0,0,0,0,0,0,0,0,0,0
8136,Rhopospina fruticeti,0,0,0,0,0,0,0,0,0,0,0,0,0,0,0,0
8137,Geospizopsis unicolor,0,0,0,0,0,0,0,0,0,0,0,0,0,0,0,0
8138,Ephippiospingus dorsalis,0,0,0,0,0,0,0,0,0,0,0,0,0,0,0,0
8139,Ephippiospingus erythronotus,0,0,0,0,0,0,0,0,0,0,0,0,0,0,0,0
8140,Geospizopsis plebejus,0,0,0,0,0,0,0,0,0,0,0,0,0,0,0,0
8141,Corydospiza carbonaria,0,0,0,0,0,0,0,0,0,0,0,0,0,0,0,0
8142,Corydospiza alaudina,0,0,0,0,0,0,0,0,0,0,0,0,0,0,0,0
8143,Melanodera melanodera,0,0,0,0,0,0,0,0,0,0,0,0,0,0,0,0
8144,Melanodera xanthogramma,0,0,0,0,0,0,0,0,0,0,0,0,0,0,0,0
8145,Spodiornis rusticus,0,0,0,0,0,0,0,0,0,0,0,0,0,0,0,0
8146,Haplospiza unicolor,0,0,0,0,0,0,0,0,0,0,0,0,0,0,0,0
8147,Acanthidops bairdi,0,0,0,0,0,0,0,0,0,0,0,0,0,0,0,0
8148,Lophospingus pusillus,0,0,0,0,0,0,0,0,0,0,0,0,0,0,0,0
8149,Lophospingus griseocristatus,0,0,0,0,0,0,0,0,0,0,0,0,0,0,0,0
8150,Donacospiza albifrons,0,0,0,0,0,0,0,0,0,0,0,0,0,0,0,0
8151,Rowettia goughensis,0,0,0,0,0,0,0,0,0,3,0,0,0,0,0,0
8152,Chionodacryon speculiferum,0,0,0,0,0,0,0,0,0,0,0,0,0,0,0,0
8153,Diuca diuca,0,0,0,0,0,0,0,0,0,0,0,0,0,0,0,0
8154,Idiopsar brachyurus,0,0,0,0,0,0,0,0,0,0,0,0,0,0,0,0
8155,Piezorina cinerea,0,0,0,0,0,0,0,0,0,0,0,0,0,0,0,0
8156,Xenospingus concolor,0,0,0,2,0,0,0,0,0,0,0,2,0,0,0,0
8157,Incaspiza pulchra,0,0,0,0,0,0,0,0,0,0,0,0,0,0,0,0
8158,Incaspiza personata,0,0,0,0,0,0,0,0,0,0,0,0,0,0,0,0
8159,Incaspiza ortizi,0,0,0,0,0,1,0,0,0,0,0,0,0,0,0,0
8160,Incaspiza laeta,0,0,0,0,0,0,0,0,0,0,0,0,0,0,0,0
8161,Incaspiza watkinsi,0,0,0,2,0,0,0,0,0,0,2,1,1,2,0,0
8162,Castanozoster thoracicus,0,0,0,0,0,0,0,0,0,0,0,0,0,0,0,0
8163,Poospiza boliviana,0,0,0,0,0,0,0,0,0,0,0,0,0,0,0,0
8164,Microspingus alticola,0,0,0,0,0,2,0,0,0,0,2,2,1,1,2,0
8165,Poospizopsis hypocondria,0,0,0,0,0,0,0,0,0,0,0,0,0,0,0,0
8166,Poospiza ornata,0,0,0,0,0,0,0,0,0,0,0,0,0,0,0,0
8167,Microspingus erythrophrys,0,0,0,0,0,0,0,0,0,0,0,0,0,0,0,0
8168,Poospiza whitii,0,0,0,0,0,0,0,0,0,0,0,0,0,0,0,0
8169,Poospiza nigrorufa,0,0,0,0,0,0,0,0,0,0,0,0,0,0,0,0
8170,Poospiza rubecula,0,0,0,0,0,0,0,0,0,0,2,1,0,2,0,0
8171,Poospiza garleppi,0,0,0,2,0,0,0,0,1,0,1,2,1,1,2,0
8172,Poospiza baeri,0,0,0,1,0,0,0,0,0,0,1,0,0,0,0,0
8173,Poospizopsis caesar,0,0,0,0,0,0,0,0,0,0,0,0,0,0,0,0
8174,Poospiza hispaniolensis,0,0,0,0,0,0,0,0,0,0,0,0,0,0,0,0
8175,Microspingus melanoleucus,0,0,0,0,0,0,0,0,0,0,0,0,0,0,0,0
8176,Microspingus cinereus,0,0,0,2,0,0,0,0,0,1,2,0,1,2,0,0
8177,Sicalis citrina,0,0,0,0,0,0,0,0,0,0,0,0,0,0,0,0
8178,Sicalis lutea,0,0,0,0,0,0,0,0,0,0,0,0,0,0,0,0
8179,Sicalis uropigyalis,0,0,0,0,0,0,0,0,0,0,0,0,0,0,0,0
8180,Sicalis luteocephala,0,0,0,0,0,0,0,0,0,0,0,0,0,0,0,0
8181,Sicalis auriventris,0,0,0,0,0,0,0,0,0,0,0,0,0,0,0,0
8182,Sicalis lebruni,0,0,0,0,0,0,0,0,0,0,0,0,0,0,0,0
8183,Sicalis columbiana,0,0,0,0,0,0,0,0,0,0,0,0,0,0,0,0
8184,Sicalis flaveola,0,0,0,0,0,0,0,0,0,0,0,0,0,0,0,0
8185,Sicalis raimondii,0,0,0,0,0,0,0,0,0,0,0,0,0,0,0,0
8186,Sicalis taczanowskii,0,0,0,0,0,0,0,0,0,0,0,0,0,0,0,0
8187,Emberizoides herbicola,0,0,0,0,0,0,0,0,0,0,0,0,0,0,0,0
8188,Emberizoides duidae,0,0,0,0,0,2,0,0,0,0,0,0,0,0,0,0
8189,Emberizoides ypiranganus,0,0,0,0,0,0,0,0,0,0,0,0,0,0,0,0
8190,Embernagra platensis,0,0,0,0,0,0,0,0,0,0,0,0,0,0,0,0
8191,Embernagra longicauda,0,0,0,0,0,1,0,0,0,0,2,0,1,1,0,0
8192,Volatinia jacarina,0,0,0,0,0,0,0,0,0,0,0,0,0,0,0,0
8193,Sporophila frontalis,0,0,0,2,0,0,0,0,2,0,0,2,2,0,0,0
8194,Sporophila falcirostris,0,0,0,2,0,0,0,0,1,0,0,2,2,0,0,0
8195,Sporophila schistacea,0,0,0,0,0,0,0,0,0,0,0,0,0,0,0,0
8196,Sporophila intermedia,0,0,0,0,0,0,0,0,0,0,0,0,0,0,0,0
8197,Sporophila plumbea,0,0,0,0,0,0,0,0,0,0,0,0,0,0,0,0
8198,Sporophila collaris,0,0,0,0,0,0,0,0,0,0,0,0,0,0,0,0
8199,Sporophila bouvronides,0,0,0,0,0,0,0,0,0,0,0,0,0,0,0,0
8200,Sporophila lineola,0,0,0,0,0,0,0,0,0,0,0,0,0,0,0,0
8201,Sporophila luctuosa,0,0,0,0,0,0,0,0,0,0,0,0,0,0,0,0
8202,Sporophila ardesiaca,0,0,0,0,0,0,0,0,0,0,0,0,0,0,0,0
8203,Sporophila caerulescens,0,0,0,0,0,0,0,0,0,0,0,0,0,0,0,0
8204,Sporophila albogularis,0,0,0,0,0,0,0,0,0,0,0,0,0,0,0,0
8205,Sporophila leucoptera,0,0,0,0,0,0,0,0,0,0,0,0,0,0,0,0
8206,Sporophila peruviana,0,0,0,0,0,0,0,0,0,0,0,0,0,0,0,0
8207,Sporophila simplex,0,0,0,0,0,0,0,0,0,0,0,0,0,0,0,0
8208,Sporophila nigrorufa,0,0,0,2,0,0,0,0,0,0,2,0,0,0,0,0
8209,Sporophila minuta,0,0,0,0,0,0,0,0,0,0,0,0,0,0,0,0
8210,Sporophila hypoxantha,0,0,0,0,0,0,0,0,0,0,0,0,0,0,0,0
8211,Sporophila ruficollis,0,0,0,2,0,1,0,0,1,0,0,0,0,2,2,0
8212,Sporophila palustris,0,0,0,2,0,0,0,0,2,1,2,0,0,2,1,0
8213,Sporophila castaneiventris,0,0,0,0,0,0,0,0,0,0,0,0,0,0,0,0
8214,Sporophila hypochroma,0,0,0,2,0,0,0,0,2,0,2,0,0,1,0,0
8215,Sporophila cinnamomea,0,0,0,2,0,0,0,0,2,1,2,0,0,2,1,0
8216,Sporophila melanogaster,0,0,0,2,1,0,0,0,1,0,2,0,1,0,2,0
8217,Sporophila nuttingi,0,0,0,0,0,0,0,0,0,0,0,0,0,0,0,0
8218,Sporophila crassirostris,0,0,0,0,0,0,0,0,0,0,0,0,0,0,0,0
8219,Sporophila atrirostris,0,0,0,0,0,0,0,0,0,0,0,0,0,0,0,0
8220,Sporophila maximiliani,0,0,0,2,0,0,0,0,2,0,0,0,0,2,0,0
8221,Sporophila angolensis,0,0,0,0,0,0,0,0,0,0,0,0,0,0,0,0
8222,Amaurospiza relicta,0,0,0,0,0,0,0,0,0,0,0,0,0,0,0,0
8223,Sporophila fringilloides,0,0,0,0,0,0,0,0,0,0,0,0,0,0,0,0
8224,Catamenia analis,0,0,0,0,0,0,0,0,0,0,0,0,0,0,0,0
8225,Catamenia inornata,0,0,0,0,0,0,0,0,0,0,0,0,0,0,0,0
8226,Catamenia homochroa,0,0,0,0,0,0,0,0,0,0,0,0,0,0,0,0
8227,Asemospiza obscura,0,0,0,0,0,0,0,0,0,0,0,0,0,0,0,0
8228,Phonipara canora,0,0,0,0,0,0,0,0,0,0,0,0,0,0,0,0
8229,Tiaris olivaceus,0,0,0,0,0,0,0,0,0,0,0,0,0,0,0,0
8230,Melanospiza bicolor,0,0,0,0,0,0,0,0,0,0,0,0,0,0,0,0
8231,Asemospiza fuliginosa,0,0,0,0,0,0,0,0,0,0,0,0,0,0,0,0
8232,Loxipasser anoxanthus,0,0,0,0,0,0,0,0,0,0,0,0,0,0,0,0
8233,Melopyrrha violacea,0,0,0,0,0,0,0,0,0,0,0,0,0,0,0,0
8234,Diglossa baritula,0,0,0,0,0,0,0,0,0,0,0,0,0,0,0,0
8235,Diglossa plumbea,0,0,0,0,0,0,0,0,0,0,0,0,0,0,0,0
8236,Diglossa sittoides,0,0,0,0,0,0,0,0,0,0,0,0,0,0,0,0
8237,Diglossa venezuelensis,0,0,0,2,0,0,0,0,0,0,2,0,1,0,0,0
8238,Diglossa albilatera,0,0,0,0,0,0,0,0,0,0,0,0,0,0,0,0
8239,Diglossa gloriosissima,0,0,0,1,0,0,0,0,0,0,1,0,1,0,0,0
8240,Diglossa lafresnayii,0,0,0,0,0,0,0,0,0,0,0,0,0,0,0,0
8241,Diglossa mystacalis,0,0,0,0,0,0,0,0,0,0,0,0,0,0,0,0
8242,Diglossa gloriosa,0,0,0,0,0,0,0,0,0,0,0,0,0,0,0,0
8243,Diglossa humeralis,0,0,0,0,0,0,0,0,0,0,0,0,0,0,0,0
8244,Diglossa brunneiventris,0,0,0,0,0,0,0,0,0,0,0,0,0,0,0,0
8245,Diglossa carbonaria,0,0,0,0,0,0,0,0,0,0,0,0,0,0,0,0
8246,Diglossa duidae,0,0,0,0,0,0,0,0,0,0,0,0,0,0,0,0
8247,Diglossa major,0,0,0,0,0,0,0,0,0,0,0,0,0,0,0,0
8248,Diglossa indigotica,0,0,0,0,0,0,0,0,0,0,0,0,0,0,0,0
8249,Diglossa glauca,0,0,0,0,0,0,0,0,0,0,0,0,0,0,0,0
8250,Diglossa caerulescens,0,0,0,0,0,0,0,0,0,0,0,0,0,0,0,0
8251,Diglossa cyanea,0,0,0,0,0,0,0,0,0,0,0,0,0,0,0,0
8252,Euneornis campestris,0,0,0,0,0,0,0,0,0,0,0,0,0,0,0,0
8253,Melanospiza richardsoni,0,0,0,0,0,0,0,0,0,0,0,0,0,2,0,0
8254,Geospiza magnirostris,0,0,0,0,0,0,0,0,0,0,0,0,0,0,0,0
8255,Geospiza fortis,0,0,0,0,0,0,0,0,0,0,0,0,0,0,0,0
8256,Geospiza fuliginosa,0,0,0,0,0,0,0,0,0,0,0,0,0,0,0,0
8257,Geospiza scandens,0,0,0,0,0,0,0,0,0,0,0,0,0,0,0,0
8258,Platyspiza crassirostris,0,0,0,0,0,0,0,0,0,0,0,0,0,0,0,0
8259,Geospiza psittacula,0,2,0,0,0,0,0,0,0,2,0,0,1,0,1,0
8260,Geospiza pauper,0,0,0,0,0,0,0,0,0,2,0,0,0,0,0,0
8261,Geospiza parvula,0,0,0,0,0,0,0,0,0,0,0,0,0,0,0,0
8262,Geospiza pallida,0,0,0,2,0,0,0,0,0,2,0,0,0,0,0,0
8263,Geospiza heliobates,0,2,0,0,0,0,0,0,0,3,0,2,0,0,0,0
8264,Pinaroloxias inornata,0,0,0,0,0,0,0,0,0,2,0,0,0,0,0,1
8265,Spiza americana,0,0,0,0,0,0,0,0,0,0,0,0,0,0,0,0
8266,Pheucticus chrysopeplus,0,0,0,0,0,0,0,0,0,0,0,0,0,0,0,0
8267,Pheucticus chrysogaster,0,0,0,0,0,0,0,0,0,0,0,0,0,0,0,0
8268,Pheucticus tibialis,0,0,0,0,0,0,0,0,0,0,0,0,0,0,0,0
8269,Pheucticus aureoventris,0,0,0,0,0,0,0,0,0,0,0,0,0,0,0,0
8270,Pheucticus ludovicianus,0,0,0,0,0,0,0,0,0,0,0,0,0,0,0,0
8271,Pheucticus melanocephalus,0,0,0,0,0,0,0,0,0,0,0,0,0,0,0,0
8272,Cardinalis cardinalis,0,0,0,0,0,0,0,0,0,0,0,0,0,0,0,0
8273,Cardinalis phoeniceus,0,0,0,0,0,0,0,0,0,0,0,0,0,0,0,0
8274,Cardinalis sinuatus,0,0,0,0,0,0,0,0,0,0,0,0,0,0,0,0
8275,Caryothraustes poliogaster,0,0,0,0,0,0,0,0,0,0,0,0,0,0,0,0
8276,Caryothraustes canadensis,0,0,0,0,0,0,0,0,0,0,0,0,0,0,0,0
8277,Parkerthraustes humeralis,0,0,0,0,0,0,0,0,0,0,0,0,0,0,0,0
8278,Caryothraustes celaeno,0,0,0,0,0,0,0,0,0,0,0,0,0,0,0,0
8279,Caryothraustes erythromelas,0,0,0,2,0,0,0,0,0,0,2,2,1,0,0,0
8280,Saltator grossus,0,0,0,0,0,0,0,0,0,0,0,0,0,0,0,0
8281,Saltator fuliginosus,0,0,0,0,0,0,0,0,0,0,0,0,0,0,0,0
8282,Saltator atriceps,0,0,0,0,0,0,0,0,0,0,0,0,0,0,0,0
8283,Saltator maximus,0,0,0,0,0,0,0,0,0,0,0,0,0,0,0,0
8284,Saltator atripennis,0,0,0,0,0,0,0,0,0,0,0,0,0,0,0,0
8285,Saltator similis,0,0,0,0,0,0,0,0,0,0,0,0,0,0,0,0
8286,Saltator orenocensis,0,0,0,0,0,0,0,0,0,0,0,0,0,0,0,0
8287,Saltator nigriceps,0,0,0,0,0,0,0,0,0,0,0,0,0,0,0,0
8288,Saltator aurantiirostris,0,0,0,0,0,0,0,0,0,0,0,0,0,0,0,0
8289,Saltator maxillosus,0,0,0,0,0,0,0,0,0,0,0,0,0,0,0,0
8290,Saltator cinctus,0,0,0,2,0,0,0,0,0,0,2,2,1,0,0,0
8291,Saltator atricollis,0,0,0,0,0,0,0,0,0,0,0,0,0,0,0,0
8292,Pseudosaltator rufiventris,0,0,0,1,0,0,0,0,0,0,1,0,0,1,0,0
8293,Saltator albicollis,0,0,0,0,0,0,0,0,0,0,0,0,0,0,0,0
8294,Cyanoloxia glaucocaerulea,0,0,0,0,0,0,0,0,0,0,0,0,0,0,0,0
8295,Cyanocompsa parellina,0,0,0,0,0,0,0,0,0,0,0,0,0,0,0,0
8296,Cyanoloxia brissonii,0,0,0,0,0,0,0,0,0,0,0,0,0,0,0,0
8297,Passerina caerulea,0,0,0,0,0,0,0,0,0,0,0,0,0,0,0,0
8298,Passerina amoena,0,0,0,0,0,0,0,0,0,0,0,0,0,0,0,0
8299,Passerina cyanea,0,0,0,0,0,0,0,0,0,0,0,0,0,0,0,0
8300,Passerina versicolor,0,0,0,0,0,0,0,0,0,0,0,0,0,0,0,0
8301,Passerina ciris,0,0,0,0,0,0,0,0,1,1,0,0,1,0,0,0
8302,Passerina rositae,0,0,0,0,0,0,0,0,0,0,0,0,0,0,0,0
8303,Passerina leclancherii,0,0,0,0,0,0,0,0,0,0,0,0,0,0,0,0
8304,Porphyrospiza caerulescens,0,0,0,2,0,0,0,0,0,0,2,0,0,2,0,0
8305,Cacicus oseryi,0,0,0,0,0,0,0,0,0,0,0,0,0,0,0,0
8306,Psarocolius decumanus,0,0,0,0,0,0,0,0,0,0,0,0,0,0,0,0
8307,Psarocolius viridis,0,0,0,0,0,0,0,0,0,0,0,0,0,0,0,0
8308,Psarocolius atrovirens,0,0,0,0,0,0,0,0,0,0,0,0,0,0,0,0
8309,Psarocolius wagleri,0,0,0,0,0,0,0,0,0,0,0,0,0,0,0,0
8310,Cacicus latirostris,0,0,0,0,0,0,0,0,0,0,0,0,0,0,0,0
8311,Psarocolius montezuma,0,0,0,0,0,0,0,0,0,0,0,0,0,0,0,0
8312,Psarocolius cassini,0,0,0,2,0,0,0,0,2,0,2,2,1,2,0,0
8313,Psarocolius bifasciatus,0,0,0,0,0,0,0,0,0,0,0,1,0,0,0,0
8314,Psarocolius guatimozinus,0,0,0,0,0,0,0,0,0,0,0,0,0,0,0,0
8315,Cacicus haemorrhous,0,0,0,0,0,0,0,0,0,0,0,0,0,0,0,0
8316,Cacicus koepckeae,0,0,0,1,0,0,0,0,0,0,1,0,0,0,0,0
8317,Cacicus chrysopterus,0,0,0,0,0,0,0,0,0,0,0,0,0,0,0,0
8318,Cacicus sclateri,0,0,0,0,0,0,0,0,0,0,0,0,0,0,0,0
8319,Cacicus solitarius,0,0,0,0,0,0,0,0,0,0,0,0,0,0,0,0
8320,Cassiculus melanicterus,0,0,0,0,0,0,0,0,0,0,0,0,0,0,0,0
8321,Amblycercus holosericeus,0,0,0,0,0,0,0,0,0,0,0,0,0,0,0,0
8322,Icterus chrysocephalus,0,0,0,0,0,0,0,0,0,0,0,0,0,0,0,0
8323,Icterus cayanensis,0,0,0,0,0,0,0,0,0,0,0,0,0,0,0,0
8324,Icterus graduacauda,0,0,0,0,0,0,0,0,0,0,0,0,0,0,0,0
8325,Icterus chrysater,0,0,0,0,0,0,0,0,0,0,0,0,0,0,0,0
8326,Icterus nigrogularis,0,0,0,0,0,0,0,0,0,0,0,0,0,0,0,0
8327,Icterus leucopteryx,0,0,0,0,0,0,0,0,0,0,0,0,0,0,0,0
8328,Icterus auratus,0,0,0,0,0,0,0,0,0,0,0,0,0,0,0,0
8329,Icterus mesomelas,0,0,0,0,0,0,0,0,0,0,0,0,0,0,0,0
8330,Icterus auricapillus,0,0,0,0,0,0,0,0,0,0,0,0,0,0,0,0
8331,Icterus graceannae,0,0,0,0,0,0,0,0,0,0,0,0,0,0,0,0
8332,Icterus pectoralis,0,0,0,0,0,0,0,0,0,0,0,0,0,0,0,0
8333,Icterus gularis,0,0,0,0,0,0,0,0,0,0,0,0,0,0,0,0
8334,Icterus pustulatus,0,0,0,0,0,0,0,0,0,0,0,0,0,0,0,0
8335,Icterus jamacaii,0,0,0,0,0,0,0,0,0,0,0,0,0,0,0,0
8336,Icterus galbula,0,0,0,0,0,0,0,0,0,0,0,0,0,0,0,0
8337,Icterus cucullatus,0,0,0,0,0,0,0,0,0,0,0,0,0,0,0,0
8338,Icterus wagleri,0,0,0,0,0,0,0,0,0,0,0,0,0,0,0,0
8339,Icterus oberi,0,2,0,2,0,0,0,2,0,3,0,0,2,0,0,0
8340,Icterus bonana,0,0,0,1,0,0,0,0,0,2,0,0,0,0,0,0
8341,Icterus laudabilis,0,0,0,2,0,0,0,0,0,0,0,0,1,0,2,0
8342,Icterus maculialatus,0,0,0,0,0,0,0,0,0,0,0,0,0,0,0,0
8343,Icterus parisorum,0,0,0,0,0,0,0,0,0,0,0,0,0,0,0,0
8344,Nesopsar nigerrimus,0,0,0,2,0,0,0,0,0,1,0,1,2,2,0,0
8345,Gymnomystax mexicanus,0,0,0,0,0,0,0,0,0,0,0,0,0,0,0,0
8346,Xanthocephalus xanthocephalus,0,0,0,0,0,0,0,0,0,0,0,0,0,0,0,0
8347,Agelasticus xanthophthalmus,0,0,0,0,0,0,0,0,0,0,0,0,0,0,0,0
8348,Agelasticus thilius,0,0,0,0,0,0,0,0,0,0,0,0,0,0,0,0
8349,Agelasticus cyanopus,0,0,0,0,0,0,0,0,0,0,0,0,0,0,0,0
8350,Agelaius phoeniceus,0,0,0,0,0,0,0,0,0,0,0,0,0,0,0,0
8351,Agelaius tricolor,0,0,0,2,0,0,0,0,1,1,2,0,0,0,1,0
8352,Chrysomus icterocephalus,0,0,0,0,0,0,0,0,0,0,0,0,0,0,0,0
8353,Agelaius humeralis,0,0,0,0,0,0,0,0,0,0,0,0,0,0,0,0
8354,Agelaius xanthomus,0,0,0,1,0,0,0,0,0,2,0,0,0,0,0,0
8355,Chrysomus ruficapillus,0,0,0,0,0,0,0,0,0,0,0,0,0,0,0,0
8356,Leistes superciliaris,0,0,0,0,0,0,0,0,0,0,0,0,0,0,0,0
8357,Leistes bellicosus,0,0,0,0,0,0,0,0,0,0,0,0,0,0,0,0
8358,Leistes defilippii,0,0,0,3,0,0,0,0,0,0,3,0,1,2,0,0
8359,Leistes loyca,0,0,0,0,0,0,0,0,0,0,0,0,0,0,0,0
8360,Sturnella neglecta,0,0,0,0,0,0,0,0,0,0,0,0,0,0,0,0
8361,Pseudoleistes guirahuro,0,0,0,0,0,0,0,0,0,0,0,0,0,0,0,0
8362,Pseudoleistes virescens,0,0,0,0,0,0,0,0,0,0,0,0,0,0,0,0
8363,Amblyramphus holosericeus,0,0,0,0,0,0,0,0,0,0,0,0,0,0,0,0
8364,Hypopyrrhus pyrohypogaster,0,0,0,1,0,0,0,0,1,1,1,1,0,0,0,0
8365,Curaeus curaeus,0,0,0,0,0,0,0,0,0,0,0,0,0,0,0,0
8366,Anumara forbesi,0,0,0,2,0,0,0,0,0,0,2,0,0,0,0,0
8367,Gnorimopsar chopi,0,0,0,0,0,0,0,0,0,0,0,0,0,0,0,0
8368,Oreopsar bolivianus,0,0,0,0,0,0,0,0,0,0,0,0,0,0,0,0
8369,Lampropsar tanagrinus,0,0,0,0,0,0,0,0,0,0,0,0,0,0,0,0
8370,Macroagelaius imthurni,0,0,0,0,0,0,0,0,0,0,0,0,0,0,0,0
8371,Macroagelaius subalaris,0,0,0,1,0,0,0,0,0,0,2,2,1,0,0,0
8372,Ptiloxena atroviolacea,0,0,0,0,0,0,0,0,0,0,0,0,0,0,0,0
8373,Dives dives,0,0,0,0,0,0,0,0,0,0,0,0,0,0,0,0
8374,Dives warczewiczi,0,0,0,0,0,0,0,0,0,0,0,0,0,0,0,0
8375,Quiscalus mexicanus,0,0,0,0,0,0,0,0,0,0,0,0,0,0,0,0
8376,Quiscalus major,0,0,0,0,0,0,0,0,0,0,0,0,0,0,0,0
8377,Quiscalus palustris,0,0,0,1,0,0,0,0,0,0,1,0,0,0,0,0
8378,Quiscalus nicaraguensis,0,0,0,0,0,0,0,0,0,0,0,0,0,0,0,0
8379,Quiscalus quiscula,0,0,0,0,0,0,0,0,2,0,0,0,0,0,0,0
8380,Quiscalus niger,0,0,0,0,0,0,0,0,0,0,0,0,0,0,0,0
8381,Quiscalus lugubris,0,0,0,0,0,0,0,0,0,0,0,0,0,0,0,0
8382,Euphagus carolinus,0,2,0,0,2,0,0,0,2,0,0,1,1,0,0,0
8383,Euphagus cyanocephalus,0,0,0,0,0,0,0,0,0,0,0,0,0,0,0,0
8384,Molothrus rufoaxillaris,0,0,0,0,0,0,0,0,0,0,0,0,0,0,0,0
8385,Molothrus bonariensis,0,0,0,0,0,0,0,0,0,0,0,0,0,0,0,0
8386,Molothrus ater,0,0,0,0,0,0,0,0,0,0,0,0,0,0,0,0
8387,Molothrus oryzivorus,0,0,0,0,0,0,0,0,0,0,0,0,0,0,0,0
8388,Dolichonyx oryzivorus,0,0,0,0,0,0,0,0,0,0,0,0,0,0,0,0
8389,Pogoniulus makawai,0,0,0,0,0,0,0,0,0,0,0,0,0,0,0,0
8390,Bradypterus bangwaensis,0,0,0,0,0,0,0,0,0,0,0,0,0,0,0,0
8391,Troglodytes cobbi,0,0,0,0,0,1,0,0,0,1,1,0,0,0,0,0
8392,Otus enganensis,0,0,0,0,0,0,0,0,0,0,0,0,0,0,0,0
8393,Otus alfredi,0,0,0,2,0,1,0,0,0,0,0,2,1,0,0,0
8394,Cinclodes aricomae,0,0,0,0,0,2,0,0,0,0,2,2,0,1,1,1
8395,Myrmotherula snowi,0,0,0,1,0,0,0,0,1,0,1,1,0,0,0,0
8396,Contopus pallidus,0,0,0,0,0,0,0,0,0,0,0,0,0,0,0,0
8397,Contopus hispaniolensis,0,0,0,0,0,0,0,0,0,0,0,0,0,0,0,0
8398,Phylloscartes kronei,0,0,0,0,0,2,0,0,0,0,0,0,3,0,0,0
8399,Caprimulgus solala,0,0,0,0,0,1,0,0,0,0,0,0,0,0,0,0
8400,Phylloscopus emeiensis,0,0,0,0,0,0,0,0,0,0,0,0,0,0,0,0
8401,Cryptosylvicola randrianasoloi,0,0,0,0,0,0,0,0,0,0,0,0,0,0,0,0
8402,Pomarea pomarea,0,0,0,0,0,0,0,0,0,1,0,0,0,0,0,0
8403,Dromaius baudinianus,0,0,0,0,0,1,0,0,1,0,0,0,0,0,0,0
8404,Cynanthus forficatus,0,0,0,0,0,0,0,0,0,0,0,0,0,0,0,0
8405,Carpococcyx viridis,0,0,0,2,0,0,0,0,1,0,0,0,0,0,0,0
8406,Glaucidium sanchezi,0,0,0,0,0,0,0,0,0,0,0,2,0,0,0,0
8407,Scytalopus schulenbergi,0,0,0,0,0,0,0,0,0,0,0,0,0,0,0,0
8408,Formicivora acutirostris,0,1,0,2,0,2,0,0,0,2,0,0,2,0,0,1
8409,Neopelma chrysolophum,0,0,0,0,0,0,0,0,0,0,0,0,0,0,0,0
8410,Synallaxis cinerea,0,0,0,1,0,1,0,0,0,0,1,2,0,0,0,0
8411,Phylloscartes beckeri,0,0,0,2,0,0,0,0,0,0,2,2,0,0,0,0
8412,Nyctiphrynus rosenbergi,0,0,0,1,0,0,0,0,0,0,1,1,1,1,0,0
8413,Hylopezus macularius,0,0,0,0,0,0,0,0,0,0,0,0,0,0,0,0
8414,Acrobatornis fonsecai,0,0,0,3,0,0,0,0,0,0,3,2,0,0,0,0
8415,Ara tricolor,0,0,0,0,0,0,0,0,0,0,0,0,0,0,0,0
8416,Aethopyga linaraborae,0,0,0,0,0,0,0,0,0,0,0,0,1,0,0,0
8417,Phapitreron brunneiceps,0,0,0,1,0,0,0,0,2,0,0,1,2,1,0,0
8418,Calicalicus rufocarpalis,0,0,0,0,0,0,0,0,0,0,1,1,0,0,0,0
8419,Nesillas lantzii,0,0,0,0,0,0,0,0,0,0,0,0,0,0,0,0
8420,Cyanoramphus forbesi,0,0,0,0,0,1,0,0,0,2,1,0,0,0,0,0
8421,Cyanoramphus malherbi,0,0,0,0,0,0,0,0,0,2,0,1,0,0,0,0
8422,Coracornis sanghirensis,0,0,0,2,0,0,0,0,0,0,0,1,0,2,0,0
8423,Anas nesiotis,0,2,0,0,0,0,0,0,0,1,0,0,0,0,1,0
8424,Otus moheliensis,0,0,0,2,0,0,0,0,1,1,0,2,0,0,0,0
8425,Cranioleuca henricae,0,1,0,0,0,2,0,2,0,0,2,2,1,2,0,0
8426,Atlapetes melanopsis,0,0,0,0,0,1,0,0,0,0,1,0,0,0,0,0
8427,Glaucidium nubicola,0,0,0,1,0,0,0,0,0,0,0,2,1,0,0,0
8428,Herpsilochmus gentryi,0,0,0,2,0,0,0,0,0,0,0,2,2,0,0,0
8429,Phylloscartes parkeri,0,0,0,0,0,0,0,0,0,0,0,0,0,0,0,0
8430,Cercomacroides parkeri,0,0,0,0,0,0,0,0,0,0,0,0,0,0,0,0
8431,Chlorostilbon olivaresi,0,0,0,0,0,0,0,0,0,0,0,0,0,0,0,0
8432,Grallaria ridgelyi,0,0,0,2,0,0,0,0,0,0,0,2,2,0,0,0
8433,Pteroglossus erythropygius,0,0,0,0,0,0,0,0,0,0,0,0,0,0,0,0
8434,Leptodon forbesi,0,0,0,2,0,0,0,0,0,0,0,2,0,0,0,0
8435,Megascops seductus,0,0,0,1,0,0,0,0,0,0,1,0,0,0,0,0
8436,Xanthopsar flavus,0,0,0,2,2,1,0,0,2,2,2,0,2,1,1,0
8437,Sylviorthorhynchus yanacensis,0,0,0,0,0,1,0,0,0,0,2,1,0,1,0,0
8438,Phylloscartes sylviolus,0,0,0,1,0,0,0,0,0,0,0,1,1,1,0,0
8439,Pogonotriccus eximius,0,0,0,0,0,0,0,0,0,0,0,0,1,0,0,0
8440,Guaruba guarouba,0,0,0,0,0,0,0,0,0,0,0,2,1,0,0,0
8441,Asthenes usheri,0,0,0,1,0,1,0,0,0,0,0,1,1,0,0,0
8442,Molothrus armenti,0,0,0,1,0,0,0,0,0,0,0,0,2,1,0,0
8443,Sarkidiornis sylvicola,0,0,0,0,1,0,0,0,1,1,0,1,0,0,1,0
8444,Cyrtonyx sallei,0,0,0,0,0,0,0,0,0,0,2,1,0,0,0,0
8445,Otus beccarii,0,0,0,1,0,0,0,0,0,0,0,1,0,0,0,0
8446,Myrmornis stictoptera,0,0,0,2,0,0,0,0,0,0,2,0,0,0,0,0
8447,Microeca tormenti,0,0,0,0,0,0,0,0,0,0,0,0,0,0,0,0
8448,Phibalura flavirostris,0,0,0,0,0,0,0,0,1,0,0,1,0,0,0,0
8449,Phibalura boliviana,0,2,0,2,0,2,0,0,0,2,2,2,0,0,0,0
8450,Setophaga dominica,0,0,0,0,0,0,0,0,0,0,0,0,0,0,0,0
8451,Setophaga flavescens,0,2,0,0,0,2,0,0,0,1,0,1,2,0,0,2
8452,Psittacus erithacus,0,0,0,1,0,0,0,0,2,0,0,1,0,0,0,0
8453,Cissa thalassina,0,0,0,2,0,0,0,0,2,0,0,2,1,0,0,0
8454,Cissa jefferyi,0,0,0,0,0,0,0,0,0,0,0,0,0,0,0,0
8455,Melanitta fusca,0,2,0,0,0,0,2,0,1,1,0,0,1,0,2,0
8456,Melanitta stejnegeri,0,0,0,0,0,0,1,0,0,0,0,0,1,0,1,1
8457,Sipia laemosticta,0,0,0,0,0,0,0,0,0,0,0,0,0,0,0,0
8458,Sipia palliata,0,0,0,2,0,0,0,0,0,0,0,0,1,2,0,0
8459,Melanitta nigra,0,1,0,0,0,0,2,0,1,1,0,0,1,0,1,0
8460,Arremon atricapillus,0,0,0,0,0,0,0,0,0,0,0,0,0,0,0,0
8461,Arremon basilicus,0,0,0,1,0,1,0,0,0,0,1,1,0,0,0,0
8462,Arremon perijanus,0,0,0,1,0,1,0,0,0,0,1,1,0,0,0,0
8463,Arremon assimilis,0,0,0,0,0,0,0,0,0,0,0,0,0,0,0,0
8464,Arremon phaeopleurus,0,0,0,0,0,0,0,0,0,0,0,0,0,0,0,0
8465,Arremon phygas,0,0,0,2,0,1,0,0,0,0,0,0,0,2,0,0
8466,Arremon costaricensis,0,0,0,0,0,0,0,0,0,0,0,0,0,0,0,0
8467,Willisornis vidua,0,0,0,0,0,0,0,0,0,0,0,0,0,0,0,0
8468,Sporophila pileata,0,0,0,0,0,0,0,0,0,0,0,0,0,0,0,0
8469,Aphelocoma ultramarina,0,0,0,0,0,0,0,0,0,0,0,0,0,0,0,0
8470,Aphelocoma wollweberi,0,0,0,0,0,0,0,0,0,0,0,0,0,0,0,0
8471,Mentocrex beankaensis,0,0,0,1,0,1,0,0,2,0,1,1,0,0,0,0
8472,Grallaricula nana,0,0,0,0,0,0,0,0,0,0,0,0,0,0,0,0
8473,Apus horus,0,0,0,0,0,0,0,0,0,0,0,0,0,0,0,0
8474,Argusianus argus,0,0,0,2,0,0,0,0,1,0,0,2,0,0,0,0
8475,Picus sharpei,0,0,0,1,0,1,0,0,1,0,0,0,0,1,0,0
8476,Picus viridis,0,0,0,0,0,0,0,0,0,0,0,0,0,0,0,0
8477,Charadrius nivosus,0,0,0,0,1,0,1,0,0,1,0,0,1,0,1,2
8478,Acanthis flammea,0,0,0,0,0,0,0,0,0,0,0,0,0,0,0,0
8479,Otus everetti,0,0,0,0,0,0,0,0,0,0,0,0,0,0,0,0
8480,Otus nigrorum,0,0,0,2,0,0,0,0,0,0,0,2,0,0,0,0
8481,Ramphiculus epius,0,0,0,2,0,0,0,0,0,0,0,2,0,0,0,0
8482,Ramphiculus mangoliensis,0,0,0,2,0,1,0,0,1,0,0,2,0,0,0,0
8483,Rhodopechys sanguineus,0,0,0,0,0,0,0,0,0,0,0,0,0,0,0,0
8484,Batis minor,0,0,0,0,0,0,0,0,0,0,0,0,0,0,0,0
8485,Ninox rotiensis,0,0,0,1,0,0,0,0,0,0,0,0,0,1,0,0
8486,Phodilus assimilis,0,0,0,0,0,0,0,0,0,0,0,0,0,0,0,0
8487,Rallus aquaticus,0,2,0,0,0,0,0,0,0,0,0,0,0,0,0,0
8488,Rallus indicus,0,2,0,0,0,0,0,0,0,0,0,0,0,0,0,0
8489,Bambusicola thoracicus,0,0,0,0,0,0,0,0,0,0,0,0,0,0,0,0
8490,Bambusicola sonorivox,0,0,0,0,0,0,0,0,0,0,0,0,0,0,0,0
8491,Guttera pucherani,0,0,0,0,0,0,0,0,0,0,0,0,0,0,0,0
8492,Guttera edouardi,0,0,0,0,0,0,0,0,0,0,0,0,0,0,0,0
8493,Vanellus miles,0,0,0,0,0,0,0,0,0,0,0,0,0,0,0,0
8494,Vanellus novaehollandiae,0,0,0,0,0,0,0,0,0,0,0,0,0,0,0,0
8495,Otidiphaps nobilis,0,0,0,0,0,0,0,0,0,0,0,0,0,0,0,0
8496,Otidiphaps cervicalis,0,0,0,0,0,0,0,0,0,0,0,0,0,0,0,0
8497,Patagioenas fasciata,0,0,0,0,0,0,0,0,0,0,0,0,0,0,0,0
8498,Patagioenas albilinea,0,0,0,0,0,0,0,0,0,0,0,0,0,0,0,0
8499,Ptilinopus superbus,0,0,0,0,0,0,0,0,0,0,0,0,0,0,0,0
8500,Ptilinopus temminckii,0,0,0,0,0,0,0,0,0,0,0,0,0,0,0,0
8501,Ducula basilica,0,0,0,0,0,0,0,0,0,0,0,0,0,0,0,0
8502,Ducula obiensis,0,0,0,0,0,0,0,0,0,0,0,0,0,0,0,0
8503,Trichoglossus haematodus,0,0,0,0,0,0,0,0,0,0,0,0,0,0,0,0
8504,Trichoglossus capistratus,0,0,0,0,0,0,0,0,0,0,0,0,0,0,0,0
8505,Trichoglossus rubritorquis,0,0,0,0,0,0,0,0,0,0,0,0,0,0,0,0
8506,Trichoglossus moluccanus,0,0,0,0,0,0,0,0,0,0,0,0,0,0,0,0
8507,Charmosyna papou,0,0,0,0,0,0,0,0,0,0,0,0,0,0,0,0
8508,Charmosyna stellae,0,0,0,0,0,0,0,0,0,0,0,0,0,0,0,0
8509,Cyclopsitta gulielmitertii,0,0,0,0,0,0,0,0,0,0,0,0,0,0,0,0
8510,Cyclopsitta melanogenia,0,0,0,0,0,0,0,0,0,0,0,0,0,0,0,0
8511,Cyclopsitta amabilis,0,0,0,0,0,0,0,0,0,0,0,0,0,0,0,0
8512,Corythaixoides personatus,0,0,0,0,0,0,0,0,0,0,0,0,0,0,0,0
8513,Corythaixoides leopoldi,0,0,0,0,0,0,0,0,0,0,0,0,0,0,0,0
8514,Phaenicophaeus curvirostris,0,0,0,0,0,0,0,0,0,0,0,0,0,0,0,0
8515,Phaenicophaeus oeneicaudus,0,0,0,0,0,0,0,0,0,0,0,0,0,0,0,0
8516,Coua ruficeps,0,0,0,0,0,0,0,0,0,0,0,0,0,0,0,0
8517,Coua olivaceiceps,0,0,0,0,0,0,0,0,0,0,0,0,0,0,0,0
8518,Coua cristata,0,0,0,2,0,0,0,0,0,0,0,2,0,0,0,0
8519,Coua pyropyga,0,0,0,2,0,0,0,0,0,0,0,2,0,0,0,0
8520,Strix aluco,0,0,0,0,0,0,0,0,0,0,0,0,0,0,0,0
8521,Strix nivicolum,0,0,0,0,0,0,0,0,0,0,0,0,0,0,0,0
8522,Ninox philippensis,0,0,0,0,0,0,0,0,0,0,0,0,0,0,0,0
8523,Ninox spilonotus,0,0,0,2,0,0,0,0,0,0,2,2,2,0,0,0
8524,Ninox reyi,0,0,0,2,0,0,0,0,0,0,2,2,1,0,0,0
8525,Ninox rumseyi,0,0,0,0,0,0,0,0,0,0,0,0,0,0,0,0
8526,Ninox leventisi,0,0,0,1,0,0,0,0,0,0,0,1,0,0,0,0
8527,Turnix hottentottus,0,1,0,1,0,1,0,0,0,1,0,0,1,1,0,0
8528,Turnix nanus,0,0,0,0,0,0,0,0,0,0,0,0,0,0,0,0
8529,Chalcophaps indica,0,0,0,0,0,0,0,0,0,0,0,0,0,0,0,0
8530,Chalcophaps longirostris,0,0,0,0,0,0,0,0,0,0,0,0,0,0,0,0
8531,Treron affinis,0,0,0,0,0,0,0,0,0,0,0,0,0,0,0,0
8532,Treron pompadora,0,0,0,0,0,0,0,0,0,0,0,0,0,0,0,0
8533,Ducula oenothorax,0,0,0,1,0,0,0,0,0,0,0,0,0,0,0,0
8534,Psittaculirostris desmarestii,0,0,0,0,0,0,0,0,0,0,0,0,0,0,0,0
8535,Psittaculirostris godmani,0,0,0,0,0,0,0,0,0,0,0,0,0,0,0,0
8536,Psittaculirostris cervicalis,0,0,0,0,0,0,0,0,0,0,0,0,0,0,0,0
8537,Ceuthmochares aereus,0,0,0,0,0,0,0,0,0,0,0,0,0,0,0,0
8538,Ceuthmochares australis,0,0,0,0,0,0,0,0,0,0,0,0,0,0,0,0
8539,Ninox scutulata,0,0,0,0,0,0,0,0,0,0,0,1,0,0,0,0
8540,Ninox japonica,0,0,0,0,0,0,0,0,0,0,0,0,0,0,0,0
8541,Eurostopodus mystacalis,0,0,0,0,0,0,0,0,0,0,0,0,0,0,0,0
8542,Eurostopodus nigripennis,0,0,0,0,0,0,0,0,1,1,0,1,0,0,0,1
8543,Systellura longirostris,0,0,0,0,0,0,0,0,0,0,0,0,0,0,0,0
8544,Systellura decussata,0,0,0,0,0,0,0,0,0,0,0,0,0,0,0,0
8545,Caprimulgus indicus,0,0,0,0,0,0,0,0,0,0,0,0,0,0,0,0
8546,Caprimulgus jotaka,0,0,0,0,0,0,0,0,0,0,0,0,0,0,0,0
8547,Caprimulgus macrurus,0,0,0,0,0,0,0,0,0,0,0,0,0,0,0,0
8548,Caprimulgus andamanicus,0,0,0,0,0,0,0,0,0,0,0,0,0,0,0,0
8549,Phaethornis longirostris,0,0,0,0,0,0,0,0,0,0,0,0,0,0,0,0
8550,Phaethornis baroni,0,0,0,0,0,0,0,0,0,0,0,0,0,0,0,0
8551,Anthracothorax dominicus,0,0,0,0,0,0,0,0,0,0,0,0,0,0,0,0
8552,Anthracothorax aurulentus,0,0,0,0,0,0,0,0,0,0,0,0,0,0,0,0
8553,Stephanoxis lalandi,0,0,0,0,0,0,0,0,0,0,0,0,0,0,0,0
8554,Stephanoxis loddigesii,0,0,0,0,0,0,0,0,0,0,0,0,0,0,0,0
8555,Cynanthus latirostris,0,0,0,0,0,0,0,0,0,0,0,0,0,0,0,0
8556,Cynanthus doubledayi,0,0,0,0,0,0,0,0,0,0,0,0,0,0,0,0
8557,Lampornis castaneoventris,0,0,0,0,0,0,0,0,0,0,0,0,0,0,0,0
8558,Lampornis cinereicauda,0,0,0,0,0,0,0,0,0,0,0,0,0,0,0,0
8559,Urochroa bougueri,0,0,0,0,0,0,0,0,0,0,0,0,0,0,0,0
8560,Urochroa leucura,0,0,0,0,0,0,0,0,0,0,0,0,0,0,0,0
8561,Tanysiptera sylvia,0,0,0,0,0,0,0,0,0,0,0,0,0,0,0,0
8562,Tanysiptera nigriceps,0,0,0,0,0,0,0,0,0,0,0,0,0,0,0,0
8563,Halcyon smyrnensis,0,0,0,0,0,0,0,0,0,0,0,0,0,0,0,0
8564,Halcyon gularis,0,0,0,0,0,0,0,0,0,0,0,0,0,0,0,0
8565,Todiramphus cinnamominus,0,0,0,0,0,0,0,0,0,1,0,0,0,0,0,0
8566,Todiramphus pelewensis,0,0,0,0,0,0,0,0,0,1,1,0,1,0,0,0
8567,Merops orientalis,0,0,0,0,0,0,0,0,0,0,0,0,0,0,0,0
8568,Merops viridissimus,0,0,0,0,0,0,0,0,0,0,0,0,0,0,0,0
8569,Merops cyanophrys,0,0,0,0,0,0,0,0,0,0,0,0,0,0,0,0
8570,Merops viridis,0,0,0,0,0,0,0,0,0,0,0,0,0,0,0,0
8571,Merops americanus,0,0,0,0,0,0,0,0,0,0,0,0,0,0,0,0
8572,Coracias benghalensis,0,0,0,0,0,0,0,0,0,0,0,0,0,0,0,0
8573,Coracias affinis,0,0,0,0,0,0,0,0,0,0,0,0,0,0,0,0
8574,Tockus erythrorhynchus,0,0,0,0,0,0,0,0,0,0,0,0,0,0,0,0
8575,Tockus damarensis,0,0,0,0,0,0,0,0,0,0,0,0,0,0,0,0
8576,Horizocerus albocristatus,0,0,0,0,0,0,0,0,0,0,0,0,0,0,0,0
8577,Horizocerus cassini,0,0,0,0,0,0,0,0,0,0,0,0,0,0,0,0
8578,Bycanistes fistulator,0,0,0,0,0,0,0,0,0,0,0,0,0,0,0,0
8579,Bycanistes sharpii,0,0,0,0,0,0,0,0,0,0,0,0,0,0,0,0
8580,Trachylaemus purpuratus,0,0,0,0,0,0,0,0,0,0,0,0,0,0,0,0
8581,Trachylaemus goffinii,0,0,0,0,0,0,0,0,0,0,0,0,0,0,0,0
8582,Trachylaemus togoensis,0,0,0,0,0,0,0,0,0,0,0,0,0,0,0,0
8583,Trachyphonus darnaudii,0,0,0,0,0,0,0,0,0,0,0,0,0,0,0,0
8584,Trachyphonus emini,0,0,0,0,0,0,0,0,0,0,0,0,0,0,0,0
8585,Gymnobucco calvus,0,0,0,0,0,0,0,0,0,0,0,0,0,0,0,0
8586,Gymnobucco vernayi,0,0,0,0,0,0,0,0,0,0,0,1,0,1,0,0
8587,Gymnobucco bonapartei,0,0,0,0,0,0,0,0,0,0,0,0,0,0,0,0
8588,Gymnobucco cinereiceps,0,0,0,0,0,0,0,0,0,0,0,0,0,0,0,0
8589,Stactolaema leucotis,0,0,0,0,0,0,0,0,0,0,0,0,0,0,0,0
8590,Stactolaema leucogrammica,0,0,0,0,0,0,0,0,0,0,0,0,0,0,0,0
8591,Lybius leucocephalus,0,0,0,0,0,0,0,0,0,0,0,0,0,0,0,0
8592,Lybius senex,0,0,0,0,0,0,0,0,0,0,0,0,0,0,0,0
8593,Lybius leucogaster,0,0,0,2,0,0,0,0,0,0,0,0,0,0,0,0
8594,Pogonornis minor,0,0,0,0,0,0,0,0,0,0,0,0,0,0,0,0
8595,Pogonornis macclounii,0,0,0,0,0,0,0,0,0,0,0,0,0,0,0,0
8596,Psilopogon franklinii,0,0,0,0,0,0,0,0,0,0,0,0,0,0,0,0
8597,Psilopogon auricularis,0,0,0,0,0,0,0,0,0,0,0,0,0,0,0,0
8598,Psilopogon australis,0,0,0,0,0,0,0,0,0,0,0,0,0,0,0,0
8599,Psilopogon cyanotis,0,0,0,0,0,0,0,0,0,0,0,0,0,0,0,0
8600,Psilopogon duvaucelii,0,0,0,0,0,0,0,0,0,0,0,0,0,0,0,0
8601,Psilopogon rubricapillus,0,0,0,0,0,0,0,0,0,0,0,0,0,0,0,0
8602,Psilopogon malabaricus,0,0,0,0,0,0,0,0,0,0,0,0,0,0,0,0
8603,Eubucco richardsoni,0,0,0,0,0,0,0,0,0,0,0,0,0,0,0,0
8604,Eubucco aurantiicollis,0,0,0,0,0,0,0,0,0,0,0,0,0,0,0,0
8605,Aulacorhynchus prasinus,0,0,0,0,0,0,0,0,0,0,0,0,0,0,0,0
8606,Aulacorhynchus wagleri,0,0,0,0,0,0,0,0,0,0,0,0,0,0,0,0
8607,Aulacorhynchus cyanolaemus,0,0,0,0,0,0,0,0,0,0,0,0,0,0,0,0
8608,Aulacorhynchus atrogularis,0,0,0,0,0,0,0,0,0,0,0,0,0,0,0,0
8609,Pteroglossus inscriptus,0,0,0,0,0,0,0,0,0,0,0,0,0,0,0,0
8610,Pteroglossus humboldti,0,0,0,0,0,0,0,0,0,0,0,0,0,0,0,0
8611,Pteroglossus torquatus,0,0,0,1,0,0,0,0,1,0,1,1,0,0,0,0
8612,Pteroglossus sanguineus,0,0,0,0,0,0,0,0,0,0,0,0,0,0,0,0
8613,Ramphastos vitellinus,0,0,0,1,0,0,0,0,1,0,1,1,1,0,0,0
8614,Ramphastos ariel,0,0,0,2,0,0,0,0,1,0,2,1,0,0,0,0
8615,Ramphastos culminatus,0,0,0,1,0,0,0,0,1,0,1,1,0,0,0,0
8616,Aulacorhynchus caeruleogularis,0,0,0,0,0,0,0,0,0,0,0,0,0,0,0,0
8617,Cynanthus lawrencei,0,0,0,0,0,0,0,0,0,1,1,1,1,0,0,0
8618,Otidiphaps insularis,0,0,0,1,0,0,0,0,0,0,0,1,0,0,0,0
8619,Treron chloropterus,0,0,0,1,0,0,0,0,2,0,1,1,1,0,0,0
8620,Treron phayrei,0,0,0,2,0,0,0,0,2,0,1,0,0,0,0,0
8621,Treron axillaris,0,0,0,0,0,0,0,0,0,0,0,0,0,0,0,0
8622,Treron aromaticus,0,0,0,1,0,0,0,0,1,0,0,0,0,0,0,0
8623,Trichoglossus forsteni,0,0,0,2,0,0,0,0,2,0,0,0,0,2,0,0
8624,Trichoglossus weberi,0,0,0,1,0,0,0,0,1,0,0,1,1,0,0,0
8625,Trichoglossus rosenbergii,0,0,0,1,0,0,0,0,2,0,0,1,0,0,0,0
8626,Ninox randi,0,0,0,2,0,0,0,0,0,0,0,2,1,0,0,0
8627,Ninox obscura,0,0,0,0,0,0,0,0,0,0,0,0,0,0,0,0
8628,Ninox mindorensis,0,0,0,2,0,0,0,0,0,0,0,2,1,0,0,0
8629,Eurostopodus exul,0,0,0,0,0,0,0,0,0,0,0,0,0,0,0,0
8630,Caprimulgus phalaena,0,0,0,1,0,0,0,0,0,0,0,0,1,0,0,0
8631,Phaethornis mexicanus,0,0,0,0,0,0,0,0,0,0,0,0,0,0,0,0
8632,Campethera taeniolaema,0,0,0,0,0,0,0,0,0,0,0,0,0,0,0,0
8633,Campethera tullbergi,0,0,0,0,0,0,0,0,0,0,0,0,0,0,0,0
8634,Dendrocopos macei,0,0,0,0,0,0,0,0,0,0,0,0,0,0,0,0
8635,Dendrocopos analis,0,0,0,0,0,0,0,0,0,0,0,0,0,0,0,0
8636,Colaptes rivolii,0,0,0,0,0,0,0,0,0,0,0,0,0,0,0,0
8637,Colaptes atriceps,0,0,0,0,0,0,0,0,0,0,0,0,0,0,0,0
8638,Colaptes auratus,0,0,0,0,0,0,0,0,0,0,0,0,0,0,0,0
8639,Colaptes cafer,0,0,0,0,0,0,0,0,0,0,0,0,0,0,0,0
8640,Colaptes mexicanoides,0,0,0,0,0,0,0,0,0,0,0,0,0,0,0,0
8641,Colaptes rupicola,0,0,0,0,0,0,0,0,0,0,0,0,0,0,0,0
8642,Colaptes cinereicapillus,0,0,0,0,0,0,0,0,0,0,0,0,0,0,0,0
8643,Colaptes campestris,0,0,0,0,0,0,0,0,0,0,0,0,0,0,0,0
8644,Colaptes campestroides,0,0,0,0,0,0,0,0,0,0,0,0,0,0,0,0
8645,Celeus torquatus,0,0,0,2,0,0,0,0,0,0,2,0,2,0,0,0
8646,Celeus occidentalis,0,0,0,1,0,0,0,0,0,0,1,0,0,0,0,0
8647,Celeus tinnunculus,0,0,0,2,0,0,0,0,0,0,2,0,0,2,0,0
8648,Hylatomus lineatus,0,0,0,0,0,0,0,0,0,0,0,0,0,0,0,0
8649,Hylatomus fuscipennis,0,0,0,0,0,0,0,0,0,0,0,0,0,0,0,0
8650,Picus canus,0,0,0,0,0,0,0,0,0,0,0,0,0,0,0,0
8651,Picus guerini,0,0,0,0,0,0,0,0,0,0,0,0,0,0,0,0
8652,Picus dedemi,0,0,0,2,0,0,0,0,0,0,0,1,0,0,0,0
8653,Chrysocolaptes lucidus,0,0,0,0,0,0,0,0,0,0,0,0,0,0,0,0
8654,Chrysocolaptes guttacristatus,0,0,0,0,0,0,0,0,0,0,0,0,0,0,0,0
8655,Chrysocolaptes stricklandi,0,0,0,0,0,0,0,0,0,0,0,0,0,0,0,0
8656,Chrysocolaptes strictus,0,0,0,1,0,1,0,0,0,0,0,2,1,0,0,0
8657,Chrysocolaptes haematribon,0,0,0,0,0,0,0,0,0,0,0,0,0,0,0,0
8658,Chrysocolaptes xanthocephalus,0,0,0,2,0,0,0,0,0,0,0,2,0,0,0,0
8659,Chrysocolaptes erythrocephalus,0,0,0,2,0,0,0,0,0,0,0,2,0,0,0,0
8660,Todiramphus reichenbachii,0,0,0,1,0,0,0,0,0,2,0,0,0,0,0,0
8661,Ceyx lepidus,0,0,0,0,0,0,0,0,0,0,0,0,0,0,0,0
8662,Ceyx margarethae,0,0,0,0,0,0,0,0,0,0,0,0,0,0,0,0
8663,Ceyx cajeli,0,0,0,1,0,0,0,0,0,0,0,1,0,0,0,0
8664,Ceyx solitarius,0,0,0,0,0,0,0,0,0,0,0,0,0,0,0,0
8665,Ceyx dispar,0,0,0,1,0,0,0,0,0,0,0,1,0,0,0,0
8666,Ceyx mulcatus,0,0,0,0,0,0,0,0,0,0,0,0,0,0,0,0
8667,Ceyx sacerdotis,0,0,0,0,0,0,0,0,0,0,0,0,0,0,0,0
8668,Ceyx meeki,0,0,0,0,0,0,0,0,0,0,0,0,0,0,0,0
8669,Ceyx collectoris,0,0,0,0,0,0,0,0,0,0,0,0,0,0,0,0
8670,Ceyx nigromaxilla,0,0,0,0,0,0,0,0,0,0,0,0,0,0,0,0
8671,Ceyx gentianus,0,0,0,0,0,0,0,0,0,0,0,0,0,0,0,0
8672,Phaethornis griseogularis,0,0,0,0,0,0,0,0,0,0,0,0,0,0,0,0
8673,Phaethornis porcullae,0,0,0,0,0,0,0,0,0,0,0,0,0,0,0,0
8674,Lophornis chalybeus,0,0,0,1,0,0,0,0,0,0,1,1,0,0,0,0
8675,Lophornis verreauxii,0,0,0,0,0,0,0,0,0,0,0,0,0,0,0,0
8676,Thalurania colombica,0,0,0,2,0,0,0,0,0,0,2,1,0,0,0,0
8677,Chionomesa lactea,0,0,0,0,0,0,0,0,0,0,0,0,0,0,0,0
8678,Chionomesa bartletti,0,0,0,0,0,0,0,0,0,0,0,0,0,0,0,0
8679,Coeligena torquata,0,0,0,0,0,0,0,0,0,0,0,0,0,0,0,0
8680,Coeligena conradii,0,0,0,0,0,0,0,0,0,0,0,0,0,0,0,0
8681,Coeligena eisenmanni,0,0,0,0,0,0,0,0,0,0,0,0,0,0,0,0
8682,Coeligena inca,0,0,0,0,0,0,0,0,0,0,0,0,0,0,0,0
8683,Coeligena violifer,0,0,0,0,0,0,0,0,0,0,0,0,0,0,0,0
8684,Coeligena dichroura,0,0,0,0,0,0,0,0,0,0,0,0,0,0,0,0
8685,Coeligena albicaudata,0,0,0,0,0,0,0,0,0,0,0,0,0,0,0,0
8686,Coeligena osculans,0,0,0,0,0,0,0,0,0,0,0,0,0,0,0,0
8687,Oxypogon guerinii,0,0,0,0,0,0,0,0,0,0,0,0,0,0,0,0
8688,Oxypogon cyanolaemus,0,0,0,2,0,0,0,0,0,0,2,2,0,0,0,0
8689,Oxypogon lindenii,0,0,0,0,0,0,0,0,0,0,0,0,0,0,0,0
8690,Oxypogon stuebelii,0,0,0,2,0,1,0,0,0,0,2,0,0,0,0,0
8691,Schistes geoffroyi,0,0,0,0,0,0,0,0,0,0,0,0,0,0,0,0
8692,Schistes albogularis,0,0,0,0,0,0,0,0,0,0,0,0,0,0,0,0
8693,Trogon elegans,0,0,0,0,0,0,0,0,0,0,0,0,0,0,0,0
8694,Trogon ambiguus,0,0,0,0,0,0,0,0,0,0,0,0,0,0,0,0
8695,Actenoides monachus,0,0,0,2,0,1,0,0,0,0,0,2,0,2,0,0
8696,Actenoides capucinus,0,0,0,2,0,1,0,0,0,0,0,2,0,2,0,0
8697,Cittura cyanotis,0,0,0,1,0,1,0,0,0,0,0,2,0,0,0,0
8698,Cittura sanghirensis,0,0,0,1,0,1,0,0,0,0,0,2,0,0,0,0
8699,Lacedo pulchella,0,0,0,0,0,0,0,0,0,0,0,0,0,0,0,0
8700,Lacedo melanops,0,0,0,0,0,0,0,0,0,0,0,0,0,0,0,0
8701,Todiramphus veneratus,0,0,0,0,0,0,0,0,0,0,0,1,1,0,0,0
8702,Todiramphus youngi,0,0,0,1,0,0,0,0,0,0,0,0,1,0,0,0
8703,Ceyx argentatus,0,0,0,2,0,0,0,0,0,0,0,2,0,1,2,0
8704,Ceyx flumenicola,0,0,0,2,0,1,0,0,0,0,0,2,1,1,2,0
8705,Ceyx cyanopectus,0,0,0,0,0,0,0,0,0,0,0,0,0,0,0,0
8706,Ceyx nigrirostris,0,0,0,1,0,0,0,0,0,0,0,1,0,0,1,0
8707,Alcedo euryzona,0,0,0,2,0,1,0,0,0,0,0,2,1,0,0,0
8708,Alcedo peninsulae,0,0,0,2,0,1,0,0,0,0,0,2,1,0,0,0
8709,Horizocerus hartlaubi,0,0,0,0,0,0,0,0,0,0,0,0,0,0,0,0
8710,Horizocerus granti,0,0,0,0,0,0,0,0,0,0,0,0,0,0,0,0
8711,Buceros hydrocorax,0,0,0,2,0,0,0,0,2,0,2,2,0,0,0,0
8712,Buceros mindanensis,0,0,0,2,0,0,0,0,2,0,2,2,0,0,0,0
8713,Galbula albirostris,0,0,0,0,0,0,0,0,0,0,0,0,0,0,0,0
8714,Galbula chalcocephala,0,0,0,0,0,0,0,0,0,0,0,0,0,0,0,0
8715,Caloramphus fuliginosus,0,0,0,0,0,0,0,0,0,0,0,0,0,0,0,0
8716,Caloramphus hayii,0,0,0,0,0,0,0,0,0,0,0,1,0,1,0,0
8717,Eubucco versicolor,0,0,0,2,0,0,0,0,0,0,2,0,0,0,0,0
8718,Eubucco steerii,0,0,0,1,0,0,0,0,0,0,1,0,0,0,0,0
8719,Eubucco glaucogularis,0,0,0,2,0,0,0,0,0,0,2,0,0,0,0,0
8720,Aulacorhynchus derbianus,0,0,0,0,0,0,0,0,0,0,0,0,0,0,0,0
8721,Aulacorhynchus whitelianus,0,0,0,0,0,0,0,0,0,0,0,0,0,0,0,0
8722,Selenidera reinwardtii,0,0,0,0,0,0,0,0,0,0,0,0,0,0,0,0
8723,Selenidera langsdorffii,0,0,0,0,0,0,0,0,0,0,0,0,0,0,0,0
8724,Dendropicos elliotii,0,0,0,0,0,0,0,0,0,0,0,0,0,0,0,0
8725,Dendropicos johnstoni,0,0,0,0,0,0,0,0,0,0,0,0,0,0,0,0
8726,Dendrocopos leucotos,0,0,0,0,0,0,0,0,0,0,0,1,0,0,0,0
8727,Dendrocopos owstoni,0,0,0,1,0,0,0,0,0,0,0,1,0,0,0,0
8728,Picoides tridactylus,0,0,0,0,0,0,0,0,0,0,0,0,0,0,0,0
8729,Picoides funebris,0,0,0,0,0,0,0,0,0,0,0,0,0,0,0,0
8730,Campephilus haematogaster,0,0,0,0,0,0,0,0,0,0,0,0,0,0,0,0
8731,Campephilus splendens,0,0,0,1,0,0,0,0,0,0,1,1,1,0,0,0
8732,Dinopium javanense,0,0,0,0,0,0,0,0,0,0,0,0,0,0,0,0
8733,Dinopium everetti,0,0,0,1,0,0,0,0,0,0,0,1,1,1,0,0
8734,Meiglyptes tristis,0,0,0,1,0,1,0,0,0,0,0,2,1,0,0,0
8735,Meiglyptes grammithorax,0,0,0,0,0,0,0,0,0,0,0,0,0,0,0,0
8736,Hemicircus concretus,0,0,0,0,0,0,0,0,0,0,0,0,0,0,0,0
8737,Hemicircus sordidus,0,0,0,0,0,0,0,0,0,0,0,0,0,0,0,0
8738,Mulleripicus funebris,0,0,0,2,0,0,0,0,0,0,0,2,1,0,0,0
8739,Mulleripicus fuliginosus,0,0,0,2,0,0,0,0,0,0,0,2,1,0,0,0
8740,Ciconia episcopus,0,0,0,1,1,0,0,0,1,0,0,1,0,0,1,0
8741,Ciconia microscelis,0,0,0,0,0,0,0,0,0,0,0,0,0,0,0,0
8742,Anas gibberifrons,0,0,0,0,0,0,0,0,2,0,0,0,1,0,0,0
8743,Anas albogularis,0,0,0,0,0,0,1,0,1,0,0,0,1,0,0,1
8744,Pipile cumanensis,0,0,0,0,0,0,0,0,0,0,0,0,0,0,0,0
8745,Pipile grayi,0,0,0,1,0,0,0,0,2,0,1,2,1,0,0,0
8746,Scleroptila psilolaema,0,0,0,2,0,0,0,0,0,0,2,0,0,0,0,0
8747,Scleroptila elgonensis,0,0,0,2,0,0,0,0,0,0,2,0,0,0,0,0
8748,Tropicoperdix tonkinensis,0,0,0,0,0,0,0,0,0,0,0,0,0,0,0,0
8749,Tropicoperdix graydoni,0,0,0,2,0,0,0,0,0,0,0,1,0,1,0,0
8750,Tropicoperdix charltonii,0,0,0,2,0,1,0,0,1,0,0,2,0,0,0,0
8751,Lophura erythrophthalma,0,0,0,3,0,0,0,0,2,0,0,3,2,0,0,0
8752,Lophura pyronota,0,0,0,2,0,0,0,0,2,0,0,2,0,0,0,0
8753,Lophura ignita,0,0,0,2,0,2,0,0,2,0,0,2,0,0,0,0
8754,Lophura rufa,0,0,0,2,0,2,0,0,2,0,0,2,0,0,0,0
8755,Hypotaenidia woodfordi,0,0,0,0,0,0,0,0,0,1,0,0,0,0,0,0
8756,Hypotaenidia tertia,0,0,0,0,0,0,0,0,0,0,0,0,0,0,0,0
8757,Hypotaenidia immaculata,0,0,0,0,0,0,0,0,0,1,0,0,0,0,0,0
8758,Charadrius tricollaris,0,0,0,0,0,0,0,0,0,0,0,0,0,0,0,0
8759,Charadrius bifrontatus,0,0,0,0,0,0,0,0,0,0,0,0,0,0,0,0
8760,Charadrius alexandrinus,0,0,0,0,1,0,1,0,0,1,0,0,1,0,1,1
8761,Coenocorypha aucklandica,0,0,0,0,0,0,0,0,0,1,0,0,0,0,0,0
8762,Coenocorypha huegeli,0,0,0,0,0,0,0,0,0,1,0,0,0,0,0,0
8763,Coenocorypha iredalei,0,0,0,0,0,0,0,0,0,1,0,0,0,0,0,0
8764,Streptopelia bitorquata,0,0,0,0,0,0,0,0,0,0,0,0,0,0,0,0
8765,Streptopelia dusumieri,0,0,0,0,0,0,0,0,0,2,0,0,0,0,0,0
8766,Treron formosae,0,0,0,0,0,0,0,0,1,0,0,1,0,0,0,0
8767,Treron permagnus,0,0,0,0,0,0,0,0,0,0,0,0,0,0,0,0
8768,Hemiphaga novaeseelandiae,0,0,0,0,0,0,0,0,1,1,0,1,1,0,0,0
8769,Trichoglossus flavoviridis,0,0,0,0,0,0,0,0,0,0,0,0,0,0,0,0
8770,Trichoglossus meyeri,0,0,0,0,0,0,0,0,0,0,0,0,0,0,0,0
8771,Cyclopsitta diophthalma,0,0,0,0,0,0,0,0,0,0,0,0,0,0,0,0
8772,Cyclopsitta coxeni,0,2,0,1,0,0,0,0,1,1,0,1,0,0,0,0
8773,Psittinus cyanurus,0,0,0,1,0,0,0,0,1,0,0,1,0,0,0,0
8774,Psittinus abbotti,0,0,0,1,0,0,0,0,1,0,0,0,1,0,0,0
8775,Pionus tumultuosus,0,0,0,0,0,0,0,0,0,0,0,0,0,0,0,0
8776,Amazona festiva,0,0,0,1,0,0,0,0,1,0,1,1,0,0,0,0
8777,Amazona bodini,0,0,0,1,0,0,0,0,1,0,1,0,1,0,0,0
8778,Phodilus badius,0,0,0,0,0,0,0,0,0,0,0,0,0,0,0,0
8779,Otus megalotis,0,0,0,0,0,0,0,0,0,0,0,0,0,0,0,0
8780,Ardea intermedia,0,0,0,0,0,0,0,0,0,0,0,0,0,0,1,1
8781,Ardea brachyrhyncha,0,0,0,0,1,1,0,0,0,1,0,1,0,0,1,0
8782,Ardea plumifera,0,0,0,0,1,1,0,0,0,1,0,1,0,0,1,0
8783,Pernis celebensis,0,0,0,0,0,0,0,0,0,0,0,0,0,0,0,0
8784,Accipiter tachiro,0,0,0,0,0,0,0,0,0,0,0,0,0,0,0,0
8785,Accipiter toussenelii,0,0,0,0,0,0,0,0,0,0,0,0,0,0,0,0
8786,Accipiter novaehollandiae,0,0,0,0,0,0,0,0,0,0,0,0,0,0,0,0
8787,Accipiter hiogaster,0,0,0,0,0,0,0,0,0,0,0,0,0,0,0,0
8788,Accipiter sylvestris,0,0,0,0,0,0,0,0,0,0,0,0,0,0,0,0
8789,Circus cyaneus,0,0,0,2,2,1,0,0,1,1,0,0,0,2,0,0
8790,Circus hudsonius,0,0,0,0,0,0,0,0,0,0,0,0,0,0,0,0
8791,Anous ceruleus,0,0,0,0,0,0,0,0,0,0,0,0,0,0,0,0
8792,Oxyura jamaicensis,0,0,0,0,0,0,0,0,0,0,0,0,0,0,0,0
8793,Oxyura ferruginea,0,0,0,0,0,0,0,0,0,0,0,0,0,0,0,0
8794,Buteo nitidus,0,0,0,0,0,0,0,0,0,0,0,0,0,0,0,0
8795,Buteo plagiatus,0,0,0,0,0,0,0,0,0,0,0,0,0,0,0,0
8796,Falco chicquera,0,0,0,0,0,0,0,0,0,0,0,0,2,0,2,0
8797,Falco ruficollis,0,0,0,0,0,0,0,0,0,0,0,0,0,0,0,0
8798,Streptopelia decaocto,0,0,0,0,0,0,0,0,0,0,0,0,0,0,0,0
8799,Streptopelia xanthocycla,0,0,0,0,0,0,0,0,0,0,0,0,0,0,0,0
8800,Phapitreron leucotis,0,0,0,0,0,0,0,0,0,0,0,0,0,0,0,0
8801,Phapitreron nigrorum,0,0,0,0,0,0,0,0,0,0,0,0,0,0,0,0
8802,Phapitreron brevirostris,0,0,0,0,0,0,0,0,0,0,0,0,0,0,0,0
8803,Treron australis,0,0,0,0,0,0,0,0,0,0,0,0,0,0,0,0
8804,Ducula badia,0,0,0,0,0,0,0,0,0,0,0,0,0,0,0,0
8805,Ducula cuprea,0,0,0,0,0,0,0,0,0,0,0,0,0,0,0,0
8806,Prioniturus discurus,0,0,0,0,0,0,0,0,0,0,0,0,0,0,0,0
8807,Prioniturus mindorensis,0,0,0,2,0,0,0,0,2,0,0,2,1,0,0,0
8808,Coracopsis nigra,0,0,0,0,0,0,0,0,0,0,0,0,0,0,0,0
8809,Coracopsis barklyi,0,0,0,0,0,2,0,0,1,2,0,0,0,0,0,0
8810,Ninox squamipila,0,0,0,0,0,0,0,0,0,0,0,1,0,0,0,0
8811,Ninox hypogramma,0,0,0,0,0,0,0,0,0,0,0,1,0,0,0,0
8812,Ninox hantu,0,0,0,0,0,0,0,0,0,0,0,1,0,0,0,0
8813,Ninox forbesi,0,0,0,0,0,0,0,0,0,0,0,1,0,0,0,0
8814,Oreonympha nobilis,0,0,0,0,0,0,0,0,0,0,0,0,0,0,0,0
8815,Oreonympha albolimbata,0,0,0,0,0,0,0,0,0,0,0,0,0,0,0,0
8816,Colaptes melanochloros,0,0,0,0,0,0,0,0,0,0,0,0,0,0,0,0
8817,Colaptes melanolaimus,0,0,0,0,0,0,0,0,0,0,0,0,0,0,0,0
8818,Himantopus himantopus,0,0,0,0,0,0,0,0,0,0,0,0,0,0,0,0
8819,Cyanoramphus novaezelandiae,0,0,0,0,0,0,0,0,0,1,0,1,0,0,0,0
8820,Batrachostomus javensis,0,0,0,0,0,0,0,0,0,0,0,0,0,0,0,0
8821,Pampa curvipennis,0,0,0,0,0,0,0,0,0,0,0,0,0,0,0,0
8822,Ramphastos ambiguus,0,0,0,1,0,0,0,0,1,0,1,1,0,0,0,0
8823,Pterodroma feae,0,0,0,0,0,0,0,0,1,2,0,0,0,0,0,0
8824,Buteo oreophilus,0,0,0,2,0,0,0,0,0,1,2,2,0,0,0,0
8825,Otidiphaps aruensis,0,0,0,2,0,0,0,0,0,0,0,1,0,0,0,0
8826,Ptilinopus ornatus,0,0,0,0,0,0,0,0,0,0,0,0,0,0,0,0
8827,Ptilinopus gestroi,0,0,0,0,0,0,0,0,0,0,0,0,0,0,0,0
8828,Ptilinopus porphyraceus,0,0,0,0,0,0,0,0,0,0,0,0,0,0,0,0
8829,Ptilinopus hernsheimi,0,0,0,0,0,0,0,0,0,0,0,0,0,0,0,0
8830,Ptilinopus solomonensis,0,0,0,0,0,0,0,0,0,0,0,0,0,0,0,0
8831,Ptilinopus speciosus,0,0,0,0,0,0,0,0,0,0,0,0,0,0,0,0
8832,Ducula myristicivora,0,0,0,0,0,0,0,0,0,0,0,0,0,0,0,0
8833,Ducula geelvinkiana,0,0,0,0,0,0,0,0,0,0,0,0,0,0,0,0
8834,Hierococcyx sparverioides,0,0,0,0,0,0,0,0,0,0,0,0,0,0,0,0
8835,Hierococcyx bocki,0,0,0,0,0,0,0,0,0,0,0,0,0,0,0,0
8836,Hierococcyx fugax,0,0,0,0,0,0,0,0,0,0,0,0,0,0,0,0
8837,Pteroglossus bitorquatus,0,0,0,2,0,0,0,0,0,0,2,0,0,0,0,0
8838,Pteroglossus sturmii,0,0,0,2,0,0,0,0,0,0,2,2,0,0,0,0
8839,Ramphiculus subgularis,0,0,0,2,0,0,0,0,1,0,0,2,1,0,0,0
8840,Coccyzus merlini,0,0,0,0,0,0,0,0,0,0,0,0,0,0,0,0
8841,Coccyzus bahamensis,0,0,0,1,0,1,0,0,0,0,0,1,1,0,0,0
8842,Surniculus lugubris,0,0,0,0,0,0,0,0,0,0,0,0,0,0,0,0
8843,Treron griveaudi,0,0,0,2,0,0,0,0,2,1,0,2,0,0,0,0
8844,Butorides striata,0,0,0,0,0,0,0,0,0,0,0,0,0,0,0,0
8845,Cyrtonyx montezumae,0,0,0,0,0,0,0,0,0,0,0,0,0,0,0,0
8846,Scleroptila whytei,0,0,0,0,0,0,0,0,0,0,0,0,0,0,0,0
8847,Scleroptila shelleyi,0,0,0,0,0,0,0,0,0,0,0,0,0,0,0,0
8848,Pternistis castaneicollis,0,0,0,0,0,0,0,0,0,0,0,0,0,0,0,0
8849,Pternistis atrifrons,0,1,0,1,0,0,0,0,2,0,1,0,0,0,0,0
8850,Rhizothera longirostris,0,0,0,1,0,1,0,0,0,0,0,2,0,0,0,0
8851,Rhizothera dulitensis,0,0,0,0,0,0,0,0,0,0,0,0,0,0,0,0
8852,Chlamydotis undulata,0,1,1,1,0,0,0,0,2,0,2,0,1,0,1,1
8853,Ninox spilocephala,0,0,0,0,0,0,0,0,0,0,0,2,0,1,0,0
8854,Ptilinopus ponapensis,0,0,0,0,0,0,0,0,0,0,0,0,0,0,0,0
8855,Ptilinopus fasciatus,0,0,0,0,0,0,0,0,0,0,0,0,0,0,0,0
8856,Geotrygon saphirina,0,0,0,0,0,0,0,0,0,0,0,0,0,0,0,0
8857,Geotrygon purpurata,0,0,0,2,0,0,0,0,1,0,2,0,1,1,0,0
8858,Patagioenas maculosa,0,0,0,0,0,0,0,0,0,0,0,0,0,0,0,0
8859,Patagioenas albipennis,0,0,0,0,0,0,0,0,0,0,0,0,0,0,0,0
8860,Amazona autumnalis,0,0,0,0,0,0,0,0,0,0,0,0,0,0,0,0
8861,Amazona lilacina,2,0,0,2,0,0,0,0,2,0,2,2,1,0,0,0
8862,Chlorodrepanis flava,0,0,0,0,0,0,0,0,0,1,0,0,1,0,0,0
8863,Anas chlorotis,0,2,0,0,0,0,0,0,1,2,1,0,2,0,0,0
8864,Circus maillardi,0,1,0,1,0,1,0,0,1,1,0,1,1,0,2,0
8865,Diomedea antipodensis,0,2,0,0,0,0,2,0,0,1,0,0,0,0,0,0
8866,Diomedea sanfordi,0,1,0,0,0,0,1,0,0,1,0,0,0,0,0,0
8867,Thalassarche bulleri,0,0,0,0,0,0,1,0,0,0,0,0,0,0,0,0
8868,Thalassarche impavida,0,0,0,0,0,0,2,0,0,0,0,0,0,0,0,0
8869,Eunymphicus uvaeensis,0,0,0,0,0,0,0,0,1,0,0,1,0,0,0,0
8870,Zoothera turipavae,0,0,0,0,0,0,0,0,0,1,0,1,0,0,0,0
8871,Diomedea dabbenena,0,0,0,0,0,0,3,0,1,3,0,0,0,0,0,0
8872,Thalassarche carteri,0,0,0,0,0,0,3,0,0,3,0,0,0,0,0,0
8873,Phyllomyias urichi,0,0,0,1,0,0,0,0,0,0,1,0,1,0,0,0
8874,Acrocephalus tangorum,1,0,0,0,1,0,0,0,0,0,0,0,1,0,0,0
8875,Ammospiza nelsoni,0,0,0,0,0,0,0,0,0,0,0,0,0,0,0,0
8876,Antilophia bokermanni,0,0,0,2,2,1,0,0,0,0,0,0,3,0,0,0
8877,Apalis flavigularis,0,0,0,2,0,0,0,0,0,0,0,1,2,0,0,0
8878,Arremon franciscanus,0,0,0,1,1,1,0,0,0,0,2,0,0,0,0,0
8879,Cacatua ophthalmica,0,0,0,2,0,0,0,0,0,0,0,2,0,0,0,0
8880,Puffinus mauretanicus,0,0,0,0,0,0,3,0,0,2,0,0,1,0,1,1
8881,Procellaria conspicillata,0,0,0,0,0,0,1,0,0,1,0,0,0,0,0,0
8882,Pterodroma atrata,0,0,0,0,0,0,0,0,0,2,0,0,0,0,0,0
8883,Otus alius,0,0,0,0,0,0,0,0,1,0,0,0,0,0,1,0
8884,Hylopezus auricularis,0,0,0,0,0,0,0,0,0,0,0,0,0,0,0,0
8885,Aegotheles tatei,0,0,0,0,0,0,0,0,0,0,0,1,0,0,0,0
8886,Scytalopus iraiensis,0,0,0,0,2,1,0,0,0,2,1,0,2,1,0,0
8887,Catharus bicknelli,0,0,0,2,0,0,0,0,0,0,0,2,0,0,1,0
8888,Centrocercus minimus,0,2,0,1,0,0,0,0,1,0,1,0,1,0,0,0
8889,Chondrohierax wilsonii,0,0,0,2,0,0,0,0,2,0,0,2,0,0,0,0
8890,Pyrrholaemus sagittatus,0,0,0,0,0,0,0,0,0,1,1,1,0,0,0,0
8891,Aerodramus nuditarsus,0,0,0,0,0,0,0,0,0,0,0,0,0,0,0,0
8892,Conopophaga cearae,0,0,0,1,0,0,0,0,0,0,1,0,0,0,0,0
8893,Megapodius geelvinkianus,0,0,0,1,0,0,0,0,1,0,0,1,1,0,0,0
8894,Ortalis columbiana,0,0,0,0,0,0,0,0,0,0,0,0,0,0,0,0
8895,Rallus tenuirostris,0,0,0,1,0,0,0,0,0,0,0,0,1,0,0,0
8896,Pseudocolaptes johnsoni,0,0,0,0,0,0,0,0,0,0,0,0,0,0,0,0
8897,Laniisoma buckleyi,0,0,0,1,0,0,0,0,0,0,1,1,1,0,0,0
8898,Incana incana,0,0,0,0,0,0,0,0,0,0,0,0,0,0,0,0
8899,Lagonosticta sanguinodorsalis,0,0,0,0,0,0,0,0,0,0,0,0,0,0,0,0
8900,Vidua maryae,0,0,0,0,0,0,0,0,0,0,0,0,0,0,0,0
8901,Atlapetes forbesi,0,0,0,0,0,0,0,0,0,0,0,0,0,0,0,0
8902,Atlapetes terborghi,0,0,0,1,0,0,0,0,0,0,1,1,0,0,0,0
8903,Atlapetes canigenis,0,0,0,0,0,0,0,0,0,0,0,0,0,0,0,0
8904,Aerodramus bartschi,0,0,0,0,0,0,0,0,0,2,0,0,0,0,0,1
8905,Trochalopteron ngoclinhense,0,0,0,1,0,0,0,0,2,0,0,1,0,0,0,0
8906,Padda fuscata,0,0,0,2,0,0,0,0,2,0,1,0,0,0,0,0
8907,Otus siaoensis,0,0,0,0,0,0,0,0,0,0,0,0,0,0,0,0
8908,Zosterops nehrkorni,0,0,0,2,0,0,0,0,0,0,0,2,0,2,0,0
8909,Ninox ios,0,0,0,0,0,0,0,0,0,0,0,0,0,0,0,0
8910,Gymnocrex talaudensis,0,0,0,2,0,0,0,0,2,0,0,0,0,0,0,0
8911,Esacus magnirostris,0,0,0,0,0,0,0,0,0,1,0,0,0,0,0,1
8912,Dromaius minor,0,0,0,0,0,0,0,0,2,0,0,0,0,0,0,0
8913,Alopochen mauritiana,0,0,0,0,0,0,0,0,2,0,0,0,0,0,0,0
8914,Anas theodori,0,0,0,0,0,0,0,0,2,0,0,0,0,0,0,0
8915,Anas marecula,0,0,0,0,0,0,0,0,1,0,0,0,0,0,0,0
8916,Upupa antaios,0,0,0,0,0,0,0,0,0,1,0,0,0,0,0,0
8917,Cyanoramphus ulietanus,0,0,0,0,0,0,0,0,0,0,0,0,0,0,0,0
8918,Psittacara labati,0,0,0,0,0,0,0,0,0,0,0,0,0,0,0,0
8919,Amazona violacea,0,0,0,0,0,0,0,0,2,0,0,0,0,0,0,0
8920,Amazona martinicana,0,0,0,0,0,0,0,0,2,0,0,1,0,0,0,0
8921,Riccordia elegans,0,0,0,0,0,0,0,0,0,0,0,0,0,0,0,0
8922,Nesoenas duboisi,0,0,0,0,0,0,0,0,0,0,0,0,0,0,0,0
8923,Nesoenas rodericanus,0,0,0,0,0,0,0,0,1,1,0,0,0,0,0,0
8924,Porphyrio caerulescens,0,0,0,0,0,0,0,0,1,0,0,0,0,0,0,0
8925,Porphyrio kukwiedei,0,0,0,0,0,0,0,0,1,1,0,0,0,0,0,0
8926,Hypotaenidia poeciloptera,0,0,0,0,0,0,0,0,0,2,0,0,0,0,0,0
8927,Mundia elpenor,0,0,0,0,0,0,0,0,0,1,0,0,0,0,0,0
8928,Laterallus podarces,0,0,0,0,0,0,0,0,0,0,0,0,0,0,0,0
8929,Zapornia nigra,0,0,0,0,0,0,0,0,0,1,0,0,0,0,0,0
8930,Zapornia astrictocarpus,0,0,0,0,0,0,0,0,0,1,0,0,0,0,0,0
8931,Gallinula nesiotis,0,0,0,0,0,1,0,0,1,1,0,0,0,0,0,0
8932,Fulica newtonii,0,0,0,0,0,0,0,0,1,0,0,0,0,0,0,0
8933,Prosobonia ellisi,0,0,0,0,0,0,0,0,0,1,0,0,0,0,0,0
8934,Nycticorax mauritianus,0,0,0,0,0,0,0,0,1,0,0,0,0,0,0,0
8935,Nycticorax duboisi,0,0,0,0,0,0,0,0,1,0,0,0,0,0,0,0
8936,Nycticorax megacephalus,0,0,0,0,0,0,0,0,1,0,0,0,0,0,0,0
8937,Threskiornis solitarius,0,0,0,0,0,0,0,0,1,0,0,0,0,0,0,0
8938,Pterodroma rupinarum,0,0,0,0,0,0,0,0,1,0,0,0,0,0,0,0
8939,Bulweria bifax,0,0,0,0,0,0,0,0,1,0,0,0,0,0,0,0
8940,Fregetta maoriana,0,0,0,0,0,0,0,0,0,0,0,0,0,0,0,0
8941,Anthornis melanocephala,0,0,0,0,0,0,0,0,0,0,0,0,0,0,0,0
8942,Turnagra tanagra,0,0,0,0,0,0,0,0,0,1,1,1,0,1,0,0
8943,Chloridops kona,0,0,0,0,0,0,0,0,0,0,0,0,0,0,0,0
8944,Porphyrio mantelli,0,0,0,0,0,0,0,0,1,1,0,0,0,0,0,0
8945,Nannococcyx psix,0,0,0,0,0,0,0,0,0,0,0,0,0,0,0,0
8946,Lophopsittacus bensoni,0,0,0,0,0,0,0,0,0,0,0,0,0,0,0,0
8947,Lophopsittacus mauritianus,0,0,0,0,0,0,0,0,0,0,0,0,0,0,0,0
8948,Necropsittacus rodricanus,0,0,0,0,0,0,0,0,0,0,0,0,0,0,0,0
8949,Mascarenotus murivorus,0,0,0,0,0,0,0,0,0,0,0,0,0,0,0,0
8950,Mascarenotus sauzieri,0,0,0,0,0,0,0,0,0,0,0,0,0,0,0,0
8951,Mascarenotus grucheti,0,0,0,0,0,0,0,0,0,2,0,0,0,0,0,0
8952,Cabalus modestus,0,0,0,0,0,0,0,0,0,1,2,0,0,0,0,0
8953,Aphanapteryx bonasia,0,0,0,0,0,0,0,0,1,0,0,0,0,0,0,0
8954,Erythromachus leguati,0,0,0,0,0,0,0,0,1,0,0,0,0,0,0,0
8955,Caracara lutosa,0,0,0,0,0,0,0,0,2,0,1,0,0,0,0,0
8956,Poodytes rufescens,0,0,0,0,0,0,0,0,0,1,0,0,0,0,0,0
8957,Akialoa obscura,0,0,0,0,0,0,0,0,0,1,0,0,0,0,0,0
8958,Phylloscopus sindianus,0,0,0,0,0,0,0,0,0,0,0,0,0,0,0,0
8959,Loxia leucoptera,0,0,0,0,0,0,0,0,0,0,0,0,0,0,0,0
8960,Urile pelagicus,0,0,0,0,0,0,0,0,0,1,0,0,0,0,0,0
8961,Colinus virginianus,0,0,0,2,0,2,0,0,2,0,2,0,0,2,0,0
8962,Zentrygon lawrencii,0,0,0,0,0,0,0,0,0,0,0,0,0,0,0,0
8963,Otus sunia,0,0,0,1,0,0,0,0,1,0,0,0,0,0,0,0
8964,Leucosticte australis,0,2,0,0,0,0,0,0,0,0,0,0,0,0,0,0
8965,Sula granti,0,2,0,0,0,0,0,0,0,0,0,0,0,0,0,0
8966,Brachyramphus perdix,0,0,0,0,0,0,1,0,0,0,0,1,0,0,1,0
8967,Glaucidium costaricanum,0,0,0,0,0,0,0,0,0,0,0,0,0,0,0,0
8968,Glaucidium griseiceps,0,0,0,0,0,0,0,0,0,0,0,0,0,0,0,0
8969,Glaucidium palmarum,0,0,0,0,0,0,0,0,0,0,0,0,0,0,0,0
8970,Anthracothorax veraguensis,0,0,0,0,0,0,0,0,0,0,0,0,0,0,0,0
8971,Cynanthus auriceps,0,0,0,0,0,0,0,0,0,0,0,0,0,0,0,0
8972,Lampornis calolaemus,0,0,0,0,0,0,0,0,0,0,0,0,0,0,0,0
8973,Leuconotopicus arizonae,0,0,0,0,0,0,0,0,0,0,0,0,0,0,0,0
8974,Xiphorhynchus susurrans,0,0,0,0,0,0,0,0,0,0,0,0,0,0,0,0
8975,Thamnophilus atrinucha,0,0,0,0,0,0,0,0,0,0,0,0,0,0,0,0
8976,Myrmotherula pacifica,0,0,0,0,0,0,0,0,0,0,0,0,0,0,0,0
8977,Myrmothera dives,0,0,0,0,0,0,0,0,0,0,0,0,0,0,0,0
8978,Scytalopus chocoensis,0,0,0,0,0,0,0,0,0,0,0,0,0,0,0,0
8979,Calyptophilus tertius,0,0,0,2,0,0,0,0,0,2,0,2,0,0,0,0
8980,Spindalis nigricephala,0,0,0,0,0,0,0,0,0,0,0,0,0,0,0,0
8981,Spindalis dominicensis,0,0,0,0,0,0,0,0,0,0,0,0,0,0,0,0
8982,Spindalis portoricensis,0,0,0,0,0,0,0,0,0,0,0,0,0,0,0,0
8983,Sporophila funerea,0,0,0,0,0,0,0,0,0,0,0,0,0,0,0,0
8984,Agelaius assimilis,0,0,0,0,0,0,0,0,0,0,0,0,0,0,0,0
8985,Icterus bullockiorum,0,0,0,0,0,0,0,0,0,0,0,0,0,0,0,0
8986,Icterus abeillei,0,0,0,0,0,0,0,0,0,0,0,0,0,0,0,0
8987,Lonchura atricapilla,0,0,0,0,0,0,0,0,0,0,0,0,0,0,0,0
8988,Baeolophus ridgwayi,0,0,0,0,0,0,0,0,0,0,0,0,0,0,0,0
8989,Garrodia nereis,0,0,0,0,0,0,0,0,0,1,0,0,0,0,1,0
8990,Psittacara rubritorquis,0,0,0,0,0,0,0,0,0,0,0,0,0,0,0,0
8991,Glaucidium parkeri,0,0,0,0,0,0,0,0,0,0,0,0,0,0,0,0
8992,Phyllaemulor bracteatus,0,0,0,0,0,0,0,0,0,0,0,0,0,0,0,0
8993,Chordeiles rupestris,0,0,0,0,0,0,0,0,0,0,0,0,0,0,0,0
8994,Antrostomus ekmani,0,0,0,0,0,0,0,0,0,0,0,0,0,0,0,0
8995,Heliangelus micraster,0,0,0,0,0,0,0,0,0,0,0,0,0,0,0,0
8996,Momotus aequatorialis,0,0,0,0,0,0,0,0,0,0,0,0,0,0,0,0
8997,Phacellodomus maculipectus,0,0,0,0,0,0,0,0,0,0,0,0,0,0,0,0
8998,Herpsilochmus dugandi,0,0,0,0,0,0,0,0,0,0,0,0,0,0,0,0
8999,Cercomacroides laeta,0,0,0,0,0,0,0,0,0,0,0,0,0,0,0,0
9000,Scytalopus atratus,0,0,0,0,0,0,0,0,0,0,0,0,0,0,0,0
9001,Scytalopus bolivianus,0,0,0,0,0,0,0,0,0,0,0,0,0,0,0,0
9002,Scytalopus sanctaemartae,0,0,0,1,0,0,0,0,0,0,1,1,0,1,0,0
9003,Scytalopus caracae,0,0,0,0,0,0,0,0,0,0,0,0,0,0,0,0
9004,Scytalopus spillmanni,0,0,0,0,0,0,0,0,0,0,0,0,0,0,0,0
9005,Scytalopus acutirostris,0,0,0,0,0,0,0,0,0,0,0,0,0,0,0,0
9006,Scytalopus fuscus,0,0,0,0,0,0,0,0,0,0,0,0,0,0,0,0
9007,Scytalopus griseicollis,0,0,0,0,0,0,0,0,0,0,0,0,0,0,0,0
9008,Scytalopus simonsi,0,0,0,0,0,0,0,0,0,0,0,0,0,0,0,0
9009,Scytalopus parvirostris,0,0,0,0,0,0,0,0,0,0,0,1,0,0,0,0
9010,Rhynchocyclus pacificus,0,0,0,0,0,0,0,0,0,0,0,0,0,0,0,0
9011,Onychorhynchus mexicanus,0,0,0,0,0,0,0,0,0,0,0,0,0,0,0,0
9012,Doliornis sclateri,0,0,0,0,0,1,0,0,0,0,1,0,0,0,0,0
9013,Arremon semitorquatus,0,0,0,0,0,0,0,0,0,0,0,0,0,0,0,0
9014,Tangara cyanomelas,0,0,0,0,0,0,0,0,0,0,0,0,0,0,0,0
9015,Leistes militaris,0,0,0,0,0,0,0,0,0,0,0,0,0,0,0,0
9016,Thamnomanes saturninus,0,0,0,0,0,0,0,0,0,0,0,0,0,0,0,0
9017,Prinia hypoxantha,0,0,0,0,0,0,0,0,0,0,0,0,0,0,0,0
9018,Tylas eduardi,0,0,0,0,0,0,0,0,0,0,0,0,0,0,0,0
9019,Upupa marginata,0,0,0,0,0,0,0,0,0,0,0,0,0,0,0,0
9020,Calonectris edwardsii,0,0,0,0,0,0,0,0,1,2,0,0,0,0,0,0
9021,Setophaga subita,0,2,0,1,0,0,0,0,0,1,1,0,1,0,1,0
9022,Setophaga delicata,0,0,0,0,0,0,0,0,0,0,0,0,0,0,0,0
9023,Guyramemua affinis,0,0,0,2,0,2,0,0,0,0,2,0,1,2,0,0
9024,Myiopagis olallai,0,0,0,2,0,0,0,0,0,0,0,2,1,0,0,0
9025,Zimmerius villarejoi,0,0,0,0,0,0,0,0,0,0,0,2,0,0,0,0
9026,Lipaugus weberi,0,2,0,2,2,0,0,0,0,0,2,0,2,2,0,0
9027,Gyps tenuirostris,0,0,0,0,0,0,0,0,2,0,0,1,0,0,1,0
9028,Spilornis klossi,0,0,0,0,0,0,0,0,0,0,0,0,1,0,0,0
9029,Capito wallacei,0,0,0,0,0,0,0,0,1,0,0,1,0,0,0,0
9030,Herpsilochmus pileatus,0,0,0,0,0,0,0,0,0,0,1,1,0,0,0,0
9031,Ianthocincla konkakinhensis,0,0,0,0,0,0,0,0,0,0,0,0,1,0,0,0
9032,Motacilla samveasnae,0,0,0,0,1,0,0,0,0,0,0,0,1,0,0,0
9033,Alopochen kervazoi,0,0,0,0,0,0,0,0,1,0,0,1,0,0,0,0
9034,Anas carolinensis,0,0,0,0,0,0,0,0,0,0,0,0,0,0,0,0
9035,Phylloscopus orientalis,0,0,0,0,0,0,0,0,0,0,0,0,0,0,0,0
9036,Phylloscopus humei,0,0,0,0,0,0,0,0,0,0,0,0,0,0,0,0
9037,Phylloscopus ibericus,0,0,0,0,0,0,0,0,0,0,0,0,0,0,0,0
9038,Phylloscopus canariensis,0,0,0,0,0,0,0,0,0,0,0,0,0,0,0,0
9039,Lanius meridionalis,0,0,0,2,0,0,0,0,0,0,0,0,0,0,2,0
9040,Carduelis corsicana,0,0,0,0,0,0,0,0,0,0,0,0,0,0,0,0
9041,Acrocephalus orinus,1,0,0,1,0,0,0,0,0,0,1,1,0,0,0,0
9042,Poecilotriccus luluae,0,0,0,2,0,0,0,0,0,0,2,1,1,0,0,1
9043,Crypturellus erythropus,0,0,0,1,0,0,0,0,1,0,0,0,0,0,0,0
9044,Thalassarche cauta,0,1,0,0,0,0,1,0,0,1,0,0,0,0,0,0
9045,Thalassarche steadi,0,0,0,0,0,0,2,0,0,1,0,0,0,0,0,0
9046,Leucocarbo atriceps,0,0,0,0,0,0,2,0,1,1,0,0,0,0,0,1
9047,Egretta gularis,0,0,0,0,0,0,0,0,1,0,0,0,0,0,0,0
9048,Phoenicopterus ruber,0,0,0,0,0,0,0,0,0,0,0,0,0,0,0,0
9049,Gyps indicus,0,2,0,0,0,0,0,0,1,0,0,0,0,0,0,1
9050,Clanga hastata,0,0,0,2,0,0,0,0,0,0,0,0,0,2,0,1
9051,Caracara plancus,0,0,0,0,0,0,0,0,1,0,0,0,1,0,1,0
9052,Arborophila sumatrana,0,0,0,0,0,0,0,0,0,0,0,0,0,0,0,0
9053,Scolopax rosenbergii,0,0,0,0,0,0,0,0,0,0,0,0,0,0,0,0
9054,Scolopax bukidnonensis,0,0,0,0,0,0,0,0,0,0,0,0,0,0,0,0
9055,Gallinago delicata,0,0,0,1,0,0,0,0,0,0,0,0,1,0,0,0
9056,Larus glaucoides,0,0,0,0,0,0,0,0,0,0,0,0,0,0,0,0
9057,Geotrygon caniceps,0,0,0,2,1,1,0,0,1,1,0,0,0,0,0,0
9058,Geotrygon leucometopia,0,0,0,2,0,0,0,0,1,1,0,0,0,0,0,0
9059,Pyrilia aurantiocephala,0,0,0,0,0,0,0,0,0,0,0,1,0,0,0,0
9060,Bubo poensis,0,0,0,0,0,0,0,0,0,0,0,0,0,0,0,0
9061,Ninox sumbaensis,0,0,0,1,0,1,0,0,0,0,0,1,0,0,0,0
9062,Caprimulgus pectoralis,0,0,0,0,0,0,0,0,0,0,0,0,0,0,0,0
9063,Caprimulgus poliocephalus,0,0,0,0,0,0,0,0,0,0,0,0,0,0,0,0
9064,Chaetura fumosa,0,0,0,0,0,0,0,0,0,0,0,0,0,0,0,0
9065,Phaethornis striigularis,0,0,0,0,0,0,0,0,0,0,0,0,0,0,0,0
9066,Amazilia tzacatl,0,0,0,0,0,0,0,0,0,0,0,0,0,0,0,0
9067,Apalharpactes mackloti,0,0,0,0,0,0,0,0,0,0,0,0,0,0,0,0
9068,Campethera bennettii,0,0,0,0,0,0,0,0,0,0,0,0,0,0,0,0
9069,Dendropicos gabonensis,0,0,0,0,0,0,0,0,0,0,0,0,0,0,0,0
9070,Dendropicos goertae,0,0,0,0,0,0,0,0,0,0,0,0,0,0,0,0
9071,Cranioleuca antisiensis,0,0,0,0,0,0,0,0,0,0,0,0,0,0,0,0
9072,Pyriglena leuconota,0,0,0,0,0,0,0,0,0,0,0,0,0,0,0,0
9073,Percnostola arenarum,0,0,0,0,0,0,0,0,0,0,0,2,2,0,0,0
9074,Gymnopithys leucaspis,0,0,0,0,0,0,0,0,0,0,0,0,0,0,0,0
9075,Gymnopithys bicolor,0,0,0,0,0,0,0,0,0,0,0,0,0,0,0,0
9076,Scytalopus latrans,0,0,0,0,0,0,0,0,0,0,0,0,0,0,0,0
9077,Scytalopus magellanicus,0,0,0,0,0,0,0,0,0,0,0,0,0,0,0,0
9078,Mirafra africana,0,0,0,0,0,0,0,0,0,0,0,0,0,0,0,0
9079,Certhilauda semitorquata,0,0,0,0,0,0,0,0,0,0,0,0,0,0,0,0
9080,Calendulauda erythrochlamys,0,2,0,0,0,0,0,0,0,0,0,0,0,0,0,0
9081,Arizelocichla milanjensis,0,0,0,0,0,0,0,0,0,0,0,2,0,0,0,0
9082,Phyllastrephus flavostriatus,0,0,0,0,0,0,0,0,0,0,0,0,0,0,0,0
9083,Lanius collaris,0,0,0,0,0,0,0,0,0,0,0,0,0,0,0,0
9084,Chlorophoneus multicolor,0,0,0,0,0,0,0,0,0,0,0,0,0,0,0,0
9085,Prionops caniceps,0,0,0,0,0,0,0,0,0,0,0,0,0,0,0,0
9086,Monticola erythronotus,0,1,0,1,0,0,0,0,0,0,0,1,0,0,0,0
9087,Geokichla piaggiae,0,0,0,0,0,0,0,0,0,0,0,0,0,0,0,0
9088,Alethe diademata,0,0,0,0,0,0,0,0,0,0,0,0,0,0,0,0
9089,Oenanthe lugens,0,0,0,0,0,0,0,0,0,0,0,0,0,0,0,0
9090,Cisticola chubbi,0,0,0,0,0,0,0,0,0,0,0,0,0,0,0,0
9091,Apalis cinerea,0,0,0,0,0,0,0,0,0,0,0,0,0,0,0,0
9092,Calamonastes stierlingi,0,0,0,0,0,0,0,0,0,0,0,0,0,0,0,0
9093,Eremomela pusilla,0,0,0,0,0,0,0,0,0,0,0,0,0,0,0,0
9094,Abroscopus superciliaris,0,0,0,0,0,0,0,0,0,0,0,0,0,0,0,0
9095,Acanthiza apicalis,0,0,0,0,0,0,0,0,0,0,0,0,0,0,0,0
9096,Batis capensis,0,0,0,0,0,0,0,0,0,0,0,0,0,0,0,0
9097,Terpsiphone rufiventer,0,0,0,0,0,0,0,0,0,0,0,0,0,0,0,0
9098,Anthoscopus caroli,0,0,0,0,0,0,0,0,0,0,0,0,0,0,0,0
9099,Melaniparus leucomelas,0,0,0,0,0,0,0,0,0,0,0,0,0,0,0,0
9100,Certhia tianquanensis,0,0,0,0,0,0,0,0,0,0,0,0,0,0,0,0
9101,Dicaeum australe,0,0,0,0,0,0,0,0,0,0,0,0,0,0,0,0
9102,Philemon citreogularis,0,0,0,0,0,0,0,0,0,0,0,0,0,0,0,0
9103,Calyptophilus frugivorus,0,0,0,2,0,0,0,0,0,0,0,2,0,0,0,0
9104,Ramphocelus passerinii,0,0,0,0,0,0,0,0,0,0,0,0,0,0,0,0
9105,Cacicus chrysonotus,0,0,0,0,0,0,0,0,0,0,0,0,0,0,0,0
9106,Crithagra atrogularis,0,0,0,0,0,0,0,0,0,0,0,0,0,0,0,0
9107,Crithagra striolata,0,0,0,0,0,0,0,0,0,0,0,0,0,0,0,0
9108,Lagonosticta rubricata,0,0,0,0,0,0,0,0,0,0,0,0,0,0,0,0
9109,Corvus palmarum,0,0,0,2,0,0,0,0,2,1,2,1,1,0,0,1
9110,Saltator striatipectus,0,0,0,0,0,0,0,0,0,0,0,0,0,0,0,0
9111,Icterus prosthemelas,0,0,0,0,0,0,0,0,0,0,0,0,0,0,0,0
9112,Phylloscopus nitidus,0,0,0,0,0,0,0,0,0,0,0,0,0,0,0,0
9113,Ortalis araucuan,0,0,0,0,0,0,0,0,0,0,0,0,0,0,0,0
9114,Rallus obsoletus,0,2,0,1,0,0,0,0,0,1,0,0,1,0,1,0
9115,Pionus seniloides,0,0,0,0,0,0,0,0,0,0,0,0,0,0,0,0
9116,Amazona diadema,0,0,0,2,0,0,0,0,2,0,2,2,2,0,0,0
9117,Aulacorhynchus calorhynchus,0,0,0,0,0,0,0,0,0,0,0,0,0,0,0,0
9118,Celeus obrieni,0,0,0,2,1,0,0,0,0,0,1,2,1,2,0,0
9119,Myrmotherula ignota,0,0,0,0,0,0,0,0,0,0,0,0,0,0,0,0
9120,Stigmatura bahiae,0,0,0,0,0,0,0,0,0,0,0,0,0,0,0,0
9121,Tolmomyias flavotectus,0,0,0,0,0,0,0,0,0,0,0,0,0,0,0,0
9122,Tolmomyias viridiceps,0,0,0,0,0,0,0,0,0,0,0,0,0,0,0,0
9123,Myiobius sulphureipygius,0,0,0,0,0,0,0,0,0,0,0,0,0,0,0,0
9124,Knipolegus cabanisi,0,0,0,0,0,0,0,0,0,0,0,0,0,0,0,0
9125,Myiodynastes solitarius,0,0,0,0,0,0,0,0,0,0,0,0,0,0,0,0
9126,Progne elegans,0,0,0,0,0,0,0,0,0,0,0,0,0,0,0,0
9127,Progne murphyi,0,0,0,0,0,0,0,0,0,0,0,0,0,0,0,0
9128,Sporophila morelleti,0,0,0,0,0,0,0,0,0,0,0,0,0,0,0,0
9129,Vireo chivi,0,0,0,0,0,0,0,0,0,0,0,0,0,0,0,0
9130,Icterus pyrrhopterus,0,0,0,0,0,0,0,0,0,0,0,0,0,0,0,0
9131,Icterus fuertesi,0,0,0,0,0,0,0,0,0,0,0,0,0,0,0,0
9132,Threskiornis bernieri,0,0,0,1,0,0,0,0,2,0,0,2,0,0,2,0
9133,Tropicoperdix chloropus,0,0,0,1,0,0,0,0,1,0,0,0,0,0,0,0
9134,Megascops atricapilla,0,0,0,0,0,0,0,0,0,0,0,0,0,0,0,0
9135,Archboldia papuensis,0,0,0,0,0,0,0,0,0,0,0,0,0,0,0,0
9136,Falco duboisi,0,0,0,0,0,0,0,0,1,1,0,0,0,0,0,0
9137,Anorrhinus austeni,0,0,0,1,0,0,0,0,2,0,0,2,1,0,0,0
9138,Anorrhinus tickelli,0,0,0,2,0,1,0,0,0,0,0,2,0,1,0,0
9139,Automolus paraensis,0,0,0,0,0,0,0,0,0,0,0,0,0,0,0,0
9140,Pellorneum tickelli,0,0,0,0,0,0,0,0,0,0,0,0,0,0,0,0
9141,Pellorneum buettikoferi,0,0,0,2,0,1,0,0,0,0,0,2,0,0,0,0
9142,Myiobius barbatus,0,0,0,0,0,0,0,0,0,0,0,0,0,0,0,0
9143,Progne modesta,0,0,0,0,0,0,0,0,0,0,0,0,0,0,0,0
9144,Asthenes arequipae,0,0,0,0,0,0,0,0,0,0,0,0,0,0,0,0
9145,Buteo augur,0,0,0,0,0,0,0,0,0,0,0,0,0,0,0,0
9146,Molothrus aeneus,0,0,0,0,0,0,0,0,0,0,0,0,0,0,0,0
9147,Otus thilohoffmanni,0,0,0,2,0,0,0,0,0,0,0,2,1,0,0,0
9148,Otus collari,0,0,0,0,0,0,0,0,0,0,0,0,0,0,0,0
9149,Phylloscopus yunnanensis,0,0,0,0,0,0,0,0,0,0,0,0,0,0,0,0
9150,Aptenorallus calayanensis,0,0,0,0,0,0,0,0,1,1,0,2,2,0,0,0
9151,Locustella alishanensis,0,0,0,0,0,0,0,0,0,0,0,0,0,0,0,0
9152,Nisaetus cirrhatus,0,0,0,0,0,0,0,0,0,0,0,0,0,0,0,0
9153,Nisaetus floris,0,0,0,2,0,0,0,0,1,0,0,0,0,0,0,0
9154,Loriculus amabilis,0,0,0,0,0,0,0,0,0,0,0,0,0,0,0,0
9155,Loriculus sclateri,0,0,0,0,0,0,0,0,0,0,0,0,0,0,0,0
9156,Aethopyga bella,0,0,0,0,0,0,0,0,0,0,0,0,0,0,0,0
9157,Amaurornis magnirostris,0,0,0,0,0,0,0,0,0,0,0,0,0,0,0,0
9158,Amytornis merrotsyi,0,0,0,0,0,2,0,0,0,0,2,0,0,0,0,0
9159,Arborophila rolli,0,0,0,0,0,0,0,0,0,0,0,0,0,0,0,0
9160,Locustella davidi,0,0,0,0,0,0,0,0,0,0,0,0,0,0,0,0
9161,Buteo japonicus,0,0,0,0,0,0,0,0,1,1,0,0,1,0,0,0
9162,Buteo socotraensis,0,0,0,0,0,0,0,0,0,0,0,0,0,0,0,0
9163,Calonectris borealis,0,0,0,0,0,0,2,0,1,1,0,0,0,0,1,0
9164,Chloropsis jerdoni,0,0,0,0,0,0,0,0,0,0,0,0,0,0,0,0
9165,Chloropsis kinabaluensis,0,0,0,0,0,0,0,0,0,0,0,0,0,0,0,0
9166,Chloropsis media,0,0,0,1,0,0,0,0,3,0,0,0,0,0,0,0
9167,Circaetus beaudouini,0,0,0,2,0,0,0,0,1,0,2,2,2,0,2,0
9168,Corvus edithae,0,0,0,0,0,0,0,0,0,0,0,0,0,0,0,0
9169,Cursorius somalensis,0,0,0,0,0,0,0,0,0,0,0,0,0,0,0,0
9170,Cyanopica cooki,0,0,0,0,0,0,0,0,0,0,0,0,0,0,0,0
9171,Pterorhinus courtoisi,0,0,0,0,0,0,0,0,2,0,0,0,2,0,0,0
9172,Megapodius tenimberensis,0,0,0,0,0,0,0,0,2,1,0,2,0,0,0,0
9173,Melanitta americana,0,2,0,0,0,0,2,0,1,1,0,0,1,0,1,0
9174,Mirafra affinis,0,0,0,0,0,0,0,0,0,0,0,0,0,0,0,0
9175,Mirafra microptera,0,0,0,0,0,0,0,0,0,0,0,0,0,0,0,0
9176,Orthonyx novaeguineae,0,0,0,0,0,0,0,0,0,0,0,0,0,0,0,0
9177,Otus mayottensis,0,0,0,0,0,0,0,0,0,0,0,0,0,0,0,0
9178,Melaniparus carpi,0,0,0,0,0,0,0,0,0,0,0,0,0,0,0,0
9179,Phasianus versicolor,0,0,0,0,0,0,0,0,0,0,0,0,0,0,0,0
9180,Phylloscopus kansuensis,0,0,0,0,0,0,0,0,0,0,0,0,0,0,0,0
9181,Erythropitta ussheri,0,0,0,2,0,1,0,0,0,0,0,2,0,2,0,0
9182,Poicephalus fuscicollis,0,1,0,0,0,0,0,0,0,0,0,0,0,0,0,0
9183,Phylloscopus omeiensis,0,0,0,0,0,0,0,0,0,0,0,0,0,0,0,0
9184,Phylloscopus soror,0,0,0,0,0,0,0,0,0,0,0,0,0,0,0,0
9185,Phylloscopus tephrocephalus,0,0,0,0,0,0,0,0,0,0,0,0,0,0,0,0
9186,Phylloscopus valentini,0,0,0,0,0,0,0,0,0,0,0,0,0,0,0,0
9187,Phylloscopus whistleri,0,0,0,0,0,0,0,0,0,0,0,0,0,0,0,0
9188,Struthio molybdophanes,0,0,0,1,0,0,0,0,2,0,2,0,0,0,0,0
9189,Vidua camerunensis,0,0,0,0,0,0,0,0,0,0,0,0,0,0,0,0
9190,Vidua nigeriae,0,0,0,0,0,0,0,0,0,0,0,0,0,0,0,0
9191,Zosterops stalkeri,0,0,0,0,0,0,0,0,0,0,0,0,0,0,0,0
9192,Apteryx rowi,0,0,0,0,0,0,0,0,0,1,1,0,0,0,0,0
9193,Phylloscopus forresti,0,0,0,0,0,0,0,0,0,0,0,0,0,0,0,0
9194,Ninox burhani,0,0,0,2,0,0,0,0,0,0,0,2,0,0,0,0
9195,Hemiphaga chathamensis,0,0,0,0,0,0,0,0,0,1,0,1,0,0,0,0
9196,Pomarea fluxa,0,0,0,0,0,0,0,0,0,1,1,0,0,0,0,0
9197,Pomarea mira,0,0,0,0,0,0,0,0,0,0,0,0,0,0,0,0
9198,Pomarea nukuhivae,0,0,0,0,0,1,0,0,0,1,0,0,0,0,0,0
9199,Caprimulgus meesi,0,0,0,0,0,0,0,0,0,0,0,0,0,0,0,0
9200,Serinus flavivertex,0,0,0,0,0,0,0,0,0,0,0,0,0,0,0,0
9201,Geokichla leucolaema,0,0,0,1,0,0,0,0,2,0,0,0,0,0,0,0
9202,Geokichla mendeni,0,0,0,0,0,0,0,0,0,0,0,1,0,0,0,0
9203,Myophonus castaneus,0,0,0,1,0,0,0,0,0,0,0,1,0,0,0,0
9204,Myophonus borneensis,0,0,0,0,0,0,0,0,0,0,0,0,0,0,0,0
9205,Chaetura meridionalis,0,0,0,0,0,0,0,0,0,0,0,0,0,0,0,0
9206,Glaucidium mooreorum,0,0,0,2,0,2,0,0,1,0,0,2,0,0,0,0
9207,Hemitriccus griseipectus,0,0,0,0,0,0,0,0,0,0,0,0,0,0,0,0
9208,Henicorhina negreti,0,0,0,2,0,2,0,0,0,2,0,2,0,0,0,0
9209,Inezia caudata,0,0,0,0,0,0,0,0,0,0,0,0,0,0,0,0
9210,Lepidocolaptes lacrymiger,0,0,0,0,0,0,0,0,0,0,0,0,0,0,0,0
9211,Sciaphylax castanea,0,0,0,0,0,0,0,0,0,0,0,0,0,0,0,0
9212,Myrmotherula multostriata,0,0,0,0,0,0,0,0,0,0,0,0,0,0,0,0
9213,Notharchus swainsoni,0,0,0,0,0,0,0,0,0,0,0,0,0,0,0,0
9214,Phaethornis atrimentalis,0,0,0,0,0,0,0,0,0,0,0,0,0,0,0,0
9215,Pseudoseisura unirufa,0,0,0,0,0,0,0,0,0,0,0,0,0,0,0,0
9216,Rhynchotus maculicollis,0,0,0,0,0,0,0,0,0,0,0,0,0,0,0,0
9217,Scytalopus affinis,0,0,0,0,0,0,0,0,0,0,0,0,0,0,0,0
9218,Scytalopus altirostris,0,0,0,0,0,0,0,0,0,0,0,0,0,0,0,0
9219,Scytalopus micropterus,0,0,0,0,0,0,0,0,0,0,0,0,0,0,0,0
9220,Scytalopus parkeri,0,0,0,0,0,0,0,0,0,0,0,0,0,0,0,0
9221,Scytalopus robbinsi,0,2,0,3,0,0,0,0,0,0,3,0,0,0,0,0
9222,Scytalopus urubambae,0,0,0,0,0,1,0,0,0,0,0,1,0,0,0,0
9223,Scytalopus zimmeri,0,0,0,0,0,0,0,0,0,0,0,0,0,0,0,0
9224,Strix chacoensis,0,0,0,0,0,0,0,0,0,0,2,2,0,0,0,0
9225,Tachycineta stolzmanni,0,0,0,0,0,0,0,0,0,0,0,0,0,0,0,0
9226,Thamnophilus ambiguus,0,0,0,0,0,0,0,0,0,0,0,0,0,0,0,0
9227,Thamnophilus divisorius,0,0,0,0,0,0,0,0,0,0,0,0,0,0,0,0
9228,Thamnophilus pelzelni,0,0,0,0,0,0,0,0,0,0,0,0,0,0,0,0
9229,Thamnophilus stictocephalus,0,0,0,0,0,0,0,0,0,0,0,0,0,0,0,0
9230,Thamnophilus sticturus,0,0,0,0,0,0,0,0,0,0,0,0,0,0,0,0
9231,Tolmomyias traylori,0,0,0,0,0,0,0,0,0,0,0,0,0,0,0,0
9232,Zenaida meloda,0,0,0,0,0,0,0,0,0,0,0,0,0,0,0,0
9233,Diaphorapteryx hawkinsi,0,0,0,0,0,0,0,0,1,1,0,0,0,0,0,0
9234,Philemon buceroides,0,0,0,0,0,0,0,0,0,0,0,0,0,0,0,0
9235,Platycercus elegans,0,0,0,0,0,0,0,0,0,0,0,0,0,0,0,0
9236,Corvus tasmanicus,0,0,0,0,0,0,0,0,0,0,0,0,0,0,0,0
9237,Ducula spilorrhoa,0,0,0,0,0,0,0,0,0,0,0,0,0,0,0,0
9238,Chlamydotis macqueenii,0,1,0,1,1,1,0,0,3,0,1,0,1,0,1,1
9239,Cacicus uropygialis,0,0,0,0,0,0,0,0,0,0,0,0,0,0,0,0
9240,Sporophila telasco,0,0,0,0,0,0,0,0,0,0,0,0,0,0,0,0
9241,Branta hutchinsii,0,0,0,0,0,0,0,0,0,0,0,0,0,0,0,0
9242,Myrmotherula brachyura,0,0,0,0,0,0,0,0,0,0,0,0,0,0,0,0
9243,Chrysuronia grayi,0,0,0,0,0,0,0,0,0,0,0,0,0,0,0,0
9244,Chrysuronia humboldtii,1,0,0,0,0,0,0,0,0,0,0,0,0,0,0,0
9245,Automolus infuscatus,0,0,0,0,0,0,0,0,0,0,0,0,0,0,0,0
9246,Myophonus glaucinus,0,0,0,0,0,0,0,0,0,0,0,0,0,0,0,0
9247,Geokichla dumasi,0,0,0,0,0,0,0,0,1,0,0,0,0,0,0,0
9248,Geokichla joiceyi,0,0,0,1,0,0,0,0,1,0,0,0,0,0,0,0
9249,Geokichla interpres,0,0,0,2,0,1,0,0,2,0,0,2,0,1,0,0
9250,Geokichla erythronota,0,0,0,2,0,2,0,0,1,0,2,2,0,0,0,0
9251,Micrastur mintoni,0,0,0,0,0,0,0,0,0,0,0,0,0,0,0,0
9252,Anous albivittus,0,0,0,0,0,0,0,0,0,1,0,0,0,0,0,0
9253,Megascops hoyi,0,0,0,0,0,0,0,0,0,0,0,0,0,0,0,0
9254,Capito niger,0,0,0,0,0,0,0,0,0,0,0,0,0,0,0,0
9255,Capito auratus,0,0,0,0,0,0,0,0,0,0,0,0,0,0,0,0
9256,Melanerpes chrysauchen,0,0,0,0,0,0,0,0,0,0,0,0,0,0,0,0
9257,Melanerpes pulcher,0,0,0,0,0,0,0,0,0,0,0,0,0,0,0,0
9258,Lepidocolaptes squamatus,0,0,0,0,0,0,0,0,0,0,0,0,0,0,0,0
9259,Lepidocolaptes falcinellus,0,0,0,0,0,0,0,0,0,0,0,0,0,0,0,0
9260,Muscisaxicola alpinus,0,0,0,0,0,0,0,0,0,0,0,0,0,0,0,0
9261,Muscisaxicola griseus,0,0,0,0,0,0,0,0,0,0,0,0,0,0,0,0
9262,Celeus spectabilis,0,0,0,0,0,0,0,0,0,0,0,0,0,0,0,0
9263,Atlapetes rufinucha,0,0,0,0,0,0,0,0,0,0,0,0,0,0,0,0
9264,Atlapetes melanolaemus,0,0,0,0,0,0,0,0,0,0,0,0,0,0,0,0
9265,Cinnycerthia peruana,0,0,0,0,0,0,0,0,0,0,0,0,0,0,0,0
9266,Cinnycerthia fulva,0,0,0,0,0,0,0,0,0,0,0,0,0,0,0,0
9267,Cinnycerthia olivascens,0,0,0,0,0,0,0,0,0,0,0,0,0,0,0,0
9268,Tachycineta albilinea,0,0,0,0,0,0,0,0,0,0,0,0,0,0,0,0
9269,Hemitriccus zosterops,0,0,0,0,0,0,0,0,0,0,0,0,0,0,0,0
9270,Inezia subflava,0,0,0,0,0,0,0,0,0,0,0,0,0,0,0,0
9271,Sciaphylax hemimelaena,0,0,0,0,0,0,0,0,0,0,0,0,0,0,0,0
9272,Thamnophilus palliatus,0,0,0,0,0,0,0,0,0,0,0,0,0,0,0,0
9273,Thamnophilus tenuepunctatus,0,0,0,1,0,0,0,0,0,0,0,0,0,0,0,0
9274,Pseudoseisura cristata,0,0,0,0,0,0,0,0,0,0,0,0,0,0,0,0
9275,Cranioleuca vulpecula,0,0,0,0,0,0,0,0,0,0,0,0,0,0,0,0
9276,Notharchus macrorhynchos,0,0,0,0,0,0,0,0,0,0,0,0,0,0,0,0
9277,Notharchus hyperrhynchus,0,0,0,0,0,0,0,0,0,0,0,0,0,0,0,0
9278,Aglaiocercus kingii,0,0,0,0,0,0,0,0,0,0,0,0,0,0,0,0
9279,Aglaiocercus berlepschi,0,0,0,1,0,0,0,0,0,0,1,0,0,1,0,0
9280,Haplophaedia aureliae,0,0,0,0,0,0,0,0,0,0,0,0,0,0,0,0
9281,Haplophaedia assimilis,0,0,0,0,0,0,0,0,0,0,0,0,0,0,0,0
9282,Phaethornis squalidus,0,0,0,0,0,0,0,0,0,0,0,0,0,0,0,0
9283,Phaethornis rupurumii,0,0,0,0,0,0,0,0,0,0,0,0,0,0,0,0
9284,Strix rufipes,0,0,0,0,0,0,0,0,0,0,0,0,0,0,0,0
9285,Rhynchotus rufescens,0,0,0,0,0,0,0,0,0,0,0,0,0,0,0,0
9286,Sporophila americana,0,0,0,0,0,0,0,0,0,0,0,0,0,0,0,0
9287,Zenaida asiatica,0,0,0,0,0,0,0,0,0,0,0,0,0,0,0,0
9288,Pyrrhura griseipectus,0,0,0,2,0,0,0,0,3,2,0,0,0,0,0,0
9289,Pyrrhura pfrimeri,0,0,0,2,0,2,0,0,1,0,2,3,2,0,0,0
9290,Puffinus subalaris,0,0,0,0,0,0,0,0,0,0,0,0,0,0,0,0
9291,Pelecanus occidentalis,0,0,0,0,0,0,1,0,0,0,0,0,0,0,1,1
9292,Theristicus melanopis,0,0,0,0,0,0,0,0,0,0,0,0,0,0,0,0
9293,Atlapetes albinucha,0,0,0,0,0,0,0,0,0,0,0,0,0,0,0,0
9294,Acrocephalus orientalis,0,0,0,0,0,0,0,0,0,0,0,0,0,0,0,0
9295,Hierococcyx hyperythrus,0,0,0,0,0,0,0,0,0,0,0,0,0,0,0,0
9296,Hierococcyx nisicolor,0,0,0,0,0,0,0,0,0,0,0,0,0,0,0,0
9297,Hierococcyx pectoralis,0,0,0,0,0,0,0,0,0,0,0,0,0,0,0,0
9298,Helopsaltes amnicola,0,0,0,0,0,0,0,0,0,0,0,0,0,0,0,0
9299,Myiomela cambodiana,0,0,0,0,0,0,0,0,0,0,0,0,0,0,0,0
9300,Puffinus bailloni,0,0,0,0,0,0,0,0,0,0,0,0,0,0,1,0
9301,Nisaetus pinskeri,0,0,0,2,0,0,0,0,2,0,1,2,0,2,0,0
9302,Iduna opaca,0,0,0,0,0,0,0,0,0,0,0,0,0,0,0,0
9303,Hieraaetus weiskei,0,0,0,0,0,0,0,0,0,0,0,0,0,0,0,0
9304,Buteo refectus,0,0,0,0,0,0,0,0,0,0,0,0,0,0,0,0
9305,Batis erlangeri,0,0,0,0,0,0,0,0,0,0,0,0,0,0,0,0
9306,Turdus smithi,0,0,0,0,0,0,0,0,0,0,0,0,0,0,0,0
9307,Turdus abyssinicus,0,0,0,0,0,0,0,0,0,0,0,0,0,0,0,0
9308,Turdus roehli,0,0,0,1,0,0,0,0,0,0,0,1,0,0,0,0
9309,Ficedula albicilla,0,0,0,0,0,0,0,0,0,0,0,0,0,0,0,0
9310,Accipiter striatus,0,0,0,0,0,0,0,0,0,0,0,0,0,0,0,0
9311,Parmoptila jamesoni,0,0,0,0,0,0,0,0,0,0,0,0,0,0,0,0
9312,Rhynchostruthus louisae,0,2,0,0,0,0,0,0,0,0,0,0,0,0,0,0
9313,Philydor erythrocercum,0,0,0,0,0,0,0,0,0,0,0,0,0,0,0,0
9314,Locustella mandelli,0,0,0,0,0,0,0,0,0,0,0,0,0,0,0,0
9315,Melanitta deglandi,0,0,0,0,0,0,1,0,1,0,0,0,1,0,1,1
9316,Turdus rufopalliatus,0,0,0,0,0,0,0,0,0,0,0,0,0,0,0,0
9317,Circaetus gallicus,0,0,0,2,0,1,0,0,1,0,1,1,1,0,1,1
9318,Circaetus pectoralis,0,0,0,0,0,0,0,0,1,0,0,0,1,0,0,0
9319,Aethopyga shelleyi,0,0,0,0,0,0,0,0,0,0,0,0,0,0,0,0
9320,Phylloscopus intensior,0,0,0,0,0,0,0,0,0,0,0,0,0,0,0,0
9321,Phylloscopus ogilviegranti,0,0,0,0,0,0,0,0,0,0,0,0,0,0,0,0
9322,Phylloscopus claudiae,0,0,0,0,0,0,0,0,0,0,0,0,0,0,0,0
9323,Phylloscopus goodsoni,0,0,0,0,0,0,0,0,0,0,0,0,0,0,0,0
9324,Phylloscopus reguloides,0,0,0,0,0,0,0,0,0,0,0,0,0,0,0,0
9325,Mirafra erythrocephala,0,0,0,0,0,0,0,0,0,0,0,0,0,0,0,0
9326,Amytornis striatus,0,0,0,0,0,0,0,0,0,0,0,0,0,0,0,0
9327,Megapodius reinwardt,0,0,0,0,0,0,0,0,0,0,0,0,0,0,0,0
9328,Orthonyx temminckii,0,0,0,0,0,0,0,0,0,0,0,0,0,0,0,0
9329,Pomarea iphis,0,1,0,0,0,0,0,0,0,2,0,0,0,0,0,0
9330,Pomarea mendozae,0,0,0,0,0,1,0,0,0,2,0,0,0,0,0,0
9331,Hieraaetus morphnoides,0,0,0,0,0,0,0,0,0,0,0,0,0,0,0,0
9332,Pterorhinus galbanus,0,0,0,0,0,0,0,0,0,0,0,0,0,0,0,0
9333,Chloropsis aurifrons,0,0,0,0,0,0,0,0,1,0,0,0,0,0,0,0
9334,Phylloscopus burkii,0,0,0,0,0,0,0,0,0,0,0,0,0,0,0,0
9335,Mirafra assamica,0,0,0,0,0,0,0,0,0,0,0,0,0,0,0,0
9336,Regulus madeirensis,0,0,0,0,0,0,0,0,0,0,0,0,0,0,0,0
9337,Phylloscopus proregulus,0,0,0,0,0,0,0,0,0,0,0,0,0,0,0,0
9338,Phylloscopus chloronotus,0,0,0,0,0,0,0,0,0,0,0,0,0,0,0,0
9339,Conopophaga lineata,0,0,0,0,0,0,0,0,0,0,0,0,0,0,0,0
9340,Horornis haddeni,0,0,0,1,0,0,0,0,0,1,0,0,0,0,0,0
9341,Eudyptes moseleyi,0,1,0,0,0,0,2,0,0,2,0,0,0,0,2,0
9342,Curruca deserti,0,0,0,0,0,0,0,0,0,0,0,0,0,0,0,0
9343,Batis crypta,0,0,0,0,0,0,0,0,0,0,0,0,0,0,0,0
9344,Rhodopechys alienus,0,0,0,0,0,0,0,0,0,0,0,0,0,0,0,0
9345,Psilopogon nuchalis,0,0,0,0,0,0,0,0,0,0,0,0,0,0,0,0
9346,Psilopogon faber,0,0,0,0,0,0,0,0,0,0,0,0,0,0,0,0
9347,Pterorhinus ruficeps,0,0,0,0,0,0,0,0,0,0,0,0,0,0,0,0
9348,Garrulax bicolor,0,0,0,0,0,0,0,0,2,0,0,2,0,0,0,0
9349,Garrulax ferrarius,0,0,0,0,0,0,0,0,0,0,0,0,0,0,0,0
9350,Garrulax castanotis,0,0,0,0,0,0,0,0,0,0,0,0,0,0,0,0
9351,Pterorhinus berthemyi,0,0,0,0,0,0,0,0,0,0,0,0,0,0,0,0
9352,Garrulax annamensis,0,0,0,0,0,0,0,0,0,0,0,0,0,0,0,0
9353,Garrulax taewanus,0,0,0,1,0,0,0,0,0,2,0,0,1,0,0,0
9354,Trochalopteron imbricatum,0,0,0,0,0,0,0,0,0,0,0,0,0,0,0,0
9355,Trochalopteron chrysopterum,0,0,0,0,0,0,0,0,0,0,0,0,0,0,0,0
9356,Trochalopteron melanostigma,0,0,0,0,0,0,0,0,0,0,0,0,0,0,0,0
9357,Trochalopteron peninsulae,0,0,0,0,0,0,0,0,0,0,0,0,0,0,0,0
9358,Erythrogenys gravivox,0,0,0,0,0,0,0,0,0,0,0,0,0,0,0,0
9359,Erythrogenys mcclellandi,0,0,0,0,0,0,0,0,0,0,0,0,0,0,0,0
9360,Erythrogenys swinhoei,0,0,0,0,0,0,0,0,0,0,0,0,0,0,0,0
9361,Pomatorhinus melanurus,0,0,0,0,0,0,0,0,0,0,0,0,0,0,0,0
9362,Pomatorhinus musicus,0,0,0,0,0,0,0,0,0,0,0,0,0,0,0,0
9363,Napothera albostriata,0,0,0,0,0,0,0,0,0,0,0,0,0,0,0,0
9364,Napothera pasquieri,0,0,0,2,1,0,0,0,0,0,0,0,2,0,0,0
9365,Pnoepyga formosana,0,0,0,0,0,0,0,0,0,0,0,0,0,0,0,0
9366,Spelaeornis reptatus,0,0,0,0,0,0,0,0,0,0,0,0,0,0,0,0
9367,Spelaeornis oatesi,0,0,0,0,0,0,0,0,0,0,0,0,0,0,0,0
9368,Spelaeornis kinneari,0,0,0,2,0,0,0,0,0,0,0,0,1,0,0,0
9369,Stachyris roberti,0,0,0,2,0,0,0,0,0,0,0,1,0,0,0,0
9370,Dasycrotapha pygmaea,0,0,0,1,0,0,0,0,0,0,0,1,0,0,0,0
9371,Mixornis bornensis,0,0,0,0,0,0,0,0,0,0,0,0,0,0,0,0
9372,Micromacronus sordidus,0,0,0,0,0,0,0,0,0,0,0,0,0,0,0,0
9373,Cutia legalleni,0,0,0,2,0,0,0,0,1,0,0,1,0,0,0,0
9374,Gampsorhynchus torquatus,0,0,0,0,0,0,0,0,0,0,0,0,0,0,0,0
9375,Schoeniparus klossi,0,0,0,0,0,0,0,0,0,0,0,0,0,0,0,0
9376,Fulvetta danisi,0,0,0,0,0,0,0,0,0,0,0,0,0,0,0,0
9377,Fulvetta manipurensis,0,0,0,0,0,0,0,0,0,0,0,0,0,0,0,0
9378,Fulvetta formosana,0,0,0,0,0,0,0,0,0,0,0,0,0,0,0,0
9379,Alcippe grotei,0,0,0,0,0,0,0,0,0,0,0,0,0,0,0,0
9380,Heterophasia desgodinsi,0,0,0,0,0,0,0,0,0,0,0,0,0,0,0,0
9381,Staphida torqueola,0,0,0,0,0,0,0,0,0,0,0,0,0,0,0,0
9382,Paradoxornis margaritae,0,0,0,2,0,0,0,0,0,0,0,1,0,0,0,0
9383,Liocichla bugunorum,0,0,0,0,0,2,0,0,0,0,0,2,2,0,0,0
9384,Certhia hodgsoni,0,0,0,0,0,0,0,0,0,0,0,0,0,0,0,0
9385,Certhia manipurensis,0,0,0,0,0,0,0,0,0,0,0,0,0,0,0,0
9386,Suiriri suiriri,0,0,0,0,0,0,0,0,0,0,0,0,0,0,0,0
9387,Scytalopus stilesi,0,0,0,1,0,0,0,0,0,0,1,1,0,1,0,0
9388,Scytalopus rodriguezi,0,0,0,0,0,0,0,0,0,0,2,2,0,0,0,0
9389,Setopagis parvula,0,0,0,0,0,0,0,0,0,0,0,0,0,0,0,0
9390,Setopagis heterura,0,0,0,0,0,0,0,0,0,0,0,0,0,0,0,0
9391,Loxigilla noctis,0,0,0,0,0,0,0,0,0,0,0,0,0,0,0,0
9392,Loxigilla barbadensis,0,0,0,0,0,0,0,0,0,0,0,0,0,0,0,0
9393,Scytalopus pachecoi,0,0,0,0,0,0,0,0,0,0,0,1,0,0,0,0
9394,Dendragapus obscurus,0,0,0,0,0,0,0,0,0,0,0,0,0,0,0,0
9395,Dendragapus fuliginosus,0,0,0,0,0,0,0,0,0,0,0,0,0,0,0,0
9396,Spizella breweri,0,0,0,0,0,2,0,0,0,2,0,0,0,0,0,0
9397,Cuculus saturatus,0,0,0,1,0,0,0,0,0,0,0,1,0,0,0,0
9398,Cuculus optatus,0,0,0,0,0,1,0,0,0,0,0,1,0,0,0,0
9399,Cuculus lepidus,0,0,0,0,0,0,0,0,0,0,0,0,0,0,0,0
9400,Caloenas maculata,0,0,0,0,0,0,0,0,0,0,0,0,0,0,0,0
9401,Arborophila campbelli,0,0,0,0,0,0,0,0,0,0,0,0,0,0,0,0
9402,Iduna pallida,0,0,0,0,0,0,0,0,0,0,0,0,0,0,0,0
9403,Garrulax leucolophus,0,0,0,0,0,0,0,0,0,0,0,0,0,0,0,0
9404,Clytorhynchus sanctaecrucis,0,0,0,1,0,0,0,0,0,0,0,1,0,0,0,0
9405,Rhynchostruthus percivali,0,0,0,1,0,0,0,0,0,0,1,1,0,0,0,0
9406,Turnix novaecaledoniae,0,0,0,2,0,2,0,0,2,2,2,0,1,0,0,0
9407,Curruca crassirostris,0,0,0,0,0,0,0,0,0,0,0,0,0,0,0,0
9408,Curruca balearica,0,0,0,0,0,0,0,0,0,0,0,0,0,0,0,0
9409,Oenanthe chrysopygia,0,0,0,0,0,0,0,0,0,0,0,0,0,0,0,0
9410,Emberiza sahari,0,0,0,0,0,0,0,0,0,0,0,0,0,0,0,0
9411,Aplonis ulietensis,0,0,0,0,0,0,0,0,0,1,0,0,0,0,0,0
9412,Polyplectron katsumatae,0,0,0,0,0,0,0,0,2,0,0,2,0,0,0,0
9413,Milvus aegyptius,0,0,0,0,0,0,0,0,1,0,0,0,1,0,0,0
9414,Microptilotis cinereifrons,0,0,0,0,0,0,0,0,0,0,0,0,0,0,0,0
9415,Montifringilla henrici,0,0,0,0,0,0,0,0,0,0,0,0,0,0,0,0
9416,Rigidipenna inexpectata,0,0,0,1,0,0,0,0,0,0,0,1,0,0,0,0
9417,Curruca curruca,0,0,0,0,0,0,0,0,0,0,0,0,0,0,0,0
9418,Regulus regulus,0,0,0,0,0,0,0,0,0,0,0,0,0,0,0,0
9419,Regulus ignicapilla,0,0,0,0,0,0,0,0,0,0,0,0,0,0,0,0
9420,Emberiza striolata,0,0,0,0,0,0,0,0,0,0,0,0,0,0,0,0
9421,Curruca hortensis,0,0,0,0,0,0,0,0,0,0,0,0,0,0,0,0
9422,Curruca sarda,0,0,0,0,0,0,0,0,0,0,0,0,0,0,0,0
9423,Sheppardia aurantiithorax,0,0,0,2,0,0,0,0,0,0,0,1,0,0,0,0
9424,Micromacronus leytensis,0,0,0,2,0,0,0,0,0,0,0,2,0,0,0,0
9425,Clytorhynchus nigrogularis,0,0,0,0,0,0,0,0,0,1,0,1,0,1,0,0
9426,Locustella seebohmi,0,0,0,0,0,0,0,0,0,0,0,0,0,0,0,0
9427,Certhia familiaris,0,0,0,0,0,0,0,0,0,0,0,0,0,0,0,0
9428,Certhia discolor,0,0,0,0,0,0,0,0,0,0,0,0,0,0,0,0
9429,Garrulax canorus,0,0,0,0,0,0,0,0,0,0,0,0,0,0,0,0
9430,Trochalopteron lineatum,0,0,0,0,0,0,0,0,0,0,0,0,0,0,0,0
9431,Stachyris humei,0,0,0,2,0,0,0,0,0,0,0,1,0,0,0,0
9432,Pterorhinus albogularis,0,0,0,0,0,0,0,0,0,0,0,0,0,0,0,0
9433,Garrulax strepitans,0,0,0,0,0,0,0,0,0,0,0,0,0,0,0,0
9434,Garrulax maesi,0,0,0,0,0,0,0,0,0,0,0,0,0,0,0,0
9435,Pterorhinus poecilorhynchus,0,0,0,0,0,0,0,0,0,0,0,0,0,0,0,0
9436,Garrulax merulinus,0,0,0,0,0,0,0,0,0,0,0,0,0,0,0,0
9437,Trochalopteron erythrocephalum,0,0,0,0,0,0,0,0,0,0,0,0,0,0,0,0
9438,Vireo gilvus,0,0,0,0,0,0,0,0,0,0,0,0,0,0,0,0
9439,Pomatorhinus ruficollis,0,0,0,0,0,0,0,0,0,0,0,0,0,0,0,0
9440,Napothera malacoptila,0,0,0,0,0,0,0,0,0,0,0,0,0,0,0,0
9441,Pnoepyga albiventer,0,0,0,0,0,0,0,0,0,0,0,0,0,0,0,0
9442,Spelaeornis chocolatinus,0,0,0,1,0,0,0,0,1,0,0,1,0,0,0,1
9443,Dasycrotapha plateni,0,0,0,1,0,0,0,0,0,0,0,1,0,0,0,0
9444,Mixornis gularis,0,0,0,0,0,0,0,0,0,0,0,0,0,0,0,0
9445,Cutia nipalensis,0,0,0,0,0,0,0,0,0,0,0,0,0,0,0,0
9446,Gampsorhynchus rufulus,0,0,0,0,0,0,0,0,0,0,0,0,0,0,0,0
9447,Schoeniparus castaneceps,0,0,0,0,0,0,0,0,0,0,0,0,0,0,0,0
9448,Fulvetta cinereiceps,0,0,0,0,0,0,0,0,0,0,0,0,0,0,0,0
9449,Alcippe peracensis,0,0,0,0,0,0,0,0,0,0,0,0,0,0,0,0
9450,Heterophasia melanoleuca,0,0,0,0,0,0,0,0,0,0,0,0,0,0,0,0
9451,Staphida castaniceps,0,0,0,0,0,0,0,0,0,0,0,0,0,0,0,0
9452,Paradoxornis gularis,0,0,0,0,0,0,0,0,0,0,0,0,0,0,0,0
9453,Pteroglossus azara,0,0,0,0,0,0,0,0,0,0,0,0,0,0,0,0
9454,Eudyptes chrysocome,0,2,0,0,0,0,0,0,1,2,0,0,0,0,2,1
9455,Parmoptila rubrifrons,0,0,0,1,0,0,0,0,0,0,0,2,0,0,0,0
9456,Rhynchostruthus socotranus,0,0,0,0,0,0,0,0,0,0,0,0,0,0,0,0
9457,Oenanthe xanthoprymna,0,0,0,0,0,0,0,0,0,0,0,0,0,0,0,0
9458,Buteogallus gundlachii,0,0,0,0,1,0,0,0,0,0,0,1,1,0,1,0
9459,Glaucidium gnoma,0,0,0,0,0,0,0,0,0,0,0,1,0,0,0,0
9460,Myrmelastes saturatus,0,0,0,0,0,0,0,0,0,0,0,0,0,0,0,0
9461,Icterus icterus,0,0,0,0,0,0,0,0,0,0,0,0,0,0,0,0
9462,Icterus croconotus,0,0,0,0,0,0,0,0,0,0,0,0,0,0,0,0
9463,Sporophila murallae,0,0,0,0,0,0,0,0,0,0,0,0,0,0,0,0
9464,Horornis brunnescens,0,0,0,0,0,0,0,0,0,0,0,0,0,0,0,0
9465,Melipotes carolae,0,0,0,0,0,0,0,0,0,0,0,0,0,0,0,0
9466,Cinnyris fuelleborni,0,0,0,0,0,0,0,0,0,0,0,0,0,0,0,0
9467,Nesospiza questi,0,0,0,0,0,0,0,0,0,1,0,0,0,0,0,0
9468,Laticilla cinerascens,0,2,0,2,0,1,0,0,0,0,2,0,1,0,0,0
9469,Pernis steerei,0,0,0,0,0,0,0,0,0,0,0,0,0,0,0,0
9470,Poecile weigoldicus,0,0,0,0,0,0,0,0,0,0,0,0,0,0,0,0
9471,Sitta arctica,0,0,0,0,0,0,0,0,0,0,0,0,0,0,0,0
9472,Poecile hypermelaenus,0,0,0,0,0,0,0,0,0,0,0,0,0,0,0,0
9473,Buteo trizonatus,0,0,0,0,0,0,0,0,0,0,1,0,0,1,0,0
9474,Psilopogon annamensis,0,0,0,0,0,0,0,0,0,0,0,0,0,0,0,0
9475,Sholicola major,0,0,0,2,1,0,0,0,0,0,1,1,1,0,0,0
9476,Sholicola albiventris,0,0,0,1,1,0,0,0,0,0,2,2,1,0,0,0
9477,Sicalis luteola,0,0,0,0,0,0,0,0,0,0,0,0,0,0,0,0
9478,Sturnella magna,0,0,0,1,0,0,0,0,0,0,1,0,0,0,1,0
9479,Eriocnemis isabellae,0,0,0,2,0,0,0,0,0,0,0,0,1,0,0,0
9480,Atlapetes blancae,0,0,0,0,0,0,0,0,0,0,0,0,0,0,0,0
9481,Cnipodectes superrufus,0,0,0,0,0,0,0,0,0,0,0,0,1,0,0,0
9482,Hypocnemis cantator,0,0,0,1,0,0,0,0,0,0,1,0,0,0,0,0
9483,Hypocnemis flavescens,0,0,0,0,0,0,0,0,0,0,0,0,0,0,0,0
9484,Hypocnemis peruviana,0,0,0,0,0,0,0,0,0,0,0,0,0,0,0,0
9485,Hypocnemis subflava,0,0,0,0,0,0,0,0,0,0,0,0,0,0,0,0
9486,Hypocnemis ochrogyna,0,0,0,2,0,0,0,0,0,0,2,0,1,0,0,0
9487,Hypocnemis striata,0,0,0,2,0,0,0,0,0,0,2,2,0,0,0,0
9488,Pomatorhinus horsfieldii,0,0,0,0,0,0,0,0,0,0,0,0,0,0,0,0
9489,Buteogallus anthracinus,0,0,0,0,0,0,0,0,0,0,0,0,0,0,0,0
9490,Geranoaetus polyosoma,0,0,0,0,0,0,0,0,0,0,0,0,0,0,0,0
9491,Zimmerius gracilipes,0,0,0,0,0,0,0,0,0,0,0,0,0,0,0,0
9492,Zimmerius acer,0,0,0,0,0,0,0,0,0,0,0,0,0,0,0,0
9493,Laniarius nigerrimus,0,0,0,0,0,0,0,0,0,0,0,0,0,0,0,0
9494,Laniarius sublacteus,0,0,0,0,0,0,0,0,0,0,0,0,0,0,0,0
9495,Aratinga maculata,0,0,0,0,0,0,0,0,0,0,0,0,0,0,0,0
9496,Anas andium,0,0,0,0,0,0,0,0,0,0,0,0,0,0,0,0
9497,Zosterops gibbsi,0,0,0,0,0,0,0,0,0,1,0,0,0,0,0,0
9498,Fulvetta ruficapilla,0,0,0,0,0,0,0,0,0,0,0,0,0,0,0,0
9499,Erythrogenys erythrocnemis,0,0,0,0,0,0,0,0,0,0,0,0,0,0,0,0
9500,Acrocephalus longirostris,0,0,0,0,0,0,0,0,0,0,0,0,0,0,0,0
9501,Acrocephalus musae,0,0,0,0,0,0,0,0,0,1,0,0,0,0,0,0
9502,Curruca subalpina,0,0,0,0,0,0,0,0,0,0,0,0,0,0,0,0
9503,Passer hemileucus,0,1,0,0,0,0,0,0,2,0,0,0,0,0,0,0
9504,Paradoxornis bakeri,0,0,0,0,0,0,0,0,0,0,0,0,0,0,0,0
9505,Charadrius dealbatus,0,0,0,0,0,0,0,0,0,0,0,0,0,0,0,0
9506,Hydrobates monteiroi,0,0,0,0,0,0,0,0,1,2,0,0,1,0,1,0
9507,Phylloscopus xanthodryas,0,0,0,0,0,0,0,0,0,0,0,0,0,0,0,0
9508,Locustella kashmirensis,0,0,0,0,0,0,0,0,0,0,0,0,0,0,0,0
9509,Stachyris nonggangensis,0,0,0,1,0,0,0,0,0,0,0,0,0,0,0,0
9510,Stiphrornis pyrrholaemus,0,0,0,0,0,0,0,0,0,0,0,1,1,0,0,0
9511,Calendulauda gilletti,0,0,0,0,0,0,0,0,0,0,0,0,0,0,0,0
9512,Amytornis ballarae,0,0,0,0,0,2,0,0,0,0,0,0,0,0,0,0
9513,Amytornis purnelli,0,0,0,0,0,0,0,0,0,0,0,0,0,0,0,0
9514,Robsonius sorsogonensis,0,0,0,2,0,0,0,0,0,0,0,2,0,0,0,0
9515,Poecilodryas cerviniventris,0,0,0,0,0,0,0,0,0,0,0,0,0,0,0,0
9516,Poecilodryas superciliosa,0,0,0,0,0,0,0,0,0,0,0,0,0,0,0,0
9517,Microptilotis fordianus,0,0,0,0,0,0,0,0,0,0,0,0,0,0,0,0
9518,Rostratula australis,0,2,0,2,2,0,0,0,0,1,1,0,0,0,0,0
9519,Ixobrychus dubius,0,0,0,0,0,0,0,0,0,0,0,0,0,0,0,0
9520,Rhipidura albiscapa,0,0,0,0,0,0,0,0,0,0,0,0,0,0,0,0
9521,Petroica boodang,0,0,0,0,0,0,0,0,0,0,0,0,0,0,0,0
9522,Rhipidura dryas,0,0,0,0,0,0,0,0,0,0,0,0,0,0,0,0
9523,Rhipidura fuliginosa,0,0,0,0,0,0,0,0,0,0,0,0,0,0,0,0
9524,Ixobrychus minutus,0,0,0,0,0,0,0,0,0,0,0,0,0,0,0,0
9525,Microptilotis albilineatus,0,0,0,0,0,0,0,0,0,0,0,0,0,0,0,0
9526,Zimmerius albigularis,0,0,0,0,0,0,0,0,0,0,0,0,0,0,0,0
9527,Zimmerius chrysops,0,0,0,0,0,0,0,0,0,0,0,0,0,0,0,0
9528,Rostratula benghalensis,0,0,0,0,0,0,0,0,0,0,0,0,0,0,0,0
9529,Erythropitta granatina,0,0,0,2,0,0,0,0,0,0,0,2,0,2,0,0
9530,Nok hualon,0,0,0,0,0,0,0,0,1,0,1,0,1,0,0,0
9531,Laticilla burnesii,0,2,0,2,0,0,0,0,0,0,2,0,1,0,0,0
9532,Cursorius cursor,0,0,0,0,0,0,0,0,0,0,0,0,0,0,0,0
9533,Certhilauda curvirostris,0,0,0,0,0,0,0,0,0,0,0,0,0,0,0,0
9534,Certhilauda subcoronata,0,0,0,0,0,0,0,0,0,0,0,0,0,0,0,0
9535,Horornis acanthizoides,0,0,0,0,0,0,0,0,0,0,0,0,0,0,0,0
9536,Corvus albus,0,0,0,0,0,0,0,0,0,0,0,0,0,0,0,0
9537,Cyornis magnirostris,0,0,0,1,0,0,0,0,0,0,0,0,0,1,0,0
9538,Ficedula parva,0,0,0,0,0,0,0,0,0,0,0,0,0,0,0,0
9539,Formicivora grantsaui,0,0,0,0,0,0,0,0,0,0,0,0,1,0,0,0
9540,Larus cachinnans,0,0,0,0,0,0,0,0,1,0,0,0,0,0,1,0
9541,Nesospiza acunhae,0,0,0,0,0,0,0,0,0,2,0,0,0,0,0,0
9542,Nesospiza wilkinsi,0,3,0,0,0,0,0,0,0,3,0,0,0,0,0,0
9543,Ortygospiza atricollis,0,0,0,0,0,0,0,0,0,0,0,0,0,0,0,0
9544,Otus rutilus,0,0,0,0,0,0,0,0,0,0,0,0,0,0,0,0
9545,Periparus ater,0,0,0,0,0,0,0,0,0,0,0,0,0,0,0,0
9546,Cyanistes cyanus,0,0,0,0,0,0,0,0,0,0,0,0,0,0,0,0
9547,Parus major,0,0,0,0,0,0,0,0,0,0,0,0,0,0,0,0
9548,Poecile palustris,0,0,0,0,0,0,0,0,0,0,0,0,0,0,0,0
9549,Passer insularis,0,0,0,0,0,0,0,0,0,0,0,0,0,0,0,0
9550,Passer motitensis,0,0,0,0,0,0,0,0,0,0,0,0,0,0,0,0
9551,Passer shelleyi,0,0,0,0,0,0,0,0,0,0,0,0,0,0,0,0
9552,Passer cordofanicus,0,0,0,0,0,0,0,0,0,0,0,0,0,0,0,0
9553,Passer simplex,0,0,0,0,0,0,0,0,0,0,0,0,0,0,0,0
9554,Passer zarudnyi,0,0,0,0,0,0,0,0,0,0,0,0,0,0,0,0
9555,Anas zonorhyncha,0,0,0,0,0,0,0,0,0,0,0,0,0,0,0,0
9556,Dendrocitta cinerascens,0,0,0,0,0,0,0,0,0,0,0,0,0,0,0,0
9557,Riparia diluta,0,0,0,0,0,0,0,0,0,0,0,0,0,0,0,0
9558,Aegithalos bonvaloti,0,0,0,0,0,0,0,0,0,0,0,0,0,0,0,0
9559,Dicrurus menagei,0,0,0,2,0,0,0,0,0,0,2,2,0,0,0,0
9560,Dyaphorophyia hormophora,0,0,0,0,0,0,0,0,0,0,0,0,0,0,0,0
9561,Sericulus ardens,0,0,0,0,0,0,0,0,0,0,0,0,0,0,0,0
9562,Surniculus dicruroides,0,0,0,0,0,0,0,0,0,0,0,0,0,0,0,0
9563,Surniculus musschenbroeki,0,0,0,0,0,0,0,0,0,0,0,0,0,0,0,0
9564,Surniculus velutinus,0,0,0,0,0,0,0,0,0,0,0,0,0,0,0,0
9565,Turdus atrogularis,0,0,0,0,0,0,0,0,0,0,0,0,0,0,0,0
9566,Turdus eunomus,0,0,0,0,0,0,0,0,0,0,0,0,0,0,0,0
9567,Tarsiger rufilatus,0,0,0,0,0,0,0,0,0,0,0,0,0,0,0,0
9568,Phyllomyias weedeni,0,0,0,2,0,0,0,0,0,0,0,0,0,0,0,0
9569,Podargus ocellatus,0,0,0,0,0,0,0,0,0,0,0,0,0,0,0,0
9570,Pterodroma deserta,0,2,0,0,0,0,0,0,1,1,0,0,0,0,0,0
9571,Myrmelastes leucostigma,0,0,0,0,0,0,0,0,0,0,0,0,0,0,0,0
9572,Myrmelastes humaythae,0,0,0,0,0,0,0,0,0,0,0,0,0,0,0,0
9573,Myrmelastes brunneiceps,0,0,0,0,0,0,0,0,0,0,0,0,0,0,0,0
9574,Myrmelastes rufifacies,0,0,0,0,0,0,0,0,0,0,0,0,0,0,0,0
9575,Sula dactylatra,0,0,0,0,0,0,0,0,1,1,0,0,0,0,0,1
9576,Vidua funerea,0,0,0,0,0,0,0,0,0,0,0,0,0,0,0,0
9577,Zosterops somadikartai,0,0,0,2,0,0,0,0,0,0,0,2,1,0,0,0
9578,Scytalopus diamantinensis,0,0,0,2,0,2,0,0,0,0,0,2,2,0,0,0
9579,Polyplectron bicalcaratum,0,0,0,0,0,0,0,0,0,0,0,0,0,0,0,0
9580,Cinclodes fuscus,0,0,0,0,0,0,0,0,0,0,0,0,0,0,0,0
9581,Cinclodes albiventris,0,0,0,0,0,0,0,0,0,0,0,0,0,0,0,0
9582,Cinclodes albidiventris,0,0,0,0,0,0,0,0,0,0,0,0,0,0,0,0
9583,Automolus lammi,0,0,0,2,0,0,0,0,0,0,0,1,0,0,0,0
9584,Trogon viridis,0,0,0,0,0,0,0,0,0,0,0,0,0,0,0,0
9585,Trogon chionurus,0,0,0,0,0,0,0,0,0,0,0,0,0,0,0,0
9586,Trogon melanurus,0,0,0,0,0,0,0,0,0,0,0,0,0,0,0,0
9587,Trogon mesurus,0,0,0,0,0,0,0,0,0,0,0,0,0,0,0,0
9588,Microspingus lateralis,0,0,0,0,0,0,0,0,0,0,0,0,0,0,0,0
9589,Microspingus cabanisi,0,0,0,0,0,0,0,0,0,0,0,0,0,0,0,0
9590,Scytalopus meridanus,0,0,0,0,0,0,0,0,0,0,0,0,0,0,0,0
9591,Upucerthia dumetaria,0,0,0,0,0,0,0,0,0,0,0,0,0,0,0,0
9592,Upucerthia saturatior,0,0,0,0,0,0,0,0,0,0,0,0,0,0,0,0
9593,Clibanornis rufipectus,0,0,0,2,0,1,0,0,0,0,2,0,1,0,0,0
9594,Synallaxis beverlyae,0,0,0,1,0,0,0,0,0,0,0,0,0,0,0,1
9595,Serinus canicollis,0,0,0,0,0,0,0,0,0,0,0,0,0,0,0,0
9596,Anas flavirostris,0,0,0,0,0,0,0,0,0,0,0,0,0,0,0,0
9597,Clibanornis rubiginosus,0,0,0,0,0,0,0,0,0,0,0,0,0,0,0,0
9598,Scytalopus petrophilus,0,0,0,0,0,0,0,0,0,0,0,0,0,0,0,0
9599,Grallaria fenwickorum,0,0,0,2,0,2,0,0,2,0,2,2,2,0,0,0
9600,Paroaria gularis,0,0,0,0,0,0,0,0,0,0,0,0,0,0,0,0
9601,Paroaria nigrogenis,0,0,0,0,0,0,0,0,0,0,0,0,0,0,0,0
9602,Icterus dominicensis,0,0,0,0,0,0,0,0,0,0,0,0,0,0,0,0
9603,Icterus northropi,0,1,0,2,0,2,0,0,0,2,0,0,0,0,0,0
9604,Icterus melanopsis,0,0,0,0,0,0,0,0,0,0,0,0,0,0,0,0
9605,Icterus portoricensis,0,0,0,0,0,0,0,0,0,0,0,0,0,0,0,0
9606,Antrostomus vociferus,0,0,0,1,0,0,0,0,0,0,1,0,1,0,0,0
9607,Antrostomus arizonae,0,0,0,0,0,0,0,0,0,0,0,0,0,0,0,0
9608,Turdus olivaceofuscus,0,0,0,1,0,0,0,0,0,2,0,1,1,0,0,0
9609,Turdus xanthorhynchus,0,0,0,1,0,0,0,0,0,2,0,1,0,0,0,0
9610,Chasiempis ibidis,0,0,0,1,0,1,0,0,0,2,0,0,1,0,0,0
9611,Chasiempis sclateri,0,2,0,1,0,0,0,0,0,2,0,1,1,0,0,0
9612,Chasiempis sandwichensis,0,1,0,1,0,1,0,0,0,2,1,1,1,0,0,0
9613,Grallaricula cumanensis,0,0,0,1,0,0,0,0,0,0,0,0,0,0,0,0
9614,Phaethornis aethopygus,0,0,0,0,0,0,0,0,0,0,2,2,2,0,0,0
9615,Scytalopus canus,0,1,0,0,0,1,0,0,0,0,1,1,0,0,0,0
9616,Scytalopus opacus,0,0,0,0,0,0,0,0,0,0,0,0,0,0,0,0
9617,Pseudocolopteryx flaviventris,0,0,0,0,0,0,0,0,0,0,0,0,0,0,0,0
9618,Pseudocolopteryx citreola,0,0,0,0,0,0,0,0,0,0,0,0,0,0,0,0
9619,Psittacus timneh,0,0,0,1,0,0,0,0,2,0,0,2,1,0,0,0
9620,Merops muelleri,0,0,0,0,0,0,0,0,0,0,0,0,0,0,0,0
9621,Merops mentalis,0,0,0,2,0,0,0,0,0,0,2,2,1,0,0,0
9622,Hydrornis guajanus,0,0,0,0,0,0,0,0,0,0,0,0,0,0,0,0
9623,Hydrornis irena,0,0,0,2,0,0,0,0,2,0,0,2,0,0,0,0
9624,Hydrornis schwaneri,0,0,0,0,0,0,0,0,0,0,0,0,0,0,0,0
9625,Serpophaga griseicapilla,0,0,0,0,0,0,0,0,0,0,0,0,0,0,0,0
9626,Anas poecilorhyncha,0,0,0,0,0,0,0,0,0,0,0,0,0,0,0,0
9627,Phaethornis longuemareus,0,0,0,0,0,0,0,0,0,0,0,0,0,0,0,0
9628,Buteo rufinus,0,0,0,2,0,1,0,0,1,0,1,1,1,1,1,1
9629,Aulacorhynchus albivitta,0,0,0,0,0,0,0,0,0,0,0,0,0,0,0,0
9630,Goura scheepmakeri,0,0,0,2,0,0,0,0,2,0,0,2,0,0,0,0
9631,Goura sclaterii,0,0,0,1,0,0,0,0,1,0,0,1,1,1,0,0
9632,Nisaetus philippensis,0,0,0,2,0,0,0,0,2,0,1,2,0,2,0,0
9633,Struthio camelus,0,0,0,0,0,0,0,0,0,0,0,0,0,0,0,0
9634,Pterodroma macroptera,0,0,0,0,0,0,0,0,0,1,0,0,0,0,0,0
9635,Pterodroma gouldi,0,0,0,0,0,0,0,0,1,1,0,0,0,0,0,0
9636,Calonectris diomedea,0,0,0,0,0,0,2,0,0,2,0,0,0,0,1,0
9637,Pauxi unicornis,0,1,0,2,0,0,0,0,3,0,0,1,2,0,0,0
9638,Pauxi koepckeae,0,0,0,2,0,0,0,0,2,0,1,1,2,0,0,0
9639,Crax fasciolata,0,0,0,2,0,0,0,0,2,0,2,1,1,0,0,0
9640,Crax pinima,0,0,0,2,0,0,0,0,2,0,2,0,0,0,0,0
9641,Colinus cristatus,0,0,0,0,0,0,0,0,0,0,0,0,0,0,0,0
9642,Colinus leucopogon,0,0,0,0,0,0,0,0,0,0,0,0,0,0,0,0
9643,Phasianus colchicus,0,0,0,0,0,0,0,0,0,0,0,0,0,0,0,0
9644,Burhinus oedicnemus,0,0,0,0,0,0,0,0,0,0,0,0,0,0,0,0
9645,Burhinus indicus,0,0,0,0,0,0,0,0,0,0,0,0,0,0,0,0
9646,Apteryx mantelli,0,0,0,0,0,0,0,0,0,2,1,0,0,0,0,0
9647,Puffinus bryani,0,0,0,0,0,0,0,0,0,2,0,0,0,0,0,0
9648,Oceanites pincoyae,0,0,0,0,0,0,0,0,0,0,0,0,0,0,0,0
9649,Falco peregrinus,0,0,0,0,0,1,0,0,1,0,1,1,1,0,1,1
9650,Lophura edwardsi,0,0,1,2,0,0,0,0,2,0,0,2,0,0,0,0
9651,Lophura inornata,0,0,0,1,0,0,0,0,1,0,0,0,0,0,0,0
9652,Ceyx fallax,0,0,0,1,0,0,0,0,0,0,0,1,0,1,0,0
9653,Ceyx sangirensis,0,0,0,2,0,0,0,0,0,0,0,2,0,2,0,0
9654,Malacoptila striata,0,0,0,2,0,0,0,0,0,0,2,2,2,0,0,0
9655,Malacoptila minor,0,0,0,2,0,0,0,0,0,0,2,2,2,0,0,0
9656,Capito fitzpatricki,0,1,0,0,0,0,0,0,0,0,0,0,0,0,0,0
9657,Psilopogon oorti,0,0,0,0,0,0,0,0,0,0,0,0,0,0,0,0
9658,Otus tempestatis,0,0,0,0,0,0,0,0,0,0,0,0,0,0,0,0
9659,Systellura roraimae,0,0,0,0,0,0,0,0,0,0,0,0,0,0,0,0
9660,Eupsittula nana,0,1,0,0,0,0,0,0,1,1,0,0,1,0,0,0
9661,Eupsittula astec,0,0,0,0,0,0,0,0,0,0,0,0,0,0,0,0
9662,Geoffroyus heteroclitus,0,0,0,0,0,0,0,0,0,0,0,0,0,0,0,0
9663,Geoffroyus hyacinthinus,0,0,0,0,0,0,0,0,0,0,0,0,0,0,0,0
9664,Psittacella picta,0,0,0,0,0,0,0,0,0,0,0,0,0,0,0,0
9665,Psittacella lorentzi,0,0,0,0,0,0,0,0,0,0,0,0,0,0,0,0
9666,Cyclopsitta nigrifrons,0,0,0,0,0,0,0,0,0,0,0,0,0,0,0,0
9667,Pyrrhura leucotis,0,0,0,2,0,0,0,0,1,0,0,2,0,0,0,0
9668,Pyrrhura emma,0,0,0,1,0,0,0,0,1,0,0,1,0,0,0,0
9669,Pyrrhura picta,0,0,0,0,0,0,0,0,0,0,0,0,0,0,0,0
9670,Pyrrhura amazonum,0,0,0,2,0,0,0,0,0,0,2,1,0,0,0,0
9671,Pyrrhura lucianii,0,0,0,0,0,0,0,0,0,0,0,0,0,0,0,0
9672,Pyrrhura roseifrons,0,0,0,0,0,0,0,0,0,0,0,0,0,0,0,0
9673,Pyrrhura parvifrons,0,0,0,0,0,0,0,0,0,0,0,0,0,0,0,0
9674,Pyrrhura peruviana,0,0,0,0,0,0,0,0,0,0,0,0,0,0,0,0
9675,Pyrrhura snethlageae,0,0,0,1,0,1,0,0,0,0,1,0,0,0,0,0
9676,Pyrrhura subandina,0,0,0,0,0,0,0,0,0,0,0,0,0,0,0,0
9677,Pyrrhura caeruleiceps,0,0,0,2,0,0,0,0,2,0,2,0,0,0,0,0
9678,Pyrrhura eisenmanni,0,0,0,1,0,0,0,0,0,0,1,1,0,0,0,0
9679,Pyrrhura pacifica,0,0,0,0,0,0,0,0,0,0,0,0,0,0,0,0
9680,Myiopsitta monachus,0,0,0,0,0,0,0,0,0,0,0,0,0,0,0,0
9681,Myiopsitta luchsi,0,0,0,0,0,0,0,0,2,0,0,0,0,0,0,0
9682,Forpus xanthopterygius,0,0,0,0,0,0,0,0,0,0,0,0,0,0,0,0
9683,Forpus spengeli,0,0,0,0,0,0,0,0,0,0,0,0,0,0,0,0
9684,Pionus menstruus,0,0,0,0,0,0,0,0,0,0,0,0,0,0,0,0
9685,Pionus reichenowi,0,0,0,2,0,0,0,0,0,0,1,1,1,1,0,0
9686,Amazona farinosa,0,0,0,1,0,0,0,0,2,0,1,1,1,0,0,0
9687,Amazona guatemalae,0,0,0,2,0,0,0,0,2,0,2,1,0,0,0,0
9688,Treron calvus,0,0,0,0,0,0,0,0,0,0,0,0,0,0,0,0
9689,Treron delalandii,0,0,0,0,0,0,0,0,0,0,0,0,0,0,0,0
9690,Ducula perspicillata,0,0,0,0,0,0,0,0,0,0,0,0,0,0,0,0
9691,Ducula neglecta,0,0,0,0,0,0,0,0,0,0,0,0,0,0,0,0
9692,Gymnophaps mada,0,0,0,0,0,0,0,0,0,0,0,0,0,0,0,0
9693,Gymnophaps stalkeri,0,0,0,0,0,0,0,0,0,0,0,0,0,0,0,0
9694,Ninox jacquinoti,0,0,0,0,0,0,0,0,0,0,0,0,0,0,0,0
9695,Ninox granti,0,0,0,1,0,0,0,0,0,0,0,1,0,0,0,0
9696,Ninox malaitae,0,0,0,1,0,0,0,0,0,0,0,1,0,0,0,0
9697,Ninox roseoaxillaris,0,0,0,1,0,0,0,0,0,0,0,1,0,0,0,0
9698,Heliodoxa schreibersii,0,0,0,0,0,0,0,0,0,0,0,0,0,0,0,0
9699,Heliodoxa whitelyana,0,0,0,0,0,0,0,0,0,0,0,0,0,0,0,0
9700,Psophia dextralis,0,0,0,2,0,0,0,0,2,0,2,0,0,0,0,0
9701,Psophia obscura,0,0,0,2,0,0,0,0,2,0,2,1,0,0,0,0
9702,Psophia viridis,0,0,0,2,0,0,0,0,1,0,2,0,0,0,0,0
9703,Psophia crepitans,0,0,0,2,0,2,0,0,2,0,2,2,0,0,0,0
9704,Psophia ochroptera,0,0,0,0,0,0,0,0,0,0,0,0,0,0,0,0
9705,Guttera verreauxi,0,0,0,0,0,0,0,0,0,0,0,0,0,0,0,0
9706,Sarkidiornis melanotos,0,0,0,0,1,0,0,0,1,1,0,1,0,0,1,0
9707,Puffinus assimilis,0,0,0,0,0,0,0,0,1,2,0,0,0,0,0,0
9708,Puffinus lherminieri,0,0,0,0,0,0,0,0,0,2,0,0,0,0,0,0
9709,Puffinus elegans,0,0,0,0,0,0,0,0,1,2,0,0,0,0,0,0
9710,Pampusana beccarii,0,0,0,0,0,0,0,0,0,0,0,0,0,0,0,0
9711,Pampusana johannae,0,0,0,0,0,0,0,0,0,0,0,0,0,0,0,0
9712,Spilopelia chinensis,0,0,0,0,0,0,0,0,0,0,0,0,0,0,0,0
9713,Spilopelia suratensis,0,0,0,0,0,0,0,0,0,0,0,0,0,0,0,0
9714,Phapitreron amethystinus,0,0,0,0,0,0,0,0,0,0,0,0,0,0,0,0
9715,Phapitreron frontalis,0,0,0,1,0,0,0,0,0,0,0,1,1,0,0,0
9716,Phapitreron maculipectus,0,0,0,2,0,0,0,0,0,0,1,2,0,0,0,0
9717,Ptilinopus purpuratus,0,0,0,0,0,0,0,0,0,0,0,0,0,0,0,0
9718,Ptilinopus chrysogaster,0,0,0,0,0,0,0,0,0,0,0,0,0,0,0,0
9719,Aerodramus brevirostris,0,0,0,0,0,0,0,0,0,0,0,0,0,0,0,0
9720,Aerodramus vanikorensis,0,0,0,0,0,0,0,0,0,0,0,0,0,0,0,0
9721,Aerodramus leucophaeus,0,0,0,0,0,0,0,0,0,0,0,0,0,0,0,0
9722,Aerodramus fuciphagus,0,0,0,0,0,0,0,0,0,0,0,0,0,0,0,0
9723,Heliangelus clarisse,0,0,0,0,0,0,0,0,0,0,0,0,0,0,0,0
9724,Heliangelus amethysticollis,0,0,0,0,0,0,0,0,0,0,0,0,0,0,0,0
9725,Heliangelus spencei,0,0,0,1,0,0,0,0,0,0,0,0,0,0,0,0
9726,Oreotrochilus estella,0,0,0,0,0,0,0,0,0,0,0,0,0,0,0,0
9727,Oreotrochilus stolzmanni,0,0,0,0,0,0,0,0,0,0,0,0,0,0,0,0
9728,Eriocnemis luciani,0,0,0,0,0,0,0,0,0,0,0,0,0,0,0,0
9729,Eriocnemis sapphiropygia,0,0,0,0,0,0,0,0,0,0,0,0,0,0,0,0
9730,Coeligena bonapartei,0,0,0,0,0,0,0,0,0,0,0,0,0,0,0,0
9731,Coeligena eos,0,0,0,0,0,0,0,0,0,0,0,0,0,0,0,0
9732,Coeligena consita,0,0,0,2,0,1,0,0,0,0,2,0,2,0,0,0
9733,Leucolia viridifrons,0,0,0,0,0,0,0,0,0,0,0,0,0,0,0,0
9734,Leucolia wagneri,0,0,0,0,0,0,0,0,0,0,0,0,0,0,0,0
9735,Saucerottia viridigaster,0,0,0,0,0,0,0,0,0,0,0,0,0,0,0,0
9736,Saucerottia cupreicauda,0,0,0,0,0,0,0,0,0,0,0,0,0,0,0,0
9737,Canachites canadensis,0,0,0,0,0,0,0,0,0,0,0,0,0,0,0,0
9738,Canachites franklinii,0,0,0,0,0,0,0,0,0,0,0,0,0,0,0,0
9739,Piaya cayana,0,0,0,0,0,0,0,0,0,0,0,0,0,0,0,0
9740,Piaya mexicana,0,0,0,0,0,0,0,0,0,0,0,0,0,0,0,0
9741,Eudynamys orientalis,0,0,0,0,0,0,0,0,0,0,0,0,0,0,0,0
9742,Chalcites minutillus,0,0,0,0,0,0,0,0,0,0,0,0,0,0,0,0
9743,Cacomantis variolosus,0,0,0,0,0,0,0,0,0,0,0,0,0,0,0,0
9744,Psilopogon asiaticus,0,0,0,0,0,0,0,0,0,0,0,0,0,0,0,0
9745,Psilopogon chersonesus,0,0,0,0,0,0,0,0,0,0,0,0,0,0,0,0
9746,Picumnus exilis,0,0,0,0,0,0,0,0,0,0,0,0,0,0,0,0
9747,Picumnus nigropunctatus,0,0,0,0,0,0,0,0,0,0,0,0,0,0,0,0
9748,Dinopium benghalense,0,0,0,0,0,0,0,0,0,0,0,0,0,0,0,0
9749,Dinopium psarodes,0,0,0,0,0,0,0,0,0,0,0,0,0,0,0,0
9750,Colaptes rubiginosus,0,0,0,0,0,0,0,0,0,0,0,0,0,0,0,0
9751,Colaptes aeruginosus,0,0,0,0,0,0,0,0,0,0,0,0,0,0,0,0
9752,Celeus flavescens,0,0,0,0,0,0,0,0,0,0,0,0,0,0,0,0
9753,Celeus ochraceus,0,0,0,0,0,0,0,0,0,0,0,0,0,0,0,0
9754,Dryobates cathpharius,0,0,0,0,0,0,0,0,0,0,0,0,0,0,0,0
9755,Dryobates pernyii,0,0,0,0,0,0,0,0,0,0,0,0,0,0,0,0
9756,Aulacorhynchus sulcatus,0,0,0,0,0,0,0,0,0,0,0,0,0,0,0,0
9757,Lophoceros fasciatus,0,0,0,0,0,0,0,0,0,0,0,0,0,0,0,0
9758,Lophoceros semifasciatus,0,0,0,0,0,0,0,0,0,0,0,0,0,0,0,0
9759,Penelopides affinis,0,0,0,0,0,0,0,0,0,0,0,0,0,0,0,0
9760,Merops variegatus,0,0,0,0,0,0,0,0,0,0,0,0,0,0,0,0
9761,Merops lafresnayii,0,0,0,0,0,0,0,0,0,0,0,0,0,0,0,0
9762,Momotus coeruliceps,0,0,0,0,0,0,0,0,0,0,0,0,0,0,0,0
9763,Momotus momota,0,0,0,0,0,0,0,0,0,0,0,0,0,0,0,0
9764,Momotus lessonii,0,0,0,0,0,0,0,0,0,0,0,0,0,0,0,0
9765,Momotus subrufescens,0,0,0,0,0,0,0,0,0,0,0,0,0,0,0,0
9766,Momotus bahamensis,0,0,0,0,0,0,0,0,0,0,0,0,0,0,0,0
9767,Corythornis cristatus,0,0,0,0,0,0,0,0,0,0,0,0,0,0,0,0
9768,Ceyx melanurus,0,0,0,0,0,0,0,0,0,0,0,2,1,1,0,0
9769,Ceyx mindanensis,0,0,0,0,0,0,0,0,0,0,0,2,1,1,0,0
9770,Ceyx wallacii,0,0,0,1,0,0,0,0,0,0,0,2,0,1,0,0
9771,Trogon violaceus,0,0,0,0,0,0,0,0,0,0,0,0,0,0,0,0
9772,Trogon surrucura,0,0,0,0,0,0,0,0,0,0,0,0,0,0,0,0
9773,Trogon aurantius,0,0,0,0,0,0,0,0,0,0,0,0,0,0,0,0
9774,Trogon collaris,0,0,0,0,0,0,0,0,0,0,0,0,0,0,0,0
9775,Buteo buteo,0,0,0,1,0,0,0,0,2,0,0,0,1,0,1,0
9776,Circus spilonotus,0,0,0,1,1,0,0,0,0,0,0,1,1,0,1,0
9777,Circus spilothorax,0,0,0,0,0,0,0,0,0,0,0,0,0,0,0,0
9778,Bubo cinerascens,0,0,0,0,0,0,0,0,0,0,0,0,0,0,0,0
9779,Bubo virginianus,0,0,0,0,0,0,0,0,0,0,0,0,0,0,0,0
9780,Bubo magellanicus,0,0,0,0,0,0,0,0,0,0,0,0,0,0,0,0
9781,Megascops guatemalae,0,0,0,0,0,0,0,0,0,0,0,0,0,0,0,0
9782,Megascops vermiculatus,0,0,0,0,0,0,0,0,0,0,0,0,0,0,0,0
9783,Ptilopsis leucotis,0,0,0,0,0,0,0,0,0,0,0,0,0,0,0,0
9784,Ptilopsis granti,0,0,0,0,0,0,0,0,0,0,0,0,0,0,0,0
9785,Otus jolandae,0,0,0,1,0,0,0,0,0,0,0,1,1,1,0,0
9786,Automolus leucophthalmus,0,0,0,0,0,0,0,0,0,0,0,0,0,0,0,0
9787,Otus bakkamoena,0,0,0,0,0,0,0,0,0,0,0,0,0,0,0,0
9788,Otus lettia,0,0,0,0,0,0,0,0,0,0,0,0,0,0,0,0
9789,Otus lempiji,0,0,0,0,0,0,0,0,0,0,0,0,0,0,0,0
9790,Otus semitorques,0,0,0,0,0,0,0,0,0,0,0,0,0,0,0,0
9791,Otus senegalensis,0,0,0,0,0,0,0,0,0,0,0,0,0,0,0,0
9792,Otus feae,0,0,0,1,0,0,0,0,0,0,0,0,1,0,0,0
9793,Otus pamelae,0,0,0,0,0,0,0,0,0,0,0,0,0,0,0,0
9794,Otus socotranus,0,0,0,0,0,0,0,0,0,0,0,0,0,0,0,0
9795,Diopsittaca nobilis,0,0,0,0,0,0,0,0,0,0,0,0,0,0,0,0
9796,Diopsittaca cumanensis,0,0,0,0,0,0,0,0,0,0,0,0,0,0,0,0
9797,Notharchus tectus,0,0,0,0,0,0,0,0,0,0,0,0,0,0,0,0
9798,Notharchus subtectus,0,0,0,0,0,0,0,0,0,0,0,0,0,0,0,0
9799,Hypnelus ruficollis,0,0,0,0,0,0,0,0,0,0,0,0,0,0,0,0
9800,Hypnelus bicinctus,0,0,0,0,0,0,0,0,0,0,0,0,0,0,0,0
9801,Haematopus ater,0,0,0,0,0,0,0,0,0,0,0,0,0,0,0,0
9802,Larus novaehollandiae,0,0,0,0,0,0,0,0,0,2,0,0,0,0,0,0
9803,Ninox leucopsis,0,0,0,0,0,0,0,0,0,0,0,0,0,0,0,0
9804,Ninox novaeseelandiae,0,0,0,0,0,0,0,0,0,0,0,0,0,0,0,0
9805,Gelochelidon nilotica,0,0,0,0,0,0,0,0,0,0,0,0,0,0,0,1
9806,Gelochelidon macrotarsa,0,0,0,0,0,0,0,0,0,0,0,0,0,0,0,0
9807,Larus smithsonianus,0,0,0,0,0,0,1,0,1,0,0,0,1,0,0,0
9808,Larus argentatus,0,1,0,0,0,0,1,0,1,1,0,0,1,0,0,0
9809,Larus michahellis,0,0,0,0,0,0,0,0,1,0,0,0,0,0,0,0
9810,Chrysophlegma humii,0,0,0,2,0,0,2,0,0,0,0,2,0,0,0,0
9811,Chrysophlegma mentale,0,0,0,1,0,0,0,0,0,0,0,1,0,0,0,0
9812,Synthliboramphus hypoleucus,0,1,0,0,0,0,1,0,0,2,0,0,0,0,1,0
9813,Synthliboramphus scrippsi,0,1,0,0,0,0,1,0,0,2,0,0,0,0,1,1
9814,Podiceps occipitalis,0,0,0,0,0,0,0,0,0,0,0,0,0,0,0,0
9815,Podiceps juninensis,0,0,0,0,2,0,0,0,0,1,0,0,0,0,1,0
9816,Gallinula chloropus,0,0,0,0,0,0,0,0,0,0,0,0,0,0,0,0
9817,Gallinula galeata,0,0,0,0,0,0,0,0,0,0,0,0,0,0,0,0
9818,Neomorphus geoffroyi,0,0,0,2,0,0,0,0,1,0,2,2,1,0,0,0
9819,Rallus longirostris,0,0,0,0,0,0,0,0,0,0,0,0,0,0,0,0
9820,Rallus elegans,0,1,0,0,1,0,0,0,1,1,0,0,1,0,1,0
9821,Rallus crepitans,0,0,0,0,0,0,0,0,0,0,0,0,0,0,0,0
9822,Fulica americana,0,0,0,0,0,0,0,0,0,0,0,0,0,0,0,0
9823,Coenocorypha barrierensis,0,0,0,0,0,0,0,0,0,0,0,0,0,0,0,0
9824,Pionites leucogaster,0,0,0,2,0,0,0,0,1,0,2,0,0,0,0,0
9825,Pionites xanthomerius,0,0,0,2,0,0,0,0,0,0,2,0,0,0,0,0
9826,Pionites xanthurus,0,0,0,1,0,0,0,0,0,0,1,1,0,0,0,0
9827,Bermuteo avivorus,0,0,0,0,0,0,0,0,0,0,0,0,0,0,0,0
9828,Aegolius gradyi,0,0,0,0,0,0,0,0,0,0,0,0,0,0,0,0
9829,Ramphastos citreolaemus,0,0,0,2,0,0,0,0,0,0,2,2,0,0,0,0
9830,Aratinga solstitialis,0,0,0,0,0,2,0,0,3,0,2,2,0,0,0,0
9831,Chenonetta finschi,0,0,0,0,0,0,0,0,1,1,0,0,0,0,0,0
9832,Columba thiriouxi,0,0,0,1,0,0,0,0,1,1,0,0,0,0,0,0
9833,Nesoenas cicur,0,0,0,1,0,0,0,0,1,1,0,0,0,0,0,0
9834,Dryolimnas augusti,0,0,0,0,0,0,0,0,1,1,0,0,0,0,0,0
9835,Porphyrio paepae,0,0,0,0,0,0,0,0,1,1,0,0,0,0,0,0
9836,Tribonyx hodgenorum,0,0,0,0,0,0,0,0,1,1,0,0,0,0,0,0
9837,Nyctanassa carcinocatactes,0,0,0,0,0,0,0,0,1,1,0,0,0,0,0,0
9838,Turnix varius,0,0,0,0,0,0,0,0,0,0,0,0,0,0,0,0
9839,Prosobonia cancellata,0,0,0,0,0,0,0,0,0,2,0,0,0,0,0,0
9840,Prosobonia parvirostris,0,1,0,2,0,0,0,0,0,2,0,0,0,0,0,0
9841,Catharacta antarctica,0,0,0,0,0,0,0,0,0,1,0,0,0,0,0,0
9842,Otus mendeni,0,0,0,2,0,0,0,0,0,0,0,2,0,0,0,0
9843,Otus sulaensis,0,0,0,2,0,0,0,0,0,0,0,2,0,0,0,0
9844,Charadrius obscurus,0,0,0,0,0,0,0,0,0,2,0,0,1,0,0,1
9845,Strix butleri,0,0,0,0,0,0,0,0,0,0,0,0,0,0,0,0
9846,Charadrius aquilonius,0,0,0,0,0,0,0,0,0,2,0,0,1,0,0,1
9847,Coracopsis sibilans,0,0,0,2,0,0,0,0,0,0,0,2,1,0,0,0
9848,Psittacara frontatus,0,0,0,2,0,0,0,0,2,0,2,2,0,0,0,0
9849,Psittacara wagleri,0,0,0,1,0,0,0,0,2,0,1,1,0,0,0,0
9850,Psittacara holochlorus,0,0,0,0,0,0,0,0,0,0,0,0,0,0,0,0
9851,Eclectus infectus,0,0,0,0,0,0,0,0,1,1,0,0,0,0,0,0
9852,Colaptes oceanicus,0,0,0,0,0,0,0,0,0,0,0,1,0,0,0,0
9853,Alectroenas payandeei,0,0,0,0,0,0,0,0,0,1,0,0,0,0,0,0
9854,Egretta garzetta,0,0,0,0,0,0,0,0,0,0,0,0,0,0,0,0
9855,Heteromirafra archeri,0,2,0,2,0,2,0,0,0,2,2,0,0,0,0,0
9856,Alauda arvensis,0,0,0,0,0,0,0,0,0,0,0,0,0,0,0,0
9857,Pitta maxima,0,0,0,0,0,0,0,0,0,0,0,0,0,0,0,0
9858,Pitta morotaiensis,0,0,0,0,0,0,0,0,0,0,0,1,0,1,0,0
9859,Erythropitta erythrogaster,0,0,0,0,0,0,0,0,0,0,0,0,0,0,0,0
9860,Erythropitta inspeculata,0,0,0,1,0,0,0,0,0,0,0,1,0,0,0,0
9861,Erythropitta caeruleitorques,0,0,0,0,0,0,0,0,0,0,0,0,0,0,0,0
9862,Erythropitta palliceps,0,0,0,2,0,0,0,0,0,0,0,0,0,0,0,0
9863,Erythropitta celebensis,0,0,0,0,0,0,0,0,0,0,0,0,0,0,0,0
9864,Erythropitta rufiventris,0,0,0,0,0,0,0,0,0,0,0,0,0,0,0,0
9865,Erythropitta rubrinucha,0,0,0,0,0,0,0,0,0,0,0,0,0,0,0,0
9866,Erythropitta macklotii,0,0,0,0,0,0,0,0,0,0,0,0,0,0,0,0
9867,Erythropitta meeki,0,0,0,1,0,0,0,0,0,0,0,0,0,0,0,0
9868,Erythropitta gazellae,0,0,0,0,0,0,0,0,0,0,0,0,0,0,0,0
9869,Erythropitta splendida,0,0,0,0,0,0,0,0,0,0,0,2,2,0,0,0
9870,Erythropitta novaehibernicae,0,0,0,0,0,0,0,0,0,0,0,0,0,0,0,0
9871,Pitta sordida,0,0,0,0,0,0,0,0,0,0,0,0,0,0,0,0
9872,Pitta novaeguineae,0,0,0,0,0,0,0,0,0,0,0,0,0,0,0,0
9873,Pitta rosenbergii,0,0,0,1,0,0,0,0,0,0,0,1,0,1,0,0
9874,Cymbirhynchus macrorhynchos,0,0,0,0,0,0,0,0,0,0,0,0,0,0,0,0
9875,Cymbirhynchus affinis,0,0,0,0,0,0,0,0,0,0,0,0,0,0,0,0
9876,Serilophus lunatus,0,0,0,0,0,0,0,0,0,0,0,0,0,0,0,0
9877,Serilophus rubropygius,0,0,0,0,0,0,0,0,0,0,0,0,0,0,0,0
9878,Eurylaimus javanicus,0,0,0,0,0,0,0,0,1,0,0,1,0,0,0,0
9879,Eurylaimus harterti,0,0,0,0,0,0,0,0,0,0,0,0,0,0,0,0
9880,Epinecrophylla ornata,0,0,0,0,0,0,0,0,0,0,0,0,0,0,0,0
9881,Epinecrophylla hoffmannsi,0,0,0,0,0,0,0,0,0,0,0,0,0,0,0,0
9882,Formicivora grisea,0,0,0,0,0,0,0,0,0,0,0,0,0,0,0,0
9883,Formicivora intermedia,0,0,0,0,0,0,0,0,0,0,0,0,0,0,0,0
9884,Epinecrophylla haematonota,0,0,0,0,0,0,0,0,0,0,0,0,0,0,0,0
9885,Epinecrophylla amazonica,0,0,0,0,0,0,0,0,0,0,0,0,0,0,0,0
9886,Formicivora serrana,0,0,0,0,0,0,0,0,0,0,0,0,0,0,0,0
9887,Formicivora paludicola,2,0,0,0,0,0,0,0,0,2,0,0,2,0,0,0
9888,Myrmotherula axillaris,0,0,0,0,0,0,0,0,0,0,0,0,0,0,0,0
9889,Myrmotherula luctuosa,0,0,0,0,0,0,0,0,0,0,0,0,0,0,0,0
9890,Herpsilochmus praedictus,0,0,0,0,0,0,0,0,0,0,0,0,0,0,0,0
9891,Herpsilochmus stotzi,0,0,0,2,0,0,0,0,0,0,2,0,0,0,0,0
9892,Herpsilochmus rufimarginatus,0,0,0,0,0,0,0,0,0,0,0,0,0,0,0,0
9893,Herpsilochmus scapularis,0,0,0,0,0,0,0,0,0,0,0,0,0,0,0,0
9894,Sakesphorus canadensis,0,0,0,0,0,0,0,0,0,0,0,0,0,0,0,0
9895,Sakesphorus pulchellus,0,0,0,0,0,0,0,0,0,0,0,0,0,0,0,0
9896,Thamnophilus ruficapillus,0,0,0,0,0,0,0,0,0,0,0,0,0,0,0,0
9897,Thamnophilus subfasciatus,0,0,0,0,0,0,0,0,0,0,0,0,0,0,0,0
9898,Thamnophilus bernardi,0,0,0,0,0,0,0,0,0,0,0,0,0,0,0,0
9899,Thamnophilus shumbae,0,0,0,0,0,0,0,0,0,0,0,1,0,0,0,0
9900,Cercomacroides nigrescens,0,0,0,0,0,0,0,0,0,0,0,0,0,0,0,0
9901,Cercomacroides fuscicauda,0,0,0,0,0,0,0,0,0,0,0,0,0,0,0,0
9902,Drymophila caudata,0,0,0,1,0,0,0,0,0,0,1,1,0,0,0,0
9903,Drymophila klagesi,0,0,0,0,0,0,0,0,0,0,0,0,0,0,0,0
9904,Drymophila hellmayri,0,2,0,1,0,1,0,0,0,0,0,1,0,0,0,0
9905,Drymophila striaticeps,0,0,0,0,0,0,0,0,0,0,0,0,0,0,0,0
9906,Hypocnemis rondoni,0,0,0,2,0,0,0,0,0,0,2,0,0,0,0,0
9907,Willisornis poecilinotus,0,0,0,0,0,0,0,0,0,0,0,0,0,0,0,0
9908,Willisornis nigrigula,0,0,0,0,0,0,0,0,0,0,0,0,0,0,0,0
9909,Poliocrania exsul,0,0,0,1,0,0,0,0,0,0,1,1,1,1,0,0
9910,Poliocrania maculifer,0,0,0,0,0,0,0,0,0,0,0,0,0,0,0,0
9911,Hafferia immaculata,0,0,0,0,0,0,0,0,0,0,0,0,0,0,0,0
9912,Hafferia zeledoni,0,0,0,0,0,0,0,0,0,0,0,0,0,0,0,0
9913,Myrmornis torquata,0,0,0,0,0,0,0,0,0,0,0,0,0,0,0,0
9914,Thamnistes anabatinus,0,0,0,0,0,0,0,0,0,0,0,0,0,0,0,0
9915,Thamnistes aequatorialis,0,0,0,0,0,0,0,0,0,0,0,0,0,0,0,0
9916,Conopophaga aurita,0,0,0,0,0,0,0,0,0,0,0,0,0,0,0,0
9917,Conopophaga snethlageae,0,0,0,0,0,0,0,0,0,0,0,0,0,0,0,0
9918,Grallaria rufula,0,0,0,0,0,0,0,0,0,0,0,0,0,0,0,0
9919,Grallaria saltuensis,0,0,0,1,0,1,0,0,0,0,1,0,1,0,0,0
9920,Grallaria quitensis,0,0,0,0,0,0,0,0,0,0,0,0,0,0,0,0
9921,Grallaria alticola,0,0,0,0,0,0,0,0,0,0,0,0,0,0,0,0
9922,Grallaria atuensis,0,0,0,0,0,0,0,0,0,0,0,0,0,0,0,0
9923,Grallaricula ferrugineipectus,0,0,0,0,0,0,0,0,0,0,0,0,0,0,0,0
9924,Grallaricula leymebambae,0,0,0,0,0,0,0,0,0,0,0,0,0,0,0,0
9925,Scytalopus gettyae,0,0,0,0,0,0,0,0,0,0,0,1,0,0,0,0
9926,Scytalopus perijanus,0,0,0,2,0,0,0,0,0,0,2,0,1,0,0,0
9927,Scytalopus gonzagai,0,0,0,2,0,2,0,0,0,0,0,2,0,0,0,0
9928,Formicarius analis,0,0,0,0,0,0,0,0,0,0,0,0,0,0,0,0
9929,Formicarius moniliger,0,0,0,0,0,0,0,0,0,0,0,0,0,0,0,0
9930,Sclerurus scansor,0,0,0,0,0,0,0,0,0,0,0,0,0,0,0,0
9931,Sclerurus cearensis,0,0,0,0,0,0,0,0,0,0,0,0,0,0,0,0
9932,Deconychura longicauda,0,0,0,1,0,0,0,0,0,0,1,0,0,0,0,0
9933,Deconychura pallida,0,0,0,1,0,0,0,0,0,0,1,0,0,0,0,0
9934,Deconychura typica,0,0,0,0,0,0,0,0,0,0,0,0,0,0,0,0
9935,Sittasomus griseicapillus,0,0,0,0,0,0,0,0,0,0,0,0,0,0,0,0
9936,Sittasomus griseus,0,0,0,0,0,0,0,0,0,0,0,0,0,0,0,0
9937,Dendrocolaptes sanctithomae,0,0,0,0,0,0,0,0,0,0,0,0,0,0,0,0
9938,Dendrocolaptes punctipectus,0,0,0,2,0,0,0,0,0,0,2,0,0,0,0,0
9939,Xiphorhynchus fuscus,0,0,0,0,0,0,0,0,0,0,0,0,0,0,0,0
9940,Xiphorhynchus atlanticus,0,0,0,2,0,0,0,0,0,0,2,2,2,0,0,0
9941,Xiphorhynchus ocellatus,0,0,0,0,0,0,0,0,0,0,0,0,0,0,0,0
9942,Xiphorhynchus beauperthuysii,0,0,0,0,0,0,0,0,0,0,0,0,0,0,0,0
9943,Xiphorhynchus chunchotambo,0,0,0,0,0,0,0,0,0,0,0,0,0,0,0,0
9944,Xiphorhynchus guttatus,0,0,0,0,0,0,0,0,0,0,0,0,0,0,0,0
9945,Xiphorhynchus guttatoides,0,0,0,0,0,0,0,0,0,0,0,0,0,0,0,0
9946,Xiphorhynchus erythropygius,0,0,0,0,0,0,0,0,0,0,0,0,0,0,0,0
9947,Xiphorhynchus aequatorialis,0,0,0,0,0,0,0,0,0,0,0,0,0,0,0,0
9948,Campylorhamphus procurvoides,0,0,0,0,0,0,0,0,0,0,0,0,0,0,0,0
9949,Campylorhamphus probatus,0,0,0,0,0,0,0,0,0,0,0,0,0,0,0,0
9950,Campylorhamphus multostriatus,0,0,0,2,0,0,0,0,0,0,2,0,2,0,0,0
9951,Lepidocolaptes albolineatus,0,0,0,0,0,0,0,0,0,0,0,0,0,0,0,0
9952,Lepidocolaptes duidae,0,0,0,0,0,0,0,0,0,0,0,0,0,0,0,0
9953,Lepidocolaptes fuscicapillus,0,0,0,0,0,0,0,0,0,0,0,0,0,0,0,0
9954,Lepidocolaptes fatimalimae,0,0,0,0,0,0,0,0,0,0,0,0,0,0,0,0
9955,Lepidocolaptes affinis,0,0,0,0,0,0,0,0,0,0,0,0,0,0,0,0
9956,Lepidocolaptes neglectus,0,0,0,0,0,0,0,0,0,0,0,0,0,0,0,0
9957,Xenops minutus,0,0,0,0,0,0,0,0,0,0,0,0,0,0,0,0
9958,Xenops genibarbis,0,0,0,0,0,0,0,0,0,0,0,0,0,0,0,0
9959,Furnarius longirostris,0,0,0,0,0,0,0,0,0,0,0,0,0,0,0,0
9960,Furnarius cinnamomeus,0,0,0,0,0,0,0,0,0,0,0,0,0,0,0,0
9961,Furnarius leucopus,0,0,0,0,0,0,0,0,0,0,0,0,0,0,0,0
9962,Upucerthia validirostris,0,0,0,0,0,0,0,0,0,0,0,0,0,0,0,0
9963,Cinclodes antarcticus,0,0,0,0,0,0,0,0,0,1,0,0,0,0,0,0
9964,Cinclodes maculirostris,0,0,0,0,0,0,0,0,0,2,0,0,0,0,0,0
9965,Cichlocolaptes leucophrus,0,0,0,0,0,0,0,0,0,0,0,0,0,0,0,0
9966,Cichlocolaptes holti,0,0,0,0,0,0,0,0,0,0,0,0,0,0,0,0
9967,Cichlocolaptes mazarbarnetti,0,0,0,1,0,0,0,0,0,0,1,1,0,0,0,0
9968,Automolus subulatus,0,0,0,0,0,0,0,0,0,0,0,0,0,0,0,0
9969,Automolus virgatus,0,0,0,0,0,0,0,0,0,0,0,0,0,0,0,0
9970,Premnoplex tatei,0,0,0,1,0,0,0,0,0,0,1,0,1,0,0,0
9971,Premnoplex pariae,0,0,0,1,0,1,0,0,0,0,1,0,0,0,0,0
9972,Leptasthenura aegithaloides,0,0,0,0,0,0,0,0,0,0,0,0,0,0,0,0
9973,Leptasthenura berlepschi,0,0,0,0,0,0,0,0,0,0,0,0,0,0,0,0
9974,Leptasthenura pallida,0,0,0,0,0,0,0,0,0,0,0,0,0,0,0,0
9975,Phacellodomus rufifrons,0,0,0,0,0,0,0,0,0,0,0,0,0,0,0,0
9976,Phacellodomus inornatus,0,0,0,0,0,0,0,0,0,0,0,0,0,0,0,0
9977,Asthenes dorbignyi,0,0,0,0,0,0,0,0,0,0,0,0,0,0,0,0
9978,Asthenes huancavelicae,0,0,0,0,0,1,0,0,0,0,1,1,0,0,0,0
9979,Asthenes wyatti,0,0,0,0,0,0,0,0,0,0,0,0,0,0,0,0
9980,Asthenes vilcabambae,0,0,0,0,0,0,0,0,0,0,0,0,0,0,0,0
9981,Asthenes ayacuchensis,0,0,0,0,0,0,0,0,0,0,0,0,0,0,0,0
9982,Thripophaga amacurensis,0,0,0,1,0,0,0,0,0,0,0,1,1,0,0,0
9983,Cranioleuca marcapatae,0,0,0,0,0,0,0,0,0,0,0,1,0,0,0,0
9984,Cranioleuca weskei,0,0,0,0,0,0,0,0,0,0,0,1,0,0,0,0
9985,Cranioleuca vulpina,0,0,0,0,0,0,0,0,0,0,0,0,0,0,0,0
9986,Synallaxis albilora,0,0,0,0,0,0,0,0,0,0,0,0,0,0,0,0
9987,Synallaxis simoni,0,0,0,0,0,0,0,0,0,0,0,1,0,0,0,0
9988,Synallaxis stictothorax,0,0,0,0,0,0,0,0,0,0,0,0,0,0,0,0
9989,Synallaxis chinchipensis,0,0,0,0,0,0,0,0,0,0,0,0,0,0,0,0
9990,Machaeropterus regulus,0,0,0,0,0,0,0,0,0,0,0,0,0,0,0,0
9991,Machaeropterus striolatus,0,0,0,0,0,0,0,0,0,0,0,0,0,0,0,0
9992,Cryptopipo holochlora,0,0,0,0,0,0,0,0,0,0,0,0,0,0,0,0
9993,Cryptopipo litae,0,0,0,0,0,0,0,0,0,0,0,0,0,0,0,0
9994,Corapipo leucorrhoa,0,0,0,0,0,0,0,0,0,0,0,0,0,0,0,0
9995,Pipreola frontalis,0,0,0,0,0,0,0,0,0,0,0,0,0,0,0,0
9996,Pipreola squamipectus,0,0,0,0,0,0,0,0,0,0,0,0,0,0,0,0
9997,Tityra cayana,0,0,0,0,0,0,0,0,0,0,0,0,0,0,0,0
9998,Tityra braziliensis,0,0,0,0,0,0,0,0,0,0,0,0,0,0,0,0
9999,Tityra leucura,0,0,0,0,0,0,0,0,0,0,0,0,0,0,0,0
10000,Pachyramphus viridis,0,0,0,0,0,0,0,0,0,0,0,0,0,0,0,0
10001,Pachyramphus griseigularis,0,0,0,0,0,0,0,0,0,0,0,0,0,0,0,0
10002,Pachyramphus xanthogenys,0,0,0,0,0,0,0,0,0,0,0,0,0,0,0,0
10003,Pachyramphus major,0,0,0,0,0,0,0,0,0,0,0,0,0,0,0,0
10004,Pachyramphus uropygialis,0,0,0,0,0,0,0,0,0,0,0,0,0,0,0,0
10005,Schiffornis turdina,0,0,0,0,0,0,0,0,0,0,0,0,0,0,0,0
10006,Schiffornis olivacea,0,0,0,0,0,0,0,0,0,0,0,0,0,0,0,0
10007,Schiffornis stenorhyncha,0,0,0,0,0,0,0,0,0,0,0,0,0,0,0,0
10008,Schiffornis aenea,0,0,0,0,0,0,0,0,0,0,0,0,0,0,0,0
10009,Schiffornis veraepacis,0,0,0,0,0,0,0,0,0,0,0,0,0,0,0,0
10010,Platyrinchus mystaceus,0,0,0,0,0,0,0,0,0,0,0,0,0,0,0,0
10011,Platyrinchus albogularis,0,0,0,0,0,0,0,0,0,0,0,0,0,0,0,0
10012,Mionectes olivaceus,0,0,0,0,0,0,0,0,0,0,0,0,0,0,0,0
10013,Mionectes galbinus,0,0,0,0,0,0,0,0,0,0,0,0,0,0,0,0
10014,Mionectes macconnelli,0,0,0,0,0,0,0,0,0,0,0,0,0,0,0,0
10015,Mionectes roraimae,0,0,0,0,0,0,0,0,0,0,0,0,0,0,0,0
10016,Leptopogon superciliaris,0,0,0,0,0,0,0,0,0,0,0,0,0,0,0,0
10017,Leptopogon albidiventer,0,0,0,0,0,0,0,0,0,0,0,0,0,0,0,0
10018,Rhynchocyclus olivaceus,0,0,0,0,0,0,0,0,0,0,0,0,0,0,0,0
10019,Rhynchocyclus aequinoctialis,0,0,0,0,0,0,0,0,0,0,0,0,0,0,0,0
10020,Tolmomyias assimilis,0,0,0,0,0,0,0,0,0,0,0,0,0,0,0,0
10021,Tolmomyias flaviventris,0,0,0,0,0,0,0,0,0,0,0,0,0,0,0,0
10022,Hemitriccus cohnhafti,0,0,0,0,0,0,0,0,0,0,2,0,0,0,0,0
10023,Myiotriccus ornatus,0,0,0,0,0,0,0,0,0,0,0,0,0,0,0,0
10024,Myiotriccus phoenicurus,0,0,0,0,0,0,0,0,0,0,0,0,0,0,0,0
10025,Zimmerius chicomendesi,0,0,0,1,0,0,0,0,0,0,0,1,2,0,0,0
10026,Zimmerius vilissimus,0,0,0,0,0,0,0,0,0,0,0,0,0,0,0,0
10027,Zimmerius parvus,0,0,0,0,0,0,0,0,0,0,0,0,0,0,0,0
10028,Stigmatura napensis,0,0,0,0,0,0,0,0,0,0,0,0,0,0,0,0
10029,Euscarthmus meloryphus,0,0,0,0,0,0,0,0,0,0,0,0,0,0,0,0
10030,Euscarthmus fulviceps,0,0,0,0,0,0,0,0,0,0,0,0,0,0,0,0
10031,Elaenia obscura,0,0,0,0,0,0,0,0,0,0,0,0,0,0,0,0
10032,Elaenia sordida,0,0,0,0,0,0,0,0,0,0,0,0,0,0,0,0
10033,Elaenia chiriquensis,0,0,0,0,0,0,0,0,0,0,0,0,0,0,0,0
10034,Elaenia brachyptera,0,0,0,0,0,0,0,0,0,0,0,0,0,0,0,0
10035,Elaenia pallatangae,0,0,0,0,0,0,0,0,0,0,0,0,0,0,0,0
10036,Elaenia olivina,0,0,0,0,0,0,0,0,0,0,0,0,0,0,0,0
10037,Elaenia fallax,0,0,0,0,0,0,0,0,0,0,0,0,0,0,0,0
10038,Elaenia cherriei,0,0,0,0,0,0,0,0,0,0,0,0,0,0,0,0
10039,Myiopagis caniceps,0,0,0,0,0,0,0,0,0,0,0,0,0,0,0,0
10040,Myiopagis cinerea,0,0,0,0,0,0,0,0,0,0,0,0,0,0,0,0
10041,Myiopagis parambae,0,0,0,0,0,0,0,0,0,0,0,0,0,0,0,0
10042,Phaeomyias murina,0,0,0,0,0,0,0,0,0,0,0,0,0,0,0,0
10043,Phaeomyias tumbezana,0,0,0,0,0,0,0,0,0,0,0,0,0,0,0,0
10044,Serpophaga subcristata,0,0,0,0,0,0,0,0,0,0,0,0,0,0,0,0
10045,Myiodynastes maculatus,0,0,0,0,0,0,0,0,0,0,0,0,0,0,0,0
10046,Sirystes sibilator,0,0,0,0,0,0,0,0,0,0,0,0,0,0,0,0
10047,Sirystes albogriseus,0,0,0,0,0,0,0,0,0,0,0,0,0,0,0,0
10048,Sirystes albocinereus,0,0,0,0,0,0,0,0,0,0,0,0,0,0,0,0
10049,Sirystes subcanescens,0,0,0,0,0,0,0,0,0,0,0,0,0,0,0,0
10050,Myiophobus fasciatus,0,0,0,0,0,0,0,0,0,0,0,0,0,0,0,0
10051,Myiophobus crypterythrus,0,0,0,0,0,0,0,0,0,0,0,0,0,0,0,0
10052,Myiophobus rufescens,0,0,0,0,0,0,0,0,0,0,0,0,0,0,0,0
10053,Ochthoeca cinnamomeiventris,0,0,0,0,0,0,0,0,0,0,0,0,0,0,0,0
10054,Ochthoeca nigrita,0,0,0,0,0,0,0,0,0,0,0,0,0,0,0,0
10055,Ochthoeca thoracica,0,0,0,0,0,0,0,0,0,0,0,0,0,0,0,0
10056,Ochthoeca fumicolor,0,0,0,0,0,0,0,0,0,0,0,0,0,0,0,0
10057,Ochthoeca superciliosa,0,0,0,0,0,0,0,0,0,0,0,0,0,0,0,0
10058,Pyrocephalus rubinus,0,0,0,0,0,0,0,0,0,0,0,0,0,0,0,0
10059,Pyrocephalus dubius,0,0,0,0,0,0,0,0,0,2,0,0,0,0,0,0
10060,Pyrocephalus nanus,0,0,0,1,0,0,0,0,0,2,0,0,0,0,0,0
10061,Knipolegus orenocensis,0,0,0,0,0,0,0,0,0,0,0,0,0,0,0,0
10062,Knipolegus sclateri,0,0,0,0,0,0,0,0,0,0,0,0,0,0,0,0
10063,Knipolegus signatus,0,0,0,0,0,0,0,0,0,0,0,0,0,0,0,0
10064,Knipolegus aterrimus,0,0,0,0,0,0,0,0,0,0,0,0,0,0,0,0
10065,Knipolegus heterogyna,0,0,0,0,0,0,0,0,0,0,0,0,0,0,0,0
10066,Muscisaxicola rufivertex,0,0,0,0,0,0,0,0,0,0,0,0,0,0,0,0
10067,Muscisaxicola occipitalis,0,0,0,0,0,0,0,0,0,0,0,0,0,0,0,0
10068,Contopus cinereus,0,0,0,0,0,0,0,0,0,0,0,0,0,0,0,0
10069,Contopus punensis,0,0,0,0,0,0,0,0,0,0,0,0,0,0,0,0
10070,Contopus bogotensis,0,0,0,0,0,0,0,0,0,0,0,0,0,0,0,0
10071,Sericulus aureus,0,0,0,0,0,0,0,0,0,0,0,0,0,0,0,0
10072,Amytornis textilis,0,0,0,0,0,0,0,0,0,0,0,0,0,0,0,0
10073,Amytornis modestus,0,0,0,0,0,0,0,0,0,0,0,0,0,0,0,0
10074,Lichmera indistincta,0,0,0,0,0,0,0,0,0,0,0,0,0,0,0,0
10075,Entomyzon cyanotis,0,0,0,0,0,0,0,0,0,0,0,0,0,0,0,0
10076,Entomyzon albipennis,0,0,0,0,0,0,0,0,0,0,0,0,0,0,0,0
10077,Melithreptus lunatus,0,0,0,0,0,0,0,0,0,0,0,0,0,0,0,0
10078,Melithreptus chloropsis,0,0,0,0,0,0,0,0,0,0,0,0,0,0,0,0
10079,Gymnomyza viridis,0,0,0,0,0,0,0,0,0,0,0,2,0,2,0,0
10080,Gymnomyza brunneirostris,0,0,0,0,0,0,0,0,0,0,0,2,0,2,0,0
10081,Foulehaio carunculatus,0,0,0,0,0,0,0,0,0,0,0,0,0,0,0,0
10082,Foulehaio taviunensis,0,0,0,0,0,0,0,0,0,0,0,0,0,0,0,0
10083,Foulehaio procerior,0,0,0,0,0,0,0,0,0,0,0,0,0,0,0,0
10084,Philemon moluccensis,0,0,0,0,0,0,0,0,0,0,0,0,0,0,0,0
10085,Philemon plumigenis,0,0,0,0,0,0,0,0,0,0,0,0,0,0,0,0
10086,Myzomela eques,0,0,0,0,0,0,0,0,0,0,0,0,0,0,0,0
10087,Myzomela cineracea,0,0,0,0,0,0,0,0,0,0,0,0,0,0,0,0
10088,Myzomela obscura,0,0,0,0,0,0,0,0,0,0,0,0,0,0,0,0
10089,Myzomela rubrobrunnea,0,0,0,0,0,0,0,0,0,0,0,0,0,0,0,0
10090,Myzomela simplex,0,0,0,0,0,0,0,0,0,0,0,0,0,0,0,0
10091,Myzomela rubrotincta,0,0,0,0,0,0,0,0,0,0,0,0,0,0,0,0
10092,Myzomela cruentata,0,0,0,0,0,0,0,0,0,0,0,0,0,0,0,0
10093,Myzomela erythrina,0,0,0,0,0,0,0,0,0,0,0,0,0,0,0,0
10094,Myzomela chloroptera,0,0,0,0,0,0,0,0,0,0,0,0,0,0,0,0
10095,Myzomela batjanensis,0,0,0,0,0,0,0,0,0,0,0,1,0,1,0,0
10096,Myzomela rosenbergii,0,0,0,0,0,0,0,0,0,0,0,0,0,0,0,0
10097,Myzomela longirostris,0,0,0,0,0,0,0,0,0,0,0,0,0,0,0,0
10098,Melipotes fumigatus,0,0,0,0,0,0,0,0,0,0,0,0,0,0,0,0
10099,Gerygone flavolateralis,0,0,0,0,0,0,0,0,0,0,0,0,0,0,0,0
10100,Gerygone citrina,0,0,0,0,0,0,0,0,0,0,0,0,0,0,0,0
10101,Calamanthus campestris,0,0,0,0,0,0,0,0,0,0,0,0,0,0,0,0
10102,Calamanthus montanellus,0,0,0,0,0,0,0,0,0,0,0,0,0,0,0,0
10103,Daphoenositta chrysoptera,0,0,0,0,0,0,0,0,0,0,0,0,0,0,0,0
10104,Daphoenositta papuensis,0,0,0,0,0,0,0,0,0,0,0,0,0,0,0,0
10105,Pitohui kirhocephalus,0,0,0,0,0,0,0,0,0,0,0,0,0,0,0,0
10106,Pitohui uropygialis,0,0,0,0,0,0,0,0,0,0,0,0,0,0,0,0
10107,Pitohui cerviniventris,0,0,0,0,0,0,0,0,0,0,0,0,0,0,0,0
10108,Oriolus melanotis,0,0,0,0,0,0,0,0,0,0,0,0,0,0,0,0
10109,Oriolus finschi,0,0,0,0,0,0,0,0,0,0,0,0,0,0,0,0
10110,Oriolus bouroensis,0,0,0,0,0,0,0,0,0,0,0,0,0,0,0,0
10111,Oriolus decipiens,0,0,0,0,0,0,0,0,0,0,0,0,0,0,0,0
10112,Oriolus cruentus,0,0,0,0,0,0,0,0,0,0,0,0,0,0,0,0
10113,Oriolus consanguineus,0,0,0,0,0,0,0,0,0,0,0,0,0,0,0,0
10114,Oriolus oriolus,0,0,0,0,0,0,0,0,0,0,0,0,0,0,0,0
10115,Oriolus kundoo,0,0,0,0,0,0,0,0,0,0,0,0,0,0,0,0
10116,Paramythia montium,0,0,0,0,0,0,0,0,0,0,0,0,0,0,0,0
10117,Paramythia olivacea,0,0,0,0,0,0,0,0,0,0,0,0,0,0,0,0
10118,Ptilorrhoa caerulescens,0,0,0,0,0,0,0,0,0,0,0,0,0,0,0,0
10119,Ptilorrhoa geislerorum,0,0,0,0,0,0,0,0,0,0,0,0,0,0,0,0
10120,Cinclosoma castaneothorax,0,0,0,0,0,0,0,0,0,0,0,0,0,0,0,0
10121,Cinclosoma marginatum,0,0,0,0,0,0,0,0,0,0,0,0,0,0,0,0
10122,Cinclosoma cinnamomeum,0,0,0,0,0,0,0,0,0,0,0,0,0,0,0,0
10123,Cinclosoma alisteri,0,0,0,0,0,0,0,0,0,0,0,0,0,0,0,0
10124,Falcunculus frontatus,0,0,0,0,0,0,0,0,0,0,0,0,0,0,0,0
10125,Falcunculus leucogaster,0,0,0,0,0,0,0,0,0,0,0,0,0,0,0,0
10126,Falcunculus whitei,0,0,0,0,0,0,0,0,0,0,0,0,0,0,0,0
10127,Pachycephala implicata,0,0,0,0,0,0,0,0,0,0,0,0,0,0,0,0
10128,Pachycephala richardsi,0,0,0,0,0,0,0,0,0,0,0,0,0,0,0,0
10129,Pachycephala pectoralis,0,0,0,0,0,0,0,0,0,0,0,0,0,0,0,0
10130,Pachycephala teysmanni,0,0,0,0,0,0,0,0,0,0,0,0,0,0,0,0
10131,Pachycephala fulvotincta,0,0,0,0,0,0,0,0,0,0,0,0,0,0,0,0
10132,Pachycephala orioloides,0,0,0,0,0,0,0,0,0,0,0,0,0,0,0,0
10133,Pachycephala feminina,0,0,0,0,0,0,0,0,0,0,0,2,1,0,0,0
10134,Pachycephala vitiensis,0,0,0,0,0,0,0,0,0,0,0,0,0,0,0,0
10135,Pachycephala mentalis,0,0,0,0,0,0,0,0,0,0,0,0,0,0,0,0
10136,Pachycephala par,0,0,0,0,0,0,0,0,0,0,0,0,0,0,0,0
10137,Pteruthius flaviscapis,0,0,0,0,0,0,0,0,0,0,0,0,0,0,0,0
10138,Pteruthius aeralatus,0,0,0,0,0,0,0,0,0,0,0,0,0,0,0,0
10139,Hylophilus flavipes,0,0,0,0,0,0,0,0,0,0,0,0,0,0,0,0
10140,Hylophilus insularis,0,0,0,0,0,0,0,0,0,0,0,0,0,0,0,0
10141,Hylophilus viridiflavus,0,0,0,0,0,0,0,0,0,0,0,0,0,0,0,0
10142,Hylophilus thoracicus,0,0,0,0,0,0,0,0,0,0,0,0,0,0,0,0
10143,Hylophilus griseiventris,0,0,0,0,0,0,0,0,0,0,0,0,0,0,0,0
10144,Vireolanius leucotis,0,0,0,0,0,0,0,0,0,0,0,0,0,0,0,0
10145,Vireolanius mikettae,0,0,0,0,0,0,0,0,0,0,0,0,0,0,0,0
10146,Tunchiornis luteifrons,0,0,0,1,0,0,0,0,0,0,1,0,0,0,0,0
10147,Pericrocotus erythropygius,0,0,0,0,0,0,0,0,0,0,0,0,0,0,0,0
10148,Pericrocotus albifrons,0,0,0,1,0,0,0,0,0,0,0,0,0,0,0,0
10149,Pericrocotus solaris,0,0,0,0,0,0,0,0,0,0,0,0,0,0,0,0
10150,Pericrocotus montanus,0,0,0,0,0,0,0,0,0,0,0,0,0,0,0,0
10151,Coracina caledonica,0,0,0,0,0,0,0,0,0,0,0,0,0,0,0,0
10152,Coracina welchmani,0,0,0,0,0,0,0,0,0,0,0,0,0,0,0,0
10153,Coracina striata,0,0,0,0,0,0,0,0,0,0,0,0,0,0,0,0
10154,Coracina panayensis,0,0,0,0,0,0,0,0,0,0,0,0,0,0,0,0
10155,Coracina dobsoni,0,0,0,1,0,0,0,0,0,0,1,1,1,1,0,0
10156,Ceblepyris cinereus,0,0,0,0,0,0,0,0,0,0,0,0,0,0,0,0
10157,Ceblepyris cucullatus,0,0,0,2,0,0,0,0,0,1,0,2,0,0,0,0
10158,Edolisoma tenuirostre,0,0,0,0,0,0,0,0,0,0,0,0,0,0,0,0
10159,Edolisoma salomonis,0,0,0,0,0,0,0,0,0,0,0,0,0,0,0,0
10160,Edolisoma holopolium,0,0,0,0,0,0,0,0,0,0,0,1,0,0,0,0
10161,Edolisoma pygmaeum,0,0,0,0,0,0,0,0,0,0,0,2,0,0,0,0
10162,Edolisoma remotum,0,0,0,0,0,0,0,0,0,0,0,0,0,0,0,0
10163,Edolisoma grayi,0,0,0,0,0,0,0,0,0,0,0,0,0,0,0,0
10164,Edolisoma obiense,0,0,0,0,0,0,0,0,0,0,0,0,0,0,0,0
10165,Edolisoma meyerii,0,0,0,0,0,0,0,0,0,0,0,0,0,0,0,0
10166,Edolisoma rostratum,0,0,0,0,0,0,0,0,0,0,0,2,0,0,0,0
10167,Edolisoma monacha,0,0,0,0,0,0,0,0,0,0,0,0,0,0,0,0
10168,Edolisoma nesiotis,0,0,0,0,0,1,0,0,0,2,0,0,0,0,0,0
10169,Edolisoma insperatum,0,0,0,1,0,0,0,0,0,0,0,2,0,0,0,0
10170,Lalage atrovirens,0,0,0,0,0,0,0,0,0,0,0,0,0,0,0,0
10171,Lalage leucoptera,0,0,0,1,0,0,0,0,0,0,0,1,0,0,0,0
10172,Lalage leucomela,0,0,0,0,0,0,0,0,0,0,0,0,0,0,0,0
10173,Lalage conjuncta,0,0,0,0,0,0,0,0,0,0,0,2,0,0,0,0
10174,Lalage melanoleuca,0,0,0,0,0,0,0,0,0,0,0,0,0,0,0,0
10175,Lalage minor,0,0,0,0,0,0,0,0,0,0,0,0,0,0,0,0
10176,Cracticus torquatus,0,0,0,0,0,0,0,0,0,0,0,0,0,0,0,0
10177,Cracticus argenteus,0,0,0,0,0,0,0,0,0,0,0,0,0,0,0,0
10178,Cyanolanius madagascarinus,0,0,0,0,0,0,0,0,0,0,0,0,0,0,0,0
10179,Cyanolanius comorensis,0,0,0,2,0,0,0,0,0,0,0,2,0,0,0,0
10180,Tephrodornis virgatus,0,0,0,0,0,0,0,0,0,0,0,0,0,0,0,0
10181,Tephrodornis sylvicola,0,0,0,0,0,0,0,0,0,0,0,0,0,0,0,0
10182,Tephrodornis pondicerianus,0,0,0,0,0,0,0,0,0,0,0,0,0,0,0,0
10183,Tephrodornis affinis,0,0,0,0,0,0,0,0,0,0,0,0,0,0,0,0
10184,Batis mixta,0,0,0,0,0,0,0,0,0,0,0,0,0,0,0,0
10185,Dyaphorophyia castanea,0,0,0,0,0,0,0,0,0,0,0,0,0,0,0,0
10186,Dyaphorophyia concreta,0,0,0,0,0,0,0,0,0,0,0,0,0,0,0,0
10187,Dyaphorophyia ansorgei,0,0,0,0,0,0,0,0,0,0,0,0,0,0,0,0
10188,Laniarius poensis,0,0,0,0,0,0,0,0,0,0,0,0,0,0,0,0
10189,Laniarius holomelas,0,0,0,0,0,0,0,0,0,0,0,0,0,0,0,0
10190,Telophorus viridis,0,0,0,0,0,0,0,0,0,0,0,0,0,0,0,0
10191,Lamprolia victoriae,0,0,0,1,0,0,0,0,0,0,0,1,0,1,0,0
10192,Lamprolia klinesmithi,0,0,0,2,0,0,0,0,0,0,1,1,0,1,0,0
10193,Rhipidura cyaniceps,0,0,0,0,0,0,0,0,0,0,0,0,0,0,0,0
10194,Rhipidura sauli,0,0,0,2,0,0,0,0,0,0,2,1,0,0,0,0
10195,Rhipidura albiventris,0,0,0,0,0,0,0,0,0,0,0,0,0,0,0,0
10196,Rhipidura superciliaris,0,0,0,0,0,0,0,0,0,0,0,0,0,0,0,0
10197,Rhipidura samarensis,0,0,0,0,0,0,0,0,0,0,0,0,0,0,0,0
10198,Rhipidura rufiventris,0,0,0,0,0,0,0,0,0,0,0,0,0,0,0,0
10199,Rhipidura hoedti,0,0,0,0,0,0,0,0,0,0,0,0,0,0,0,0
10200,Rhipidura kordensis,0,0,0,0,0,0,0,0,0,0,0,0,0,0,0,0
10201,Rhipidura tenkatei,0,0,0,0,0,0,0,0,0,0,0,0,0,0,0,0
10202,Rhipidura isura,0,0,0,0,0,0,0,0,0,0,0,0,0,0,0,0
10203,Rhipidura obiensis,0,0,0,0,0,0,0,0,0,0,0,0,0,0,0,0
10204,Rhipidura bouruensis,0,0,0,0,0,0,0,0,0,0,0,0,0,0,0,0
10205,Rhipidura cinerea,0,0,0,0,0,0,0,0,0,0,0,0,0,0,0,0
10206,Rhipidura assimilis,0,0,0,0,0,0,0,0,0,0,0,0,0,0,0,0
10207,Rhipidura cockerelli,0,0,0,0,0,0,0,0,0,0,0,2,0,0,0,0
10208,Rhipidura coultasi,0,0,0,0,0,0,0,0,0,0,0,2,0,0,0,0
10209,Rhipidura javanica,0,0,0,0,0,0,0,0,0,0,0,0,0,0,0,0
10210,Rhipidura nigritorquis,0,0,0,0,0,0,0,0,0,0,0,0,0,0,0,0
10211,Rhipidura albogularis,0,0,0,0,0,0,0,0,0,0,0,0,0,0,0,0
10212,Rhipidura albicollis,0,0,0,0,0,0,0,0,0,0,0,0,0,0,0,0
10213,Rhipidura drownei,0,0,0,0,0,0,0,0,0,0,0,0,0,0,0,0
10214,Rhipidura ocularis,0,0,0,0,0,0,0,0,0,0,0,0,0,0,0,0
10215,Rhipidura rufifrons,0,0,0,0,0,0,0,0,0,0,0,0,0,0,0,0
10216,Rhipidura melanolaema,0,0,0,0,0,0,0,0,0,0,0,0,0,0,0,0
10217,Rhipidura verreauxi,0,0,0,0,0,0,0,0,0,0,0,0,0,0,0,0
10218,Rhipidura rufilateralis,0,0,0,1,0,0,0,0,0,0,0,0,0,0,0,0
10219,Rhipidura spilodera,0,0,0,0,0,0,0,0,0,0,0,0,0,0,0,0
10220,Rhipidura layardi,0,0,0,0,0,0,0,0,0,0,0,0,0,0,0,0
10221,Dicrurus adsimilis,0,0,0,0,0,0,0,0,0,0,0,0,0,0,0,0
10222,Dicrurus modestus,0,0,0,0,0,0,0,0,0,0,0,0,0,0,0,0
10223,Dicrurus striatus,0,0,0,0,0,0,0,0,0,0,0,0,0,0,0,0
10224,Dicrurus paradiseus,0,0,0,0,0,0,0,0,0,0,0,0,0,0,0,0
10225,Dicrurus lophorinus,0,0,0,0,0,0,0,0,0,0,0,0,0,0,0,0
10226,Myiagra azureocapilla,0,0,0,1,0,0,0,0,0,0,0,0,0,0,0,0
10227,Myiagra castaneigularis,0,0,0,0,0,0,0,0,0,0,0,0,0,0,0,0
10228,Myiagra hebetior,0,0,0,0,0,0,0,0,0,0,0,2,0,0,0,0
10229,Myiagra cervinicolor,0,0,0,0,0,0,0,0,0,0,0,2,0,0,0,0
10230,Myiagra eichhorni,0,0,0,0,0,0,0,0,0,0,0,0,0,0,0,0
10231,Myiagra inquieta,0,0,0,0,0,0,0,0,0,0,0,0,0,0,0,0
10232,Myiagra nana,0,0,0,0,0,0,0,0,0,0,0,0,0,0,0,0
10233,Arses telescopthalmus,0,0,0,0,0,0,0,0,0,0,0,0,0,0,0,0
10234,Arses lorealis,0,0,0,0,0,0,0,0,0,0,0,0,0,0,0,0
10235,Symposiachrus barbatus,0,0,0,0,0,0,0,0,0,0,0,2,0,0,0,0
10236,Symposiachrus malaitae,0,0,0,0,0,0,0,0,0,0,0,2,0,0,0,0
10237,Symposiachrus verticalis,0,0,0,0,0,0,0,0,0,0,0,0,0,0,0,0
10238,Symposiachrus ateralbus,0,0,0,0,0,0,0,0,0,0,0,2,0,0,0,0
10239,Monarcha castaneiventris,0,0,0,0,0,0,0,0,0,0,0,0,0,0,0,0
10240,Monarcha megarhynchus,0,0,0,0,0,0,0,0,0,0,0,0,0,0,0,0
10241,Monarcha ugiensis,0,0,0,0,0,0,0,0,0,0,0,0,0,0,0,0
10242,Trochocercus cyanomelas,0,0,0,0,0,0,0,0,0,0,0,0,0,0,0,0
10243,Trochocercus bivittatus,0,0,0,0,0,0,0,0,0,0,0,0,0,0,0,0
10244,Hypothymis azurea,0,0,0,0,0,0,0,0,0,0,0,0,0,0,0,0
10245,Hypothymis puella,0,0,0,0,0,0,0,0,0,0,0,0,0,0,0,0
10246,Terpsiphone cinnamomea,0,0,0,0,0,0,0,0,0,0,0,0,0,0,0,0
10247,Terpsiphone unirufa,0,0,0,0,0,0,0,0,0,0,0,0,0,0,0,0
10248,Terpsiphone paradisi,0,0,0,0,0,0,0,0,0,0,0,0,0,0,0,0
10249,Terpsiphone incei,0,0,0,0,0,0,0,0,0,0,0,0,0,0,0,0
10250,Terpsiphone affinis,0,0,0,0,0,0,0,0,0,0,0,0,0,0,0,0
10251,Terpsiphone floris,0,0,0,0,0,0,0,0,0,0,0,0,0,0,0,0
10252,Terpsiphone rufocinerea,0,0,0,0,0,0,0,0,0,0,0,0,0,0,0,0
10253,Terpsiphone batesi,0,0,0,0,0,0,0,0,0,0,0,0,0,0,0,0
10254,Lanius isabellinus,0,0,0,0,0,0,0,0,0,0,0,0,0,0,0,0
10255,Lanius phoenicuroides,0,0,0,0,0,0,0,0,0,0,0,0,0,0,0,0
10256,Lanius sphenocercus,0,0,0,0,0,0,0,0,0,0,0,0,0,0,0,0
10257,Lanius giganteus,0,0,0,0,0,0,0,0,0,0,0,0,0,0,0,0
10258,Lanius excubitor,0,0,0,0,0,0,0,0,0,0,0,0,0,0,0,0
10259,Lanius borealis,0,0,0,0,0,0,0,0,0,0,0,0,0,0,0,0
10260,Platysmurus leucopterus,0,0,0,2,0,1,0,0,0,0,0,2,0,0,0,0
10261,Platysmurus aterrimus,0,0,0,2,0,1,0,0,0,0,0,2,0,0,0,0
10262,Dendrocitta occipitalis,0,0,0,0,0,0,0,0,0,0,0,0,0,0,0,0
10263,Urocissa whiteheadi,0,0,0,1,0,0,0,0,1,0,0,2,2,0,0,0
10264,Urocissa xanthomelana,0,0,0,2,0,0,0,0,0,0,0,2,0,1,0,0
10265,Cyanopica cyanus,0,0,0,0,0,0,0,0,0,0,0,0,0,0,0,0
10266,Garrulus glandarius,0,0,0,0,0,0,0,0,0,0,0,0,0,0,0,0
10267,Garrulus leucotis,0,0,0,0,0,0,0,0,0,0,0,0,0,0,0,0
10268,Garrulus bispecularis,0,0,0,0,0,0,0,0,0,0,0,0,0,0,0,0
10269,Pica pica,0,0,0,0,0,0,0,0,0,0,0,0,0,0,0,0
10270,Pica mauritanica,0,0,0,1,0,0,0,0,0,0,0,0,0,0,0,0
10271,Pica asirensis,0,2,0,0,0,0,0,0,1,0,1,1,1,0,0,1
10272,Pica hudsonia,0,0,0,0,0,0,0,0,0,0,0,0,0,0,0,0
10273,Nucifraga caryocatactes,0,0,0,0,0,0,0,0,0,0,0,0,0,0,0,0
10274,Nucifraga hemispila,0,0,0,0,0,0,0,0,0,0,0,0,0,0,0,0
10275,Nucifraga multipunctata,0,0,0,0,0,0,0,0,0,0,0,0,0,0,0,0
10276,Corvus enca,0,0,0,0,0,0,0,0,0,0,0,0,0,0,0,0
10277,Corvus violaceus,0,0,0,0,0,0,0,0,0,0,0,0,0,0,0,0
10278,Corvus orru,0,0,0,0,0,0,0,0,0,0,0,0,0,0,0,0
10279,Corvus insularis,0,0,0,0,0,0,0,0,0,0,0,0,0,0,0,0
10280,Corvus macrorhynchos,0,0,0,0,0,0,0,0,0,0,0,0,0,0,0,0
10281,Cyanolyca armillata,0,0,0,0,0,0,0,0,0,0,0,0,0,0,0,0
10282,Cyanolyca quindiuna,0,0,0,0,0,0,0,0,0,0,0,0,0,0,0,0
10283,Aphelocoma californica,0,0,0,0,0,0,0,0,0,0,0,0,0,0,0,0
10284,Cyanocorax hafferi,0,0,0,1,1,0,0,0,0,0,0,1,1,0,0,0
10285,Lycocorax pyrrhopterus,0,0,0,0,0,0,0,0,0,0,0,0,0,0,0,0
10286,Lycocorax obiensis,0,0,0,0,0,0,0,0,0,0,0,0,0,0,0,0
10287,Parotia lawesii,0,0,0,0,0,0,0,0,0,0,0,0,0,0,0,0
10288,Parotia berlepschi,0,0,0,0,0,0,0,0,0,0,0,0,0,0,0,0
10289,Callaeas cinereus,0,0,0,0,0,0,0,0,0,2,0,0,0,0,0,0
10290,Callaeas wilsoni,0,0,0,0,0,0,0,0,0,1,0,0,0,0,0,0
10291,Philesturnus carunculatus,0,0,0,0,0,0,0,0,0,1,0,0,0,0,0,0
10292,Philesturnus rufusater,0,0,0,0,0,0,0,0,0,2,0,0,0,0,0,0
10293,Rhamphocharis crassirostris,0,0,0,0,0,0,0,0,0,0,0,0,0,0,0,0
10294,Rhamphocharis piperata,0,0,0,0,0,0,0,0,0,0,0,0,0,0,0,0
10295,Cnemophilus macgregorii,0,0,0,0,0,0,0,0,0,0,0,0,0,0,0,0
10296,Cnemophilus sanguineus,0,0,0,0,0,0,0,0,0,0,0,0,0,0,0,0
10297,Petroica multicolor,0,0,0,1,0,0,0,0,0,2,1,1,0,0,0,0
10298,Petroica pusilla,0,0,0,0,0,0,0,0,0,0,0,0,0,0,0,0
10299,Petroica macrocephala,0,0,0,0,0,0,0,0,0,0,0,0,0,0,0,0
10300,Petroica dannefaerdi,0,0,0,0,0,0,0,0,0,2,0,0,0,0,0,0
10301,Petroica australis,0,0,0,0,0,0,0,0,0,0,0,0,0,0,0,0
10302,Petroica longipes,0,0,0,0,0,0,0,0,0,0,0,0,0,0,0,0
10303,Monachella muelleriana,0,0,0,0,0,0,0,0,0,0,0,0,0,0,0,0
10304,Monachella coultasi,0,0,0,0,0,0,0,0,0,0,0,0,0,0,0,0
10305,Microeca flavigaster,0,0,0,0,0,0,0,0,0,0,0,0,0,0,0,0
10306,Drymodes superciliaris,0,0,0,0,0,0,0,0,0,0,0,0,0,0,0,0
10307,Drymodes beccarii,0,0,0,0,0,0,0,0,0,0,0,0,0,0,0,0
10308,Heteromyias albispecularis,0,0,0,0,0,0,0,0,0,0,0,0,0,0,0,0
10309,Heteromyias armiti,0,0,0,0,0,0,0,0,0,0,0,0,0,0,0,0
10310,Heteromyias cinereifrons,0,2,0,0,0,0,0,0,0,0,0,0,0,0,0,0
10311,Niltava vivida,0,0,0,0,0,0,0,0,0,0,0,0,0,0,0,0
10312,Niltava oatesi,0,0,0,0,0,0,0,0,0,0,0,0,0,0,0,0
10313,Cyanoptila cyanomelana,0,0,0,0,0,0,0,0,0,0,0,0,0,0,0,0
10314,Cyanoptila cumatilis,0,0,0,1,0,0,0,0,0,0,0,1,0,0,0,0
10315,Sittiparus varius,0,0,0,0,0,0,0,0,0,0,0,0,0,0,0,0
10316,Sittiparus castaneoventris,0,0,0,0,0,0,0,0,0,0,0,0,0,0,0,0
10317,Sittiparus owstoni,0,0,0,0,0,0,0,0,0,1,0,1,1,1,0,0
10318,Sittiparus olivaceus,0,0,0,0,0,0,0,0,0,0,0,0,0,0,0,0
10319,Eumyias oscillans,0,0,0,0,0,0,0,0,0,0,0,0,0,0,0,0
10320,Eumyias stresemanni,0,0,0,0,0,0,0,0,0,0,0,0,0,0,0,0
10321,Cyornis brunneatus,0,0,0,2,0,0,0,0,1,0,2,2,0,0,0,0
10322,Cyornis nicobaricus,0,0,0,2,0,0,0,0,0,0,0,0,0,0,0,0
10323,Poecile lugubris,0,0,0,0,0,0,0,0,0,0,0,0,0,0,0,0
10324,Poecile hyrcanus,0,0,0,0,0,0,0,0,0,0,0,0,0,0,0,0
10325,Crithagra striatipectus,0,0,0,0,0,0,0,0,0,0,0,0,0,0,0,0
10326,Cyornis herioti,0,0,0,1,0,0,0,0,0,0,0,1,1,0,0,0
10327,Crithagra canicapilla,0,0,0,0,0,0,0,0,0,0,0,0,0,0,0,0
10328,Cyornis camarinensis,0,0,0,1,0,0,0,0,0,0,0,1,1,0,0,0
10329,Cyanistes caeruleus,0,0,0,0,0,0,0,0,0,0,0,0,0,0,0,0
10330,Cyanistes teneriffae,0,0,0,0,0,0,0,0,0,0,0,0,0,0,0,0
10331,Cyornis tickelliae,0,0,0,0,0,0,0,0,0,0,0,0,0,0,0,0
10332,Crithagra reichardi,0,0,0,0,0,0,0,0,0,0,0,0,0,0,0,0
10333,Cyornis sumatrensis,0,0,0,0,0,0,0,0,0,0,0,0,0,0,0,0
10334,Cyornis rubeculoides,0,0,0,0,0,0,0,0,0,0,0,0,0,0,0,0
10335,Cyornis glaucicomans,0,0,0,0,0,0,0,0,0,0,0,0,0,0,0,0
10336,Cyornis rufigastra,0,0,0,0,0,0,0,0,0,0,0,0,0,0,0,0
10337,Cyornis djampeanus,0,0,0,0,0,0,0,0,0,0,0,1,0,0,0,0
10338,Crithagra gularis,0,0,0,0,0,0,0,0,0,0,0,0,0,0,0,0
10339,Melaniparus rufiventris,0,0,0,0,0,0,0,0,0,0,0,0,0,0,0,0
10340,Dessonornis anomalus,0,0,0,0,0,1,0,0,0,0,0,0,2,0,0,0
10341,Melaniparus niger,0,0,0,0,0,0,0,0,0,0,0,0,0,0,0,0
10342,Dessonornis macclounii,0,0,0,0,0,0,0,0,0,0,0,0,0,0,0,0
10343,Dessonornis mbuluensis,0,0,0,0,0,0,0,0,0,0,0,0,0,0,0,0
10344,Stiphrornis xanthogaster,0,0,0,0,0,0,0,0,0,1,0,1,0,0,0,0
10345,Stiphrornis erythrothorax,0,0,0,0,0,0,0,0,0,1,0,1,0,0,0,0
10346,Chrysocorythus estherae,0,0,0,0,0,0,0,0,0,0,0,0,0,0,0,0
10347,Chrysocorythus mindanensis,0,1,0,0,0,0,0,0,0,0,0,0,0,0,0,0
10348,Carduelis carduelis,0,0,0,0,0,0,0,0,2,0,0,0,0,0,0,0
10349,Carduelis caniceps,0,0,0,0,0,0,0,0,0,0,0,0,0,0,0,0
10350,Mirafra apiata,0,0,0,0,0,0,0,0,0,0,0,0,0,0,0,0
10351,Mirafra fasciolata,0,0,0,0,0,0,0,0,0,0,0,0,0,0,0,0
10352,Mirafra javanica,0,0,0,0,0,0,0,0,0,0,0,0,0,0,0,0
10353,Eremalauda dunni,0,0,0,0,0,0,0,0,0,0,0,0,0,0,0,0
10354,Eremalauda eremodites,0,0,0,0,0,0,0,0,0,0,0,0,0,0,0,0
10355,Calandrella eremica,0,0,0,0,0,0,0,0,0,0,0,0,0,0,0,0
10356,Calandrella blanfordi,0,0,0,0,0,0,0,0,0,0,0,0,0,0,0,0
10357,Calandrella cinerea,0,0,0,0,0,0,0,0,0,0,0,0,0,0,0,0
10358,Calandrella brachydactyla,0,0,0,0,0,0,0,0,0,0,0,0,0,0,0,0
10359,Calandrella dukhunensis,0,0,0,2,0,0,0,0,0,0,0,0,1,2,0,0
10360,Sylvietta brachyura,0,0,0,0,0,0,0,0,0,0,0,0,0,0,0,0
10361,Sylvietta leucopsis,0,0,0,0,0,0,0,0,0,0,0,0,0,0,0,0
10362,Sheppardia bocagei,0,0,0,0,0,0,0,0,0,0,0,0,0,0,0,0
10363,Sheppardia poensis,0,0,0,0,0,0,0,0,0,0,0,0,0,0,0,0
10364,Larvivora akahige,0,0,0,0,0,0,0,0,0,0,0,0,0,0,0,0
10365,Larvivora tanensis,0,0,0,0,0,0,0,0,0,2,0,0,0,0,0,0
10366,Larvivora komadori,0,0,0,0,0,0,0,0,0,1,0,0,0,0,0,0
10367,Emberiza tahapisi,0,0,0,0,0,0,0,0,0,0,0,0,0,0,0,0
10368,Emberiza goslingi,0,0,0,0,0,0,0,0,0,0,0,0,0,0,0,0
10369,Larvivora namiyei,0,0,0,0,1,0,0,0,0,1,0,2,1,0,0,0
10370,Emberiza spodocephala,0,0,0,0,0,0,0,0,0,0,0,0,0,0,0,0
10371,Emberiza personata,0,0,0,0,0,0,0,0,0,0,0,0,0,0,0,0
10372,Calliope pectoralis,0,0,0,0,0,0,0,0,0,0,0,0,0,0,0,0
10373,Calliope tschebaiewi,0,0,0,0,0,0,0,0,0,0,0,0,0,0,0,0
10374,Chlorospingus flavigularis,0,0,0,0,0,0,0,0,0,0,0,0,0,0,0,0
10375,Myiomela leucura,0,0,0,0,0,0,0,0,0,0,0,0,0,0,0,0
10376,Chlorospingus hypophaeus,0,0,0,0,0,0,0,0,0,0,0,0,0,0,0,0
10377,Ficedula narcissina,0,0,0,0,0,0,0,0,0,0,0,0,0,0,0,0
10378,Ficedula elisae,0,0,0,0,0,0,0,0,0,0,0,0,0,0,0,0
10379,Ficedula owstoni,0,0,0,0,0,0,0,0,0,0,0,0,0,0,0,0
10380,Arremon torquatus,0,0,0,0,0,0,0,0,0,0,0,0,0,0,0,0
10381,Ficedula hyperythra,0,0,0,0,0,0,0,0,0,0,0,0,0,0,0,0
10382,Ficedula luzoniensis,0,0,0,0,0,0,0,0,0,0,0,0,0,0,0,0
10383,Neomixis striatigula,0,0,0,0,0,0,0,0,0,0,0,0,0,0,0,0
10384,Neomixis pallidior,0,0,0,0,0,0,0,0,0,0,0,0,0,0,0,0
10385,Arremon taciturnus,0,0,0,0,0,0,0,0,0,0,0,0,0,0,0,0
10386,Arremon axillaris,0,0,0,0,0,0,0,0,0,0,0,0,0,0,0,0
10387,Ficedula dumetoria,0,0,0,1,0,1,0,0,0,0,0,1,0,0,0,0
10388,Arremon abeillei,0,0,0,0,0,0,0,0,0,0,0,0,0,0,0,0
10389,Ficedula riedeli,0,0,0,1,0,0,0,0,0,0,0,1,0,0,0,0
10390,Arremon nigriceps,0,0,0,0,0,0,0,0,0,0,0,0,0,0,0,0
10391,Artisornis moreaui,0,0,0,1,0,0,0,0,0,0,0,2,0,0,0,0
10392,Artisornis sousae,0,0,0,0,0,0,0,0,0,0,0,2,0,0,0,0
10393,Pipilo naufragus,0,0,0,0,0,0,0,0,0,1,0,0,0,0,0,0
10394,Apalis flavida,0,0,0,0,0,0,0,0,0,0,0,0,0,0,0,0
10395,Apalis flavocincta,0,0,0,0,0,0,0,0,0,0,0,0,0,0,0,0
10396,Pipilo maculatus,0,0,0,0,0,0,0,0,0,0,0,0,0,0,0,0
10397,Pipilo socorroensis,0,0,0,0,0,0,0,0,0,2,0,0,0,0,0,0
10398,Oenanthe oenanthe,0,0,0,1,0,0,0,0,1,0,0,0,1,0,0,0
10399,Atlapetes albofrenatus,0,0,0,0,0,0,0,0,0,0,0,0,0,0,0,0
10400,Oenanthe seebohmi,0,0,0,0,0,0,0,0,0,0,0,0,0,0,0,0
10401,Calamonastes undosus,0,0,0,0,0,0,0,0,0,0,0,0,0,0,0,0
10402,Atlapetes meridae,0,0,0,0,0,0,0,0,0,0,0,0,0,0,0,0
10403,Oenanthe bottae,0,0,0,0,0,0,0,0,0,0,0,0,0,0,0,0
10404,Oenanthe frenata,0,0,0,0,0,0,0,0,0,0,0,0,0,0,0,0
10405,Atlapetes tricolor,0,0,0,0,0,0,0,0,0,0,0,0,0,0,0,0
10406,Atlapetes crassus,0,0,0,0,0,0,0,0,0,0,0,0,0,0,0,0
10407,Atlapetes latinuchus,0,0,0,0,0,0,0,0,0,0,0,0,0,0,0,0
10408,Atlapetes nigrifrons,0,0,0,1,0,0,0,0,0,0,1,0,1,0,0,0
10409,Camaroptera brachyura,0,0,0,0,0,0,0,0,0,0,0,0,0,0,0,0
10410,Atlapetes schistaceus,0,0,0,0,0,0,0,0,0,0,0,0,0,0,0,0
10411,Atlapetes taczanowskii,0,0,0,0,0,0,0,0,0,0,0,0,0,0,0,0
10412,Camaroptera harterti,0,0,0,0,0,0,0,0,0,0,0,0,0,0,0,0
10413,Camaroptera chloronota,0,0,0,0,0,0,0,0,0,0,0,0,0,0,0,0
10414,Atlapetes leucopterus,0,0,0,0,0,0,0,0,0,0,0,0,0,0,0,0
10415,Camaroptera toroensis,0,0,0,0,0,0,0,0,0,0,0,0,0,0,0,0
10416,Atlapetes paynteri,0,0,0,0,0,0,0,0,0,0,0,0,0,0,0,0
10417,Irena puella,0,0,0,0,0,0,0,0,0,0,0,0,0,0,0,0
10418,Irena tweeddalii,0,0,0,0,0,0,0,0,0,0,0,1,1,0,0,0
10419,Chloropsis hardwickii,0,0,0,0,0,0,0,0,0,0,0,0,0,0,0,0
10420,Chloropsis lazulina,0,0,0,0,0,0,0,0,0,0,0,0,0,0,0,0
10421,Cisticola aberrans,0,0,0,0,0,0,0,0,0,0,0,0,0,0,0,0
10422,Chloropsis cochinchinensis,0,0,0,1,0,0,0,0,3,0,0,0,0,0,0,0
10423,Cisticola bailunduensis,0,0,0,0,0,0,0,0,0,0,0,0,0,0,0,0
10424,Chloropsis moluccensis,0,0,0,0,0,0,0,0,0,0,0,0,0,0,0,0
10425,Dicaeum anthonyi,0,0,0,0,0,0,0,0,0,0,0,0,0,0,0,0
10426,Cisticola galactotes,0,0,0,0,0,0,0,0,0,0,0,0,0,0,0,0
10427,Dicaeum kampalili,0,0,0,1,0,0,0,0,0,0,0,1,0,0,0,0
10428,Cisticola marginatus,0,0,0,0,0,0,0,0,0,0,0,0,0,0,0,0
10429,Dicaeum concolor,0,0,0,0,0,0,0,0,0,0,0,0,0,0,0,0
10430,Cisticola lugubris,0,0,0,0,0,0,0,0,0,0,0,0,0,0,0,0
10431,Dicaeum minullum,0,0,0,0,0,0,0,0,0,0,0,0,0,0,0,0
10432,Cisticola haematocephalus,0,0,0,0,0,0,0,0,0,0,0,0,0,0,0,0
10433,Cisticola luapula,0,0,0,0,0,0,0,0,0,0,0,0,0,0,0,0
10434,Dicaeum erythrothorax,0,0,0,0,0,0,0,0,0,0,0,0,0,0,0,0
10435,Dicaeum schistaceiceps,0,0,0,0,0,0,0,0,0,0,0,0,0,0,0,0
10436,Cisticola brunnescens,0,0,0,0,0,0,0,0,0,0,0,0,0,0,0,0
10437,Cisticola cinnamomeus,0,0,0,0,0,0,0,0,0,0,0,0,0,0,0,0
10438,Melozone biarcuata,0,0,0,0,0,0,0,0,0,0,0,0,0,0,0,0
10439,Melozone cabanisi,0,0,0,0,0,0,0,0,0,1,0,0,2,0,0,0
10440,Prinia atrogularis,0,0,0,0,0,0,0,0,0,0,0,0,0,0,0,0
10441,Dicaeum wilhelminae,0,0,0,0,0,0,0,0,0,0,0,0,0,0,0,0
10442,Melozone leucotis,0,0,0,0,0,0,0,0,0,0,0,0,0,0,0,0
10443,Dicaeum hanieli,0,0,0,0,0,0,0,0,0,0,0,0,0,0,0,0
10444,Melozone occipitalis,0,0,0,0,0,0,0,0,0,0,0,0,0,0,0,0
10445,Dicaeum ignipectus,0,0,0,0,0,0,0,0,0,0,0,0,0,0,0,0
10446,Dicaeum beccarii,0,0,0,0,0,0,0,0,0,0,0,0,0,0,0,0
10447,Prinia superciliaris,0,0,0,0,0,0,0,0,0,0,0,0,0,0,0,0
10448,Prinia khasiana,0,0,0,0,0,0,0,0,0,0,0,0,0,0,0,0
10449,Junco bairdi,0,0,0,0,0,0,0,0,0,0,0,0,0,0,0,0
10450,Prinia flaviventris,0,0,0,0,0,0,0,0,0,0,0,0,0,0,0,0
10451,Dicaeum cambodianum,0,0,0,0,0,0,0,0,0,0,0,0,0,0,0,0
10452,Prinia sonitans,0,0,0,0,0,0,0,0,0,0,0,0,0,0,0,0
10453,Dicaeum luzoniense,0,0,0,0,0,0,0,0,0,0,0,0,0,0,0,0
10454,Dicaeum hirundinaceum,0,0,0,0,0,0,0,0,0,0,0,0,0,0,0,0
10455,Dicaeum keiense,0,0,0,0,0,0,0,0,0,0,0,0,0,0,0,0
10456,Dicaeum ignicolle,0,0,0,0,0,0,0,0,0,0,0,0,0,0,0,0
10457,Orthotomus chaktomuk,1,0,0,2,0,1,0,0,0,0,0,0,1,0,0,0
10458,Orthotomus castaneiceps,0,0,0,0,0,0,0,0,0,0,0,0,0,0,0,0
10459,Orthotomus chloronotus,0,0,0,0,0,0,0,0,0,0,0,0,0,0,0,0
10460,Arachnothera longirostra,0,0,0,0,0,0,0,0,0,0,0,0,0,0,0,0
10461,Junco phaeonotus,0,0,0,0,0,0,0,0,0,0,0,0,0,0,0,0
10462,Arachnothera dilutior,0,0,0,0,0,0,0,0,0,0,0,0,0,0,0,0
10463,Nesillas typica,0,0,0,0,0,0,0,0,0,0,0,0,0,0,0,0
10464,Arachnothera flammifera,0,0,0,0,0,0,0,0,0,0,0,0,0,0,0,0
10465,Passerella iliaca,0,0,0,0,0,0,0,0,0,0,0,0,0,0,0,0
10466,Passerella unalaschcensis,0,0,0,0,0,0,0,0,0,0,0,0,0,0,0,0
10467,Calamonastides gracilirostris,0,0,0,2,0,1,0,0,0,1,1,0,1,0,0,0
10468,Calamonastides bensoni,0,0,0,2,0,1,0,0,0,0,1,0,0,0,0,0
10469,Acrocephalus luscinius,0,0,0,0,1,0,0,0,0,2,0,0,0,0,1,0
10470,Acrocephalus yamashinae,0,0,0,1,1,0,0,0,0,1,0,0,0,0,0,0
10471,Acrocephalus nijoi,0,0,0,1,0,0,0,0,0,1,0,0,0,0,0,0
10472,Artemisiospiza belli,0,0,0,0,0,0,0,0,0,0,0,0,0,0,0,0
10473,Acrocephalus hiwae,0,0,0,1,0,0,0,1,0,3,0,0,1,0,0,0
10474,Acrocephalus astrolabii,0,0,0,0,0,0,0,0,0,0,0,0,0,0,0,0
10475,Artemisiospiza nevadensis,0,0,0,0,0,0,0,0,0,0,0,0,0,0,0,0
10476,Passerculus sandwichensis,0,0,0,0,0,0,0,0,0,0,0,0,0,0,0,0
10477,Passerculus guttatus,0,0,0,0,0,0,0,0,0,0,0,0,0,0,0,0
10478,Passerculus sanctorum,0,0,0,0,0,0,0,0,0,0,0,0,0,0,0,0
10479,Psarocolius angustifrons,0,0,0,0,0,0,0,0,0,0,0,0,0,0,0,0
10480,Psarocolius oleagineus,0,0,0,0,0,0,0,0,0,0,0,0,0,0,0,0
10481,Helopsaltes fasciolatus,0,0,0,0,0,0,0,0,0,0,0,0,0,0,0,0
10482,Locustella thoracica,0,0,0,0,0,0,0,0,0,0,0,0,0,0,0,0
10483,Locustella montis,0,0,0,0,0,0,0,0,0,0,0,0,0,0,0,0
10484,Locustella chengi,0,0,0,0,0,0,0,0,0,0,0,0,0,0,0,0
10485,Arachnothera affinis,0,0,0,0,0,0,0,0,0,0,0,0,0,0,0,0
10486,Arachnothera modesta,0,0,0,0,0,0,0,0,0,0,0,0,0,0,0,0
10487,Deleornis fraseri,0,0,0,0,0,0,0,0,0,0,0,0,0,0,0,0
10488,Deleornis axillaris,0,0,0,0,0,0,0,0,0,0,0,0,0,0,0,0
10489,Anthreptes malacensis,0,0,0,0,0,0,0,0,0,0,0,0,0,0,0,0
10490,Cacicus microrhynchus,0,0,0,0,0,0,0,0,0,0,0,0,0,0,0,0
10491,Anthreptes griseigularis,0,0,0,0,0,0,0,0,0,0,0,0,0,0,0,0
10492,Cacicus pacificus,0,0,0,0,0,0,0,0,0,0,0,0,0,0,0,0
10493,Cacicus cela,0,0,0,0,0,0,0,0,0,0,0,0,0,0,0,0
10494,Cacicus flavicrissus,0,0,0,0,0,0,0,0,0,0,0,0,0,0,0,0
10495,Anthreptes rectirostris,0,1,0,0,0,0,0,0,0,0,0,2,0,0,0,0
10496,Anthreptes tephrolaemus,0,0,0,0,0,0,0,0,0,0,0,0,0,0,0,0
10497,Icterus spurius,0,0,0,0,0,0,0,0,0,0,0,0,0,0,0,0
10498,Agelaioides badius,0,0,0,0,0,0,0,0,0,0,0,0,0,0,0,0
10499,Cincloramphus timoriensis,0,0,0,0,0,0,0,0,0,0,0,0,0,0,0,0
10500,Agelaioides fringillarius,0,0,0,0,0,0,0,0,0,0,0,0,0,0,0,0
10501,Cincloramphus macrurus,0,0,0,0,0,0,0,0,0,0,0,0,0,0,0,0
10502,Leptocoma sperata,0,0,0,0,0,0,0,0,0,0,0,0,0,0,0,0
10503,Leptocoma brasiliana,0,0,0,0,0,0,0,0,0,0,0,0,0,0,0,0
10504,Leptocoma juliae,0,0,0,0,0,0,0,0,0,0,0,0,0,0,0,0
10505,Geothlypis aequinoctialis,0,0,0,0,0,0,0,0,0,0,0,0,0,0,0,0
10506,Geothlypis chiriquensis,0,0,0,0,0,0,0,0,0,0,0,0,0,0,0,0
10507,Geothlypis auricularis,0,0,0,0,0,0,0,0,0,0,0,0,0,0,0,0
10508,Geothlypis semiflava,0,0,0,0,0,0,0,0,0,0,0,0,0,0,0,0
10509,Geothlypis bairdi,0,0,0,0,0,0,0,0,0,0,0,0,0,0,0,0
10510,Cinnyris manoensis,0,0,0,0,0,0,0,0,0,0,0,0,0,0,0,0
10511,Cinnyris gertrudis,0,0,0,0,0,0,0,0,0,0,0,0,0,0,0,0
10512,Cinnyris afer,0,0,0,0,0,0,0,0,0,0,0,0,0,0,0,0
10513,Poodytes punctatus,0,0,0,0,0,0,0,0,0,0,0,0,0,0,0,0
10514,Cinnyris stuhlmanni,0,0,0,0,0,0,0,0,0,0,0,0,0,0,0,0
10515,Poodytes caudatus,0,0,0,0,0,0,0,0,0,2,0,0,0,0,0,0
10516,Setophaga coronata,0,0,0,0,0,0,0,0,0,0,0,0,0,0,0,0
10517,Cinnyris prigoginei,0,0,0,2,0,0,0,0,0,0,0,0,0,0,0,0
10518,Cinnyris ludovicensis,0,0,0,0,0,0,0,0,0,0,0,0,0,0,0,0
10519,Cincloramphus whitneyi,0,0,0,0,0,0,0,0,0,1,0,0,0,0,0,0
10520,Setophaga auduboni,0,0,0,0,0,0,0,0,0,0,0,0,0,0,0,0
10521,Cincloramphus turipavae,0,0,0,0,0,0,0,0,0,1,0,0,0,0,0,0
10522,Setophaga pitiayumi,0,0,0,0,0,0,0,0,0,0,0,0,0,0,0,0
10523,Setophaga graysoni,0,0,0,0,0,0,0,0,0,0,0,0,0,0,0,0
10524,Robsonius rabori,0,0,0,0,0,0,0,0,0,0,0,2,0,0,0,0
10525,Cinnyris mediocris,0,0,0,0,0,0,0,0,0,0,0,0,0,0,0,0
10526,Robsonius thompsoni,0,0,0,0,0,0,0,0,0,0,0,2,0,0,0,0
10527,Myiothlypis rivularis,0,0,0,0,0,0,0,0,0,0,0,0,0,0,0,0
10528,Cinnyris usambaricus,0,0,0,1,0,0,0,0,0,0,0,0,0,1,0,0
10529,Myiothlypis mesoleuca,0,0,0,0,0,0,0,0,0,0,0,0,0,0,0,0
10530,Myiothlypis bivittata,0,0,0,0,0,0,0,0,0,0,0,0,0,0,0,0
10531,Myiothlypis roraimae,0,0,0,0,0,0,0,0,0,0,0,0,0,0,0,0
10532,Myiothlypis chrysogaster,0,0,0,0,0,0,0,0,0,0,0,0,0,0,0,0
10533,Cinnyris pulchellus,0,0,0,0,0,0,0,0,0,0,0,0,0,0,0,0
10534,Myiothlypis chlorophrys,0,0,0,0,0,0,0,0,0,0,0,0,0,0,0,0
10535,Cinnyris melanogastrus,0,0,0,0,0,0,0,0,0,0,0,0,0,0,0,0
10536,Cinnyris bifasciatus,0,0,0,0,0,0,0,0,0,0,0,0,0,0,0,0
10537,Basileuterus culicivorus,0,0,0,0,0,0,0,0,0,0,0,0,0,0,0,0
10538,Cinnyris tsavoensis,0,0,0,0,0,0,0,0,0,0,0,0,0,0,0,0
10539,Basileuterus cabanisi,0,0,0,0,0,0,0,0,0,0,0,0,0,0,0,0
10540,Basileuterus auricapilla,0,0,0,0,0,0,0,0,0,0,0,0,0,0,0,0
10541,Cinnyris habessinicus,0,0,0,0,0,0,0,0,0,0,0,0,0,0,0,0
10542,Cinnyris hellmayri,0,0,0,0,0,0,0,0,0,0,0,0,0,0,0,0
10543,Myioborus ornatus,0,0,0,1,0,0,0,0,0,0,0,1,0,0,0,0
10544,Myioborus chrysops,0,0,0,1,0,0,0,0,0,0,0,1,0,0,0,0
10545,Cinnyris jugularis,0,0,0,0,0,0,0,0,0,0,0,0,0,0,0,0
10546,Cinnyris idenburgi,0,0,0,0,0,0,0,0,0,0,0,0,0,0,0,0
10547,Cinnyris notatus,0,0,0,0,0,0,0,0,0,0,0,0,0,0,0,0
10548,Cinnyris moebii,0,0,0,0,0,0,0,0,0,0,0,0,0,0,0,0
10549,Cinnyris voeltzkowi,0,0,0,0,0,0,0,0,0,0,0,0,0,0,0,0
10550,Granatellus venustus,0,0,0,0,0,0,0,0,0,0,0,0,0,0,0,0
10551,Granatellus francescae,0,0,0,0,0,0,0,0,0,1,1,1,1,0,0,0
10552,Granatellus pelzelni,0,0,0,0,0,0,0,0,0,0,0,0,0,0,0,0
10553,Aethopyga mystacalis,0,0,0,0,0,0,0,0,0,0,0,0,0,0,0,0
10554,Granatellus paraensis,0,0,0,0,0,0,0,0,0,0,0,0,0,0,0,0
10555,Aethopyga temminckii,0,0,0,0,0,0,0,0,0,0,0,0,0,0,0,0
10556,Aethopyga siparaja,0,0,0,0,0,0,0,0,0,0,0,0,0,0,0,0
10557,Aethopyga vigorsii,0,0,0,0,0,0,0,0,0,0,0,0,0,0,0,0
10558,Aethopyga flagrans,0,0,0,0,0,0,0,0,0,0,0,0,0,0,0,0
10559,Aethopyga guimarasensis,0,0,0,0,0,0,0,0,0,0,0,0,0,0,0,0
10560,Aethopyga magnifica,0,0,0,0,0,0,0,0,0,0,0,0,0,0,0,0
10561,Aethopyga christinae,0,0,0,0,0,0,0,0,0,0,0,0,0,0,0,0
10562,Aethopyga latouchii,0,0,0,0,0,0,0,0,0,0,0,0,0,0,0,0
10563,Euplectes ardens,0,0,0,0,0,0,0,0,0,0,0,0,0,0,0,0
10564,Cyanoloxia cyanoides,0,0,0,0,0,0,0,0,0,0,0,0,0,0,0,0
10565,Euplectes laticauda,0,0,0,0,0,0,0,0,0,0,0,0,0,0,0,0
10566,Cyanoloxia rothschildii,0,0,0,0,0,0,0,0,0,0,0,0,0,0,0,0
10567,Foudia eminentissima,0,0,0,0,0,0,0,0,0,1,0,1,0,0,0,0
10568,Foudia aldabrana,0,2,0,0,0,0,0,0,0,2,0,0,0,0,0,0
10569,Habia carmioli,0,0,0,0,0,0,0,0,0,0,0,0,0,0,0,0
10570,Foudia consobrina,0,0,0,0,0,0,0,0,0,1,0,0,0,0,0,0
10571,Habia frenata,0,0,0,0,0,0,0,0,0,0,0,0,0,0,0,0
10572,Piranga flava,0,0,0,0,0,0,0,0,0,0,0,0,0,0,0,0
10573,Foudia delloni,0,0,0,0,0,0,0,0,0,1,0,0,0,0,0,0
10574,Piranga hepatica,0,0,0,0,0,0,0,0,0,0,0,0,0,0,0,0
10575,Ploceus nigricollis,0,0,0,0,0,0,0,0,0,0,0,0,0,0,0,0
10576,Ploceus brachypterus,0,0,0,0,0,0,0,0,0,0,0,0,0,0,0,0
10577,Delichon urbicum,0,2,0,0,0,0,0,0,0,1,0,0,0,0,0,0
10578,Delichon lagopodum,0,0,0,0,0,0,0,0,0,0,0,0,0,0,0,0
10579,Dacnis lineata,0,0,0,0,0,0,0,0,0,0,0,0,0,0,0,0
10580,Ploceus nigerrimus,0,0,0,0,0,0,0,0,0,0,0,0,0,0,0,0
10581,Ploceus castaneofuscus,0,0,0,0,0,0,0,0,0,0,0,0,0,0,0,0
10582,Dacnis egregia,0,0,0,0,0,0,0,0,0,0,0,0,0,0,0,0
10583,Anaplectes rubriceps,0,0,0,0,0,0,0,0,0,0,0,0,0,0,0,0
10584,Anaplectes leuconotos,0,0,0,0,0,0,0,0,0,0,0,0,0,0,0,0
10585,Cecropis daurica,0,0,0,0,0,0,0,0,0,0,0,0,0,0,0,0
10586,Saltator coerulescens,0,0,0,0,0,0,0,0,0,0,0,0,0,0,0,0
10587,Anaplectes jubaensis,0,0,0,0,0,0,0,0,0,0,0,0,0,0,0,0
10588,Cecropis hyperythra,0,0,0,0,0,0,0,0,0,0,0,0,0,0,0,0
10589,Saltator grandis,0,0,0,0,0,0,0,0,0,0,0,0,0,0,0,0
10590,Saltator olivascens,0,0,0,0,0,0,0,0,0,0,0,0,0,0,0,0
10591,Lagonosticta rhodopareia,0,0,0,0,0,0,0,0,0,0,0,0,0,0,0,0
10592,Lagonosticta umbrinodorsalis,0,0,0,0,0,0,0,0,0,0,0,0,0,0,0,0
10593,Lagonosticta larvata,0,0,0,0,0,0,0,0,0,0,0,0,0,0,0,0
10594,Lagonosticta vinacea,0,0,0,0,0,0,0,0,0,0,0,0,0,0,0,0
10595,Lagonosticta nigricollis,0,0,0,0,0,0,0,0,0,0,0,0,0,0,0,0
10596,Melopyrrha nigra,0,0,0,2,0,0,0,0,2,0,0,0,2,0,0,0
10597,Pytilia phoenicoptera,0,0,0,0,0,0,0,0,0,0,0,0,0,0,0,0
10598,Melopyrrha taylori,0,0,0,0,0,0,0,0,0,2,0,0,2,0,0,0
10599,Pytilia lineata,0,0,0,0,0,0,0,0,0,0,0,0,0,0,0,0
10600,Estrilda atricapilla,0,0,0,0,0,0,0,0,0,0,0,0,0,0,0,0
10601,Estrilda kandti,0,0,0,0,0,0,0,0,0,0,0,0,0,0,0,0
10602,Certhidea olivacea,0,0,0,1,0,0,0,0,0,2,0,0,1,0,0,0
10603,Coccopygia melanotis,0,0,0,0,0,0,0,0,0,0,0,0,0,0,0,0
10604,Certhidea fusca,0,0,0,0,0,0,0,0,0,0,0,0,0,0,0,0
10605,Coccopygia quartinia,0,0,0,0,0,0,0,0,0,0,0,0,0,0,0,0
10606,Coccopygia bocagei,0,0,0,0,0,0,0,0,0,0,0,0,0,0,0,0
10607,Geospiza difficilis,0,0,0,0,0,0,0,0,0,0,0,0,0,0,0,0
10608,Geospiza septentrionalis,0,0,0,0,0,0,0,0,0,2,0,0,0,0,0,0
10609,Riparia paludicola,0,0,0,0,0,0,0,0,0,0,0,0,0,0,0,0
10610,Geospiza acutirostris,0,0,0,0,0,0,0,0,0,0,0,0,0,0,0,0
10611,Riparia cowani,0,0,0,0,0,0,0,0,0,0,0,0,0,0,0,0
10612,Geospiza conirostris,0,0,0,0,0,0,0,0,0,0,0,0,0,0,0,0
10613,Riparia chinensis,0,0,0,0,0,0,0,0,0,0,0,0,0,0,0,0
10614,Geospiza propinqua,0,0,0,0,0,0,0,0,0,0,0,0,0,0,0,0
10615,Riparia riparia,0,1,0,0,1,0,0,0,0,0,0,0,1,0,0,0
10616,Sporophila torqueola,0,0,0,0,0,0,0,0,0,0,0,0,0,0,0,0
10617,Bleda notatus,0,0,0,0,0,0,0,0,0,0,0,0,0,0,0,0
10618,Sporophila corvina,0,0,0,0,0,0,0,0,0,0,0,0,0,0,0,0
10619,Bleda ugandae,0,0,0,0,0,0,0,0,0,0,0,0,0,0,0,0
10620,Sporophila ophthalmica,0,0,0,0,0,0,0,0,0,0,0,0,0,0,0,0
10621,Atimastillas flavicollis,0,0,0,0,0,0,0,0,0,0,0,0,0,0,0,0
10622,Atimastillas flavigula,0,0,0,0,0,0,0,0,0,0,0,0,0,0,0,0
10623,Neochmia phaeton,0,0,0,0,0,0,0,0,0,0,0,0,0,0,0,0
10624,Neochmia evangelinae,0,0,0,0,0,0,0,0,0,0,0,0,0,0,0,0
10625,Sporophila bouvreuil,0,0,0,0,0,0,0,0,0,0,0,0,0,0,0,0
10626,Taeniopygia guttata,0,0,0,0,0,0,0,0,0,0,0,0,0,0,0,0
10627,Taeniopygia castanotis,0,0,0,0,0,0,0,0,0,0,0,0,0,0,0,0
10628,Sporophila beltoni,0,0,0,0,0,0,0,0,2,0,0,0,0,2,0,0
10629,Arizelocichla nigriceps,0,0,0,0,0,0,0,0,0,0,0,0,0,0,0,0
10630,Arizelocichla fusciceps,0,0,0,0,0,0,0,0,0,0,0,0,0,0,0,0
10631,Arizelocichla chlorigula,0,0,0,0,0,0,0,0,0,0,0,0,0,0,0,0
10632,Arizelocichla neumanni,0,0,0,0,0,0,0,0,0,0,0,0,0,0,0,0
10633,Vidua interjecta,0,0,0,0,0,0,0,0,0,0,0,0,0,0,0,0
10634,Sporophila iberaensis,0,0,0,2,0,0,0,0,2,0,2,0,0,0,0,0
10635,Vidua orientalis,0,0,0,0,0,0,0,0,0,0,0,0,0,0,0,0
10636,Passer domesticus,0,0,0,0,0,0,0,0,0,0,0,0,0,0,0,0
10637,Passer italiae,0,0,0,1,0,0,0,0,0,0,0,0,0,0,1,0
10638,Cnemoscopus rubrirostris,0,0,0,0,0,0,0,0,0,0,0,0,0,0,0,0
10639,Phyllastrephus debilis,0,0,0,0,0,0,0,0,0,0,0,0,0,0,0,0
10640,Cnemoscopus chrysogaster,0,0,0,0,0,0,0,0,0,0,0,0,0,0,0,0
10641,Phyllastrephus albigula,0,0,0,1,0,0,0,0,0,0,0,1,0,0,0,0
10642,Phyllastrephus albigularis,0,0,0,0,0,0,0,0,0,0,0,0,0,0,0,0
10643,Montifringilla nivalis,0,0,0,0,0,0,0,0,0,0,0,0,0,0,0,0
10644,Phyllastrephus viridiceps,0,0,0,2,0,0,0,0,0,0,0,2,0,0,0,0
10645,Alophoixus pallidus,0,0,0,0,0,0,0,0,0,0,0,0,0,0,0,0
10646,Alophoixus griseiceps,0,0,0,0,0,0,0,0,0,0,0,0,0,0,0,0
10647,Anthus lutescens,0,0,0,0,0,0,0,0,0,0,0,0,0,0,0,0
10648,Anthus peruvianus,0,0,0,0,0,0,0,0,0,0,0,0,0,0,0,0
10649,Alophoixus ochraceus,0,0,0,0,0,0,0,0,0,0,0,0,0,0,0,0
10650,Alophoixus ruficrissus,0,0,0,0,0,0,0,0,0,0,0,0,0,0,0,0
10651,Alophoixus bres,0,0,0,0,0,0,0,0,3,0,0,0,0,0,0,0
10652,Alophoixus tephrogenys,0,0,0,0,0,2,0,0,2,0,0,2,2,2,0,0
10653,Anthus richardi,0,0,0,0,0,0,0,0,0,0,0,0,0,0,0,0
10654,Anthus nyassae,0,0,0,0,0,0,0,0,0,0,0,0,0,0,0,0
10655,Alophoixus frater,0,0,0,0,0,0,0,0,0,0,0,0,0,0,0,0
10656,Anthus similis,0,0,0,0,0,0,0,0,0,0,0,0,0,0,0,0
10657,Anthus cinnamomeus,0,0,0,0,0,0,0,0,0,0,0,0,0,0,0,0
10658,Motacilla flava,0,0,0,0,0,0,0,0,0,0,0,0,0,0,0,0
10659,Motacilla tschutschensis,0,0,0,0,0,0,0,0,0,0,0,0,0,0,0,0
10660,Fringilla teydea,0,0,0,0,0,2,0,0,1,0,0,1,0,0,0,1
10661,Hemixos flavala,0,0,0,0,0,0,0,0,0,0,0,0,0,0,0,0
10662,Fringilla polatzeki,0,0,0,0,0,2,0,0,1,1,0,1,0,0,0,1
10663,Hemixos connectens,0,0,0,0,0,0,0,0,0,0,0,0,0,0,0,0
10664,Hemixos cinereus,0,0,0,0,0,0,0,0,0,0,0,0,0,0,0,0
10665,Kleinothraupis atropileus,0,0,0,0,0,0,0,0,0,0,0,0,0,0,0,0
10666,Kleinothraupis auricularis,0,0,0,0,0,0,0,0,0,0,0,0,0,0,0,0
10667,Ixos virescens,0,0,0,0,0,0,0,0,0,0,0,0,0,0,0,0
10668,Ixos sumatranus,0,0,0,0,0,0,0,0,0,0,0,0,0,0,0,0
10669,Akialoa ellisiana,0,0,0,0,0,0,0,0,0,0,0,0,0,0,0,0
10670,Akialoa stejnegeri,0,0,0,0,0,0,0,0,0,0,0,0,0,0,0,0
10671,Sphenopsis melanotis,0,0,0,0,0,0,0,0,0,0,0,0,0,0,0,0
10672,Sphenopsis ochracea,0,0,0,0,0,0,0,0,0,0,0,0,0,0,0,0
10673,Sphenopsis piurae,0,0,0,0,0,0,0,0,0,0,0,0,0,0,0,0
10674,Akialoa lanaiensis,0,0,0,0,0,0,0,0,0,0,0,0,0,0,0,0
10675,Hypsipetes everetti,0,0,0,0,0,0,0,0,0,0,0,0,0,0,0,0
10676,Hypsipetes catarmanensis,0,0,0,0,0,0,0,0,0,0,0,0,0,0,0,0
10677,Hemignathus lucidus,0,0,0,0,0,0,0,0,0,2,1,1,0,0,0,0
10678,Hypsipetes haynaldi,0,0,0,2,0,0,0,0,0,0,0,0,0,0,0,0
10679,Hemignathus hanapepe,0,1,0,0,0,0,0,0,0,2,1,0,0,0,0,0
10680,Hemignathus affinis,0,1,0,0,0,0,0,0,0,2,1,0,0,0,0,0
10681,Hypsipetes parvirostris,0,0,0,1,0,0,0,0,0,0,0,0,0,0,0,0
10682,Hypsipetes moheliensis,0,0,0,1,0,0,0,0,0,0,0,1,0,0,0,0
10683,Loxops coccineus,0,2,0,0,0,0,0,0,0,2,0,1,0,0,0,0
10684,Hypsipetes leucocephalus,0,0,0,0,0,0,0,0,0,0,0,0,0,0,0,0
10685,Hypsipetes ganeesa,0,0,0,0,0,0,0,0,0,0,0,0,0,0,0,0
10686,Loxops ochraceus,0,0,0,1,0,0,0,0,0,2,1,1,0,0,0,0
10687,Loxops wolstenholmei,0,0,0,1,0,0,0,0,0,1,0,0,0,0,0,0
10688,Rubigula melanictera,0,0,0,0,0,0,0,0,0,0,0,0,0,0,0,0
10689,Rubigula gularis,0,0,0,0,0,0,0,0,0,0,0,0,0,0,0,0
10690,Rubigula flaviventris,0,0,0,0,0,0,0,0,0,0,0,0,0,0,0,0
10691,Rubigula dispar,0,0,0,0,0,0,0,0,2,0,0,1,0,0,0,0
10692,Microspingus torquatus,0,0,0,0,0,0,0,0,0,0,0,0,0,0,0,0
10693,Microspingus pectoralis,0,0,0,0,0,0,0,0,0,0,0,0,0,0,0,0
10694,Rubigula montis,0,0,0,0,0,0,0,0,0,0,0,0,0,0,0,0
10695,Pycnonotus bimaculatus,0,0,0,0,0,0,0,0,2,0,0,0,0,0,0,0
10696,Himatione sanguinea,0,0,0,0,0,0,0,0,0,1,0,0,0,0,0,0
10697,Himatione fraithii,0,0,0,0,0,0,0,0,0,1,0,0,0,0,0,0
10698,Pycnonotus snouckaerti,0,0,0,0,0,0,0,0,2,0,0,0,0,0,0,0
10699,Pycnonotus finlaysoni,0,0,0,0,0,0,0,0,0,0,0,0,0,0,0,0
10700,Pycnonotus davisoni,0,0,0,0,0,0,0,0,0,0,0,0,0,0,0,0
10701,Carpodacus rodopeplus,0,0,0,0,0,0,0,0,0,0,0,0,0,0,0,0
10702,Pycnonotus flavescens,0,0,0,0,0,0,0,0,0,0,0,0,0,0,0,0
10703,Carpodacus verreauxii,0,0,0,0,0,0,0,0,0,0,0,0,0,0,0,0
10704,Pycnonotus leucops,0,0,0,0,0,0,0,0,0,0,0,0,0,0,0,0
10705,Pycnonotus plumosus,0,0,0,0,0,0,0,0,0,0,0,0,0,0,0,0
10706,Pycnonotus cinereifrons,0,0,0,0,0,0,0,0,0,0,0,0,0,0,0,0
10707,Carpodacus vinaceus,0,0,0,0,0,0,0,0,0,0,0,0,0,0,0,0
10708,Carpodacus formosanus,0,0,0,0,0,0,0,0,0,0,0,0,0,0,0,0
10709,Carpodacus synoicus,0,0,0,0,0,0,0,0,0,0,0,0,0,0,0,0
10710,Carpodacus stoliczkae,0,0,0,0,0,0,0,0,0,0,0,0,0,0,0,0
10711,Brachypodius atriceps,0,0,0,0,0,0,0,0,0,0,0,0,0,0,0,0
10712,Brachypodius fuscoflavescens,0,0,0,1,0,0,0,0,0,0,1,1,1,1,0,0
10713,Carpodacus thura,0,0,0,0,0,0,0,0,0,0,0,0,0,0,0,0
10714,Carpodacus dubius,0,0,0,0,0,0,0,0,0,0,0,0,0,0,0,0
10715,Pyrrhula nipalensis,0,0,0,0,0,0,0,0,0,0,0,0,0,0,0,0
10716,Sicalis olivascens,0,0,0,0,0,0,0,0,0,0,0,0,0,0,0,0
10717,Pyrrhula waterstradti,0,2,0,0,0,1,0,0,0,0,0,0,0,0,0,0
10718,Sicalis mendozae,0,0,0,0,0,0,0,0,0,0,0,0,0,0,0,0
10719,Hypsipetes affinis,0,0,0,0,0,0,0,0,0,0,0,0,0,0,0,0
10720,Xenodacnis parina,0,0,0,0,0,0,0,0,0,0,0,0,0,0,0,0
10721,Xenodacnis petersi,0,0,0,0,0,1,0,0,0,1,1,1,0,0,0,0
10722,Hypsipetes mysticalis,0,0,0,0,0,0,0,0,0,0,0,0,0,0,0,0
10723,Hypsipetes lucasi,0,0,0,0,0,0,0,0,0,0,0,0,0,0,0,0
10724,Hypsipetes chloris,0,0,0,0,0,0,0,0,0,0,0,0,0,0,0,0
10725,Pipraeidea bonariensis,0,0,0,0,0,0,0,0,0,0,0,0,0,0,0,0
10726,Pipraeidea darwinii,0,0,0,0,0,0,0,0,0,0,0,0,0,0,0,0
10727,Hypsipetes aureus,0,0,0,0,0,0,0,0,0,0,0,0,0,0,0,0
10728,Hypsipetes platenae,0,0,0,2,0,0,0,0,0,0,0,2,0,0,0,0
10729,Hypsipetes longirostris,0,0,0,0,0,0,0,0,0,0,0,0,0,0,0,0
10730,Hypsipetes harterti,0,0,0,0,0,0,0,0,0,0,0,0,0,0,0,0
10731,Dubusia taeniata,0,0,0,0,0,0,0,0,0,0,0,0,0,0,0,0
10732,Dubusia carrikeri,0,1,0,2,0,1,0,0,0,0,0,2,1,0,1,0
10733,Dubusia stictocephala,0,0,0,0,0,0,0,0,0,0,0,0,0,0,0,0
10734,Phylloscopus collybita,0,1,0,1,0,0,0,0,0,1,0,0,0,0,0,0
10735,Phylloscopus tristis,0,0,0,0,0,0,0,0,0,0,0,0,0,0,0,0
10736,Phylloscopus grammiceps,0,0,0,0,0,0,0,0,0,0,0,0,0,0,0,0
10737,Phylloscopus sumatrensis,0,0,0,0,0,0,0,0,0,0,0,0,0,0,0,0
10738,Phylloscopus trochiloides,0,0,0,0,0,0,0,0,0,0,0,0,0,0,0,0
10739,Anisognathus somptuosus,0,0,0,0,0,0,0,0,0,0,0,0,0,0,0,0
10740,Anisognathus flavinucha,0,0,0,0,0,0,0,0,0,0,0,0,0,0,0,0
10741,Phylloscopus plumbeitarsus,0,0,0,0,0,0,0,0,0,0,0,0,0,0,0,0
10742,Anisognathus igniventris,0,0,0,0,0,0,0,0,0,0,0,0,0,0,0,0
10743,Anisognathus lunulatus,0,0,0,0,0,0,0,0,0,0,0,0,0,0,0,0
10744,Phylloscopus examinandus,0,0,0,0,0,0,0,0,0,0,0,0,0,0,0,0
10745,Phylloscopus borealis,0,0,0,0,0,0,0,0,0,0,0,0,0,0,0,0
10746,Chlorochrysa calliparaea,0,0,0,0,0,0,0,0,0,0,0,0,0,0,0,0
10747,Chlorochrysa fulgentissima,0,0,0,0,0,0,0,0,0,0,0,0,0,0,0,0
10748,Phylloscopus calciatilis,0,0,0,0,0,0,0,0,0,0,0,0,0,0,0,0
10749,Tangara ruficervix,0,0,0,0,0,0,0,0,0,0,0,0,0,0,0,0
10750,Tangara fulvicervix,0,0,0,0,0,0,0,0,0,0,0,0,0,0,0,0
10751,Tangara argentea,0,0,0,0,0,0,0,0,0,0,0,0,0,0,0,0
10752,Tangara whitelyi,0,0,0,0,0,0,0,0,0,0,0,0,0,0,0,0
10753,Tangara cayana,0,0,0,0,0,0,0,0,0,0,0,0,0,0,0,0
10754,Tangara flava,0,0,0,0,0,0,0,0,0,0,0,0,0,0,0,0
10755,Tangara cucullata,0,0,0,0,0,0,0,0,0,0,0,0,0,0,0,0
10756,Tangara versicolor,0,0,0,0,0,0,0,0,0,0,0,0,0,0,0,0
10757,Tangara vassorii,0,0,0,0,0,0,0,0,0,0,0,0,0,0,0,0
10758,Tangara atrocoerulea,0,0,0,0,0,0,0,0,0,0,0,0,0,0,0,0
10759,Tangara parzudakii,0,0,0,0,0,0,0,0,0,0,0,0,0,0,0,0
10760,Tangara lunigera,0,0,0,0,0,0,0,0,0,0,0,0,0,0,0,0
10761,Tangara arthus,0,0,0,0,0,0,0,0,0,0,0,0,0,0,0,0
10762,Tangara aurulenta,0,0,0,0,0,0,0,0,0,0,0,0,0,0,0,0
10763,Tangara mexicana,0,0,0,0,0,0,0,0,0,0,0,0,0,0,0,0
10764,Tangara brasiliensis,0,0,0,0,0,0,0,0,0,0,0,0,0,0,0,0
10765,Phylloscopus poliocephalus,0,0,0,0,0,0,0,0,0,0,0,0,0,0,0,0
10766,Phylloscopus misoriensis,0,0,0,1,0,0,0,0,0,0,0,1,0,0,0,0
10767,Phylloscopus maforensis,0,0,0,1,0,0,0,0,0,0,0,1,0,0,0,0
10768,Heinrichia calligyna,0,0,0,0,0,0,0,0,0,0,0,0,0,0,0,0
10769,Heinrichia simplex,0,0,0,0,0,0,0,0,0,0,0,0,0,0,0,0
10770,Brachypteryx montana,0,0,0,0,0,0,0,0,0,0,0,0,0,0,0,0
10771,Brachypteryx cruralis,0,0,0,0,0,0,0,0,0,0,0,0,0,0,0,0
10772,Brachypteryx sinensis,0,0,0,0,0,0,0,0,0,0,0,0,0,0,0,0
10773,Brachypteryx goodfellowi,0,0,0,0,0,0,0,0,0,0,0,0,0,0,0,0
10774,Brachypteryx poliogyna,0,0,0,0,0,0,0,0,0,0,0,0,0,0,0,0
10775,Brachypteryx erythrogyna,0,0,0,0,0,0,0,0,0,0,0,0,0,0,0,0
10776,Brachypteryx saturata,0,0,0,0,0,0,0,0,0,0,0,0,0,0,0,0
10777,Brachypteryx floris,0,0,0,0,0,0,0,0,0,0,0,0,0,0,0,0
10778,Hylocitrea bonensis,0,0,0,0,0,0,0,0,0,0,0,0,0,0,0,0
10779,Hylocitrea bonthaina,0,0,0,2,0,0,0,0,0,0,0,2,2,2,0,0
10780,Euphonia musica,0,0,0,0,0,0,0,0,0,0,0,0,0,0,0,0
10781,Euphonia sclateri,0,0,0,0,0,0,0,0,0,0,0,0,0,0,0,0
10782,Euphonia flavifrons,0,0,0,0,0,0,0,0,0,0,0,0,0,0,0,0
10783,Illadopsis rufipennis,0,0,0,0,0,0,0,0,0,0,0,0,0,0,0,0
10784,Illadopsis distans,0,0,0,0,0,0,0,0,0,0,0,0,0,0,0,0
10785,Pellorneum capistratum,0,0,0,0,0,0,0,0,0,0,0,0,0,0,0,0
10786,Pellorneum nigrocapitatum,0,0,0,0,0,0,0,0,0,0,0,0,0,0,0,0
10787,Gypsophila calcicola,0,0,0,1,0,0,0,0,0,0,0,1,1,0,0,0
10788,Napothera danjoui,0,0,0,1,0,0,0,0,0,0,0,2,0,0,0,0
10789,Napothera naungmungensis,0,0,0,1,0,0,0,0,0,0,0,1,0,0,0,0
10790,Acridotheres burmannicus,0,0,0,0,0,0,0,0,0,0,0,0,0,0,0,0
10791,Graminicola bengalensis,0,0,0,2,2,2,0,0,0,2,2,0,0,0,0,0
10792,Graminicola striatus,0,0,0,2,2,2,0,0,0,0,2,0,0,0,0,0
10793,Acridotheres leucocephalus,0,0,0,0,0,0,0,0,0,0,0,0,0,0,0,0
10794,Aegithalos concinnus,0,0,0,0,0,0,0,0,0,0,0,0,0,0,0,0
10795,Aegithalos annamensis,0,0,0,0,0,0,0,0,0,0,0,0,0,0,0,0
10796,Aegithalos iredalei,0,0,0,0,0,0,0,0,0,0,0,0,0,0,0,0
10797,Phyllanthus atripennis,0,0,0,2,0,0,0,0,1,0,0,1,0,2,0,0
10798,Acridotheres grandis,0,0,0,0,0,0,0,0,0,0,0,0,0,0,0,0
10799,Phyllanthus rubiginosus,0,0,0,2,0,0,0,0,1,0,0,1,0,2,0,0
10800,Acridotheres javanicus,0,0,0,0,0,0,0,0,3,0,0,0,0,0,0,0
10801,Phyllanthus bohndorffi,0,0,0,0,0,0,0,0,0,0,0,0,0,0,0,0
10802,Onychognathus morio,0,0,0,0,0,0,0,0,0,0,0,0,0,0,0,0
10803,Argya striata,0,0,0,0,0,0,0,0,0,0,0,0,0,0,0,0
10804,Onychognathus neumanni,0,0,0,0,0,0,0,0,0,0,0,0,0,0,0,0
10805,Argya somervillei,0,0,0,0,0,0,0,0,0,0,0,0,0,0,0,0
10806,Aegithalos iouschistos,0,0,0,0,0,0,0,0,0,0,0,0,0,0,0,0
10807,Aegithalos caudatus,0,0,0,0,0,0,0,0,0,0,0,0,0,0,0,0
10808,Ianthocincla cineracea,0,0,0,0,0,0,0,0,0,0,0,0,0,0,0,0
10809,Lamprotornis mevesii,0,0,0,0,0,0,0,0,0,0,0,0,0,0,0,0
10810,Aegithalos glaucogularis,0,0,0,0,0,0,0,0,0,0,0,0,0,0,0,0
10811,Ianthocincla cinereiceps,0,0,0,0,0,0,0,0,0,0,0,0,0,0,0,0
10812,Lamprotornis benguelensis,0,0,0,0,0,0,0,0,0,0,0,0,0,0,0,0
10813,Lamprotornis violacior,0,0,0,0,0,0,0,0,0,0,0,0,0,0,0,0
10814,Pterorhinus mitratus,0,0,0,0,0,0,0,0,2,0,0,1,0,1,0,0
10815,Pterorhinus treacheri,0,0,0,0,0,0,0,0,0,0,0,0,0,0,0,0
10816,Sylvia abyssinica,0,0,0,0,0,0,0,0,0,0,0,0,0,0,0,0
10817,Sylvia atriceps,0,0,0,0,0,0,0,0,0,0,0,0,0,0,0,0
10818,Pterorhinus lanceolatus,0,0,0,0,0,0,0,0,0,0,0,0,0,0,0,0
10819,Pterorhinus woodi,0,0,0,0,0,0,0,0,0,0,0,0,0,0,0,0
10820,Curruca nana,0,0,0,0,0,0,0,0,0,0,0,0,0,0,0,0
10821,Curruca cantillans,0,0,0,0,0,0,0,0,0,0,0,0,0,0,0,0
10822,Montecincla cachinnans,0,0,0,2,2,0,0,0,0,0,0,0,1,1,0,0
10823,Montecincla jerdoni,0,0,0,2,2,0,0,0,0,0,0,0,1,1,0,0
10824,Montecincla fairbanki,0,0,0,0,2,0,0,0,0,0,1,2,1,0,0,0
10825,Montecincla meridionalis,0,0,0,0,2,0,0,0,0,0,1,2,1,0,0,0
10826,Rhabdornis inornatus,0,0,0,0,0,0,0,0,0,0,0,0,0,0,0,0
10827,Rhabdornis rabori,0,0,0,1,0,0,0,0,0,0,0,1,0,0,0,0
10828,Streptocitta albicollis,0,0,0,0,0,0,0,0,0,0,0,0,0,0,0,0
10829,Leiothrix argentauris,0,0,0,0,0,0,0,0,0,0,0,0,0,0,0,0
10830,Streptocitta torquata,0,0,0,0,0,0,0,0,0,0,0,0,0,0,0,0
10831,Leiothrix laurinae,0,0,0,0,0,0,0,0,3,0,0,1,0,0,0,0
10832,Mino dumontii,0,0,0,0,0,0,0,0,0,0,0,0,0,0,0,0
10833,Mino kreffti,0,0,0,0,0,0,0,0,0,0,0,0,0,0,0,0
10834,Liocichla phoenicea,0,0,0,0,0,0,0,0,0,0,0,0,0,0,0,0
10835,Gracula religiosa,0,0,0,0,0,0,0,0,0,0,0,0,0,0,0,0
10836,Liocichla ripponi,0,0,0,0,0,0,0,0,0,0,0,0,0,0,0,0
10837,Gracula indica,0,0,0,0,0,0,0,0,0,0,0,0,0,0,0,0
10838,Gracula venerata,0,0,0,0,0,0,0,0,3,0,0,1,0,0,0,0
10839,Gracula robusta,0,0,0,0,0,0,0,0,3,1,0,0,0,0,0,0
10840,Stizorhina fraseri,0,0,0,0,0,0,0,0,0,0,0,0,0,0,0,0
10841,Stizorhina finschi,0,0,0,0,0,0,0,0,0,0,0,0,0,0,0,0
10842,Zoothera mollissima,0,0,0,0,0,0,0,0,0,0,0,0,0,0,0,0
10843,Actinodura ramsayi,0,0,0,0,0,0,0,0,0,0,0,0,0,0,0,0
10844,Zoothera griseiceps,0,0,0,0,0,0,0,0,0,0,0,0,0,0,0,0
10845,Actinodura radcliffei,0,0,0,0,0,0,0,0,0,0,0,0,0,0,0,0
10846,Zoothera salimalii,0,0,0,0,0,0,0,0,0,0,0,0,0,0,0,0
10847,Rhopophilus pekinensis,0,0,0,0,0,0,0,0,0,0,0,0,0,0,0,0
10848,Rhopophilus albosuperciliaris,0,0,0,0,0,0,0,0,0,0,0,0,0,0,0,0
10849,Zoothera talaseae,0,0,0,0,0,0,0,0,0,1,0,0,0,0,0,0
10850,Sitta europaea,0,0,0,0,0,0,0,0,0,0,0,0,0,0,0,0
10851,Zoothera atrigena,0,0,0,0,0,0,0,0,0,0,0,1,0,0,0,0
10852,Sitta castanea,0,0,0,0,0,0,0,0,0,0,0,0,0,0,0,0
10853,Sitta cinnamoventris,0,0,0,0,0,0,0,0,0,0,0,0,0,0,0,0
10854,Sitta neglecta,0,0,0,0,0,0,0,0,0,0,0,0,0,0,0,0
10855,Cichlopsis leucogenys,0,0,0,1,0,0,0,0,0,0,0,0,2,0,0,0
10856,Paradoxornis ruficeps,0,0,0,0,0,0,0,0,0,0,0,0,0,0,0,0
10857,Cichlopsis peruviana,0,0,0,1,0,0,0,0,0,0,1,0,0,0,0,0
10858,Cichlopsis gularis,0,0,0,0,0,0,0,0,0,0,0,0,0,0,0,0
10859,Cichlopsis chubbi,0,0,0,1,0,0,0,0,0,0,1,1,1,0,0,0
10860,Sitta pusilla,0,0,0,0,0,0,0,0,0,0,0,0,0,0,0,0
10861,Catharus ustulatus,0,0,0,0,0,0,0,0,0,0,0,0,0,0,0,0
10862,Sitta insularis,0,3,0,0,0,0,0,0,0,0,0,2,2,0,0,0
10863,Sitta leucopsis,0,0,0,0,0,0,0,0,0,0,0,0,0,0,0,0
10864,Sitta przewalskii,0,0,0,0,0,0,0,0,0,0,0,0,0,0,0,0
10865,Catharus swainsoni,0,0,0,0,0,0,0,0,0,0,0,0,0,0,0,0
10866,Salpornis spilonota,0,0,0,0,0,0,0,0,0,0,0,0,0,0,0,0
10867,Salpornis salvadori,0,0,0,0,0,0,0,0,0,0,0,0,0,0,0,0
10868,Polioptila plumbea,0,0,0,0,0,0,0,0,0,0,0,0,0,0,0,0
10869,Polioptila maior,0,0,0,0,0,0,0,0,0,0,0,0,0,0,0,0
10870,Troglodytes troglodytes,0,0,0,0,0,0,0,0,0,0,0,0,0,0,0,0
10871,Troglodytes pacificus,0,0,0,0,0,0,0,0,0,0,0,0,0,0,0,0
10872,Troglodytes hiemalis,0,0,0,0,0,0,0,0,0,0,0,0,0,0,0,0
10873,Troglodytes aedon,0,0,0,0,0,0,0,0,0,0,0,0,0,0,0,0
10874,Troglodytes beani,0,0,0,0,0,0,0,0,0,0,0,0,0,0,0,0
10875,Suthora brunnea,0,0,0,0,0,0,0,0,0,0,0,0,0,0,0,0
10876,Cistothorus platensis,0,0,0,0,0,0,0,0,0,0,0,0,0,0,0,0
10877,Suthora ricketti,0,0,0,0,0,0,0,0,0,0,0,0,0,0,0,0
10878,Cistothorus stellaris,0,0,0,0,0,0,0,0,0,0,0,0,0,0,0,0
10879,Thryothorus ludovicianus,0,0,0,0,0,0,0,0,0,0,0,0,0,0,0,0
10880,Thryothorus albinucha,0,0,0,0,0,0,0,0,0,0,0,0,0,0,0,0
10881,Psophocichla litsitsirupa,0,0,0,0,0,0,0,0,0,0,0,0,0,0,0,0
10882,Campylorhynchus rufinucha,0,0,0,0,0,0,0,0,0,0,0,0,0,0,0,0
10883,Campylorhynchus humilis,0,0,0,0,0,0,0,0,0,0,0,0,0,0,0,0
10884,Psophocichla simensis,0,0,0,0,0,0,0,0,0,0,0,0,0,0,0,0
10885,Campylorhynchus capistratus,0,0,0,0,0,0,0,0,0,0,0,0,0,0,0,0
10886,Turdus merula,0,2,0,1,0,0,0,0,0,2,0,0,0,0,0,2
10887,Turdus mandarinus,0,0,0,0,0,0,0,0,0,0,0,0,0,0,0,0
10888,Pheugopedius euophrys,0,0,0,0,0,0,0,0,0,0,0,0,0,0,0,0
10889,Turdus hauxwelli,0,0,0,0,0,0,0,0,0,0,0,0,0,0,0,0
10890,Pheugopedius schulenbergi,0,0,0,0,0,0,0,0,0,0,0,0,0,0,0,0
10891,Turdus sanchezorum,0,0,0,0,0,0,0,0,0,0,0,0,0,0,0,0
10892,Zosterops borbonicus,0,0,0,0,0,0,0,0,0,0,0,0,0,0,0,0
10893,Zosterops mauritianus,0,0,0,0,0,0,0,0,0,0,0,0,0,0,0,0
10894,Turdus olivaceus,0,0,0,0,0,0,0,0,0,0,0,0,0,0,0,0
10895,Zosterops conspicillatus,0,2,0,0,0,0,0,0,0,2,0,0,0,0,0,0
10896,Zosterops abyssinicus,0,0,0,0,0,0,0,0,0,0,0,0,0,0,0,0
10897,Thryophilus sernai,0,0,0,1,2,0,0,0,0,0,0,2,1,1,0,0
10898,Zosterops flavilateralis,0,0,0,0,0,0,0,0,0,0,0,0,0,0,0,0
10899,Turdus migratorius,0,0,0,0,0,0,0,0,0,0,0,0,0,0,0,0
10900,Cantorchilus modestus,0,0,0,0,0,0,0,0,0,0,0,0,0,0,0,0
10901,Zosterops pallidus,0,0,0,0,0,0,0,0,0,0,0,0,0,0,0,0
10902,Cantorchilus zeledoni,0,0,0,0,0,0,0,0,0,0,0,0,0,0,0,0
10903,Zosterops virens,0,0,0,0,0,0,0,0,0,0,0,0,0,0,0,0
10904,Henicorhina leucophrys,0,0,0,0,0,0,0,0,0,0,0,0,0,0,0,0
10905,Turdus confinis,0,0,0,0,0,0,0,0,0,0,0,0,0,0,0,0
10906,Henicorhina anachoreta,0,0,0,1,0,1,0,0,0,0,1,1,0,1,0,0
10907,Zosterops maderaspatanus,0,0,0,0,0,0,0,0,0,0,0,0,0,0,0,0
10908,Cyphorhinus thoracicus,0,0,0,0,0,0,0,0,0,0,0,0,0,0,0,0
10909,Zosterops kirki,0,0,0,0,0,0,0,0,0,0,0,0,0,0,0,0
10910,Cyphorhinus dichrous,0,0,0,0,0,0,0,0,0,0,0,0,0,0,0,0
10911,Zosterops semiflavus,0,0,0,0,0,0,0,0,0,0,0,0,0,0,0,0
10912,Turdus chiguanco,0,0,0,0,0,0,0,0,0,0,0,0,0,0,0,0
10913,Turdus anthracinus,0,0,0,0,0,0,0,0,0,0,0,0,0,0,0,0
10914,Zosterops ficedulinus,0,0,0,1,0,0,0,0,0,0,0,1,0,0,0,0
10915,Turdus ignobilis,0,0,0,0,0,0,0,0,0,0,0,0,0,0,0,0
10916,Zosterops feae,0,0,0,1,0,0,0,0,0,0,0,1,1,0,0,0
10917,Gracupica jalla,0,0,0,0,0,0,0,0,3,0,0,0,0,0,0,0
10918,Turdus debilis,0,0,0,0,0,0,0,0,0,0,0,0,0,0,0,0
10919,Turdus arthuri,0,0,0,0,0,0,0,0,0,0,0,0,0,0,0,0
10920,Zosterops poliogastrus,0,0,0,0,0,0,0,0,0,0,0,0,0,0,0,0
10921,Zosterops kikuyuensis,0,0,0,0,0,0,0,0,0,0,0,0,0,0,0,0
10922,Zosterops eurycricotus,0,0,0,0,0,0,0,0,0,0,0,0,0,0,0,0
10923,Zosterops mbuluensis,0,0,0,0,0,0,0,0,0,0,0,0,0,0,0,0
10924,Zosterops kaffensis,0,0,0,0,0,0,0,0,0,0,0,0,0,0,0,0
10925,Turdus plumbeus,0,0,0,0,0,0,0,0,0,0,0,0,0,0,0,0
10926,Turdus rubripes,0,0,0,0,0,0,0,0,0,0,0,0,0,0,0,0
10927,Turdus ardosiaceus,0,0,0,0,0,0,0,0,0,0,0,0,0,0,0,0
10928,Zosterops chrysolaemus,0,0,0,0,0,0,0,0,0,0,0,0,0,0,0,0
10929,Zosterops minor,0,0,0,0,0,0,0,0,0,0,0,0,0,0,0,0
10930,Turdus simillimus,0,0,0,0,0,0,0,0,0,0,0,0,0,0,0,0
10931,Zosterops fuscicapilla,0,0,0,0,0,0,0,0,0,0,0,0,0,0,0,0
10932,Turdus poliocephalus,0,0,0,0,0,0,0,0,0,0,0,0,0,0,0,0
10933,Turdus niveiceps,0,0,0,0,0,0,0,0,0,0,0,0,0,0,0,0
10934,Turdus maximus,0,0,0,0,0,0,0,0,0,0,0,0,0,0,0,0
10935,Zosterops crookshanki,0,0,0,0,0,0,0,0,0,0,0,0,0,0,0,0
10936,Zosterops rendovae,0,0,0,0,0,0,0,0,0,0,0,0,0,0,0,0
10937,Turdus naumanni,0,0,0,0,0,0,0,0,0,0,0,0,0,0,0,0
10938,Zosterops hamlini,0,0,0,0,0,0,0,0,0,0,0,0,0,0,0,0
10939,Turdus ruficollis,0,0,0,0,0,0,0,0,0,0,0,0,0,0,0,0
10940,Zosterops cinereus,0,0,0,0,0,0,0,0,0,0,0,0,0,0,0,0
10941,Zosterops ponapensis,0,0,0,0,0,0,0,0,0,0,0,0,0,0,0,0
10942,Pomatorhinus ferruginosus,0,0,0,0,0,0,0,0,0,0,0,0,0,0,0,0
10943,Pomatorhinus phayrei,0,0,0,0,0,0,0,0,0,0,0,0,0,0,0,0
10944,Copsychus saularis,0,0,0,0,0,0,0,0,1,0,0,0,0,0,0,0
10945,Copsychus mindanensis,0,0,0,0,0,0,0,0,0,0,0,0,0,0,0,0
10946,Copsychus albospecularis,0,0,0,0,0,0,0,0,0,0,0,0,0,0,0,0
10947,Copsychus pica,0,0,0,0,0,0,0,0,0,0,0,0,0,0,0,0
10948,Copsychus luzoniensis,0,0,0,0,0,0,0,0,0,0,0,0,0,0,0,0
10949,Mixornis flavicollis,0,0,0,0,0,0,0,0,0,0,0,0,0,0,0,0
10950,Mixornis prillwitzi,0,0,0,2,0,0,0,0,0,0,0,0,0,0,0,0
10951,Copsychus superciliaris,0,0,0,0,0,0,0,0,0,0,0,0,0,0,0,0
10952,Copsychus albiventris,0,0,0,1,0,0,0,0,0,0,1,1,1,0,0,0
10953,Copsychus malabaricus,0,0,0,0,0,0,0,0,1,0,0,2,0,0,0,0
10954,Cyanoderma rufifrons,0,0,0,0,0,0,0,0,0,0,0,0,0,0,0,0
10955,Cyanoderma erythropterum,0,0,0,0,0,0,0,0,0,0,0,0,0,0,0,0
10956,Cyanoderma bicolor,0,0,0,0,0,0,0,0,0,0,0,0,0,0,0,0
10957,Acrocephalus caffer,0,0,0,0,0,0,0,0,0,2,0,0,1,0,0,1
10958,Ptyonoprogne fuligula,0,0,0,0,0,0,0,0,0,0,0,0,0,0,0,0
10959,Ptyonoprogne rufigula,0,0,0,0,0,0,0,0,0,0,0,0,0,0,0,0
10960,Hirundo tahitica,0,0,0,0,0,0,0,0,0,0,0,0,0,0,0,0
10961,Hirundo javanica,0,0,0,0,0,0,0,0,0,0,0,0,0,0,0,0
10962,Laniarius aethiopicus,0,0,0,0,0,0,0,0,0,0,0,0,0,0,0,0
10963,Sericornis nouhuysi,0,0,0,0,0,0,0,0,0,0,0,0,0,0,0,0
10964,Sericornis beccarii,0,0,0,0,0,0,0,0,0,0,0,0,0,0,0,0
10965,Zimmerius improbus,0,0,0,0,0,0,0,0,0,0,0,0,0,0,0,0
10966,Zimmerius petersi,0,0,0,0,0,0,0,0,0,0,0,0,0,0,0,0
10967,Acrocephalus percernis,0,0,0,0,0,0,0,0,0,0,0,0,0,0,0,0
10968,Acrocephalus mendanae,0,0,0,0,0,0,0,0,0,0,0,0,0,0,0,0
10969,Pachyptila salvini,0,0,0,0,0,0,0,0,0,2,0,0,0,0,0,0
10970,Pachyptila macgillivrayi,0,0,0,0,0,0,0,0,0,3,0,0,0,0,0,0
10971,Acrocephalus arundinaceus,0,0,0,0,0,0,0,0,0,0,0,0,0,0,0,0
10972,Pheugopedius sclateri,0,0,0,0,0,0,0,0,0,0,0,0,0,0,0,0
10973,Tarsiger cyanurus,0,0,0,0,0,0,0,0,0,0,0,0,0,0,0,0
10974,Pheugopedius paucimaculatus,0,0,0,0,0,0,0,0,0,0,0,0,0,0,0,0
10975,Pheugopedius columbianus,0,0,0,0,0,0,0,0,0,0,0,0,0,0,0,0
10976,Horornis flavolivaceus,0,0,0,0,0,0,0,0,0,0,0,0,0,0,0,0
10977,Myiothlypis luteoviridis,0,0,0,0,0,0,0,0,0,0,0,0,0,0,0,0
10978,Myiothlypis striaticeps,0,0,0,0,0,0,0,0,0,0,0,0,0,0,0,0
10979,Myiothlypis euophrys,0,0,0,0,0,0,0,0,0,0,0,0,0,0,0,0
10980,Sporophila nigricollis,0,0,0,0,0,0,0,0,0,0,0,0,0,0,0,0
10981,Amaurospiza moesta,0,0,0,2,0,0,0,0,0,0,2,1,2,2,0,0
10982,Lonchura hunsteini,0,0,0,0,0,0,0,0,0,0,0,0,0,0,0,0
10983,Spermestes bicolor,0,0,0,0,0,0,0,0,0,0,0,0,0,0,0,0
10984,Prunella ocularis,0,0,0,0,0,0,0,0,0,0,0,0,0,0,0,0
10985,Dicaeum agile,0,0,0,0,0,0,0,0,0,0,0,0,0,0,0,0
10986,Lamprotornis chloropterus,0,0,0,0,0,0,0,0,0,0,0,0,0,0,0,0
10987,Polioptila guianensis,0,0,0,0,0,0,0,0,0,0,0,0,0,0,0,0
10988,Erythrura cyaneovirens,0,0,0,0,0,0,1,0,0,0,0,0,1,0,0,0
10989,Amazilia cyanifrons,0,0,0,0,0,0,0,0,0,0,0,0,0,0,0,0
10990,Amazilia alfaroana,0,0,0,0,0,0,0,0,0,0,0,0,0,0,0,0
10991,Poicephalus robustus,0,1,0,0,0,0,0,0,1,0,0,1,0,0,0,0
10992,Phyllastrephus icterinus,0,0,0,0,0,0,0,0,0,0,0,0,0,0,0,0
10993,Myiodynastes hemichrysus,0,0,0,0,0,0,0,0,0,0,0,0,0,0,0,0
10994,Myiodynastes chrysocephalus,0,0,0,0,0,0,0,0,0,0,0,0,0,0,0,0
10995,Hydrobates castro,0,0,0,0,0,0,0,0,1,1,0,0,0,0,1,0
10996,Hydrobates jabejabe,0,0,0,0,0,0,0,0,0,2,0,0,1,0,0,1
10997,Hydrobates leucorhous,0,0,0,0,0,0,0,0,0,2,0,0,0,0,0,1
10998,Hydrobates cheimomnestes,0,0,0,0,0,0,0,0,0,1,0,0,0,0,0,0
10999,Hydrobates socorroensis,0,0,0,0,0,0,0,0,0,1,0,0,0,0,0,0
11000,Puffinus newelli,0,1,0,0,0,0,0,0,0,3,0,0,1,0,2,0
11001,Puffinus myrtae,0,0,0,0,0,0,0,0,0,2,1,0,0,0,0,0
11002,Nesophlox lyrura,0,0,0,0,0,0,0,0,0,0,0,0,0,0,0,0
11003,Nesophlox evelynae,0,0,0,0,0,0,0,0,0,0,0,0,0,0,0,0
11004,Nothura maculosa,0,0,0,1,0,0,0,0,1,0,0,0,0,0,0,0
11005,Turacoena sulaensis,0,0,0,1,0,1,0,0,0,0,0,1,0,0,0,0
11006,Turacoena manadensis,0,0,0,1,0,1,0,0,0,0,0,1,0,0,0,0
11007,Macropygia magna,0,0,0,0,0,0,0,0,0,0,0,0,0,0,0,0
11008,Macropygia macassariensis,0,0,0,0,0,0,0,0,0,0,0,0,0,0,0,0
11009,Macropygia timorlaoensis,0,0,0,0,0,0,0,0,0,0,0,0,0,0,0,0
11010,Chaetura andrei,0,0,0,2,0,0,0,0,0,0,2,2,0,0,0,0
11011,Chaetura vauxi,0,0,0,0,0,0,0,0,0,0,0,0,0,0,0,0
11012,Phaethornis major,0,0,0,0,0,0,0,0,0,0,0,0,0,0,0,0
11013,Phaethornis bourcieri,0,0,0,0,0,0,0,0,0,0,0,0,0,0,0,0
11014,Anthocephala floriceps,0,0,0,0,0,0,0,0,0,0,0,2,0,0,0,0
11015,Anthocephala berlepschi,0,0,0,2,0,0,0,0,0,0,2,2,1,0,0,0
11016,Aramides albiventris,0,0,0,0,0,0,0,0,0,0,1,0,0,0,0,0
11017,Aramides cajaneus,0,0,0,0,0,0,0,0,0,0,1,0,0,0,0,0
11018,Otus cyprius,0,0,0,2,0,0,0,0,0,0,0,0,0,0,0,0
11019,Otus scops,0,0,0,2,0,0,0,0,0,1,0,1,1,0,1,0
11020,Celeus undatus,0,0,0,1,0,0,0,0,0,0,1,0,0,0,0,0
11021,Pyrrhura melanura,0,0,0,1,0,0,0,0,1,0,0,0,0,0,0,0
11022,Pyrrhura chapmani,0,0,0,0,0,0,0,0,1,0,0,2,0,0,0,0
11023,Eclectus roratus,0,0,0,0,0,0,0,0,1,0,0,0,0,0,0,0
11024,Eclectus cornelia,0,0,0,1,0,0,0,0,2,0,0,2,0,0,0,0
11025,Eclectus riedeli,0,0,0,1,0,0,0,0,1,0,0,0,0,0,0,0
11026,Eclectus polychloros,0,0,0,1,0,0,0,0,1,0,0,0,0,0,0,0
11027,Malurus lamberti,0,0,0,0,0,0,0,0,0,0,0,0,0,0,0,0
11028,Malurus assimilis,0,0,0,0,0,0,0,0,0,0,0,0,0,0,0,0
11029,Microptilotis gracilis,0,0,0,0,0,0,0,0,0,0,0,0,0,0,0,0
11030,Microptilotis imitatrix,0,0,0,0,0,0,0,0,0,0,0,0,0,0,0,0
11031,Vireo olivaceus,0,0,0,0,0,0,0,0,0,0,0,0,0,0,0,0
11032,Poecile montanus,0,0,0,0,0,0,0,0,0,1,0,1,0,0,0,0
11033,Zosterops palpebrosus,0,0,0,0,0,0,0,0,1,0,0,0,0,0,0,0
11034,Zosterops auriventer,0,0,0,0,0,0,0,0,1,0,0,1,0,0,0,0
11035,Zosterops melanurus,0,0,0,1,0,0,0,0,2,0,0,0,0,0,0,0
11036,Zosterops japonicus,0,0,0,0,0,0,0,0,1,0,0,0,0,0,0,0
11037,Zosterops simplex,0,0,0,0,0,0,0,0,1,0,0,0,0,0,0,0
11038,Zosterops citrinella,0,0,0,0,0,0,0,0,1,0,0,1,0,0,0,0
11039,Zosterops everetti,0,0,0,0,0,0,0,0,1,0,0,1,0,0,0,0
11040,Catharus dryas,0,0,0,1,0,0,0,0,0,0,0,0,0,0,0,0
11041,Catharus maculatus,0,0,0,0,0,0,0,0,0,0,0,0,0,0,0,0
11042,Arremon flavirostris,0,0,0,0,0,0,0,0,0,0,0,0,0,0,0,0
11043,Arremon dorbignii,0,0,0,0,0,0,0,0,0,0,0,0,0,0,0,0
11044,Pelecanoides georgicus,0,0,0,0,0,0,0,0,1,2,0,0,0,0,0,0
11045,Pelecanoides whenuahouensis,0,2,0,0,0,0,0,0,0,2,0,0,0,0,0,0
11046,Machaeropterus eckelberryi,0,0,0,0,0,0,0,0,0,0,0,0,0,0,0,0
11047,Pycnonotus simplex,0,0,0,0,0,0,0,0,0,0,0,2,0,0,0,0
11048,Pycnonotus pseudosimplex,0,0,0,0,0,0,0,0,0,0,0,2,0,0,0,0
11049,Phylloscopus presbytes,0,0,0,0,0,0,0,0,0,0,0,0,0,0,0,0
11050,Phylloscopus rotiensis,0,0,0,2,0,0,0,0,0,0,0,2,2,0,0,0
11051,Ortalis guttata,0,0,0,0,0,0,0,0,0,0,0,0,0,0,0,0
11052,Ortalis squamata,0,0,0,0,0,0,0,0,1,0,0,1,0,0,0,0
11053,Remiz pendulinus,0,0,0,0,0,0,0,0,0,0,0,0,0,0,0,0
11054,Megascops gilesi,0,0,0,0,0,0,0,0,0,0,1,0,0,1,0,0
11055,Scytalopus alvarezlopezi,0,1,0,0,0,0,0,0,0,0,0,1,0,0,0,0
11056,Myrmoderus eowilsoni,0,0,0,0,0,0,0,0,0,0,0,1,0,1,0,0
11057,Cypsiurus parvus,0,0,0,0,0,0,0,0,0,0,0,0,0,0,0,0
11058,Cypsiurus gracilis,0,0,0,0,0,0,0,0,0,0,0,0,0,0,0,0
11059,Zoothera aurea,0,0,0,0,0,0,0,0,0,0,0,2,0,0,0,0
11060,Zoothera dauma,0,0,0,0,0,0,0,0,0,0,0,1,0,0,0,0
11061,Megascops cooperi,0,0,0,0,0,0,0,0,0,0,0,1,0,0,0,0
11062,Megascops asio,0,0,0,0,0,0,0,0,0,0,0,0,0,0,0,0
11063,Schoutedenapus myoptilus,0,0,0,0,0,0,0,0,0,0,0,0,0,0,0,0
11064,Dicaeum dayakorum,0,0,0,2,0,0,0,0,0,0,0,2,0,1,0,0
11065,Cercococcyx lemaireae,0,0,0,0,0,0,0,0,0,0,0,2,0,0,0,0
11066,Cercococcyx mechowi,0,0,0,0,0,0,0,0,0,0,0,0,0,0,0,0
11067,Buccanodon dowsetti,0,0,0,0,0,0,0,0,0,0,0,0,0,0,0,0
11068,Buccanodon duchaillui,0,0,0,0,0,0,0,0,0,0,0,0,0,0,0,0
11069,Ardea herodias,0,0,0,0,0,0,0,0,0,0,0,0,0,0,0,0
11070,Ardea occidentalis,0,2,0,2,2,0,2,0,0,2,0,0,2,0,0,0
11071,Lophorina latipennis,0,0,0,0,0,0,0,0,0,0,0,1,0,0,0,0
11072,Lophorina minor,0,0,0,0,0,0,0,0,0,0,0,1,0,0,0,0
11073,Lophorina superba,0,0,0,0,0,0,0,0,0,0,0,1,0,0,0,0
11074,Milvus migrans,0,0,0,1,0,0,0,0,2,0,1,1,1,0,1,0
11075,Tanygnathus sumatranus,0,0,0,2,0,0,0,0,1,0,0,0,0,0,0,0
11076,Tanygnathus everetti,0,0,0,0,0,0,0,0,2,0,0,0,1,0,0,0
11077,Aplonis metallica,0,0,0,0,0,0,0,0,1,0,0,0,0,1,0,0
11078,Aplonis circumscripta,0,0,0,1,0,0,0,0,0,0,0,1,0,0,0,0
11079,Coracina javensis,0,0,0,0,0,0,0,0,0,0,0,0,0,0,0,0
11080,Coracina macei,0,0,0,0,0,0,0,0,0,0,0,0,0,0,0,0
11081,Rheinardia nigrescens,0,0,0,0,0,0,0,0,1,0,0,1,0,0,0,0
11082,Rheinardia ocellata,0,0,0,1,0,0,0,0,3,0,0,1,1,0,0,0
11083,Ducula nicobarica,0,0,0,0,0,0,0,0,2,0,0,0,0,0,0,0
11084,Ducula aenea,0,0,0,1,0,0,0,0,1,0,0,0,0,0,0,0
11085,Oreotrochilus cyanolaemus,0,2,0,2,0,2,0,0,0,1,2,0,1,2,0,1
11086,Campylopterus largipennis,0,0,0,2,0,0,0,0,0,0,2,0,2,0,0,0
11087,Campylopterus calcirupicola,0,0,0,2,0,2,0,0,0,0,2,2,2,0,0,0
11088,Campylopterus diamantinensis,0,2,0,0,0,2,0,0,0,0,0,0,2,0,0,0
11089,Glaucidium sylvaticum,0,0,0,1,0,0,1,0,0,0,0,0,1,1,0,0
11090,Glaucidium brodiei,0,0,0,1,0,0,0,0,1,0,0,1,0,0,0,0
11091,Cacatua sulphurea,0,0,0,1,0,0,0,0,3,1,1,2,0,0,0,0
11092,Cacatua citrinocristata,0,0,0,1,0,0,0,0,3,1,1,2,0,0,0,0
11093,Calendulauda africanoides,0,0,0,0,0,0,0,0,0,0,0,0,0,0,0,0
11094,Mirafra somalica,0,0,0,0,0,0,0,0,0,0,0,0,0,0,0,0
11095,Myzomela prawiradilagae,0,0,0,1,0,0,0,0,0,0,0,0,0,1,0,0
11096,Melanocharis citreola,0,0,0,0,0,0,0,0,0,0,0,0,0,0,0,0
11097,Cisticola bakerorum,0,0,0,2,1,0,0,0,0,0,1,0,0,0,0,0
11098,Cisticola anderseni,0,0,0,1,0,0,0,0,0,0,0,0,0,0,0,0
11099,Locustella portenta,0,0,0,1,0,2,0,0,0,0,0,0,0,0,0,0
11100,Cyornis kadayangensis,0,0,0,1,0,0,0,0,0,0,0,0,0,1,0,0
11101,Zosterops meratusensis,0,0,0,0,0,0,0,0,0,0,0,0,0,0,0,0
11102,Heliothraupis oneilli,0,0,0,0,0,0,0,0,0,0,0,1,0,0,0,0
11103,Gallinago paraguaiae,0,0,0,0,0,0,0,0,0,0,0,0,0,0,0,0
11104,Gallinago magellanica,0,0,0,0,0,1,0,0,1,0,0,0,0,0,0,0
11105,Gygis alba,0,0,0,0,0,0,0,0,0,0,0,0,0,0,0,0
11106,Gygis candida,0,0,0,0,0,0,0,0,0,0,0,0,0,0,0,0
11107,Eugenes fulgens,0,0,0,0,0,0,0,0,0,0,0,0,0,0,0,0
11108,Eugenes spectabilis,0,0,0,0,0,0,0,0,0,0,0,0,0,0,0,0
11109,Bubo milesi,0,0,0,0,0,0,0,0,0,0,0,0,1,0,0,0
11110,Bubo africanus,0,0,0,0,0,0,0,0,1,0,0,0,1,0,0,1
11111,Pitta vigorsii,0,0,0,1,0,0,0,0,0,0,0,1,0,0,0,0
11112,Pitta elegans,0,0,0,1,0,0,0,0,0,0,0,1,1,0,0,0
11113,Pitta concinna,0,0,0,1,0,0,0,0,0,0,0,1,0,0,0,0
11114,Alaudala cheleensis,0,0,0,0,0,0,0,0,0,0,0,0,0,0,0,0
11115,Alaudala heinei,0,0,0,0,0,0,0,0,0,0,0,0,0,0,0,0
11116,Alaudala rufescens,0,0,0,2,0,0,0,0,0,1,2,0,1,0,0,0
11117,Gracupica contra,0,0,0,0,0,0,0,0,0,0,0,0,0,0,0,0
11118,Gracupica floweri,0,0,0,0,0,0,0,0,0,0,0,0,0,0,0,0
11119,Locustella castanea,0,0,0,0,0,0,0,0,0,0,0,1,0,0,0,0
11120,Locustella musculus,0,0,0,0,0,0,0,0,0,0,0,1,0,0,0,0
11121,Locustella disturbans,0,0,0,0,0,0,0,0,0,0,0,1,0,0,0,0
11122,Cyornis banyumas,0,0,0,0,0,0,0,0,3,0,0,0,0,0,0,0
11123,Cyornis whitei,0,0,0,1,0,0,0,0,0,0,0,0,0,1,0,0
11124,Cyornis montanus,0,0,0,1,0,0,0,0,0,0,0,0,0,1,0,0
11125,Zosterops chloris,0,0,0,0,0,0,0,0,1,0,0,1,0,0,0,0
11126,Zosterops flavissimus,0,0,0,0,0,0,0,0,0,0,0,0,0,0,0,0
11127,Dicaeum sanguinolentum,0,0,0,0,0,0,0,0,0,0,0,0,0,0,0,0
11128,Dicaeum rhodopygiale,0,0,0,0,0,0,0,0,0,0,0,0,0,0,0,0
11129,Phylloscopus nesophilus,0,0,0,0,0,0,0,0,0,0,0,1,0,0,0,0
11130,Phylloscopus sarasinorum,0,0,0,1,0,1,0,0,0,0,0,1,0,0,0,0
11131,Rhynchospiza strigiceps,0,0,0,0,0,0,0,0,0,0,0,0,0,0,0,0
11132,Rhynchospiza dabbenei,0,0,0,0,0,0,0,0,0,0,0,0,0,0,0,0
11133,Carpodacus sibiricus,0,0,0,0,0,0,0,0,0,0,0,0,0,0,0,0
11134,Carpodacus lepidus,0,0,0,0,0,0,0,0,0,0,0,0,0,0,0,0
11135,Melopyrrha grandis,0,2,0,2,0,0,0,0,0,2,0,0,0,0,0,0
11136,Tunchiornis ochraceiceps,0,0,0,1,0,0,0,0,0,0,1,0,0,0,0,0
11137,Tunchiornis rubrifrons,0,0,0,2,0,0,0,0,0,0,2,0,0,0,0,0
11138,Melopyrrha portoricensis,0,2,0,0,0,0,0,0,0,0,0,1,0,0,0,0
11139,Macropygia tenuirostris,0,0,0,0,0,0,0,0,0,0,0,0,0,0,0,0
11140,Threnetes leucurus,0,0,0,0,0,0,0,0,0,0,0,0,0,0,0,0
11141,Threnetes niger,0,0,0,0,0,0,0,0,0,0,0,0,0,0,0,0
11142,Chalybura urochrysia,0,0,0,0,0,0,0,0,0,0,0,0,0,0,0,0
11143,Chalybura buffonii,0,0,0,0,0,0,0,0,0,0,0,0,0,0,0,0
11144,Otus manadensis,0,0,0,0,0,0,0,0,0,0,0,0,0,0,0,0
11145,Otus magicus,0,0,0,0,0,0,0,0,0,0,0,0,0,0,0,0
11146,Accipiter cirrocephalus,0,0,0,0,0,0,0,0,0,0,0,0,0,0,0,0
11147,Accipiter fasciatus,0,0,0,0,0,0,0,0,0,0,0,0,0,0,0,0
11148,Passerella schistacea,0,0,0,0,0,0,0,0,0,0,0,0,0,0,0,0
11149,Passerella megarhyncha,0,0,0,0,0,0,0,0,0,0,0,0,0,0,0,0
11150,Acrocephalus australis,0,0,0,0,0,0,0,0,0,0,0,0,0,0,0,0
11151,Acrocephalus stentoreus,0,0,0,0,0,0,0,0,0,0,0,0,0,0,0,0
11152,Bradypterus baboecala,0,0,0,0,0,0,0,0,0,0,0,0,0,0,0,0
11153,Bradypterus centralis,0,0,0,0,0,0,0,0,0,0,0,0,0,0,0,0
11154,Ploceus holoxanthus,0,0,0,0,1,0,0,0,0,0,0,0,0,0,0,0
11155,Dicrurus sharpei,0,0,0,1,0,0,0,0,0,0,0,0,1,1,0,0
11156,Dicrurus ludwigii,0,0,0,0,0,0,0,0,0,0,0,0,0,0,0,0
11157,Pomatorhinus montanus,0,0,0,0,0,0,0,0,2,0,0,0,0,0,0,0
11158,Pomatorhinus bornensis,0,0,0,1,0,0,0,0,0,0,0,1,0,1,0,0
11159,Tyto novaehollandiae,0,1,0,1,0,1,0,0,0,1,1,1,1,0,1,0
11160,Zosterops paruhbesar,0,0,0,2,0,0,0,0,2,0,0,2,2,0,0,0
11161,Otus bikegila,0,0,0,0,0,0,0,0,0,2,0,1,1,0,0,0
11162,Fregetta lineata,0,0,0,0,0,0,0,0,0,0,0,0,0,0,0,0
11163,Charadrius atrifrons,0,0,0,0,0,0,0,0,0,0,0,0,0,0,0,0
11164,Charadrius mongolus,2,0,0,0,0,0,0,0,2,2,0,0,2,0,0,0
11165,Cyornis pelingensis,0,0,0,1,0,0,0,0,0,0,0,0,1,0,0,0
11166,Cyornis colonus,0,0,0,1,0,0,0,0,0,0,0,0,1,1,0,0
11167,Aegotheles affinis,0,0,0,1,0,0,0,0,0,0,0,1,0,0,0,0
11168,Aegotheles bennettii,0,0,0,0,0,0,0,0,0,0,0,1,0,0,0,0
11169,Ninox boobook,0,0,0,0,0,1,0,0,0,0,0,1,0,0,1,0
11170,Ninox fusca,0,0,0,1,0,2,0,0,1,0,1,1,1,0,0,0
11171,Ninox plesseni,0,0,0,0,0,0,0,0,0,0,0,0,0,0,0,0
11172,Dicrurus hottentottus,0,0,0,1,0,0,0,0,1,0,0,1,1,1,0,0
11173,Dicrurus palawanensis,0,0,0,1,0,0,0,0,0,0,0,1,1,1,0,0
11174,Gypsophila crispifrons,0,0,0,0,0,0,0,0,0,0,0,0,0,0,0,0
11175,Gypsophila annamensis,0,0,0,0,0,0,0,0,0,0,0,0,0,0,0,0
11176,Oriolus xanthonotus,0,0,0,0,0,0,0,0,0,0,0,1,0,1,0,0
11177,Oriolus consobrinus,0,0,0,0,0,0,0,0,0,0,0,1,0,2,0,0
11178,Megascops ingens,0,0,0,0,0,0,0,0,0,0,0,1,1,1,0,0
11179,Macropygia emiliana,0,0,0,0,0,0,0,0,0,0,0,0,0,0,0,0
11180,Macropygia cinnamomea,0,0,0,0,0,0,0,0,1,0,0,0,0,0,0,0
11181,Myrmothera campanisona,0,0,0,1,0,0,0,0,0,0,1,1,0,0,0,0
11182,Myrmothera subcanescens,0,0,0,2,0,0,0,0,0,0,2,2,0,0,0,0
11183,Zosterops kulambangrae,0,0,0,0,0,0,0,0,0,0,0,0,0,0,0,0
11184,Zosterops tetiparius,0,0,0,0,0,0,0,0,0,0,0,0,0,0,0,0
11185,Anthus furcatus,0,0,0,0,0,0,0,0,0,0,0,0,0,0,0,0
11186,Anthus brevirostris,0,0,0,0,0,0,0,0,0,0,0,0,0,0,0,0
11187,Zosterops atriceps,0,0,0,1,0,0,0,0,0,0,0,1,1,0,0,0
11188,Zosterops dehaani,0,0,0,1,0,0,0,0,0,0,0,1,0,0,0,0
11189,Picumnus limae,0,0,0,0,0,0,0,0,0,0,0,0,0,0,0,0
11190,Basileuterus tristriatus,0,0,0,1,0,0,0,0,0,0,1,1,0,0,0,0
11191,Basileuterus melanotis,0,0,0,1,0,0,0,0,0,0,0,1,0,0,0,0
11192,Basileuterus tacarcunae,0,0,0,0,0,0,0,0,0,0,0,0,0,0,0,0
11193,Basileuterus punctipectus,0,0,0,1,0,0,0,0,0,0,0,1,1,1,0,0
11194,Automolus ochrolaemus,0,0,0,1,0,0,0,0,0,0,0,0,0,1,0,0
11195,Automolus exsertus,0,0,0,0,0,0,0,0,0,0,0,0,0,0,0,0
11196,Hylexetastes uniformis,0,0,0,2,0,0,0,0,0,0,2,0,0,0,0,0
11197,Automolus cervinigularis,0,0,0,2,0,0,0,0,0,0,0,0,0,2,0,0
